1755158255773,0.666622,0.528445,1.281416,1.538072,0.000000,0.584572,0.491455
1755158255786,0.607508,0.749022,1.046887,1.423402,0.000000,0.805150,0.570312
1755158255796,0.591854,0.787560,0.982067,1.391041,0.000000,0.843687,0.545898
1755158255816,0.587201,0.799450,0.958315,1.379236,0.000000,0.855577,0.577881
1755158255843,0.582434,0.806362,0.945964,1.372697,0.000000,0.862490,0.579712
1755158255868,0.582947,0.809577,0.936625,1.368396,0.000000,0.865704,0.652344
1755158255889,0.578207,0.814868,0.927716,1.363448,0.000000,0.870996,0.681152
1755158255915,0.574008,0.820723,0.915994,1.357246,0.000000,0.876851,0.692383
1755158255940,0.571020,0.825466,0.905458,1.351781,0.000000,0.881594,0.701904
1755158255968,0.566728,0.830020,0.896800,1.346983,0.000000,0.886147,0.722412
1755158255992,0.568040,0.831466,0.890257,1.344084,0.000000,0.887593,0.721680
1755158256015,0.567253,0.833862,0.883314,1.340651,0.000000,0.889989,0.718750
1755158256040,0.564795,0.836649,0.877228,1.337350,0.000000,0.892777,0.700439
1755158256065,0.565194,0.837379,0.874069,1.335906,0.000000,0.893507,0.693115
1755158256090,0.561832,0.840356,0.868362,1.332631,0.000000,0.896484,0.719482
1755158256117,0.558954,0.842402,0.865168,1.330634,0.000000,0.898530,0.661133
1755158256142,0.557701,0.843257,0.863884,1.329815,0.000000,0.899385,0.650879
1755158256165,0.556482,0.843608,0.864413,1.329871,0.000000,0.899735,0.645996
1755158256189,0.553538,0.845818,0.860556,1.327542,0.000000,0.901946,0.681152
1755158256216,0.551779,0.846915,0.859047,1.326532,0.000000,0.903043,0.696533
1755158256241,0.550333,0.847806,0.857828,1.325711,0.000000,0.903934,0.679443
1755158256268,0.548237,0.848616,0.857888,1.325400,0.000000,0.904743,0.694092
1755158256293,0.547893,0.849086,0.856598,1.324724,0.000000,0.905213,0.694336
1755158256316,0.547816,0.849546,0.854926,1.323907,0.000000,0.905674,0.702148
1755158256339,0.543943,0.851514,0.853122,1.322409,0.000000,0.907641,0.719482
1755158256366,0.545117,0.851232,0.852438,1.322271,0.000000,0.907360,0.725830
1755158256392,0.547126,0.850429,0.852523,1.322638,0.000000,0.906557,0.732666
1755158256418,0.547986,0.850481,0.850990,1.322040,0.000000,0.906608,0.717041
1755158256443,0.547663,0.851013,0.849372,1.321208,0.000000,0.907141,0.706055
1755158256466,0.547819,0.851403,0.847563,1.320362,0.000000,0.907531,0.691406
1755158256492,0.548988,0.850506,0.849326,1.321402,0.000000,0.906634,0.649658
1755158256517,0.548901,0.850553,0.849277,1.321364,0.000000,0.906680,0.686035
1755158256542,0.549903,0.850064,0.849657,1.321710,0.000000,0.906191,0.669922
1755158256568,0.552933,0.849098,0.848729,1.321757,0.000000,0.905225,0.668213
1755158256595,0.553443,0.849362,0.846852,1.320936,0.000000,0.905490,0.672852
1755158256618,0.553359,0.849407,0.846804,1.320900,0.000000,0.905535,0.657715
1755158256645,0.554491,0.848801,0.847431,1.321386,0.000000,0.904928,0.673096
1755158256668,0.554732,0.848616,0.847786,1.321597,0.000000,0.904744,0.667969
1755158256692,0.553362,0.849253,0.847421,1.321197,0.000000,0.905381,0.666260
1755158256722,0.553371,0.849142,0.847852,1.321406,0.000000,0.905270,0.668213
1755158256747,0.552899,0.849525,0.847064,1.320950,0.000000,0.905653,0.660645
1755158256771,0.553234,0.849886,0.845063,1.320040,0.000000,0.906014,0.662109
1755158256792,0.553144,0.850104,0.844320,1.319667,0.000000,0.906232,0.644531
1755158256817,0.554886,0.849437,0.844213,1.319900,0.000000,0.905564,0.667969
1755158256845,0.552353,0.850617,0.843507,1.319146,0.000000,0.906744,0.665527
1755158256871,0.553805,0.849936,0.843933,1.319589,0.000000,0.906064,0.653809
1755158256896,0.553877,0.849804,0.844356,1.319804,0.000000,0.905931,0.644287
1755158256918,0.552648,0.850487,0.843559,1.319219,0.000000,0.906615,0.641602
1755158256941,0.553921,0.849601,0.845112,1.320176,0.000000,0.905729,0.643311
1755158256968,0.555325,0.849061,0.845027,1.320364,0.000000,0.905189,0.630615
1755158256993,0.554989,0.849340,0.844441,1.320027,0.000000,0.905467,0.648682
1755158257022,0.554097,0.849974,0.843301,1.319332,0.000000,0.906102,0.655518
1755158257046,0.554073,0.849502,0.845268,1.320276,0.000000,0.905629,0.656006
1755158257069,0.553631,0.849816,0.844707,1.319934,0.000000,0.905943,0.648193
1755158257092,0.553960,0.849746,0.844456,1.319866,0.000000,0.905874,0.660156
1755158257118,0.554327,0.849512,0.844816,1.320100,0.000000,0.905639,0.637207
1755158257144,0.553603,0.849766,0.844955,1.320048,0.000000,0.905894,0.645752
1755158257174,0.553664,0.849623,0.845439,1.320292,0.000000,0.905750,0.638672
1755158257198,0.554270,0.849363,0.845513,1.320426,0.000000,0.905491,0.663330
1755158257217,0.551834,0.850724,0.843906,1.319254,0.000000,0.906852,0.653809
1755158257245,0.553187,0.849930,0.844962,1.319984,0.000000,0.906057,0.644287
1755158257270,0.553160,0.849854,0.845312,1.320148,0.000000,0.905982,0.643555
1755158257297,0.553865,0.849568,0.845337,1.320275,0.000000,0.905696,0.649658
1755158257325,0.553610,0.849809,0.844768,1.319959,0.000000,0.905937,0.657715
1755158257371,0.552213,0.850667,0.843527,1.319133,0.000000,0.906795,0.654053
1755158257395,0.554509,0.849275,0.845485,1.320452,0.000000,0.905402,0.670410
1755158257419,0.552596,0.850296,0.844424,1.319628,0.000000,0.906424,0.667236
1755158257446,0.553845,0.849892,0.844048,1.319651,0.000000,0.906020,0.663086
1755158257474,0.554323,0.849348,0.845490,1.320424,0.000000,0.905475,0.659180
1755158257499,0.552701,0.849998,0.845470,1.320150,0.000000,0.906125,0.664795
1755158257530,0.553468,0.849883,0.844695,1.319901,0.000000,0.906011,0.649414
1755158257569,0.553733,0.849557,0.845597,1.320379,0.000000,0.905684,0.658691
1755158257596,0.553797,0.849804,0.844484,1.319853,0.000000,0.905932,0.650391
1755158257627,0.553132,0.849928,0.845059,1.320022,0.000000,0.906055,0.654785
1755158257649,0.552752,0.850096,0.844988,1.319926,0.000000,0.906223,0.664795
1755158257671,0.552454,0.849942,0.846094,1.320410,0.000000,0.906070,0.640381
1755158257697,0.554173,0.849238,0.846178,1.320731,0.000000,0.905365,0.674072
1755158257722,0.553713,0.849535,0.845715,1.320432,0.000000,0.905663,0.658447
1755158257747,0.553210,0.849695,0.845881,1.320430,0.000000,0.905822,0.663574
1755158257777,0.552072,0.850454,0.844627,1.319640,0.000000,0.906582,0.658936
1755158257797,0.552663,0.850166,0.844844,1.319842,0.000000,0.906294,0.661133
1755158257830,0.551934,0.850692,0.843877,1.319256,0.000000,0.906820,0.664307
1755158257845,0.552319,0.850303,0.844843,1.319785,0.000000,0.906431,0.666016
1755158257870,0.553438,0.849659,0.845657,1.320360,0.000000,0.905786,0.652100
1755158257898,0.553879,0.849165,0.846947,1.321053,0.000000,0.905292,0.663330
1755158257922,0.552679,0.850014,0.845442,1.320132,0.000000,0.906141,0.656982
1755158257949,0.552775,0.850081,0.845012,1.319941,0.000000,0.906209,0.660156
1755158257971,0.553349,0.849576,0.846138,1.320577,0.000000,0.905703,0.668701
1755158257995,0.553019,0.849813,0.845708,1.320316,0.000000,0.905941,0.661133
1755158258020,0.553606,0.849327,0.846730,1.320904,0.000000,0.905455,0.673096
1755158258046,0.552483,0.849877,0.846309,1.320518,0.000000,0.906005,0.651123
1755158258073,0.552685,0.849782,0.846370,1.320580,0.000000,0.905910,0.671875
1755158258098,0.552963,0.849983,0.845110,1.320019,0.000000,0.906110,0.656494
1755158258124,0.554659,0.849137,0.845801,1.320629,0.000000,0.905265,0.650879
1755158258146,0.552874,0.849990,0.845223,1.320059,0.000000,0.906118,0.652344
1755158258171,0.552526,0.849957,0.845919,1.320337,0.000000,0.906084,0.646240
1755158258196,0.552865,0.849763,0.846160,1.320509,0.000000,0.905890,0.653320
1755158258224,0.552985,0.850118,0.844520,1.319738,0.000000,0.906246,0.638672
1755158258248,0.553703,0.849417,0.846210,1.320670,0.000000,0.905545,0.663818
1755158258271,0.552375,0.850132,0.845449,1.320086,0.000000,0.906260,0.647217
1755158258295,0.553292,0.850014,0.844447,1.319753,0.000000,0.906142,0.656738
1755158258321,0.553534,0.849616,0.845675,1.320384,0.000000,0.905744,0.683105
1755158258346,0.553866,0.849320,0.846340,1.320759,0.000000,0.905448,0.651611
1755158258373,0.554043,0.849230,0.846421,1.320827,0.000000,0.905357,0.666992
1755158258399,0.552828,0.850259,0.844202,1.319559,0.000000,0.906386,0.677979
1755158258423,0.552456,0.849866,0.846398,1.320557,0.000000,0.905993,0.668945
1755158258445,0.553975,0.849065,0.847193,1.321188,0.000000,0.905193,0.670166
1755158258472,0.553402,0.849924,0.844635,1.319862,0.000000,0.906052,0.665771
1755158258497,0.552484,0.850322,0.844500,1.319646,0.000000,0.906450,0.676758
1755158258523,0.553092,0.849544,0.846679,1.320796,0.000000,0.905672,0.660889
1755158258551,0.552360,0.850264,0.844937,1.319837,0.000000,0.906391,0.658447
1755158258574,0.553726,0.849560,0.845596,1.320377,0.000000,0.905687,0.658936
1755158258598,0.553696,0.849504,0.845870,1.320504,0.000000,0.905631,0.676025
1755158258622,0.551666,0.850621,0.844602,1.319562,0.000000,0.906748,0.675537
1755158258651,0.552920,0.849683,0.846393,1.320630,0.000000,0.905811,0.666992
1755158258674,0.551399,0.850761,0.844461,1.319450,0.000000,0.906889,0.644775
1755158258698,0.552408,0.850269,0.844839,1.319798,0.000000,0.906397,0.643311
1755158258723,0.552896,0.850218,0.844255,1.319595,0.000000,0.906346,0.655273
1755158258748,0.552946,0.849860,0.845636,1.320269,0.000000,0.905987,0.663574
1755158258773,0.553798,0.849142,0.847169,1.321147,0.000000,0.905269,0.674316
1755158258797,0.554848,0.848749,0.847063,1.321267,0.000000,0.904877,0.650879
1755158258824,0.553996,0.849029,0.847306,1.321245,0.000000,0.905157,0.655029
1755158258849,0.553577,0.849310,0.846845,1.320955,0.000000,0.905438,0.664307
1755158258876,0.552973,0.849662,0.846393,1.320639,0.000000,0.905790,0.648682
1755158258896,0.553336,0.849596,0.846076,1.320545,0.000000,0.905724,0.654541
1755158258923,0.553815,0.849403,0.846086,1.320628,0.000000,0.905531,0.628418
1755158258949,0.554036,0.849245,0.846369,1.320800,0.000000,0.905373,0.664795
1755158258977,0.552653,0.850039,0.845382,1.320099,0.000000,0.906166,0.656982
1755158259003,0.553960,0.849477,0.845551,1.320394,0.000000,0.905605,0.652344
1755158259025,0.554542,0.849261,0.845486,1.320458,0.000000,0.905389,0.666504
1755158259047,0.554287,0.849168,0.846276,1.320796,0.000000,0.905296,0.662598
1755158259073,0.555959,0.848116,0.847821,1.321814,0.000000,0.904244,0.652344
1755158259099,0.554748,0.849045,0.846031,1.320754,0.000000,0.905172,0.645996
1755158259125,0.554345,0.849256,0.845828,1.320590,0.000000,0.905383,0.668457
1755158259150,0.553496,0.849820,0.844908,1.320008,0.000000,0.905948,0.657959
1755158259175,0.551714,0.850596,0.844626,1.319581,0.000000,0.906724,0.655762
1755158259200,0.553197,0.849678,0.845969,1.320471,0.000000,0.905806,0.637695
1755158259224,0.554589,0.849245,0.845476,1.320461,0.000000,0.905373,0.665771
1755158259249,0.552250,0.850392,0.844592,1.319652,0.000000,0.906520,0.652832
1755158259277,0.553345,0.849474,0.846557,1.320778,0.000000,0.905602,0.660645
1755158259302,0.554433,0.849121,0.846233,1.320799,0.000000,0.905248,0.657959
1755158259329,0.554327,0.849353,0.845462,1.320411,0.000000,0.905481,0.651855
1755158259351,0.553800,0.849753,0.844691,1.319953,0.000000,0.905880,0.644287
1755158259375,0.552859,0.850413,0.843520,1.319235,0.000000,0.906540,0.638672
1755158259399,0.553293,0.850087,0.844150,1.319610,0.000000,0.906214,0.655029
1755158259428,0.552867,0.849742,0.846240,1.320547,0.000000,0.905870,0.645264
1755158259450,0.553806,0.849672,0.845008,1.320107,0.000000,0.905800,0.649902
1755158259476,0.552609,0.849922,0.845925,1.320354,0.000000,0.906050,0.645996
1755158259501,0.551913,0.850782,0.843542,1.319091,0.000000,0.906910,0.659180
1755158259525,0.552134,0.850508,0.844306,1.319495,0.000000,0.906636,0.658691
1755158259549,0.552100,0.850248,0.845420,1.320027,0.000000,0.906376,0.651123
1755158259577,0.552906,0.849832,0.845813,1.320348,0.000000,0.905960,0.659912
1755158259601,0.552044,0.850399,0.844895,1.319765,0.000000,0.906527,0.655029
1755158259627,0.553061,0.850028,0.844766,1.319869,0.000000,0.906156,0.655762
1755158259652,0.552578,0.849951,0.845859,1.320317,0.000000,0.906078,0.665527
1755158259674,0.552757,0.850204,0.844540,1.319710,0.000000,0.906332,0.655029
1755158259700,0.552524,0.850103,0.845327,1.320051,0.000000,0.906231,0.651367
1755158259728,0.552262,0.850161,0.845516,1.320100,0.000000,0.906288,0.682373
1755158259752,0.550745,0.851346,0.843121,1.318697,0.000000,0.907473,0.649902
1755158259777,0.551629,0.850562,0.844903,1.319701,0.000000,0.906689,0.657959
1755158259799,0.551448,0.850850,0.844019,1.319245,0.000000,0.906977,0.663086
1755158259826,0.550896,0.850987,0.844347,1.319313,0.000000,0.907115,0.645752
1755158259851,0.551003,0.851018,0.844047,1.319186,0.000000,0.907146,0.644043
1755158259880,0.550824,0.851216,0.843525,1.318905,0.000000,0.907344,0.657959
1755158259903,0.551260,0.850923,0.844020,1.319215,0.000000,0.907051,0.655518
1755158259928,0.551972,0.850681,0.843861,1.319255,0.000000,0.906808,0.668945
1755158259950,0.550483,0.851235,0.844000,1.319079,0.000000,0.907362,0.657959
1755158259976,0.550501,0.851456,0.843062,1.318629,0.000000,0.907584,0.670410
1755158260002,0.550924,0.851112,0.843790,1.319049,0.000000,0.907240,0.663330
1755158260030,0.550697,0.851338,0.843231,1.318742,0.000000,0.907465,0.652832
1755158260055,0.551384,0.850970,0.843627,1.319046,0.000000,0.907098,0.674316
1755158260078,0.551765,0.850470,0.845057,1.319797,0.000000,0.906598,0.666260
1755158260101,0.550802,0.850811,0.845217,1.319717,0.000000,0.906939,0.668213
1755158260126,0.552256,0.850553,0.843925,1.319332,0.000000,0.906680,0.646484
1755158260153,0.551346,0.851052,0.843354,1.318908,0.000000,0.907179,0.666992
1755158260180,0.550755,0.851262,0.843450,1.318858,0.000000,0.907389,0.650146
1755158260204,0.551234,0.851343,0.842340,1.318400,0.000000,0.907470,0.658447
1755158260228,0.552043,0.850887,0.842899,1.318802,0.000000,0.907015,0.665039
1755158260251,0.551523,0.850852,0.843886,1.319193,0.000000,0.906980,0.652344
1755158260276,0.551330,0.850734,0.844683,1.319546,0.000000,0.906862,0.649170
1755158260301,0.551164,0.851018,0.843787,1.319087,0.000000,0.907146,0.651855
1755158260328,0.550837,0.851158,0.843744,1.319013,0.000000,0.907285,0.645020
1755158260355,0.551116,0.850543,0.845805,1.320052,0.000000,0.906670,0.660645
1755158260379,0.551754,0.850595,0.844564,1.319558,0.000000,0.906723,0.652344
1755158260402,0.552084,0.850612,0.843964,1.319323,0.000000,0.906739,0.667969
1755158260428,0.550723,0.851230,0.843632,1.318940,0.000000,0.907357,0.644043
1755158260453,0.550277,0.851396,0.843670,1.318886,0.000000,0.907524,0.671387
1755158260479,0.550034,0.851614,0.843167,1.318604,0.000000,0.907742,0.652832
1755158260503,0.550235,0.851316,0.844067,1.319071,0.000000,0.907443,0.645264
1755158260530,0.550852,0.851225,0.843444,1.318871,0.000000,0.907353,0.658691
1755158260552,0.552428,0.850169,0.845212,1.319981,0.000000,0.906297,0.662598
1755158260577,0.551397,0.850699,0.844717,1.319573,0.000000,0.906827,0.662109
1755158260603,0.551407,0.850803,0.844278,1.319363,0.000000,0.906930,0.664307
1755158260630,0.551708,0.850747,0.844016,1.319286,0.000000,0.906875,0.653076
1755158260655,0.550219,0.851578,0.843015,1.318560,0.000000,0.907706,0.657715
1755158260682,0.550731,0.851382,0.842994,1.318634,0.000000,0.907510,0.662354
1755158260705,0.551371,0.850849,0.844145,1.319293,0.000000,0.906977,0.660645
1755158260727,0.551289,0.850937,0.843917,1.319170,0.000000,0.907065,0.647949
1755158260753,0.551758,0.850818,0.843645,1.319116,0.000000,0.906946,0.655273
1755158260780,0.551198,0.851321,0.842489,1.318467,0.000000,0.907448,0.663574
1755158260806,0.551151,0.850929,0.844172,1.319270,0.000000,0.907057,0.652588
1755158260828,0.551715,0.850521,0.844931,1.319729,0.000000,0.906648,0.658203
1755158260853,0.550136,0.851692,0.842680,1.318385,0.000000,0.907820,0.663818
1755158260877,0.549506,0.852018,0.842359,1.318128,0.000000,0.908145,0.651855
1755158260904,0.551307,0.850926,0.843934,1.319181,0.000000,0.907054,0.659668
1755158260933,0.551046,0.851089,0.843690,1.319021,0.000000,0.907216,0.661377
1755158260957,0.549883,0.851909,0.842196,1.318110,0.000000,0.908037,0.665283
1755158260981,0.551376,0.850911,0.843886,1.319169,0.000000,0.907038,0.667236
1755158261004,0.551745,0.850957,0.843097,1.318849,0.000000,0.907084,0.668701
1755158261028,0.551965,0.850518,0.844539,1.319580,0.000000,0.906646,0.655518
1755158261054,0.551799,0.850625,0.844369,1.319471,0.000000,0.906753,0.658447
1755158261081,0.551548,0.850849,0.843860,1.319185,0.000000,0.906976,0.653320
1755158261108,0.551755,0.850342,0.845596,1.320056,0.000000,0.906469,0.656494
1755158261132,0.553303,0.849584,0.846181,1.320590,0.000000,0.905711,0.663818
1755158261156,0.552248,0.850388,0.844613,1.319662,0.000000,0.906515,0.666260
1755158261179,0.551855,0.850599,0.844384,1.319488,0.000000,0.906727,0.653809
1755158261204,0.551404,0.850476,0.845612,1.320006,0.000000,0.906604,0.666016
1755158261231,0.552188,0.850465,0.844396,1.319548,0.000000,0.906592,0.672363
1755158261258,0.550809,0.851182,0.843688,1.318981,0.000000,0.907310,0.662598
1755158261280,0.551329,0.851096,0.843199,1.318830,0.000000,0.907224,0.660400
1755158261304,0.551885,0.850545,0.844558,1.319576,0.000000,0.906673,0.648682
1755158261354,0.550184,0.851220,0.844542,1.319291,0.000000,0.907348,0.661133
1755158261380,0.552580,0.850446,0.843839,1.319343,0.000000,0.906573,0.663086
1755158261410,0.551703,0.850735,0.844074,1.319313,0.000000,0.906863,0.662842
1755158261432,0.551002,0.851085,0.843775,1.319055,0.000000,0.907213,0.661377
1755158261459,0.551980,0.850425,0.844894,1.319754,0.000000,0.906553,0.662842
1755158261480,0.550832,0.851151,0.843782,1.319030,0.000000,0.907278,0.666016
1755158261507,0.549478,0.852024,0.842379,1.318132,0.000000,0.908151,0.657959
1755158261533,0.549969,0.851578,0.843424,1.318717,0.000000,0.907705,0.642334
1755158261559,0.550607,0.850787,0.845628,1.319884,0.000000,0.906914,0.666748
1755158261583,0.550068,0.851366,0.844132,1.319075,0.000000,0.907493,0.655518
1755158261605,0.551274,0.850771,0.844622,1.319508,0.000000,0.906898,0.650635
1755158261630,0.550808,0.851193,0.843648,1.318962,0.000000,0.907320,0.658691
1755158261655,0.550343,0.851311,0.843914,1.319014,0.000000,0.907438,0.665771
1755158261683,0.551790,0.850214,0.846058,1.320284,0.000000,0.906342,0.664551
1755158261709,0.552198,0.850506,0.844213,1.319461,0.000000,0.906633,0.658936
1755158261732,0.552442,0.850382,0.844323,1.319554,0.000000,0.906510,0.660889
1755158261757,0.552856,0.849620,0.846750,1.320791,0.000000,0.905748,0.660156
1755158261780,0.552593,0.849990,0.845676,1.320231,0.000000,0.906117,0.675293
1755158261806,0.552198,0.849871,0.846793,1.320705,0.000000,0.905998,0.657715
1755158261833,0.550499,0.851354,0.843485,1.318833,0.000000,0.907482,0.673096
1755158261862,0.549906,0.851381,0.844328,1.319142,0.000000,0.907509,0.656494
1755158261884,0.551034,0.850539,0.845953,1.320110,0.000000,0.906666,0.664795
1755158261905,0.553221,0.849682,0.845912,1.320447,0.000000,0.905810,0.669189
1755158261930,0.552459,0.849998,0.845859,1.320297,0.000000,0.906126,0.659424
1755158261955,0.551784,0.850351,0.845510,1.320019,0.000000,0.906479,0.663574
1755158261982,0.551373,0.850565,0.845302,1.319851,0.000000,0.906693,0.644287
1755158262010,0.551618,0.850105,0.846776,1.320602,0.000000,0.906232,0.659424
1755158262034,0.550914,0.850908,0.844641,1.319458,0.000000,0.907036,0.670654
1755158262056,0.550361,0.851255,0.844114,1.319114,0.000000,0.907383,0.667969
1755158262082,0.551697,0.850292,0.845888,1.320187,0.000000,0.906420,0.664062
1755158262107,0.551624,0.850614,0.844696,1.319600,0.000000,0.906742,0.667725
1755158262133,0.551726,0.850373,0.845515,1.320012,0.000000,0.906501,0.652832
1755158262159,0.551754,0.850595,0.844563,1.319558,0.000000,0.906723,0.657471
1755158262185,0.553112,0.849610,0.846380,1.320655,0.000000,0.905738,0.665771
1755158262206,0.551644,0.850329,0.845826,1.320148,0.000000,0.906457,0.663574
1755158262231,0.551745,0.850301,0.845775,1.320140,0.000000,0.906429,0.669922
1755158262256,0.551903,0.849968,0.846871,1.320694,0.000000,0.906096,0.665771
1755158262283,0.552488,0.849899,0.846214,1.320473,0.000000,0.906026,0.663818
1755158262311,0.550966,0.850901,0.844586,1.319440,0.000000,0.907029,0.661377
1755158262336,0.551457,0.850442,0.845667,1.320042,0.000000,0.906569,0.668945
1755158262357,0.551824,0.850216,0.845996,1.320260,0.000000,0.906343,0.676758
1755158262382,0.552222,0.849866,0.846773,1.320699,0.000000,0.905994,0.665039
1755158262407,0.552363,0.849856,0.846589,1.320633,0.000000,0.905984,0.674316
1755158262435,0.553072,0.849738,0.845927,1.320430,0.000000,0.905865,0.688965
1755158262459,0.552057,0.850159,0.845852,1.320228,0.000000,0.906287,0.665283
1755158262484,0.551382,0.850603,0.845132,1.319771,0.000000,0.906731,0.675537
1755158262507,0.552624,0.849999,0.845590,1.320195,0.000000,0.906127,0.674316
1755158262533,0.550401,0.851158,0.844445,1.319280,0.000000,0.907286,0.669678
1755158262558,0.551895,0.850294,0.845566,1.320064,0.000000,0.906421,0.667725
1755158262585,0.551765,0.850439,0.845184,1.319859,0.000000,0.906567,0.672607
1755158262611,0.551496,0.850460,0.845530,1.319981,0.000000,0.906588,0.679443
1755158262636,0.551781,0.850581,0.844579,1.319569,0.000000,0.906709,0.663086
1755158262658,0.551416,0.850798,0.844282,1.319367,0.000000,0.906926,0.668945
1755158262683,0.552602,0.849989,0.845664,1.320227,0.000000,0.906117,0.664551
1755158262707,0.550599,0.851164,0.844102,1.319147,0.000000,0.907292,0.670654
1755158262736,0.552135,0.850225,0.845457,1.320051,0.000000,0.906353,0.663086
1755158262763,0.551148,0.851166,0.843205,1.318804,0.000000,0.907294,0.678955
1755158262786,0.552224,0.850443,0.844427,1.319569,0.000000,0.906570,0.671387
1755158262810,0.551284,0.850977,0.843763,1.319095,0.000000,0.907104,0.671875
1755158262833,0.552344,0.850317,0.844748,1.319743,0.000000,0.906445,0.679932
1755158262857,0.552104,0.850728,0.843455,1.319081,0.000000,0.906855,0.675537
1755158262885,0.550615,0.851007,0.844718,1.319446,0.000000,0.907135,0.671875
1755158262914,0.552502,0.850167,0.845104,1.319940,0.000000,0.906295,0.666260
1755158262936,0.551730,0.850246,0.846025,1.320258,0.000000,0.906374,0.667236
1755158262958,0.549434,0.851429,0.844890,1.319337,0.000000,0.907557,0.669189
1755158262983,0.551348,0.850792,0.844414,1.319419,0.000000,0.906920,0.665283
1755158263009,0.551802,0.850286,0.845745,1.320135,0.000000,0.906414,0.677734
1755158263036,0.551528,0.850918,0.843610,1.319061,0.000000,0.907045,0.671143
1755158263062,0.549339,0.852121,0.842201,1.318024,0.000000,0.908249,0.668457
1755158263088,0.550727,0.850665,0.845930,1.320049,0.000000,0.906793,0.668457
1755158263109,0.550116,0.851401,0.843911,1.318976,0.000000,0.907528,0.669434
1755158263135,0.550957,0.851277,0.843059,1.318702,0.000000,0.907405,0.665283
1755158263160,0.550543,0.851479,0.842898,1.318557,0.000000,0.907607,0.666016
1755158263186,0.550973,0.851241,0.843182,1.318764,0.000000,0.907368,0.667969
1755158263213,0.550553,0.851271,0.843738,1.318964,0.000000,0.907399,0.672607
1755158263238,0.550975,0.851199,0.843350,1.318846,0.000000,0.907327,0.678467
1755158263259,0.549892,0.851175,0.845195,1.319558,0.000000,0.907302,0.667969
1755158263284,0.551421,0.850447,0.845706,1.320054,0.000000,0.906574,0.670410
1755158263309,0.550525,0.851417,0.843184,1.318691,0.000000,0.907545,0.657715
1755158263336,0.551307,0.851340,0.842231,1.318360,0.000000,0.907468,0.666504
1755158263364,0.549380,0.851789,0.843506,1.318660,0.000000,0.907916,0.726318
1755158263387,0.551676,0.850351,0.845685,1.320086,0.000000,0.906478,0.657715
1755158263410,0.550189,0.851168,0.844746,1.319390,0.000000,0.907296,0.676270
1755158263436,0.550470,0.851300,0.843753,1.318957,0.000000,0.907427,0.648193
1755158263460,0.550457,0.851198,0.844193,1.319167,0.000000,0.907326,0.655762
1755158263489,0.550928,0.851128,0.843717,1.319015,0.000000,0.907256,0.671875
1755158263514,0.549567,0.851455,0.844572,1.319205,0.000000,0.907583,0.665039
1755158263540,0.550475,0.851321,0.843658,1.318913,0.000000,0.907449,0.670898
1755158263561,0.550444,0.851017,0.844952,1.319531,0.000000,0.907145,0.666260
1755158263585,0.551139,0.851004,0.843885,1.319130,0.000000,0.907132,0.718506
1755158263611,0.551752,0.850254,0.845956,1.320229,0.000000,0.906382,0.657959
1755158263637,0.549379,0.851851,0.843249,1.318536,0.000000,0.907979,0.708008
1755158263664,0.551981,0.850278,0.845491,1.320042,0.000158,0.906406,0.668213
1755158263690,0.549724,0.851605,0.843708,1.318813,0.002415,0.907732,0.717773
1755158263711,0.550185,0.851033,0.845303,1.319658,0.001954,0.907160,0.665527
1755158263737,0.550524,0.850913,0.845248,1.319687,0.001614,0.907040,0.645752
1755158263761,0.551164,0.850865,0.844415,1.319390,0.000974,0.906992,0.656738
1755158263788,0.551121,0.850704,0.845142,1.319734,0.001018,0.906831,0.658936
1755158263814,0.551546,0.850267,0.846236,1.320330,0.000593,0.906394,0.662354
1755158263839,0.551100,0.850675,0.845293,1.319803,0.001039,0.906803,0.668701
1755158263861,0.548980,0.852016,0.843216,1.318455,0.003159,0.908144,0.656494
1755158263885,0.550475,0.851129,0.844445,1.319291,0.001664,0.907257,0.654297
1755158263913,0.551035,0.850595,0.845721,1.319999,0.001104,0.906723,0.666748
1755158263938,0.549514,0.851299,0.845293,1.319544,0.002624,0.907427,0.650146
1755158263967,0.549865,0.851257,0.844903,1.319413,0.002274,0.907385,0.674561
1755158263990,0.550505,0.851226,0.844001,1.319083,0.001634,0.907353,0.661621
1755158264013,0.550163,0.851622,0.842926,1.318508,0.001976,0.907750,0.663330
1755158264036,0.550353,0.850878,0.845665,1.319860,0.001785,0.907005,0.651855
1755158264061,0.550614,0.851418,0.843034,1.318634,0.001525,0.907546,0.666748
1755158264089,0.551980,0.850108,0.846180,1.320374,0.000158,0.906236,0.663086
1755158264115,0.550375,0.851085,0.844786,1.319440,0.001764,0.907212,0.651367
1755158264140,0.550372,0.850984,0.845202,1.319640,0.001767,0.907112,0.655518
1755158264162,0.551435,0.850794,0.844266,1.319362,0.000703,0.906922,0.662109
1755158264186,0.550784,0.851134,0.843927,1.319093,0.001355,0.907262,0.674316
1755158264221,0.550658,0.851002,0.844669,1.319430,0.001480,0.907130,0.660400
1755158264242,0.549682,0.851382,0.844684,1.319278,0.002456,0.907510,0.660889
1755158264265,0.550708,0.851112,0.844139,1.319182,0.001430,0.907240,0.649902
1755158264290,0.550400,0.851337,0.843713,1.318927,0.001738,0.907465,0.664551
1755158264312,0.551331,0.850968,0.843721,1.319082,0.000807,0.907096,0.656982
1755158264338,0.551237,0.850765,0.844706,1.319542,0.000902,0.906892,0.673828
1755158264363,0.550716,0.851073,0.844284,1.319254,0.001423,0.907201,0.663574
1755158264388,0.549222,0.851801,0.843709,1.318732,0.002917,0.907929,0.659424
1755158264420,0.548422,0.852117,0.843699,1.318597,0.003716,0.908244,0.710938
1755158264440,0.549655,0.851690,0.843465,1.318685,0.002483,0.907818,0.668701
1755158264464,0.549926,0.851190,0.845079,1.319508,0.002212,0.907317,0.651855
1755158264487,0.550567,0.851054,0.844605,1.319384,0.001572,0.907182,0.663818
1755158264541,0.550162,0.850986,0.845532,1.319765,0.001977,0.907113,0.718750
1755158264566,0.549600,0.851641,0.843758,1.318818,0.002539,0.907769,0.671875
1755158264592,0.550901,0.850969,0.844411,1.319345,0.001237,0.907097,0.666016
1755158264614,0.550934,0.851242,0.843243,1.318787,0.001205,0.907369,0.677002
1755158264637,0.550465,0.851149,0.844379,1.319258,0.001674,0.907277,0.663086
1755158264664,0.550981,0.850761,0.845135,1.319707,0.001158,0.906888,0.665283
1755158264690,0.550679,0.851140,0.844071,1.319145,0.001460,0.907268,0.662354
1755158264716,0.552274,0.850186,0.845394,1.320043,-0.000135,0.906314,0.666748
1755158264741,0.552613,0.849697,0.846829,1.320790,-0.000474,0.905825,0.671143
1755158264764,0.549289,0.851821,0.843521,1.318652,0.002849,0.907948,0.656738
1755158264789,0.550900,0.851260,0.843224,1.318772,0.001239,0.907387,0.661377
1755158264814,0.550182,0.851291,0.844255,1.319152,0.001956,0.907418,0.660400
1755158264841,0.551339,0.850600,0.845212,1.319803,0.000799,0.906728,0.671387
1755158264873,0.552148,0.849722,0.847472,1.321024,-0.000010,0.905850,0.652100
1755158264891,0.552265,0.849987,0.846215,1.320437,-0.000126,0.906115,0.676270
1755158264915,0.551640,0.850644,0.844549,1.319532,0.000498,0.906772,0.684814
1755158264938,0.550913,0.850744,0.845311,1.319781,0.001226,0.906872,0.661621
1755158264965,0.552175,0.850359,0.844850,1.319764,-0.000036,0.906487,0.666748
1755158264991,0.551967,0.850199,0.845833,1.320204,0.000172,0.906327,0.671143
1755158265020,0.549577,0.851531,0.844247,1.319050,0.002562,0.907658,0.659668
1755158265048,0.552139,0.850105,0.845941,1.320285,0.000000,0.906232,0.661865
1755158265065,0.551381,0.850806,0.844305,1.319372,0.000758,0.906934,0.669434
1755158265089,0.550129,0.851030,0.845404,1.319698,0.002010,0.907158,0.649170
1755158265115,0.551025,0.850831,0.844779,1.319543,0.001114,0.906958,0.670898
1755158265143,0.550860,0.850598,0.845991,1.320100,0.001279,0.906726,0.655273
1755158265168,0.550944,0.850955,0.844400,1.319347,0.001195,0.907083,0.662598
1755158265194,0.552325,0.850072,0.845773,1.320234,-0.000186,0.906200,0.661865
1755158265216,0.551330,0.850251,0.846642,1.320490,0.000808,0.906379,0.661865
1755158265240,0.552455,0.850205,0.845024,1.319894,-0.000316,0.906333,0.672607
1755158265265,0.550462,0.851309,0.843730,1.318945,0.001677,0.907436,0.663330
1755158265291,0.550977,0.850993,0.844194,1.319252,0.001162,0.907120,0.666016
1755158265321,0.549062,0.851980,0.843230,1.318475,0.003076,0.908108,0.675781
1755158265345,0.551085,0.850883,0.844467,1.319402,0.001054,0.907011,0.661621
1755158265368,0.549608,0.851470,0.844446,1.319151,0.002530,0.907597,0.672119
1755158265389,0.549794,0.851652,0.843399,1.318676,0.002345,0.907780,0.666748
1755158265419,0.550486,0.851170,0.844260,1.319204,0.001653,0.907298,0.648926
1755158265441,0.552086,0.850445,0.844641,1.319649,0.000053,0.906573,0.656738
1755158265478,0.551656,0.850570,0.844824,1.319667,0.000482,0.906698,0.662109
1755158265496,0.552071,0.850677,0.843715,1.319200,0.000067,0.906805,0.666748
1755158265516,0.551186,0.850971,0.843945,1.319167,0.000953,0.907099,0.662109
1755158265541,0.552077,0.850657,0.843790,1.319238,0.000061,0.906784,0.663330
1755158265593,0.552098,0.850004,0.846414,1.320506,0.000041,0.906132,0.658936
1755158265622,0.552463,0.849849,0.846458,1.320587,-0.000324,0.905976,0.670898
1755158265643,0.552160,0.850282,0.845187,1.319924,-0.000021,0.906409,0.667480
1755158265668,0.552038,0.850313,0.845257,1.319938,0.000101,0.906441,0.658203
1755158265691,0.551042,0.850803,0.844865,1.319587,0.001097,0.906931,0.673584
1755158265717,0.550408,0.851020,0.844997,1.319547,0.001731,0.907148,0.659424
1755158265743,0.549696,0.851298,0.845005,1.319435,0.002443,0.907426,0.660400
1755158265770,0.549235,0.851649,0.844311,1.319025,0.002904,0.907777,0.658203
1755158265795,0.550806,0.850677,0.845755,1.319977,0.001332,0.906805,0.665039
1755158265819,0.549150,0.851611,0.844604,1.319152,0.002989,0.907738,0.662354
1755158265867,0.552680,0.849732,0.846582,1.320681,-0.000541,0.905860,0.681152
1755158265892,0.551601,0.850428,0.845493,1.319981,0.000538,0.906555,0.662842
1755158265923,0.551511,0.850531,0.845216,1.319833,0.000627,0.906659,0.662598
1755158265948,0.549592,0.851498,0.844356,1.319105,0.002547,0.907626,0.663086
1755158265967,0.552388,0.850376,0.844436,1.319600,-0.000249,0.906503,0.662598
1755158265992,0.552909,0.849678,0.846433,1.320647,-0.000770,0.905805,0.669678
1755158266018,0.552250,0.850447,0.844368,1.319545,-0.000111,0.906575,0.661621
1755158266043,0.552790,0.849777,0.846221,1.320526,-0.000652,0.905905,0.660889
1755158266073,0.550944,0.850835,0.844891,1.319583,0.001195,0.906963,0.669678
1755158266097,0.551539,0.850704,0.844466,1.319475,0.000599,0.906832,0.667236
1755158266118,0.551569,0.850403,0.845645,1.320049,0.000570,0.906531,0.662598
1755158266143,0.553443,0.849623,0.845796,1.320428,-0.001305,0.905750,0.665527
1755158266168,0.552669,0.849713,0.846675,1.320725,-0.000531,0.905841,0.668945
1755158266196,0.552376,0.849865,0.846531,1.320608,-0.000237,0.905993,0.675049
1755158266224,0.552983,0.849703,0.846213,1.320554,-0.000844,0.905830,0.672852
1755158266248,0.552301,0.850106,0.845677,1.320184,-0.000162,0.906233,0.663574
1755158266269,0.552274,0.850281,0.845006,1.319856,-0.000135,0.906409,0.654053
1755158266293,0.553879,0.849242,0.846634,1.320902,-0.001740,0.905370,0.657471
1755158266317,0.554842,0.848970,0.846182,1.320842,-0.002704,0.905097,0.687988
1755158266345,0.553967,0.849855,0.844000,1.319647,-0.001829,0.905983,0.680176
1755158266374,0.553363,0.850092,0.844015,1.319556,-0.001224,0.906220,0.672119
1755158266396,0.553603,0.850347,0.842573,1.318900,-0.001465,0.906475,0.679443
1755158266425,0.553369,0.850798,0.841097,1.318150,-0.001231,0.906925,0.702148
1755158266444,0.552721,0.851498,0.839247,1.317151,-0.000583,0.907626,0.680664
1755158266470,0.551967,0.852240,0.837381,1.316126,0.000172,0.908368,0.725830
1755158266494,0.550586,0.853410,0.834717,1.314613,0.001552,0.909538,0.686768
1755158266523,0.547340,0.855654,0.830487,1.312034,0.004799,0.911782,0.699463
1755158266546,0.545577,0.857037,0.827391,1.310245,0.006562,0.913165,0.691650
1755158266575,0.542770,0.859094,0.822974,1.307642,0.009369,0.915222,0.689697
1755158266593,0.540405,0.861587,0.815552,1.303646,0.011734,0.917714,0.671387
1755158266620,0.536968,0.863424,0.812939,1.301809,0.015170,0.919552,0.631592
1755158266646,0.533857,0.865169,0.810076,1.299901,0.018282,0.921297,0.673828
1755158266671,0.530755,0.867200,0.805644,1.297227,0.021384,0.923328,0.634033
1755158266695,0.525629,0.869422,0.803792,1.295478,0.026509,0.925550,0.659424
1755158266719,0.523741,0.870431,0.802085,1.294332,0.028398,0.926558,0.648193
1755158266743,0.521133,0.871624,0.800700,1.293224,0.031005,0.927751,0.660156
1755158266771,0.519197,0.872725,0.798505,1.291830,0.032942,0.928852,0.674805
1755158266796,0.516613,0.873668,0.798288,1.291298,0.035525,0.929796,0.648926
1755158266822,0.519670,0.872878,0.796814,1.291079,0.032469,0.929005,0.656494
1755158266847,0.515985,0.874224,0.796496,1.290315,0.036154,0.930351,0.668457
1755158266894,0.515691,0.875373,0.790797,1.287468,0.036448,0.931501,0.646973
1755158266919,0.517414,0.874592,0.791807,1.288250,0.034725,0.930719,0.682861
1755158266946,0.515721,0.875339,0.790930,1.287539,0.036418,0.931466,0.702148
1755158266973,0.517823,0.875120,0.788081,1.286486,0.034316,0.931247,0.689209
1755158267005,0.518759,0.875253,0.785470,1.285357,0.033380,0.931381,0.689209
1755158267023,0.519351,0.874711,0.787375,1.286392,0.032788,0.930838,0.688477
1755158267045,0.521650,0.872789,0.793532,1.289796,0.030488,0.928917,0.692627
1755158267070,0.522019,0.872356,0.795169,1.290660,0.030120,0.928484,0.681152
1755158267098,0.522200,0.872694,0.792993,1.289622,0.029938,0.928822,0.653809
1755158267124,0.526075,0.870644,0.796591,1.292027,0.026064,0.926771,0.661865
1755158267148,0.525674,0.870510,0.798065,1.292683,0.026465,0.926637,0.650879
1755158267171,0.526106,0.870067,0.799577,1.293494,0.026032,0.926194,0.653076
1755158267195,0.530543,0.868989,0.796791,1.292863,0.021595,0.925117,0.596924
1755158267220,0.533113,0.866888,0.802836,1.296244,0.019026,0.923015,0.647949
1755158267248,0.536814,0.864971,0.805600,1.298205,0.015324,0.921099,0.684814
1755158267274,0.541509,0.862173,0.810711,1.301471,0.010629,0.918301,0.683105
1755158267302,0.546938,0.859137,0.815319,1.304608,0.005200,0.915265,0.688721
1755158267322,0.549371,0.856725,0.822153,1.308328,0.002768,0.912853,0.719238
1755158267346,0.549694,0.856241,0.823784,1.309173,0.002445,0.912369,0.635254
1755158267371,0.550232,0.855444,0.826423,1.310540,0.001907,0.911572,0.633789
1755158267398,0.550901,0.854169,0.830897,1.312816,0.001238,0.910297,0.619385
1755158267424,0.549372,0.854612,0.831579,1.312896,0.002766,0.910740,0.651367
1755158267449,0.552485,0.852189,0.836732,1.315897,-0.000346,0.908317,0.626709
1755158267472,0.551606,0.851860,0.839578,1.317128,0.000533,0.907988,0.624023
1755158267496,0.554012,0.849913,0.843691,1.319506,-0.001873,0.906040,0.598633
1755158267521,0.555652,0.849182,0.844001,1.319923,-0.003513,0.905310,0.634766
1755158267548,0.554943,0.849791,0.842665,1.319163,-0.002804,0.905919,0.614990
1755158267576,0.554612,0.849443,0.844633,1.320058,-0.002473,0.905571,0.626465
1755158267600,0.555407,0.849200,0.844330,1.320042,-0.003268,0.905327,0.625977
1755158267622,0.550502,0.852012,0.840762,1.317519,0.001637,0.908139,0.650146
1755158267646,0.552373,0.851360,0.840400,1.317650,-0.000235,0.907488,0.659912
1755158267671,0.550519,0.852290,0.839572,1.316948,0.001619,0.908418,0.641846
1755158267698,0.548837,0.853391,0.837717,1.315777,0.003301,0.909518,0.638428
1755158267726,0.550905,0.852625,0.837524,1.316021,0.001234,0.908753,0.638428
1755158267751,0.549345,0.854041,0.834097,1.314109,0.002793,0.910169,0.646973
1755158267774,0.547035,0.855886,0.829987,1.311742,0.005103,0.912014,0.644287
1755158267797,0.546226,0.857182,0.825620,1.309493,0.005913,0.913310,0.610840
1755158267821,0.547167,0.858352,0.818596,1.306239,0.004971,0.914480,0.615967
1755158267849,0.544798,0.860561,0.812449,1.302860,0.007341,0.916689,0.601807
1755158267876,0.544152,0.861735,0.807922,1.300548,0.007987,0.917862,0.635742
1755158267903,0.540943,0.863549,0.804955,1.298572,0.011196,0.919676,0.621582
1755158267923,0.535942,0.866334,0.800297,1.295470,0.016197,0.922462,0.597168
1755158267947,0.530763,0.869209,0.795193,1.292117,0.021376,0.925336,0.572021
1755158267972,0.527210,0.871655,0.788857,1.288421,0.024929,0.927783,0.552246
1755158267998,0.522804,0.874816,0.779738,1.283206,0.029335,0.930944,0.561523
1755158268026,0.521491,0.876350,0.773262,1.279796,0.030647,0.932477,0.543457
1755158268056,0.518243,0.877102,0.775628,1.280423,0.033896,0.933229,0.570801
1755158268075,0.517589,0.877875,0.772262,1.278652,0.034550,0.934003,0.599609
1755158268099,0.513391,0.880008,0.767914,1.275805,0.038748,0.936136,0.573242
1755158268122,0.512037,0.880660,0.766690,1.274973,0.040102,0.936787,0.545654
1755158268149,0.513198,0.880998,0.761836,1.272762,0.038941,0.937126,0.584961
1755158268181,0.510184,0.881486,0.765395,1.274024,0.041954,0.937614,0.620117
1755158268201,0.511236,0.880460,0.769724,1.276341,0.040903,0.936588,0.639893
1755158268224,0.511506,0.879909,0.772616,1.277816,0.040632,0.936036,0.619385
1755158268248,0.510100,0.880237,0.773544,1.278041,0.042039,0.936364,0.603760
1755158268274,0.514551,0.878859,0.772673,1.278350,0.037588,0.934986,0.612305
1755158268299,0.515833,0.877718,0.776965,1.280682,0.036306,0.933845,0.615234
1755158268326,0.518342,0.877736,0.771496,1.278399,0.033796,0.933864,0.602539
1755158268351,0.520934,0.876419,0.774046,1.280090,0.031205,0.932546,0.599121
1755158268375,0.524026,0.875100,0.775431,1.281287,0.028113,0.931228,0.583984
1755158268399,0.526973,0.873364,0.779536,1.283799,0.025166,0.929491,0.570312
1755158268424,0.528537,0.871495,0.787070,1.287764,0.023601,0.927623,0.573975
1755158268449,0.531987,0.868643,0.795826,1.292629,0.020152,0.924771,0.653320
1755158268476,0.535973,0.865706,0.803467,1.297025,0.016166,0.921833,0.671143
1755158268503,0.540124,0.863426,0.807121,1.299493,0.012014,0.919553,0.675537
1755158268525,0.542186,0.861642,0.812046,1.302233,0.009953,0.917769,0.721680
1755158268549,0.546399,0.859219,0.815918,1.304811,0.005740,0.915347,0.650879
1755158268576,0.550480,0.856716,0.820205,1.307565,0.001658,0.912844,0.629395
1755158268600,0.550496,0.855939,0.823733,1.309279,0.001643,0.912066,0.629639
1755158268626,0.553835,0.853810,0.827380,1.311595,-0.001697,0.909938,0.637207
1755158268657,0.551507,0.853792,0.831503,1.313209,0.000632,0.909920,0.597656
1755158268677,0.552338,0.853394,0.831808,1.313493,-0.000200,0.909522,0.624512
1755158268699,0.551708,0.852867,0.835149,1.315006,0.000430,0.908995,0.651855
1755158268725,0.552304,0.851918,0.838179,1.316567,-0.000165,0.908046,0.630615
1755158268750,0.553987,0.850904,0.839633,1.317544,-0.001848,0.907031,0.643799
1755158268777,0.551744,0.851997,0.838778,1.316764,0.000395,0.908124,0.640137
1755158268806,0.552981,0.851656,0.838155,1.316666,-0.000842,0.907783,0.657471
1755158268825,0.552808,0.851756,0.838021,1.316573,-0.000669,0.907884,0.665283
1755158268852,0.553744,0.851399,0.837962,1.316697,-0.001605,0.907527,0.678467
1755158268876,0.554351,0.851466,0.836656,1.316166,-0.002213,0.907594,0.663330
1755158268901,0.551608,0.853038,0.834587,1.314717,0.000530,0.909166,0.665039
1755158268928,0.551675,0.853589,0.832096,1.313524,0.000463,0.909717,0.655518
1755158268956,0.551101,0.854425,0.829431,1.312140,0.001037,0.910553,0.653076
1755158268976,0.549467,0.856621,0.822460,1.308493,0.002672,0.912748,0.625732
1755158269001,0.548739,0.857663,0.818964,1.306676,0.003399,0.913791,0.627930
1755158269028,0.546746,0.858742,0.817536,1.305655,0.005393,0.914870,0.650391
1755158269052,0.539524,0.862406,0.813222,1.302367,0.012615,0.918534,0.614746
1755158269078,0.537972,0.863755,0.809497,1.300297,0.014167,0.919882,0.610596
1755158269133,0.531830,0.868361,0.797627,1.293485,0.020309,0.924489,0.598877
1755158269151,0.525463,0.873014,0.784721,1.286100,0.026676,0.929142,0.509644
1755158269177,0.523632,0.875458,0.774098,1.280564,0.028507,0.931586,0.514893
1755158269202,0.520935,0.877974,0.764143,1.275196,0.031203,0.934101,0.499268
1755158269227,0.522444,0.877006,0.766998,1.276860,0.029695,0.933133,0.561157
1755158269258,0.522073,0.877181,0.766708,1.276655,0.030066,0.933309,0.563477
1755158269277,0.515892,0.879377,0.766442,1.275493,0.036246,0.935504,0.561523
1755158269301,0.516429,0.879322,0.765590,1.275161,0.035709,0.935450,0.581299
1755158269327,0.508896,0.883313,0.755938,1.269117,0.043243,0.939440,0.544189
1755158269351,0.509064,0.883116,0.756918,1.269632,0.043074,0.939244,0.572021
1755158269380,0.510849,0.881739,0.762227,1.272565,0.041289,0.937866,0.590088
1755158269411,0.514186,0.880211,0.764825,1.274408,0.037953,0.936339,0.605713
1755158269428,0.511166,0.880805,0.767664,1.275310,0.040973,0.936933,0.609619
1755158269451,0.511294,0.880505,0.769312,1.276147,0.040845,0.936633,0.608643
1755158269476,0.510828,0.880600,0.769711,1.276267,0.041310,0.936728,0.604004
1755158269501,0.512877,0.879776,0.770516,1.277006,0.039261,0.935904,0.654297
1755158269530,0.514001,0.878939,0.773349,1.278593,0.038138,0.935067,0.644775
1755158269557,0.519857,0.876153,0.777957,1.281840,0.032281,0.932280,0.611816
1755158269578,0.519994,0.875805,0.779744,1.282743,0.032144,0.931933,0.577637
1755158269603,0.519250,0.875057,0.785613,1.285508,0.032889,0.931184,0.560547
1755158269632,0.522910,0.872838,0.790821,1.288674,0.029229,0.928966,0.588135
1755158269653,0.524697,0.872379,0.789841,1.288488,0.027442,0.928507,0.565186
1755158269681,0.529602,0.868874,0.799206,1.293890,0.022537,0.925002,0.640625
1755158269707,0.535238,0.865753,0.804614,1.297464,0.016900,0.921880,0.654541
1755158269728,0.539199,0.863060,0.810645,1.301058,0.012939,0.919187,0.710449
1755158269753,0.545477,0.859795,0.814871,1.304150,0.006662,0.915923,0.673584
1755158269778,0.547347,0.858777,0.816274,1.305140,0.004792,0.914905,0.651123
1755158269803,0.550528,0.856109,0.822901,1.308881,0.001610,0.912237,0.653564
1755158269830,0.551425,0.854604,0.828078,1.311538,0.000714,0.910732,0.656494
1755158269858,0.552417,0.852906,0.833782,1.314461,-0.000279,0.909034,0.628662
1755158269884,0.552596,0.852014,0.837285,1.316183,-0.000457,0.908142,0.626953
1755158269902,0.552142,0.851803,0.838930,1.316903,-0.000003,0.907931,0.623779
1755158269927,0.550754,0.852244,0.839377,1.316892,0.001385,0.908372,0.620361
1755158269953,0.552254,0.851167,0.841400,1.318113,-0.000115,0.907294,0.633545
1755158269980,0.556105,0.849517,0.841880,1.318975,-0.003966,0.905645,0.629883
1755158270009,0.554750,0.850082,0.841786,1.318708,-0.002612,0.906209,0.644043
1755158270055,0.552285,0.851329,0.840675,1.317769,-0.000146,0.907457,0.661133
1755158270080,0.552499,0.851663,0.838927,1.316960,-0.000360,0.907791,0.642578
1755158270104,0.548308,0.853943,0.836252,1.314982,0.003831,0.910070,0.656738
1755158270130,0.550093,0.853905,0.833421,1.313905,0.002046,0.910033,0.669922
1755158270158,0.547677,0.855350,0.831244,1.312456,0.004462,0.911478,0.658936
1755158270180,0.548953,0.855056,0.830357,1.312236,0.003186,0.911183,0.627197
1755158270203,0.550015,0.854847,0.829448,1.311970,0.002124,0.910975,0.644287
1755158270228,0.547300,0.857087,0.824173,1.308968,0.004839,0.913215,0.630127
1755158270254,0.544431,0.860166,0.815014,1.304047,0.007708,0.916294,0.631836
1755158270281,0.540358,0.862545,0.811023,1.301434,0.011780,0.918673,0.630127
1755158270312,0.536689,0.865439,0.803471,1.297145,0.015450,0.921566,0.605469
1755158270331,0.532915,0.867773,0.798628,1.294154,0.019224,0.923900,0.577393
1755158270355,0.529804,0.870301,0.791160,1.289981,0.022335,0.926429,0.553467
1755158270381,0.523490,0.874895,0.777822,1.282376,0.028649,0.931022,0.522461
1755158270404,0.522070,0.876626,0.770260,1.278410,0.030069,0.932754,0.499268
1755158270434,0.522244,0.876319,0.771802,1.279200,0.029894,0.932447,0.579346
1755158270460,0.517621,0.877926,0.771877,1.278467,0.034517,0.934053,0.593506
1755158270507,0.516040,0.878473,0.771882,1.278207,0.036098,0.934600,0.591064
1755158270527,0.516230,0.878598,0.770684,1.277647,0.035909,0.934725,0.574707
1755158270539,0.516326,0.878556,0.770738,1.277689,0.035813,0.934684,0.556641
1755158270558,0.513541,0.879852,0.768591,1.276164,0.038598,0.935979,0.607422
1755158270587,0.514760,0.878963,0.771571,1.277840,0.037379,0.935091,0.598145
1755158270612,0.512814,0.879042,0.775219,1.279319,0.039325,0.935170,0.642822
1755158270631,0.513806,0.878879,0.774130,1.278946,0.038332,0.935007,0.657227
1755158270655,0.512501,0.878930,0.776555,1.279927,0.039638,0.935057,0.656006
1755158270680,0.510508,0.880091,0.773593,1.278133,0.041631,0.936218,0.647949
1755158270708,0.511978,0.878859,0.778058,1.280581,0.040161,0.934987,0.645264
1755158270731,0.514220,0.878157,0.777668,1.280761,0.037918,0.934284,0.620850
1755158270763,0.515508,0.877123,0.781179,1.282705,0.036631,0.933251,0.656738
1755158270781,0.517401,0.877030,0.777838,1.281373,0.034738,0.933157,0.609375
1755158270805,0.517862,0.876541,0.779799,1.282416,0.034277,0.932668,0.579590
1755158270830,0.520432,0.874866,0.784331,1.285074,0.031707,0.930993,0.595215
1755158270856,0.523787,0.872275,0.792202,1.289497,0.028351,0.928403,0.636719
1755158270883,0.523791,0.873444,0.785673,1.286291,0.028347,0.929571,0.548828
1755158270910,0.527131,0.870985,0.792708,1.290298,0.025007,0.927113,0.584473
1755158270932,0.527900,0.868978,0.801870,1.294912,0.024238,0.925106,0.583984
1755158270956,0.532960,0.866633,0.804422,1.296994,0.019179,0.922760,0.626221
1755158270980,0.539135,0.861911,0.816289,1.303796,0.013004,0.918038,0.686279
1755158271006,0.540311,0.861758,0.814904,1.303316,0.011828,0.917886,0.635986
1755158271035,0.544502,0.859082,0.819980,1.306473,0.007636,0.915209,0.648193
1755158271062,0.549994,0.855284,0.827552,1.311048,0.002145,0.911412,0.640381
1755158271082,0.551520,0.853970,0.830705,1.312825,0.000619,0.910097,0.658691
1755158271106,0.553451,0.852293,0.834657,1.315053,-0.001312,0.908421,0.638184
1755158271131,0.554379,0.850862,0.839154,1.317377,-0.002240,0.906990,0.589355
1755158271158,0.549616,0.853236,0.837079,1.315596,0.002522,0.909364,0.604980
1755158271183,0.550477,0.852844,0.837311,1.315848,0.001662,0.908972,0.611572
1755158271213,0.553354,0.851357,0.838791,1.317034,-0.001215,0.907484,0.625977
1755158271233,0.555087,0.850800,0.838233,1.317048,-0.002948,0.906927,0.627930
1755158271256,0.553283,0.851493,0.838335,1.316802,-0.001144,0.907621,0.646240
1755158271282,0.551990,0.852005,0.838338,1.316592,0.000149,0.908132,0.662109
1755158271308,0.552388,0.852204,0.836829,1.315928,-0.000249,0.908332,0.642578
1755158271334,0.552217,0.852884,0.834219,1.314639,-0.000078,0.909011,0.651855
1755158271363,0.550521,0.854207,0.831386,1.312991,0.001618,0.910334,0.662109
1755158271384,0.550084,0.854699,0.829981,1.312239,0.002055,0.910827,0.664307
1755158271409,0.549637,0.855133,0.828843,1.311615,0.002502,0.911260,0.659180
1755158271432,0.550705,0.855084,0.827202,1.310995,0.001433,0.911212,0.658691
1755158271457,0.546009,0.858032,0.822143,1.307771,0.006130,0.914160,0.666992
1755158271485,0.544808,0.859104,0.819329,1.306207,0.007330,0.915232,0.633057
1755158271512,0.542978,0.861048,0.813456,1.303050,0.009161,0.917176,0.647949
1755158271534,0.538516,0.863682,0.808851,1.300071,0.013622,0.919809,0.602051
1755158271558,0.533225,0.866602,0.804083,1.296872,0.018914,0.922730,0.555176
1755158271583,0.531387,0.868788,0.796223,1.292724,0.020752,0.924916,0.574707
1755158271609,0.525353,0.872589,0.787358,1.287377,0.026786,0.928717,0.560547
1755158271635,0.523358,0.875777,0.772727,1.279842,0.028780,0.931904,0.516113
1755158271665,0.522689,0.876684,0.768510,1.277649,0.029450,0.932811,0.554199
1755158271684,0.521139,0.877397,0.767435,1.276859,0.031000,0.933525,0.601074
1755158271708,0.519807,0.878187,0.765340,1.275601,0.032331,0.934314,0.603271
1755158271758,0.513708,0.880260,0.765575,1.274700,0.038431,0.936388,0.557373
1755158271785,0.512719,0.880197,0.768175,1.275822,0.039419,0.936325,0.561035
1755158271812,0.515324,0.878760,0.771632,1.277965,0.036815,0.934887,0.576904
1755158271838,0.512278,0.880103,0.769737,1.276521,0.039861,0.936231,0.609863
1755158271859,0.512270,0.880078,0.769917,1.276608,0.039869,0.936205,0.631836
1755158271885,0.509636,0.880503,0.772865,1.277629,0.042503,0.936630,0.619629
1755158271909,0.508636,0.881010,0.771804,1.276938,0.043503,0.937137,0.599854
1755158271935,0.512689,0.879205,0.774479,1.278933,0.039450,0.935333,0.610840
1755158271964,0.515425,0.878056,0.775767,1.280023,0.036714,0.934183,0.656006
1755158271985,0.514596,0.878291,0.776072,1.280036,0.037542,0.934419,0.616211
1755158272009,0.517596,0.876872,0.778375,1.281670,0.034543,0.933000,0.628906
1755158272040,0.521342,0.874714,0.783360,1.284747,0.030797,0.930841,0.615479
1755158272060,0.523306,0.874214,0.782231,1.284517,0.028833,0.930341,0.626465
1755158272086,0.524325,0.874810,0.776546,1.281887,0.027813,0.930937,0.566406
1755158272115,0.525865,0.873346,0.781975,1.284816,0.026274,0.929473,0.563965
1755158272135,0.527201,0.870888,0.793099,1.290501,0.024938,0.927016,0.539307
1755158272160,0.532990,0.866923,0.802887,1.296249,0.019149,0.923051,0.683594
1755158272185,0.537768,0.864500,0.806174,1.298642,0.014370,0.920628,0.643799
1755158272209,0.543433,0.861215,0.811811,1.302324,0.008706,0.917343,0.708984
1755158272236,0.542740,0.861785,0.810321,1.301484,0.009398,0.917913,0.617432
1755158272267,0.548032,0.857225,0.822251,1.308155,0.004106,0.913353,0.641357
1755158272286,0.550931,0.855838,0.823417,1.309198,0.001208,0.911965,0.613525
1755158272310,0.554305,0.853557,0.827675,1.311816,-0.002167,0.909685,0.609619
1755158272360,0.554775,0.851968,0.833797,1.314855,-0.002637,0.908095,0.630371
1755158272388,0.556526,0.850624,0.836548,1.316471,-0.004387,0.906751,0.635986
1755158272413,0.554021,0.852312,0.833605,1.314638,-0.001883,0.908440,0.639893
1755158272437,0.553377,0.852409,0.834286,1.314862,-0.001238,0.908537,0.669434
1755158272460,0.555974,0.850683,0.837231,1.316710,-0.003835,0.906811,0.666748
1755158272484,0.556811,0.850273,0.837545,1.316998,-0.004672,0.906401,0.670654
1755158272510,0.556258,0.851253,0.834324,1.315352,-0.004120,0.907381,0.680664
1755158272536,0.555656,0.851638,0.833702,1.314953,-0.003517,0.907766,0.678223
1755158272565,0.555847,0.851782,0.832757,1.314527,-0.003708,0.907909,0.672119
1755158272587,0.554821,0.852143,0.832963,1.314459,-0.002683,0.908271,0.657959
1755158272610,0.554018,0.853325,0.829203,1.312508,-0.001880,0.909453,0.682617
1755158272635,0.550048,0.855544,0.826299,1.310450,0.002091,0.911672,0.659424
1755158272661,0.549956,0.855900,0.824862,1.309738,0.002182,0.912028,0.655029
1755158272687,0.546966,0.857697,0.821985,1.307851,0.005173,0.913825,0.656250
1755158272715,0.543823,0.859829,0.817711,1.305258,0.008315,0.915956,0.624268
1755158272738,0.541057,0.861717,0.813750,1.302877,0.011082,0.917845,0.625000
1755158272762,0.535817,0.865013,0.807252,1.298846,0.016322,0.921141,0.581543
1755158272786,0.531409,0.868360,0.798445,1.293816,0.020730,0.924487,0.542236
1755158272811,0.529308,0.870000,0.793782,1.291184,0.022831,0.926128,0.572510
1755158272838,0.527698,0.871071,0.791117,1.289611,0.024440,0.927199,0.576904
1755158272863,0.524891,0.873100,0.785398,1.286337,0.027247,0.929227,0.586670
1755158272890,0.520736,0.874899,0.783524,1.284727,0.031403,0.931026,0.598633
1755158272914,0.517409,0.876642,0.780132,1.282505,0.034730,0.932770,0.612061
1755158272936,0.516617,0.877395,0.777275,1.280965,0.035522,0.933523,0.631836
1755158272962,0.517998,0.876700,0.778571,1.281833,0.034141,0.932827,0.625244
1755158272988,0.515396,0.878239,0.774709,1.279496,0.036743,0.934366,0.572021
1755158273016,0.516326,0.878195,0.772994,1.278804,0.035812,0.934323,0.642578
1755158273041,0.512574,0.878970,0.776158,1.279743,0.039564,0.935098,0.676514
1755158273061,0.509919,0.879729,0.777029,1.279732,0.042220,0.935857,0.669922
1755158273087,0.509851,0.879800,0.776736,1.279577,0.042287,0.935928,0.685303
1755158273112,0.512751,0.878801,0.776817,1.280097,0.039388,0.934929,0.654541
1755158273139,0.512845,0.878728,0.777064,1.280235,0.039294,0.934856,0.668701
1755158273165,0.513308,0.878351,0.778381,1.280962,0.038831,0.934478,0.639893
1755158273187,0.514335,0.877840,0.779329,1.281599,0.037804,0.933968,0.673096
1755158273213,0.515746,0.877081,0.780942,1.282628,0.036393,0.933209,0.679688
1755158273237,0.516510,0.876296,0.783976,1.284249,0.035629,0.932424,0.648926
1755158273263,0.519825,0.874524,0.787491,1.286527,0.032314,0.930652,0.603516
1755158273289,0.522204,0.872750,0.792680,1.289469,0.029935,0.928878,0.665771
1755158273315,0.525770,0.871545,0.792324,1.289884,0.026369,0.927672,0.589844
1755158273341,0.526693,0.869879,0.799453,1.293530,0.025446,0.926007,0.641113
1755158273390,0.533083,0.866074,0.807008,1.298277,0.019055,0.922201,0.695801
1755158273414,0.539100,0.863070,0.810779,1.301108,0.013038,0.919197,0.675781
1755158273439,0.539727,0.862719,0.811335,1.301482,0.012412,0.918847,0.594482
1755158273468,0.545829,0.858812,0.818862,1.306148,0.006310,0.914940,0.648682
1755158273491,0.547523,0.857455,0.822102,1.307999,0.004615,0.913583,0.641357
1755158273512,0.550896,0.855551,0.824775,1.309850,0.001242,0.911679,0.640381
1755158273537,0.552871,0.854029,0.828101,1.311786,-0.000732,0.910157,0.658447
1755158273566,0.556085,0.852198,0.830537,1.313493,-0.003946,0.908326,0.651855
1755158273589,0.554981,0.852424,0.831470,1.313763,-0.002843,0.908552,0.665527
1755158273618,0.555333,0.852125,0.832158,1.314153,-0.003194,0.908253,0.679932
1755158273641,0.552727,0.852092,0.836736,1.315939,-0.000588,0.908220,0.681396
1755158273663,0.554034,0.851349,0.837687,1.316612,-0.001895,0.907476,0.690918
1755158273713,0.556666,0.850434,0.837114,1.316767,-0.004527,0.906562,0.696289
1755158273740,0.559967,0.848846,0.838197,1.317830,-0.007829,0.904973,0.678467
1755158273768,0.558569,0.850478,0.833668,1.315414,-0.006430,0.906606,0.681641
1755158273793,0.558480,0.850586,0.833358,1.315250,-0.006341,0.906714,0.679443
1755158273814,0.557676,0.851251,0.831885,1.314406,-0.005537,0.907378,0.673584
1755158273840,0.554814,0.853095,0.828827,1.312456,-0.002675,0.909222,0.670166
1755158273864,0.552396,0.854580,0.826486,1.310926,-0.000257,0.910707,0.672607
1755158273893,0.551128,0.855818,0.823157,1.309104,0.001011,0.911945,0.669434
1755158273917,0.549532,0.856875,0.821180,1.307883,0.002607,0.913003,0.679443
1755158273946,0.543822,0.860492,0.814573,1.303732,0.008317,0.916620,0.656982
1755158273964,0.542902,0.861927,0.809325,1.301026,0.009237,0.918055,0.624512
1755158273989,0.539524,0.864042,0.805167,1.298441,0.012614,0.920169,0.622314
1755158274015,0.534819,0.866921,0.799410,1.294851,0.017320,0.923048,0.585938
1755158274042,0.532821,0.868589,0.794474,1.292105,0.019318,0.924717,0.582275
1755158274072,0.527519,0.873403,0.778133,1.283199,0.024619,0.929531,0.562256
1755158274091,0.525437,0.873924,0.779478,1.283516,0.026702,0.930051,0.567139
1755158274139,0.521533,0.875088,0.780784,1.283510,0.030606,0.931215,0.659668
1755158274165,0.516349,0.877876,0.774918,1.279757,0.035790,0.934003,0.632568
1755158274192,0.519538,0.877476,0.770509,1.278111,0.032600,0.933603,0.586670
1755158274218,0.517514,0.877922,0.772134,1.278576,0.034625,0.934050,0.642822
1755158274273,0.514356,0.878702,0.774064,1.279005,0.037783,0.934829,0.606934
1755158274297,0.513292,0.879011,0.774406,1.278997,0.038847,0.935138,0.645996
1755158274319,0.512575,0.879478,0.773034,1.278200,0.039563,0.935605,0.656738
1755158274342,0.513402,0.878761,0.775707,1.279657,0.038736,0.934888,0.634521
1755158274370,0.511111,0.879259,0.777430,1.280128,0.041028,0.935386,0.702881
1755158274396,0.510014,0.879601,0.777607,1.280033,0.042125,0.935729,0.668213
1755158274415,0.508706,0.879969,0.778052,1.280036,0.043433,0.936097,0.676270
1755158274441,0.515871,0.877035,0.780957,1.282657,0.036267,0.933163,0.688965
1755158274466,0.517806,0.875844,0.783991,1.284471,0.034333,0.931971,0.661377
1755158274493,0.519705,0.875334,0.783100,1.284347,0.032434,0.931462,0.665527
1755158274520,0.521632,0.875189,0.779981,1.283132,0.030506,0.931316,0.621826
1755158274543,0.524891,0.873307,0.784213,1.285755,0.027248,0.929435,0.611084
1755158274567,0.525643,0.872397,0.787855,1.287669,0.026496,0.928525,0.618164
1755158274590,0.525447,0.871396,0.793762,1.290536,0.026692,0.927524,0.627686
1755158274616,0.527709,0.870481,0.794309,1.291179,0.024429,0.926609,0.605225
1755158274643,0.528711,0.869664,0.796747,1.292538,0.023428,0.925791,0.587891
1755158274671,0.533396,0.866493,0.804315,1.297013,0.018743,0.922621,0.684326
1755158274693,0.533916,0.866146,0.805102,1.297484,0.018223,0.922273,0.600098
1755158274716,0.542144,0.862223,0.809287,1.300882,0.009994,0.918351,0.686279
1755158274741,0.543550,0.860325,0.815864,1.304316,0.008588,0.916452,0.607178
1755158274768,0.547983,0.857615,0.820549,1.307321,0.004156,0.913743,0.632568
1755158274793,0.551268,0.855733,0.823292,1.309193,0.000870,0.911861,0.627441
1755158274819,0.553073,0.854403,0.826081,1.310841,-0.000934,0.910531,0.652344
1755158274850,0.555883,0.852129,0.831188,1.313774,-0.003745,0.908257,0.647217
1755158274867,0.555587,0.851790,0.833168,1.314683,-0.003448,0.907918,0.667725
1755158274892,0.555035,0.851839,0.833906,1.314949,-0.002896,0.907967,0.681152
1755158274918,0.555742,0.850710,0.837509,1.316806,-0.003604,0.906837,0.683105
1755158274944,0.553059,0.852202,0.835710,1.315498,-0.000920,0.908330,0.694580
1755158274970,0.555806,0.850389,0.838754,1.317418,-0.003667,0.906516,0.659424
1755158274995,0.556154,0.850474,0.837810,1.317019,-0.004016,0.906601,0.671875
1755158275016,0.556338,0.850638,0.836805,1.316564,-0.004199,0.906766,0.682861
1755158275041,0.555653,0.850975,0.836538,1.316323,-0.003515,0.907103,0.694824
1755158275068,0.556828,0.850567,0.836274,1.316388,-0.004690,0.906695,0.677490
1755158275094,0.555589,0.851555,0.834177,1.315171,-0.003450,0.907682,0.678223
1755158275121,0.554326,0.852506,0.832247,1.314031,-0.002187,0.908633,0.677979
1755158275146,0.551262,0.854640,0.828203,1.311571,0.000877,0.910768,0.680176
1755158275167,0.550432,0.855219,0.827077,1.310890,0.001706,0.911347,0.665527
1755158275192,0.547987,0.856868,0.823955,1.308975,0.004152,0.912996,0.653809
1755158275218,0.547672,0.857264,0.822714,1.308321,0.004467,0.913391,0.665283
1755158275244,0.542873,0.860501,0.816256,1.304395,0.009266,0.916628,0.644287
1755158275272,0.538521,0.863344,0.810504,1.300878,0.013618,0.919471,0.610352
1755158275296,0.533922,0.866341,0.804101,1.296996,0.018216,0.922469,0.578857
1755158275318,0.530334,0.868813,0.798126,1.293482,0.021805,0.924941,0.608887
1755158275344,0.527690,0.871273,0.790022,1.289072,0.024448,0.927400,0.563721
1755158275368,0.524216,0.873591,0.783962,1.285520,0.027923,0.929719,0.542236
1755158275394,0.521237,0.874876,0.782635,1.284373,0.030902,0.931003,0.620361
1755158275422,0.516970,0.876322,0.782901,1.283796,0.035169,0.932450,0.618408
1755158275447,0.518175,0.876532,0.779201,1.282173,0.033964,0.932660,0.627197
1755158275470,0.517665,0.877438,0.774804,1.279920,0.034474,0.933565,0.651367
1755158275509,0.514920,0.878558,0.773750,1.278944,0.037219,0.934686,0.660645
1755158275530,0.515380,0.878075,0.775746,1.280006,0.036759,0.934202,0.648682
1755158275551,0.512090,0.879478,0.774056,1.278624,0.040049,0.935606,0.638428
1755158275573,0.510468,0.879880,0.774972,1.278808,0.041670,0.936008,0.663574
1755158275603,0.510715,0.879405,0.777359,1.280027,0.041423,0.935532,0.691650
1755158275619,0.512106,0.878655,0.779018,1.281077,0.040032,0.934783,0.676758
1755158275644,0.509001,0.879936,0.777654,1.279889,0.043138,0.936063,0.683838
1755158275670,0.507981,0.880592,0.775755,1.278782,0.044157,0.936720,0.682373
1755158275695,0.508527,0.880186,0.777108,1.279540,0.043612,0.936314,0.681152
1755158275723,0.515007,0.877318,0.781050,1.282559,0.037132,0.933445,0.687988
1755158275748,0.518282,0.875383,0.785679,1.285381,0.033857,0.931511,0.666260
1755158275770,0.517751,0.875709,0.784875,1.284897,0.034387,0.931836,0.645996
1755158275794,0.520277,0.874428,0.787134,1.286427,0.031861,0.930556,0.615479
1755158275821,0.523462,0.873203,0.787695,1.287230,0.028677,0.929331,0.619385
1755158275850,0.521927,0.874165,0.785328,1.285812,0.030211,0.930292,0.563477
1755158275874,0.524749,0.872262,0.790392,1.288767,0.027390,0.928389,0.597656
1755158275897,0.528341,0.869521,0.798209,1.293193,0.023797,0.925649,0.639404
1755158275920,0.534241,0.866451,0.802942,1.296482,0.017898,0.922578,0.664062
1755158275945,0.536936,0.864892,0.805770,1.298308,0.015203,0.921020,0.653076
1755158275970,0.542766,0.861396,0.812166,1.302387,0.009373,0.917524,0.663330
1755158275997,0.543992,0.859895,0.817095,1.304987,0.008147,0.916023,0.638184
1755158276024,0.547657,0.857151,0.823253,1.308580,0.004482,0.913279,0.650146
1755158276053,0.548950,0.856484,0.824000,1.309155,0.003189,0.912611,0.642822
1755158276072,0.552147,0.854772,0.826065,1.310681,-0.000008,0.910900,0.635010
1755158276095,0.555155,0.852451,0.831050,1.313588,-0.003017,0.908579,0.670166
1755158276121,0.556078,0.851230,0.834730,1.315519,-0.003940,0.907358,0.667725
1755158276144,0.556705,0.850616,0.836276,1.316369,-0.004567,0.906744,0.670898
1755158276174,0.557020,0.849818,0.839105,1.317786,-0.004881,0.905946,0.669922
1755158276199,0.555445,0.850227,0.840030,1.317974,-0.003307,0.906355,0.672119
1755158276221,0.554113,0.850787,0.839911,1.317699,-0.001974,0.906915,0.679688
1755158276245,0.555456,0.850237,0.839971,1.317948,-0.003318,0.906365,0.689941
1755158276270,0.555022,0.850188,0.840899,1.318324,-0.002883,0.906315,0.685059
1755158276296,0.556958,0.849596,0.840135,1.318273,-0.004819,0.905723,0.695801
1755158276325,0.559666,0.848352,0.840763,1.319019,-0.007527,0.904480,0.680664
1755158276351,0.554370,0.851377,0.837003,1.316337,-0.002231,0.907505,0.679932
1755158276372,0.556010,0.850988,0.835879,1.316063,-0.003871,0.907116,0.687256
1755158276396,0.554501,0.851936,0.834402,1.315102,-0.002363,0.908063,0.689453
1755158276420,0.552913,0.853685,0.829546,1.312492,-0.000774,0.909812,0.678711
1755158276448,0.551316,0.854219,0.829964,1.312433,0.000823,0.910347,0.681152
1755158276475,0.550897,0.855259,0.826086,1.310486,0.001241,0.911387,0.663574
1755158276500,0.547998,0.857140,0.822702,1.308369,0.004140,0.913267,0.666260
1755158276521,0.542336,0.860482,0.817307,1.304818,0.009803,0.916610,0.649902
1755158276546,0.536879,0.863815,0.811206,1.300950,0.015260,0.919942,0.627441
1755158276571,0.536548,0.864872,0.806595,1.298647,0.015591,0.921000,0.615723
1755158276597,0.529628,0.868685,0.800141,1.294352,0.022511,0.924813,0.594971
1755158276624,0.528068,0.871417,0.788461,1.288369,0.024070,0.927545,0.573730
1755158276680,0.521089,0.875151,0.781333,1.283707,0.031049,0.931278,0.591553
1755158276697,0.519377,0.876638,0.776043,1.280816,0.032762,0.932766,0.625488
1755158276724,0.516052,0.878584,0.771159,1.277852,0.036087,0.934711,0.617920
1755158276748,0.517693,0.878346,0.769064,1.277090,0.034446,0.934474,0.593994
1755158276776,0.516525,0.879519,0.764082,1.274430,0.035614,0.935646,0.535522
1755158276800,0.515867,0.879823,0.763571,1.274067,0.036271,0.935950,0.505859
1755158276822,0.511270,0.881866,0.760406,1.271732,0.040868,0.937993,0.590088
1755158276847,0.511786,0.880963,0.765269,1.274228,0.040353,0.937090,0.623779
1755158276877,0.510163,0.880926,0.769071,1.275840,0.041975,0.937053,0.625488
1755158276899,0.508391,0.881235,0.770903,1.276452,0.043748,0.937363,0.686035
1755158276926,0.508413,0.880965,0.772552,1.277271,0.043726,0.937093,0.665771
1755158276952,0.512764,0.878677,0.777538,1.280455,0.039374,0.934805,0.681641
1755158276972,0.516216,0.877190,0.779333,1.281913,0.035923,0.933318,0.650391
1755158276997,0.519141,0.875725,0.781971,1.283698,0.032998,0.931853,0.658447
1755158277024,0.519237,0.875273,0.784400,1.284909,0.032902,0.931401,0.651855
1755158277048,0.518862,0.875757,0.782353,1.283840,0.033277,0.931885,0.615967
1755158277075,0.519543,0.875101,0.784769,1.285142,0.032596,0.931229,0.602051
1755158277102,0.522602,0.873648,0.786912,1.286702,0.029537,0.929775,0.578369
1755158277123,0.525009,0.873055,0.785413,1.286365,0.027130,0.929183,0.578857
1755158277147,0.527559,0.871002,0.791774,1.289911,0.024580,0.927130,0.625977
1755158277173,0.530014,0.868571,0.800003,1.294348,0.022125,0.924699,0.640869
1755158277198,0.534991,0.865348,0.807108,1.298640,0.017148,0.921476,0.678223
1755158277227,0.540174,0.863134,0.808476,1.300162,0.011965,0.919261,0.632080
1755158277252,0.540864,0.861580,0.814754,1.303333,0.011275,0.917708,0.621826
1755158277273,0.544789,0.859489,0.817564,1.305346,0.007350,0.915617,0.650146
1755158277298,0.550566,0.855941,0.823600,1.309227,0.001573,0.912068,0.654785
1755158277324,0.552894,0.854313,0.826798,1.311159,-0.000755,0.910441,0.658447
1755158277349,0.552003,0.854129,0.829172,1.312162,0.000136,0.910257,0.633789
1755158277378,0.554110,0.852470,0.832771,1.314249,-0.001971,0.908598,0.676270
1755158277403,0.554131,0.852023,0.834658,1.315165,-0.001993,0.908151,0.670166
1755158277428,0.555472,0.850719,0.837928,1.316964,-0.003333,0.906846,0.668701
1755158277449,0.555879,0.850391,0.838621,1.317366,-0.003741,0.906518,0.686523
1755158277473,0.554676,0.850773,0.839031,1.317366,-0.002537,0.906901,0.681885
1755158277500,0.555896,0.850351,0.838760,1.317435,-0.003757,0.906479,0.682129
1755158277528,0.558203,0.848826,0.841251,1.319014,-0.006064,0.904954,0.687744
1755158277553,0.556188,0.850369,0.838192,1.317209,-0.004049,0.906497,0.674805
1755158277575,0.557239,0.850124,0.837450,1.317023,-0.005100,0.906252,0.691650
1755158277598,0.555780,0.851208,0.835333,1.315761,-0.003641,0.907336,0.679443
1755158277624,0.552995,0.852681,0.833770,1.314550,-0.000857,0.908808,0.686523
1755158277650,0.554191,0.853200,0.829453,1.312657,-0.002052,0.909327,0.683105
1755158277677,0.552211,0.854316,0.827984,1.311621,-0.000073,0.910444,0.685303
1755158277703,0.549676,0.856057,0.824648,1.309588,0.002462,0.912185,0.672119
1755158277726,0.548782,0.857131,0.821347,1.307840,0.003356,0.913258,0.674316
1755158277748,0.544684,0.859832,0.816140,1.304637,0.007455,0.915960,0.657471
1755158277775,0.540108,0.862637,0.811036,1.301399,0.012031,0.918765,0.647461
1755158277801,0.534256,0.865577,0.807325,1.298625,0.017883,0.921705,0.613037
1755158277829,0.531089,0.868100,0.800414,1.294726,0.021050,0.924228,0.623047
1755158277855,0.529428,0.869583,0.795790,1.292188,0.022711,0.925711,0.602295
1755158277875,0.527317,0.871578,0.789073,1.288545,0.024821,0.927706,0.603760
1755158277899,0.524019,0.874415,0.779561,1.283321,0.028119,0.930542,0.574951
1755158277924,0.520196,0.876049,0.777870,1.281853,0.031943,0.932176,0.593262
1755158277951,0.518848,0.876934,0.775364,1.280393,0.033291,0.933062,0.630615
1755158277977,0.516492,0.877918,0.774352,1.279502,0.035647,0.934046,0.644775
1755158278005,0.517396,0.878278,0.770154,1.277579,0.034743,0.934406,0.620361
1755158278027,0.516205,0.878486,0.771443,1.278018,0.035933,0.934613,0.611084
1755158278050,0.516846,0.877866,0.773918,1.279346,0.035293,0.933994,0.650635
1755158278075,0.514863,0.878459,0.774483,1.279296,0.037276,0.934587,0.639893
1755158278101,0.512180,0.879306,0.774924,1.279068,0.039959,0.935434,0.642822
1755158278129,0.512376,0.879143,0.775512,1.279391,0.039763,0.935271,0.674805
1755158278154,0.513113,0.878676,0.776822,1.280160,0.039026,0.934804,0.692139
1755158278175,0.512841,0.878516,0.778351,1.280869,0.039298,0.934644,0.708984
1755158278202,0.510728,0.879433,0.777165,1.279934,0.041411,0.935560,0.678955
1755158278227,0.512737,0.878310,0.779788,1.281561,0.039401,0.934438,0.672607
1755158278252,0.512648,0.877876,0.782526,1.282895,0.039491,0.934004,0.671875
1755158278278,0.514989,0.876629,0.785087,1.284544,0.037150,0.932757,0.662598
1755158278308,0.519958,0.874373,0.788080,1.286839,0.032181,0.930500,0.612061
1755158278350,0.522430,0.872521,0.793492,1.289905,0.029708,0.928648,0.617188
1755158278377,0.524328,0.871470,0.795519,1.291212,0.027811,0.927598,0.592773
1755158278402,0.527709,0.869707,0.798435,1.293199,0.024430,0.925835,0.619385
1755158278428,0.529443,0.868253,0.802721,1.295583,0.022696,0.924381,0.611816
1755158278454,0.536573,0.863913,0.811283,1.300937,0.015565,0.920041,0.704590
1755158278477,0.536570,0.864028,0.810725,1.300665,0.015568,0.920156,0.619873
1755158278501,0.541403,0.860142,0.820553,1.306242,0.010736,0.916269,0.638184
1755158278528,0.545842,0.858133,0.821976,1.307662,0.006296,0.914261,0.665527
1755158278553,0.548621,0.856504,0.824487,1.309337,0.003517,0.912632,0.662354
1755158278579,0.548691,0.855815,0.827455,1.310787,0.003448,0.911943,0.646973
1755158278608,0.552226,0.853994,0.829377,1.312298,-0.000088,0.910122,0.657959
1755158278627,0.552048,0.853394,0.832306,1.313686,0.000090,0.909521,0.657471
1755158278653,0.553024,0.852305,0.835331,1.315309,-0.000885,0.908432,0.676514
1755158278677,0.551529,0.852492,0.837048,1.315894,0.000609,0.908619,0.691650
1755158278705,0.553761,0.851154,0.838963,1.317184,-0.001623,0.907281,0.689453
1755158278730,0.555725,0.850131,0.839963,1.317988,-0.003586,0.906259,0.687988
1755158278759,0.557003,0.850236,0.837377,1.316949,-0.004864,0.906364,0.680908
1755158278778,0.556122,0.850233,0.838877,1.317528,-0.003983,0.906360,0.697510
1755158278802,0.555857,0.850598,0.837788,1.316959,-0.003718,0.906726,0.703369
1755158278842,0.555863,0.850263,0.839184,1.317635,-0.003725,0.906390,0.685303
1755158278859,0.555700,0.850684,0.837691,1.316887,-0.003561,0.906811,0.690918
1755158278906,0.553725,0.853504,0.828929,1.312328,-0.001586,0.909631,0.673584
1755158278930,0.551608,0.854926,0.826327,1.310719,0.000531,0.911053,0.682129
1755158278952,0.549089,0.856923,0.821755,1.308089,0.003050,0.913050,0.688965
1755158278978,0.548355,0.857521,0.820315,1.307269,0.003784,0.913649,0.674561
1755158279003,0.544131,0.860064,0.816045,1.304499,0.008008,0.916192,0.667236
1755158279031,0.538859,0.863373,0.809738,1.300560,0.013280,0.919500,0.643066
1755158279059,0.534759,0.866176,0.803366,1.296775,0.017379,0.922304,0.628662
1755158279079,0.530929,0.868918,0.796420,1.292745,0.021209,0.925046,0.576416
1755158279104,0.526115,0.872025,0.788992,1.288306,0.026024,0.928152,0.579590
1755158279129,0.520506,0.875030,0.783235,1.284547,0.031633,0.931157,0.559082
1755158279158,0.517073,0.877223,0.777357,1.281081,0.035066,0.933351,0.589111
1755158279181,0.514419,0.879482,0.769032,1.276529,0.037720,0.935609,0.614746
1755158279208,0.508380,0.881990,0.766077,1.274061,0.043759,0.938118,0.591064
1755158279230,0.510954,0.881164,0.765800,1.274352,0.041185,0.937292,0.628662
1755158279254,0.511707,0.880555,0.768093,1.275613,0.040432,0.936682,0.593994
1755158279279,0.508784,0.881583,0.767838,1.275000,0.043355,0.937711,0.652100
1755158279306,0.506695,0.881547,0.772518,1.276968,0.045444,0.937674,0.667480
1755158279333,0.508931,0.880593,0.773782,1.277965,0.043208,0.936721,0.671143
1755158279358,0.511189,0.879748,0.774284,1.278587,0.040949,0.935875,0.671143
1755158279380,0.513170,0.878866,0.775553,1.279543,0.038969,0.934993,0.665283
1755158279403,0.514538,0.878077,0.777488,1.280725,0.037600,0.934205,0.658447
1755158279432,0.511499,0.879104,0.777567,1.280260,0.040640,0.935232,0.667725
1755158279455,0.515261,0.876812,0.783491,1.283804,0.036878,0.932940,0.661621
1755158279482,0.515646,0.876921,0.782083,1.283174,0.036493,0.933049,0.642822
1755158279510,0.517016,0.876367,0.782551,1.283631,0.035123,0.932494,0.631836
1755158279531,0.519296,0.875263,0.784335,1.284887,0.032842,0.931391,0.625732
1755158279554,0.521380,0.874245,0.785976,1.286040,0.030759,0.930372,0.594238
1755158279580,0.523782,0.872988,0.788264,1.287562,0.028357,0.929116,0.583008
1755158279606,0.526404,0.871665,0.790415,1.289052,0.025735,0.927792,0.587402
1755158279634,0.527835,0.869568,0.798927,1.293461,0.024303,0.925695,0.616211
1755158279661,0.531793,0.867197,0.803735,1.296466,0.020346,0.923324,0.660400
1755158279681,0.533248,0.864977,0.812113,1.300794,0.018891,0.921104,0.670654
1755158279704,0.536666,0.863502,0.813110,1.301842,0.015473,0.919629,0.621582
1755158279729,0.542730,0.860214,0.817864,1.305153,0.009409,0.916341,0.623047
1755158279758,0.547035,0.857493,0.822795,1.308256,0.005103,0.913620,0.656982
1755158279790,0.549771,0.856103,0.824274,1.309422,0.002368,0.912230,0.661133
1755158279811,0.550929,0.855150,0.826516,1.310700,0.001210,0.911278,0.671143
1755158279831,0.554334,0.852834,0.830808,1.313336,-0.002195,0.908961,0.652344
1755158279855,0.554750,0.851987,0.833756,1.314830,-0.002611,0.908115,0.638428
1755158279881,0.554471,0.851981,0.834260,1.315028,-0.002333,0.908108,0.656982
1755158279906,0.554744,0.851942,0.833961,1.314929,-0.002605,0.908069,0.669434
1755158279933,0.557066,0.850221,0.837333,1.316938,-0.004928,0.906349,0.684326
1755158279963,0.558495,0.848727,0.841173,1.319025,-0.006357,0.904855,0.680420
1755158279981,0.558835,0.848996,0.839483,1.318266,-0.006696,0.905124,0.684570
1755158280005,0.557471,0.849439,0.839930,1.318258,-0.005332,0.905567,0.708984
1755158280030,0.556229,0.850330,0.838289,1.317262,-0.004090,0.906458,0.697998
1755158280056,0.554881,0.851244,0.836706,1.316277,-0.002743,0.907371,0.688965
1755158280084,0.555202,0.851384,0.835566,1.315779,-0.003063,0.907512,0.688721
1755158280112,0.554035,0.852407,0.833172,1.314431,-0.001896,0.908535,0.699951
1755158280131,0.552911,0.853701,0.829477,1.312459,-0.000773,0.909829,0.696289
1755158280156,0.551812,0.854859,0.826266,1.310724,0.000326,0.910987,0.693848
1755158280180,0.552175,0.855468,0.822877,1.309140,-0.000036,0.911596,0.685791
1755158280208,0.548482,0.857673,0.819382,1.306837,0.003657,0.913801,0.713135
1755158280234,0.543768,0.860348,0.815356,1.304105,0.008370,0.916476,0.684814
1755158280265,0.540320,0.862600,0.810824,1.301331,0.011819,0.918728,0.690918
1755158280285,0.541220,0.862675,0.808786,1.300486,0.010919,0.918803,0.698975
1755158280312,0.536082,0.864894,0.807354,1.298940,0.016056,0.921021,0.676514
1755158280332,0.529695,0.868949,0.798633,1.293625,0.022443,0.925077,0.656738
1755158280358,0.528663,0.870154,0.794213,1.291289,0.023476,0.926282,0.617188
1755158280384,0.525892,0.871524,0.792197,1.289842,0.026247,0.927652,0.616699
1755158280411,0.521033,0.874677,0.784197,1.285107,0.031105,0.930805,0.594971
1755158280433,0.518910,0.875808,0.781957,1.283653,0.033228,0.931936,0.646973
1755158280456,0.518573,0.877249,0.774025,1.279686,0.033566,0.933376,0.636230
1755158280489,0.515060,0.879116,0.769956,1.277092,0.037078,0.935244,0.648926
1755158280508,0.515521,0.879044,0.769407,1.276898,0.036618,0.935172,0.657227
1755158280535,0.515592,0.879065,0.769119,1.276767,0.036546,0.935192,0.685303
1755158280590,0.515871,0.878407,0.772657,1.278562,0.036268,0.934534,0.697754
1755158280609,0.516442,0.877953,0.774244,1.279440,0.035697,0.934081,0.670410
1755158280633,0.515004,0.878446,0.774267,1.279213,0.037134,0.934573,0.636719
1755158280659,0.514034,0.878711,0.774687,1.279259,0.038105,0.934838,0.666260
1755158280685,0.517336,0.877430,0.775551,1.280234,0.034803,0.933558,0.651611
1755158280715,0.515070,0.878971,0.770854,1.277538,0.037068,0.935098,0.644287
1755158280757,0.517701,0.878084,0.770707,1.277903,0.034438,0.934212,0.609375
1755158280782,0.521382,0.876240,0.774175,1.280228,0.030757,0.932368,0.644531
1755158280810,0.524193,0.875046,0.775398,1.281299,0.027946,0.931174,0.624756
1755158280837,0.524423,0.874995,0.775213,1.281246,0.027716,0.931122,0.576904
1755158280862,0.527746,0.872809,0.781167,1.284731,0.024393,0.928936,0.565918
1755158280884,0.527926,0.870105,0.795907,1.291997,0.024213,0.926233,0.588623
1755158280907,0.531274,0.867556,0.802870,1.295958,0.020865,0.923684,0.606689
1755158280932,0.534144,0.864815,0.811288,1.300539,0.017995,0.920943,0.620850
1755158280959,0.539323,0.862615,0.812579,1.302021,0.012815,0.918743,0.601562
1755158280987,0.545266,0.859630,0.816041,1.304684,0.006873,0.915757,0.641357
1755158281014,0.548636,0.857492,0.819942,1.307134,0.003502,0.913620,0.648193
1755158281035,0.550491,0.855779,0.824465,1.309633,0.001648,0.911906,0.646484
1755158281058,0.552874,0.854230,0.827205,1.311353,-0.000736,0.910357,0.660400
1755158281084,0.553263,0.853042,0.831748,1.313616,-0.001125,0.909170,0.642578
1755158281110,0.553796,0.852157,0.834654,1.315108,-0.001658,0.908285,0.653564
1755158281136,0.554256,0.851487,0.836729,1.316186,-0.002117,0.907615,0.667969
1755158281164,0.554949,0.851029,0.837498,1.316671,-0.002810,0.907157,0.686279
1755158281185,0.555492,0.850009,0.840859,1.318382,-0.003353,0.906137,0.669678
1755158281209,0.554741,0.850366,0.840625,1.318146,-0.002602,0.906493,0.677490
1755158281236,0.557419,0.849410,0.840137,1.318349,-0.005281,0.905538,0.686523
1755158281261,0.554912,0.850176,0.841128,1.318417,-0.002773,0.906304,0.693604
1755158281286,0.556244,0.849739,0.840730,1.318443,-0.004106,0.905867,0.684082
1755158281315,0.555879,0.849751,0.841287,1.318652,-0.003741,0.905879,0.681641
1755158281336,0.554557,0.850419,0.840707,1.318156,-0.002418,0.906547,0.674805
1755158281359,0.554345,0.850876,0.839155,1.317372,-0.002206,0.907003,0.690430
1755158281385,0.552378,0.852061,0.837451,1.316227,-0.000239,0.908189,0.681641
1755158281413,0.551752,0.853269,0.833350,1.314143,0.000387,0.909397,0.674805
1755158281436,0.549838,0.854748,0.830190,1.312300,0.002301,0.910875,0.677490
1755158281466,0.547149,0.856965,0.824989,1.309339,0.004989,0.913092,0.670654
1755158281487,0.545811,0.858257,0.821464,1.307409,0.006328,0.914384,0.667236
1755158281509,0.539874,0.862003,0.814524,1.303059,0.012265,0.918130,0.653564
1755158281536,0.535536,0.864536,0.810126,1.300202,0.016603,0.920664,0.638428
1755158281562,0.530862,0.867584,0.803498,1.296197,0.021276,0.923711,0.553589
1755158281585,0.528779,0.869046,0.799867,1.294077,0.023360,0.925174,0.583740
1755158281614,0.526352,0.871292,0.792566,1.290099,0.025787,0.927419,0.575439
1755158281637,0.521949,0.873898,0.786804,1.286541,0.030190,0.930025,0.553955
1755158281659,0.517300,0.876539,0.780966,1.282898,0.034839,0.932666,0.557495
1755158281685,0.516518,0.877183,0.778756,1.281679,0.035621,0.933310,0.614258
1755158281711,0.514626,0.878782,0.772991,1.278520,0.037513,0.934909,0.598389
1755158281738,0.511392,0.879429,0.775813,1.279377,0.040747,0.935557,0.620605
1755158281766,0.507085,0.881492,0.772047,1.276800,0.045054,0.937619,0.591797
1755158281787,0.509869,0.880806,0.770464,1.276480,0.042269,0.936934,0.619141
1755158281810,0.510367,0.880361,0.772206,1.277424,0.041772,0.936489,0.661865
1755158281836,0.510595,0.879949,0.774283,1.278489,0.041543,0.936077,0.652100
1755158281862,0.509106,0.880294,0.775258,1.278723,0.043033,0.936422,0.664307
1755158281889,0.509828,0.879857,0.776439,1.279426,0.042310,0.935984,0.665039
1755158281916,0.511162,0.879240,0.777439,1.280141,0.040977,0.935368,0.656982
1755158281939,0.514308,0.877640,0.780572,1.282207,0.037831,0.933767,0.644043
1755158281961,0.515887,0.876801,0.782295,1.283318,0.036252,0.932929,0.674805
1755158281986,0.518282,0.875270,0.786325,1.285698,0.033857,0.931398,0.645508
1755158282013,0.518462,0.876627,0.778040,1.281649,0.033677,0.932754,0.600586
1755158282038,0.522120,0.874970,0.780260,1.283350,0.030019,0.931097,0.583740
1755158282067,0.523996,0.873464,0.785141,1.286063,0.028143,0.929592,0.583008
1755158282088,0.526628,0.871723,0.789645,1.288712,0.025511,0.927851,0.601562
1755158282111,0.530686,0.868104,0.801154,1.295022,0.021453,0.924232,0.679443
1755158282136,0.534882,0.865386,0.807125,1.298630,0.017257,0.921513,0.666504
1755158282162,0.533311,0.864826,0.812734,1.301107,0.018828,0.920953,0.590088
1755158282191,0.540833,0.860950,0.817791,1.304806,0.011306,0.917078,0.648926
1755158282217,0.547122,0.858266,0.819078,1.306466,0.005016,0.914394,0.643066
1755158282239,0.548976,0.856628,0.823301,1.308820,0.003163,0.912755,0.650635
1755158282265,0.551500,0.854418,0.828773,1.311887,0.000639,0.910545,0.646729
1755158282287,0.553678,0.852967,0.831360,1.313496,-0.001539,0.909095,0.656494
1755158282314,0.553473,0.852203,0.835007,1.315226,-0.001334,0.908330,0.649170
1755158282340,0.553636,0.852046,0.835401,1.315443,-0.001497,0.908174,0.657227
1755158282367,0.554555,0.850827,0.839010,1.317336,-0.002416,0.906954,0.657227
1755158282389,0.555256,0.850640,0.838622,1.317264,-0.003117,0.906767,0.684326
1755158282412,0.557697,0.848803,0.842188,1.319384,-0.005558,0.904931,0.681152
1755158282437,0.557668,0.849132,0.840876,1.318746,-0.005529,0.905260,0.667725
1755158282464,0.556874,0.849218,0.841841,1.319082,-0.004735,0.905346,0.667969
1755158282489,0.555472,0.849959,0.841101,1.318496,-0.003334,0.906086,0.686768
1755158282519,0.555564,0.850146,0.840171,1.318062,-0.003425,0.906273,0.668701
1755158282540,0.556162,0.850301,0.838524,1.317365,-0.004024,0.906428,0.681152
1755158282562,0.553432,0.851805,0.836769,1.316070,-0.001293,0.907933,0.683350
1755158282588,0.550837,0.853943,0.831991,1.313335,0.001301,0.910071,0.682129
1755158282614,0.548378,0.855528,0.829265,1.311613,0.003761,0.911656,0.655518
1755158282640,0.547843,0.856837,0.824350,1.309143,0.004296,0.912965,0.667236
1755158282668,0.542375,0.859644,0.821143,1.306688,0.009764,0.915771,0.667725
1755158282692,0.539203,0.861992,0.815781,1.303560,0.012936,0.918120,0.658447
1755158282714,0.534986,0.864634,0.810650,1.300367,0.017153,0.920761,0.642578
1755158282740,0.534802,0.865689,0.805750,1.297946,0.017336,0.921817,0.631348
1755158282763,0.529151,0.868338,0.802833,1.295589,0.022988,0.924465,0.580322
1755158282790,0.525659,0.870878,0.796138,1.291736,0.026479,0.927006,0.542603
1755158282820,0.525534,0.871658,0.792169,1.289769,0.026605,0.927785,0.555908
1755158282840,0.520702,0.875122,0.782299,1.284118,0.031437,0.931249,0.530273
1755158282864,0.517875,0.876455,0.780282,1.282656,0.034264,0.932582,0.539429
1755158282890,0.519167,0.876037,0.780086,1.282774,0.032972,0.932164,0.572510
1755158282919,0.517971,0.876760,0.778264,1.281677,0.034168,0.932888,0.600342
1755158282941,0.514588,0.878610,0.774137,1.279079,0.037551,0.934737,0.598145
1755158282967,0.512166,0.879549,0.773457,1.278341,0.039973,0.935677,0.630371
1755158282991,0.511465,0.879673,0.774166,1.278575,0.040673,0.935801,0.647217
1755158283014,0.507601,0.881465,0.771125,1.276430,0.044538,0.937593,0.656006
1755158283039,0.508962,0.880287,0.775602,1.278869,0.043176,0.936414,0.652832
1755158283065,0.510513,0.879611,0.776526,1.279583,0.041625,0.935738,0.678467
1755158283090,0.510988,0.879476,0.776365,1.279582,0.041150,0.935604,0.690674
1755158283120,0.512695,0.878686,0.777627,1.280488,0.039443,0.934814,0.654053
1755158283141,0.511349,0.879165,0.777505,1.280205,0.040789,0.935293,0.690674
1755158283164,0.513040,0.878332,0.779042,1.281243,0.039098,0.934460,0.679688
1755158283188,0.515492,0.877212,0.780689,1.282462,0.036646,0.933339,0.650879
1755158283216,0.518165,0.875658,0.784339,1.284702,0.033974,0.931786,0.630615
1755158283243,0.517187,0.876010,0.784273,1.284508,0.034952,0.932138,0.591797
1755158283271,0.521112,0.874415,0.785542,1.285782,0.031027,0.930543,0.595215
1755158283292,0.524176,0.873044,0.787161,1.287086,0.027963,0.929172,0.540527
1755158283316,0.528968,0.869960,0.794664,1.291560,0.023170,0.926088,0.650146
1755158283339,0.533976,0.866612,0.802617,1.296280,0.018163,0.922740,0.675293
1755158283366,0.540373,0.862606,0.810698,1.301278,0.011766,0.918734,0.668701
1755158283391,0.538505,0.862616,0.814057,1.302606,0.013634,0.918744,0.609131
1755158283421,0.543591,0.859619,0.819104,1.305898,0.008548,0.915747,0.641846
1755158283444,0.543535,0.858577,0.823995,1.308263,0.008604,0.914705,0.664551
1755158283468,0.547687,0.856356,0.826784,1.310297,0.004452,0.912484,0.651855
1755158283495,0.553359,0.852790,0.832676,1.314080,-0.001220,0.908918,0.647949
1755158283518,0.554385,0.851626,0.835923,1.315818,-0.002246,0.907753,0.657471
1755158283541,0.552510,0.852367,0.835932,1.315515,-0.000371,0.908495,0.676270
1755158283571,0.554177,0.850919,0.839253,1.317392,-0.002038,0.907047,0.692383
1755158283593,0.556599,0.849289,0.842005,1.319116,-0.004461,0.905416,0.688965
1755158283616,0.556509,0.848612,0.844927,1.320510,-0.004370,0.904739,0.694092
1755158283643,0.555050,0.849656,0.843046,1.319365,-0.002911,0.905784,0.696045
1755158283668,0.556496,0.848508,0.845369,1.320720,-0.004358,0.904635,0.700195
1755158283692,0.558913,0.847259,0.846478,1.321650,-0.006774,0.903387,0.709961
1755158283722,0.558543,0.847646,0.845522,1.321129,-0.006404,0.903773,0.724609
1755158283744,0.559085,0.847441,0.845463,1.321189,-0.006946,0.903569,0.720947
1755158283766,0.557741,0.848371,0.843887,1.320210,-0.005602,0.904499,0.726807
1755158283793,0.556769,0.849184,0.842157,1.319217,-0.004630,0.905311,0.726807
1755158283822,0.553251,0.851456,0.838545,1.316898,-0.001113,0.907583,0.718994
1755158283845,0.553738,0.851766,0.836420,1.315952,-0.001600,0.907893,0.720215
1755158283871,0.552958,0.852850,0.833103,1.314221,-0.000819,0.908978,0.736572
1755158283893,0.549776,0.854932,0.829488,1.311950,0.002362,0.911059,0.734131
1755158283918,0.547750,0.856499,0.826034,1.309944,0.004389,0.912627,0.730469
1755158283968,0.542238,0.860539,0.817214,1.304756,0.009900,0.916667,0.722412
1755158283993,0.539175,0.862536,0.813228,1.302313,0.012963,0.918664,0.705322
1755158284021,0.536261,0.864754,0.807719,1.299148,0.015877,0.920881,0.702637
1755158284043,0.530161,0.867920,0.803088,1.295880,0.021978,0.924048,0.699463
1755158284067,0.527769,0.869716,0.798272,1.293129,0.024369,0.925844,0.634277
1755158284091,0.525951,0.870998,0.794934,1.291194,0.026188,0.927126,0.614990
1755158284118,0.523534,0.873037,0.788485,1.287630,0.028604,0.929165,0.602295
1755158284144,0.518387,0.875514,0.784721,1.284927,0.033752,0.931642,0.635742
1755158284171,0.515312,0.876532,0.785004,1.284557,0.036827,0.932660,0.631348
1755158284194,0.512850,0.878452,0.778710,1.281048,0.039288,0.934580,0.662109
1755158284218,0.513484,0.879311,0.772138,1.277908,0.038655,0.935438,0.638184
1755158284243,0.513402,0.879300,0.772378,1.278013,0.038736,0.935428,0.674072
1755158284267,0.512383,0.879916,0.770699,1.277014,0.039755,0.936043,0.697266
1755158284296,0.510894,0.880221,0.771965,1.277392,0.041245,0.936349,0.712402
1755158284322,0.511014,0.879526,0.776009,1.279410,0.041125,0.935653,0.708984
1755158284346,0.514329,0.878274,0.776734,1.280318,0.037809,0.934401,0.695801
1755158284368,0.513752,0.877954,0.779838,1.281754,0.038387,0.934082,0.709717
1755158284393,0.514119,0.878239,0.777382,1.280604,0.038019,0.934366,0.710938
1755158284417,0.519749,0.875526,0.781889,1.283759,0.032389,0.931654,0.733398
1755158284444,0.522044,0.874666,0.782198,1.284291,0.030095,0.930794,0.691650
1755158284475,0.522432,0.874887,0.780093,1.283320,0.029706,0.931015,0.635254
1755158284495,0.522008,0.874176,0.785100,1.285713,0.030131,0.930304,0.645752
1755158284519,0.525900,0.872465,0.786954,1.287270,0.026239,0.928593,0.623047
1755158284543,0.523825,0.872170,0.792706,1.289750,0.028314,0.928297,0.582031
1755158284569,0.528193,0.870157,0.795115,1.291653,0.023946,0.926284,0.660889
1755158284594,0.528043,0.867815,0.807508,1.297691,0.024095,0.923943,0.666748
1755158284622,0.536176,0.863915,0.811995,1.301219,0.015963,0.920042,0.736328
1755158284646,0.537139,0.863463,0.812441,1.301594,0.015000,0.919591,0.654053
1755158284669,0.540071,0.861223,0.817866,1.304717,0.012067,0.917350,0.698975
1755158284693,0.543520,0.859123,0.821525,1.307062,0.008618,0.915251,0.724854
1755158284719,0.546707,0.857413,0.823734,1.308657,0.005431,0.913541,0.716064
1755158284746,0.550690,0.854295,0.830708,1.312690,0.001449,0.910423,0.721680
1755158284774,0.548241,0.854378,0.834504,1.314126,0.003898,0.910505,0.707031
1755158284797,0.549634,0.853561,0.835669,1.314917,0.002505,0.909689,0.712158
1755158284821,0.550574,0.853306,0.835184,1.314837,0.001565,0.909433,0.712646
1755158284846,0.551406,0.853015,0.835029,1.314898,0.000732,0.909142,0.727539
1755158284873,0.555674,0.850605,0.838065,1.317064,-0.003535,0.906733,0.718994
1755158284897,0.555477,0.850616,0.838351,1.317169,-0.003339,0.906743,0.729248
1755158284924,0.555408,0.850260,0.839958,1.317933,-0.003269,0.906387,0.722656
1755158284947,0.560044,0.847542,0.843470,1.320385,-0.007905,0.903669,0.753906
1755158284975,0.561276,0.847288,0.842456,1.320099,-0.009137,0.903416,0.750000
1755158284994,0.561872,0.847436,0.840844,1.319419,-0.009733,0.903564,0.771973
1755158285020,0.561655,0.848175,0.838135,1.318077,-0.009517,0.904302,0.783447
1755158285045,0.560770,0.848915,0.836536,1.317160,-0.008631,0.905042,0.776611
1755158285077,0.557838,0.850187,0.836168,1.316502,-0.005699,0.906314,0.735840
1755158285099,0.557747,0.850890,0.833320,1.315111,-0.005608,0.907018,0.723877
1755158285121,0.552817,0.852710,0.833948,1.314606,-0.000678,0.908837,0.718262
1755158285144,0.553572,0.852777,0.832370,1.313967,-0.001433,0.908904,0.690430
1755158285170,0.550031,0.854896,0.829208,1.311856,0.002108,0.911023,0.690186
1755158285196,0.548630,0.856468,0.824634,1.309410,0.003509,0.912596,0.703369
1755158285224,0.545737,0.858779,0.819180,1.306287,0.006401,0.914907,0.687500
1755158285250,0.542981,0.861923,0.809198,1.300977,0.009158,0.918051,0.667236
1755158285273,0.538347,0.863555,0.809788,1.300501,0.013791,0.919682,0.647949
1755158285296,0.534539,0.865656,0.806409,1.298224,0.017600,0.921783,0.641602
1755158285321,0.531786,0.868247,0.798313,1.293813,0.020353,0.924375,0.560303
1755158285346,0.529116,0.870628,0.790736,1.289659,0.023023,0.926756,0.554199
1755158285374,0.524902,0.872180,0.790539,1.288864,0.027237,0.928308,0.543213
1755158285405,0.519297,0.875525,0.782818,1.284141,0.032841,0.931653,0.552490
1755158285422,0.519476,0.876112,0.778997,1.282289,0.032663,0.932240,0.557129
1755158285445,0.515832,0.879806,0.763760,1.274155,0.036306,0.935934,0.540405
1755158285472,0.513970,0.880005,0.766658,1.275280,0.038169,0.936132,0.585938
1755158285500,0.512789,0.880705,0.764719,1.274122,0.039350,0.936832,0.583496
1755158285526,0.510677,0.881020,0.767350,1.275073,0.041462,0.937147,0.613770
1755158285548,0.512240,0.879669,0.772554,1.277907,0.039898,0.935797,0.586914
1755158285574,0.509687,0.880547,0.772481,1.277447,0.042452,0.936675,0.604248
1755158285598,0.511740,0.879568,0.774239,1.278657,0.040399,0.935695,0.606934
1755158285621,0.514544,0.878545,0.774633,1.279317,0.037595,0.934672,0.594727
1755158285647,0.514472,0.878493,0.775102,1.279536,0.037667,0.934620,0.585205
1755158285676,0.517082,0.876958,0.778929,1.281858,0.035057,0.933086,0.646729
1755158285700,0.521142,0.875666,0.778170,1.282158,0.030997,0.931794,0.604980
1755158285723,0.518957,0.876718,0.776450,1.280947,0.033182,0.932845,0.582031
1755158285755,0.519713,0.876359,0.777017,1.281352,0.032426,0.932487,0.563721
1755158285773,0.521782,0.875608,0.777167,1.281770,0.030357,0.931735,0.563965
1755158285798,0.525741,0.872721,0.785823,1.286687,0.026397,0.928849,0.598389
1755158285826,0.529897,0.870317,0.790887,1.289863,0.022241,0.926445,0.608643
1755158285851,0.531925,0.868176,0.798417,1.293887,0.020214,0.924304,0.637939
1755158285875,0.539003,0.864414,0.804279,1.297921,0.013136,0.920541,0.636230
1755158285898,0.537909,0.864212,0.807351,1.299240,0.014230,0.920340,0.573730
1755158285921,0.544435,0.859863,0.816446,1.304744,0.007704,0.915990,0.632080
1755158285949,0.548892,0.857108,0.821257,1.307815,0.003247,0.913235,0.649414
1755158285979,0.550974,0.855547,0.824658,1.309806,0.001165,0.911674,0.659668
1755158286001,0.552629,0.854747,0.825325,1.310402,-0.000490,0.910875,0.657715
1755158286023,0.554465,0.852786,0.830789,1.313349,-0.002326,0.908913,0.659668
1755158286047,0.554586,0.852512,0.831772,1.313844,-0.002447,0.908640,0.657471
1755158286073,0.554937,0.851442,0.835771,1.315835,-0.002798,0.907569,0.665527
1755158286098,0.553916,0.851509,0.837209,1.316362,-0.001778,0.907636,0.682373
1755158286127,0.554311,0.851041,0.838518,1.317059,-0.002172,0.907169,0.688721
1755158286151,0.556685,0.849827,0.839631,1.317984,-0.004546,0.905954,0.682617
1755158286173,0.558136,0.849124,0.840128,1.318462,-0.005998,0.905251,0.703613
1755158286198,0.557204,0.849370,0.840665,1.318568,-0.005066,0.905497,0.683350
1755158286224,0.558230,0.849470,0.838522,1.317703,-0.006091,0.905598,0.685303
1755158286248,0.556225,0.850331,0.838289,1.317262,-0.004086,0.906459,0.687988
1755158286277,0.555841,0.850935,0.836388,1.316281,-0.003703,0.907063,0.698730
1755158286303,0.556964,0.850815,0.834986,1.315788,-0.004826,0.906943,0.677979
1755158286325,0.557164,0.850927,0.834168,1.315425,-0.005025,0.907054,0.671875
1755158286348,0.555883,0.851512,0.833857,1.315065,-0.003745,0.907639,0.676025
1755158286373,0.553537,0.853174,0.830702,1.313154,-0.001399,0.909301,0.687012
1755158286400,0.552759,0.854293,0.827127,1.311296,-0.000620,0.910420,0.672852
1755158286429,0.549454,0.856796,0.821680,1.308113,0.002685,0.912924,0.668945
1755158286453,0.543531,0.860040,0.817245,1.304984,0.008608,0.916167,0.657715
1755158286474,0.537192,0.864033,0.809562,1.300200,0.014946,0.920161,0.640625
1755158286500,0.535092,0.865776,0.804772,1.297517,0.017046,0.921903,0.636963
1755158286523,0.533225,0.867552,0.799188,1.294479,0.018914,0.923679,0.606445
1755158286549,0.529772,0.869531,0.795402,1.292055,0.022367,0.925658,0.567871
1755158286579,0.529073,0.870867,0.789503,1.289047,0.023066,0.926994,0.570557
1755158286602,0.524165,0.874674,0.777709,1.282433,0.027974,0.930801,0.562988
1755158286626,0.520470,0.876912,0.771998,1.279002,0.031668,0.933040,0.590576
1755158286649,0.519237,0.877950,0.768160,1.276900,0.032902,0.934078,0.614258
1755158286675,0.517429,0.877895,0.772487,1.278737,0.034710,0.934022,0.595947
1755158286701,0.518709,0.877167,0.774234,1.279812,0.033430,0.933295,0.652344
1755158286730,0.516058,0.878650,0.770727,1.277639,0.036081,0.934778,0.642334
1755158286753,0.511580,0.880602,0.768069,1.275579,0.040559,0.936729,0.583008
1755158286776,0.512136,0.880090,0.770131,1.276692,0.040003,0.936218,0.612305
1755158286803,0.513225,0.879170,0.773563,1.278569,0.038914,0.935298,0.643555
1755158286825,0.512262,0.879515,0.773463,1.278360,0.039876,0.935643,0.659180
1755158286850,0.509966,0.880545,0.771901,1.277207,0.042173,0.936673,0.678467
1755158286878,0.514598,0.878574,0.774338,1.279181,0.037540,0.934701,0.642822
1755158286905,0.517435,0.877255,0.776403,1.280671,0.034704,0.933383,0.634277
1755158286927,0.516347,0.878146,0.773256,1.278937,0.035792,0.934274,0.642578
1755158286949,0.519536,0.876376,0.777294,1.281459,0.032603,0.932503,0.602051
1755158286974,0.518484,0.876913,0.776267,1.280778,0.033654,0.933040,0.604492
1755158287001,0.521347,0.876006,0.775685,1.280967,0.030792,0.932133,0.604492
1755158287029,0.523596,0.875253,0.775427,1.281214,0.028543,0.931381,0.582520
1755158287054,0.521823,0.876154,0.773748,1.280091,0.030316,0.932282,0.568359
1755158287077,0.522081,0.875931,0.774560,1.280534,0.030057,0.932059,0.565918
1755158287100,0.526734,0.872447,0.785362,1.286625,0.025405,0.928574,0.576904
1755158287126,0.530236,0.869380,0.795306,1.292085,0.021903,0.925507,0.578857
1755158287152,0.533126,0.866669,0.803929,1.296780,0.019013,0.922796,0.614990
1755158287179,0.535138,0.865088,0.808131,1.299164,0.017001,0.921216,0.636963
1755158287204,0.543120,0.861599,0.810527,1.301647,0.009019,0.917726,0.647705
1755158287228,0.546867,0.859277,0.814784,1.304337,0.005272,0.915405,0.663086
1755158287251,0.550955,0.856532,0.820197,1.307639,0.001184,0.912659,0.654297
1755158287276,0.553088,0.854812,0.824217,1.309940,-0.000949,0.910939,0.650879
1755158287507,0.560311,0.849206,0.836089,1.316869,-0.008173,0.905334,0.701416
1755158287527,0.560194,0.848878,0.837678,1.317617,-0.008055,0.905005,0.693848
1755158287629,0.555551,0.851917,0.832684,1.314443,-0.003412,0.908044,0.677002
1755158287657,0.553127,0.854054,0.827539,1.311556,-0.000989,0.910182,0.666748
1755158287678,0.550846,0.856053,0.822589,1.308782,0.001293,0.912181,0.671631
1755158287702,0.546472,0.859012,0.816763,1.305234,0.005666,0.915139,0.678711
1755158287728,0.540639,0.862168,0.812337,1.302120,0.011499,0.918296,0.665527
1755158287752,0.535811,0.864646,0.809081,1.299738,0.016328,0.920774,0.645020
1755158287781,0.533626,0.866768,0.802479,1.296154,0.018513,0.922896,0.630371
1755158287805,0.530677,0.868980,0.796581,1.292782,0.021462,0.925108,0.584961
1755158287829,0.527927,0.870663,0.792899,1.290523,0.024211,0.926790,0.589600
1755158287852,0.522895,0.873700,0.786026,1.286316,0.029244,0.929827,0.560181
1755158287878,0.520143,0.875132,0.783381,1.284558,0.031996,0.931259,0.571045
1755158287907,0.515488,0.878221,0.774621,1.279468,0.036651,0.934349,0.582031
1755158287932,0.511946,0.879920,0.771613,1.277393,0.040193,0.936047,0.566895
1755158287959,0.509692,0.881065,0.769199,1.275825,0.042446,0.937192,0.627686
1755158287979,0.510010,0.881607,0.764986,1.273792,0.042128,0.937735,0.641602
1755158288003,0.509344,0.881354,0.768101,1.275223,0.042795,0.937481,0.643066
1755158288030,0.508462,0.881414,0.769617,1.275827,0.043677,0.937542,0.674561
1755158288054,0.507632,0.881420,0.771347,1.276545,0.044507,0.937547,0.667969
1755158288082,0.510317,0.880195,0.773344,1.277978,0.041822,0.936323,0.663818
1755158288107,0.509291,0.880455,0.773888,1.278077,0.042848,0.936582,0.679199
1755158288129,0.511037,0.879476,0.776266,1.279541,0.041102,0.935603,0.666260
1755158288154,0.509828,0.879883,0.776279,1.279347,0.042310,0.936011,0.636230
1755158288179,0.514748,0.877762,0.778945,1.281478,0.037390,0.933890,0.633301
1755158288204,0.515602,0.877344,0.779679,1.281982,0.036537,0.933472,0.620850
1755158288230,0.516879,0.876655,0.781140,1.282914,0.035260,0.932783,0.564941
1755158288262,0.518300,0.875743,0.783575,1.284348,0.033838,0.931871,0.585205
1755158288282,0.521853,0.874279,0.784826,1.285553,0.030286,0.930406,0.545898
1755158288305,0.525860,0.871847,0.790485,1.288997,0.026278,0.927975,0.591064
1755158288329,0.526432,0.870826,0.794929,1.291271,0.025706,0.926954,0.611816
1755158288355,0.532363,0.867531,0.800945,1.295196,0.019776,0.923659,0.627686
1755158288382,0.533246,0.866013,0.807011,1.298305,0.018892,0.922141,0.676025
1755158288411,0.539982,0.862477,0.812044,1.301869,0.012156,0.918605,0.680664
1755158288432,0.544163,0.859414,0.819041,1.305961,0.007975,0.915541,0.647217
1755158288454,0.548588,0.857233,0.821225,1.307749,0.003551,0.913361,0.630859
1755158288480,0.550667,0.855702,0.824502,1.309680,0.001472,0.911829,0.654297
1755158288506,0.554518,0.853455,0.827750,1.311887,-0.002380,0.909583,0.667236
1755158288534,0.553600,0.853138,0.830751,1.313188,-0.001461,0.909265,0.660645
1755158288558,0.554652,0.852461,0.831879,1.313907,-0.002514,0.908588,0.668945
1755158288582,0.554629,0.852037,0.833750,1.314808,-0.002490,0.908164,0.686768
1755158288605,0.554273,0.852101,0.834081,1.314909,-0.002135,0.908229,0.694092
1755158288630,0.556710,0.850458,0.836938,1.316689,-0.004572,0.906585,0.701904
1755158288660,0.557673,0.849891,0.837699,1.317214,-0.005534,0.906019,0.688721
1755158288684,0.557914,0.850049,0.836624,1.316734,-0.005775,0.906176,0.680664
1755158288708,0.556736,0.850619,0.836212,1.316343,-0.004598,0.906746,0.696777
1755158288731,0.558241,0.849629,0.837836,1.317373,-0.006103,0.905757,0.691650
1755158288756,0.556360,0.850870,0.835783,1.316074,-0.004222,0.906998,0.694824
1755158288779,0.554060,0.852265,0.833743,1.314711,-0.001921,0.908392,0.688721
1755158288806,0.553961,0.852310,0.833717,1.314682,-0.001822,0.908438,0.692627
1755158288835,0.553872,0.852594,0.832643,1.314148,-0.001734,0.908722,0.702393
1755158288861,0.551920,0.854470,0.827811,1.311490,0.000219,0.910597,0.676025
1755158288883,0.549015,0.856474,0.823930,1.309132,0.003124,0.912602,0.683594
1755158288905,0.547303,0.857968,0.820136,1.307009,0.004835,0.914096,0.691162
1755158288930,0.541922,0.861028,0.815469,1.303856,0.010217,0.917156,0.668701
1755158288956,0.539849,0.862746,0.810980,1.301329,0.012290,0.918874,0.660156
1755158288984,0.535070,0.866042,0.803465,1.296874,0.017069,0.922169,0.613037
1755158289009,0.531492,0.868031,0.800007,1.294594,0.020647,0.924158,0.625977
1755158289033,0.527617,0.870384,0.795013,1.291508,0.024522,0.926511,0.625000
1755158289055,0.523698,0.873159,0.787475,1.287161,0.028441,0.929286,0.595215
1755158289080,0.522846,0.874659,0.780576,1.283626,0.029293,0.930787,0.608154
1755158289106,0.521894,0.875125,0.779812,1.283092,0.030244,0.931253,0.667969
1755158289136,0.513345,0.878573,0.776966,1.280270,0.038794,0.934701,0.623291
1755158289160,0.513510,0.879451,0.771203,1.277451,0.038629,0.935579,0.657471
1755158289182,0.510740,0.880549,0.770225,1.276506,0.041398,0.936677,0.673584
1755158289206,0.509416,0.881099,0.769579,1.275967,0.042723,0.937226,0.655273
1755158289232,0.511281,0.880206,0.771234,1.277096,0.040858,0.936334,0.665771
1755158289257,0.507818,0.881011,0.773509,1.277645,0.044320,0.937139,0.682129
1755158289284,0.511357,0.879428,0.775895,1.279411,0.040782,0.935556,0.655029
1755158289317,0.511895,0.879485,0.774424,1.278774,0.040244,0.935612,0.675293
1755158289334,0.512639,0.878643,0.778001,1.280663,0.039500,0.934771,0.654053
1755158289357,0.513824,0.877822,0.780478,1.282081,0.038315,0.933949,0.602783
1755158289382,0.520325,0.874663,0.785707,1.285733,0.031813,0.930790,0.633789
1755158289409,0.523503,0.873501,0.785931,1.286370,0.028636,0.929628,0.596191
1755158289433,0.527355,0.871106,0.791606,1.289795,0.024784,0.927234,0.628662
1755158289461,0.529466,0.869726,0.794949,1.291782,0.022673,0.925854,0.633545
1755158289483,0.533617,0.867996,0.796082,1.293024,0.018522,0.924124,0.650879
1755158289509,0.534618,0.866619,0.801363,1.295773,0.017521,0.922746,0.611084
1755158289533,0.540691,0.862668,0.809809,1.300897,0.011447,0.918795,0.686035
1755158289559,0.547154,0.859251,0.814382,1.304188,0.004984,0.915378,0.689697
1755158289585,0.554986,0.855116,0.819391,1.307913,-0.002848,0.911243,0.684570
1755158289611,0.555280,0.855583,0.816670,1.306640,-0.003141,0.911711,0.723389
1755158289656,0.562979,0.851177,0.822706,1.310837,-0.010841,0.907305,0.735352
1755158289735,0.569107,0.846154,0.833693,1.317157,-0.016968,0.902282,0.736084
1755158289765,0.572024,0.844343,0.836195,1.318844,-0.019885,0.900471,0.744141
1755158289786,0.574760,0.842365,0.839629,1.320948,-0.022621,0.898492,0.744141
1755158289859,0.588181,0.832413,0.855968,1.330996,-0.036043,0.888541,0.769287
1755158289886,0.594642,0.827158,0.864726,1.336241,-0.042503,0.883286,0.776123
1755158289914,0.599464,0.823080,0.871430,1.340227,-0.047325,0.879208,0.771729
1755158289935,0.608099,0.817318,0.877403,1.344481,-0.055960,0.873445,0.705811
1755158289962,0.613691,0.810883,0.889900,1.351322,-0.061552,0.867011,0.671143
1755158289984,0.625019,0.801430,0.902056,1.358913,-0.072880,0.857557,0.662842
1755158290009,0.631081,0.793519,0.916414,1.366656,-0.078942,0.849647,0.680908
1755158290036,0.637724,0.785803,0.928403,1.373357,-0.085585,0.841930,0.664062
1755158290064,0.646444,0.775743,0.942790,1.381492,-0.094305,0.831871,0.637207
1755158290085,0.649364,0.768099,0.958046,1.389064,-0.097225,0.824226,0.660156
1755158290108,0.648749,0.763236,0.970557,1.394771,-0.096611,0.819363,0.647217
1755158290134,0.643304,0.759673,0.985681,1.400896,-0.091165,0.815801,0.632812
1755158290159,0.636600,0.758106,0.997258,1.405172,-0.084461,0.814234,0.575073
1755158290192,0.628232,0.756447,1.010434,1.409917,-0.076093,0.812574,0.658691
1755158290215,0.616948,0.757351,1.020888,1.412946,-0.064810,0.813478,0.665771
1755158290235,0.601024,0.758956,1.034010,1.416482,-0.048885,0.815083,0.629150
1755158290258,0.581097,0.761918,1.047185,1.419433,-0.028958,0.818045,0.604248
1755158290285,0.556993,0.766607,1.059284,1.421271,-0.004854,0.822735,0.641113
1755158290310,0.534234,0.768320,1.074162,1.424621,0.017905,0.824448,0.657959
1755158290337,0.505529,0.772533,1.087030,1.426184,0.046610,0.828660,0.548584
1755158290366,0.480996,0.774558,1.099101,1.428048,0.071143,0.830686,0.637451
1755158290385,0.457739,0.774584,1.112345,1.430671,0.094399,0.830712,0.684326
1755158290411,0.435330,0.774596,1.123781,1.432618,0.116809,0.830724,0.687500
1755158290435,0.412627,0.771592,1.138970,1.436269,0.139512,0.827720,0.687256
1755158290460,0.392712,0.769642,1.150048,1.438466,0.159427,0.825770,0.669678
1755158290487,0.374533,0.768440,1.158423,1.439694,0.177605,0.824568,0.686768
1755158290522,0.358149,0.767375,1.165309,1.440513,0.193990,0.823503,0.728516
1755158290537,0.345196,0.764922,1.172754,1.442088,0.206942,0.821050,0.720947
1755158290561,0.325860,0.763893,1.179250,1.442341,0.226279,0.820021,0.690918
1755158290589,0.314360,0.763684,1.182171,1.442070,0.237778,0.819812,0.698486
1755158290611,0.299725,0.762020,1.187557,1.442498,0.252414,0.818148,0.697021
1755158290641,0.292663,0.759465,1.192516,1.443791,0.259476,0.815592,0.704834
1755158290665,0.282745,0.757496,1.196955,1.444454,0.269393,0.813624,0.678223
1755158290686,0.270960,0.756441,1.200156,1.444298,0.281179,0.812569,0.696289
1755158290711,0.262683,0.754466,1.203973,1.444912,0.289456,0.810593,0.698975
1755158290736,0.254402,0.755061,1.204072,1.443824,0.297737,0.811189,0.705566
1755158290761,0.247557,0.754854,1.205040,1.443333,0.304582,0.810981,0.698975
1755158290788,0.239564,0.755162,1.205302,1.442364,0.312574,0.811289,0.682861
1755158290818,0.232456,0.755481,1.205379,1.441432,0.319683,0.811609,0.708740
1755158290837,0.221307,0.755477,1.206028,1.440217,0.330832,0.811605,0.675049
1755158290861,0.212740,0.754103,1.208283,1.440096,0.339399,0.810231,0.701904
1755158290886,0.202495,0.753236,1.209730,1.439381,0.349644,0.809364,0.709717
1755158290912,0.189888,0.752491,1.210820,1.438188,0.362250,0.808619,0.707764
1755158290940,0.176779,0.751895,1.211418,1.436708,0.375360,0.808023,0.685303
1755158290966,0.161409,0.749512,1.214047,1.435873,0.390730,0.805640,0.688477
1755158290989,0.146008,0.748414,1.214513,1.434044,0.406131,0.804541,0.678223
1755158291011,0.123975,0.747122,1.214099,1.430943,0.428164,0.803249,0.629639
1755158291037,0.107183,0.746473,1.212774,1.428121,0.444956,0.802601,0.673584
1755158291063,0.085143,0.745409,1.210592,1.424225,0.466996,0.801536,0.668213
1755158291090,0.068737,0.742713,1.211016,1.422289,0.483402,0.798840,0.645752
1755158291119,0.049422,0.741052,1.208862,1.418784,0.502716,0.797179,0.686768
1755158291138,0.036887,0.740193,1.206817,1.416211,0.515252,0.796320,0.724609
1755158291162,0.021482,0.739131,1.203931,1.412879,0.530657,0.795258,0.686768
1755158291190,0.008061,0.738075,1.201249,1.409900,0.544077,0.794202,0.665039
1755158291215,-0.006500,0.735408,1.200059,1.407483,0.558639,0.791536,0.642090
1755158291239,-0.021318,0.732467,1.198767,1.404992,0.573457,0.788595,0.699219
1755158291271,-0.033865,0.730080,1.197218,1.402674,0.586004,0.786207,0.716797
1755158291291,-0.046957,0.727943,1.194810,1.399885,0.599096,0.784071,0.709961
1755158291312,-0.061010,0.722654,1.195961,1.398668,0.613149,0.778781,0.663086
1755158291338,-0.075737,0.717839,1.195761,1.396737,0.627875,0.773967,0.680420
1755158291365,-0.097565,0.713680,1.190682,1.391611,0.649704,0.769807,0.661987
1755158291390,-0.112481,0.708843,1.189383,1.389152,0.664620,0.764971,0.667725
1755158291421,-0.123108,0.709032,1.183265,1.384918,0.675247,0.765159,0.637573
1755158291441,-0.133153,0.711259,1.174394,1.379428,0.685291,0.767387,0.631104
1755158291462,-0.148578,0.711110,1.165188,1.373104,0.700716,0.767238,0.641846
1755158291488,-0.164695,0.712223,1.153088,1.365283,0.716834,0.768350,0.520142
1755158291515,-0.174055,0.712509,1.146232,1.360813,0.726194,0.768637,0.515259
1755158291542,-0.178498,0.714425,1.140248,1.357361,0.730637,0.770553,0.541382
1755158291574,-0.197626,0.710213,1.132353,1.351178,0.749765,0.766340,0.553955
1755158291593,-0.209252,0.705547,1.130295,1.348759,0.761391,0.761675,0.572998
1755158291612,-0.214668,0.703827,1.128547,1.347247,0.766807,0.759955,0.457275
1755158291638,-0.225827,0.700807,1.123936,1.343637,0.777966,0.756934,0.443115
1755158291665,-0.242755,0.692141,1.122508,1.340900,0.794893,0.748268,0.471436
1755158291691,-0.248858,0.688696,1.122292,1.340064,0.800997,0.744824,0.416260
