1754554833054,-0.256690,0.808341,0.988518,1.302487,3.348359,0.403425,0.359985
1754554833082,-0.258449,0.808969,0.985528,1.300958,3.315666,0.400435,0.351440
1754554833437,-0.228056,0.808060,1.014612,1.316969,3.620412,0.429520,0.427246
1754554833525,-0.189360,0.824957,1.012066,1.319352,3.552377,0.426974,0.443115
1754554833618,-0.145702,0.833308,1.025541,1.329423,3.663991,0.440449,0.469604
1754554833648,-0.126386,0.835164,1.033488,1.334754,3.736247,0.448395,0.507324
1754554833679,-0.112502,0.837355,1.036976,1.337587,3.762557,0.451884,0.546875
1754554833708,-0.094098,0.842343,1.036931,1.339262,3.743641,0.451839,0.449829
1754554833737,-0.069616,0.847749,1.037988,1.341993,3.731332,0.452896,0.550049
1754554833768,-0.052577,0.848801,1.043092,1.345834,3.773106,0.458000,0.716309
1754554833802,-0.026565,0.858892,1.033277,1.343898,3.633997,0.448185,0.609375
1754554833831,-0.006070,0.864250,1.029351,1.344071,3.568259,0.444258,0.481201
1754554833860,0.011535,0.860857,1.040955,1.350849,3.684369,0.455863,0.714600
1754554833888,0.032254,0.862053,1.043500,1.353908,3.692981,0.458408,0.642334
1754554833920,0.052766,0.862425,1.046641,1.357210,3.708664,0.461549,0.729248
1754554833951,0.070416,0.860715,1.052455,1.361415,3.758002,0.467362,0.780518
1754554833980,0.088886,0.860744,1.054347,1.363976,3.761337,0.469255,0.804443
1754554834010,0.114934,0.864970,1.047843,1.363583,3.660342,0.462751,0.839111
1754554834041,0.132745,0.863929,1.050031,1.366221,3.667743,0.464939,0.836426
1754554834070,0.149520,0.864548,1.048411,1.367101,3.632298,0.463318,0.813232
1754554834101,0.167371,0.867693,1.041196,1.365648,3.531312,0.456104,0.864502
1754554834130,0.180507,0.866230,1.042749,1.367576,3.536075,0.457657,0.879883
1754554834158,0.196896,0.867749,1.037634,1.366910,3.460744,0.452542,0.875732
1754554834190,0.210720,0.867893,1.035060,1.367110,3.417260,0.449968,0.877686
1754554834223,0.226359,0.869340,1.029047,1.365989,3.332330,0.443955,0.863770
1754554834253,0.238156,0.867742,1.029506,1.367325,3.325822,0.444414,0.873291
1754554834283,0.249436,0.868306,1.025445,1.366642,3.267747,0.440353,0.833252
1754554834311,0.261066,0.868308,1.022094,1.366305,3.217505,0.437002,0.822510
1754554834341,0.270079,0.866569,1.022814,1.367491,3.216783,0.437721,0.829834
1754554834370,0.281457,0.866715,1.018684,1.366795,3.157816,0.433591,0.853027
1754554834405,0.292700,0.864543,1.019028,1.368038,3.150546,0.433936,0.825928
1754554834431,0.303767,0.865707,1.012283,1.366177,3.061750,0.427191,0.809326
1754554834469,0.314858,0.866478,1.005952,1.364500,2.977709,0.420860,0.772217
1754554834491,0.325252,0.867509,0.999000,1.362484,2.887207,0.413908,0.860596
1754554834522,0.334655,0.867888,0.993587,1.361043,2.815432,0.408495,0.850342
1754554834551,0.340635,0.871169,0.983245,1.357107,2.690282,0.398153,0.783203
1754554834585,0.346806,0.873111,0.975483,1.354313,2.594663,0.390390,0.859131
1754554834617,0.347488,0.878539,0.962408,1.348632,2.443318,0.377315,0.764893
1754554834642,0.347877,0.883677,0.949677,1.343053,2.296237,0.364585,0.745850
1754554834670,0.343965,0.890405,0.934945,1.336134,2.130382,0.349852,0.752197
1754554834704,0.340336,0.895234,0.924375,1.331068,2.012219,0.339283,0.769775
1754554834733,0.333920,0.899640,0.916283,1.326812,1.925394,0.331191,0.728271
1754554834762,0.325575,0.906918,0.900652,1.318967,1.753618,0.315560,0.763672
1754554834792,0.316451,0.913109,0.887662,1.312194,1.613065,0.302570,0.693359
1754554834822,0.307557,0.916996,0.880935,1.308251,1.544440,0.295843,0.635498
1754554834852,0.297087,0.923317,0.866605,1.300684,1.389783,0.281513,0.625977
1754554834884,0.285359,0.930813,0.847457,1.290746,1.180873,0.262365,0.676270
1754554834915,0.282086,0.932372,0.843694,1.288685,1.140778,0.258601,0.692139
1754554834944,0.274365,0.934609,0.839862,1.286133,1.104342,0.254769,0.711426
1754554834970,0.268160,0.936829,0.834940,1.283231,1.053834,0.249848,0.676758
1754554835040,0.260362,0.941772,0.819687,1.275386,0.885877,0.234595,0.664551
1754554835065,0.257567,0.942745,0.817227,1.273958,0.860322,0.232135,0.664062
1754554835094,0.257292,0.943739,0.813213,1.272068,0.814343,0.228121,0.650635
1754554835123,0.253306,0.945987,0.805775,1.268199,0.732621,0.220683,0.659912
1754554835153,0.251301,0.948436,0.795927,1.263401,0.621145,0.210835,0.684814
1754554835184,0.254351,0.948528,0.793703,1.262681,0.592473,0.208611,0.685303
1754554835216,0.255721,0.949508,0.788243,1.260272,0.528180,0.203150,0.685547
1754554835244,0.257064,0.950676,0.781713,1.257355,0.451601,0.196621,0.677979
1754554835272,0.249071,0.952540,0.777485,1.254532,0.410866,0.192392,0.810059
1754554835636,0.247429,0.953844,0.771813,1.251693,0.347156,0.186721,0.809814
1754554835693,0.247393,0.954035,0.770833,1.251228,0.335899,0.185741,0.793213
1754554835725,0.246726,0.953784,0.772572,1.251976,0.356597,0.187479,0.753906
1754554835754,0.245188,0.953814,0.773371,1.252190,0.367349,0.188279,0.743408
1754554835788,0.246844,0.953035,0.776349,1.253765,0.400011,0.191257,0.734131
1754554835816,0.245899,0.953626,0.773905,1.252516,0.372791,0.188813,0.741455
1754554835843,0.244735,0.953798,0.773730,1.252312,0.371937,0.188638,0.749756
1754554835874,0.247078,0.953013,0.776317,1.253774,0.399400,0.191224,0.759277
1754554835903,0.245803,0.953344,0.775415,1.253216,0.390281,0.190322,0.750732
1754554835937,0.245823,0.953344,0.775400,1.253212,0.390098,0.190308,0.750732
1754554835964,0.245568,0.953409,0.775226,1.253103,0.388345,0.190134,0.778809
1754554835992,0.244564,0.953872,0.773453,1.252164,0.368919,0.188361,0.758789
1754554836023,0.245641,0.953496,0.774732,1.252878,0.382580,0.189640,0.767822
1754554836056,0.248014,0.952908,0.776274,1.253852,0.397973,0.191182,0.776367
1754554836092,0.245742,0.953745,0.773387,1.252256,0.366974,0.188294,0.756348
1754554836118,0.248588,0.952586,0.777554,1.254514,0.412144,0.192461,0.750977
1754554836149,0.249983,0.952125,0.779008,1.255343,0.427508,0.193916,0.767334
1754554836173,0.250501,0.952308,0.777759,1.254811,0.412599,0.192667,0.772705
1754554836206,0.248868,0.952449,0.778070,1.254786,0.417814,0.192978,0.774902
1754554836237,0.249086,0.951989,0.780243,1.255829,0.442638,0.195151,0.772949
1754554836265,0.248689,0.952155,0.779661,1.255514,0.436329,0.194569,0.757080
1754554836294,0.249654,0.951778,0.780947,1.256219,0.450176,0.195854,0.764893
1754554836325,0.249700,0.951593,0.781831,1.256639,0.460324,0.196739,0.742676
1754554836357,0.250425,0.951864,0.780037,1.255873,0.438928,0.194945,0.773438
1754554836391,0.250739,0.952079,0.778765,1.255308,0.423946,0.193672,0.773682
1754554836414,0.252094,0.951171,0.782437,1.257174,0.464914,0.197345,0.750488
1754554836449,0.251542,0.951675,0.780283,1.256105,0.440640,0.195191,0.773193
1754554836475,0.251397,0.951192,0.782765,1.257254,0.469382,0.197672,0.744873
1754554836506,0.253603,0.950074,0.786843,1.259395,0.514167,0.201750,0.770264
1754554836538,0.252152,0.950199,0.787133,1.259380,0.518966,0.202041,0.759766
1754554836566,0.251974,0.950087,0.787776,1.259662,0.526549,0.202684,0.755371
1754554836595,0.256120,0.948909,0.790841,1.261529,0.557719,0.205748,0.761963
1754554836625,0.258813,0.948354,0.791772,1.262245,0.565759,0.206680,0.759521
1754554836693,0.263470,0.948154,0.789725,1.261775,0.537510,0.204632,0.789551
1754554836924,0.268999,0.950083,0.776439,1.256135,0.378885,0.191346,0.694092
1754554836958,0.269952,0.950036,0.775976,1.256018,0.372604,0.190884,0.699951
1754554837139,0.264089,0.951145,0.774561,1.254737,0.362157,0.189469,0.722412
1754554837165,0.262740,0.951537,0.773505,1.254099,0.351341,0.188413,0.722412
1754554838551,0.261063,0.952100,0.771770,1.253107,0.333026,0.186678,0.698242
1754554838761,0.260220,0.952321,0.771211,1.252755,0.327424,0.186118,0.720215
1754554838791,0.258225,0.952656,0.770852,1.252377,0.325289,0.185760,0.698975
1754554838820,0.261597,0.951820,0.772848,1.253670,0.344911,0.187756,0.711914
1754554838852,0.260010,0.952195,0.772017,1.253112,0.336919,0.186924,0.687256
1754554838882,0.262467,0.951577,0.773492,1.254064,0.351464,0.188400,0.716064
1754554838911,0.261349,0.951756,0.773355,1.253882,0.351005,0.188263,0.687012
1754554838945,0.261306,0.950817,0.778176,1.256141,0.406597,0.193084,0.691162
1754554838970,0.261651,0.950397,0.780044,1.257053,0.427776,0.194952,0.688721
1754554838999,0.265650,0.948845,0.784948,1.259770,0.480293,0.199856,0.683350
1754554839032,0.268977,0.947165,0.790712,1.262813,0.543376,0.205619,0.637939
1754554839061,0.268042,0.947479,0.789865,1.262320,0.534558,0.204773,0.663330
1754554839093,0.272666,0.945955,0.793840,1.264658,0.575735,0.208748,0.664307
1754554839118,0.274477,0.946053,0.792126,1.264048,0.554177,0.207034,0.660645
1754554839151,0.273372,0.946699,0.789869,1.262879,0.529265,0.204776,0.663574
1754554839183,0.274217,0.946496,0.790231,1.263136,0.532591,0.205138,0.668457
1754554839212,0.277021,0.945620,0.792347,1.264417,0.554177,0.207255,0.661865
1754554839243,0.274331,0.946454,0.790347,1.263202,0.533816,0.205254,0.668945
1754554839271,0.273898,0.945999,0.792783,1.264294,0.562317,0.207690,0.656982
1754554839301,0.274226,0.945875,0.793133,1.264491,0.566028,0.208041,0.646484
1754554839329,0.272117,0.947172,0.788509,1.262112,0.514857,0.203417,0.668213
1754554839365,0.272610,0.946454,0.791552,1.263585,0.549425,0.206460,0.656738
1754554839394,0.273535,0.946669,0.789894,1.262908,0.529389,0.204801,0.688232
1754554839421,0.268987,0.948101,0.786245,1.260726,0.491896,0.201153,0.685303
1754554839449,0.270303,0.947166,0.789799,1.262525,0.531527,0.204706,0.676514
1754554839483,0.272624,0.946759,0.790107,1.262912,0.532758,0.205015,0.672852
1754554839515,0.269108,0.947432,0.789360,1.262195,0.527670,0.204268,0.708496
1754554839542,0.266101,0.948574,0.785954,1.260288,0.491428,0.200862,0.684326
1754554839573,0.267455,0.949015,0.782870,1.258987,0.454536,0.197778,0.701904
1754554839600,0.268429,0.949218,0.781182,1.258299,0.434117,0.196090,0.681152
1754554839630,0.267616,0.949545,0.780137,1.257724,0.422890,0.195045,0.703613
1754554839663,0.266370,0.950016,0.778670,1.256905,0.407223,0.193577,0.677734
1754554839695,0.265715,0.950052,0.778950,1.256968,0.411112,0.193858,0.698242
1754554839723,0.265387,0.949772,0.780580,1.257697,0.430223,0.195488,0.698730
1754554839752,0.263850,0.950216,0.779437,1.257000,0.418578,0.194344,0.686523
1754554839779,0.263641,0.950267,0.779323,1.256924,0.417480,0.194231,0.698242
1754554839812,0.263289,0.950764,0.777071,1.255831,0.391878,0.191978,0.681885
1754554839842,0.261845,0.950992,0.776916,1.255607,0.391543,0.191824,0.687744
1754554839871,0.263576,0.950592,0.777739,1.256174,0.399286,0.192646,0.687500
1754554839901,0.262738,0.950482,0.778874,1.256619,0.413206,0.193782,0.701416
1754554839929,0.263833,0.950484,0.778104,1.256373,0.403244,0.193012,0.695312
1754554839961,0.264895,0.950127,0.779153,1.256976,0.414267,0.194061,0.703857
1754554839993,0.265680,0.950004,0.779218,1.257089,0.414228,0.194126,0.675781
1754554840026,0.264176,0.950383,0.778373,1.256535,0.405996,0.193281,0.683105
1754554840058,0.266741,0.949713,0.779922,1.257531,0.421283,0.194830,0.683105
1754554840083,0.266352,0.949910,0.779213,1.257158,0.413506,0.194121,0.690186
1754554840115,0.267323,0.949510,0.780521,1.257873,0.427605,0.195429,0.692383
1754554840144,0.266070,0.950006,0.778931,1.256996,0.410535,0.193839,0.695801
1754554840176,0.265476,0.950054,0.779108,1.257016,0.413170,0.194016,0.684570
1754554840206,0.264800,0.950477,0.777456,1.256171,0.394807,0.192364,0.666748
1754554840232,0.268552,0.949245,0.780961,1.258208,0.431445,0.195869,0.677490
1754554840261,0.263533,0.949731,0.782063,1.258197,0.449162,0.196971,0.691406
1754554840335,0.260314,0.951106,0.777394,1.255670,0.398579,0.192302,0.817627
1754554840382,0.258762,0.952307,0.772303,1.253115,0.341466,0.187211,0.820068
1754554840532,0.258127,0.952312,0.772715,1.253242,0.346845,0.187622,0.804688
1754554840566,0.255244,0.952807,0.772108,1.252654,0.342740,0.187016,0.770752
1754554840747,0.253651,0.953345,0.770361,1.251664,0.324206,0.185269,0.774658
1754554840776,0.253363,0.953251,0.771049,1.251958,0.332422,0.185957,0.787598
1754554840836,0.253174,0.953184,0.771528,1.252163,0.338120,0.186435,0.752930
1754554840900,0.253103,0.953012,0.772468,1.252598,0.349032,0.187376,0.766113
1754554840925,0.254883,0.952662,0.773103,1.253083,0.354562,0.188010,0.763672
1754554840954,0.254656,0.952792,0.772581,1.252814,0.348773,0.187488,0.756836
1754554840985,0.256117,0.952488,0.773171,1.253245,0.354115,0.188079,0.770020
1754554841015,0.255447,0.952963,0.771154,1.252226,0.331540,0.186062,0.804932
1754554841046,0.253417,0.953272,0.770905,1.251895,0.330699,0.185812,0.778076
1754554841078,0.253916,0.953381,0.769994,1.251519,0.319702,0.184901,0.753906
1754554841111,0.253810,0.953034,0.771888,1.252399,0.341635,0.186796,0.747803
1754554841141,0.252511,0.953100,0.772404,1.252505,0.348881,0.187312,0.761475
1754554841167,0.253660,0.952898,0.772695,1.252763,0.351082,0.187602,0.744873
1754554841196,0.254563,0.952709,0.773071,1.253035,0.354518,0.187979,0.778809
1754554841228,0.253191,0.953349,0.770653,1.251753,0.328024,0.185561,0.747559
1754554841256,0.255455,0.952705,0.772494,1.252857,0.346976,0.187402,0.762695
1754554841289,0.254282,0.952992,0.771791,1.252403,0.340042,0.186698,0.766602
1754554841316,0.252335,0.953406,0.770922,1.251789,0.331985,0.185830,0.769043
1754554841349,0.253800,0.953074,0.771682,1.252301,0.339274,0.186590,0.767334
1754554841379,0.252216,0.953460,0.770718,1.251681,0.329745,0.185625,0.774414
1754554841405,0.255323,0.952651,0.772865,1.253018,0.351377,0.187772,0.753418
1754554841438,0.251349,0.953749,0.769771,1.251144,0.319699,0.184678,0.763184
1754554841465,0.253281,0.953329,0.770697,1.251783,0.328440,0.185605,0.754883
1754554841497,0.253803,0.953155,0.771259,1.252103,0.334399,0.186167,0.762695
1754554841528,0.253715,0.952911,0.772589,1.252719,0.349807,0.187496,0.761230
1754554841555,0.255278,0.952593,0.773196,1.253169,0.355240,0.188104,0.776367
1754554841588,0.252319,0.953049,0.772795,1.252669,0.353578,0.187703,0.790283
1754554841618,0.252589,0.953282,0.771401,1.252041,0.337244,0.186308,0.751709
1754554841650,0.254821,0.952689,0.773004,1.253031,0.353490,0.187912,0.755615
1754554841685,0.254237,0.952995,0.771803,1.252404,0.340233,0.186711,0.781250
1754554841707,0.252594,0.953220,0.771726,1.252195,0.340982,0.186633,0.771973
1754554841735,0.252067,0.953143,0.772475,1.252492,0.350138,0.187382,0.755615
1754554841887,0.252620,0.953342,0.771065,1.251887,0.333349,0.185973,0.782227
1754554842368,0.253368,0.953536,0.769546,1.251250,0.315093,0.184454,0.792725
1754554842669,0.251894,0.954087,0.767609,1.250183,0.294240,0.182516,0.813477
1754554845343,0.251709,0.953965,0.768387,1.250530,0.303394,0.183294,0.802490
1754554845824,0.252141,0.953184,0.772209,1.252375,0.347006,0.187117,0.791992
1754554845887,0.249049,0.953627,0.771913,1.251910,0.346685,0.186821,0.749512
1754554845918,0.249230,0.953729,0.771262,1.251623,0.339004,0.186170,0.753906
1754554845948,0.249998,0.954133,0.768629,1.250464,0.307896,0.183537,0.776367
1754554845977,0.249864,0.954253,0.768075,1.250189,0.301650,0.182983,0.769531
1754554846007,0.250774,0.954403,0.766669,1.249622,0.284529,0.181576,0.805908
1754554846038,0.249448,0.955653,0.760735,1.246681,0.217480,0.175642,0.829834
1754554846065,0.244931,0.957368,0.754098,1.243065,0.145527,0.169006,0.849854
1754554846093,0.242005,0.958356,0.750313,1.240960,0.104828,0.165220,0.851074
1754554846123,0.244261,0.958435,0.748275,1.240232,0.079089,0.163182,0.884521
1754554846155,0.242666,0.959417,0.743421,1.237757,0.024751,0.158328,0.882812
1754554846186,0.243264,0.959382,0.743208,1.237720,0.021708,0.158116,0.885254
1754554846217,0.240252,0.959996,0.741541,1.236606,0.005507,0.156449,0.889648
1754554846244,0.239386,0.960587,0.738414,1.235026,-0.029655,0.153322,0.890381
1754554846276,0.239119,0.960935,0.736361,1.234018,-0.053048,0.151269,0.875000
1754554846309,0.236274,0.961970,0.731605,1.231445,-0.105012,0.146512,0.873779
1754554846342,0.233539,0.962575,0.729504,1.230149,-0.126489,0.144411,0.879883
1754554846398,0.233071,0.963265,0.725071,1.227978,-0.177094,0.139979,0.893311
1754554846491,0.229537,0.964544,0.718496,1.224446,-0.249329,0.133403,0.926758
1754554846549,0.228103,0.965239,0.714365,1.222308,-0.295490,0.129273,0.889404
1754554846577,0.227496,0.965777,0.710670,1.220464,-0.337459,0.125578,0.877930
1754554846611,0.226429,0.965778,0.711496,1.220747,-0.326882,0.126404,0.877686
1754554846666,0.228530,0.965602,0.711231,1.220845,-0.332029,0.126139,0.881592
1754554846695,0.226760,0.965849,0.710681,1.220390,-0.336597,0.125589,0.868408
1754554846728,0.227848,0.965604,0.711749,1.221021,-0.325383,0.126657,0.863770
1754554846759,0.229189,0.965477,0.711685,1.221134,-0.327463,0.126593,0.857910
1754554846791,0.229661,0.965420,0.711757,1.221220,-0.327103,0.126665,0.852051
1754554846818,0.228357,0.965656,0.710945,1.220689,-0.335152,0.125853,0.856934
1754554846848,0.225514,0.965739,0.712495,1.221129,-0.314457,0.127402,0.876709
1754554846878,0.228559,0.965245,0.713974,1.222169,-0.300451,0.128882,0.889160
1754554846939,0.230239,0.964916,0.715174,1.222926,-0.288306,0.130082,0.900879
1754554846969,0.230443,0.964488,0.718227,1.224415,-0.253328,0.133135,0.899170
1754554846998,0.232946,0.963957,0.720211,1.225635,-0.232974,0.135119,0.877930
1754554847028,0.232632,0.963523,0.723574,1.227214,-0.193913,0.138481,0.888184
1754554847095,0.237309,0.961819,0.731856,1.231676,-0.103156,0.146763,0.889160
1754554847120,0.240449,0.960417,0.738732,1.235290,-0.027062,0.153639,0.809326
1754554847146,0.242913,0.959637,0.741878,1.237050,0.006728,0.156786,0.783936
1754554847180,0.244160,0.959105,0.744273,1.238321,0.033076,0.159180,0.783447
1754554847209,0.245652,0.958286,0.748185,1.240337,0.076665,0.163093,0.778076
1754554847240,0.245229,0.958011,0.750123,1.241212,0.099423,0.165031,0.752686
1754554847270,0.246181,0.957643,0.751628,1.242027,0.115814,0.166536,0.775879
1754554847478,0.255479,0.954358,0.763671,1.248704,0.245280,0.178578,0.703125
1754554847541,0.259840,0.952060,0.772835,1.253479,0.346526,0.187743,0.668213
1754554847574,0.263668,0.950433,0.778472,1.256528,0.407648,0.193380,0.689941
1754554847601,0.266298,0.949226,0.782643,1.258759,0.453077,0.197551,0.655273
1754554847629,0.269556,0.947985,0.786407,1.260862,0.493188,0.201314,0.637207
1754554847660,0.272044,0.946835,0.790155,1.262874,0.533898,0.205063,0.651611
1754554847692,0.275991,0.945484,0.793709,1.264944,0.570897,0.208617,0.636963
1754554847719,0.277190,0.945259,0.793901,1.265159,0.571910,0.208808,0.637939
1754554847750,0.278340,0.944887,0.794803,1.265700,0.581159,0.209711,0.647461
1754554847780,0.276979,0.945816,0.791461,1.264000,0.544007,0.206369,0.651855
1754554847812,0.276343,0.946415,0.789094,1.262828,0.517373,0.204002,0.660156
1754554847840,0.278755,0.946471,0.787060,1.262131,0.491520,0.201968,0.638916
1754554847869,0.275098,0.947530,0.784644,1.260619,0.467338,0.199552,0.656250
1754554847900,0.272737,0.948365,0.782293,1.259271,0.442605,0.197201,0.660400
1754554847929,0.269040,0.949541,0.779137,1.257404,0.409940,0.194045,0.665039
1754554847961,0.269507,0.949478,0.779116,1.257444,0.409233,0.194024,0.646240
1754554847998,0.265908,0.950831,0.774867,1.255072,0.363862,0.189774,0.640381
1754554848019,0.265626,0.951213,0.773106,1.254215,0.343855,0.188014,0.678711
1754554848111,0.260348,0.953059,0.767214,1.250888,0.281245,0.182122,0.676758
1754554848264,0.255904,0.955473,0.757158,1.245673,0.169804,0.172065,0.765625
1754554848293,0.253661,0.956536,0.752700,1.243327,0.120684,0.167608,0.772705
1754554848323,0.251220,0.958196,0.744604,1.239229,0.029839,0.159512,0.824707
1754554848351,0.248848,0.959144,0.740531,1.237040,-0.014725,0.155439,0.807617
1754554848382,0.246296,0.959847,0.738021,1.235574,-0.041104,0.152928,0.833008
1754554848412,0.246649,0.960107,0.736064,1.234679,-0.063998,0.150972,0.830811
1754554848449,0.243582,0.960859,0.733515,1.233137,-0.090304,0.148423,0.873535
1754554848471,0.244074,0.960700,0.734185,1.233508,-0.083084,0.149092,0.856934
1754554848503,0.245218,0.960841,0.732359,1.232759,-0.105266,0.147266,0.884766
1754554848531,0.242387,0.961308,0.731443,1.232020,-0.112985,0.146351,0.874756
1754554848563,0.241735,0.961576,0.730139,1.231328,-0.127356,0.145047,0.876221
1754554848594,0.242148,0.961593,0.729706,1.231165,-0.132761,0.144614,0.873291
1754554848622,0.243564,0.961226,0.731077,1.231971,-0.118379,0.145985,0.825928
1754554848652,0.245771,0.960676,0.733016,1.233132,-0.098250,0.147923,0.825195
1754554848683,0.246661,0.960355,0.734437,1.233905,-0.082760,0.149345,0.816895
1754554848712,0.249232,0.959177,0.740024,1.236840,-0.020955,0.154932,0.773926
1754554848745,0.249023,0.958576,0.743938,1.238678,0.024354,0.158846,0.773926
1754554848775,0.253699,0.957158,0.748996,1.241576,0.077962,0.163904,0.800293
1754554848927,0.257053,0.953674,0.766268,1.250095,0.273639,0.181176,0.690186
1754554848953,0.259105,0.952693,0.770041,1.252088,0.315061,0.184949,0.684814
1754554848982,0.260791,0.951767,0.773687,1.253980,0.355391,0.188595,0.671875
1754554849013,0.263312,0.950498,0.778397,1.256456,0.407136,0.193305,0.682617
1754554849045,0.264376,0.949553,0.782360,1.258425,0.451744,0.197268,0.685303
1754554849077,0.263851,0.949666,0.782166,1.258279,0.450034,0.197074,0.679932
1754554849102,0.263824,0.949426,0.783362,1.258836,0.463834,0.198269,0.641357
1754554849134,0.264859,0.949229,0.783621,1.259066,0.465789,0.198529,0.662354
1754554849162,0.262887,0.949385,0.784196,1.259128,0.474384,0.199104,0.671631
1754554849199,0.262253,0.949974,0.781734,1.257909,0.446647,0.196642,0.657715
1754554849226,0.260004,0.951307,0.776588,1.255259,0.389597,0.191495,0.651611
1754554849269,0.258434,0.951456,0.776899,1.255240,0.394757,0.191807,0.658936
1754554849289,0.258060,0.951375,0.777560,1.255511,0.402750,0.192468,0.677979
1754554849319,0.257441,0.951941,0.775098,1.254290,0.374991,0.190005,0.649414
1754554849531,0.250570,0.956387,0.755811,1.244472,0.159626,0.170719,0.745117
1754554849554,0.248859,0.957673,0.749533,1.241317,0.088992,0.164441,0.763916
1754554849583,0.247160,0.958530,0.745614,1.239277,0.045529,0.160521,0.778809
1754554849615,0.246373,0.959404,0.740779,1.236895,-0.009392,0.155687,0.816406
1754554849648,0.241629,0.960509,0.737275,1.234722,-0.045024,0.152183,0.851807
1754554849679,0.240796,0.961072,0.734228,1.233180,-0.079308,0.149135,0.868652
1754554849703,0.237610,0.962032,0.730198,1.230915,-0.122560,0.145105,0.859375
1754554849735,0.237930,0.962380,0.727576,1.229696,-0.153093,0.142484,0.888428
1754554849765,0.238473,0.962251,0.728048,1.229980,-0.148199,0.142955,0.893311
1754554849796,0.237220,0.962519,0.727155,1.229419,-0.157228,0.142063,0.895752
1754554849826,0.238284,0.962690,0.725145,1.228571,-0.181462,0.140052,0.905029
1754554849853,0.238225,0.962754,0.724740,1.228371,-0.186066,0.139648,0.900635
1754554849885,0.238130,0.962558,0.726190,1.229054,-0.169263,0.141098,0.907471
1754554849918,0.239018,0.962432,0.726373,1.229237,-0.168041,0.141281,0.895020
1754554849946,0.240780,0.961862,0.728935,1.230651,-0.140279,0.143843,0.888916
1754554849975,0.240839,0.961753,0.729634,1.230991,-0.132282,0.144542,0.877441
1754554850005,0.238857,0.961665,0.731741,1.231786,-0.106025,0.146649,0.858398
1754554850035,0.241056,0.961032,0.734294,1.233239,-0.078805,0.149202,0.843506
1754554850064,0.243956,0.960222,0.737385,1.235021,-0.046093,0.152292,0.844482
1754554850099,0.246795,0.959378,0.740624,1.236866,-0.011598,0.155532,0.837891
1754554850129,0.250444,0.958277,0.744701,1.239192,0.031732,0.159609,0.796387
1754554850154,0.252335,0.957383,0.748688,1.241285,0.075779,0.163596,0.818604
1754554850216,0.253808,0.956270,0.754138,1.244023,0.137101,0.169045,0.767090
1754554850578,0.259506,0.954017,0.762636,1.248641,0.229325,0.177543,0.753662
1754554850606,0.258836,0.953818,0.764209,1.249312,0.248122,0.179116,0.747070
1754554850667,0.259375,0.953463,0.765745,1.250093,0.265286,0.180653,0.788574
1754554850701,0.259161,0.953380,0.766348,1.250355,0.272451,0.181256,0.765137
1754554850725,0.258566,0.953400,0.766664,1.250441,0.276690,0.181572,0.792725
1754554850758,0.260341,0.952896,0.768090,1.251299,0.291336,0.182997,0.808350
1754554850785,0.261249,0.952665,0.768666,1.251666,0.297076,0.183574,0.814941
1754554850818,0.260238,0.952967,0.767783,1.251144,0.287902,0.182690,0.836670
1754554850851,0.259718,0.953076,0.767575,1.250991,0.286033,0.182483,0.852295
1754554850877,0.258873,0.953660,0.765043,1.249709,0.257698,0.179951,0.860596
1754554850907,0.258774,0.953587,0.765507,1.249917,0.263142,0.180414,0.866699
1754554850935,0.257458,0.953790,0.765352,1.249705,0.262671,0.180259,0.864746
1754554850970,0.258814,0.953483,0.766043,1.250175,0.269284,0.180951,0.871826
1754554850998,0.257361,0.954128,0.763582,1.248861,0.242376,0.178490,0.873535
1754554851031,0.256629,0.954134,0.764075,1.249016,0.248789,0.178983,0.870850
1754554851056,0.255384,0.954475,0.763097,1.248423,0.238759,0.178004,0.872314
1754554851085,0.255761,0.954343,0.763553,1.248678,0.243645,0.178461,0.871826
1754554851116,0.254107,0.954641,0.763087,1.248284,0.239931,0.177995,0.875977
1754554851151,0.253850,0.954743,0.762709,1.248078,0.235828,0.177617,0.877930
1754554851177,0.252995,0.955068,0.761517,1.247425,0.222941,0.176424,0.871826
1754554851207,0.253301,0.954804,0.762762,1.248045,0.236981,0.177669,0.871094
1754554851236,0.253097,0.955066,0.761459,1.247409,0.222172,0.176366,0.870361
1754554851268,0.253169,0.955134,0.761033,1.247215,0.217191,0.175940,0.876465
1754554851301,0.252907,0.955436,0.759536,1.246480,0.200203,0.174443,0.882324
1754554851328,0.253416,0.955388,0.759438,1.246488,0.198571,0.174346,0.868164
1754554851360,0.252114,0.955430,0.760127,1.246676,0.207808,0.175034,0.873291
1754554851387,0.252640,0.955361,0.760138,1.246737,0.207417,0.175046,0.872803
1754554851418,0.253058,0.955519,0.758960,1.246224,0.193422,0.173868,0.866455
1754554851450,0.253884,0.955502,0.758462,1.246076,0.186856,0.173370,0.868652
1754554851480,0.253066,0.955918,0.756698,1.245156,0.167346,0.171606,0.860352
1754554851512,0.255182,0.955642,0.756728,1.245394,0.165581,0.171636,0.855713
1754554851539,0.252788,0.956127,0.755702,1.244655,0.156149,0.170610,0.855713
1754554851568,0.254164,0.956024,0.755292,1.244607,0.150046,0.170200,0.863037
1754554851600,0.253935,0.956114,0.754940,1.244416,0.146225,0.169848,0.866455
1754554851630,0.253126,0.956598,0.752734,1.243287,0.121615,0.167642,0.866943
1754554851660,0.255176,0.956232,0.753336,1.243789,0.126499,0.168244,0.858643
1754554851689,0.254414,0.956250,0.753801,1.243928,0.132615,0.168709,0.861328
1754554851717,0.252788,0.956554,0.753242,1.243491,0.127796,0.168149,0.860840
1754554851754,0.254572,0.956144,0.754297,1.244179,0.138176,0.169205,0.841553
1754554851780,0.253299,0.956061,0.755711,1.244714,0.155743,0.170619,0.849365
1754554851808,0.253695,0.955860,0.756569,1.245161,0.165230,0.171477,0.843750
1754554851837,0.251940,0.956266,0.755521,1.244480,0.154916,0.170429,0.846924
1754554851868,0.252770,0.955953,0.756710,1.245130,0.167784,0.171618,0.839111
1754554851900,0.252683,0.955943,0.756829,1.245177,0.169243,0.171737,0.834473
1754554851932,0.252090,0.956247,0.755524,1.244497,0.154790,0.170431,0.825928
1754554851961,0.252528,0.956226,0.755327,1.244450,0.152087,0.170235,0.828613
1754554851988,0.253440,0.956078,0.755510,1.244633,0.153280,0.170417,0.828369
1754554852018,0.253721,0.955978,0.755880,1.244838,0.157265,0.170788,0.827881
1754554852053,0.256226,0.955404,0.757309,1.245779,0.171222,0.172216,0.834229
1754554852084,0.256771,0.955012,0.759120,1.246692,0.191548,0.174027,0.839111
1754554852112,0.259536,0.954082,0.762255,1.248465,0.224915,0.177163,0.841553
1754554852140,0.260174,0.953713,0.763807,1.249264,0.242153,0.178714,0.828369
1754554852169,0.260076,0.953650,0.764220,1.249448,0.247015,0.179128,0.837402
1754554852203,0.261410,0.953014,0.766687,1.250751,0.274105,0.181595,0.834961
1754554852230,0.260379,0.952560,0.769844,1.252129,0.311519,0.184752,0.811523
1754554852259,0.261936,0.952106,0.771119,1.252893,0.324647,0.186026,0.802002
1754554852295,0.262500,0.952077,0.770866,1.252833,0.321168,0.185773,0.794189
1754554852322,0.261669,0.952015,0.771785,1.253178,0.332594,0.186693,0.794678
1754554852356,0.260230,0.952308,0.771272,1.252785,0.328115,0.186179,0.789795
1754554852379,0.261768,0.951873,0.772452,1.253502,0.340175,0.187359,0.767578
1754554852408,0.261653,0.952067,0.771523,1.253053,0.329590,0.186431,0.766357
1754554852437,0.260600,0.952351,0.770783,1.252594,0.322119,0.185691,0.777588
1754554852468,0.261439,0.952063,0.771695,1.253111,0.331784,0.186603,0.774658
1754554852500,0.260387,0.952692,0.769142,1.251799,0.303413,0.184049,0.756836
1754554852532,0.258914,0.952813,0.769545,1.251834,0.309531,0.184452,0.768555
1754554852561,0.260566,0.952516,0.769939,1.252193,0.312417,0.184846,0.761230
1754554852588,0.261717,0.952423,0.769609,1.252160,0.307472,0.184517,0.769287
1754554852620,0.259536,0.952718,0.769605,1.251927,0.309599,0.184512,0.753662
1754554852653,0.261115,0.952474,0.769773,1.252173,0.309961,0.184681,0.765381
1754554852685,0.259761,0.952949,0.768224,1.251301,0.293462,0.183131,0.785645
1754554852712,0.260349,0.952844,0.768362,1.251428,0.294468,0.183270,0.770020
1754554852745,0.258290,0.953755,0.764948,1.249603,0.257192,0.179856,0.831299
1754554852771,0.260252,0.953323,0.765868,1.250243,0.265822,0.180775,0.815674
1754554852802,0.260152,0.953664,0.764088,1.249394,0.245414,0.178996,0.802490
1754554852833,0.259093,0.953970,0.763193,1.248860,0.236167,0.178101,0.815674
1754554852861,0.257557,0.954265,0.762692,1.248462,0.231927,0.177600,0.829102
1754554852890,0.257127,0.954711,0.760542,1.247402,0.207584,0.175450,0.832764
1754554852919,0.255997,0.954927,0.760157,1.247100,0.204274,0.175065,0.834717
1754554852951,0.256521,0.954926,0.759785,1.246980,0.199468,0.174693,0.842041
1754554852980,0.256421,0.955227,0.758164,1.246204,0.180888,0.173072,0.849854
1754554853012,0.256276,0.955307,0.757824,1.246027,0.177108,0.172731,0.840332
1754554853042,0.254588,0.955758,0.756500,1.245223,0.163540,0.171407,0.848145
1754554853071,0.255527,0.955866,0.755190,1.244703,0.147508,0.170098,0.864258
1754554853101,0.255042,0.956325,0.752898,1.243567,0.121584,0.167806,0.837402
1754554853132,0.253994,0.956318,0.753721,1.243845,0.132114,0.168629,0.858887
1754554853162,0.253920,0.956593,0.752170,1.243103,0.114316,0.167078,0.855957
1754554853190,0.252845,0.956605,0.752901,1.243335,0.123810,0.167808,0.855225
1754554853225,0.252858,0.956791,0.751801,1.242816,0.111129,0.166709,0.865479
1754554853252,0.253059,0.956905,0.750981,1.242449,0.101477,0.165889,0.857666
1754554853283,0.252243,0.957040,0.750791,1.242272,0.100108,0.165699,0.856934
1754554853312,0.253043,0.956731,0.752019,1.242939,0.113451,0.166926,0.861328
1754554853341,0.253823,0.956661,0.751846,1.242939,0.110677,0.166753,0.866455
1754554853376,0.253289,0.957252,0.748747,1.241414,0.075504,0.163655,0.854248
1754554853408,0.252337,0.956850,0.751842,1.242780,0.112116,0.166749,0.866455
1754554853437,0.251999,0.956859,0.752039,1.242838,0.114724,0.166946,0.866455
1754554853466,0.250876,0.957323,0.750135,1.241816,0.093908,0.165042,0.861328
1754554853492,0.252672,0.956843,0.751635,1.242718,0.109400,0.166543,0.854492
1754554853524,0.253648,0.956584,0.752429,1.243197,0.117567,0.167336,0.860107
1754554853556,0.254029,0.956078,0.755077,1.244491,0.147708,0.169985,0.853516
1754554853583,0.255160,0.955716,0.756317,1.245197,0.160865,0.171225,0.834473
1754554853613,0.256838,0.955408,0.756833,1.245619,0.165125,0.171740,0.835449
1754554853642,0.257552,0.954825,0.759591,1.246997,0.196196,0.174499,0.816650
1754554853674,0.257330,0.955073,0.758366,1.246395,0.182308,0.173274,0.841797
1754554853702,0.257586,0.954345,0.762231,1.248247,0.226587,0.177139,0.811523
1754554853734,0.258255,0.954025,0.763502,1.248918,0.240565,0.178410,0.805420
1754554853774,0.258070,0.953846,0.764611,1.249421,0.253521,0.179518,0.828857
1754554853794,0.258985,0.953217,0.767349,1.250808,0.284160,0.182257,0.750977
1754554853824,0.258941,0.953027,0.768391,1.251293,0.296205,0.183298,0.762695
1754554853856,0.259012,0.952884,0.769099,1.251634,0.304299,0.184007,0.754883
1754554853889,0.258437,0.952722,0.770356,1.252165,0.319360,0.185264,0.746582
1754554853913,0.259055,0.952397,0.771630,1.252830,0.333417,0.186538,0.748047
1754554853972,0.259051,0.952060,0.773385,1.253654,0.353642,0.188292,0.755371
1754554854005,0.258098,0.952299,0.772802,1.253280,0.347877,0.187709,0.727295
1754554854037,0.262696,0.951812,0.772107,1.253438,0.335279,0.187015,0.715820
1754554854065,0.263960,0.951560,0.772509,1.253759,0.338645,0.187417,0.710449
1754554854097,0.263452,0.951612,0.772606,1.253751,0.340267,0.187514,0.699707
1754554854124,0.264989,0.950930,0.775022,1.255048,0.366573,0.189930,0.713867
1754554854156,0.258331,0.952280,0.772738,1.253275,0.346915,0.187646,0.738770
1754554854184,0.261440,0.952035,0.771842,1.253181,0.333482,0.186750,0.707520
1754554854218,0.262019,0.952196,0.770585,1.252650,0.318411,0.185493,0.699951
1754554854244,0.257720,0.952931,0.769755,1.251807,0.313151,0.184663,0.754150
1754554854276,0.257682,0.952876,0.770074,1.251953,0.316866,0.184982,0.766357
1754554854310,0.258729,0.952571,0.770945,1.252473,0.325852,0.185853,0.770996
1754554854339,0.259238,0.952866,0.769033,1.251627,0.303312,0.183941,0.785645
1754554854365,0.259657,0.952879,0.768668,1.251500,0.298688,0.183576,0.778809
1754554854395,0.256842,0.953934,0.765013,1.249481,0.259383,0.179921,0.808350
1754554854423,0.256839,0.953921,0.765084,1.249514,0.260207,0.179992,0.778320
1754554854457,0.256711,0.953859,0.765510,1.249702,0.265246,0.180418,0.782471
1754554854487,0.256832,0.954463,0.762125,1.248118,0.226115,0.177033,0.816650
1754554854514,0.256178,0.954518,0.762294,1.248128,0.228720,0.177202,0.809326
1754554854545,0.255820,0.954706,0.761512,1.247721,0.220062,0.176419,0.820801
1754554854575,0.256095,0.954747,0.761088,1.247550,0.214907,0.175996,0.839844
1754554854604,0.256255,0.955048,0.759294,1.246720,0.194070,0.174202,0.838379
1754554854637,0.255295,0.955205,0.759112,1.246533,0.192933,0.174020,0.842041
1754554854667,0.254897,0.955669,0.756782,1.245389,0.166488,0.171690,0.842529
1754554854695,0.254287,0.955563,0.757827,1.245819,0.179131,0.172734,0.854004
1754554854736,0.255439,0.955545,0.757089,1.245592,0.169483,0.171997,0.844971
1754554854758,0.254432,0.955843,0.756128,1.245031,0.159415,0.171036,0.840088
1754554854787,0.255736,0.955951,0.754546,1.244421,0.139883,0.169454,0.860107
1754554854814,0.255314,0.956057,0.754249,1.244235,0.136877,0.169157,0.847168
1754554854848,0.255420,0.955974,0.754645,1.244434,0.141340,0.169553,0.845947
1754554854876,0.257902,0.955819,0.753668,1.244234,0.127595,0.168576,0.844971
1754554854908,0.255130,0.956086,0.754217,1.244201,0.136694,0.169125,0.828125
1754554854940,0.257401,0.955597,0.755332,1.244969,0.147271,0.170240,0.838867
1754554854968,0.255178,0.955874,0.755403,1.244767,0.150309,0.170310,0.829102
1754554854997,0.253069,0.956399,0.753935,1.243849,0.135502,0.168842,0.850830
1754554855026,0.254862,0.955931,0.755308,1.244689,0.149536,0.170216,0.860840
1754554855058,0.257010,0.955741,0.754798,1.244675,0.141507,0.169706,0.850830
1754554855088,0.256599,0.955674,0.755493,1.244960,0.149930,0.170401,0.833740
1754554855122,0.254004,0.956176,0.754533,1.244231,0.141467,0.169441,0.812988
1754554855147,0.250526,0.956468,0.755374,1.244261,0.154633,0.170282,0.806152
1754554855176,0.246927,0.956695,0.756599,1.244460,0.172345,0.171507,0.833740
1754554855207,0.243294,0.957146,0.756482,1.244020,0.174631,0.171390,0.832031
1754554855243,0.244779,0.956740,0.757798,1.244800,0.188310,0.172706,0.835205
1754554855270,0.245904,0.956690,0.757322,1.244694,0.181697,0.172230,0.829102
1754554855299,0.247556,0.956538,0.757056,1.244742,0.176981,0.171964,0.821533
1754554855332,0.248471,0.956541,0.756406,1.244532,0.168578,0.171314,0.829102
1754554855357,0.248123,0.956286,0.758094,1.245293,0.188379,0.173002,0.820557
1754554855390,0.246864,0.956296,0.758901,1.245542,0.198932,0.173809,0.841797
1754554855421,0.247792,0.956149,0.759096,1.245732,0.200249,0.174003,0.829102
1754554855446,0.246455,0.956423,0.758463,1.245291,0.194292,0.173370,0.836670
1754554855477,0.248065,0.956139,0.758967,1.245700,0.198498,0.173875,0.838623
1754554855508,0.248193,0.956065,0.759291,1.245867,0.202096,0.174198,0.806641
1754554855543,0.250299,0.955586,0.760524,1.246672,0.214205,0.175432,0.787354
1754554855566,0.248999,0.955470,0.762055,1.247258,0.233143,0.176963,0.796875
1754554855597,0.247141,0.955800,0.761483,1.246791,0.228415,0.176391,0.799805
1754554855627,0.246886,0.955771,0.761811,1.246919,0.232444,0.176719,0.800293
1754554855660,0.248080,0.955822,0.760729,1.246534,0.218787,0.175637,0.792480
1754554855689,0.248187,0.955729,0.761172,1.246755,0.223783,0.176080,0.783691
1754554855718,0.248514,0.955317,0.763226,1.247759,0.247122,0.178134,0.769043
1754554855746,0.246092,0.955923,0.761499,1.246688,0.229637,0.176406,0.789551
1754554855777,0.247229,0.955803,0.761410,1.246766,0.227477,0.176317,0.780518
1754554855810,0.248034,0.955603,0.761974,1.247118,0.233176,0.176882,0.784180
1754554855839,0.247186,0.956092,0.759825,1.246013,0.209262,0.174733,0.787842
1754554855869,0.247883,0.955377,0.763315,1.247735,0.248775,0.178223,0.772949
1754554855896,0.246935,0.955800,0.761622,1.246835,0.230221,0.176530,0.773438
1754554855927,0.248048,0.955037,0.765065,1.248578,0.268775,0.179973,0.760010
1754554855958,0.247295,0.955089,0.765278,1.248599,0.271984,0.180186,0.750488
1754554855997,0.247286,0.955030,0.765603,1.248752,0.275743,0.180511,0.764893
1754554856051,0.247487,0.955008,0.765591,1.248767,0.275398,0.180499,0.742432
1754554856078,0.246047,0.955378,0.764526,1.248113,0.264563,0.179433,0.749512
1754554856109,0.249096,0.954647,0.766478,1.249355,0.284017,0.181386,0.742188
1754554856146,0.247775,0.954978,0.765560,1.248783,0.274749,0.180467,0.742432
1754554856170,0.247424,0.954654,0.767536,1.249678,0.297880,0.182444,0.748291
1754554856199,0.246832,0.955072,0.765672,1.248736,0.276993,0.180580,0.757324
1754554856228,0.245974,0.954884,0.767237,1.249384,0.295874,0.182144,0.751709
1754554856262,0.248130,0.954795,0.766319,1.249178,0.283140,0.181226,0.753418
1754554856291,0.247232,0.954601,0.767945,1.249850,0.302778,0.182853,0.745850
1754554856319,0.244831,0.955216,0.766184,1.248767,0.284891,0.181092,0.762451
1754554856350,0.246748,0.954696,0.767748,1.249706,0.300995,0.182656,0.759277
1754554856382,0.246629,0.954951,0.766457,1.249085,0.286240,0.181365,0.752930
1754554856409,0.246367,0.954565,0.768690,1.250110,0.312229,0.183598,0.759033
1754554856445,0.249315,0.954528,0.766970,1.249610,0.289462,0.181878,0.739990
1754554856472,0.246966,0.954666,0.767768,1.249738,0.301004,0.182675,0.751953
1754554856499,0.247833,0.954611,0.767497,1.249702,0.297022,0.182405,0.752686
1754554856531,0.245670,0.954849,0.767619,1.249532,0.300587,0.182527,0.739258
1754554856560,0.244414,0.955075,0.767210,1.249207,0.297124,0.182117,0.762939
1754554856594,0.245261,0.954996,0.767094,1.249241,0.294946,0.182002,0.754150
1754554856619,0.246246,0.954466,0.769294,1.250382,0.319309,0.184202,0.746826
1754554856648,0.246317,0.954923,0.766811,1.249219,0.290625,0.181719,0.759766
1754554856679,0.244279,0.955331,0.765918,1.248583,0.282374,0.180826,0.759766
1754554856710,0.248280,0.954499,0.767806,1.249895,0.300131,0.182714,0.745361
1754554856747,0.247901,0.954602,0.767501,1.249711,0.296994,0.182409,0.743408
1754554856771,0.244822,0.954831,0.768256,1.249743,0.308774,0.183164,0.757812
1754554856799,0.245989,0.954731,0.768050,1.249769,0.305236,0.182958,0.754150
1754554856829,0.246420,0.954664,0.768128,1.249851,0.305702,0.183036,0.756592
1754554856861,0.247271,0.954380,0.769094,1.250396,0.315982,0.184002,0.749268
1754554856892,0.245635,0.954984,0.766921,1.249199,0.292575,0.181829,0.762939
1754554856922,0.243445,0.955283,0.766703,1.248865,0.292252,0.181610,0.752441
1754554856954,0.245927,0.954857,0.767414,1.249462,0.297970,0.182322,0.749512
1754554856981,0.247456,0.954063,0.770646,1.251146,0.333678,0.185554,0.752197
1754554857014,0.248671,0.954088,0.769737,1.250846,0.321986,0.184644,0.755859
1754554857044,0.244837,0.955323,0.765603,1.248493,0.278183,0.180510,0.760254
1754554857075,0.244944,0.955196,0.766223,1.248797,0.285228,0.181131,0.757080
1754554857105,0.245550,0.955194,0.765844,1.248682,0.280250,0.180751,0.754639
1754554857133,0.246630,0.955069,0.765816,1.248783,0.278854,0.180724,0.757080
1754554857163,0.245947,0.955136,0.765901,1.248751,0.280515,0.180809,0.761963
1754554857196,0.245887,0.955305,0.765022,1.248330,0.270443,0.179930,0.766113
1754554857224,0.247999,0.954656,0.767147,1.249555,0.292816,0.182055,0.761719
1754554857253,0.249718,0.953878,0.770162,1.251156,0.325846,0.185070,0.741699
1754554857294,0.246002,0.954934,0.766950,1.249251,0.292544,0.181858,0.751953
1754554857316,0.245700,0.954819,0.767761,1.249602,0.302192,0.182669,0.753906
1754554857345,0.245731,0.955105,0.766207,1.248872,0.284253,0.181115,0.762695
1754554857373,0.245668,0.955082,0.766369,1.248942,0.286189,0.181277,0.763916
1754554857408,0.247566,0.954239,0.769647,1.250687,0.322056,0.184555,0.753418
1754554857433,0.245956,0.954915,0.767082,1.249309,0.294114,0.181990,0.746582
1754554857462,0.247187,0.954588,0.768040,1.249890,0.303924,0.182948,0.747559
1754554857492,0.243790,0.955579,0.764884,1.248044,0.270952,0.179792,0.758789
1754554857526,0.246230,0.955233,0.765191,1.248446,0.272044,0.180098,0.740723
1754554857554,0.245910,0.954622,0.768679,1.250057,0.312561,0.183587,0.737549
1754554857582,0.248531,0.954300,0.768702,1.250344,0.310206,0.183610,0.744873
1754554857619,0.247356,0.954843,0.766566,1.249213,0.286761,0.181473,0.746338
1754554857646,0.246414,0.955028,0.766182,1.248933,0.283283,0.181090,0.740479
1754554857674,0.245031,0.954870,0.767914,1.249604,0.304624,0.182822,0.750977
1754554857702,0.246818,0.954387,0.769347,1.250467,0.319345,0.184254,0.756592
1754554857734,0.244372,0.955143,0.766873,1.249044,0.293292,0.181781,0.749023
1754554857763,0.245627,0.954829,0.767755,1.249591,0.302192,0.182662,0.744629
1754554857799,0.246399,0.954705,0.767924,1.249753,0.303372,0.182832,0.756104
1754554857825,0.244124,0.954861,0.768534,1.249800,0.312671,0.183441,0.744873
1754554857856,0.244819,0.955054,0.767064,1.249181,0.295040,0.181972,0.749756
1754554857885,0.245236,0.955076,0.766681,1.249044,0.290206,0.181588,0.750244
1754554857916,0.244698,0.955206,0.766325,1.248819,0.286650,0.181233,0.734863
1754554857946,0.245494,0.954788,0.768057,1.249720,0.305812,0.182965,0.760254
1754554857973,0.245663,0.954774,0.768027,1.249724,0.305299,0.182935,0.753906
1754554858007,0.243822,0.954945,0.768277,1.249647,0.310013,0.183184,0.748291
1754554858034,0.243112,0.955490,0.765801,1.248405,0.282197,0.180709,0.745850
1754554858065,0.243215,0.955151,0.767560,1.249245,0.302356,0.182467,0.761475
1754554858096,0.244997,0.955150,0.766438,1.248904,0.287648,0.181346,0.746582
1754554858124,0.245374,0.954818,0.767973,1.249667,0.304956,0.182880,0.732666
1754554858154,0.246725,0.954676,0.767870,1.249761,0.302425,0.182778,0.736816
1754554858183,0.242838,0.955083,0.768156,1.249487,0.309604,0.183064,0.744141
1754554858215,0.243684,0.955109,0.767489,1.249262,0.301076,0.182397,0.720459
1754554858244,0.243440,0.955003,0.768208,1.249575,0.309604,0.183116,0.745361
1754554858274,0.243281,0.955023,0.768200,1.249555,0.309674,0.183108,0.750000
1754554858304,0.242653,0.955579,0.765606,1.248265,0.280405,0.180514,0.766602
1754554858339,0.244762,0.954752,0.768715,1.249953,0.314128,0.183623,0.737793
1754554858365,0.243185,0.955418,0.766141,1.248573,0.286038,0.181049,0.739502
1754554858399,0.243958,0.955099,0.767369,1.249234,0.299420,0.182277,0.742188
1754554858425,0.243673,0.955449,0.765664,1.248400,0.280056,0.180572,0.763428
1754554858455,0.246880,0.954712,0.767579,1.249640,0.298915,0.182487,0.738281
1754554858484,0.246236,0.954741,0.767837,1.249694,0.302525,0.182744,0.745605
1754554858515,0.244326,0.955332,0.765883,1.248572,0.281927,0.180791,0.745850
1754554858550,0.246020,0.954813,0.767591,1.249555,0.299908,0.182498,0.730713
1754554858576,0.247538,0.954397,0.768830,1.250299,0.312672,0.183738,0.747559
1754554858606,0.245592,0.954785,0.768012,1.249709,0.305187,0.182919,0.741699
1754554858633,0.245035,0.954711,0.768762,1.250004,0.314392,0.183670,0.740967
1754554858663,0.246934,0.954732,0.767433,1.249577,0.297179,0.182341,0.746338
1754554858695,0.247708,0.954852,0.766288,1.249119,0.283215,0.181196,0.752686
1754554858723,0.244382,0.955091,0.767145,1.249173,0.296409,0.182052,0.750977
1754554858753,0.245641,0.955048,0.766570,1.249034,0.288527,0.181478,0.758545
1754554858783,0.246623,0.955090,0.765711,1.248733,0.277650,0.180619,0.763672
1754554858814,0.246123,0.954690,0.768181,1.249844,0.306604,0.183088,0.749268
1754554858852,0.246732,0.955187,0.765113,1.248462,0.270643,0.180020,0.762451
1754554858878,0.247123,0.954685,0.767564,1.249659,0.298494,0.182471,0.758789
1754554858905,0.248571,0.954530,0.767450,1.249758,0.295736,0.182358,0.754395
1754554858939,0.248175,0.954707,0.766760,1.249391,0.288186,0.181668,0.746338
1754554858968,0.245496,0.954866,0.767642,1.249524,0.301025,0.182550,0.758545
1754554859003,0.248177,0.954540,0.767652,1.249811,0.298453,0.182559,0.746094
1754554859026,0.244844,0.954673,0.769080,1.250134,0.318246,0.183988,0.758301
1754554859055,0.246276,0.954973,0.766567,1.249100,0.287861,0.181475,0.756104
1754554859086,0.244222,0.955101,0.767192,1.249178,0.297119,0.182100,0.768066
1754554859123,0.248522,0.954521,0.767532,1.249791,0.296737,0.182440,0.741943
1754554859150,0.246655,0.955088,0.765700,1.248731,0.277483,0.180607,0.758545
1754554859176,0.245156,0.955139,0.766392,1.248899,0.286963,0.181300,0.765137
1754554859204,0.244547,0.955242,0.766229,1.248758,0.285695,0.181137,0.760742
1754554859235,0.246026,0.955262,0.765167,1.248413,0.271974,0.180075,0.756592
1754554859266,0.244466,0.955185,0.766585,1.248917,0.289875,0.181493,0.756592
1754554859299,0.245748,0.955072,0.766375,1.248953,0.286170,0.181282,0.762207
1754554859326,0.244703,0.955222,0.766236,1.248778,0.285613,0.181143,0.760498
1754554859358,0.246817,0.954921,0.766494,1.249123,0.286478,0.181402,0.757812
1754554859390,0.249173,0.954935,0.764870,1.248604,0.265402,0.179777,0.761719
1754554859419,0.245860,0.954953,0.766941,1.249232,0.292586,0.181849,0.753906
1754554859452,0.245794,0.954979,0.766842,1.249179,0.291511,0.181750,0.757568
1754554859478,0.246719,0.954991,0.766182,1.248965,0.282977,0.181090,0.752441
1754554859507,0.247118,0.955142,0.765105,1.248499,0.270170,0.180013,0.766846
1754554859537,0.247228,0.955038,0.765594,1.248741,0.275692,0.180502,0.744141
1754554859566,0.248577,0.954351,0.768403,1.250207,0.306708,0.183310,0.743896
1754554859604,0.247259,0.954707,0.767359,1.249577,0.296002,0.182267,0.746826
1754554859629,0.245886,0.954912,0.767147,1.249332,0.294930,0.182055,0.760010
1754554859660,0.246476,0.954850,0.767099,1.249372,0.293790,0.182007,0.728760
1754554859690,0.245924,0.955115,0.766030,1.248809,0.282020,0.180938,0.732910
1754554859725,0.246951,0.954685,0.767673,1.249692,0.299927,0.182581,0.752441
1754554859754,0.247964,0.954482,0.768103,1.250002,0.303873,0.183011,0.739746
1754554859780,0.248067,0.954875,0.765929,1.248987,0.278712,0.180837,0.747070
1754554859810,0.249555,0.954800,0.765346,1.248869,0.270507,0.180254,0.747803
1754554859840,0.246917,0.955093,0.765504,1.248666,0.274965,0.180412,0.755127
1754554859870,0.247170,0.954879,0.766490,1.249158,0.286076,0.181398,0.739258
1754554859901,0.247788,0.954764,0.766705,1.249324,0.287933,0.181613,0.748291
1754554859932,0.250387,0.954449,0.766682,1.249587,0.285068,0.181589,0.744141
1754554859958,0.249784,0.954692,0.765774,1.249095,0.275207,0.180681,0.757568
1754554859989,0.249090,0.954934,0.764927,1.248623,0.266144,0.179835,0.748535
1754554860021,0.248047,0.955234,0.763992,1.248072,0.256417,0.178900,0.761230
1754554860065,0.248864,0.955035,0.764532,1.248412,0.261816,0.179439,0.756836
1754554860081,0.246890,0.955284,0.764486,1.248183,0.263259,0.179393,0.752686
1754554860111,0.247101,0.955180,0.764912,1.248406,0.267958,0.179819,0.750732
1754554860140,0.248690,0.955063,0.764493,1.248376,0.261542,0.179401,0.745117
1754554860170,0.250175,0.954563,0.766213,1.249343,0.279875,0.181120,0.736084
1754554860201,0.248270,0.955199,0.764032,1.248114,0.256657,0.178940,0.754395
1754554860229,0.247954,0.954969,0.765495,1.248771,0.273826,0.180403,0.743164
1754554860261,0.249003,0.954617,0.766700,1.249450,0.286659,0.181607,0.755615
1754554860288,0.251481,0.954371,0.766368,1.249554,0.280357,0.181276,0.745605
1754554860319,0.247852,0.955018,0.765293,1.248665,0.271604,0.180201,0.766113
1754554860350,0.248404,0.954986,0.765104,1.248634,0.268875,0.180012,0.766602
1754554860380,0.247950,0.954921,0.765757,1.248894,0.276855,0.180665,0.742676
1754554860410,0.248210,0.955118,0.764514,1.248335,0.262271,0.179422,0.755859
1754554860438,0.247733,0.955027,0.765326,1.248668,0.272103,0.180234,0.762939
1754554860469,0.246940,0.955117,0.765359,1.248600,0.273272,0.180267,0.759033
1754554860500,0.251082,0.954668,0.765033,1.248883,0.265371,0.179940,0.745850
1754554860532,0.248022,0.954981,0.765383,1.248725,0.272469,0.180291,0.748535
1754554860559,0.249095,0.954486,0.767343,1.249763,0.293985,0.182251,0.750244
1754554860588,0.251484,0.954543,0.765438,1.249116,0.269642,0.180346,0.748779
1754554860619,0.248424,0.954828,0.765945,1.249033,0.278542,0.180853,0.751709
1754554860653,0.249900,0.954416,0.767184,1.249772,0.291343,0.182092,0.735596
1754554860687,0.249185,0.954951,0.764772,1.248559,0.264261,0.179679,0.766113
1754554860712,0.247694,0.954558,0.767873,1.249865,0.301493,0.182781,0.738770
1754554860744,0.248596,0.954871,0.765600,1.248888,0.274392,0.180507,0.764648
1754554860770,0.250586,0.954519,0.766173,1.249368,0.279007,0.181081,0.739014
1754554860802,0.247932,0.954803,0.766404,1.249197,0.284318,0.181311,0.758789
1754554860830,0.249406,0.954987,0.764432,1.248422,0.260121,0.179339,0.756104
1754554860864,0.246962,0.955029,0.765817,1.248818,0.278531,0.180725,0.743164
1754554860889,0.248146,0.954974,0.765341,1.248719,0.271861,0.180249,0.746338
1754554860923,0.251043,0.954397,0.766523,1.249581,0.282583,0.181431,0.741943
1754554860953,0.248819,0.954460,0.767663,1.249884,0.297940,0.182570,0.745361
1754554860983,0.250616,0.954653,0.765427,1.249019,0.270376,0.180334,0.746094
1754554861009,0.248912,0.954837,0.765573,1.248909,0.273767,0.180481,0.746094
1754554861041,0.247727,0.954896,0.766035,1.249002,0.280271,0.180942,0.737305
1754554861073,0.249221,0.955006,0.764451,1.248412,0.260524,0.179358,0.763916
1754554861105,0.248010,0.955095,0.764772,1.248436,0.265442,0.179680,0.760010
1754554861136,0.249512,0.954795,0.765403,1.248892,0.271204,0.180310,0.758545
1754554861161,0.248989,0.955123,0.763969,1.248160,0.255213,0.178877,0.756348
1754554861192,0.251180,0.954446,0.766163,1.249426,0.278294,0.181070,0.753418
1754554861223,0.249474,0.954358,0.767777,1.250007,0.298607,0.182685,0.741455
1754554861254,0.250841,0.954461,0.766315,1.249462,0.280393,0.181223,0.753662
1754554861281,0.249313,0.954536,0.766928,1.249590,0.288983,0.181836,0.740234
1754554861310,0.250679,0.954516,0.766128,1.249357,0.278392,0.181035,0.738525
1754554861341,0.247492,0.955296,0.764019,1.248026,0.257280,0.178927,0.766602
1754554861373,0.251118,0.954825,0.764151,1.248471,0.255177,0.179059,0.756348
1754554861408,0.249789,0.954794,0.765218,1.248834,0.268796,0.180125,0.764160
1754554861434,0.248774,0.954706,0.766370,1.249270,0.283090,0.181278,0.748291
1754554861461,0.249279,0.955112,0.763831,1.248126,0.253331,0.178739,0.786377
1754554861491,0.249079,0.955281,0.763040,1.247731,0.244413,0.177948,0.779785
1754554861522,0.250895,0.955035,0.763155,1.247977,0.243917,0.178062,0.774658
1754554861556,0.249781,0.955172,0.763164,1.247864,0.245133,0.178071,0.762451
1754554861583,0.250166,0.955300,0.762197,1.247448,0.233612,0.177105,0.771973
1754554861615,0.249665,0.955279,0.762655,1.247611,0.239392,0.177563,0.771484
1754554861640,0.251387,0.955172,0.762067,1.247515,0.230895,0.176975,0.780029
1754554861672,0.249060,0.955460,0.762067,1.247270,0.233225,0.176975,0.767578
1754554861704,0.249055,0.955377,0.762528,1.247487,0.238542,0.177436,0.768066
1754554861736,0.250746,0.955261,0.762013,1.247422,0.230916,0.176921,0.780029
1754554861762,0.250842,0.955090,0.762892,1.247847,0.240939,0.177799,0.769043
1754554861791,0.250141,0.955423,0.761534,1.247132,0.225998,0.176442,0.776367
1754554861822,0.249135,0.955381,0.762456,1.247461,0.237630,0.177364,0.783203
1754554861853,0.252126,0.954926,0.762906,1.247989,0.239821,0.177814,0.783936
1754554861886,0.254655,0.954058,0.765878,1.249658,0.271534,0.180785,0.782471
1754554861913,0.254724,0.954487,0.763499,1.248543,0.244054,0.178407,0.778076
1754554861946,0.249199,0.955223,0.763278,1.247856,0.247032,0.178185,0.769287
1754554861976,0.252314,0.954784,0.763555,1.248316,0.247115,0.178463,0.779053
1754554862005,0.251214,0.954597,0.765326,1.249035,0.268614,0.180233,0.774658
1754554862033,0.254582,0.954669,0.762599,1.248104,0.233825,0.177506,0.786621
1754554862064,0.253301,0.954735,0.763138,1.248223,0.241320,0.178046,0.784180
1754554862096,0.252202,0.954843,0.763308,1.248187,0.244380,0.178216,0.781738
1754554862123,0.252635,0.954967,0.762326,1.247769,0.232630,0.177234,0.814209
1754554862155,0.253391,0.954883,0.762265,1.247820,0.231167,0.177172,0.808105
1754554862186,0.252442,0.954968,0.762459,1.247812,0.234358,0.177367,0.808594
1754554862213,0.251505,0.955172,0.761984,1.247488,0.229818,0.176892,0.799072
1754554862247,0.250333,0.955737,0.759656,1.246265,0.204168,0.174564,0.803223
1754554862276,0.251811,0.955276,0.761194,1.247148,0.220408,0.176102,0.791260
1754554862309,0.253889,0.955133,0.760529,1.247053,0.210662,0.175436,0.808594
1754554862337,0.250997,0.955272,0.761783,1.247340,0.228009,0.176691,0.825928
1754554862364,0.249780,0.955593,0.760844,1.246768,0.218402,0.175751,0.841553
1754554862393,0.252048,0.955366,0.760529,1.246859,0.212506,0.175436,0.856445
1754554862425,0.253199,0.954749,0.763134,1.248210,0.241381,0.178042,0.841553
1754554862460,0.254231,0.954543,0.763541,1.248511,0.245037,0.178449,0.837891
1754554862491,0.252882,0.954902,0.762512,1.247883,0.234528,0.177420,0.845703
1754554862514,0.252837,0.954389,0.765344,1.249214,0.267199,0.180251,0.842529
1754554862543,0.253777,0.953499,0.769464,1.251255,0.313742,0.184372,0.845703
1754554862576,0.254186,0.953315,0.770161,1.251626,0.321359,0.185069,0.838623
1754554862609,0.252848,0.952932,0.773054,1.252847,0.356040,0.187962,0.853271
1754554862633,0.256877,0.951694,0.776734,1.254999,0.394405,0.191641,0.840088
1754554862665,0.256900,0.951387,0.778270,1.255723,0.412085,0.193178,0.855469
1754554862695,0.258071,0.950307,0.782874,1.258005,0.463968,0.197782,0.848389
1754554862727,0.259138,0.949453,0.786338,1.259738,0.502813,0.201245,0.836670
1754554862762,0.259568,0.948775,0.789306,1.261172,0.536584,0.204214,0.823486
1754554862789,0.261269,0.947591,0.793787,1.263443,0.586520,0.208695,0.817139
1754554862815,0.261138,0.946820,0.797414,1.265121,0.628440,0.212321,0.808105
1754554862845,0.261773,0.945977,0.800834,1.266780,0.667217,0.215741,0.807861
1754554862876,0.266377,0.943874,0.807273,1.270254,0.736813,0.222181,0.813721
1754554862906,0.270096,0.942578,0.810545,1.272159,0.770792,0.225452,0.825928
1754554862937,0.272001,0.941058,0.815779,1.274783,0.829205,0.230687,0.825439
1754554862967,0.269602,0.940720,0.818645,1.275861,0.864627,0.233553,0.816406
1754554862996,0.273212,0.939745,0.820452,1.277070,0.881833,0.235359,0.841797
1754554863024,0.271361,0.939768,0.821485,1.277356,0.895598,0.236393,0.841064
1754554863060,0.272143,0.939580,0.821776,1.277571,0.898164,0.236684,0.840820
1754554863085,0.271715,0.939359,0.822927,1.278059,0.911855,0.237835,0.838379
1754554863115,0.272635,0.938499,0.825828,1.279493,0.944365,0.240736,0.829834
1754554863144,0.271964,0.938381,0.826697,1.279825,0.955048,0.241605,0.839355
1754554863176,0.269300,0.938997,0.825810,1.279141,0.947494,0.240718,0.833984
1754554863208,0.269163,0.938468,0.827990,1.280132,0.972747,0.242898,0.833496
1754554863237,0.269055,0.937941,0.830126,1.281106,0.997469,0.245034,0.841797
1754554863265,0.267218,0.938342,0.829596,1.280672,0.993193,0.244503,0.838867
1754554863296,0.265003,0.938420,0.830529,1.280874,1.006170,0.245437,0.845215
1754554863328,0.263874,0.938470,0.830959,1.280956,1.012244,0.245866,0.844482
1754554863357,0.264312,0.938227,0.831666,1.281327,1.019962,0.246574,0.843994
1754554863389,0.264470,0.937279,0.835239,1.282989,1.060969,0.250147,0.850342
1754554863416,0.264401,0.937144,0.835795,1.283238,1.067451,0.250703,0.836182
1754554863445,0.262971,0.937437,0.835444,1.282929,1.064830,0.250352,0.842041
1754554863479,0.263068,0.937151,0.836483,1.283417,1.076702,0.251390,0.848389
1754554863511,0.263160,0.936439,0.839132,1.284646,1.107138,0.254040,0.852783
1754554863540,0.262753,0.936483,0.839184,1.284628,1.108141,0.254091,0.846924
1754554863571,0.262505,0.936232,0.840257,1.285096,1.120759,0.255165,0.842773
1754554863599,0.261916,0.936864,0.838181,1.284081,1.097431,0.253089,0.841064
1754554863627,0.260689,0.936837,0.838924,1.284296,1.107213,0.253832,0.838135
1754554863657,0.259484,0.936906,0.839288,1.284340,1.112616,0.254196,0.828125
1754554863695,0.259700,0.936276,0.841540,1.285397,1.138341,0.256447,0.829102
1754554863716,0.259544,0.935931,0.842903,1.286008,1.154209,0.257811,0.827148
1754554863746,0.260299,0.935562,0.843889,1.286538,1.164815,0.258797,0.826904
1754554863776,0.259173,0.935627,0.844218,1.286574,1.169736,0.259126,0.828857
1754554863809,0.259796,0.935651,0.843815,1.286453,1.164467,0.258723,0.827393
1754554863837,0.258770,0.935508,0.844857,1.286826,1.177499,0.259765,0.824219
1754554863867,0.259083,0.935393,0.845126,1.286981,1.180281,0.260033,0.818604
1754554863897,0.259772,0.935208,0.845460,1.287206,1.183448,0.260368,0.828857
1754554863929,0.258115,0.936002,0.843358,1.286070,1.160878,0.258265,0.835938
1754554863962,0.258758,0.935879,0.843493,1.286198,1.161793,0.258401,0.827393
1754554863986,0.259235,0.935589,0.844327,1.286630,1.170927,0.259235,0.828613
1754554864020,0.257891,0.936231,0.842620,1.285708,1.152600,0.257528,0.826416
1754554864048,0.256271,0.937002,0.840552,1.284591,1.130388,0.255459,0.812744
1754554864078,0.256565,0.937767,0.837515,1.283224,1.095103,0.252423,0.816162
1754554864109,0.256107,0.938733,0.834049,1.281580,1.055621,0.248957,0.816650
1754554864143,0.255432,0.940727,0.826585,1.278067,0.970282,0.241492,0.812012
1754554864172,0.254178,0.942554,0.819856,1.274825,0.894010,0.234764,0.799072
1754554864197,0.254072,0.943054,0.817850,1.273885,0.870999,0.232758,0.796143
1754554864226,0.251868,0.944768,0.811838,1.270868,0.803923,0.226746,0.797363
1754554864262,0.250660,0.946248,0.806105,1.268078,0.739073,0.221013,0.791260
1754554864291,0.247596,0.948379,0.798292,1.264119,0.652110,0.213200,0.782715
1754554864319,0.243284,0.949828,0.794010,1.261670,0.607072,0.208918,0.794922
1754554864347,0.243400,0.950133,0.792522,1.260987,0.589812,0.207430,0.803223
1754554864381,0.240623,0.950968,0.790110,1.259568,0.564792,0.205017,0.808350
1754554864410,0.239010,0.951870,0.786670,1.257789,0.526765,0.201577,0.833984
1754554864440,0.240826,0.952155,0.784281,1.256858,0.497422,0.199188,0.843262
1754554864473,0.240273,0.952429,0.783247,1.256316,0.486069,0.198155,0.843506
1754554864500,0.239663,0.952670,0.782404,1.255856,0.476960,0.197312,0.821045
1754554864528,0.241886,0.952230,0.783317,1.256517,0.485253,0.198224,0.836182
1754554864561,0.239638,0.952816,0.781694,1.255520,0.468806,0.196602,0.850098
1754554864589,0.239912,0.952516,0.783023,1.256172,0.483838,0.197930,0.831787
1754554864619,0.238697,0.952913,0.781741,1.255444,0.470291,0.196649,0.817139
1754554864651,0.236953,0.953000,0.782276,1.255512,0.478193,0.197184,0.826416
1754554864682,0.236386,0.953183,0.781679,1.255173,0.471884,0.196587,0.807861
1754554864709,0.239153,0.952774,0.782178,1.255697,0.474866,0.197086,0.815674
1754554864739,0.236833,0.952809,0.783281,1.255971,0.489892,0.198188,0.806641
1754554864770,0.235924,0.952929,0.783183,1.255830,0.489675,0.198091,0.812744
1754554864798,0.237531,0.952998,0.781966,1.255427,0.474043,0.196874,0.818359
1754554864831,0.239115,0.952450,0.783794,1.256451,0.493520,0.198701,0.795410
1754554864861,0.237851,0.952867,0.782438,1.255682,0.479164,0.197346,0.807129
1754554864890,0.236083,0.953083,0.782341,1.255452,0.479810,0.197248,0.795654
1754554864918,0.238203,0.952600,0.783559,1.256245,0.491734,0.198467,0.796875
1754554864947,0.236480,0.952923,0.782912,1.255762,0.486000,0.197820,0.789551
1754554864978,0.235212,0.953203,0.782218,1.255303,0.479273,0.197126,0.799805
1754554865009,0.238785,0.952906,0.781726,1.255446,0.470024,0.196634,0.798096
1754554865038,0.235685,0.953573,0.780123,1.254368,0.454652,0.195031,0.806396
1754554865067,0.236064,0.952996,0.782782,1.255657,0.484911,0.197689,0.801514
1754554865098,0.237634,0.953217,0.780824,1.254902,0.460783,0.195732,0.809082
1754554865129,0.236202,0.953388,0.780761,1.254722,0.461494,0.195669,0.816895
1754554865163,0.237407,0.952888,0.782581,1.255703,0.481251,0.197488,0.791992
1754554865190,0.238976,0.952614,0.783063,1.256093,0.485238,0.197970,0.793701
1754554865218,0.238395,0.952679,0.783063,1.256033,0.485825,0.197971,0.790039
1754554865249,0.237186,0.953009,0.782104,1.255456,0.475984,0.197012,0.796631
1754554865286,0.236980,0.952828,0.783109,1.255906,0.487772,0.198017,0.780273
1754554865314,0.236614,0.953104,0.781946,1.255322,0.474737,0.196854,0.795166
1754554865341,0.236056,0.953426,0.780652,1.254656,0.460373,0.195559,0.799072
1754554865369,0.236437,0.953004,0.782538,1.255581,0.481733,0.197446,0.783936
1754554865404,0.237051,0.953093,0.781760,1.255280,0.472146,0.196667,0.804199
1754554865430,0.237678,0.952759,0.783066,1.255959,0.486569,0.197973,0.784424
1754554865465,0.239491,0.952670,0.782498,1.255882,0.478220,0.197406,0.790527
1754554865489,0.237102,0.953048,0.781958,1.255379,0.474378,0.196865,0.786377
1754554865519,0.236091,0.953025,0.782624,1.255586,0.483067,0.197532,0.778076
1754554865549,0.235574,0.952918,0.783426,1.255908,0.492829,0.198334,0.788818
1754554865580,0.236166,0.952532,0.784997,1.256707,0.510339,0.199905,0.798584
1754554865616,0.243896,0.951073,0.787788,1.258823,0.534765,0.202696,0.802979
1754554865645,0.248191,0.949886,0.790974,1.260763,0.567180,0.205881,0.798584
1754554865673,0.252292,0.948778,0.793767,1.262496,0.595271,0.208675,0.807129
1754554865702,0.257570,0.948038,0.794019,1.263165,0.592890,0.208927,0.818848
1754554865734,0.265209,0.946038,0.798404,1.266007,0.635783,0.213312,0.789062
1754554865764,0.277603,0.942766,0.804847,1.270296,0.697636,0.219755,0.837891
1754554865796,0.284565,0.942291,0.802097,1.269744,0.658986,0.217005,0.810059
1754554865821,0.285678,0.942958,0.798300,1.268095,0.614112,0.213208,0.820068
1754554865851,0.289577,0.942237,0.798657,1.268668,0.614333,0.213565,0.812500
1754554865884,0.288860,0.942174,0.799482,1.268977,0.624550,0.214389,0.820312
1754554865912,0.288995,0.941412,0.802778,1.270522,0.662403,0.217686,0.796631
1754554865945,0.287732,0.940563,0.807406,1.272538,0.716986,0.222313,0.794434
1754554865973,0.285889,0.939917,0.811471,1.274230,0.765673,0.226379,0.791748
1754554866003,0.284721,0.938797,0.816966,1.276651,0.830159,0.231874,0.781982
1754554866031,0.281133,0.938839,0.819161,1.277294,0.859038,0.234068,0.783936
1754554866063,0.278169,0.938743,0.821452,1.278045,0.888401,0.236359,0.784668
1754554866092,0.275432,0.938674,0.823433,1.278677,0.913970,0.238341,0.811523
1754554866122,0.271040,0.939337,0.823420,1.278216,0.918207,0.238327,0.797852
1754554866152,0.268989,0.939313,0.824727,1.278608,0.935327,0.239635,0.794189
1754554866181,0.266248,0.940227,0.822639,1.277360,0.914002,0.237547,0.800537
1754554866218,0.264277,0.940902,0.821032,1.276413,0.897452,0.235939,0.803711
1754554866249,0.262694,0.941067,0.821261,1.276356,0.901676,0.236168,0.800049
1754554866272,0.262809,0.941504,0.819404,1.275508,0.880164,0.234312,0.795898
1754554866305,0.260217,0.942370,0.817302,1.274267,0.858536,0.232210,0.808350
1754554866331,0.259513,0.942566,0.816883,1.274000,0.854406,0.231790,0.786621
1754554866371,0.259995,0.942251,0.817918,1.274529,0.865851,0.232825,0.793945
1754554866392,0.256387,0.943036,0.816668,1.273577,0.855064,0.231576,0.784912
1754554866421,0.258517,0.941983,0.819849,1.275270,0.889582,0.234756,0.784180
1754554866453,0.255945,0.942244,0.820182,1.275158,0.895989,0.235089,0.793945
1754554866486,0.255322,0.942225,0.820592,1.275284,0.901339,0.235499,0.791260
1754554866514,0.255130,0.941172,0.824961,1.277285,0.951881,0.239869,0.778564
1754554866543,0.255387,0.939684,0.830724,1.279973,1.018029,0.245632,0.786865
1754554866578,0.252356,0.939827,0.831704,1.280113,1.032355,0.246612,0.778076
1754554866607,0.249191,0.938491,0.838379,1.282865,1.112437,0.253287,0.758789
1754554866634,0.244774,0.937280,0.844939,1.285430,1.192444,0.259847,0.752930
1754554866664,0.240096,0.937175,0.847357,1.286063,1.224985,0.262265,0.746826
1754554866696,0.231044,0.937734,0.848984,1.285885,1.252780,0.263892,0.754395
1754554866728,0.226761,0.937386,0.851854,1.286767,1.290130,0.266761,0.732666
1754554866754,0.223540,0.937349,0.853147,1.287033,1.308259,0.268055,0.743164
1754554866782,0.222157,0.936888,0.855269,1.287866,1.334093,0.270177,0.742188
1754554866818,0.220267,0.936234,0.858217,1.289026,1.369946,0.273125,0.758545
1754554866848,0.217160,0.936046,0.859892,1.289479,1.392360,0.274800,0.766602
1754554866878,0.214790,0.935778,0.861573,1.290008,1.414091,0.276480,0.755371
1754554866906,0.211608,0.936096,0.861439,1.289624,1.415741,0.276347,0.755615
1754554866936,0.208903,0.935830,0.863150,1.290134,1.438155,0.278058,0.746338
1754554866967,0.211855,0.933342,0.870736,1.293905,1.522616,0.285644,0.763428
1754554866998,0.208996,0.932923,0.872944,1.294625,1.550915,0.287851,0.739014
1754554867025,0.209243,0.932301,0.874929,1.295557,1.573543,0.289836,0.702881
1754554867055,0.201283,0.933195,0.874077,1.294365,1.571693,0.288985,0.708252
1754554867084,0.201996,0.932589,0.875895,1.295267,1.591920,0.290802,0.754150
1754554867117,0.199750,0.932492,0.876767,1.295439,1.604219,0.291675,0.716309
1754554867145,0.199720,0.931285,0.880692,1.297227,1.649476,0.295600,0.721924
1754554867174,0.199762,0.931585,0.879714,1.296785,1.638160,0.294621,0.724609
1754554867207,0.190942,0.932085,0.880083,1.296066,1.651235,0.294991,0.713867
1754554867233,0.188459,0.932641,0.878792,1.295227,1.638842,0.293700,0.705811
1754554867275,0.185335,0.932064,0.881273,1.296045,1.670554,0.296181,0.720703
1754554867297,0.187151,0.931000,0.884328,1.297622,1.703940,0.299236,0.706299
1754554867330,0.181259,0.932576,0.880368,1.295223,1.664208,0.295276,0.708740
1754554867356,0.181335,0.932389,0.880959,1.295500,1.670934,0.295866,0.728516
1754554867386,0.189035,0.931149,0.883481,1.297425,1.692301,0.298389,0.730225
1754554867417,0.186953,0.930776,0.885080,1.297945,1.712802,0.299987,0.731934
1754554867449,0.182656,0.931251,0.884368,1.297189,1.708897,0.299276,0.736084
1754554867476,0.182133,0.930230,0.887690,1.298651,1.747704,0.302598,0.714111
1754554867507,0.184167,0.929811,0.888643,1.299289,1.756649,0.303551,0.721680
1754554867534,0.186818,0.928774,0.891385,1.300804,1.785596,0.306293,0.720703
1754554867569,0.186062,0.927803,0.894523,1.302155,1.822506,0.309431,0.754150
1754554867597,0.189759,0.926962,0.896391,1.303374,1.840337,0.311299,0.744873
1754554867625,0.190152,0.926496,0.897732,1.304023,1.855398,0.312640,0.745117
1754554867654,0.188902,0.927264,0.895637,1.302946,1.832503,0.310545,0.745117
1754554867686,0.189736,0.927320,0.895303,1.302878,1.827823,0.310211,0.737549
1754554867717,0.188241,0.926597,0.897792,1.303859,1.857994,0.312699,0.741455
1754554867747,0.188798,0.926527,0.897900,1.303963,1.858680,0.312807,0.726807
1754554867776,0.187058,0.925966,0.899919,1.304706,1.883694,0.314827,0.730225
1754554867808,0.184995,0.927455,0.895782,1.302621,1.838080,0.310689,0.723633
1754554867844,0.190495,0.927639,0.894175,1.302441,1.814070,0.309083,0.756104
1754554867871,0.188493,0.928018,0.893404,1.301890,1.807186,0.308312,0.737305
1754554867897,0.179055,0.927438,0.896845,1.302510,1.856267,0.311752,0.744385
1754554867926,0.184620,0.926086,0.899998,1.304499,1.887039,0.314906,0.748779
1754554867960,0.185245,0.927579,0.895360,1.302454,1.832964,0.310267,0.743896
1754554867986,0.187437,0.925838,0.900236,1.304888,1.886965,0.315144,0.756348
1754554868017,0.186422,0.927278,0.896062,1.302891,1.839886,0.310970,0.742188
1754554868052,0.188377,0.927136,0.896127,1.303116,1.838681,0.311035,0.745361
1754554868079,0.186114,0.926316,0.899037,1.304211,1.874466,0.313944,0.747803
1754554868106,0.183123,0.926555,0.898845,1.303825,1.875244,0.313752,0.735107
1754554868136,0.186353,0.927061,0.896737,1.303191,1.847731,0.311645,0.725586
1754554868169,0.189666,0.925271,0.901515,1.305691,1.899473,0.316423,0.730713
1754554868198,0.187615,0.925403,0.901508,1.305483,1.901439,0.316415,0.735352
1754554868229,0.183857,0.926217,0.899737,1.304304,1.884793,0.314645,0.753662
1754554868259,0.189184,0.925397,0.901229,1.305513,1.896660,0.316137,0.762451
1754554868288,0.192418,0.924308,0.903846,1.307023,1.923583,0.318754,0.759277
1754554868318,0.193252,0.924288,0.903738,1.307057,1.921501,0.318646,0.735352
1754554868347,0.185574,0.925569,0.901382,1.305222,1.902035,0.316290,0.747803
1754554868378,0.189770,0.924490,0.903823,1.306748,1.925966,0.318731,0.754883
1754554868406,0.191215,0.924335,0.904003,1.306973,1.926590,0.318910,0.759766
1754554868437,0.190104,0.924714,0.903092,1.306450,1.917205,0.318000,0.744141
1754554868468,0.195550,0.924290,0.903261,1.307070,1.913707,0.318169,0.755615
1754554868497,0.196115,0.923575,0.905262,1.308033,1.936196,0.320169,0.742432
1754554868530,0.196265,0.923566,0.905255,1.308045,1.935968,0.320162,0.741943
1754554868568,0.191189,0.923834,0.905489,1.307644,1.943745,0.320397,0.734863
1754554868590,0.189474,0.923711,0.906181,1.307787,1.953426,0.321088,0.741943
1754554868619,0.189953,0.923439,0.906890,1.308156,1.961127,0.321798,0.731689
1754554868647,0.191915,0.922976,0.907869,1.308794,1.970442,0.322777,0.754150
1754554868681,0.190807,0.922207,0.910324,1.309795,1.999841,0.325232,0.755859
1754554868706,0.185807,0.922840,0.909398,1.308878,1.994164,0.324305,0.750977
1754554868738,0.185852,0.922511,0.910345,1.309311,2.005035,0.325253,0.734619
1754554868768,0.181234,0.922377,0.911505,1.309377,2.023019,0.326413,0.765137
1754554868800,0.179619,0.921503,0.914275,1.310469,2.056559,0.329183,0.763184
1754554868831,0.181475,0.919990,0.918291,1.312468,2.100974,0.333199,0.775391
1754554868857,0.178795,0.919837,0.919131,1.312582,2.113338,0.334039,0.767578
1754554868888,0.189931,0.917630,0.923471,1.315643,2.152209,0.338379,0.743896
1754554868920,0.188541,0.916671,0.926364,1.316809,2.186937,0.341272,0.731201
1754554868950,0.191008,0.915170,0.930028,1.318701,2.226682,0.344935,0.738037
1754554868978,0.193498,0.914786,0.930613,1.319211,2.230943,0.345521,0.737305
1754554869008,0.190555,0.913641,0.934234,1.320547,2.275601,0.349141,0.731445
1754554869039,0.194806,0.912548,0.936375,1.321928,2.296027,0.351283,0.721680
1754554869071,0.199261,0.912226,0.936371,1.322366,2.291523,0.351279,0.729736
1754554869101,0.200806,0.911938,0.936824,1.322721,2.295194,0.351731,0.738770
1754554869130,0.205632,0.910471,0.939683,1.324479,2.323312,0.354590,0.729492
1754554869161,0.201355,0.910130,0.941471,1.324858,2.348196,0.356379,0.715576
1754554869192,0.201457,0.908578,0.945481,1.326663,2.394305,0.360389,0.725830
1754554869221,0.199468,0.907995,0.947376,1.327314,2.418133,0.362284,0.712158
1754554869249,0.200039,0.907477,0.948591,1.327914,2.431558,0.363499,0.721680
1754554869280,0.209933,0.904935,0.952984,1.330848,2.472279,0.367891,0.714600
1754554869311,0.208189,0.904362,0.954800,1.331486,2.494949,0.369707,0.710449
1754554869343,0.200597,0.904040,0.957147,1.331788,2.529592,0.372055,0.706543
1754554869372,0.208538,0.902534,0.959271,1.333513,2.546124,0.374179,0.717285
1754554869402,0.208363,0.901568,0.961686,1.334571,2.574123,0.376593,0.726562
1754554869429,0.203854,0.901633,0.962448,1.334468,2.587420,0.377356,0.717285
1754554869458,0.201448,0.900752,0.965062,1.335395,2.619941,0.379969,0.719971
1754554869492,0.199220,0.901262,0.964242,1.334812,2.612717,0.379149,0.717041
1754554869520,0.202248,0.900162,0.966338,1.336041,2.633848,0.381246,0.703125
1754554869549,0.208702,0.899802,0.965914,1.336484,2.622507,0.380822,0.730469
1754554869593,0.203959,0.899670,0.967193,1.336588,2.641988,0.382101,0.724854
1754554869612,0.206907,0.899643,0.966670,1.336644,2.633010,0.381577,0.722412
1754554869640,0.202313,0.900600,0.965265,1.335570,2.621413,0.380172,0.699707
1754554869675,0.199018,0.902566,0.961090,1.333390,2.576609,0.375998,0.713867
1754554869701,0.206150,0.903085,0.958410,1.332895,2.538595,0.373318,0.711670
1754554869729,0.201250,0.905901,0.952356,1.329715,2.473732,0.367264,0.694092
1754554869762,0.204782,0.908077,0.946090,1.327263,2.397999,0.360998,0.686523
1754554869792,0.208206,0.909551,0.941530,1.325560,2.342022,0.356437,0.664307
1754554869826,0.214022,0.911042,0.936254,1.323772,2.275411,0.351161,0.708008
1754554869853,0.215300,0.912374,0.932380,1.322162,2.229499,0.347288,0.698975
1754554869880,0.218386,0.914742,0.925150,1.319222,2.143102,0.340058,0.693604
1754554869915,0.210242,0.918461,0.916833,1.314669,2.055402,0.331740,0.790283
1754554869941,0.210431,0.920555,0.910790,1.311961,1.985586,0.325698,0.761719
1754554869976,0.213644,0.920751,0.909403,1.311656,1.966393,0.324311,0.761475
1754554870005,0.220059,0.921903,0.904276,1.309979,1.900892,0.319184,0.764893
1754554870032,0.224178,0.921926,0.903003,1.309816,1.882106,0.317911,0.750732
1754554870060,0.228090,0.923779,0.896233,1.307144,1.800189,0.311141,0.746338
1754554870090,0.227173,0.925435,0.891451,1.304884,1.746002,0.306359,0.725098
1754554870126,0.226964,0.928569,0.881660,1.300414,1.633380,0.296567,0.724365
1754554870150,0.230982,0.929402,0.877610,1.298976,1.582701,0.292518,0.743896
1754554870185,0.241702,0.928970,0.875068,1.298903,1.542690,0.289976,0.780273
1754554870212,0.241882,0.931434,0.866795,1.295148,1.447180,0.281703,0.769043
1754554870243,0.245355,0.931498,0.865161,1.294755,1.424877,0.280069,0.785400
1754554870273,0.246950,0.932180,0.862157,1.293545,1.388661,0.277064,0.776123
1754554870301,0.244268,0.934176,0.856345,1.290612,1.324376,0.271253,0.793457
1754554870336,0.243492,0.934992,0.853787,1.289361,1.295678,0.268695,0.788086
1754554870368,0.246553,0.934224,0.855196,1.290319,1.308851,0.270104,0.798096
1754554870392,0.251200,0.934329,0.852750,1.289672,1.276016,0.267657,0.781494
1754554870422,0.249185,0.936210,0.846875,1.286771,1.210337,0.261783,0.794189
1754554870452,0.249182,0.937076,0.843686,1.285305,1.173593,0.258594,0.789062
1754554870484,0.245415,0.938907,0.838565,1.282562,1.118352,0.253473,0.801514
1754554870513,0.242486,0.941001,0.831862,1.279171,1.044044,0.246770,0.781250
1754554870542,0.239667,0.943191,0.824484,1.275470,0.961845,0.239392,0.760254
1754554870572,0.243467,0.942204,0.826663,1.276869,0.983150,0.241570,0.779785
1754554870603,0.239004,0.943650,0.822933,1.274683,0.944636,0.237841,0.772461
1754554870635,0.238650,0.943777,0.822583,1.274484,0.940956,0.237491,0.767822
1754554870666,0.241213,0.943528,0.822394,1.274661,0.936218,0.237302,0.771240
1754554870693,0.248420,0.941874,0.825577,1.276878,0.965683,0.240485,0.791992
1754554870726,0.246161,0.943530,0.819984,1.274056,0.903497,0.234892,0.783936
1754554870757,0.250676,0.942892,0.820310,1.274673,0.902742,0.235218,0.793457
1754554870785,0.248697,0.943763,0.817736,1.273276,0.875059,0.232644,0.795898
1754554870812,0.249371,0.943649,0.817865,1.273405,0.875868,0.232773,0.795410
1754554870848,0.247254,0.944296,0.816260,1.272442,0.859493,0.231168,0.808350
1754554870877,0.246753,0.944676,0.814925,1.271771,0.844612,0.229833,0.799561
1754554870904,0.247172,0.944569,0.815158,1.271923,0.846874,0.230066,0.798584
1754554870938,0.247799,0.944529,0.815004,1.271916,0.844471,0.229911,0.790283
1754554870968,0.247436,0.944418,0.815656,1.272181,0.852348,0.230564,0.802246
1754554870993,0.246712,0.944616,0.815198,1.271894,0.847799,0.230106,0.818848
1754554871022,0.241994,0.945970,0.811848,1.269849,0.813908,0.226755,0.797607
1754554871060,0.245156,0.945375,0.812786,1.270613,0.821557,0.227694,0.806641
1754554871084,0.246964,0.944600,0.815135,1.271890,0.846821,0.230043,0.813721
1754554871112,0.244963,0.944924,0.814791,1.271524,0.844851,0.229698,0.806641
1754554871143,0.240346,0.946369,0.810959,1.269266,0.805313,0.225866,0.788574
1754554871174,0.246736,0.944996,0.813582,1.271146,0.829150,0.228490,0.791992
1754554871206,0.242837,0.945848,0.811946,1.269983,0.814203,0.226854,0.787354
1754554871236,0.242580,0.946172,0.810692,1.269373,0.800002,0.225599,0.783691
1754554871262,0.246154,0.944878,0.814381,1.271457,0.838939,0.229289,0.803223
1754554871292,0.249300,0.944285,0.815246,1.272184,0.845759,0.230154,0.810059
1754554871323,0.245902,0.944721,0.815169,1.271796,0.848273,0.230077,0.789307
1754554871353,0.247064,0.944008,0.817557,1.273024,0.874623,0.232464,0.782959
1754554871383,0.246916,0.944008,0.817632,1.273044,0.875636,0.232539,0.754395
1754554871415,0.247681,0.944264,0.816174,1.272446,0.858068,0.231081,0.765137
1754554871446,0.250371,0.943623,0.817452,1.273317,0.870105,0.232359,0.761475
1754554871476,0.257069,0.942930,0.816732,1.273677,0.855119,0.231640,0.761963
1754554871505,0.255430,0.943783,0.814065,1.272271,0.826023,0.228973,0.745361
1754554871534,0.273020,0.938890,0.824033,1.278704,0.923292,0.238941,0.728516
1754554871564,0.289315,0.935144,0.828639,1.282513,0.960072,0.243547,0.778320
1754554871594,0.304124,0.931745,0.831746,1.285474,0.981068,0.246654,0.794189
1754554871625,0.315021,0.929617,0.831985,1.286711,0.972923,0.246893,0.795166
1754554871659,0.323354,0.928323,0.830541,1.286911,0.947955,0.245449,0.793701
1754554871685,0.331242,0.927468,0.827457,1.286314,0.904522,0.242364,0.787598
1754554871714,0.342067,0.925070,0.827560,1.287486,0.894882,0.242467,0.791016
1754554871744,0.344172,0.925161,0.825335,1.286684,0.867145,0.240243,0.790039
1754554871775,0.344522,0.925592,0.823313,1.285792,0.843496,0.238221,0.788574
1754554871803,0.342403,0.926505,0.821585,1.284777,0.825699,0.236492,0.790527
1754554871833,0.338501,0.928332,0.817711,1.282589,0.784968,0.232619,0.802490
1754554871869,0.336353,0.929887,0.813238,1.280305,0.735571,0.228146,0.797852
1754554871896,0.336441,0.930480,0.810673,1.279131,0.705929,0.225581,0.796143
1754554871927,0.334630,0.932090,0.805469,1.276538,0.647775,0.220377,0.799072
1754554871956,0.335686,0.932777,0.801472,1.274800,0.600658,0.216380,0.780762
1754554871986,0.337770,0.933773,0.794981,1.272012,0.523777,0.209889,0.791992
1754554872017,0.339815,0.934175,0.791071,1.270414,0.476679,0.205979,0.779541
1754554872045,0.344657,0.933531,0.789034,1.269978,0.448358,0.203941,0.772217
1754554872079,0.345553,0.933756,0.787020,1.269137,0.424255,0.201927,0.746094
1754554872111,0.347969,0.932890,0.788505,1.270082,0.438959,0.203413,0.716309
1754554872136,0.347865,0.932756,0.789244,1.270414,0.447580,0.204152,0.715088
1754554872164,0.349958,0.931605,0.792342,1.272071,0.481185,0.207250,0.775391
1754554872195,0.345082,0.933559,0.788451,1.269752,0.441221,0.203359,0.779541
1754554872225,0.348485,0.932323,0.790597,1.271107,0.462550,0.205505,0.794189
1754554872259,0.347176,0.932592,0.790743,1.271037,0.465539,0.205651,0.744873
1754554872287,0.346862,0.933683,0.785956,1.268781,0.410695,0.200864,0.805664
1754554872320,0.347564,0.933630,0.785445,1.268617,0.404101,0.200353,0.820312
1754554872346,0.348395,0.932793,0.788501,1.270124,0.438485,0.203409,0.742432
1754554872380,0.347344,0.933245,0.787510,1.269553,0.428116,0.202418,0.769287
1754554872410,0.348629,0.933103,0.786788,1.269354,0.418512,0.201696,0.748779
1754554872443,0.348177,0.933422,0.785767,1.268831,0.407193,0.200674,0.757812
1754554872466,0.349443,0.933045,0.786174,1.269155,0.410626,0.201082,0.768555
1754554872496,0.348946,0.932965,0.787095,1.269530,0.421730,0.202003,0.766602
1754554872526,0.347775,0.933519,0.785746,1.268779,0.407357,0.200654,0.772705
1754554872560,0.346834,0.933887,0.785016,1.268341,0.399888,0.199924,0.771484
1754554872589,0.346448,0.933846,0.785631,1.268586,0.407364,0.200539,0.773438
1754554872617,0.345312,0.934441,0.784017,1.267716,0.389897,0.198925,0.773682
1754554872647,0.345829,0.934075,0.785210,1.268325,0.403125,0.200117,0.776611
1754554872678,0.346420,0.933826,0.785756,1.268641,0.408826,0.200664,0.778564
1754554872716,0.348503,0.933119,0.786848,1.269368,0.419333,0.201756,0.772949
1754554872738,0.347957,0.933483,0.785714,1.268784,0.406810,0.200622,0.770264
1754554872768,0.347004,0.933728,0.785587,1.268624,0.406299,0.200495,0.780518
1754554872799,0.348103,0.933249,0.786671,1.269243,0.417683,0.201578,0.773682
1754554872830,0.347908,0.933472,0.785820,1.268828,0.408081,0.200728,0.767578
1754554872859,0.349622,0.933095,0.785739,1.268971,0.405428,0.200647,0.762207
1754554872895,0.350290,0.932562,0.787532,1.269874,0.425424,0.202440,0.757812
1754554872917,0.350990,0.932626,0.786459,1.269450,0.412363,0.201367,0.774902
1754554872949,0.352754,0.931845,0.788199,1.270444,0.430642,0.203106,0.770508
1754554872977,0.355062,0.930482,0.792000,1.272450,0.472133,0.206907,0.789307
1754554873012,0.355668,0.929960,0.793732,1.273316,0.491483,0.208639,0.768799
1754554873037,0.351530,0.932004,0.788796,1.270592,0.438751,0.203704,0.785645
1754554873069,0.353701,0.930884,0.791631,1.272136,0.469245,0.206539,0.762207
1754554873098,0.354011,0.930526,0.792941,1.272775,0.484025,0.207848,0.744629
1754554873129,0.354351,0.930330,0.793469,1.273056,0.489775,0.208377,0.762451
1754554873159,0.357246,0.929127,0.795795,1.274438,0.513683,0.210703,0.759521
1754554873191,0.359891,0.928441,0.796007,1.274814,0.513473,0.210914,0.788818
1754554873221,0.367069,0.925995,0.799008,1.276958,0.540884,0.213916,0.783447
1754554873249,0.370062,0.925575,0.797510,1.276580,0.520625,0.212418,0.782715
1754554873280,0.375576,0.923729,0.799395,1.278032,0.536837,0.214303,0.798828
1754554873310,0.378693,0.922110,0.802891,1.279973,0.574000,0.217799,0.812500
1754554873338,0.379269,0.921227,0.806031,1.281480,0.609605,0.220939,0.806396
1754554873371,0.382892,0.918271,0.814333,1.285678,0.701648,0.229241,0.795410
1754554873402,0.386181,0.915097,0.823474,1.290212,0.803687,0.238381,0.766357
1754554873430,0.380747,0.915394,0.828063,1.291744,0.862007,0.242971,0.732910
1754554873459,0.379858,0.912222,0.840855,1.297490,1.010299,0.255763,0.734131
1754554873490,0.381301,0.907328,0.856760,1.304865,1.192122,0.271667,0.756836
1754554873518,0.383329,0.900769,0.876495,1.313990,1.417509,0.291403,0.737549
1754554873549,0.386283,0.893226,0.896957,1.323480,1.650336,0.311865,0.671387
1754554873580,0.383366,0.886085,0.919405,1.333199,1.911916,0.334312,0.643799
1754554873611,0.374259,0.879407,0.943408,1.342924,2.197616,0.358316,0.623047
1754554873639,0.384535,0.867706,0.964813,1.353383,2.433990,0.379721,0.606812
1754554873670,0.390686,0.858192,0.982375,1.361686,2.630199,0.397282,0.625732
1754554873702,0.392587,0.851182,0.996332,1.367960,2.789132,0.411240,0.649902
1754554873731,0.394294,0.846134,1.005805,1.372245,2.896581,0.420713,0.677490
1754554873759,0.392224,0.842990,1.013508,1.375380,2.987408,0.428415,0.671387
1754554873790,0.390059,0.840169,1.020457,1.378174,3.069645,0.435364,0.664551
1754554873820,0.388440,0.838185,1.025320,1.380116,3.127300,0.440227,0.668457
1754554873850,0.385490,0.837933,1.027536,1.380784,3.155783,0.442443,0.672119
1754554873885,0.384150,0.837660,1.028838,1.381214,3.172130,0.443746,0.688965
1754554873912,0.381843,0.838336,1.028849,1.380993,3.174567,0.443757,0.676758
1754554873941,0.379874,0.839768,1.027186,1.380082,3.157375,0.442094,0.691650
1754554873968,0.377094,0.841404,1.025563,1.379108,3.141451,0.440471,0.685547
1754554874000,0.371532,0.844746,1.022088,1.377061,3.106974,0.436996,0.694336
1754554874029,0.367031,0.849043,1.015982,1.373974,3.041110,0.430890,0.700684
1754554874063,0.361320,0.853590,1.009844,1.370750,2.976098,0.424752,0.692627
1754554874090,0.352548,0.858500,1.004373,1.367508,2.921827,0.419281,0.696045
1754554874120,0.339371,0.865247,0.996911,1.362959,2.849022,0.411819,0.675537
1754554874150,0.326772,0.872541,0.987273,1.357504,2.750556,0.402181,0.650146
1754554874181,0.312744,0.880247,0.976582,1.351427,2.641391,0.391490,0.666016
1754554874213,0.304134,0.887829,0.962748,1.344478,2.490593,0.377656,0.678955
1754554874242,0.295444,0.895097,0.948855,1.337464,2.339193,0.363763,0.672363
1754554874271,0.288859,0.901192,0.936179,1.331171,2.199707,0.351086,0.711182
1754554874309,0.275841,0.908064,0.923510,1.324213,2.066752,0.338418,0.707764
1754554874330,0.263868,0.913715,0.912754,1.318189,1.954778,0.327662,0.755615
1754554874362,0.244231,0.919312,0.904112,1.312327,1.874835,0.319020,0.738525
1754554874391,0.230418,0.925154,0.891264,1.305126,1.740601,0.306172,0.682861
1754554874420,0.212546,0.929782,0.882182,1.299198,1.653815,0.297089,0.670898
1754554874452,0.201893,0.934865,0.868347,1.291805,1.505056,0.283255,0.663574
1754554874482,0.196860,0.938887,0.855709,1.285496,1.364454,0.270616,0.698486
1754554874514,0.185761,0.942400,0.845587,1.279704,1.258916,0.260494,0.697021
1754554874542,0.181423,0.944795,0.837499,1.275522,1.170058,0.252407,0.735352
1754554874570,0.170181,0.948085,0.826736,1.269377,1.057276,0.241643,0.709717
1754554874604,0.173550,0.949977,0.818398,1.265840,0.957837,0.233306,0.700928
1754554874632,0.163013,0.952563,0.809209,1.260464,0.862489,0.224117,0.704834
1754554874661,0.157737,0.953229,0.807039,1.258904,0.842753,0.221947,0.718750
1754554874693,0.155649,0.954776,0.800403,1.255575,0.768377,0.215311,0.707031
1754554874720,0.152145,0.956089,0.794778,1.252568,0.707067,0.209686,0.681396
1754554874752,0.145393,0.957415,0.789153,1.249218,0.648995,0.204060,0.676270
1754554874781,0.143879,0.958001,0.786439,1.247779,0.619242,0.201347,0.685059
1754554874815,0.149695,0.958416,0.783890,1.247178,0.584047,0.198797,0.690186
1754554874844,0.158427,0.958609,0.781830,1.247112,0.551578,0.196737,0.696777
1754554874872,0.162136,0.958526,0.781649,1.247412,0.545793,0.196557,0.720459
1754554874902,0.166453,0.958779,0.779602,1.246894,0.517886,0.194510,0.709229
1754554874933,0.169435,0.958994,0.777914,1.246406,0.495451,0.192822,0.718018
1754554874964,0.175336,0.959100,0.776039,1.246135,0.467944,0.190947,0.722168
1754554874992,0.178769,0.959532,0.772931,1.245023,0.428692,0.187838,0.728760
1754554875029,0.178106,0.960316,0.768972,1.243079,0.383743,0.183880,0.721680
1754554875051,0.179260,0.960689,0.766654,1.242101,0.355875,0.181562,0.718018
1754554875086,0.180163,0.961197,0.763625,1.240759,0.320070,0.178533,0.743408
1754554875115,0.183784,0.960949,0.763917,1.241277,0.319810,0.178824,0.722656
1754554875142,0.182080,0.961833,0.759519,1.239009,0.270840,0.174427,0.702637
1754554875172,0.184514,0.962436,0.755309,1.237263,0.219893,0.170217,0.732910
1754554875204,0.189739,0.962204,0.754864,1.237602,0.209542,0.169772,0.731934
1754554875233,0.192967,0.962650,0.751051,1.236127,0.162377,0.165959,0.761719
1754554875266,0.189650,0.963570,0.746785,1.233743,0.116537,0.161693,0.758789
1754554875293,0.188085,0.964044,0.744460,1.232468,0.091312,0.159368,0.762207
1754554875331,0.190087,0.963791,0.745266,1.233065,0.098599,0.160174,0.763184
1754554875356,0.190889,0.964010,0.743605,1.232356,0.078657,0.158513,0.762207
1754554875384,0.190622,0.964174,0.742688,1.231890,0.068351,0.157596,0.762207
1754554875414,0.191302,0.964335,0.741406,1.231349,0.052896,0.156313,0.768066
1754554875442,0.191280,0.964499,0.740378,1.230856,0.041082,0.155286,0.787109
1754554875473,0.191599,0.964447,0.740581,1.230986,0.043094,0.155488,0.791016
1754554875509,0.196146,0.964252,0.739916,1.231150,0.030884,0.154823,0.766602
1754554875536,0.194942,0.964308,0.740076,1.231099,0.033931,0.154983,0.780029
1754554875568,0.195810,0.964255,0.740041,1.231174,0.032661,0.154948,0.739014
1754554875593,0.198353,0.963640,0.742815,1.232769,0.062083,0.157722,0.760986
1754554875623,0.194647,0.964135,0.741297,1.231651,0.048295,0.156204,0.772949
1754554875656,0.199105,0.963854,0.741133,1.232045,0.041952,0.156041,0.757812
1754554875687,0.197408,0.963846,0.741937,1.232250,0.052917,0.156845,0.776855
1754554875714,0.191879,0.964382,0.740879,1.231159,0.046257,0.155787,0.769287
1754554875743,0.193762,0.964166,0.741475,1.231643,0.051233,0.156382,0.778564
1754554875773,0.195209,0.963419,0.745520,1.233727,0.096404,0.160428,0.769775
1754554875809,0.196925,0.962536,0.750157,1.236119,0.148114,0.165065,0.772217
1754554875834,0.195599,0.961911,0.754368,1.237983,0.197961,0.169275,0.770508
1754554875867,0.193329,0.961358,0.758406,1.239663,0.246766,0.173314,0.750244
1754554875897,0.185588,0.961437,0.760646,1.239913,0.280319,0.175554,0.744873
1754554875924,0.186326,0.960870,0.763553,1.241371,0.313080,0.178461,0.754395
1754554875952,0.186239,0.959914,0.768766,1.243833,0.373232,0.183674,0.744873
1754554875986,0.189281,0.958808,0.773635,1.246455,0.426300,0.188543,0.762207
1754554876017,0.187660,0.957916,0.778711,1.248684,0.486413,0.193619,0.722900
1754554876045,0.187404,0.956827,0.784214,1.251251,0.550073,0.199121,0.711426
1754554876075,0.180814,0.955873,0.790619,1.253581,0.630465,0.205526,0.719727
1754554876104,0.193626,0.953900,0.796286,1.257572,0.682964,0.211194,0.710693
1754554876135,0.187615,0.953150,0.801439,1.259364,0.748351,0.216347,0.691406
1754554876164,0.191033,0.951378,0.808349,1.262950,0.824550,0.223256,0.672607
1754554876197,0.190318,0.950274,0.813301,1.265188,0.882327,0.228208,0.648438
1754554876226,0.191258,0.948786,0.819298,1.268079,0.950493,0.234206,0.650635
1754554876256,0.193612,0.947560,0.823697,1.270367,0.998829,0.238605,0.596924
1754554876284,0.201830,0.945615,0.829155,1.273743,1.053507,0.244063,0.653076
1754554876315,0.206732,0.944166,0.833346,1.276187,1.096890,0.248253,0.700928
1754554876346,0.207300,0.942087,0.841124,1.279840,1.185958,0.256032,0.682861
1754554876377,0.211199,0.940106,0.847273,1.283073,1.252913,0.262181,0.680176
1754554876405,0.206848,0.938855,0.853123,1.285322,1.324665,0.268030,0.704590
1754554876435,0.218619,0.936895,0.856439,1.288043,1.351108,0.271347,0.679688
1754554876466,0.220261,0.935264,0.861598,1.290576,1.408918,0.276506,0.690186
1754554876497,0.225726,0.933556,0.865616,1.292970,1.449754,0.280524,0.686768
1754554876524,0.225571,0.932429,0.869477,1.294719,1.494394,0.284385,0.680420
1754554876556,0.220205,0.931642,0.873852,1.296173,1.550172,0.288760,0.668945
1754554876586,0.224795,0.930134,0.877321,1.298219,1.585555,0.292229,0.673584
1754554876616,0.225531,0.928851,0.881227,1.300073,1.629830,0.296135,0.679688
1754554876649,0.223158,0.927679,0.885714,1.301875,1.683908,0.300622,0.700195
1754554876675,0.221127,0.926719,0.889352,1.303323,1.727852,0.304259,0.715576
1754554876707,0.221625,0.925908,0.891717,1.304447,1.754613,0.306625,0.711914
1754554876736,0.219641,0.924903,0.895390,1.305914,1.798924,0.310298,0.725098
1754554876770,0.217448,0.924143,0.898326,1.307025,1.834940,0.313233,0.730225
1754554876798,0.216787,0.923508,0.900421,1.307907,1.859746,0.315329,0.708984
1754554876829,0.213232,0.923489,0.901445,1.308015,1.875102,0.316353,0.726074
1754554876856,0.212936,0.923036,0.902875,1.308633,1.891879,0.317783,0.729248
1754554876887,0.209306,0.923260,0.903147,1.308393,1.898640,0.318055,0.717041
1754554876918,0.206466,0.923415,0.903390,1.308219,1.904278,0.318298,0.727051
1754554876947,0.203467,0.923315,0.904401,1.308377,1.918928,0.319309,0.712891
1754554876979,0.200422,0.923435,0.904742,1.308227,1.925899,0.319650,0.697266
1754554877007,0.200486,0.923428,0.904749,1.308237,1.925920,0.319657,0.707764
1754554877037,0.197288,0.923303,0.905815,1.308401,1.941406,0.320723,0.693115
1754554877070,0.195503,0.923555,0.905447,1.308056,1.938940,0.320354,0.682129
1754554877102,0.195065,0.923369,0.906087,1.308302,1.946752,0.320994,0.688477
1754554877129,0.195053,0.923333,0.906195,1.308349,1.948011,0.321102,0.678955
1754554877155,0.192522,0.923139,0.907274,1.308586,1.962981,0.322182,0.677979
1754554877188,0.192908,0.922780,0.908248,1.309065,1.973810,0.323155,0.678711
1754554877219,0.192332,0.922473,0.909256,1.309463,1.986003,0.324163,0.691406
1754554877249,0.190169,0.922231,0.910375,1.309754,2.001068,0.325283,0.683350
1754554877277,0.190052,0.921996,0.911076,1.310060,2.009262,0.325984,0.681641
1754554877309,0.190799,0.921648,0.911941,1.310525,2.018481,0.326849,0.680908
1754554877338,0.191964,0.921618,0.911807,1.310581,2.015771,0.326715,0.690918
1754554877374,0.197332,0.921304,0.911633,1.311036,2.008399,0.326541,0.707031
1754554877403,0.194890,0.921129,0.912641,1.311249,2.022450,0.327548,0.692627
1754554877427,0.193903,0.920803,0.913774,1.311663,2.036496,0.328682,0.703857
1754554877457,0.199016,0.920654,0.913150,1.311889,2.024193,0.328058,0.708496
1754554877488,0.194670,0.920651,0.914057,1.311867,2.038988,0.328965,0.705566
1754554877516,0.196834,0.920632,0.913670,1.311907,2.032370,0.328578,0.712402
1754554877551,0.195980,0.920475,0.914295,1.312104,2.040419,0.329202,0.720215
1754554877577,0.198385,0.920372,0.914093,1.312253,2.035690,0.329001,0.720459
1754554877605,0.197490,0.920241,0.914654,1.312417,2.043047,0.329561,0.737793
1754554877636,0.196499,0.920338,0.914582,1.312286,2.043211,0.329490,0.722656
1754554877668,0.198850,0.920260,0.914314,1.312399,2.037773,0.329222,0.739258
1754554877700,0.198767,0.920439,0.913820,1.312167,2.032161,0.328728,0.731934
1754554877733,0.200199,0.920244,0.914071,1.312423,2.033620,0.328978,0.739746
1754554877757,0.201421,0.920319,0.913588,1.312327,2.026838,0.328496,0.724854
1754554877789,0.200632,0.920447,0.913395,1.312161,2.025404,0.328303,0.716309
1754554877823,0.202949,0.920697,0.912163,1.311836,2.008891,0.327071,0.731689
1754554877849,0.201231,0.920842,0.912128,1.311648,2.010202,0.327036,0.726807
1754554877879,0.202568,0.920573,0.912605,1.311997,2.014365,0.327513,0.716309
1754554877909,0.200499,0.920385,0.913603,1.312242,2.027934,0.328511,0.730957
1754554877940,0.199413,0.920588,0.913255,1.311976,2.025001,0.328162,0.718018
1754554877970,0.199865,0.920610,0.913095,1.311949,2.022710,0.328003,0.726318
1754554877999,0.200178,0.921081,0.911671,1.311337,2.005994,0.326579,0.718750
1754554878032,0.201700,0.920929,0.911774,1.311535,2.005652,0.326682,0.732910
1754554878056,0.198582,0.921030,0.912160,1.311399,2.013223,0.327068,0.711182
1754554878086,0.197054,0.921423,0.911349,1.310880,2.005402,0.326257,0.701416
1754554878119,0.196986,0.922051,0.909541,1.310056,1.984639,0.324449,0.707275
1754554878149,0.195088,0.922318,0.909157,1.309693,1.982108,0.324065,0.679932
1754554878178,0.193810,0.923212,0.906802,1.308500,1.956246,0.321709,0.677979
1754554878209,0.192108,0.924391,0.903663,1.306909,1.921778,0.318570,0.675049
1754554878241,0.189467,0.926267,0.898559,1.304330,1.865607,0.313467,0.647461
1754554878270,0.191533,0.929719,0.887503,1.299509,1.736147,0.302411,0.599121
1754554878304,0.196499,0.933556,0.874043,1.293866,1.576077,0.288950,0.590088
1754554878331,0.204005,0.939410,0.851940,1.284489,1.313880,0.266848,0.543213
1754554878359,0.181274,0.945577,0.834516,1.274124,1.135836,0.249424,0.601074
1754554878394,0.169707,0.949893,0.819446,1.265934,0.973747,0.234353,0.633545
1754554878420,0.193570,0.953620,0.797593,1.258179,0.698078,0.212501,0.615479
1754554878454,0.207808,0.955097,0.785675,1.254065,0.546511,0.200583,0.645996
1754554878486,0.217580,0.956225,0.775860,1.250467,0.423642,0.190768,0.672119
1754554878509,0.228585,0.956037,0.771345,1.249492,0.360605,0.186253,0.709229
1754554878542,0.234344,0.956133,0.767636,1.248348,0.312113,0.182544,0.761963
1754554878571,0.229506,0.957739,0.761659,1.245015,0.248072,0.176567,0.783936
1754554878602,0.233619,0.957857,0.758586,1.243994,0.208552,0.173494,0.779053
1754554878631,0.238991,0.958665,0.750513,1.240736,0.110157,0.165421,0.774170
1754554878662,0.237369,0.960000,0.743527,1.237245,0.031275,0.158435,0.766846
1754554878690,0.234293,0.960587,0.741951,1.236169,0.016194,0.156859,0.746094
1754554878721,0.234809,0.961282,0.737180,1.233950,-0.039308,0.152087,0.757812
1754554878753,0.235686,0.961464,0.735382,1.233186,-0.060897,0.150290,0.748535
1754554878782,0.235666,0.961460,0.735422,1.233203,-0.060421,0.150329,0.775879
1754554878814,0.236064,0.961552,0.734536,1.232822,-0.071024,0.149444,0.736572
1754554878841,0.237989,0.961208,0.735403,1.233441,-0.062963,0.150310,0.746338
1754554878871,0.235508,0.961247,0.736920,1.233901,-0.042998,0.151828,0.720703
1754554878905,0.238227,0.960731,0.738322,1.234858,-0.029559,0.153230,0.702881
1754554878932,0.237391,0.961356,0.734870,1.233123,-0.068505,0.149778,0.748535
1754554878960,0.237790,0.961352,0.734602,1.233038,-0.071987,0.149510,0.744873
1754554878992,0.237819,0.961201,0.735573,1.233504,-0.060831,0.150481,0.722656
1754554879024,0.236617,0.961442,0.734863,1.233037,-0.067808,0.149771,0.747314
1754554879051,0.239224,0.961414,0.733138,1.232492,-0.090288,0.148046,0.735596
1754554879081,0.237605,0.961165,0.735963,1.233667,-0.056123,0.150871,0.719238
1754554879114,0.236135,0.961720,0.733375,1.232276,-0.084474,0.148283,0.712891
1754554879142,0.237516,0.961636,0.732926,1.232209,-0.091026,0.147834,0.728271
1754554879175,0.234210,0.961761,0.734478,1.232597,-0.069834,0.149386,0.728027
1754554879203,0.234982,0.961852,0.733328,1.232131,-0.083859,0.148236,0.706787
1754554879232,0.234861,0.961862,0.733348,1.232127,-0.083510,0.148256,0.719727
1754554879264,0.237054,0.961459,0.734436,1.232880,-0.073168,0.149344,0.719971
1754554879291,0.235769,0.961154,0.737336,1.234127,-0.038466,0.152244,0.728516
1754554879323,0.239168,0.960817,0.737093,1.234373,-0.044662,0.152001,0.713379
1754554879353,0.237889,0.961023,0.736678,1.234039,-0.048164,0.151586,0.733643
1754554879382,0.236510,0.961610,0.733830,1.232533,-0.079611,0.148737,0.734863
1754554879410,0.237297,0.961374,0.734814,1.233087,-0.069051,0.149722,0.731934
1754554879442,0.236467,0.961875,0.732104,1.231704,-0.099452,0.147012,0.711426
1754554879476,0.237246,0.961477,0.734177,1.232777,-0.076343,0.149085,0.724609
1754554879502,0.239045,0.960810,0.737222,1.234421,-0.043052,0.152130,0.727783
1754554879532,0.240177,0.960198,0.740321,1.236018,-0.008478,0.155229,0.729004
1754554879565,0.238567,0.961430,0.733518,1.232603,-0.085256,0.148426,0.718262
1754554879593,0.239187,0.960983,0.736001,1.233854,-0.057268,0.150909,0.719482
1754554879624,0.237176,0.961119,0.736568,1.233910,-0.048718,0.151476,0.696289
1754554879654,0.236699,0.961521,0.734282,1.232769,-0.074582,0.149190,0.713379
1754554879683,0.239149,0.961087,0.735348,1.233539,-0.064752,0.150256,0.700195
1754554879712,0.238265,0.961034,0.736335,1.233915,-0.052491,0.151243,0.690918
1754554879743,0.236958,0.961013,0.737405,1.234286,-0.038855,0.152313,0.684326
1754554879774,0.239162,0.961000,0.735906,1.233806,-0.058330,0.150814,0.692871
1754554879803,0.241021,0.960336,0.738834,1.235399,-0.026457,0.153742,0.718994
1754554879833,0.239393,0.960661,0.737931,1.234796,-0.035231,0.152839,0.712891
1754554879863,0.238042,0.961004,0.736690,1.234061,-0.048186,0.151597,0.729736
1754554879893,0.236789,0.961185,0.736415,1.233796,-0.050102,0.151322,0.714355
1754554879929,0.237868,0.961137,0.735951,1.233690,-0.056524,0.150859,0.711182
1754554879960,0.238043,0.961091,0.736125,1.233791,-0.054694,0.151033,0.721680
1754554879986,0.238976,0.961042,0.735771,1.233722,-0.059710,0.150678,0.718750
1754554880012,0.239101,0.961633,0.731767,1.231824,-0.105971,0.146674,0.714844
1754554880046,0.237169,0.961669,0.732964,1.232190,-0.090242,0.147872,0.706299
1754554880078,0.238873,0.961411,0.733417,1.232588,-0.086731,0.148324,0.689697
1754554880104,0.235914,0.961949,0.732011,1.231601,-0.099974,0.146918,0.710693
1754554880138,0.238372,0.961092,0.735881,1.233710,-0.057833,0.150789,0.718506
1754554880163,0.236093,0.961575,0.734360,1.232741,-0.073087,0.149267,0.697021
1754554880197,0.235444,0.961370,0.736164,1.233533,-0.051642,0.151072,0.705566
1754554880223,0.233332,0.961602,0.736130,1.233292,-0.049927,0.151037,0.697510
1754554880254,0.235064,0.961483,0.735697,1.233270,-0.056646,0.150605,0.691895
1754554880286,0.235986,0.961280,0.736367,1.233688,-0.049847,0.151275,0.692871
1754554880313,0.235756,0.961461,0.735352,1.233179,-0.061316,0.150260,0.700195
1754554880344,0.235030,0.961694,0.734341,1.232619,-0.072237,0.149249,0.694824
1754554880379,0.233820,0.961777,0.734644,1.232635,-0.067540,0.149551,0.696533
1754554880411,0.236132,0.961156,0.737068,1.234038,-0.041917,0.151976,0.698730
1754554880438,0.235160,0.961076,0.738261,1.234503,-0.027203,0.153168,0.698730
1754554880463,0.234897,0.961842,0.733457,1.232183,-0.082296,0.148364,0.690674
1754554880495,0.233670,0.961075,0.739290,1.234835,-0.013845,0.154198,0.664795
1754554880527,0.236217,0.961223,0.736577,1.233812,-0.047660,0.151485,0.684814
1754554880556,0.236467,0.961253,0.736200,1.233659,-0.052256,0.151107,0.691895
1754554880585,0.235161,0.961525,0.735353,1.233116,-0.060701,0.150261,0.690918
1754554880616,0.236818,0.961108,0.736895,1.234028,-0.044600,0.151802,0.698730
1754554880649,0.235403,0.961486,0.735435,1.233181,-0.060002,0.150343,0.698730
1754554880677,0.236765,0.961356,0.735321,1.233272,-0.062683,0.150228,0.706299
1754554880705,0.237823,0.961230,0.735382,1.233414,-0.063034,0.150290,0.726562
1754554880736,0.237361,0.961560,0.733545,1.232488,-0.083741,0.148453,0.728516
1754554880766,0.237711,0.961765,0.731922,1.231750,-0.102795,0.146830,0.719971
1754554880795,0.239283,0.961192,0.734562,1.233178,-0.073942,0.149470,0.719727
1754554880828,0.236020,0.961528,0.734727,1.232909,-0.068775,0.149635,0.680420
1754554880855,0.235500,0.961383,0.736041,1.233480,-0.053121,0.150948,0.717285
1754554880884,0.237118,0.961292,0.735482,1.233386,-0.061181,0.150389,0.710205
1754554880920,0.237382,0.960825,0.738315,1.234765,-0.028798,0.153223,0.693848
1754554880948,0.236013,0.961383,0.735680,1.233363,-0.057792,0.150588,0.709473
1754554880977,0.236920,0.961290,0.735635,1.233438,-0.059213,0.150543,0.679688
1754554881007,0.238853,0.961298,0.734183,1.232951,-0.077884,0.149090,0.688232
1754554881035,0.241466,0.960817,0.735397,1.233809,-0.066502,0.150305,0.702148
1754554881064,0.241256,0.960815,0.735567,1.233868,-0.064331,0.150475,0.713379
1754554881096,0.237765,0.961106,0.736230,1.233812,-0.053204,0.151138,0.720947
1754554881128,0.238842,0.961379,0.733654,1.232697,-0.083971,0.148561,0.729004
1754554881155,0.234711,0.962075,0.732038,1.231485,-0.098457,0.146946,0.701660
1754554881185,0.232697,0.961152,0.739456,1.234811,-0.010959,0.154364,0.730469
1754554881215,0.238486,0.959891,0.743433,1.237319,0.029075,0.158341,0.760498
1754554881247,0.238956,0.959620,0.744782,1.238010,0.044143,0.159689,0.764160
1754554881282,0.239395,0.960272,0.740407,1.235976,-0.006701,0.155315,0.779053
1754554881308,0.241390,0.960422,0.738012,1.235047,-0.036292,0.152920,0.779297
1754554881337,0.238895,0.960722,0.737896,1.234726,-0.035134,0.152804,0.805664
1754554881371,0.234353,0.961308,0.737327,1.233972,-0.037153,0.152235,0.792236
1754554881396,0.235071,0.961353,0.736537,1.233672,-0.046968,0.151445,0.805420
1754554881428,0.236598,0.960865,0.738613,1.234824,-0.024576,0.153521,0.790283
1754554881458,0.233406,0.961661,0.735692,1.233091,-0.055041,0.150600,0.772461
1754554881488,0.233813,0.961548,0.736149,1.233352,-0.050188,0.151057,0.781738
1754554881520,0.237169,0.961067,0.736907,1.234071,-0.044811,0.151814,0.800781
1754554881546,0.234572,0.961622,0.735136,1.232950,-0.062615,0.150044,0.765137
1754554881578,0.235573,0.961261,0.736781,1.233841,-0.044660,0.151689,0.766113
1754554881607,0.232435,0.961798,0.735466,1.232880,-0.056678,0.150374,0.769531
1754554881637,0.233254,0.961800,0.734891,1.232693,-0.064119,0.149799,0.774170
1754554881666,0.230800,0.962038,0.735012,1.232489,-0.060275,0.149920,0.750000
1754554881696,0.230121,0.962005,0.735687,1.232739,-0.051820,0.150595,0.761963
1754554881728,0.232392,0.961680,0.736268,1.233258,-0.047394,0.151176,0.762939
1754554881756,0.231358,0.961767,0.736405,1.233213,-0.044781,0.151313,0.755127
1754554881786,0.232687,0.961485,0.737328,1.233795,-0.035476,0.152236,0.769775
1754554881817,0.230594,0.962526,0.731922,1.230991,-0.095679,0.146829,0.755127
1754554881849,0.233240,0.961740,0.735294,1.232884,-0.059462,0.150202,0.767334
1754554881880,0.234590,0.961567,0.735483,1.233118,-0.058633,0.150391,0.775635
1754554881909,0.232705,0.962106,0.733253,1.231852,-0.082454,0.148160,0.762695
1754554881938,0.233128,0.961936,0.734079,1.232292,-0.073350,0.148987,0.764893
1754554881968,0.233182,0.961560,0.736504,1.233455,-0.045465,0.151412,0.763672
1754554881997,0.235039,0.961504,0.735579,1.233211,-0.057977,0.150487,0.774170
1754554882032,0.233647,0.961726,0.735100,1.232834,-0.062111,0.150007,0.744385
1754554882060,0.230822,0.962002,0.735237,1.232599,-0.057707,0.150144,0.764404
1754554882091,0.232499,0.961577,0.736865,1.233554,-0.040627,0.151772,0.761719
1754554882117,0.233587,0.961528,0.736435,1.233465,-0.046668,0.151342,0.770508
1754554882154,0.232324,0.961816,0.735425,1.232848,-0.057039,0.150333,0.778320
1754554882184,0.232982,0.961476,0.737189,1.233760,-0.037371,0.152097,0.764404
1754554882212,0.233173,0.961826,0.734773,1.232628,-0.065399,0.149681,0.753662
1754554882243,0.231591,0.961782,0.736153,1.233118,-0.047921,0.151060,0.757324
1754554882270,0.228830,0.962039,0.736330,1.232908,-0.043122,0.151237,0.756592
1754554882303,0.228803,0.962044,0.736315,1.232898,-0.043262,0.151223,0.758789
1754554882333,0.233321,0.961648,0.735840,1.233152,-0.053260,0.150747,0.766602
1754554882358,0.231445,0.961398,0.738729,1.234331,-0.018089,0.153637,0.756836
1754554882391,0.232059,0.961471,0.737849,1.233976,-0.028848,0.152756,0.775391
1754554882418,0.230865,0.961697,0.737189,1.233535,-0.035250,0.152097,0.739258
1754554882452,0.231770,0.961503,0.737833,1.233938,-0.028739,0.152741,0.787109
1754554882481,0.231291,0.961764,0.736471,1.233237,-0.043959,0.151378,0.759033
1754554882509,0.229853,0.961766,0.737420,1.233537,-0.031586,0.152327,0.753174
1754554882541,0.229200,0.961925,0.736823,1.233183,-0.037805,0.151731,0.747803
1754554882570,0.229409,0.962079,0.735680,1.232660,-0.051191,0.150587,0.769287
1754554882600,0.231190,0.962100,0.734342,1.232211,-0.068387,0.149250,0.763428
1754554882631,0.232391,0.961482,0.737551,1.233870,-0.032607,0.152459,0.751221
1754554882661,0.232458,0.961527,0.737216,1.233717,-0.036540,0.152123,0.756836
1754554882690,0.231629,0.961758,0.736280,1.233182,-0.046492,0.151188,0.752686
1754554882719,0.231204,0.961376,0.739026,1.234447,-0.014421,0.153934,0.759033
1754554882752,0.233452,0.961558,0.736334,1.233402,-0.047693,0.151242,0.751953
1754554882785,0.233589,0.961490,0.736680,1.233582,-0.043839,0.151588,0.762939
1754554882811,0.228878,0.962052,0.736210,1.232856,-0.044543,0.151118,0.732910
1754554882839,0.229868,0.961763,0.737426,1.233542,-0.031521,0.152334,0.747070
1754554882868,0.231104,0.961401,0.738936,1.234393,-0.015362,0.153844,0.771240
1754554882900,0.231239,0.961456,0.738490,1.234195,-0.020642,0.153397,0.739258
1754554882931,0.235134,0.961406,0.736148,1.233492,-0.051525,0.151055,0.760742
1754554882960,0.228616,0.961874,0.737535,1.233461,-0.029018,0.152443,0.743652
1754554882993,0.232229,0.961275,0.738988,1.234537,-0.015892,0.153895,0.756836
1754554883021,0.232415,0.961362,0.738307,1.234233,-0.023918,0.153215,0.761230
1754554883053,0.230236,0.961975,0.735810,1.232810,-0.050516,0.150718,0.748779
1754554883084,0.231296,0.961858,0.735859,1.232946,-0.051016,0.150766,0.754395
1754554883114,0.230988,0.961898,0.735803,1.232887,-0.051348,0.150711,0.758545
1754554883144,0.229832,0.962053,0.735570,1.232652,-0.052881,0.150477,0.741455
1754554883169,0.229620,0.961962,0.736303,1.232980,-0.044217,0.151211,0.770264
1754554883203,0.229019,0.961882,0.737217,1.233352,-0.033089,0.152124,0.761719
1754554883232,0.232622,0.961561,0.736883,1.233576,-0.040538,0.151791,0.772949
1754554883260,0.232190,0.962045,0.734015,1.232161,-0.073156,0.148922,0.773193
1754554883294,0.230380,0.961735,0.737269,1.233521,-0.033846,0.152177,0.751953
1754554883325,0.230208,0.961837,0.736727,1.233244,-0.039925,0.151634,0.765137
1754554883351,0.231428,0.961700,0.736790,1.233405,-0.040413,0.151698,0.750977
1754554883383,0.231842,0.961646,0.736864,1.233484,-0.039976,0.151772,0.758057
1754554883413,0.232369,0.961417,0.737986,1.234075,-0.027573,0.152894,0.761230
1754554883442,0.230260,0.961546,0.738562,1.234125,-0.018830,0.153470,0.743896
1754554883471,0.231194,0.961726,0.736781,1.233375,-0.040285,0.151689,0.752930
1754554883501,0.231312,0.961835,0.735993,1.233012,-0.049480,0.150901,0.762695
1754554883533,0.230627,0.961925,0.735868,1.232879,-0.050243,0.150775,0.753906
1754554883567,0.232621,0.961569,0.736834,1.233552,-0.041106,0.151741,0.759521
1754554883590,0.234274,0.961522,0.735995,1.233328,-0.052425,0.150902,0.761719
1754554883624,0.233861,0.961528,0.736244,1.233403,-0.049144,0.151151,0.752930
1754554883653,0.232874,0.961486,0.737193,1.233751,-0.037212,0.152101,0.751709
1754554883683,0.231446,0.961811,0.736060,1.233058,-0.048848,0.150967,0.773926
1754554883712,0.231232,0.961889,0.735698,1.232863,-0.052797,0.150606,0.764404
1754554883742,0.232175,0.961634,0.736713,1.233447,-0.042047,0.151621,0.729492
1754554883774,0.231236,0.961707,0.736877,1.233425,-0.039224,0.151784,0.754395
1754554883805,0.230917,0.961607,0.737739,1.233803,-0.028970,0.152647,0.746094
1754554883835,0.232556,0.961404,0.737941,1.234073,-0.028282,0.152849,0.742188
1754554883862,0.231644,0.961274,0.739383,1.234664,-0.010755,0.154291,0.756104
1754554883890,0.232176,0.961693,0.736331,1.233265,-0.046448,0.151239,0.743652
1754554883920,0.231477,0.961584,0.737512,1.233754,-0.032140,0.152420,0.757568
1754554883952,0.231933,0.961495,0.737779,1.233930,-0.029520,0.152687,0.748291
1754554883983,0.231224,0.961309,0.739444,1.234648,-0.009631,0.154352,0.749268
1754554884011,0.233742,0.961226,0.738277,1.234360,-0.025594,0.153185,0.756592
1754554884044,0.232760,0.961455,0.737476,1.233873,-0.033838,0.152384,0.732422
1754554884075,0.233801,0.961395,0.737149,1.233828,-0.038651,0.152057,0.748291
1754554884102,0.234660,0.961396,0.736545,1.233631,-0.046466,0.151453,0.729492
1754554884136,0.232441,0.961727,0.735926,1.233100,-0.051384,0.150834,0.761230
1754554884169,0.233555,0.961419,0.737161,1.233807,-0.038272,0.152068,0.739990
1754554884196,0.232367,0.961771,0.735693,1.232981,-0.053996,0.150601,0.756836
1754554884223,0.232784,0.961643,0.736241,1.233286,-0.048102,0.151148,0.750000
1754554884254,0.232088,0.961599,0.737002,1.233576,-0.038630,0.151910,0.757080
1754554884283,0.230959,0.961817,0.736349,1.233144,-0.045024,0.151257,0.753906
1754554884313,0.233153,0.961681,0.735740,1.233087,-0.054243,0.150647,0.747070
1754554884343,0.234348,0.961114,0.738578,1.234568,-0.022728,0.153486,0.752441
1754554884372,0.231756,0.961561,0.737473,1.233765,-0.032869,0.152381,0.752930
1754554884402,0.232590,0.961798,0.735365,1.232848,-0.057997,0.150273,0.757324
1754554884440,0.232580,0.961767,0.735571,1.232945,-0.055614,0.150479,0.750488
1754554884465,0.234110,0.961656,0.735238,1.232949,-0.060977,0.150146,0.749268
1754554884493,0.232551,0.961432,0.737765,1.233989,-0.030301,0.152673,0.738770
1754554884525,0.232557,0.961629,0.736485,1.233379,-0.045059,0.151393,0.740234
1754554884560,0.232000,0.961528,0.737521,1.233814,-0.032566,0.152429,0.738281
1754554884586,0.234101,0.961399,0.736915,1.233748,-0.041650,0.151823,0.748779
1754554884614,0.235702,0.961352,0.736101,1.233530,-0.052633,0.151008,0.746094
1754554884644,0.233611,0.961347,0.737590,1.234018,-0.033380,0.152498,0.749268
1754554884677,0.234149,0.961184,0.738269,1.234399,-0.026092,0.153177,0.748047
1754554884703,0.231747,0.961630,0.737032,1.233554,-0.037946,0.151940,0.751709
1754554884740,0.231758,0.961824,0.735760,1.232948,-0.052611,0.150668,0.742676
1754554884765,0.232493,0.961530,0.737169,1.233699,-0.037108,0.152077,0.752686
1754554884794,0.232689,0.961711,0.735862,1.233096,-0.052372,0.150770,0.767822
1754554884824,0.230900,0.961740,0.736890,1.233396,-0.038735,0.151798,0.746338
1754554884854,0.232490,0.961742,0.735798,1.233044,-0.052910,0.150706,0.752930
1754554884886,0.233979,0.961367,0.737209,1.233876,-0.038135,0.152117,0.760010
1754554884916,0.231685,0.961681,0.736740,1.233408,-0.041249,0.151648,0.751709
1754554884949,0.231926,0.961824,0.735645,1.232911,-0.054107,0.150553,0.757812
1754554884977,0.232756,0.961206,0.739071,1.234633,-0.015455,0.153979,0.760498
1754554885007,0.234192,0.961299,0.737496,1.234035,-0.035045,0.152404,0.739502
1754554885035,0.233284,0.961005,0.739997,1.235131,-0.005313,0.154905,0.748779
1754554885065,0.232005,0.961705,0.736371,1.233266,-0.045817,0.151279,0.759766
1754554885101,0.234163,0.961187,0.738237,1.234385,-0.026480,0.153144,0.767822
1754554885125,0.233922,0.961486,0.736474,1.233519,-0.046556,0.151381,0.754395
1754554885158,0.233170,0.961338,0.737945,1.234141,-0.028849,0.152853,0.747070
1754554885185,0.232383,0.961344,0.738441,1.234293,-0.022348,0.153349,0.731445
1754554885218,0.233610,0.961670,0.735497,1.233019,-0.057502,0.150404,0.763916
1754554885246,0.232671,0.961802,0.735283,1.232817,-0.059029,0.150190,0.759277
1754554885278,0.232836,0.961676,0.735992,1.233173,-0.051019,0.150900,0.755615
1754554885306,0.232959,0.960958,0.740514,1.235342,0.000964,0.155422,0.735107
1754554885340,0.231588,0.961652,0.736998,1.233520,-0.038184,0.151905,0.762695
1754554885365,0.234169,0.961257,0.737787,1.234171,-0.031672,0.152694,0.738770
1754554885406,0.231202,0.961498,0.738249,1.234076,-0.023379,0.153157,0.744873
1754554885426,0.232375,0.961532,0.737237,1.233718,-0.036211,0.152145,0.745605
1754554885456,0.230297,0.961755,0.737194,1.233477,-0.034623,0.152102,0.771484
1754554885485,0.230202,0.961799,0.736972,1.233361,-0.037087,0.151880,0.748291
1754554885516,0.230268,0.961874,0.736443,1.233115,-0.043256,0.151350,0.759521
1754554885545,0.232326,0.961671,0.736373,1.233301,-0.046115,0.151281,0.752441
1754554885578,0.233140,0.961673,0.735800,1.233114,-0.053530,0.150708,0.760010
1754554885606,0.232249,0.961755,0.735880,1.233058,-0.051719,0.150788,0.756348
1754554885636,0.232552,0.961466,0.737546,1.233884,-0.032827,0.152454,0.755615
1754554885669,0.231941,0.961567,0.737308,1.233706,-0.034957,0.152216,0.746094
1754554885700,0.231995,0.961837,0.735513,1.232855,-0.055698,0.150421,0.740967
1754554885727,0.230179,0.961752,0.737293,1.233512,-0.033365,0.152201,0.744629
1754554885756,0.233471,0.961686,0.735485,1.232999,-0.057494,0.150393,0.757324
1754554885787,0.233465,0.961292,0.738045,1.234219,-0.027995,0.152952,0.753662
1754554885817,0.230797,0.961287,0.739860,1.234801,-0.004411,0.154767,0.739258
1754554885847,0.231808,0.961701,0.736531,1.233321,-0.043783,0.151438,0.758057
1754554885877,0.233158,0.961151,0.739151,1.234714,-0.014935,0.154059,0.755127
1754554885906,0.234073,0.960972,0.739675,1.235061,-0.009811,0.154583,0.781982
1754554885943,0.231657,0.961788,0.736066,1.233083,-0.048992,0.150973,0.780518
1754554885967,0.232983,0.961142,0.739331,1.234781,-0.012689,0.154239,0.759033
1754554886004,0.235192,0.960606,0.741226,1.235919,0.006941,0.156134,0.753906
1754554886028,0.233228,0.960943,0.740426,1.235329,-0.000313,0.155334,0.750732
1754554886055,0.234601,0.960309,0.743476,1.236927,0.033457,0.158384,0.758301
1754554886088,0.235103,0.961313,0.736777,1.233789,-0.044238,0.151685,0.809570
1754554886121,0.232580,0.961490,0.737370,1.233804,-0.034882,0.152278,0.808105
1754554886147,0.233480,0.961400,0.737338,1.233884,-0.036153,0.152246,0.798096
1754554886176,0.236998,0.961039,0.737214,1.234199,-0.041099,0.152122,0.813965
1754554886208,0.235515,0.959623,0.747079,1.238737,0.074053,0.161986,0.764404
1754554886241,0.236800,0.960577,0.740305,1.235651,-0.005279,0.155213,0.823486
1754554886270,0.235356,0.960655,0.740803,1.235735,0.001903,0.155711,0.824219
1754554886301,0.238730,0.960253,0.741001,1.236188,0.000809,0.155909,0.818359
1754554886328,0.236127,0.960837,0.739119,1.235015,-0.018276,0.154027,0.810547
1754554886356,0.238670,0.960205,0.741345,1.236345,0.004834,0.156253,0.815918
1754554886390,0.234452,0.960950,0.739552,1.235043,-0.011618,0.154459,0.825439
1754554886419,0.230205,0.961187,0.740882,1.235225,0.007956,0.155789,0.770264
1754554886451,0.234095,0.960778,0.740888,1.235641,0.004144,0.155796,0.804199
1754554886479,0.237436,0.960179,0.742365,1.236699,0.017815,0.157272,0.819824
1754554886507,0.241105,0.959396,0.744664,1.238182,0.040639,0.159572,0.823730
1754554886538,0.242210,0.959373,0.744020,1.237994,0.032111,0.158927,0.825684
1754554886572,0.241500,0.959436,0.744138,1.237974,0.034186,0.159046,0.826904
1754554886603,0.239661,0.959624,0.744269,1.237841,0.037528,0.159176,0.847412
1754554886628,0.239192,0.959744,0.743853,1.237594,0.033212,0.158761,0.844971
1754554886660,0.240831,0.959201,0.746044,1.238809,0.056813,0.160952,0.800781
1754554886690,0.244250,0.958146,0.750007,1.241053,0.099067,0.164915,0.784912
1754554886721,0.239775,0.958823,0.749048,1.240124,0.092485,0.163956,0.780762
1754554886750,0.239848,0.958511,0.750857,1.240990,0.113253,0.165764,0.806396
1754554886779,0.234233,0.958657,0.753627,1.241710,0.150795,0.168535,0.810303
1754554886808,0.230926,0.958728,0.755242,1.242126,0.172705,0.170149,0.756348
1754554886842,0.226736,0.957844,0.762630,1.245182,0.262028,0.177537,0.766113
1754554886880,0.225538,0.957080,0.767429,1.247324,0.318532,0.182337,0.793701
1754554886899,0.213489,0.957722,0.769947,1.247248,0.359597,0.184855,0.814209
1754554886929,0.213263,0.956440,0.776713,1.250416,0.437778,0.191620,0.822754
1754554886958,0.212694,0.955090,0.783717,1.253654,0.519063,0.198625,0.792480
1754554886991,0.213829,0.953291,0.791903,1.257616,0.612252,0.206811,0.776611
1754554887030,0.215973,0.951672,0.798530,1.260942,0.686467,0.213438,0.782471
1754554887050,0.217765,0.950637,0.802473,1.262971,0.730118,0.217381,0.771240
1754554887079,0.217997,0.949939,0.805480,1.264399,0.764532,0.220388,0.793945
1754554887110,0.223788,0.948592,0.808969,1.266625,0.798941,0.223876,0.785400
1754554887142,0.228429,0.947699,0.810816,1.267965,0.815590,0.225724,0.786133
1754554887171,0.230146,0.948137,0.808157,1.266905,0.783228,0.223065,0.805664
1754554887200,0.232610,0.948317,0.806235,1.266265,0.758620,0.221143,0.800537
1754554887233,0.235371,0.948841,0.802598,1.264856,0.713950,0.217506,0.822998
1754554887260,0.236087,0.949896,0.797475,1.262540,0.654196,0.212383,0.834473
1754554887293,0.234477,0.950769,0.794262,1.260870,0.618783,0.209169,0.832275
1754554887322,0.231918,0.951898,0.790249,1.258725,0.575104,0.205157,0.846436
1754554887350,0.236276,0.952213,0.786488,1.257418,0.527406,0.201396,0.832764
1754554887381,0.234628,0.953846,0.779332,1.253886,0.446599,0.194240,0.866699
1754554887409,0.233048,0.954621,0.776265,1.252278,0.412837,0.191173,0.865234
1754554887444,0.231945,0.954783,0.776034,1.252054,0.411280,0.190942,0.875244
1754554887471,0.232922,0.954601,0.776438,1.252347,0.414959,0.191346,0.858154
1754554887500,0.233145,0.954481,0.776927,1.252599,0.420361,0.191834,0.853760
1754554887530,0.233199,0.954558,0.776504,1.252406,0.415439,0.191412,0.840576
1754554887559,0.232433,0.954870,0.775324,1.251771,0.402608,0.190232,0.823242
1754554887593,0.232672,0.955032,0.774361,1.251342,0.391269,0.189269,0.821777
1754554887621,0.232787,0.955341,0.772695,1.250570,0.371963,0.187603,0.823730
1754554887655,0.231063,0.955782,0.771341,1.249750,0.358079,0.186249,0.818604
1754554887684,0.231656,0.955854,0.770636,1.249480,0.349365,0.185544,0.826904
1754554887712,0.230804,0.955821,0.771279,1.249694,0.357625,0.186187,0.831299
1754554887743,0.230875,0.955481,0.773016,1.250520,0.377566,0.187923,0.821777
1754554887772,0.229213,0.956201,0.770145,1.248992,0.346154,0.185053,0.811035
1754554887804,0.232596,0.955007,0.774534,1.251416,0.393339,0.189442,0.824463
1754554887831,0.233262,0.954838,0.775039,1.251724,0.398495,0.189947,0.822510
1754554887862,0.231609,0.954608,0.777109,1.252524,0.424000,0.192017,0.817139
1754554887892,0.229456,0.955245,0.774994,1.251303,0.401786,0.189902,0.819092
1754554887931,0.229318,0.955182,0.775391,1.251476,0.406496,0.190299,0.822021
1754554887953,0.228230,0.955561,0.774015,1.250713,0.391730,0.188923,0.824707
1754554887981,0.227944,0.955647,0.773716,1.250542,0.388562,0.188623,0.828125
1754554888020,0.226852,0.955780,0.773600,1.250373,0.388321,0.188508,0.826416
1754554888043,0.228371,0.955313,0.775215,1.251293,0.405408,0.190122,0.814453
1754554888074,0.226114,0.956220,0.771691,1.249396,0.367058,0.186598,0.822510
1754554888103,0.225755,0.956282,0.771549,1.249291,0.365781,0.186456,0.819824
1754554888137,0.224208,0.956738,0.769947,1.248373,0.348868,0.184854,0.826172
1754554888161,0.224459,0.956806,0.769458,1.248169,0.342985,0.184366,0.820801
1754554888194,0.224289,0.956584,0.770720,1.248746,0.357697,0.185627,0.817139
1754554888228,0.223054,0.956842,0.769989,1.248272,0.350509,0.184897,0.821289
1754554888251,0.223715,0.956695,0.770428,1.248549,0.354911,0.185336,0.817871
1754554888286,0.223423,0.957065,0.768618,1.247663,0.334340,0.183525,0.811279
1754554888317,0.224089,0.956509,0.771215,1.248959,0.363603,0.186123,0.808105
1754554888348,0.224869,0.956353,0.771636,1.249239,0.367671,0.186543,0.820312
1754554888375,0.225621,0.956341,0.771312,1.249166,0.363188,0.186220,0.811523
1754554888409,0.225735,0.956563,0.770079,1.248596,0.348873,0.184987,0.809326
1754554888434,0.225183,0.956813,0.769045,1.248050,0.337499,0.183952,0.820312
1754554888463,0.224961,0.956736,0.769569,1.248274,0.343769,0.184477,0.812744
1754554888492,0.223017,0.957401,0.767025,1.246868,0.316391,0.181932,0.818359
1754554888523,0.222655,0.957455,0.766919,1.246780,0.315537,0.181827,0.812988
1754554888555,0.224419,0.957002,0.768435,1.247681,0.331236,0.183342,0.813965
1754554888584,0.224567,0.957124,0.767708,1.247354,0.322712,0.182616,0.818115
1754554888612,0.223485,0.957230,0.767699,1.247236,0.323693,0.182607,0.818848
1754554888642,0.223860,0.957573,0.765659,1.246312,0.299816,0.180567,0.815430
1754554888676,0.224619,0.957400,0.766191,1.246643,0.305180,0.181099,0.808594
1754554888703,0.224427,0.957419,0.766191,1.246623,0.305375,0.181099,0.812012
1754554888734,0.224790,0.957436,0.765907,1.246527,0.301741,0.180815,0.826416
1754554888767,0.224553,0.957527,0.765542,1.246329,0.297770,0.180450,0.820312
1754554888794,0.224488,0.957476,0.765852,1.246469,0.301405,0.180760,0.819580
1754554888828,0.225404,0.957404,0.765754,1.246519,0.299360,0.180662,0.816162
1754554888854,0.224510,0.957645,0.764925,1.246033,0.290696,0.179832,0.827393
1754554888882,0.223816,0.957991,0.763397,1.245237,0.273792,0.178305,0.806396
1754554888913,0.224793,0.957552,0.765280,1.246230,0.294510,0.180188,0.825928
1754554888945,0.224346,0.957700,0.764708,1.245913,0.288361,0.179615,0.815186
1754554888981,0.223508,0.957882,0.764161,1.245566,0.282896,0.179068,0.831299
1754554889003,0.226679,0.957337,0.765432,1.246501,0.294379,0.180340,0.818604
1754554889035,0.224405,0.957275,0.766980,1.246993,0.314481,0.181887,0.819824
1754554889068,0.225990,0.957142,0.766859,1.247102,0.311510,0.181767,0.821289
1754554889095,0.224108,0.957584,0.765465,1.246246,0.297332,0.180373,0.812744
1754554889132,0.225557,0.957508,0.765110,1.246230,0.291786,0.180018,0.814453
1754554889155,0.225868,0.957622,0.764321,1.245890,0.282384,0.179229,0.812988
1754554889188,0.227131,0.957160,0.766146,1.246885,0.302145,0.181053,0.806885
1754554889217,0.225168,0.957748,0.764006,1.245668,0.279458,0.178914,0.803955
1754554889245,0.227115,0.957209,0.765891,1.246764,0.299230,0.180799,0.799072
1754554889279,0.226497,0.957232,0.766098,1.246796,0.302234,0.181006,0.807129
1754554889307,0.228594,0.956800,0.767290,1.247580,0.313874,0.182198,0.806885
1754554889334,0.228506,0.956701,0.767869,1.247844,0.320635,0.182777,0.805908
1754554889367,0.226935,0.957364,0.765145,1.246392,0.290808,0.180052,0.817627
1754554889395,0.227320,0.957141,0.766147,1.246906,0.301977,0.181055,0.808594
1754554889426,0.226659,0.957193,0.766223,1.246872,0.303504,0.181130,0.812012
1754554889456,0.227470,0.956778,0.768019,1.247806,0.323391,0.182926,0.806641
1754554889484,0.228290,0.956531,0.768894,1.248305,0.332656,0.183802,0.812012
1754554889521,0.228601,0.956199,0.770485,1.249088,0.350676,0.185392,0.807617
1754554889547,0.229442,0.956225,0.769894,1.248898,0.343029,0.184802,0.825439
1754554889582,0.231146,0.955192,0.774368,1.251185,0.392873,0.189275,0.829102
1754554889606,0.230931,0.955325,0.773797,1.250894,0.386517,0.188705,0.834717
1754554889635,0.232451,0.954591,0.776743,1.252441,0.418944,0.191651,0.833984
1754554889670,0.233299,0.954493,0.776784,1.252549,0.418563,0.191692,0.849121
1754554889698,0.232552,0.954029,0.779530,1.253762,0.450959,0.194438,0.839355
1754554889729,0.233080,0.953929,0.779749,1.253920,0.452955,0.194657,0.811279
1754554889755,0.234853,0.953835,0.779262,1.253877,0.445561,0.194169,0.828857
1754554889788,0.234006,0.954080,0.778490,1.253425,0.437513,0.193397,0.808105
1754554889816,0.232642,0.954886,0.775129,1.251701,0.400146,0.190036,0.812012
1754554889849,0.230589,0.956103,0.769912,1.249027,0.342083,0.184819,0.817383
1754554889881,0.231317,0.956314,0.768386,1.248384,0.323780,0.183294,0.825684
1754554889911,0.232413,0.956896,0.764629,1.246725,0.279392,0.179537,0.812988
1754554889938,0.232793,0.957538,0.760871,1.244988,0.235700,0.175778,0.816406
1754554889968,0.230756,0.957533,0.762086,1.245348,0.251740,0.176994,0.831055
1754554889995,0.232378,0.957544,0.761083,1.245045,0.238562,0.175991,0.807861
1754554890028,0.231011,0.958101,0.758765,1.243804,0.213217,0.173673,0.805908
1754554890055,0.229801,0.958599,0.756646,1.242672,0.190014,0.171554,0.805176
1754554890084,0.232101,0.957519,0.761382,1.245157,0.242283,0.176290,0.819580
1754554890114,0.230440,0.957772,0.760941,1.244773,0.238860,0.175848,0.806641
1754554890144,0.229476,0.958168,0.759277,1.243884,0.220657,0.174185,0.797607
1754554890175,0.230488,0.957682,0.761411,1.245001,0.244231,0.176319,0.812744
1754554890204,0.231388,0.957850,0.759952,1.244405,0.226516,0.174859,0.804443
1754554890235,0.231223,0.958101,0.758642,1.243768,0.211585,0.173549,0.806396
1754554890267,0.232511,0.957734,0.759943,1.244519,0.225290,0.174850,0.812744
1754554890295,0.231440,0.958030,0.758914,1.243920,0.214513,0.173822,0.810059
1754554890328,0.231443,0.958169,0.758127,1.243547,0.205438,0.173035,0.804199
1754554890356,0.232332,0.957828,0.759520,1.244300,0.220601,0.174428,0.805664
1754554890386,0.231624,0.958238,0.757628,1.243330,0.199504,0.172536,0.804199
1754554890418,0.232717,0.958041,0.758090,1.243664,0.203736,0.172998,0.798584
1754554890447,0.231889,0.958183,0.757783,1.243431,0.201024,0.172691,0.805420
1754554890484,0.231319,0.958154,0.758285,1.243609,0.207383,0.173193,0.802002
1754554890507,0.230701,0.958559,0.756344,1.242624,0.185637,0.171252,0.806152
1754554890547,0.229631,0.959155,0.753541,1.241182,0.154404,0.168449,0.799316
1754554890566,0.231361,0.958274,0.757575,1.243277,0.199157,0.172483,0.806641
1754554890599,0.231539,0.958464,0.756388,1.242734,0.185303,0.171296,0.804932
1754554890628,0.231897,0.958309,0.757061,1.243090,0.192696,0.171969,0.813965
1754554890656,0.229608,0.959152,0.753573,1.241195,0.154790,0.168480,0.814209
1754554890686,0.230177,0.958785,0.755360,1.242102,0.174812,0.170267,0.804443
1754554890722,0.229699,0.959037,0.754185,1.241495,0.161758,0.169093,0.805420
1754554890750,0.228771,0.959235,0.753591,1.241115,0.155838,0.168499,0.819580
1754554890780,0.229783,0.959217,0.753093,1.240986,0.149091,0.168001,0.826660
1754554890811,0.228806,0.959455,0.752282,1.240497,0.140720,0.167190,0.812256
1754554890843,0.229827,0.959270,0.752752,1.240829,0.145117,0.167660,0.819092
1754554890871,0.228666,0.959490,0.752162,1.240426,0.139484,0.167070,0.818359
1754554890898,0.227946,0.959685,0.751439,1.240007,0.131870,0.166347,0.822510
1754554890930,0.229201,0.959281,0.753064,1.240911,0.149338,0.167972,0.827881
1754554890957,0.229409,0.959383,0.752345,1.240591,0.140842,0.167253,0.812012
1754554890988,0.229921,0.959334,0.752320,1.240634,0.140048,0.167228,0.828369
1754554891018,0.229078,0.959610,0.751208,1.240017,0.128077,0.166116,0.816895
1754554891055,0.229206,0.959162,0.753753,1.241238,0.157267,0.168660,0.829590
1754554891079,0.229520,0.958997,0.754528,1.241639,0.165890,0.169436,0.825195
1754554891109,0.228702,0.959570,0.751670,1.240196,0.133773,0.166578,0.827881
1754554891140,0.229942,0.959460,0.751571,1.240280,0.131391,0.166479,0.827637
1754554891167,0.228039,0.959648,0.751607,1.240096,0.133704,0.166514,0.814453
1754554891200,0.229099,0.960024,0.748731,1.238843,0.099514,0.163639,0.827881
1754554891234,0.228014,0.960432,0.746931,1.237872,0.079855,0.161839,0.820068
1754554891259,0.229912,0.959662,0.750391,1.239717,0.117828,0.165299,0.826416
1754554891289,0.229260,0.959713,0.750485,1.239692,0.119558,0.165392,0.812988
1754554891319,0.228042,0.959610,0.751827,1.240201,0.136245,0.166735,0.824463
1754554891353,0.227840,0.959960,0.749875,1.239253,0.113957,0.164783,0.821289
1754554891380,0.229184,0.959893,0.749462,1.239199,0.107848,0.164370,0.825195
1754554891411,0.228418,0.960008,0.749241,1.239013,0.106068,0.164149,0.813721
1754554891438,0.229208,0.959794,0.750035,1.239473,0.114431,0.164943,0.820557
1754554891469,0.229759,0.959534,0.751246,1.240107,0.127833,0.166154,0.814697
1754554891500,0.229419,0.959593,0.751102,1.240002,0.126509,0.166010,0.822266
1754554891531,0.228922,0.959608,0.751311,1.240049,0.129413,0.166218,0.831543
1754554891561,0.227463,0.960197,0.748682,1.238646,0.100579,0.163590,0.815918
1754554891595,0.230110,0.959481,0.751342,1.240189,0.128587,0.166250,0.832031
1754554891621,0.230702,0.959105,0.753189,1.241129,0.149279,0.168097,0.834473
1754554891650,0.230652,0.959166,0.752867,1.240970,0.145611,0.167774,0.832764
1754554891682,0.230138,0.959301,0.752385,1.240687,0.140576,0.167293,0.826172
1754554891711,0.229393,0.959342,0.752596,1.240708,0.143747,0.167503,0.829346
1754554891739,0.229199,0.959441,0.752132,1.240468,0.138596,0.167039,0.832275
1754554891770,0.231092,0.959048,0.753285,1.241215,0.149989,0.168192,0.836426
1754554891801,0.229795,0.959379,0.752137,1.240533,0.138064,0.167045,0.837158
1754554891831,0.231250,0.959106,0.752853,1.241027,0.144855,0.167761,0.837402
1754554891860,0.231410,0.959076,0.752930,1.241080,0.145578,0.167837,0.848633
1754554891896,0.230587,0.958993,0.753909,1.241458,0.157687,0.168817,0.853516
1754554891920,0.229351,0.959367,0.752473,1.240646,0.142376,0.167381,0.849365
1754554891959,0.230908,0.958462,0.756778,1.242852,0.190429,0.171686,0.853760
1754554891985,0.229908,0.958788,0.755499,1.242140,0.176684,0.170406,0.850342
1754554892012,0.231135,0.957928,0.759664,1.244243,0.223458,0.174572,0.856201
1754554892040,0.230606,0.958428,0.757149,1.242996,0.195007,0.172057,0.852051
1754554892070,0.230214,0.958429,0.757375,1.243061,0.198004,0.172283,0.853271
1754554892101,0.230899,0.958569,0.756170,1.242563,0.183432,0.171078,0.841553
1754554892133,0.231463,0.958530,0.756058,1.242569,0.181571,0.170965,0.853271
1754554892162,0.230544,0.958362,0.757561,1.243184,0.199811,0.172469,0.833008
1754554892192,0.230557,0.958257,0.758148,1.243464,0.206567,0.173056,0.860840
1754554892221,0.230312,0.958788,0.755263,1.242071,0.173564,0.170171,0.847900
1754554892250,0.232569,0.958327,0.756551,1.242920,0.186154,0.171459,0.854248
1754554892283,0.230287,0.958499,0.756935,1.242861,0.192861,0.171843,0.843018
1754554892313,0.230719,0.958377,0.757371,1.243113,0.197450,0.172279,0.856689
1754554892341,0.231163,0.958336,0.757345,1.243147,0.196706,0.172253,0.867188
1754554892375,0.230519,0.958484,0.756880,1.242859,0.191990,0.171788,0.848877
1754554892402,0.231128,0.958244,0.757889,1.243401,0.203008,0.172797,0.861572
1754554892432,0.230602,0.958340,0.757652,1.243233,0.200807,0.172560,0.860596
1754554892462,0.231121,0.958339,0.757349,1.243145,0.196793,0.172257,0.854736
1754554892493,0.229541,0.958736,0.756018,1.242347,0.183036,0.170926,0.859375
1754554892521,0.231732,0.957934,0.759281,1.244124,0.218446,0.174189,0.854736
1754554892553,0.231983,0.957782,0.759983,1.244483,0.226284,0.174891,0.855957
1754554892586,0.231012,0.957854,0.760152,1.244460,0.229205,0.175060,0.850830
1754554892612,0.232184,0.957775,0.759903,1.244466,0.225160,0.174811,0.860352
1754554892642,0.231304,0.958284,0.757557,1.243263,0.199008,0.172465,0.861328
1754554892674,0.232404,0.957957,0.758752,1.243944,0.211673,0.173659,0.859619
1754554892704,0.232035,0.958422,0.756330,1.242758,0.184132,0.171237,0.864990
1754554892736,0.231142,0.958130,0.758524,1.243703,0.210306,0.173431,0.867432
1754554892762,0.229516,0.958790,0.755722,1.242204,0.179646,0.170629,0.854004
1754554892796,0.230515,0.958059,0.759289,1.244000,0.219757,0.174197,0.855957
1754554892823,0.230411,0.958412,0.757358,1.243074,0.197602,0.172265,0.868896
1754554892855,0.230826,0.958402,0.757165,1.243026,0.194964,0.172072,0.857422
1754554892883,0.230731,0.958690,0.755575,1.242263,0.176740,0.170483,0.883789
1754554892914,0.232015,0.958282,0.757143,1.243142,0.193529,0.172051,0.877197
1754554892945,0.230412,0.958915,0.754471,1.241706,0.164340,0.169379,0.873291
1754554892973,0.231414,0.958253,0.757669,1.243327,0.200185,0.172576,0.864258
1754554893002,0.230451,0.958585,0.756347,1.242599,0.185918,0.171255,0.861084
1754554893035,0.232605,0.958232,0.757071,1.243170,0.192109,0.171979,0.880615
1754554893065,0.233727,0.957873,0.758431,1.243932,0.206650,0.173338,0.868896
1754554893093,0.232078,0.958431,0.756252,1.242726,0.183194,0.171160,0.880371
1754554893122,0.231331,0.958405,0.756851,1.242931,0.190847,0.171759,0.876953
1754554893153,0.231065,0.959282,0.751934,1.240571,0.134452,0.166842,0.880615
1754554893186,0.230495,0.958621,0.756114,1.242494,0.183188,0.171022,0.854736
1754554893217,0.232577,0.958070,0.758007,1.243610,0.202923,0.172915,0.879395
1754554893243,0.232684,0.958106,0.757741,1.243495,0.199743,0.172648,0.878174
1754554893278,0.231325,0.958860,0.754237,1.241691,0.160730,0.169145,0.885986
1754554893305,0.231655,0.958897,0.753824,1.241530,0.155643,0.168732,0.881348
1754554893336,0.232699,0.958323,0.756499,1.242909,0.185422,0.171407,0.872070
1754554893363,0.231948,0.957844,0.759656,1.244324,0.222547,0.174563,0.853516
1754554893396,0.230819,0.958145,0.758628,1.243719,0.211837,0.173536,0.874268
1754554893422,0.231587,0.957870,0.759725,1.244319,0.223711,0.174633,0.868896
1754554893457,0.231347,0.958151,0.758284,1.243612,0.207344,0.173192,0.868652
1754554893485,0.233284,0.958120,0.757300,1.243350,0.194066,0.172208,0.876465
1754554893514,0.233083,0.958273,0.756552,1.242974,0.185647,0.171460,0.879395
1754554893550,0.232622,0.958285,0.756760,1.243024,0.188509,0.171668,0.885254
1754554893575,0.233298,0.958097,0.757423,1.243410,0.195474,0.172331,0.883301
1754554893603,0.232083,0.957861,0.759484,1.244257,0.220435,0.174392,0.867920
1754554893635,0.233554,0.957472,0.760786,1.245028,0.233963,0.175694,0.872070
1754554893672,0.233054,0.957809,0.759199,1.244224,0.216173,0.174106,0.868408
1754554893696,0.232540,0.957932,0.758811,1.243987,0.212223,0.173719,0.874756
1754554893735,0.231625,0.957921,0.759415,1.244176,0.220094,0.174323,0.871338
1754554893757,0.232356,0.958288,0.756907,1.243066,0.190461,0.171814,0.870361
1754554893789,0.232703,0.957859,0.759124,1.244152,0.215663,0.174032,0.867432
1754554893815,0.233029,0.957720,0.759714,1.244466,0.222135,0.174622,0.870605
1754554893845,0.232651,0.957808,0.759443,1.244298,0.219395,0.174351,0.877930
1754554893880,0.230383,0.957867,0.760440,1.244530,0.233154,0.175348,0.873535
1754554893906,0.232015,0.957769,0.760038,1.244512,0.226888,0.174946,0.875000
1754554893936,0.230950,0.957620,0.761489,1.245086,0.244665,0.176396,0.870605
1754554893966,0.231991,0.957552,0.761266,1.245090,0.241053,0.176173,0.869629
1754554893996,0.231233,0.958440,0.756711,1.242854,0.189325,0.171618,0.885498
1754554894023,0.230874,0.958542,0.756342,1.242642,0.185441,0.171250,0.869385
1754554894057,0.231901,0.958263,0.757321,1.243214,0.195686,0.172228,0.879883
1754554894087,0.232504,0.957817,0.759479,1.244299,0.219958,0.174387,0.878906
1754554894117,0.232068,0.957734,0.760202,1.244595,0.228722,0.175110,0.871826
1754554894146,0.230984,0.958007,0.759311,1.244059,0.219541,0.174219,0.869141
1754554894175,0.231206,0.957930,0.759613,1.244226,0.222795,0.174521,0.864258
1754554894205,0.233580,0.957958,0.758042,1.243732,0.202316,0.172949,0.881836
1754554894238,0.231588,0.958726,0.754855,1.242012,0.167584,0.169762,0.883057
1754554894266,0.231423,0.958244,0.757712,1.243348,0.200673,0.172620,0.861572
1754554894295,0.232339,0.957756,0.759921,1.244491,0.225216,0.174829,0.872070
1754554894324,0.231887,0.957812,0.759872,1.244420,0.225095,0.174779,0.864014
1754554894356,0.232591,0.958340,0.756467,1.242882,0.185156,0.171374,0.872803
1754554894387,0.231666,0.958210,0.757763,1.243398,0.201019,0.172671,0.864746
1754554894421,0.233101,0.957582,0.760443,1.244818,0.230467,0.175351,0.875488
1754554894447,0.231980,0.957912,0.759259,1.244140,0.217948,0.174167,0.871826
1754554894478,0.232267,0.957952,0.758861,1.243981,0.213067,0.173768,0.874512
1754554894506,0.233977,0.957719,0.759151,1.244299,0.214700,0.174059,0.879150
1754554894538,0.232703,0.957761,0.759676,1.244413,0.222030,0.174584,0.868896
1754554894568,0.231999,0.958136,0.757983,1.243538,0.203218,0.172891,0.868408
1754554894597,0.232193,0.957933,0.759013,1.244046,0.214897,0.173921,0.878418
1754554894627,0.232381,0.957574,0.760911,1.244964,0.236578,0.175819,0.862549
1754554894657,0.232503,0.958091,0.757938,1.243570,0.202201,0.172846,0.875977
1754554894690,0.232378,0.958595,0.755132,1.242227,0.169996,0.170040,0.878906
1754554894719,0.232261,0.958453,0.756019,1.242635,0.180327,0.170927,0.869385
1754554894747,0.231088,0.958835,0.754526,1.241803,0.164295,0.169434,0.876465
1754554894778,0.232217,0.958344,0.756670,1.242939,0.187873,0.171578,0.878906
1754554894808,0.232199,0.958091,0.758118,1.243623,0.204577,0.173026,0.871094
1754554894837,0.231737,0.958268,0.757390,1.243229,0.196648,0.172298,0.877686
1754554894868,0.231470,0.958324,0.757227,1.243124,0.195035,0.172134,0.861572
1754554894898,0.230840,0.958119,0.758762,1.243784,0.213356,0.173670,0.871094
1754554894933,0.232070,0.957842,0.759600,1.244311,0.221786,0.174508,0.879639
1754554894959,0.230811,0.958411,0.757122,1.243005,0.194492,0.172030,0.881592
1754554894991,0.230594,0.958110,0.758959,1.243851,0.215867,0.173866,0.867432
1754554895019,0.229887,0.958727,0.755866,1.242311,0.180934,0.170773,0.875000
1754554895048,0.231380,0.958708,0.755085,1.242099,0.170448,0.169993,0.871826
1754554895076,0.230529,0.958670,0.755812,1.242354,0.179671,0.170719,0.879150
1754554895114,0.232274,0.958239,0.757234,1.243212,0.194313,0.172142,0.874268
1754554895141,0.231153,0.957875,0.759952,1.244381,0.226761,0.174860,0.878662
1754554895170,0.231496,0.958160,0.758143,1.243560,0.205563,0.173050,0.864746
1754554895197,0.231722,0.957873,0.759628,1.244287,0.222455,0.174536,0.856689
1754554895228,0.232157,0.957864,0.759421,1.244235,0.219636,0.174329,0.864746
1754554895260,0.231602,0.958010,0.758930,1.243944,0.214527,0.173837,0.872070
1754554895290,0.232814,0.957831,0.759218,1.244209,0.216641,0.174126,0.873291
1754554895320,0.232284,0.957875,0.759283,1.244183,0.217916,0.174191,0.872559
1754554895348,0.232036,0.958172,0.757755,1.243434,0.200559,0.172663,0.867920
1754554895378,0.232009,0.958100,0.758177,1.243631,0.205445,0.173085,0.880371
1754554895408,0.231540,0.958596,0.755631,1.242375,0.176572,0.170538,0.873535
1754554895441,0.231662,0.957933,0.759328,1.244139,0.219059,0.174236,0.867676
1754554895470,0.233635,0.957837,0.758689,1.244045,0.209722,0.173597,0.884277
1754554895501,0.231917,0.958034,0.758607,1.243824,0.210493,0.173515,0.883057
1754554895528,0.232161,0.957674,0.760483,1.244738,0.231870,0.175391,0.866699
1754554895558,0.232043,0.957981,0.758832,1.243944,0.212957,0.173740,0.878418
1754554895588,0.232474,0.957487,0.761341,1.245177,0.241441,0.176249,0.875244
1754554895621,0.230750,0.957920,0.759933,1.244329,0.226937,0.174840,0.870361
1754554895650,0.231900,0.957992,0.758856,1.243941,0.213383,0.173764,0.870605
1754554895680,0.231431,0.958015,0.759001,1.243960,0.215518,0.173909,0.869385
1754554895711,0.232573,0.958138,0.757629,1.243430,0.198563,0.172536,0.873779
1754554895739,0.230874,0.957851,0.760250,1.244492,0.230466,0.175158,0.871826
1754554895771,0.230071,0.958262,0.758406,1.243535,0.210025,0.173314,0.877197
1754554895798,0.231595,0.958089,0.758487,1.243734,0.209436,0.173395,0.873779
1754554895831,0.232346,0.958192,0.757454,1.243324,0.196779,0.172362,0.881348
1754554895860,0.232665,0.957565,0.760793,1.244938,0.234936,0.175701,0.869141
1754554895892,0.232130,0.957826,0.759652,1.244342,0.222322,0.174560,0.864746
1754554895922,0.231841,0.957528,0.761482,1.245177,0.243692,0.176389,0.867920
1754554895948,0.232155,0.958212,0.757459,1.243306,0.197024,0.172366,0.874268
1754554895984,0.231271,0.958070,0.758788,1.243842,0.213225,0.173696,0.860107
1754554896010,0.232345,0.957511,0.761285,1.245137,0.240924,0.176193,0.864502
1754554896042,0.231237,0.957949,0.759484,1.244168,0.221280,0.174392,0.867432
1754554896072,0.230429,0.958064,0.759310,1.244000,0.220080,0.174218,0.867920
1754554896099,0.233310,0.957489,0.760839,1.245027,0.234816,0.175746,0.869629
1754554896130,0.233451,0.957582,0.760232,1.244756,0.227686,0.175140,0.871582
1754554896161,0.232818,0.957599,0.760516,1.244823,0.231591,0.175424,0.872070
1754554896191,0.233129,0.957448,0.761174,1.245167,0.238860,0.176082,0.869629
1754554896226,0.233417,0.957968,0.758081,1.243734,0.202929,0.172988,0.867920
1754554896250,0.231979,0.958275,0.757202,1.243166,0.194242,0.172110,0.880127
1754554896280,0.230771,0.958305,0.757753,1.243299,0.201802,0.172661,0.866455
1754554896315,0.231542,0.957966,0.759209,1.244070,0.217810,0.174117,0.866943
1754554896341,0.232818,0.957789,0.759453,1.244320,0.219346,0.174361,0.874268
1754554896370,0.232154,0.957646,0.760645,1.244814,0.233737,0.175552,0.868896
1754554896399,0.233272,0.957576,0.760372,1.244803,0.229479,0.175280,0.865967
1754554896429,0.231806,0.957640,0.760881,1.244889,0.236808,0.175789,0.868652
1754554896459,0.231222,0.957831,0.760159,1.244486,0.229076,0.175067,0.863281
1754554896490,0.231256,0.958049,0.758914,1.243900,0.214691,0.173822,0.856689
1754554896521,0.230093,0.957960,0.760089,1.244334,0.229393,0.174997,0.864014
1754554896551,0.230961,0.958343,0.757423,1.243163,0.197809,0.172331,0.861572
1754554896580,0.232414,0.958387,0.756303,1.242786,0.183453,0.171211,0.874512
1754554896613,0.231167,0.957977,0.759372,1.244108,0.220063,0.174280,0.862305
1754554896644,0.232087,0.957866,0.759451,1.244242,0.220045,0.174358,0.873291
1754554896672,0.232195,0.958443,0.756114,1.242673,0.181493,0.171022,0.885010
1754554896701,0.231606,0.958036,0.758778,1.243873,0.212776,0.173686,0.878662
1754554896731,0.230304,0.958554,0.756607,1.242707,0.189059,0.171515,0.876465
1754554896761,0.231026,0.958362,0.757274,1.243099,0.196029,0.172182,0.882080
1754554896794,0.232113,0.958202,0.757539,1.243339,0.197985,0.172446,0.874268
1754554896820,0.232611,0.958264,0.756890,1.243085,0.190017,0.171798,0.868164
1754554896854,0.231080,0.958234,0.757970,1.243434,0.203989,0.172878,0.865967
1754554896881,0.231470,0.958124,0.758364,1.243662,0.208142,0.173272,0.864258
1754554896909,0.231340,0.958342,0.757204,1.243099,0.194903,0.172112,0.869629
1754554896941,0.231447,0.958504,0.756212,1.242640,0.183366,0.171120,0.878418
1754554896972,0.232224,0.958770,0.754212,1.241775,0.159544,0.169120,0.899658
1754554897004,0.233391,0.958342,0.755969,1.242731,0.178621,0.170877,0.884277
1754554897031,0.234101,0.958091,0.756967,1.243279,0.189414,0.171875,0.907227
1754554897068,0.235062,0.957790,0.758089,1.243911,0.201374,0.172996,0.887451
1754554897095,0.236610,0.957161,0.760672,1.245297,0.229599,0.175580,0.883301
1754554897123,0.236417,0.956991,0.761738,1.245780,0.242069,0.176646,0.877930
1754554897154,0.237782,0.956502,0.763600,1.246804,0.262161,0.178508,0.880859
1754554897180,0.238033,0.956364,0.764201,1.247115,0.268837,0.179109,0.880371
1754554897220,0.239699,0.955846,0.765997,1.248138,0.287861,0.180904,0.879395
1754554897246,0.238975,0.956310,0.763922,1.247082,0.264677,0.178829,0.882324
1754554897282,0.239099,0.956352,0.763613,1.246949,0.260995,0.178521,0.906494
1754554897305,0.238108,0.956640,0.762643,1.246387,0.250814,0.177551,0.893555
1754554897333,0.239468,0.955834,0.766204,1.248211,0.290480,0.181112,0.896973
1754554897365,0.237350,0.956011,0.766526,1.248140,0.296310,0.181434,0.891602
1754554897393,0.237600,0.955748,0.767790,1.248763,0.310620,0.182697,0.896729
1754554897422,0.236991,0.955353,0.770247,1.249858,0.339543,0.185154,0.894043
1754554897452,0.233997,0.955506,0.771157,1.249972,0.353031,0.186065,0.876953
1754554897485,0.232530,0.955309,0.773007,1.250690,0.375809,0.187915,0.871338
1754554897514,0.231078,0.955060,0.775081,1.251514,0.401162,0.189989,0.867432
1754554897545,0.227489,0.954971,0.777420,1.252239,0.431705,0.192328,0.858154
1754554897574,0.226790,0.954238,0.781455,1.254063,0.478894,0.196362,0.862061
1754554897603,0.225382,0.953903,0.783801,1.255019,0.507344,0.198709,0.858154
1754554897641,0.225467,0.953368,0.786369,1.256233,0.536845,0.201277,0.833496
1754554897665,0.224471,0.952506,0.790965,1.258284,0.590797,0.205872,0.813232
1754554897696,0.223330,0.951552,0.795940,1.260495,0.649264,0.210847,0.797363
1754554897724,0.223116,0.950532,0.800687,1.262692,0.704180,0.215595,0.801025
1754554897756,0.220756,0.950090,0.803672,1.263841,0.740940,0.218580,0.799316
1754554897789,0.221767,0.949062,0.807776,1.265860,0.787219,0.222684,0.787354
1754554897814,0.224487,0.947797,0.812092,1.268152,0.834236,0.227000,0.779541
1754554897849,0.223619,0.947778,0.812536,1.268268,0.840215,0.227444,0.781982
1754554897875,0.223287,0.947584,0.813501,1.268683,0.851670,0.228409,0.785400
1754554897904,0.221780,0.947675,0.813729,1.268633,0.855806,0.228637,0.779297
1754554897936,0.224352,0.946864,0.816096,1.270000,0.880509,0.231004,0.771240
1754554897962,0.222489,0.946638,0.817800,1.270599,0.901997,0.232707,0.778320
1754554898003,0.218817,0.947589,0.815273,1.269045,0.876552,0.230180,0.797363
1754554898027,0.218219,0.947337,0.816562,1.269583,0.892003,0.231469,0.783203
1754554898055,0.218992,0.947065,0.817402,1.270053,0.900915,0.232310,0.786377
1754554898087,0.217843,0.946752,0.819142,1.270743,0.922107,0.234049,0.772705
1754554898118,0.219277,0.946384,0.820113,1.271342,0.931868,0.235021,0.780029
1754554898145,0.219984,0.945615,0.822989,1.272749,0.964300,0.237897,0.771729
1754554898176,0.217333,0.945621,0.823958,1.272926,0.978119,0.238866,0.791748
1754554898207,0.216548,0.945330,0.825422,1.273524,0.995774,0.240330,0.795410
1754554898237,0.218105,0.944999,0.826179,1.274035,1.002943,0.241087,0.771729
1754554898266,0.217048,0.944918,0.826890,1.274256,1.012191,0.241798,0.779297
1754554898296,0.216626,0.944342,0.829334,1.275344,1.040770,0.244242,0.784668
1754554898330,0.216253,0.944187,0.830079,1.275651,1.049727,0.244987,0.799805
1754554898354,0.216143,0.944241,0.829906,1.275560,1.047843,0.244814,0.802734
1754554898388,0.216742,0.943884,0.831096,1.276172,1.060956,0.246004,0.783691
1754554898413,0.215048,0.943886,0.831688,1.276272,1.069476,0.246596,0.822266
1754554898447,0.213788,0.944072,0.831395,1.276007,1.067362,0.246303,0.804688
1754554898476,0.213893,0.943876,0.832127,1.276357,1.075684,0.247034,0.805176
1754554898507,0.214040,0.943883,0.832048,1.276335,1.074634,0.246956,0.783691
1754554898542,0.212165,0.944752,0.829273,1.274858,1.044533,0.244181,0.784668
1754554898565,0.211755,0.945681,0.825708,1.273164,1.003864,0.240616,0.791504
1754554898600,0.212881,0.946235,0.823077,1.272059,0.972417,0.237985,0.776855
1754554898628,0.218177,0.946785,0.818877,1.270654,0.918723,0.233785,0.780762
1754554898655,0.217369,0.948208,0.813218,1.267940,0.854324,0.228126,0.780029
1754554898684,0.220921,0.949257,0.807274,1.265539,0.782284,0.222182,0.747559
1754554898718,0.221518,0.950388,0.802024,1.263150,0.721184,0.216932,0.789795
1754554898749,0.221082,0.952108,0.794359,1.259521,0.633300,0.209267,0.800781
1754554898776,0.221374,0.954289,0.783810,1.254604,0.511452,0.198718,0.810303
1754554898807,0.222386,0.956868,0.770189,1.248296,0.353484,0.185097,0.837646
1754554898840,0.221982,0.958300,0.762668,1.244699,0.267223,0.177576,0.854492
1754554898867,0.217501,0.958614,0.763220,1.244489,0.278070,0.178128,0.815430
1754554898897,0.216907,0.958489,0.764203,1.244891,0.289981,0.179110,0.816650
1754554898930,0.218196,0.958792,0.761891,1.243933,0.262051,0.176798,0.834717
1754554898960,0.220202,0.958712,0.761311,1.243870,0.253362,0.176218,0.850830
1754554898987,0.219731,0.958958,0.760180,1.243284,0.240807,0.175088,0.845947
1754554899015,0.220631,0.958765,0.760794,1.243670,0.246975,0.175701,0.849121
1754554899048,0.220322,0.958775,0.760895,1.243685,0.248456,0.175803,0.839600
1754554899081,0.218272,0.959303,0.758996,1.242569,0.228615,0.173903,0.850586
1754554899109,0.218319,0.959431,0.758246,1.242219,0.219926,0.173153,0.844482
1754554899136,0.219050,0.959411,0.757980,1.242170,0.216130,0.172887,0.845459
1754554899167,0.217829,0.959156,0.760050,1.243022,0.241203,0.174957,0.866943
1754554899199,0.218990,0.959325,0.758499,1.242410,0.222170,0.173406,0.862549
1754554899228,0.219983,0.959021,0.759697,1.243082,0.234991,0.174605,0.822754
1754554899256,0.218550,0.959289,0.758928,1.242567,0.227562,0.173836,0.828857
1754554899295,0.218353,0.959591,0.757321,1.241784,0.209242,0.172229,0.853027
1754554899317,0.216937,0.959828,0.756695,1.241338,0.203445,0.171603,0.852539
1754554899350,0.217043,0.959773,0.756958,1.241474,0.206365,0.171866,0.847412
1754554899382,0.217678,0.959781,0.756586,1.241364,0.201442,0.171494,0.852783
1754554899410,0.217336,0.959908,0.756035,1.241067,0.195433,0.170942,0.847168
1754554899438,0.217886,0.959693,0.756982,1.241574,0.205795,0.171889,0.858887
1754554899471,0.217087,0.959832,0.756597,1.241307,0.202162,0.171505,0.846436
1754554899500,0.217529,0.959759,0.756790,1.241445,0.203941,0.171697,0.863037
1754554899528,0.217991,0.959650,0.757170,1.241674,0.207859,0.172078,0.856445
1754554899557,0.217912,0.959676,0.757062,1.241615,0.206697,0.171970,0.878906
1754554899587,0.218116,0.959733,0.756635,1.241434,0.201566,0.171542,0.859131
1754554899618,0.218649,0.959834,0.755777,1.241083,0.191150,0.170685,0.842529
1754554899649,0.216657,0.959921,0.756307,1.241124,0.199248,0.171215,0.854004
1754554899683,0.217755,0.959974,0.755440,1.240829,0.188159,0.170347,0.854004
1754554899707,0.217989,0.959975,0.755308,1.240791,0.186402,0.170215,0.858643
1754554899743,0.217854,0.959702,0.756945,1.241553,0.205406,0.171853,0.852783
1754554899767,0.217790,0.959669,0.757168,1.241652,0.208040,0.172076,0.856934
1754554899798,0.217773,0.959903,0.755839,1.241020,0.192741,0.170747,0.844727
1754554899830,0.216668,0.960084,0.755366,1.240679,0.188399,0.170274,0.832764
1754554899858,0.215313,0.959800,0.757681,1.241634,0.216430,0.172589,0.821289
1754554899889,0.216570,0.959530,0.758578,1.242192,0.225505,0.173486,0.835205
1754554899917,0.216499,0.959188,0.760539,1.243114,0.248172,0.175447,0.799072
1754554899948,0.216487,0.958876,0.762278,1.243936,0.268220,0.177185,0.816162
1754554899982,0.215547,0.958700,0.763706,1.244514,0.285624,0.178614,0.816162
1754554900008,0.214769,0.958842,0.763301,1.244240,0.281731,0.178209,0.833984
1754554900040,0.214887,0.958522,0.765000,1.245056,0.301193,0.179908,0.807373
1754554900067,0.213675,0.958620,0.765036,1.244946,0.302821,0.179944,0.804688
1754554900103,0.214521,0.958619,0.764646,1.244850,0.297474,0.179554,0.814453
1754554900135,0.212887,0.958972,0.763483,1.244128,0.285713,0.178391,0.798096
1754554900163,0.212308,0.958974,0.763741,1.244190,0.289265,0.178649,0.792725
1754554900189,0.214450,0.958131,0.767323,1.246109,0.328397,0.182231,0.772949
1754554900220,0.217221,0.957224,0.770837,1.248060,0.366114,0.185745,0.770752
1754554900250,0.215740,0.957240,0.771453,1.248195,0.374697,0.186361,0.788086
1754554900285,0.216409,0.956990,0.772447,1.248734,0.385475,0.187354,0.796875
1754554900311,0.215856,0.956977,0.772774,1.248831,0.389797,0.187681,0.812012
1754554900340,0.216378,0.956492,0.775044,1.249956,0.415434,0.189952,0.807617
1754554900369,0.218106,0.954911,0.782241,1.253525,0.496642,0.197149,0.810791
1754554900399,0.218245,0.953834,0.787437,1.255981,0.556369,0.202344,0.823242
1754554900431,0.224210,0.950966,0.798236,1.261660,0.674841,0.213143,0.801514
1754554900459,0.228252,0.949037,0.805072,1.265271,0.749572,0.219980,0.807617
1754554900491,0.231343,0.947929,0.808516,1.267196,0.786172,0.223424,0.799561
1754554900520,0.243009,0.943132,0.823149,1.275196,0.943120,0.238057,0.811279
1754554900551,0.248932,0.939999,0.832720,1.280230,1.047488,0.247628,0.832764
1754554900581,0.257166,0.937490,0.838260,1.283629,1.103084,0.253168,0.832275
1754554900609,0.268819,0.934021,0.845117,1.287976,1.170441,0.260024,0.755859
1754554900639,0.279726,0.930405,0.852188,1.292333,1.241017,0.267096,0.765137
1754554900678,0.287184,0.927385,0.858547,1.296002,1.306834,0.273455,0.784424
1754554900706,0.299858,0.922383,0.868064,1.301630,1.403820,0.282971,0.803955
1754554900732,0.308722,0.918462,0.875529,1.305922,1.480979,0.290437,0.804688
1754554900767,0.321455,0.912245,0.887187,1.312488,1.602584,0.302095,0.800537
1754554900797,0.334615,0.905339,0.899532,1.319379,1.731672,0.314439,0.785889
1754554900820,0.345685,0.898957,0.910646,1.325480,1.848676,0.325554,0.808594
1754554900858,0.354883,0.893119,0.920690,1.330892,1.955215,0.335598,0.817627
1754554900883,0.363979,0.887047,0.930785,1.336299,2.062437,0.345693,0.805176
1754554900912,0.369526,0.883309,0.936723,1.339490,2.125313,0.351631,0.799316
1754554900941,0.374273,0.879267,0.943750,1.343077,2.201536,0.358657,0.807617
1754554900970,0.381688,0.874047,0.951589,1.347281,2.284455,0.366497,0.792725
1754554901002,0.384783,0.871561,0.955486,1.349307,2.326269,0.370394,0.793701
1754554901031,0.384688,0.871485,0.955734,1.349407,2.329214,0.370641,0.783936
1754554901063,0.385046,0.870933,0.956814,1.349918,2.341308,0.371722,0.787109
1754554901092,0.388338,0.870414,0.955776,1.349791,2.326047,0.370683,0.782959
1754554901128,0.389149,0.872588,0.949925,1.347296,2.257825,0.364833,0.763184
1754554901152,0.388066,0.876450,0.941106,1.343295,2.157277,0.356014,0.774902
1754554901187,0.389599,0.879094,0.933222,1.339962,2.064900,0.348130,0.762207
1754554901214,0.389966,0.881750,0.925993,1.336794,1.981234,0.340901,0.742676
1754554901246,0.390799,0.884461,0.918067,1.333358,1.889070,0.332975,0.755859
1754554901271,0.392307,0.886506,0.911237,1.330471,1.808863,0.326145,0.736084
1754554901303,0.393959,0.888657,0.903822,1.327332,1.721764,0.318730,0.758301
1754554901334,0.397916,0.889076,0.899278,1.325705,1.665448,0.314186,0.750244
1754554901361,0.404036,0.888777,0.894816,1.324336,1.607906,0.309723,0.766846
1754554901392,0.409493,0.888031,0.892101,1.323680,1.571173,0.307009,0.765381
1754554901420,0.416346,0.886427,0.890509,1.323670,1.545971,0.305417,0.775879
1754554901451,0.423999,0.884807,0.888015,1.323340,1.509579,0.302923,0.777100
1754554901489,0.435044,0.880774,0.889093,1.324957,1.510953,0.304000,0.776611
1754554901512,0.442639,0.878782,0.887251,1.324916,1.482141,0.302159,0.800293
1754554901541,0.449786,0.876872,0.885426,1.324837,1.453960,0.300334,0.798096
1754554901571,0.458950,0.873789,0.884705,1.325460,1.436493,0.299613,0.763428
1754554901608,0.466042,0.872142,0.881711,1.324855,1.394899,0.296619,0.782227
1754554901635,0.472669,0.871244,0.876770,1.323332,1.331331,0.291678,0.784424
1754554901664,0.476837,0.871523,0.870917,1.321144,1.259717,0.285824,0.787598
1754554901692,0.480694,0.871712,0.865556,1.319142,1.194086,0.280463,0.780518
1754554901721,0.488850,0.869971,0.860708,1.317817,1.130066,0.275615,0.794189
1754554901759,0.495306,0.868720,0.856209,1.316472,1.071777,0.271117,0.818604
1754554901785,0.500350,0.867449,0.853506,1.315785,1.035578,0.268413,0.826172
1754554901813,0.503858,0.866752,0.850923,1.314992,1.002311,0.265831,0.822510
1754554901847,0.506522,0.866536,0.847856,1.313891,0.964309,0.262764,0.840088
1754554901872,0.508667,0.866553,0.844690,1.312691,0.925680,0.259598,0.838135
1754554901907,0.511929,0.864690,0.846259,1.313741,0.940496,0.261167,0.849854
1754554901939,0.512326,0.865357,0.843399,1.312495,0.907148,0.258307,0.835449
1754554901964,0.516194,0.863332,0.844569,1.313429,0.916761,0.259477,0.826172
1754554901995,0.519794,0.861198,0.846435,1.314648,0.934653,0.261342,0.837646
1754554902023,0.523427,0.859663,0.846158,1.314906,0.927830,0.261066,0.851074
1754554902053,0.525711,0.859080,0.844660,1.314473,0.908286,0.259568,0.897949
1754554902087,0.529219,0.857123,0.845901,1.315402,0.919081,0.260809,0.915527
1754554902113,0.531746,0.855383,0.847859,1.316548,0.939113,0.262767,0.910400
1754554902143,0.536279,0.851776,0.852839,1.319261,0.991960,0.267746,0.874512
1754554902173,0.537289,0.850195,0.856427,1.320976,1.032307,0.271335,0.863525
1754554902203,0.536810,0.849435,0.859571,1.322333,1.069006,0.274479,0.870361
1754554902237,0.533083,0.851982,0.856976,1.320780,1.042835,0.271884,0.846191
1754554902264,0.528119,0.854138,0.857372,1.320435,1.052362,0.272280,0.812500
1754554902293,0.522646,0.855090,0.862235,1.322039,1.113863,0.277142,0.795654
1754554902324,0.511266,0.860203,0.861945,1.320716,1.121907,0.276853,0.843994
1754554902354,0.495156,0.866811,0.862599,1.319324,1.145549,0.277506,0.786865
1754554902391,0.479699,0.872080,0.865630,1.319072,1.195936,0.280538,0.803711
1754554902414,0.461621,0.876963,0.871981,1.320041,1.287201,0.286889,0.816406
1754554902448,0.439067,0.882344,0.880222,1.321401,1.404709,0.295129,0.819824
1754554902475,0.414912,0.887850,0.887607,1.322224,1.513966,0.302515,0.725098
1754554902506,0.391130,0.891880,0.896867,1.323935,1.644455,0.311775,0.667969
1754554902535,0.364297,0.895711,0.906865,1.325675,1.786496,0.321773,0.663330
1754554902586,0.337422,0.899548,0.914346,1.326299,1.899574,0.329254,0.682129
1754554902599,0.310019,0.903741,0.918768,1.325517,1.977932,0.333676,0.638916
1754554902627,0.284459,0.900660,0.939535,1.332228,2.242781,0.354442,0.714355
1754554902653,0.260242,0.901268,0.947653,1.333438,2.360544,0.362561,0.662842
1754554902685,0.238662,0.901303,0.954665,1.334426,2.462929,0.369573,0.649414
1754554902713,0.221785,0.900422,0.961425,1.335772,2.557702,0.376333,0.641357
1754554902743,0.206812,0.896757,0.973581,1.339703,2.712739,0.388488,0.634521
1754554902772,0.195834,0.894296,0.981356,1.342078,2.813308,0.396263,0.629150
1754554902804,0.187331,0.890715,0.990843,1.345450,2.931131,0.405750,0.685059
1754554902838,0.181310,0.888440,0.996729,1.347467,3.004975,0.411636,0.652100
1754554902866,0.176137,0.885825,1.003075,1.349767,3.083284,0.417983,0.649414
1754554902895,0.173203,0.883219,1.009002,1.352095,3.154506,0.423910,0.648926
1754554902926,0.172005,0.882620,1.010401,1.352596,3.171833,0.425309,0.658203
1754554902955,0.170039,0.882756,1.010306,1.352365,3.172697,0.425214,0.677979
1754554902987,0.168840,0.883894,1.007993,1.351231,3.147239,0.422900,0.707275
1754554903016,0.169836,0.883626,1.008471,1.351537,3.151758,0.423379,0.708984
1754554903048,0.165334,0.884646,1.006695,1.350322,3.135799,0.421603,0.719727
1754554903075,0.164101,0.884624,1.006848,1.350271,3.138788,0.421756,0.710693
1754554903106,0.160109,0.885258,1.005797,1.349424,3.130670,0.420705,0.709473
1754554903139,0.154942,0.885879,1.004808,1.348491,3.124438,0.419715,0.729004
1754554903169,0.145970,0.887670,1.001377,1.346113,3.093881,0.416285,0.704102
1754554903194,0.139693,0.888757,0.999204,1.344549,3.075118,0.414112,0.694336
1754554903224,0.128802,0.890436,0.995632,1.341920,3.044843,0.410539,0.668213
1754554903255,0.111374,0.896217,0.982151,1.334253,2.906936,0.397059,0.697998
1754554903287,0.094213,0.897709,0.977540,1.330542,2.870959,0.392447,0.739258
1754554903316,0.074018,0.899812,0.970231,1.325326,2.806936,0.385139,0.758545
1754554903347,0.060803,0.897687,0.973182,1.325377,2.854161,0.388090,0.609863
1754554903376,0.040043,0.897993,0.968223,1.321155,2.817769,0.383130,0.571533
1754554903408,0.006171,0.894833,0.966426,1.317097,2.830943,0.381334,0.745361
1754554903436,-0.017330,0.891896,0.965174,1.314283,2.840014,0.380082,0.716064
1754554903467,-0.046381,0.885886,0.967266,1.312459,2.893169,0.382174,0.695312
1754554903500,-0.075760,0.877264,0.972982,1.312260,2.988416,0.387890,0.673340
1754554903526,-0.100732,0.870480,0.974650,1.310658,3.032608,0.389558,0.635986
1754554903558,-0.124010,0.860577,0.982691,1.312118,3.148544,0.397599,0.688965
1754554903587,-0.149359,0.852338,0.983939,1.310315,3.188273,0.398847,0.661621
1754554903618,-0.170971,0.843409,0.987712,1.310018,3.253361,0.402620,0.674316
1754554903647,-0.188939,0.836642,0.988402,1.308666,3.279273,0.403309,0.668457
1754554903676,-0.206392,0.827449,0.993684,1.309457,3.357599,0.408592,0.667969
1754554903707,-0.220951,0.821641,0.993500,1.308035,3.370032,0.408408,0.715332
1754554903743,-0.231945,0.816942,0.993604,1.307073,3.382223,0.408512,0.725830
1754554903769,-0.238715,0.812845,0.995946,1.307521,3.415982,0.410854,0.737793
1754554903799,-0.241952,0.810582,0.997622,1.307988,3.438529,0.412529,0.727051
1754554903827,-0.245291,0.810762,0.994228,1.306136,3.402758,0.409135,0.701416
1754554903859,-0.247677,0.812314,0.988842,1.303460,3.343087,0.403750,0.695312
1754554903890,-0.249773,0.816663,0.977724,1.298180,3.217070,0.392632,0.607422
1754554903919,-0.249947,0.824591,0.960162,1.290091,3.014876,0.375070,0.514038
1754554903948,-0.245553,0.833553,0.943903,1.282988,2.823126,0.358811,0.377319
1754554904519,-0.249622,0.853746,0.886329,1.255696,2.163773,0.301237,0.489502
1754554904548,-0.255135,0.859227,0.862427,1.243843,1.893860,0.277334,0.511475
1754554904609,-0.266432,0.862443,0.834956,1.229612,1.588615,0.249864,0.359131
