1755158255773,0.712732,0.756710,0.885959,1.365840,0.000000,0.812838,0.739502
1755158255791,0.715029,0.758790,0.874755,1.360965,0.000000,0.814918,0.683594
1755158255819,0.714001,0.763149,0.862461,1.355003,0.000000,0.819277,0.626953
1755158255849,0.714084,0.766080,0.852029,1.350092,0.000000,0.822208,0.616211
1755158255876,0.712164,0.770077,0.841801,1.344925,0.000000,0.826204,0.601807
1755158255909,0.704268,0.778888,0.826430,1.336281,0.000000,0.835016,0.650391
1755158255938,0.697640,0.786016,0.813193,1.328836,0.000000,0.842143,0.614990
1755158255969,0.693898,0.790206,0.804293,1.323937,0.000000,0.846334,0.655273
1755158255997,0.691494,0.793348,0.796061,1.319575,0.000000,0.849475,0.743652
1755158256030,0.690683,0.794978,0.790303,1.316667,0.000000,0.851106,0.763672
1755158256058,0.685754,0.799106,0.783731,1.312654,0.000000,0.855233,0.695312
1755158256089,0.685531,0.799617,0.781682,1.311628,0.000000,0.855745,0.664307
1755158256119,0.681884,0.802689,0.776284,1.308393,0.000000,0.858817,0.662354
1755158256148,0.679004,0.804824,0.773451,1.306527,0.000000,0.860951,0.650146
1755158256178,0.677107,0.806419,0.770402,1.304724,0.000000,0.862547,0.621582
1755158256208,0.675207,0.807959,0.767591,1.303034,0.000000,0.864086,0.628662
1755158256238,0.675067,0.807825,0.768849,1.303620,0.000000,0.863952,0.624023
1755158256269,0.673133,0.808994,0.768298,1.303020,0.000000,0.865121,0.595703
1755158256298,0.672904,0.809242,0.767575,1.302630,0.000000,0.865370,0.591553
1755158256327,0.672359,0.809505,0.767805,1.302647,0.000000,0.865633,0.618652
1755158256357,0.673542,0.808900,0.767505,1.302706,0.000000,0.865028,0.635254
1755158256389,0.671878,0.810184,0.765325,1.301361,0.000000,0.866312,0.757080
1755158256419,0.675828,0.807947,0.765586,1.302169,0.000000,0.864074,0.724365
1755158256448,0.674407,0.809254,0.762440,1.300396,0.000000,0.865381,0.703613
1755158256480,0.675621,0.808482,0.763026,1.300891,0.000000,0.864610,0.722656
1755158256509,0.676877,0.807447,0.765059,1.302094,0.000000,0.863575,0.695801
1755158256539,0.674455,0.808837,0.764828,1.301564,0.000000,0.864965,0.761963
1755158256569,0.673398,0.809592,0.763802,1.300884,0.000000,0.865720,0.778809
1755158256599,0.673429,0.809525,0.764108,1.301038,0.000000,0.865653,0.782959
1755158256630,0.671047,0.811152,0.762200,1.299700,0.000000,0.867279,0.787842
1755158256661,0.671189,0.811111,0.761964,1.299610,0.000000,0.867239,0.783691
1755158256689,0.672025,0.810729,0.761472,1.299515,0.000000,0.866857,0.782959
1755158256722,0.671216,0.811266,0.760908,1.299101,0.000000,0.867394,0.785645
1755158256750,0.671572,0.810962,0.761582,1.299491,0.000000,0.867089,0.791504
1755158256781,0.672364,0.810613,0.761033,1.299360,0.000000,0.866740,0.792725
1755158256810,0.672773,0.810120,0.762687,1.300235,0.000000,0.866248,0.797363
1755158256839,0.671171,0.811273,0.761018,1.299147,0.000000,0.867401,0.781494
1755158256870,0.671642,0.811000,0.761103,1.299270,0.000000,0.867128,0.779053
1755158256900,0.672625,0.810187,0.762778,1.300253,0.000000,0.866315,0.798828
1755158256931,0.672449,0.810517,0.761337,1.299522,0.000000,0.866645,0.774902
1755158256960,0.672808,0.810373,0.760996,1.299419,0.000000,0.866500,0.791504
1755158256991,0.672890,0.810132,0.762213,1.300024,0.000000,0.866260,0.780518
1755158257022,0.672495,0.810424,0.761758,1.299735,0.000000,0.866551,0.786865
1755158257050,0.672312,0.810383,0.762636,1.300130,0.000000,0.866511,0.772705
1755158257080,0.672529,0.810208,0.762979,1.300334,0.000000,0.866336,0.767822
1755158257109,0.672414,0.810308,0.762753,1.300204,0.000000,0.866436,0.781250
1755158257141,0.673352,0.809544,0.764254,1.301096,0.000000,0.865671,0.782715
1755158257173,0.673067,0.809699,0.764275,1.301056,0.000000,0.865826,0.791260
1755158257201,0.672788,0.810057,0.763025,1.300401,0.000000,0.866185,0.791748
1755158257230,0.672856,0.810193,0.761951,1.299891,0.000000,0.866320,0.793213
1755158257260,0.671774,0.810610,0.763071,1.300249,0.000000,0.866738,0.789062
1755158257293,0.673235,0.809686,0.763784,1.300847,0.000000,0.865814,0.797852
1755158257324,0.672632,0.810314,0.761967,1.299860,0.000000,0.866442,0.787109
1755158257350,0.672259,0.810387,0.762796,1.300199,0.000000,0.866515,0.794434
1755158257381,0.672309,0.810206,0.763738,1.300665,0.000000,0.866334,0.794189
1755158257413,0.673013,0.809896,0.763250,1.300549,0.000000,0.866024,0.792725
1755158257443,0.673371,0.809559,0.764098,1.301023,0.000000,0.865686,0.783447
1755158257473,0.672782,0.809923,0.763866,1.300809,0.000000,0.866051,0.794434
1755158257502,0.673430,0.809540,0.764013,1.300992,0.000000,0.865668,0.787354
1755158257533,0.671765,0.810710,0.762488,1.299964,0.000000,0.866837,0.797852
1755158257559,0.672286,0.810407,0.762579,1.300098,0.000000,0.866535,0.787842
1755158257595,0.672524,0.809939,0.764642,1.301141,0.000000,0.866067,0.781738
1755158257625,0.671329,0.810822,0.763278,1.300272,0.000000,0.866950,0.780762
1755158257653,0.673185,0.809847,0.762965,1.300440,0.000000,0.865975,0.789307
1755158257681,0.673583,0.809540,0.763492,1.300765,0.000000,0.865668,0.783203
1755158257712,0.673616,0.809339,0.764608,1.301313,0.000000,0.865467,0.769287
1755158257745,0.673263,0.809591,0.764270,1.301088,0.000000,0.865718,0.801270
1755158257774,0.673676,0.809291,0.764699,1.301367,0.000000,0.865419,0.770020
1755158257807,0.672907,0.809753,0.764482,1.301129,0.000000,0.865881,0.781250
1755158257833,0.672571,0.810204,0.762857,1.300282,0.000000,0.866332,0.782227
1755158257861,0.671842,0.810640,0.762657,1.300059,0.000000,0.866768,0.792969
1755158257898,0.672060,0.810435,0.763180,1.300351,0.000000,0.866562,0.788086
1755158257924,0.672318,0.810243,0.763477,1.300540,0.000000,0.866371,0.789795
1755158257955,0.673755,0.809246,0.764707,1.301384,0.000000,0.865374,0.780518
1755158257984,0.673211,0.809710,0.763717,1.300810,0.000000,0.865838,0.781738
1755158258013,0.672587,0.810081,0.763565,1.300629,0.000000,0.866208,0.776855
1755158258045,0.671181,0.811011,0.762616,1.299926,0.000000,0.867138,0.789307
1755158258074,0.672472,0.810068,0.764032,1.300836,0.000000,0.866196,0.781738
1755158258102,0.672623,0.809868,0.764746,1.301208,0.000000,0.865995,0.791504
1755158258132,0.673375,0.809564,0.764051,1.301001,0.000000,0.865692,0.760742
1755158258162,0.673912,0.809099,0.765073,1.301589,0.000000,0.865226,0.761475
1755158258192,0.672768,0.809903,0.764037,1.300889,0.000000,0.866031,0.797119
1755158258223,0.672416,0.809984,0.764733,1.301167,0.000000,0.866112,0.762695
1755158258253,0.674414,0.808731,0.765606,1.301935,0.000000,0.864859,0.755371
1755158258285,0.674009,0.809208,0.764078,1.301123,0.000000,0.865336,0.756104
1755158258312,0.672833,0.810038,0.762985,1.300390,0.000000,0.866166,0.753662
1755158258342,0.673489,0.809429,0.764495,1.301236,0.000000,0.865556,0.762451
1755158258377,0.672144,0.810258,0.763983,1.300755,0.000000,0.866385,0.771240
1755158258405,0.672627,0.810121,0.763179,1.300448,0.000000,0.866249,0.760010
1755158258432,0.673239,0.809630,0.764113,1.301007,0.000000,0.865757,0.756592
1755158258462,0.672861,0.809802,0.764343,1.301054,0.000000,0.865930,0.779297
1755158258493,0.673475,0.809440,0.764475,1.301224,0.000000,0.865567,0.759521
1755158258524,0.673011,0.809679,0.764582,1.301196,0.000000,0.865807,0.767822
1755158258554,0.672842,0.809763,0.764643,1.301196,0.000000,0.865891,0.763672
1755158258583,0.673530,0.809491,0.763972,1.300989,0.000000,0.865619,0.751709
1755158258611,0.673190,0.809524,0.764923,1.301392,0.000000,0.865652,0.753906
1755158258643,0.673617,0.809348,0.764551,1.301285,0.000000,0.865476,0.769775
1755158258673,0.673147,0.809709,0.763939,1.300907,0.000000,0.865837,0.764648
1755158258705,0.673046,0.809823,0.763587,1.300719,0.000000,0.865951,0.779053
1755158258733,0.671731,0.810624,0.763134,1.300272,0.000000,0.866752,0.752197
1755158258765,0.673191,0.809669,0.764036,1.300961,0.000000,0.865797,0.782959
1755158258793,0.674000,0.809148,0.764473,1.301313,0.000000,0.865276,0.748779
1755158258825,0.672259,0.810282,0.763441,1.300512,0.000000,0.866410,0.794922
1755158258854,0.671732,0.810727,0.762490,1.299959,0.000000,0.866855,0.761475
1755158258883,0.672366,0.810163,0.763810,1.300710,0.000000,0.866290,0.773438
1755158258914,0.672994,0.809913,0.763207,1.300525,0.000000,0.866041,0.761475
1755158258945,0.673779,0.809419,0.763570,1.300837,0.000000,0.865547,0.764404
1755158258977,0.671539,0.810726,0.763156,1.300249,0.000000,0.866854,0.778809
1755158259004,0.672239,0.810253,0.763685,1.300627,0.000000,0.866381,0.771729
1755158259033,0.672568,0.810071,0.763692,1.300687,0.000000,0.866198,0.773438
1755158259064,0.672476,0.810243,0.762944,1.300308,0.000000,0.866370,0.766602
1755158259094,0.671642,0.810610,0.763524,1.300446,0.000000,0.866737,0.762695
1755158259126,0.671664,0.810631,0.763316,1.300349,0.000000,0.866759,0.783691
1755158259154,0.672176,0.810275,0.763764,1.300654,0.000000,0.866403,0.761963
1755158259184,0.673117,0.809638,0.764476,1.301162,0.000000,0.865766,0.752930
1755158259213,0.672447,0.810036,0.764311,1.300967,0.000000,0.866164,0.775391
1755158259244,0.672606,0.809841,0.764963,1.301311,0.000000,0.865969,0.780273
1755158259277,0.672774,0.810013,0.763346,1.300555,0.000000,0.866140,0.769043
1755158259305,0.671181,0.810878,0.763436,1.300324,0.000000,0.867006,0.777588
1755158259334,0.671965,0.810514,0.763016,1.300255,0.000000,0.866641,0.764404
1755158259364,0.671532,0.810668,0.763542,1.300436,0.000000,0.866795,0.783447
1755158259394,0.672111,0.810423,0.763073,1.300308,0.000000,0.866551,0.780273
1755158259429,0.672666,0.810008,0.763738,1.300727,0.000000,0.866136,0.749023
1755158259457,0.672073,0.810562,0.762346,1.299948,0.000000,0.866690,0.758789
1755158259484,0.670886,0.811282,0.761943,1.299548,0.000000,0.867409,0.774902
1755158259513,0.672647,0.810075,0.763394,1.300556,0.000000,0.866203,0.754395
1755158259545,0.672285,0.810341,0.762993,1.300299,0.000000,0.866468,0.765381
1755158259577,0.671853,0.810599,0.762871,1.300165,0.000000,0.866726,0.781494
1755158259606,0.669291,0.812390,0.760495,1.298568,0.000000,0.868518,0.769287
1755158259636,0.672286,0.810356,0.762893,1.300250,0.000000,0.866484,0.753174
1755158259665,0.671918,0.810485,0.763348,1.300408,0.000000,0.866613,0.748047
1755158259695,0.672957,0.809818,0.763918,1.300864,0.000000,0.865946,0.758301
1755158259728,0.672183,0.810317,0.763485,1.300520,0.000000,0.866444,0.760010
1755158259756,0.672141,0.810413,0.763038,1.300296,0.000000,0.866541,0.757080
1755158259786,0.672672,0.810131,0.762966,1.300352,0.000000,0.866258,0.771973
1755158259815,0.671006,0.810988,0.763350,1.300252,0.000000,0.867116,0.752441
1755158259845,0.671709,0.810541,0.763721,1.300553,0.000000,0.866668,0.775635
1755158259879,0.672512,0.810277,0.762610,1.300152,0.000000,0.866405,0.777832
1755158259908,0.671884,0.810629,0.762579,1.300029,0.000000,0.866757,0.764160
1755158259935,0.672255,0.810296,0.763372,1.300478,0.000000,0.866423,0.776611
1755158259966,0.671765,0.810542,0.763521,1.300466,0.000000,0.866670,0.767578
1755158259995,0.672290,0.810250,0.763530,1.300560,0.000000,0.866378,0.760986
1755158260027,0.672863,0.809850,0.764043,1.300908,0.000000,0.865978,0.760742
1755158260056,0.671583,0.810631,0.763591,1.300468,0.000000,0.866759,0.782959
1755158260085,0.671935,0.810602,0.762572,1.300034,0.000000,0.866730,0.758789
1755158260115,0.671943,0.810539,0.762934,1.300211,0.000000,0.866667,0.753418
1755158260146,0.672640,0.810201,0.762641,1.300189,0.000000,0.866329,0.750244
1755158260180,0.671766,0.810731,0.762352,1.299898,0.000000,0.866858,0.782471
1755158260207,0.671928,0.810544,0.762956,1.300219,0.000000,0.866671,0.771240
1755158260237,0.671167,0.810926,0.763186,1.300200,0.000000,0.867054,0.777832
1755158260266,0.671575,0.810790,0.762636,1.300003,0.000000,0.866918,0.761719
1755158260296,0.672206,0.810322,0.763377,1.300472,0.000000,0.866449,0.766846
1755158260328,0.671907,0.810426,0.763748,1.300601,0.000000,0.866554,0.766846
1755158260358,0.673616,0.809360,0.764483,1.301252,0.000000,0.865488,0.760498
1755158260389,0.671485,0.810650,0.763809,1.300557,0.000000,0.866777,0.764893
1755158260417,0.670734,0.811230,0.762784,1.299930,0.000000,0.867358,0.767334
1755158260447,0.670916,0.810933,0.763995,1.300550,0.000000,0.867061,0.765625
1755158260480,0.671962,0.810502,0.763102,1.300296,0.000000,0.866629,0.749756
1755158260507,0.671307,0.811162,0.761246,1.299281,0.000000,0.867289,0.754395
1755158260536,0.672854,0.810080,0.762656,1.300234,0.000000,0.866208,0.743408
1755158260569,0.671794,0.810541,0.763426,1.300424,0.000000,0.866669,0.746094
1755158260597,0.672187,0.810387,0.763038,1.300304,0.000000,0.866515,0.755859
1755158260629,0.669740,0.811732,0.763059,1.299892,0.000000,0.867860,0.745605
1755158260658,0.672322,0.810297,0.763135,1.300374,0.000000,0.866425,0.735107
1755158260689,0.671897,0.810536,0.763111,1.300289,0.000000,0.866663,0.741455
1755158260719,0.670918,0.811124,0.762812,1.299976,0.000000,0.867252,0.753906
1755158260749,0.671446,0.810682,0.763742,1.300518,0.000000,0.866810,0.761719
1755158260781,0.670575,0.811442,0.762008,1.299526,0.000000,0.867570,0.758789
1755158260809,0.671439,0.810889,0.762489,1.299908,0.000000,0.867017,0.759033
1755158260837,0.671295,0.810840,0.763281,1.300268,0.000000,0.866968,0.767090
1755158260868,0.670961,0.811023,0.763292,1.300216,0.000000,0.867150,0.760742
1755158260898,0.669767,0.811791,0.762601,1.299675,0.000000,0.867919,0.768311
1755158260930,0.672679,0.810096,0.763158,1.300447,0.000000,0.866224,0.753418
1755158260960,0.670413,0.811466,0.762417,1.299696,0.000000,0.867594,0.754150
1755158260988,0.670794,0.811265,0.762362,1.299735,0.000000,0.867393,0.756348
1755158261017,0.671220,0.810977,0.762697,1.299972,0.000000,0.867104,0.762207
1755158261046,0.670213,0.811734,0.761434,1.299184,0.000000,0.867862,0.766357
1755158261079,0.671970,0.810420,0.763577,1.300528,0.000000,0.866547,0.745850
1755158261109,0.671590,0.810794,0.762561,1.299969,0.000000,0.866922,0.758789
1755158261139,0.672135,0.810456,0.762795,1.300177,0.000000,0.866583,0.733398
1755158261167,0.671621,0.810716,0.762937,1.300157,0.000000,0.866844,0.754395
1755158261198,0.671653,0.810742,0.762672,1.300034,0.000000,0.866869,0.768311
1755158261231,0.671362,0.811021,0.761936,1.299626,0.000000,0.867149,0.752441
1755158261259,0.669857,0.812056,0.760644,1.298738,0.000000,0.868183,0.767578
1755158261289,0.670078,0.811764,0.761709,1.299295,0.000000,0.867891,0.748291
1755158261321,0.670711,0.811161,0.763289,1.300171,0.000000,0.867289,0.759277
1755158261348,0.671204,0.811041,0.762352,1.299801,0.000000,0.867168,0.750732
1755158261380,0.671788,0.810668,0.762663,1.300053,0.000000,0.866796,0.755615
1755158261411,0.672342,0.810266,0.763260,1.300438,0.000000,0.866393,0.740479
1755158261440,0.671954,0.810418,0.763641,1.300557,0.000000,0.866546,0.726807
1755158261468,0.671935,0.810459,0.763454,1.300462,0.000000,0.866587,0.756104
1755158261498,0.671394,0.810790,0.763258,1.300274,0.000000,0.866917,0.761475
1755158261532,0.671665,0.810790,0.762331,1.299870,0.000000,0.866918,0.742432
1755158261561,0.671858,0.810442,0.763820,1.300627,0.000000,0.866570,0.764648
1755158261589,0.671597,0.810649,0.763433,1.300394,0.000000,0.866777,0.757568
1755158261619,0.672220,0.810375,0.763001,1.300292,0.000000,0.866503,0.761475
1755158261650,0.671251,0.811003,0.762428,1.299846,0.000000,0.867130,0.764404
1755158261683,0.671401,0.810882,0.762664,1.299986,0.000000,0.867010,0.760498
1755158261711,0.671193,0.810918,0.763149,1.300186,0.000000,0.867046,0.772461
1755158261739,0.671825,0.810576,0.763109,1.300276,0.000000,0.866703,0.764404
1755158261770,0.672535,0.810247,0.762719,1.300209,0.000000,0.866375,0.752686
1755158261800,0.672042,0.810415,0.763363,1.300436,0.000000,0.866542,0.761719
1755158261830,0.671782,0.810660,0.762734,1.300086,0.000000,0.866788,0.763916
1755158261861,0.671245,0.811071,0.762022,1.299648,0.000000,0.867199,0.753662
1755158261889,0.671672,0.810867,0.761828,1.299627,0.000000,0.866995,0.743652
1755158261920,0.670886,0.811355,0.761487,1.299326,0.000000,0.867483,0.759521
1755158261949,0.671686,0.810785,0.762287,1.299853,0.000000,0.866913,0.755859
1755158261981,0.671705,0.810652,0.763052,1.300227,0.000000,0.866779,0.751709
1755158262013,0.670904,0.811086,0.763097,1.300111,0.000000,0.867214,0.766113
1755158262042,0.671378,0.810877,0.762773,1.300035,0.000000,0.867005,0.765869
1755158262071,0.671478,0.810918,0.762175,1.299762,0.000000,0.867046,0.765869
1755158262100,0.671308,0.810930,0.762685,1.299981,0.000000,0.867057,0.760010
1755158262135,0.672032,0.810504,0.762844,1.300183,0.000000,0.866632,0.754639
1755158262164,0.671160,0.810968,0.762955,1.300086,0.000000,0.867095,0.763672
1755158262191,0.671939,0.810443,0.763537,1.300504,0.000000,0.866571,0.755127
1755158262220,0.670748,0.811275,0.762460,1.299775,0.000000,0.867402,0.754395
1755158262251,0.671561,0.810729,0.763064,1.300208,0.000000,0.866857,0.761963
1755158262282,0.671275,0.811100,0.761745,1.299518,0.000000,0.867227,0.772949
1755158262313,0.671346,0.811150,0.761188,1.299260,0.000000,0.867277,0.759766
1755158262342,0.671996,0.810643,0.762113,1.299822,0.000000,0.866770,0.766602
1755158262373,0.670415,0.811560,0.761824,1.299409,0.000000,0.867688,0.764404
1755158262401,0.670915,0.811192,0.762401,1.299775,0.000000,0.867320,0.762207
1755158262436,0.670563,0.811500,0.761691,1.299369,0.000000,0.867628,0.774658
1755158262463,0.669637,0.812094,0.761158,1.298951,0.000000,0.868222,0.771484
1755158262493,0.670812,0.811189,0.762772,1.299938,0.000000,0.867317,0.769043
1755158262521,0.672061,0.810448,0.763094,1.300309,0.000000,0.866575,0.768066
1755158262552,0.671563,0.810735,0.763020,1.300187,0.000000,0.866863,0.776611
1755158262582,0.671598,0.810766,0.762711,1.300044,0.000000,0.866893,0.768311
1755158262612,0.670736,0.811313,0.762265,1.299678,0.000000,0.867440,0.760498
1755158262641,0.671196,0.810906,0.763215,1.300219,0.000000,0.867033,0.763428
1755158262671,0.671624,0.810803,0.762389,1.299892,0.000000,0.866931,0.771729
1755158262701,0.670770,0.811221,0.762717,1.299904,0.000000,0.867349,0.771973
1755158262733,0.671182,0.811082,0.762174,1.299711,0.000000,0.867209,0.742432
1755158262763,0.670567,0.811501,0.761671,1.299360,0.000000,0.867629,0.770264
1755158262792,0.670126,0.811768,0.761519,1.299210,0.000000,0.867896,0.770752
1755158262823,0.670011,0.811933,0.760883,1.298881,0.000000,0.868061,0.755859
1755158262851,0.670969,0.811069,0.762981,1.300066,0.000000,0.867196,0.771484
1755158262882,0.670877,0.811249,0.762180,1.299661,0.000000,0.867377,0.778076
1755158262914,0.672251,0.810377,0.762883,1.300240,0.000000,0.866505,0.765869
1755158262942,0.671529,0.810926,0.761953,1.299663,0.000000,0.867054,0.772217
1755158262973,0.670872,0.811139,0.762875,1.299998,0.000000,0.867267,0.762451
1755158263003,0.671773,0.810664,0.762741,1.300088,0.000000,0.866792,0.776367
1755158263033,0.671335,0.810943,0.762507,1.299899,0.000000,0.867071,0.751465
1755158263064,0.672596,0.810148,0.763121,1.300415,0.000000,0.866276,0.768799
1755158263094,0.671714,0.810703,0.762700,1.300058,0.000000,0.866831,0.749512
1755158263123,0.670932,0.811134,0.762704,1.299925,0.000000,0.867262,0.776123
1755158263152,0.671038,0.811183,0.762036,1.299619,0.000000,0.867311,0.764893
1755158263184,0.670660,0.811379,0.762111,1.299590,0.000000,0.867507,0.762451
1755158263214,0.671152,0.810982,0.762892,1.300054,0.000000,0.867110,0.763428
1755158263243,0.670089,0.811871,0.761000,1.298952,0.000000,0.867999,0.767822
1755158263272,0.670461,0.811436,0.762440,1.299716,0.000000,0.867564,0.764160
1755158263303,0.669634,0.812109,0.761075,1.298910,0.000000,0.868237,0.758789
1755158263334,0.670636,0.811274,0.762848,1.299944,0.000000,0.867402,0.769775
1755158263365,0.670620,0.811342,0.762481,1.299763,0.000000,0.867470,0.764648
1755158263394,0.670653,0.811460,0.761629,1.299355,0.000000,0.867588,0.760498
1755158263424,0.670929,0.811322,0.761544,1.299361,0.000000,0.867450,0.760254
1755158263453,0.670331,0.811599,0.761869,1.299416,0.000000,0.867727,0.760986
1755158263483,0.670801,0.811245,0.762461,1.299785,0.000000,0.867373,0.762695
1755158263515,0.669755,0.812096,0.760743,1.298769,0.000000,0.868223,0.756348
1755158263547,0.671437,0.810945,0.762151,1.299744,0.000000,0.867072,0.759766
1755158263573,0.669822,0.812015,0.761021,1.298916,0.000000,0.868142,0.767090
1755158263604,0.670993,0.811277,0.761607,1.299402,0.000000,0.867405,0.762695
1755158263634,0.669808,0.811826,0.762246,1.299509,0.000000,0.867953,0.767090
1755158263665,0.671033,0.810998,0.763199,1.300183,0.000000,0.867126,0.767090
1755158263693,0.671033,0.811007,0.763147,1.300158,0.000000,0.867134,0.734619
1755158263725,0.668809,0.812460,0.761707,1.299074,0.000000,0.868588,0.777100
1755158263753,0.671347,0.810850,0.763047,1.300163,0.000000,0.866978,0.756104
1755158263785,0.669977,0.811916,0.761110,1.298986,0.000000,0.868043,0.754639
1755158263815,0.670690,0.811413,0.761799,1.299444,0.000000,0.867541,0.762695
1755158263845,0.671114,0.811131,0.762099,1.299663,0.000000,0.867259,0.756836
1755158263874,0.670538,0.811383,0.762506,1.299761,0.000000,0.867510,0.761719
1755158263905,0.670048,0.811693,0.762253,1.299554,0.000000,0.867821,0.752441
1755158263935,0.669979,0.811877,0.761345,1.299100,0.000000,0.868004,0.756348
1755158263966,0.669857,0.812182,0.759849,1.298352,0.000000,0.868309,0.745605
1755158263995,0.670112,0.811760,0.761617,1.299255,0.000000,0.867888,0.760498
1755158264024,0.670635,0.811285,0.762783,1.299912,0.000000,0.867412,0.767578
1755158264054,0.669706,0.811855,0.762413,1.299573,0.000000,0.867982,0.749268
1755158264085,0.671003,0.811095,0.762708,1.299939,0.000000,0.867222,0.755127
1755158264118,0.670269,0.811626,0.761916,1.299428,0.000000,0.867754,0.752930
1755158264145,0.670623,0.811278,0.762866,1.299950,0.000000,0.867406,0.772217
1755158264174,0.670432,0.811551,0.761822,1.299410,0.000000,0.867679,0.758545
1755158264205,0.670273,0.811612,0.761987,1.299463,0.000000,0.867740,0.766846
1755158264237,0.670727,0.811362,0.761986,1.299541,0.000000,0.867490,0.758789
1755158264268,0.670551,0.811400,0.762354,1.299690,0.000000,0.867528,0.747803
1755158264295,0.669484,0.812096,0.761677,1.299176,0.000000,0.868223,0.755859
1755158264325,0.671715,0.810581,0.763449,1.300422,0.000000,0.866709,0.764404
1755158264355,0.671297,0.810717,0.764032,1.300633,0.000000,0.866845,0.774170
1755158264387,0.671088,0.811036,0.762778,1.299988,0.000000,0.867164,0.760254
1755158264422,0.671237,0.811000,0.762494,1.299876,0.000000,0.867128,0.763428
1755158264447,0.670890,0.811254,0.762103,1.299626,0.000000,0.867381,0.761719
1755158264476,0.671610,0.810679,0.763206,1.300286,0.000000,0.866806,0.756348
1755158264538,0.671114,0.811120,0.762168,1.299696,0.000000,0.867248,0.760742
1755158264566,0.671074,0.811009,0.762992,1.300089,0.000000,0.867137,0.762695
1755158264598,0.671202,0.810847,0.763555,1.300385,0.000000,0.866975,0.742676
1755158264626,0.671829,0.810659,0.762580,1.300020,0.000000,0.866787,0.760986
1755158264656,0.671209,0.810957,0.762855,1.300046,0.000000,0.867084,0.758789
1755158264687,0.670523,0.811499,0.761834,1.299432,0.000000,0.867627,0.759033
1755158264716,0.671740,0.810470,0.764052,1.300719,0.000000,0.866597,0.737305
1755158264747,0.671445,0.810813,0.762938,1.300127,0.000000,0.866941,0.762207
1755158264776,0.670316,0.811553,0.762210,1.299579,0.000000,0.867680,0.770996
1755158264805,0.670625,0.811488,0.761558,1.299315,0.000000,0.867615,0.763916
1755158264838,0.671598,0.810793,0.762543,1.299962,0.000000,0.866920,0.767090
1755158264870,0.671737,0.810642,0.763001,1.300208,0.000000,0.866770,0.773193
1755158264898,0.671566,0.810742,0.762966,1.300162,0.000000,0.866870,0.761230
1755158264927,0.670962,0.811028,0.763258,1.300199,0.000000,0.867156,0.757080
1755158264956,0.670435,0.811360,0.762997,1.299982,0.000000,0.867488,0.762695
1755158264988,0.670440,0.811289,0.763418,1.300187,0.000000,0.867416,0.757568
1755158265020,0.670418,0.811507,0.762147,1.299566,0.000000,0.867634,0.756592
1755158265050,0.671628,0.810677,0.763155,1.300264,0.000000,0.866805,0.773926
1755158265076,0.672147,0.810516,0.762378,1.299976,-0.000102,0.866644,0.754150
1755158265111,0.671373,0.811017,0.761922,1.299622,0.000672,0.867144,0.762695
1755158265139,0.671586,0.810860,0.762170,1.299778,0.000460,0.866987,0.758057
1755158265169,0.671874,0.810677,0.762320,1.299901,0.000172,0.866804,0.762451
1755158265197,0.671440,0.810869,0.762608,1.299966,0.000605,0.866997,0.767090
1755158265228,0.671761,0.810669,0.762753,1.300092,0.000284,0.866796,0.762451
1755158265256,0.671550,0.810793,0.762704,1.300032,0.000495,0.866921,0.772217
1755158265289,0.670303,0.811735,0.761116,1.299045,0.001743,0.867863,0.771484
1755158265321,0.670046,0.811926,0.760802,1.298848,0.001999,0.868054,0.750977
1755158265354,0.670303,0.811602,0.761948,1.299449,0.001743,0.867730,0.765625
1755158265378,0.671684,0.810610,0.763380,1.300383,0.000361,0.866737,0.778320
1755158265409,0.670004,0.811680,0.762487,1.299660,0.002042,0.867807,0.759033
1755158265438,0.670174,0.811523,0.762879,1.299880,0.001872,0.867650,0.758057
1755158265480,0.669520,0.811946,0.762481,1.299574,0.002525,0.868074,0.749512
1755158265499,0.670222,0.811630,0.762051,1.299485,0.001824,0.867758,0.773193
1755158265527,0.670760,0.811346,0.761976,1.299542,0.001285,0.867473,0.760986
1755158265558,0.670446,0.811656,0.761120,1.299072,0.001600,0.867784,0.769287
1755158265592,0.670776,0.811365,0.761805,1.299462,0.001270,0.867492,0.784424
1755158265621,0.671092,0.811104,0.762343,1.299777,0.000953,0.867232,0.775879
1755158265650,0.671112,0.811072,0.762473,1.299844,0.000933,0.867200,0.772705
1755158265681,0.671253,0.811002,0.762427,1.299846,0.000792,0.867129,0.777832
1755158265709,0.670410,0.811529,0.762039,1.299512,0.001636,0.867656,0.760498
1755158265738,0.670139,0.811632,0.762319,1.299601,0.001906,0.867760,0.764160
1755158265771,0.669709,0.812048,0.761202,1.298984,0.002337,0.868176,0.763916
1755158265799,0.669920,0.811822,0.761888,1.299354,0.002125,0.867950,0.760986
1755158265831,0.670741,0.811280,0.762454,1.299771,0.001305,0.867407,0.769287
1755158265859,0.670083,0.811689,0.762161,1.299515,0.001962,0.867816,0.757080
1755158265889,0.670587,0.811426,0.762075,1.299560,0.001459,0.867553,0.767822
1755158265921,0.670494,0.811548,0.761627,1.299327,0.001551,0.867676,0.761230
1755158265951,0.670941,0.811185,0.762357,1.299758,0.001104,0.867313,0.754150
1755158265979,0.671119,0.811021,0.762765,1.299987,0.000927,0.867149,0.763916
1755158266008,0.670889,0.811086,0.763144,1.300132,0.001157,0.867214,0.722900
1755158266039,0.671707,0.810600,0.763363,1.300379,0.000339,0.866727,0.749268
1755158266073,0.671572,0.810678,0.763339,1.300344,0.000474,0.866806,0.765137
1755158266100,0.671313,0.810938,0.762617,1.299949,0.000732,0.867066,0.768311
1755158266131,0.672265,0.810263,0.763540,1.300561,-0.000219,0.866390,0.755859
1755158266159,0.671177,0.811080,0.762201,1.299723,0.000869,0.867208,0.741455
1755158266193,0.670051,0.811618,0.762706,1.299774,0.001995,0.867746,0.735840
1755158266223,0.670705,0.811167,0.763272,1.300162,0.001340,0.867294,0.754150
1755158266251,0.670139,0.811623,0.762376,1.299629,0.001906,0.867751,0.750000
1755158266282,0.671002,0.810916,0.763806,1.300473,0.001043,0.867044,0.767090
1755158266309,0.671129,0.811054,0.762525,1.299872,0.000916,0.867182,0.759277
1755158266343,0.671135,0.811226,0.761439,1.299345,0.000910,0.867353,0.757568
1755158266374,0.671558,0.810792,0.762685,1.300024,0.000488,0.866920,0.769531
1755158266400,0.671362,0.811031,0.761869,1.299594,0.000683,0.867159,0.768311
1755158266431,0.671341,0.811266,0.760476,1.298913,0.000704,0.867393,0.777344
1755158266460,0.670855,0.812016,0.757408,1.297337,0.001191,0.868144,0.786621
1755158266489,0.670699,0.812486,0.754913,1.296096,0.001347,0.868613,0.795654
1755158266523,0.671236,0.812930,0.749968,1.293779,0.000809,0.869058,0.798584
1755158266550,0.666857,0.816034,0.745018,1.290605,0.005189,0.872162,0.796143
1755158266583,0.663412,0.818489,0.740711,1.287902,0.008634,0.874617,0.773438
1755158266611,0.661662,0.819848,0.737552,1.286053,0.010384,0.875976,0.756592
1755158266640,0.661605,0.820279,0.734463,1.284529,0.010440,0.876406,0.773682
1755158266672,0.658403,0.822843,0.727497,1.280553,0.013642,0.878970,0.768555
1755158266701,0.655090,0.825450,0.720001,1.276288,0.016956,0.881577,0.742432
1755158266730,0.652314,0.827189,0.717329,1.274487,0.019731,0.883317,0.754395
1755158266760,0.649606,0.828978,0.713649,1.272198,0.022439,0.885105,0.759521
1755158266791,0.647344,0.830260,0.712486,1.271228,0.024701,0.886387,0.720215
1755158266825,0.647099,0.830742,0.708892,1.269408,0.024946,0.886870,0.667480
1755158266853,0.648267,0.830158,0.708747,1.269541,0.023779,0.886286,0.656494
1755158266879,0.644956,0.832227,0.704777,1.266997,0.027090,0.888354,0.645752
1755158266909,0.644301,0.832937,0.700596,1.264809,0.027745,0.889065,0.673340
1755158266941,0.643488,0.833939,0.693548,1.261167,0.028557,0.890067,0.607666
1755158266972,0.645614,0.833128,0.690124,1.259837,0.026432,0.889256,0.609375
1755158267003,0.645239,0.833470,0.688105,1.258767,0.026807,0.889597,0.578369
1755158267032,0.646780,0.832648,0.688597,1.259283,0.025265,0.888776,0.583984
1755158267062,0.648338,0.831497,0.693202,1.261847,0.023707,0.887625,0.619385
1755158267095,0.651344,0.829706,0.696190,1.263860,0.020702,0.885833,0.635742
1755158267125,0.652686,0.828744,0.699326,1.265651,0.019360,0.884872,0.669922
1755158267152,0.656533,0.826398,0.703109,1.268200,0.015513,0.882526,0.641846
1755158267180,0.654784,0.826314,0.713410,1.272985,0.017262,0.882441,0.624023
1755158267211,0.655066,0.825961,0.715378,1.274005,0.016979,0.882089,0.623047
1755158267248,0.661697,0.821567,0.723451,1.279139,0.010349,0.877694,0.623291
1755158267273,0.664351,0.819800,0.726403,1.281052,0.007695,0.875927,0.668457
1755158267303,0.668487,0.816917,0.731693,1.284369,0.003558,0.873045,0.723877
1755158267331,0.672884,0.813844,0.736873,1.287671,-0.000839,0.869971,0.753174
1755158267362,0.673763,0.812417,0.743813,1.291215,-0.001718,0.868545,0.767334
1755158267392,0.675071,0.811121,0.747830,1.293402,-0.003025,0.867249,0.796631
1755158267425,0.675780,0.809964,0.752995,1.296041,-0.003735,0.866092,0.807129
1755158267453,0.676113,0.809427,0.755308,1.297225,-0.004068,0.865555,0.803467
1755158267483,0.674809,0.809810,0.757531,1.298080,-0.002763,0.865937,0.774414
1755158267512,0.675553,0.808763,0.761525,1.300150,-0.003507,0.864891,0.795654
1755158267545,0.676837,0.808072,0.761360,1.300292,-0.004791,0.864200,0.799072
1755158267574,0.675937,0.808587,0.761284,1.300099,-0.003892,0.864715,0.795166
1755158267603,0.675738,0.808715,0.761179,1.300014,-0.003692,0.864843,0.797607
1755158267633,0.674687,0.809303,0.761163,1.299824,-0.002642,0.865431,0.783936
1755158267662,0.674286,0.810012,0.758094,1.298264,-0.002240,0.866140,0.800293
1755158267692,0.675445,0.809622,0.756459,1.297669,-0.003399,0.865750,0.791748
1755158267724,0.674643,0.810537,0.753395,1.296039,-0.002598,0.866664,0.795410
1755158267754,0.674520,0.811030,0.750547,1.294631,-0.002475,0.867158,0.783936
1755158267782,0.671780,0.813159,0.746314,1.292092,0.000266,0.869287,0.782715
1755158267811,0.669826,0.814999,0.740795,1.289057,0.002220,0.871127,0.771484
1755158267846,0.668593,0.816374,0.735505,1.286254,0.003453,0.872502,0.745361
1755158267875,0.667574,0.817415,0.731682,1.284204,0.004472,0.873542,0.734375
1755158267905,0.668319,0.818067,0.722868,1.280008,0.003727,0.874195,0.684814
1755158267933,0.664597,0.820738,0.716943,1.276443,0.007449,0.876866,0.638672
1755158267962,0.660948,0.823302,0.711056,1.272902,0.011097,0.879430,0.600098
1755158267993,0.656429,0.826046,0.707439,1.270324,0.015616,0.882174,0.586914
1755158268025,0.653681,0.827956,0.702375,1.267336,0.018364,0.884084,0.640869
1755158268057,0.649579,0.830822,0.693673,1.262300,0.022467,0.886950,0.609375
1755158268084,0.645982,0.832825,0.691627,1.260650,0.026064,0.888953,0.598145
1755158268113,0.645024,0.834017,0.681858,1.255616,0.027021,0.890145,0.502319
1755158268144,0.645103,0.834039,0.680924,1.255164,0.026942,0.890167,0.496338
1755158268174,0.643244,0.835139,0.678453,1.253602,0.028802,0.891267,0.484131
1755158268204,0.642842,0.835031,0.683203,1.255902,0.029204,0.891159,0.493164
1755158268234,0.644877,0.833675,0.687813,1.258558,0.027168,0.889802,0.685547
1755158268262,0.645130,0.833764,0.684785,1.257094,0.026915,0.889891,0.494141
1755158268293,0.647604,0.832335,0.687142,1.258704,0.024441,0.888462,0.515747
1755158268325,0.646223,0.832988,0.687845,1.258811,0.025822,0.889116,0.544434
1755158268356,0.644601,0.833374,0.693569,1.261372,0.027445,0.889502,0.516113
1755158268385,0.646997,0.831786,0.698031,1.264009,0.025049,0.887913,0.581299
1755158268414,0.648323,0.830808,0.701463,1.265944,0.023722,0.886935,0.596191
1755158268444,0.653790,0.827158,0.710196,1.271224,0.018256,0.883285,0.608887
1755158268475,0.662641,0.822077,0.714209,1.274753,0.009405,0.878204,0.678955
1755158268505,0.666983,0.819072,0.720389,1.278556,0.005063,0.875200,0.704102
1755158268537,0.670885,0.816310,0.725929,1.281960,0.001161,0.872438,0.713135
1755158268564,0.674293,0.813906,0.730287,1.284692,-0.002248,0.870034,0.719971
1755158268594,0.676484,0.811936,0.736210,1.287974,-0.004438,0.868064,0.767578
1755158268625,0.677514,0.810851,0.740047,1.290029,-0.005468,0.866978,0.786865
1755158268656,0.678054,0.809759,0.745728,1.292895,-0.006009,0.865887,0.777588
1755158268685,0.677884,0.809118,0.750796,1.295335,-0.005838,0.865245,0.793945
1755158268715,0.679679,0.808033,0.751310,1.295897,-0.007634,0.864161,0.771484
1755158268747,0.679974,0.807321,0.754920,1.297705,-0.007929,0.863449,0.774414
1755158268776,0.681577,0.806162,0.756564,1.298781,-0.009531,0.862290,0.761230
1755158268806,0.679459,0.807490,0.755706,1.297998,-0.007414,0.863618,0.772461
1755158268836,0.679127,0.807743,0.755283,1.297734,-0.007081,0.863870,0.772705
1755158268865,0.678529,0.808546,0.752205,1.296133,-0.006484,0.864674,0.786377
1755158268895,0.679324,0.808106,0.752162,1.296250,-0.007279,0.864233,0.781006
1755158268927,0.678936,0.808878,0.748417,1.294359,-0.006890,0.865005,0.771729
1755158268957,0.676350,0.810673,0.745995,1.292729,-0.004305,0.866801,0.785156
1755158268986,0.675043,0.811940,0.742137,1.290619,-0.002998,0.868068,0.769043
1755158269015,0.671590,0.814681,0.735918,1.286978,0.000455,0.870808,0.735352
1755158269045,0.667847,0.817750,0.727746,1.282321,0.004199,0.873877,0.703613
1755158269078,0.665682,0.819395,0.723737,1.279975,0.006363,0.875522,0.721436
1755158269107,0.667758,0.819104,0.716263,1.276662,0.004288,0.875232,0.677002
1755158269141,0.666900,0.820160,0.710573,1.273708,0.005146,0.876287,0.651611
1755158269166,0.658657,0.824805,0.708141,1.271061,0.013389,0.880933,0.605225
1755158269199,0.656075,0.826557,0.703997,1.268559,0.015971,0.882685,0.564209
1755158269226,0.654214,0.827943,0.699395,1.265953,0.017832,0.884070,0.578857
1755158269259,0.651910,0.829424,0.696054,1.263892,0.020135,0.885552,0.587402
1755158269285,0.650459,0.830830,0.687677,1.259474,0.021587,0.886957,0.643799
1755158269315,0.641845,0.836069,0.674738,1.251498,0.030200,0.892197,0.540771
1755158269346,0.643076,0.835460,0.674553,1.251624,0.028969,0.891588,0.485474
1755158269377,0.647940,0.832296,0.685279,1.257836,0.024105,0.888424,0.616211
1755158269410,0.636669,0.837894,0.686434,1.256425,0.035377,0.894021,0.529541
1755158269437,0.636488,0.837869,0.688016,1.257182,0.035558,0.893997,0.528687
1755158269467,0.639573,0.836592,0.684389,1.255917,0.032473,0.892719,0.519653
1755158269496,0.641860,0.835232,0.687378,1.257810,0.030185,0.891359,0.690674
1755158269528,0.643042,0.834399,0.690552,1.259598,0.029004,0.890527,0.687256
1755158269558,0.642508,0.835163,0.683744,1.256113,0.029538,0.891290,0.543091
1755158269591,0.639905,0.836152,0.688209,1.257879,0.032140,0.892280,0.552979
1755158269620,0.642937,0.834079,0.695270,1.261925,0.029108,0.890206,0.591797
1755158269648,0.649484,0.830167,0.701962,1.266395,0.022562,0.886294,0.652588
1755158269678,0.653432,0.827224,0.711399,1.271755,0.018614,0.883352,0.637695
1755158269709,0.664410,0.820647,0.718704,1.277278,0.007636,0.876774,0.672119
1755158269738,0.667522,0.818552,0.722414,1.279646,0.004524,0.874679,0.689209
1755158269768,0.672975,0.814563,0.730862,1.284744,-0.000930,0.870690,0.739746
1755158269797,0.674164,0.813234,0.736131,1.287531,-0.002118,0.869362,0.760498
1755158269831,0.675703,0.811588,0.742036,1.290684,-0.003657,0.867716,0.788330
1755158269859,0.677698,0.809913,0.746049,1.292990,-0.005652,0.866040,0.792725
1755158269887,0.675729,0.810252,0.751266,1.295190,-0.003683,0.866379,0.784668
1755158269917,0.678128,0.807990,0.757308,1.298546,-0.006082,0.864118,0.777832
1755158269950,0.677314,0.808041,0.759883,1.299657,-0.005268,0.864169,0.761475
1755158269979,0.677276,0.808066,0.759860,1.299639,-0.005230,0.864194,0.791016
1755158270009,0.677815,0.808060,0.757985,1.298821,-0.005770,0.864187,0.785645
1755158270036,0.676452,0.808594,0.759440,1.299292,-0.004407,0.864721,0.778809
1755158270069,0.677521,0.808390,0.756928,1.298256,-0.005476,0.864517,0.771484
1755158270098,0.676015,0.809783,0.753328,1.296244,-0.003970,0.865911,0.776367
1755158270129,0.674878,0.810862,0.750342,1.294593,-0.002832,0.866990,0.782471
1755158270161,0.675733,0.810687,0.748287,1.293740,-0.003687,0.866815,0.788574
1755158270188,0.674300,0.811979,0.744821,1.291800,-0.002254,0.868106,0.769531
1755158270217,0.671353,0.814341,0.739470,1.288675,0.000692,0.870468,0.760254
1755158270248,0.668609,0.816757,0.732441,1.284757,0.003437,0.872884,0.739502
1755158270281,0.667581,0.817696,0.729377,1.283075,0.004464,0.873823,0.705566
1755158270311,0.666713,0.819235,0.720242,1.278437,0.005332,0.875363,0.654785
1755158270341,0.662717,0.822117,0.713429,1.274382,0.009329,0.878244,0.615723
1755158270372,0.655579,0.826391,0.708486,1.270692,0.016467,0.882519,0.591309
1755158270398,0.653918,0.827231,0.708778,1.270546,0.018127,0.883358,0.547485
1755158270433,0.652277,0.828343,0.706086,1.268927,0.019768,0.884471,0.557373
1755158270460,0.649818,0.830482,0.696328,1.263660,0.022227,0.886609,0.576904
1755158270509,0.645646,0.833762,0.680954,1.255275,0.026400,0.889889,0.433594
1755158270527,0.642502,0.835690,0.675568,1.252029,0.029544,0.891817,0.484375
1755158270555,0.641401,0.836163,0.676908,1.252504,0.030644,0.892290,0.521851
1755158270580,0.644701,0.834120,0.682773,1.256015,0.027345,0.890248,0.557251
1755158270611,0.644429,0.833813,0.689025,1.259082,0.027617,0.889940,0.603027
1755158270642,0.642946,0.834484,0.690075,1.259344,0.029099,0.890611,0.625732
1755158270669,0.644086,0.833728,0.692396,1.260699,0.027959,0.889856,0.602051
1755158270699,0.642929,0.834286,0.692737,1.260665,0.029116,0.890414,0.569336
1755158270731,0.637114,0.837641,0.686877,1.256724,0.034932,0.893769,0.522949
1755158270764,0.640625,0.835944,0.686111,1.256961,0.031421,0.892071,0.540527
1755158270792,0.642365,0.835014,0.686868,1.257644,0.029681,0.891142,0.554077
1755158270819,0.650286,0.830695,0.690653,1.260923,0.021759,0.886823,0.609863
1755158270852,0.646044,0.832620,0.693817,1.261750,0.026002,0.888748,0.594482
1755158270881,0.646573,0.831832,0.700009,1.264917,0.025472,0.887959,0.599609
1755158270912,0.650683,0.829232,0.705417,1.268316,0.021363,0.885359,0.615479
1755158270940,0.656718,0.825309,0.713322,1.273279,0.015328,0.881436,0.612793
1755158270968,0.665808,0.819651,0.720887,1.278596,0.006237,0.875779,0.677979
1755158270999,0.669996,0.816716,0.726600,1.282134,0.002049,0.872844,0.702637
1755158271036,0.672261,0.814991,0.730581,1.284482,-0.000215,0.871118,0.702393
1755158271063,0.674141,0.813104,0.737216,1.288058,-0.002096,0.869232,0.727539
1755158271091,0.675550,0.811727,0.741644,1.290467,-0.003505,0.867854,0.732910
1755158271119,0.675749,0.810844,0.747135,1.293181,-0.003703,0.866972,0.771484
1755158271149,0.676174,0.809979,0.751433,1.295349,-0.004128,0.866107,0.774414
1755158271186,0.676310,0.809528,0.753926,1.296586,-0.004264,0.865656,0.765869
1755158271212,0.676983,0.808779,0.756358,1.297886,-0.004937,0.864907,0.772461
1755158271242,0.677057,0.808599,0.757255,1.298335,-0.005012,0.864726,0.762207
1755158271269,0.677003,0.808523,0.757933,1.298655,-0.004958,0.864650,0.771973
1755158271301,0.678190,0.808392,0.754483,1.297183,-0.006144,0.864519,0.784424
1755158271332,0.677745,0.808906,0.752732,1.296254,-0.005699,0.865034,0.783203
1755158271364,0.677273,0.809702,0.749152,1.294429,-0.005228,0.865829,0.766846
1755158271394,0.676616,0.810589,0.745538,1.292553,-0.004571,0.866717,0.754639
1755158271421,0.673666,0.812626,0.742697,1.290653,-0.001620,0.868754,0.756348
1755158271452,0.671644,0.814559,0.736622,1.287332,0.000401,0.870687,0.737793
1755158271484,0.669359,0.816294,0.732863,1.285094,0.002686,0.872422,0.713867
1755158271514,0.669313,0.816893,0.728228,1.282814,0.002732,0.873021,0.685547
1755158271541,0.668826,0.817856,0.722305,1.279821,0.003220,0.873983,0.678467
1755158271571,0.667179,0.819353,0.716865,1.276857,0.004866,0.875481,0.652588
1755158271600,0.665740,0.820620,0.712202,1.274307,0.006305,0.876748,0.616943
1755158271634,0.659773,0.824273,0.707538,1.270959,0.012272,0.880401,0.563477
1755158271664,0.655887,0.826763,0.702825,1.267946,0.016158,0.882890,0.534790
1755158271693,0.650082,0.830148,0.698666,1.264866,0.021964,0.886276,0.644287
1755158271722,0.649486,0.831196,0.689491,1.260205,0.022560,0.887323,0.605713
1755158271751,0.642598,0.834805,0.688130,1.258314,0.029448,0.890932,0.636963
1755158271786,0.644809,0.834427,0.677168,1.253237,0.027237,0.890555,0.459106
1755158271815,0.645429,0.833956,0.679662,1.254592,0.026616,0.890083,0.501465
1755158271843,0.643911,0.834506,0.682980,1.255979,0.028135,0.890634,0.508179
1755158271871,0.641760,0.835410,0.685601,1.256906,0.030286,0.891537,0.562988
1755158271905,0.640773,0.835752,0.687741,1.257799,0.031272,0.891879,0.529907
1755158271934,0.643010,0.834632,0.687655,1.258150,0.029035,0.890759,0.663574
1755158271965,0.648136,0.831604,0.693154,1.261788,0.023910,0.887732,0.586426
1755158271995,0.643945,0.834091,0.688586,1.258778,0.028101,0.890218,0.541748
1755158272028,0.645275,0.833697,0.684679,1.257067,0.026770,0.889825,0.545654
1755158272054,0.644238,0.833810,0.690346,1.259706,0.027808,0.889937,0.498535
1755158272086,0.645905,0.832473,0.696486,1.263051,0.026141,0.888601,0.561523
1755158272114,0.648321,0.830937,0.700014,1.265226,0.023725,0.887064,0.588867
1755158272142,0.656774,0.826090,0.705076,1.269216,0.015272,0.882218,0.615967
1755158272172,0.667209,0.819244,0.717727,1.277286,0.004836,0.875371,0.682373
1755158272202,0.671489,0.816531,0.721163,1.279725,0.000557,0.872659,0.680420
1755158272235,0.674593,0.814281,0.725833,1.282561,-0.002548,0.870409,0.677002
1755158272267,0.675607,0.813086,0.731036,1.285289,-0.003561,0.869213,0.702148
1755158272293,0.674621,0.813074,0.735419,1.287262,-0.002576,0.869201,0.745117
1755158272325,0.678175,0.810429,0.740429,1.290330,-0.006129,0.866557,0.727051
1755158272354,0.677283,0.810507,0.743484,1.291666,-0.005237,0.866634,0.753174
1755158272387,0.678332,0.809257,0.748139,1.294119,-0.006286,0.865384,0.762939
1755158272414,0.678052,0.809083,0.750392,1.295168,-0.006007,0.865211,0.775146
1755158272443,0.679621,0.807913,0.752334,1.296385,-0.007575,0.864041,0.774414
1755158272473,0.678760,0.808348,0.752660,1.296394,-0.006714,0.864476,0.779053
1755158272504,0.679393,0.808046,0.752302,1.296330,-0.007347,0.864174,0.785156
1755158272535,0.678447,0.808910,0.750065,1.295077,-0.006401,0.865038,0.782227
1755158272565,0.677930,0.809384,0.748811,1.294376,-0.005885,0.865512,0.787598
1755158272593,0.676682,0.810395,0.746641,1.293102,-0.004637,0.866523,0.785156
1755158272623,0.677132,0.810568,0.743649,1.291720,-0.005086,0.866695,0.760010
1755158272654,0.675586,0.811960,0.739784,1.289564,-0.003541,0.868088,0.753418
1755158272685,0.672165,0.814603,0.734069,1.286174,-0.000120,0.870731,0.749023
1755158272716,0.671479,0.815490,0.730017,1.284069,0.000567,0.871618,0.721436
1755158272744,0.668511,0.817567,0.726251,1.281703,0.003534,0.873695,0.718262
1755158272773,0.666643,0.819233,0.720605,1.278603,0.005403,0.875360,0.697754
1755158272804,0.666031,0.820228,0.714478,1.275480,0.006015,0.876355,0.651611
1755158272839,0.660185,0.823663,0.711504,1.272989,0.011861,0.879790,0.579590
1755158272866,0.657654,0.825411,0.707351,1.270495,0.014392,0.881539,0.611572
1755158272895,0.649873,0.830027,0.701281,1.266126,0.022172,0.886154,0.648682
1755158272927,0.647805,0.831773,0.693162,1.261733,0.024241,0.887901,0.615479
1755158272957,0.646904,0.832525,0.689402,1.259706,0.025141,0.888652,0.634521
1755158272987,0.644341,0.834544,0.679101,1.254120,0.027705,0.890671,0.485840
1755158273017,0.641527,0.836007,0.678415,1.253280,0.030519,0.892134,0.492188
1755158273045,0.634954,0.838807,0.685521,1.255668,0.037091,0.894934,0.630371
1755158273073,0.641741,0.835635,0.682469,1.255341,0.030305,0.891763,0.636475
1755158273104,0.641901,0.835574,0.682175,1.255223,0.030144,0.891702,0.573486
1755158273137,0.639610,0.836554,0.684662,1.256059,0.032436,0.892682,0.577881
1755158273166,0.639856,0.836211,0.687739,1.257637,0.032189,0.892339,0.562500
1755158273193,0.643915,0.834155,0.687921,1.258442,0.028131,0.890283,0.604004
1755158273224,0.648984,0.831475,0.689199,1.259971,0.023061,0.887603,0.627930
1755158273255,0.647488,0.832366,0.687522,1.258873,0.024558,0.888494,0.602051
1755158273286,0.646621,0.832539,0.691118,1.260509,0.025425,0.888666,0.599854
1755158273318,0.646477,0.832322,0.694779,1.262303,0.025568,0.888449,0.596924
1755158273345,0.653146,0.828296,0.701697,1.266906,0.018899,0.884423,0.629883
1755158273375,0.657933,0.825117,0.708865,1.271292,0.014113,0.881244,0.603271
1755158273406,0.666182,0.819483,0.720587,1.278514,0.005863,0.875611,0.670898
1755158273437,0.670333,0.816647,0.725630,1.281717,0.001712,0.872775,0.679688
1755158273467,0.674941,0.813641,0.729530,1.284435,-0.002895,0.869769,0.705811
1755158273495,0.678547,0.810881,0.735473,1.287973,-0.006501,0.867009,0.746582
1755158273526,0.678827,0.810157,0.739739,1.290107,-0.006782,0.866285,0.748047
1755158273557,0.681151,0.808634,0.741324,1.291285,-0.009106,0.864762,0.738770
1755158273588,0.680919,0.808087,0.746156,1.293602,-0.008874,0.864215,0.759521
1755158273620,0.681538,0.806970,0.751404,1.296265,-0.009493,0.863098,0.770508
1755158273647,0.681975,0.806572,0.752413,1.296832,-0.009929,0.862699,0.767090
1755158273674,0.684663,0.804866,0.753585,1.297868,-0.012618,0.860993,0.768311
1755158273706,0.682140,0.806523,0.752112,1.296714,-0.010094,0.862651,0.772949
1755158273739,0.679195,0.808307,0.751305,1.295810,-0.007149,0.864434,0.768311
1755158273767,0.679366,0.808307,0.750654,1.295523,-0.007320,0.864435,0.768066
1755158273799,0.679848,0.808268,0.749080,1.294840,-0.007802,0.864396,0.769775
1755158273825,0.676802,0.810488,0.745521,1.292576,-0.004756,0.866616,0.744385
1755158273857,0.678486,0.810055,0.741890,1.291097,-0.006441,0.866182,0.739746
1755158273889,0.674796,0.812597,0.738309,1.288706,-0.002750,0.868724,0.726074
1755158273918,0.674110,0.813723,0.732561,1.285774,-0.002064,0.869851,0.711914
1755158273948,0.672125,0.815343,0.728319,1.283349,-0.000079,0.871471,0.735107
1755158273976,0.671659,0.815936,0.725508,1.281889,0.000387,0.872063,0.725586
1755158274007,0.670873,0.817114,0.718966,1.278537,0.001173,0.873242,0.699951
1755158274037,0.665399,0.820736,0.712870,1.274577,0.006647,0.876863,0.617920
1755158274071,0.663022,0.822447,0.708537,1.272022,0.009024,0.878574,0.594727
1755158274098,0.658186,0.825365,0.704871,1.269362,0.013859,0.881493,0.586914
1755158274127,0.649393,0.830036,0.703920,1.267349,0.022652,0.886163,0.678955
1755158274156,0.649569,0.830595,0.696504,1.263703,0.022477,0.886723,0.691650
1755158274186,0.646171,0.833585,0.679554,1.254669,0.025875,0.889713,0.474976
1755158274220,0.645307,0.834162,0.677374,1.253428,0.026739,0.890289,0.506836
1755158274282,0.645135,0.833946,0.682077,1.255745,0.026910,0.890074,0.561768
1755158274312,0.644564,0.833894,0.686983,1.258089,0.027481,0.890022,0.629883
1755158274339,0.644783,0.833893,0.685444,1.257361,0.027262,0.890021,0.628418
1755158274371,0.641985,0.835222,0.686641,1.257464,0.030061,0.891350,0.632812
1755158274399,0.641590,0.835305,0.688236,1.258189,0.030456,0.891433,0.622070
1755158274432,0.642376,0.834922,0.688059,1.258240,0.029669,0.891049,0.594238
1755158274461,0.641958,0.835050,0.689166,1.258717,0.030087,0.891178,0.586426
1755158274492,0.643480,0.834360,0.688114,1.258461,0.028565,0.890488,0.603027
1755158274524,0.643179,0.834601,0.686909,1.257808,0.028867,0.890728,0.579834
1755158274550,0.648057,0.831776,0.691481,1.260942,0.023988,0.887904,0.568604
1755158274577,0.647160,0.832013,0.694283,1.262177,0.024885,0.888141,0.599854
1755158274608,0.651139,0.829594,0.698758,1.265098,0.020906,0.885722,0.608154
1755158274638,0.657212,0.825710,0.706658,1.270075,0.014833,0.881838,0.598633
1755158274671,0.665370,0.820749,0.712898,1.274586,0.006676,0.876876,0.618408
1755158274698,0.669212,0.817919,0.719881,1.278696,0.002834,0.874047,0.680664
1755158274731,0.672756,0.815208,0.726557,1.282595,-0.000711,0.871336,0.706787
1755158274761,0.676388,0.812597,0.731471,1.285638,-0.004343,0.868725,0.745117
1755158274791,0.677493,0.811449,0.735636,1.287869,-0.005447,0.867577,0.752441
1755158274819,0.678441,0.810327,0.740085,1.290208,-0.006395,0.866454,0.729736
1755158274850,0.681210,0.808276,0.743664,1.292437,-0.009164,0.864404,0.752930
1755158274881,0.679702,0.808505,0.748016,1.294297,-0.007657,0.864633,0.775635
1755158274910,0.679021,0.808441,0.751057,1.295660,-0.006975,0.864569,0.776855
1755158274939,0.677720,0.808783,0.753639,1.296690,-0.005675,0.864911,0.791260
1755158274971,0.678986,0.807943,0.754495,1.297327,-0.006941,0.864070,0.783691
1755158274999,0.678636,0.808159,0.754371,1.297205,-0.006590,0.864286,0.789307
1755158275029,0.678983,0.807977,0.754279,1.297221,-0.006937,0.864105,0.791504
1755158275058,0.677668,0.808997,0.752415,1.296086,-0.005623,0.865125,0.794189
1755158275090,0.676607,0.810000,0.749653,1.294557,-0.004562,0.866128,0.793457
1755158275122,0.675915,0.810770,0.747012,1.293149,-0.003870,0.866897,0.785889
1755158275150,0.674146,0.812384,0.742527,1.290654,-0.002100,0.868512,0.773926
1755158275179,0.673866,0.813069,0.738628,1.288700,-0.001821,0.869196,0.758301
1755158275210,0.673044,0.814083,0.734352,1.286465,-0.000999,0.870211,0.741211
1755158275241,0.672468,0.814671,0.732229,1.285325,-0.000422,0.870799,0.720703
1755158275271,0.668492,0.817436,0.727438,1.282283,0.003554,0.873564,0.745605
1755158275301,0.666326,0.819358,0.721015,1.278749,0.005720,0.875485,0.726807
1755158275329,0.663025,0.821927,0.713673,1.274557,0.009021,0.878054,0.609619
1755158275359,0.656083,0.826106,0.708696,1.270884,0.015962,0.882234,0.592041
1755158275391,0.649784,0.830272,0.699013,1.264986,0.022262,0.886399,0.555298
1755158275422,0.647327,0.831932,0.694225,1.262178,0.024718,0.888060,0.628418
1755158275455,0.643905,0.833973,0.690419,1.259683,0.028141,0.890100,0.627441
1755158275508,0.638498,0.837747,0.674695,1.250885,0.033547,0.893874,0.464600
1755158275523,0.642570,0.835530,0.677644,1.253079,0.029476,0.891657,0.505249
1755158275548,0.641466,0.835714,0.683348,1.255732,0.030580,0.891842,0.661865
1755158275572,0.642089,0.835518,0.681605,1.254972,0.029957,0.891646,0.577637
1755158275603,0.642552,0.834919,0.686886,1.257686,0.029494,0.891047,0.624756
1755158275635,0.641690,0.835210,0.688841,1.258508,0.030356,0.891337,0.663330
1755158275662,0.639798,0.836357,0.686126,1.256822,0.032248,0.892485,0.636719
1755158275691,0.641820,0.835268,0.687152,1.257690,0.030226,0.891396,0.617188
1755158275723,0.641064,0.835981,0.682388,1.255182,0.030982,0.892109,0.604004
1755158275753,0.645232,0.833298,0.690436,1.259926,0.026813,0.889426,0.684570
1755158275780,0.645396,0.833373,0.688336,1.258909,0.026650,0.889501,0.567627
1755158275810,0.646898,0.832641,0.687877,1.258946,0.025147,0.888769,0.571289
1755158275850,0.644707,0.833469,0.691682,1.260453,0.027339,0.889596,0.539551
1755158275871,0.648722,0.830570,0.701830,1.266196,0.023324,0.886698,0.594971
1755158275901,0.655595,0.826778,0.704325,1.268638,0.016450,0.882906,0.625977
1755158275931,0.666618,0.819721,0.716263,1.276462,0.005427,0.875849,0.643066
1755158275961,0.669373,0.817245,0.725006,1.281243,0.002672,0.873372,0.709961
1755158275991,0.673361,0.814798,0.727194,1.283013,-0.001316,0.870926,0.735352
1755158276022,0.675355,0.812821,0.734226,1.286806,-0.003309,0.868949,0.740967
1755158276056,0.675840,0.812297,0.736186,1.287850,-0.003795,0.868425,0.761719
1755158276082,0.675873,0.811883,0.739177,1.289318,-0.003827,0.868010,0.771729
1755158276110,0.677720,0.809991,0.745411,1.292682,-0.005674,0.866119,0.782471
1755158276141,0.677043,0.809762,0.749622,1.294617,-0.004997,0.865889,0.774902
1755158276175,0.677960,0.808594,0.754002,1.296909,-0.005914,0.864722,0.772217
1755158276203,0.680496,0.806885,0.755842,1.298243,-0.008451,0.863012,0.777344
1755158276232,0.679418,0.807272,0.757263,1.298747,-0.007372,0.863400,0.778564
1755158276261,0.680167,0.807143,0.755371,1.297957,-0.008122,0.863271,0.795898
1755158276293,0.680077,0.807233,0.755120,1.297819,-0.008031,0.863360,0.787842
1755158276324,0.679636,0.807489,0.755067,1.297718,-0.007590,0.863617,0.785400
1755158276354,0.678785,0.808139,0.753946,1.297024,-0.006740,0.864267,0.784424
1755158276381,0.676637,0.809789,0.750976,1.295206,-0.004591,0.865916,0.785889
1755158276410,0.676790,0.810159,0.747865,1.293717,-0.004744,0.866287,0.787109
1755158276443,0.674899,0.811814,0.743623,1.291320,-0.002853,0.867942,0.768311
1755158276473,0.673826,0.812989,0.739394,1.289067,-0.001780,0.869116,0.748535
1755158276504,0.672419,0.814403,0.734543,1.286450,-0.000374,0.870530,0.711914
1755158276532,0.667997,0.817495,0.729170,1.283046,0.004049,0.873623,0.742188
1755158276561,0.665789,0.819315,0.723923,1.280085,0.006256,0.875443,0.737549
1755158276592,0.662752,0.821891,0.715412,1.275366,0.009294,0.878018,0.707520
1755158276623,0.662135,0.822644,0.711321,1.273241,0.009911,0.878771,0.625977
1755158276656,0.654709,0.827256,0.704168,1.268404,0.017336,0.883384,0.575195
1755158276685,0.650528,0.830265,0.694517,1.262886,0.021517,0.886392,0.634521
1755158276713,0.649581,0.831145,0.689516,1.260234,0.022465,0.887272,0.658936
1755158276743,0.646380,0.833730,0.675494,1.252679,0.025665,0.889857,0.475098
1755158276775,0.645142,0.834539,0.672388,1.250907,0.026904,0.890667,0.470581
1755158276803,0.641400,0.836405,0.672782,1.250441,0.030646,0.892533,0.483887
1755158276834,0.640658,0.836592,0.675969,1.251904,0.031388,0.892720,0.512573
1755158276865,0.637733,0.837487,0.684708,1.255752,0.034313,0.893614,0.626953
1755158276896,0.640027,0.836577,0.681245,1.254428,0.032018,0.892704,0.548096
1755158276925,0.639152,0.836736,0.685339,1.256317,0.032894,0.892863,0.558105
1755158276955,0.639085,0.836499,0.689064,1.258161,0.032960,0.892626,0.576660
1755158276983,0.639910,0.836194,0.687607,1.257581,0.032135,0.892321,0.563477
1755158277012,0.641661,0.835288,0.687976,1.258072,0.030384,0.891416,0.587891
1755158277043,0.648213,0.831928,0.688438,1.259456,0.023832,0.888055,0.617188
1755158277074,0.650416,0.830489,0.692432,1.261831,0.021629,0.886617,0.620850
1755158277105,0.650342,0.830627,0.691160,1.261185,0.021704,0.886755,0.623779
1755158277135,0.651892,0.829541,0.694753,1.263243,0.020154,0.885668,0.607422
1755158277163,0.657290,0.826162,0.701318,1.267447,0.014755,0.882290,0.636719
1755158277193,0.664848,0.821072,0.712485,1.274290,0.007198,0.877199,0.615479
1755158277225,0.670652,0.816740,0.723348,1.280652,0.001394,0.872867,0.662354
1755158277259,0.674107,0.814384,0.727216,1.283154,-0.002062,0.870512,0.715820
1755158277284,0.675755,0.813024,0.730874,1.285235,-0.003710,0.869151,0.719238
1755158277312,0.675234,0.812690,0.735758,1.287535,-0.003188,0.868818,0.754639
1755158277343,0.677907,0.810696,0.739568,1.289863,-0.005861,0.866823,0.752686
1755158277377,0.680111,0.808989,0.742999,1.291921,-0.008066,0.865116,0.765137
1755158277408,0.681458,0.807617,0.747308,1.294257,-0.009412,0.863745,0.752441
1755158277436,0.681654,0.806554,0.753731,1.297417,-0.009608,0.862682,0.775635
1755158277463,0.683918,0.804962,0.755729,1.298782,-0.011872,0.861089,0.766602
1755158277494,0.681569,0.806461,0.754651,1.297850,-0.009524,0.862589,0.779297
1755158277527,0.682042,0.805967,0.756124,1.298648,-0.009996,0.862094,0.781982
1755158277557,0.679416,0.807935,0.752953,1.296651,-0.007370,0.864063,0.781006
1755158277585,0.679052,0.808284,0.751996,1.296122,-0.007007,0.864411,0.785889
1755158277613,0.679048,0.808341,0.751628,1.295942,-0.007002,0.864469,0.784912
1755158277644,0.678507,0.809273,0.747350,1.293764,-0.006461,0.865400,0.763428
1755158277676,0.675775,0.811347,0.743482,1.291403,-0.003730,0.867475,0.775391
1755158277706,0.675605,0.811765,0.741140,1.290230,-0.003560,0.867893,0.743164
1755158277735,0.672744,0.814068,0.735747,1.287096,-0.000698,0.870196,0.730225
1755158277765,0.667409,0.817757,0.729645,1.283177,0.004637,0.873884,0.716797
1755158277795,0.663874,0.820273,0.724556,1.280062,0.008172,0.876401,0.751953
1755158277826,0.663412,0.821461,0.716131,1.275836,0.008634,0.877589,0.713379
1755158277857,0.660741,0.823579,0.709379,1.272038,0.011304,0.879707,0.585449
1755158277885,0.652426,0.828428,0.704349,1.268094,0.019619,0.884556,0.580078
1755158277914,0.649932,0.830203,0.698928,1.264970,0.022114,0.886330,0.629639
1755158277945,0.649590,0.830716,0.694909,1.262915,0.022455,0.886844,0.617432
1755158277980,0.643965,0.834891,0.676570,1.252789,0.028080,0.891018,0.497314
1755158278008,0.641423,0.836465,0.671492,1.249800,0.030622,0.892593,0.458130
1755158278036,0.642792,0.835632,0.674068,1.251331,0.029254,0.891759,0.489136
1755158278065,0.643923,0.835107,0.673265,1.251130,0.028123,0.891234,0.528320
1755158278095,0.642110,0.835646,0.679473,1.253911,0.029936,0.891774,0.545044
1755158278127,0.642556,0.835324,0.680986,1.254745,0.029490,0.891451,0.621094
1755158278157,0.642656,0.835111,0.683402,1.255968,0.029389,0.891239,0.627930
1755158278185,0.640082,0.836270,0.685340,1.256481,0.031964,0.892398,0.642090
1755158278215,0.639387,0.836556,0.686216,1.256795,0.032659,0.892684,0.597900
1755158278246,0.639791,0.836268,0.687408,1.257460,0.032254,0.892395,0.572754
1755158278278,0.643940,0.834212,0.686960,1.257968,0.028106,0.890340,0.619873
1755158278309,0.644989,0.833315,0.691824,1.260573,0.027057,0.889442,0.644287
1755158278335,0.648599,0.831444,0.692175,1.261383,0.023447,0.887572,0.582764
1755158278365,0.648916,0.831039,0.695195,1.262939,0.023130,0.887167,0.580200
1755158278396,0.653102,0.828349,0.701357,1.266730,0.018944,0.884477,0.625244
1755158278428,0.658988,0.824533,0.709136,1.271611,0.013058,0.880661,0.614502
1755158278459,0.665269,0.819950,0.720820,1.278469,0.006777,0.876077,0.659912
1755158278487,0.669667,0.816921,0.726389,1.281973,0.002379,0.873049,0.707275
1755158278517,0.673875,0.814091,0.730659,1.284802,-0.001829,0.870219,0.740967
1755158278549,0.676755,0.811834,0.735839,1.287839,-0.004709,0.867962,0.776123
1755158278578,0.678433,0.810381,0.739715,1.290026,-0.006388,0.866509,0.768311
1755158278611,0.678823,0.809763,0.742637,1.291521,-0.006777,0.865890,0.775879
1755158278637,0.680507,0.808090,0.747748,1.294306,-0.008462,0.864218,0.786133
1755158278668,0.681462,0.806743,0.753202,1.297127,-0.009417,0.862870,0.779785
1755158278696,0.682780,0.805607,0.755739,1.298589,-0.010734,0.861735,0.778809
1755158278729,0.682210,0.806004,0.755266,1.298260,-0.010164,0.862132,0.781006
1755158278759,0.683536,0.805009,0.756823,1.299247,-0.011490,0.861137,0.772705
1755158278787,0.681916,0.806254,0.754726,1.297947,-0.009870,0.862381,0.770020
1755158278824,0.680894,0.807105,0.752927,1.296894,-0.008849,0.863233,0.783203
1755158278854,0.681611,0.806975,0.751098,1.296129,-0.009566,0.863102,0.764160
1755158278878,0.677672,0.809586,0.748416,1.294139,-0.005626,0.865714,0.788574
1755158278911,0.677908,0.809890,0.745378,1.292699,-0.005863,0.866018,0.771729
1755158278938,0.678499,0.809937,0.742689,1.291490,-0.006453,0.866065,0.768311
1755158278967,0.676522,0.811674,0.738031,1.288871,-0.004476,0.867802,0.746338
1755158278998,0.672098,0.814843,0.732478,1.285383,-0.000053,0.870970,0.724365
1755158279032,0.668270,0.817579,0.727250,1.282152,0.003776,0.873707,0.716064
1755158279059,0.665769,0.819677,0.720844,1.278568,0.006277,0.875805,0.725342
1755158279092,0.664982,0.820854,0.713888,1.275005,0.007063,0.876982,0.696289
1755158279122,0.657649,0.825266,0.708866,1.271243,0.014397,0.881394,0.599854
1755158279147,0.654010,0.827767,0.702575,1.267493,0.018036,0.883894,0.532227
1755158279181,0.646542,0.832344,0.694093,1.261974,0.025504,0.888472,0.591553
1755158279211,0.644914,0.833575,0.688910,1.259110,0.027131,0.889702,0.647705
1755158279239,0.640483,0.836721,0.675277,1.251527,0.031563,0.892849,0.475342
1755158279268,0.639176,0.837630,0.670758,1.249034,0.032870,0.893758,0.492798
1755158279298,0.646308,0.833529,0.679344,1.254589,0.025737,0.889656,0.554688
1755158279332,0.644838,0.834020,0.683227,1.256266,0.027208,0.890147,0.631348
1755158279361,0.639888,0.836364,0.685387,1.256470,0.032157,0.892492,0.676270
1755158279388,0.641977,0.835231,0.686574,1.257430,0.030068,0.891358,0.659424
1755158279419,0.642093,0.835311,0.684613,1.256473,0.029952,0.891439,0.629639
1755158279450,0.640451,0.835898,0.687950,1.257846,0.031595,0.892025,0.612061
1755158279480,0.642216,0.835080,0.686992,1.257680,0.029829,0.891208,0.662842
1755158279511,0.641620,0.835311,0.687945,1.258050,0.030426,0.891439,0.641602
1755158279543,0.645594,0.833067,0.691050,1.260295,0.026452,0.889195,0.604492
1755158279570,0.647938,0.831635,0.694034,1.262190,0.024108,0.887763,0.600098
1755158279601,0.650141,0.830007,0.699941,1.265509,0.021904,0.886135,0.630615
1755158279634,0.657061,0.825928,0.705195,1.269325,0.014985,0.882055,0.656250
1755158279661,0.661994,0.822172,0.716572,1.275805,0.010052,0.878300,0.647705
1755158279689,0.667810,0.818043,0.725446,1.281186,0.004235,0.874171,0.698975
1755158279719,0.670354,0.816264,0.728730,1.283242,0.001692,0.872392,0.709717
1755158279755,0.674107,0.813813,0.731860,1.285430,-0.002061,0.869941,0.752930
1755158279781,0.676511,0.811990,0.735679,1.287719,-0.004466,0.868118,0.769775
1755158279811,0.676631,0.811452,0.739239,1.289480,-0.004585,0.867580,0.777588
1755158279840,0.675223,0.811591,0.743933,1.291527,-0.003177,0.867719,0.770508
1755158279870,0.675901,0.810905,0.746121,1.292713,-0.003855,0.867033,0.776123
1755158279902,0.676564,0.809986,0.749915,1.294677,-0.004518,0.866114,0.775635
1755158279932,0.679753,0.807820,0.752462,1.296470,-0.007707,0.863947,0.780029
1755158279964,0.679250,0.807944,0.753515,1.296895,-0.007204,0.864071,0.787109
1755158279989,0.679351,0.807526,0.755868,1.298057,-0.007305,0.863654,0.780273
1755158280018,0.678041,0.808626,0.753488,1.296673,-0.005996,0.864754,0.781738
1755158280050,0.679558,0.807919,0.752530,1.296470,-0.007512,0.864047,0.798096
1755158280083,0.677769,0.809228,0.750483,1.295163,-0.005724,0.865356,0.794189
1755158280116,0.677963,0.809331,0.749049,1.294498,-0.005918,0.865458,0.788330
1755158280141,0.677438,0.809877,0.747312,1.293560,-0.005392,0.866005,0.776855
1755158280171,0.675871,0.811462,0.742274,1.290830,-0.003825,0.867589,0.771729
1755158280200,0.674846,0.812600,0.738078,1.288602,-0.002800,0.868727,0.764160
1755158280231,0.672441,0.814449,0.734091,1.286232,-0.000395,0.870577,0.745361
1755158280265,0.667264,0.817873,0.729337,1.283000,0.004782,0.874001,0.735596
1755158280295,0.665998,0.819238,0.723620,1.279972,0.006047,0.875365,0.764893
1755158280322,0.665890,0.820117,0.716244,1.276325,0.006156,0.876244,0.737793
1755158280353,0.662961,0.822403,0.709308,1.272393,0.009084,0.878531,0.652100
1755158280381,0.659588,0.824816,0.702802,1.268585,0.012458,0.880944,0.621826
1755158280412,0.655485,0.827213,0.700142,1.266547,0.016561,0.883341,0.652344
1755158280441,0.648513,0.830949,0.698735,1.264625,0.023532,0.887077,0.682617
1755158280470,0.657212,0.826720,0.695301,1.264452,0.014833,0.882847,0.660889
1755158280503,0.648195,0.831858,0.689498,1.259981,0.023851,0.887985,0.679443
1755158280536,0.647841,0.833093,0.673643,1.252013,0.024204,0.889220,0.517944
1755158280596,0.649098,0.832339,0.675516,1.253171,0.022948,0.888467,0.557617
1755158280622,0.644107,0.834718,0.678206,1.253632,0.027938,0.890846,0.686035
1755158280656,0.643203,0.835322,0.675816,1.252277,0.028843,0.891449,0.533447
1755158280683,0.649028,0.832060,0.680546,1.255669,0.023017,0.888188,0.605469
1755158280715,0.647395,0.832528,0.685941,1.258069,0.024650,0.888656,0.628174
1755158280740,0.650570,0.830682,0.688895,1.260099,0.021476,0.886810,0.590088
1755158280772,0.652259,0.829553,0.692223,1.262051,0.019787,0.885681,0.607422
1755158280801,0.651842,0.829555,0.694896,1.263305,0.020203,0.885682,0.596191
1755158280835,0.655030,0.827820,0.695829,1.264329,0.017015,0.883947,0.678955
1755158280862,0.659066,0.825277,0.700745,1.267475,0.012980,0.881405,0.689941
1755158280892,0.663013,0.822229,0.710779,1.273127,0.009032,0.878356,0.693848
1755158280922,0.666723,0.819468,0.718087,1.277378,0.005323,0.875595,0.693848
1755158280952,0.669158,0.817650,0.722522,1.279985,0.002887,0.873778,0.675049
1755158280986,0.672067,0.815442,0.727770,1.283070,-0.000021,0.871569,0.702637
1755158281014,0.673017,0.814381,0.732125,1.285370,-0.000972,0.870509,0.752686
1755158281043,0.674182,0.813268,0.735794,1.287369,-0.002137,0.869396,0.753418
1755158281073,0.675842,0.811622,0.741223,1.290312,-0.003796,0.867750,0.762695
1755158281102,0.678167,0.809543,0.746797,1.293436,-0.006121,0.865671,0.779297
1755158281135,0.678371,0.808724,0.751608,1.295815,-0.006325,0.864852,0.758301
1755158281164,0.679848,0.807360,0.755132,1.297786,-0.007802,0.863488,0.789795
1755158281193,0.680367,0.806756,0.757143,1.298853,-0.008322,0.862883,0.791504
1755158281224,0.681850,0.805920,0.757123,1.299101,-0.009804,0.862048,0.789551
1755158281253,0.681063,0.806441,0.756641,1.298730,-0.009018,0.862568,0.802002
1755158281285,0.678239,0.807958,0.757119,1.298473,-0.006193,0.864085,0.792480
1755158281316,0.677752,0.808305,0.756644,1.298158,-0.005706,0.864432,0.781982
1755158281347,0.676443,0.809372,0.754463,1.296870,-0.004397,0.865500,0.779053
1755158281373,0.675528,0.810399,0.751029,1.295040,-0.003482,0.866526,0.785156
1755158281405,0.675680,0.810630,0.748884,1.294021,-0.003635,0.866757,0.770508
1755158281435,0.673329,0.812672,0.743705,1.291087,-0.001283,0.868800,0.772217
1755158281467,0.671851,0.813873,0.740903,1.289461,0.000195,0.870001,0.763672
1755158281493,0.668984,0.816256,0.734768,1.285962,0.003062,0.872384,0.729736
1755158281523,0.666030,0.818725,0.727822,1.282042,0.006015,0.874852,0.732422
1755158281553,0.661395,0.822083,0.720312,1.277542,0.010651,0.878211,0.783447
1755158281615,0.654904,0.826765,0.708272,1.270468,0.017142,0.882893,0.618652
1755158281644,0.645787,0.832084,0.701694,1.265614,0.026259,0.888212,0.587402
1755158281675,0.646434,0.832436,0.693638,1.261729,0.025612,0.888564,0.547607
1755158281706,0.641458,0.835151,0.691150,1.259617,0.030587,0.891279,0.661621
1755158281735,0.638494,0.837422,0.680028,1.253550,0.033552,0.893549,0.538452
1755158281766,0.636946,0.838629,0.672759,1.249641,0.035099,0.894757,0.571899
1755158281794,0.643797,0.834791,0.679533,1.254239,0.028248,0.890919,0.674072
1755158281824,0.641106,0.835982,0.682060,1.255025,0.030940,0.892110,0.697266
1755158281853,0.639544,0.837005,0.678343,1.252893,0.032502,0.893132,0.628174
1755158281885,0.641407,0.835759,0.683131,1.255613,0.030639,0.891886,0.653809
1755158281915,0.641782,0.835606,0.682605,1.255416,0.030264,0.891733,0.660645
1755158281945,0.643044,0.834915,0.683407,1.256039,0.029001,0.891043,0.670410
1755158281973,0.644159,0.834118,0.686723,1.257889,0.027887,0.890246,0.681152
1755158282004,0.643348,0.834745,0.683652,1.256215,0.028698,0.890873,0.623291
1755158282035,0.645216,0.833261,0.691027,1.260217,0.026829,0.889389,0.641357
1755158282067,0.644523,0.833324,0.694675,1.261908,0.027522,0.889452,0.593750
1755158282096,0.651999,0.829050,0.699904,1.265817,0.020046,0.885177,0.674072
1755158282127,0.658762,0.824491,0.710766,1.272376,0.013284,0.880618,0.629639
1755158282155,0.666463,0.819126,0.722409,1.279459,0.005583,0.875253,0.695312
1755158282187,0.669530,0.816983,0.726503,1.282005,0.002516,0.873110,0.715820
1755158282218,0.669701,0.816354,0.730902,1.284192,0.002345,0.872482,0.742188
1755158282246,0.672201,0.814614,0.733833,1.286064,-0.000155,0.870742,0.721191
1755158282276,0.673988,0.812952,0.738993,1.288900,-0.001943,0.869080,0.728271
1755158282305,0.677194,0.810333,0.745070,1.292424,-0.005149,0.866461,0.757568
1755158282336,0.677206,0.809787,0.748825,1.294258,-0.005160,0.865915,0.760010
1755158282367,0.677480,0.809092,0.752485,1.296087,-0.005434,0.865220,0.776611
1755158282398,0.679616,0.807516,0.754970,1.297667,-0.007570,0.863643,0.748779
1755158282425,0.680626,0.806639,0.756957,1.298808,-0.008580,0.862766,0.774902
1755158282455,0.678389,0.808048,0.755997,1.297953,-0.006343,0.864175,0.776611
1755158282486,0.679735,0.807290,0.756002,1.298189,-0.007689,0.863417,0.783691
1755158282520,0.678357,0.808420,0.753684,1.296823,-0.006311,0.864547,0.778076
1755158282545,0.676953,0.809695,0.750414,1.294987,-0.004907,0.865823,0.772217
1755158282577,0.675124,0.811158,0.747369,1.293186,-0.003079,0.867286,0.756836
1755158282606,0.673481,0.812397,0.745069,1.291779,-0.001435,0.868525,0.767090
1755158282637,0.669787,0.815115,0.740098,1.288710,0.002258,0.871242,0.758057
1755158282669,0.666027,0.817935,0.734197,1.285168,0.006018,0.874063,0.712158
1755158282698,0.663088,0.820163,0.729024,1.282119,0.008957,0.876290,0.713135
1755158282726,0.664645,0.819790,0.725142,1.280484,0.007400,0.875917,0.727539
1755158282753,0.661417,0.822501,0.716371,1.275605,0.010628,0.878629,0.699707
1755158282788,0.656802,0.825444,0.711560,1.272424,0.015243,0.881572,0.695557
1755158282820,0.648389,0.830675,0.702572,1.266505,0.023657,0.886802,0.618164
1755158282845,0.645601,0.832269,0.700674,1.265075,0.026445,0.888397,0.597168
1755158282877,0.641390,0.834507,0.699462,1.263736,0.030656,0.890634,0.683105
1755158282907,0.641618,0.834783,0.694791,1.261456,0.030427,0.890910,0.669434
1755158282938,0.639587,0.836294,0.688444,1.257941,0.032458,0.892421,0.643066
1755158282968,0.635856,0.838846,0.678209,1.252176,0.036189,0.894974,0.454224
1755158282998,0.637087,0.838394,0.675626,1.251101,0.034959,0.894521,0.554810
1755158283026,0.637323,0.838356,0.674272,1.250465,0.034723,0.894484,0.549927
1755158283057,0.641136,0.836277,0.677221,1.252614,0.030909,0.892404,0.619629
1755158283088,0.643182,0.834888,0.682782,1.255752,0.028864,0.891016,0.618164
1755158283120,0.636319,0.838502,0.680033,1.253169,0.035726,0.894629,0.615479
1755158283148,0.639227,0.837184,0.678015,1.252673,0.032819,0.893311,0.625244
1755158283176,0.642985,0.834936,0.683537,1.256093,0.029061,0.891064,0.681885
1755158283213,0.643528,0.834406,0.687167,1.257998,0.028518,0.890533,0.671143
1755158283240,0.642262,0.834886,0.689321,1.258848,0.029784,0.891013,0.687012
1755158283270,0.644084,0.833791,0.691603,1.260304,0.027962,0.889918,0.610840
1755158283301,0.648800,0.830747,0.699368,1.264989,0.023246,0.886875,0.625488
1755158283327,0.656138,0.826127,0.708194,1.270646,0.015908,0.882254,0.626465
1755158283357,0.662353,0.822086,0.715581,1.275380,0.009692,0.878213,0.636475
1755158283387,0.667330,0.818507,0.723707,1.280248,0.004716,0.874635,0.684814
1755158283422,0.670020,0.816182,0.730879,1.284237,0.002026,0.872310,0.713867
1755158283450,0.672657,0.814224,0.734916,1.286674,-0.000611,0.870351,0.696045
1755158283478,0.676072,0.811344,0.742318,1.290887,-0.004027,0.867471,0.750488
1755158283507,0.675335,0.811176,0.746425,1.292762,-0.003290,0.867304,0.767578
1755158283538,0.676809,0.809653,0.751240,1.295365,-0.004763,0.865781,0.772705
1755158283570,0.678576,0.808183,0.754431,1.297224,-0.006530,0.864311,0.787598
1755158283600,0.680539,0.806773,0.756407,1.298525,-0.008494,0.862901,0.787354
1755158283627,0.680304,0.806638,0.758122,1.299318,-0.008258,0.862766,0.790039
1755158283655,0.681532,0.805761,0.759279,1.300093,-0.009486,0.861888,0.795654
1755158283691,0.681844,0.805456,0.760085,1.300538,-0.009798,0.861583,0.800049
1755158283724,0.679985,0.806857,0.757875,1.299143,-0.007939,0.862984,0.788086
1755158283750,0.679172,0.807454,0.756985,1.298570,-0.007127,0.863581,0.791016
1755158283784,0.679037,0.807724,0.755737,1.297939,-0.006991,0.863851,0.785889
1755158283809,0.677329,0.808941,0.754044,1.296820,-0.005284,0.865068,0.794922
1755158283842,0.676270,0.809861,0.751867,1.295577,-0.004224,0.865988,0.790039
1755158283873,0.675569,0.810625,0.749335,1.294222,-0.003524,0.866753,0.797607
1755158283902,0.671924,0.813282,0.744885,1.291419,0.000121,0.869409,0.805664
1755158283930,0.669905,0.814870,0.741425,1.289378,0.002140,0.870998,0.805664
1755158283957,0.669622,0.815700,0.736365,1.286855,0.002423,0.871828,0.784424
1755158283989,0.665065,0.818921,0.730482,1.283179,0.006981,0.875049,0.785889
1755158284022,0.665066,0.819510,0.725594,1.280780,0.006980,0.875638,0.776855
1755158284049,0.662790,0.821767,0.716380,1.275850,0.009255,0.877895,0.753174
1755158284080,0.663107,0.822198,0.710581,1.273046,0.008938,0.878326,0.712891
1755158284108,0.657874,0.825047,0.709886,1.271785,0.014172,0.881175,0.703125
1755158284138,0.653822,0.827712,0.704240,1.268284,0.018224,0.883840,0.618408
1755158284172,0.654251,0.827807,0.700722,1.266618,0.017794,0.883934,0.639404
1755158284202,0.642952,0.833913,0.697179,1.262877,0.029094,0.890041,0.652344
1755158284233,0.639605,0.835949,0.692844,1.260134,0.032441,0.892077,0.643066
1755158284259,0.646226,0.833190,0.685021,1.257405,0.025819,0.889317,0.468384
1755158284291,0.644434,0.834090,0.685161,1.257159,0.027612,0.890218,0.532837
1755158284323,0.644349,0.834483,0.679983,1.254561,0.027697,0.890611,0.593506
1755158284351,0.645814,0.833754,0.679758,1.254708,0.026231,0.889881,0.628174
1755158284379,0.644655,0.834091,0.683542,1.256390,0.027391,0.890219,0.699463
1755158284407,0.644932,0.833620,0.688186,1.258753,0.027114,0.889747,0.650635
1755158284439,0.650352,0.831254,0.682436,1.256845,0.021694,0.887382,0.555664
1755158284474,0.645546,0.832917,0.693279,1.261395,0.026499,0.889044,0.663818
1755158284501,0.649826,0.830472,0.696394,1.263694,0.022220,0.886600,0.703857
1755158284530,0.656017,0.827093,0.698326,1.265741,0.016029,0.883220,0.731934
1755158284561,0.657718,0.825390,0.707219,1.270441,0.014328,0.881517,0.747314
1755158284590,0.661771,0.822736,0.712320,1.273670,0.010275,0.878863,0.759521
1755158284622,0.664302,0.820549,0.720117,1.277954,0.007744,0.876676,0.740967
1755158284653,0.667901,0.817610,0.728660,1.282779,0.004145,0.873737,0.755371
1755158284682,0.673297,0.814112,0.733040,1.285867,-0.001251,0.870239,0.761963
1755158284709,0.674270,0.813140,0.736400,1.287681,-0.002224,0.869268,0.796631
1755158284740,0.675857,0.811872,0.739321,1.289385,-0.003811,0.868000,0.789551
1755158284774,0.676953,0.810495,0.744879,1.292290,-0.004908,0.866622,0.807861
1755158284805,0.677157,0.809799,0.748933,1.294302,-0.005111,0.865926,0.798584
1755158284831,0.678573,0.808564,0.751921,1.296002,-0.006527,0.864692,0.791016
1755158284862,0.679785,0.807433,0.754888,1.297656,-0.007739,0.863561,0.799561
1755158284892,0.681400,0.805754,0.759791,1.300318,-0.009354,0.861882,0.803467
1755158284925,0.681823,0.805467,0.760086,1.300535,-0.009777,0.861595,0.802246
1755158284952,0.682843,0.805162,0.758363,1.299875,-0.010797,0.861289,0.814941
1755158284982,0.682731,0.805258,0.758159,1.299756,-0.010685,0.861385,0.800293
1755158285010,0.681845,0.805900,0.757267,1.299170,-0.009800,0.862028,0.820312
1755158285041,0.680636,0.806714,0.756433,1.298555,-0.008591,0.862842,0.799561
1755158285076,0.681127,0.806459,0.756290,1.298570,-0.009081,0.862587,0.785156
1755158285103,0.679650,0.807533,0.754729,1.297555,-0.007604,0.863661,0.781006
1755158285131,0.676629,0.809876,0.750416,1.294933,-0.004584,0.866003,0.778320
1755158285161,0.673936,0.811982,0.746225,1.292422,-0.001890,0.868109,0.776855
1755158285191,0.671271,0.814181,0.740987,1.289402,0.000774,0.870308,0.782715
1755158285225,0.668781,0.816239,0.735759,1.286412,0.003265,0.872366,0.767334
1755158285254,0.666822,0.817820,0.731706,1.284085,0.005224,0.873947,0.756836
1755158285281,0.662941,0.820861,0.723805,1.279530,0.009105,0.876988,0.794678
1755158285312,0.661663,0.822690,0.713327,1.274148,0.010383,0.878818,0.673828
1755158285341,0.660334,0.823880,0.708522,1.271544,0.011711,0.880008,0.662109
1755158285373,0.654084,0.827442,0.705671,1.269038,0.017962,0.883570,0.605469
1755158285405,0.649520,0.830335,0.699844,1.265352,0.022525,0.886463,0.613525
1755158285432,0.646062,0.832199,0.698779,1.264217,0.025984,0.888327,0.591797
1755158285463,0.643171,0.834417,0.689455,1.259075,0.028875,0.890545,0.654297
1755158285500,0.646279,0.833194,0.684573,1.257191,0.025767,0.889322,0.634766
1755158285525,0.646823,0.832891,0.684937,1.257468,0.025223,0.889019,0.682617
1755158285555,0.643808,0.835057,0.675118,1.252036,0.028238,0.891185,0.548828
1755158285583,0.646336,0.833791,0.674842,1.252346,0.025710,0.889919,0.598633
1755158285612,0.646060,0.833695,0.678717,1.254232,0.025986,0.889823,0.665771
1755158285644,0.646603,0.833304,0.680497,1.255216,0.025442,0.889432,0.658447
1755158285675,0.646496,0.833304,0.681335,1.255615,0.025550,0.889431,0.657715
1755158285704,0.646488,0.833059,0.684979,1.257430,0.025558,0.889187,0.672119
1755158285733,0.647936,0.832414,0.683626,1.257011,0.024110,0.888541,0.627197
1755158285765,0.650287,0.830873,0.688284,1.259746,0.021758,0.887001,0.648926
1755158285792,0.651302,0.830064,0.692020,1.261782,0.020743,0.886192,0.653320
1755158285824,0.655437,0.827502,0.697080,1.265021,0.016608,0.883630,0.607910
1755158285854,0.663830,0.821806,0.710632,1.273198,0.008216,0.877934,0.638916
1755158285886,0.668003,0.818562,0.720011,1.278549,0.004042,0.874689,0.675781
1755158285912,0.672973,0.815467,0.723335,1.281052,-0.000928,0.871595,0.688477
1755158285945,0.676670,0.812810,0.728486,1.284225,-0.004624,0.868937,0.709229
1755158285975,0.679219,0.810728,0.733745,1.287245,-0.007173,0.866856,0.722900
1755158286005,0.678543,0.810598,0.737641,1.289032,-0.006497,0.866725,0.765869
1755158286032,0.678002,0.810542,0.740313,1.290243,-0.005956,0.866669,0.767578
1755158286062,0.678033,0.809734,0.745990,1.293019,-0.005987,0.865861,0.776855
1755158286095,0.680570,0.807763,0.749743,1.295289,-0.008525,0.863891,0.777344
1755158286127,0.682315,0.806253,0.753251,1.297299,-0.010269,0.862380,0.770508
1755158286155,0.683000,0.805550,0.755298,1.298413,-0.010954,0.861678,0.769043
1755158286184,0.681972,0.806080,0.755645,1.298403,-0.009926,0.862208,0.762939
1755158286215,0.682349,0.805976,0.754933,1.298123,-0.010304,0.862104,0.770020
1755158286246,0.680986,0.806791,0.754656,1.297751,-0.008940,0.862919,0.769775
1755158286276,0.681247,0.806732,0.754076,1.297515,-0.009201,0.862859,0.763184
1755158286313,0.679617,0.808117,0.750985,1.295728,-0.007571,0.864244,0.772949
1755158286336,0.678308,0.809062,0.749563,1.294808,-0.006262,0.865190,0.766602
1755158286363,0.677273,0.810241,0.745407,1.292603,-0.005228,0.866369,0.762207
1755158286397,0.676086,0.811455,0.741455,1.290468,-0.004040,0.867582,0.753418
1755158286426,0.673026,0.813774,0.736804,1.287662,-0.000981,0.869902,0.746094
1755158286459,0.670235,0.816118,0.730448,1.284063,0.001810,0.872246,0.707275
1755158286485,0.666677,0.818754,0.724624,1.280584,0.005369,0.874882,0.722656
1755158286513,0.665792,0.819847,0.719210,1.277768,0.006254,0.875975,0.710449
1755158286547,0.662955,0.822168,0.711692,1.273568,0.009091,0.878295,0.661133
1755158286579,0.658333,0.825299,0.704759,1.269333,0.013713,0.881426,0.597412
1755158286607,0.652049,0.828823,0.702173,1.266950,0.019997,0.884950,0.603516
1755158286635,0.650164,0.830227,0.697249,1.264178,0.021882,0.886354,0.645996
1755158286665,0.647031,0.832244,0.692215,1.261127,0.025015,0.888372,0.637451
1755158286698,0.645898,0.833877,0.677119,1.253405,0.026148,0.890005,0.550049
1755158286727,0.640628,0.836907,0.670706,1.249265,0.031417,0.893035,0.539185
1755158286758,0.641467,0.836488,0.670669,1.249396,0.030579,0.892616,0.533203
1755158286786,0.644334,0.834749,0.675826,1.252482,0.027712,0.890877,0.670898
1755158286815,0.645767,0.834060,0.675177,1.252412,0.026278,0.890188,0.608887
1755158286845,0.645760,0.833890,0.678040,1.253841,0.026286,0.890018,0.661133
1755158286877,0.645264,0.833987,0.680472,1.254967,0.026782,0.890115,0.656006
1755158286907,0.646036,0.833674,0.679248,1.254493,0.026010,0.889801,0.685303
1755158286936,0.644547,0.834549,0.677349,1.253281,0.027499,0.890676,0.631348
1755158286965,0.643032,0.835286,0.677815,1.253246,0.029014,0.891413,0.610352
1755158286997,0.648165,0.832298,0.683604,1.257041,0.023881,0.888426,0.672852
1755158287028,0.650866,0.830686,0.686770,1.259094,0.021180,0.886814,0.648193
1755158287058,0.650846,0.830711,0.686565,1.258989,0.021200,0.886839,0.596313
1755158287087,0.652965,0.829148,0.692713,1.262419,0.019081,0.885276,0.608398
1755158287113,0.659983,0.824907,0.699438,1.266989,0.012063,0.881034,0.613037
1755158287147,0.666763,0.820100,0.711890,1.274333,0.005282,0.876228,0.664551
1755158287179,0.670930,0.817221,0.717703,1.277926,0.001115,0.873349,0.681641
1755158287207,0.673615,0.815372,0.721077,1.280055,-0.001569,0.871500,0.700195
1755158287238,0.675252,0.813962,0.725448,1.282487,-0.003206,0.870090,0.661377
1755158287266,0.677770,0.811900,0.730884,1.285592,-0.005725,0.868028,0.659424
1755158287297,0.678082,0.810910,0.737228,1.288750,-0.006037,0.867038,0.737305
1755158287330,0.679640,0.809356,0.742264,1.291481,-0.007594,0.865483,0.734863
1755158287358,0.680451,0.808355,0.746134,1.293509,-0.008405,0.864482,0.747070
1755158287387,0.681020,0.807446,0.750171,1.295575,-0.008975,0.863574,0.765381
1755158287419,0.681996,0.806571,0.752339,1.296799,-0.009950,0.862699,0.764160
1755158287449,0.679779,0.807817,0.752383,1.296437,-0.007733,0.863944,0.769287
1755158287479,0.680481,0.807310,0.753116,1.296915,-0.008435,0.863438,0.774170
1755158287508,0.681390,0.806967,0.751986,1.296523,-0.009345,0.863094,0.774414
1755158287538,0.678599,0.808951,0.749210,1.294687,-0.006553,0.865079,0.779785
1755158287568,0.680033,0.808162,0.749095,1.294880,-0.007987,0.864289,0.782471
1755158287597,0.675714,0.810971,0.746392,1.292812,-0.003668,0.867098,0.754639
1755158287628,0.677368,0.810352,0.744247,1.292053,-0.005323,0.866480,0.754883
1755158287663,0.676259,0.811449,0.740790,1.290173,-0.004213,0.867577,0.758545
1755158287688,0.672188,0.814443,0.735218,1.286740,-0.000142,0.870571,0.756104
1755158287717,0.669991,0.816322,0.729876,1.283740,0.002055,0.872450,0.722656
1755158287747,0.667956,0.817980,0.725308,1.281144,0.004089,0.874108,0.722656
1755158287779,0.665354,0.820063,0.719390,1.277780,0.006692,0.876191,0.769775
1755158287809,0.664310,0.821398,0.712126,1.274019,0.007736,0.877525,0.670166
1755158287838,0.657130,0.825946,0.704613,1.269049,0.014915,0.882073,0.662354
1755158287871,0.649424,0.830369,0.700028,1.265426,0.022621,0.886496,0.594727
1755158287898,0.647108,0.832510,0.688213,1.259150,0.024937,0.888637,0.603027
1755158287929,0.639729,0.836453,0.685257,1.256377,0.032317,0.892581,0.599365
1755158287961,0.636241,0.837976,0.688215,1.257238,0.035804,0.894104,0.671387
1755158287989,0.644392,0.834342,0.681802,1.255477,0.027653,0.890469,0.678467
1755158288019,0.642015,0.836089,0.672904,1.250611,0.030030,0.892217,0.549316
1755158288048,0.642408,0.835318,0.682184,1.255317,0.029637,0.891446,0.696045
1755158288082,0.639819,0.836525,0.683561,1.255547,0.032226,0.892653,0.748047
1755158288110,0.641816,0.835602,0.682414,1.255327,0.030230,0.891729,0.707764
1755158288146,0.644062,0.834329,0.684449,1.256738,0.027984,0.890456,0.701172
1755158288168,0.644029,0.834312,0.684929,1.256971,0.028017,0.890440,0.710938
1755158288200,0.642854,0.834977,0.683903,1.256253,0.029192,0.891105,0.652344
1755158288230,0.644798,0.834035,0.683306,1.256298,0.027248,0.890162,0.627686
1755158288262,0.648880,0.831589,0.688393,1.259552,0.023165,0.887716,0.650879
1755158288291,0.653728,0.828534,0.695399,1.263887,0.018317,0.884662,0.699219
1755158288320,0.656742,0.826413,0.701737,1.267558,0.015303,0.882540,0.677002
1755158288349,0.660740,0.823612,0.709053,1.271877,0.011305,0.879740,0.631348
1755158288382,0.669422,0.817589,0.721796,1.279675,0.002624,0.873717,0.728516
1755158288412,0.670853,0.816340,0.725828,1.281905,0.001193,0.872467,0.732666
1755158288440,0.673256,0.814496,0.730150,1.284444,-0.001211,0.870624,0.760498
1755158288468,0.675633,0.812754,0.733547,1.286523,-0.003588,0.868881,0.756592
1755158288503,0.677712,0.811009,0.738045,1.289085,-0.005666,0.867136,0.754150
1755158288537,0.677885,0.810518,0.740971,1.290544,-0.005839,0.866645,0.749512
1755158288562,0.677247,0.810354,0.744714,1.292260,-0.005202,0.866481,0.767578
1755158288593,0.677231,0.809993,0.747304,1.293520,-0.005186,0.866121,0.767822
1755158288620,0.679911,0.808281,0.748748,1.294689,-0.007865,0.864409,0.773926
1755158288652,0.679054,0.808479,0.750675,1.295479,-0.007009,0.864607,0.762207
1755158288683,0.677676,0.809033,0.752143,1.295955,-0.005631,0.865161,0.757324
1755158288710,0.679802,0.808016,0.750966,1.295750,-0.007756,0.864143,0.780273
1755158288740,0.681315,0.807031,0.751844,1.296440,-0.009269,0.863158,0.778076
1755158288770,0.679995,0.807928,0.750826,1.295716,-0.007949,0.864055,0.779541
1755158288801,0.679971,0.807842,0.751495,1.296038,-0.007925,0.863969,0.776123
1755158288834,0.677351,0.810246,0.745063,1.292448,-0.005306,0.866374,0.765625
1755158288862,0.676982,0.810842,0.742278,1.291025,-0.004937,0.866969,0.766113
1755158288895,0.677130,0.811120,0.739642,1.289764,-0.005085,0.867247,0.749756
1755158288923,0.673272,0.813989,0.734102,1.286383,-0.001227,0.870117,0.761475
1755158288950,0.669486,0.816740,0.728716,1.283083,0.002560,0.872868,0.743164
1755158288981,0.668737,0.817642,0.724568,1.280917,0.003308,0.873770,0.715332
1755158289012,0.663015,0.821785,0.715078,1.275248,0.009030,0.877913,0.726318
1755158289045,0.655559,0.826604,0.706383,1.269649,0.016486,0.882731,0.685303
1755158289073,0.650204,0.829828,0.701594,1.266339,0.021841,0.885956,0.714600
1755158289101,0.645043,0.832300,0.703495,1.266377,0.027003,0.888428,0.652832
1755158289133,0.639293,0.835951,0.694765,1.261035,0.032752,0.892079,0.633301
1755158289163,0.640914,0.835617,0.688605,1.258254,0.031132,0.891745,0.644287
1755158289193,0.643490,0.834828,0.681347,1.255090,0.028556,0.890956,0.655029
1755158289222,0.642905,0.835127,0.681294,1.254961,0.029140,0.891255,0.690918
1755158289251,0.643000,0.834812,0.685213,1.256932,0.029046,0.890940,0.723145
1755158289282,0.638929,0.836847,0.685340,1.256278,0.033117,0.892974,0.722656
1755158289316,0.642811,0.834855,0.685949,1.257265,0.029235,0.890983,0.671143
1755158289342,0.641184,0.835581,0.687246,1.257625,0.030862,0.891709,0.708496
1755158289374,0.642708,0.834497,0.691463,1.259992,0.029337,0.890625,0.682617
1755158289401,0.646653,0.832567,0.690533,1.260224,0.025393,0.888695,0.669189
1755158289432,0.649254,0.831173,0.691336,1.261081,0.022792,0.887301,0.715576
1755158289464,0.653492,0.828808,0.693540,1.262922,0.018553,0.884936,0.703613
1755158289492,0.659381,0.824841,0.703716,1.269001,0.012665,0.880969,0.680664
1755158289521,0.664661,0.820917,0.714937,1.275466,0.007384,0.877045,0.699951
1755158289554,0.666681,0.818899,0.723356,1.279962,0.005365,0.875027,0.690918
1755158289584,0.670713,0.816169,0.727889,1.282892,0.001332,0.872297,0.699463
1755158289614,0.675632,0.813342,0.728851,1.284222,-0.003587,0.869469,0.691650
1755158289643,0.678967,0.810990,0.732801,1.286739,-0.006921,0.867118,0.723389
1755158289671,0.685145,0.806751,0.738513,1.290609,-0.013099,0.862879,0.748779
1755158289702,0.687746,0.804613,0.743239,1.293368,-0.015701,0.860741,0.731201
1755158289734,0.690538,0.802612,0.745990,1.295195,-0.018492,0.858740,0.748047
1755158289768,0.692852,0.800795,0.749230,1.297175,-0.020806,0.856923,0.744385
1755158289794,0.696924,0.797661,0.754166,1.300282,-0.024878,0.853789,0.747314
1755158289853,0.703575,0.792221,0.763394,1.305911,-0.031529,0.848349,0.780029
1755158289885,0.713275,0.784704,0.772681,1.312081,-0.041229,0.840832,0.793701
1755158289914,0.721659,0.778046,0.780348,1.317228,-0.049614,0.834173,0.791992
1755158289946,0.730271,0.769987,0.793146,1.324861,-0.058226,0.826115,0.766602
1755158289972,0.741900,0.759631,0.805525,1.332789,-0.069855,0.815758,0.756836
1755158290002,0.749119,0.752146,0.816613,1.339313,-0.077073,0.808274,0.654053
1755158290033,0.753029,0.746098,0.830003,1.346336,-0.080983,0.802226,0.719482
1755158290065,0.754499,0.740968,0.845244,1.353787,-0.082453,0.797095,0.713135
1755158290094,0.758668,0.733256,0.861564,1.362180,-0.086622,0.789384,0.656494
1755158290123,0.758061,0.728827,0.877078,1.369347,-0.086015,0.784955,0.683105
1755158290152,0.748576,0.729692,0.894669,1.375954,-0.076530,0.785820,0.682129
1755158290192,0.735804,0.733155,0.909980,1.380937,-0.063759,0.789282,0.656250
1755158290215,0.724713,0.734947,0.925360,1.386235,-0.052667,0.791075,0.676758
1755158290245,0.703487,0.742735,0.941020,1.389988,-0.031441,0.798862,0.638428
1755158290277,0.681752,0.748936,0.958977,1.394750,-0.009706,0.805063,0.621094
1755158290303,0.656690,0.756572,0.975659,1.398411,0.015355,0.812700,0.634766
1755158290334,0.624549,0.766895,0.992087,1.400866,0.047496,0.823023,0.623535
1755158290366,0.596571,0.773976,1.007521,1.403579,0.075475,0.830104,0.619629
1755158290392,0.570674,0.779849,1.020842,1.405685,0.101372,0.835977,0.601562
1755158290422,0.547438,0.783715,1.033837,1.408090,0.124608,0.839842,0.605225
1755158290450,0.523189,0.786695,1.047676,1.410759,0.148856,0.842822,0.629639
1755158290484,0.499020,0.787742,1.063377,1.414330,0.173026,0.843870,0.631592
1755158290524,0.478815,0.788888,1.074592,1.416459,0.193230,0.845015,0.631104
1755158290546,0.458435,0.790605,1.083702,1.417613,0.213611,0.846732,0.673096
1755158290573,0.440562,0.790984,1.092846,1.419177,0.231483,0.847112,0.644043
1755158290604,0.423965,0.791414,1.100444,1.420232,0.248080,0.847542,0.684082
1755158290635,0.409422,0.790661,1.108510,1.421818,0.262624,0.846789,0.675537
1755158290665,0.393068,0.790980,1.114912,1.422386,0.278977,0.847107,0.662109
1755158290699,0.381358,0.790625,1.120109,1.423083,0.290688,0.846752,0.716797
1755158290723,0.372081,0.791322,1.122338,1.422771,0.299964,0.847449,0.751953
1755158290754,0.363772,0.791943,1.124186,1.422426,0.308273,0.848070,0.759277
1755158290785,0.356521,0.791835,1.126774,1.422578,0.315524,0.847962,0.704102
1755158290818,0.349992,0.793641,1.125805,1.421195,0.322054,0.849768,0.675049
1755158290844,0.339878,0.794155,1.127980,1.420753,0.332168,0.850283,0.683105
1755158290874,0.328614,0.795443,1.128953,1.419596,0.343431,0.851570,0.713623
1755158290905,0.312931,0.797163,1.130006,1.417853,0.359115,0.853291,0.692139
1755158290935,0.293220,0.798127,1.132644,1.416287,0.378825,0.854255,0.667725
1755158290966,0.276170,0.800903,1.131043,1.413143,0.395875,0.857030,0.680908
1755158290997,0.256213,0.803085,1.130223,1.409963,0.415832,0.859213,0.647217
1755158291024,0.234920,0.803512,1.131694,1.407675,0.437126,0.859639,0.663330
1755158291054,0.211498,0.802990,1.133949,1.405476,0.460548,0.859117,0.641602
1755158291088,0.192720,0.804253,1.132149,1.402043,0.479325,0.860380,0.660400
1755158291120,0.169753,0.805416,1.129637,1.397709,0.502292,0.861544,0.693359
1755158291147,0.147949,0.806538,1.126240,1.393129,0.524096,0.862665,0.690430
1755158291175,0.129120,0.806279,1.124637,1.389808,0.542925,0.862406,0.721924
1755158291207,0.109509,0.804253,1.125226,1.387425,0.562536,0.860380,0.689453
1755158291239,0.097426,0.803629,1.124134,1.385275,0.574620,0.859757,0.651123
1755158291271,0.085598,0.803127,1.122593,1.382951,0.586447,0.859255,0.665283
1755158291298,0.069316,0.803534,1.118104,1.378633,0.602730,0.859661,0.639404
1755158291327,0.054088,0.801302,1.117930,1.376509,0.617957,0.857429,0.607300
1755158291356,0.040265,0.800918,1.114508,1.373032,0.631780,0.857045,0.601440
1755158291386,0.018144,0.798598,1.111157,1.368487,0.653902,0.854725,0.645996
1755158291422,-0.001582,0.797174,1.106154,1.363475,0.673628,0.853301,0.586426
1755158291448,-0.024155,0.798813,1.093474,1.354390,0.696201,0.854941,0.541016
1755158291477,-0.036617,0.800626,1.084171,1.348247,0.708662,0.856754,0.575684
1755158291506,-0.054727,0.800835,1.074307,1.341069,0.726773,0.856962,0.595215
1755158291539,-0.072625,0.800056,1.065521,1.334428,0.744670,0.856183,0.644165
1755158291574,-0.084500,0.799754,1.058768,1.329562,0.756546,0.855881,0.646118
1755158291597,-0.099046,0.798434,1.051796,1.324229,0.771091,0.854562,0.631104
1755158291626,-0.113965,0.795771,1.046643,1.319735,0.786011,0.851898,0.611816
1755158291657,-0.127875,0.793552,1.040750,1.315005,0.799920,0.849680,0.599121
1755158291691,-0.142335,0.787973,1.040695,1.313091,0.814381,0.844101,0.623413
1755158291723,-0.155497,0.783333,1.039263,1.310671,0.827543,0.839461,0.565796
1755158291749,-0.173039,0.778837,1.033205,1.305389,0.845085,0.834964,0.640869
1755158291777,-0.186658,0.775555,1.027453,1.300763,0.858703,0.831682,0.618408
1755158291811,-0.195573,0.771695,1.026900,1.299340,0.867618,0.827823,0.600342
1755158291840,-0.204458,0.765729,1.030412,1.299959,0.876504,0.821857,0.491455
1755158291872,-0.214642,0.760616,1.030627,1.298768,0.886687,0.816744,0.425049
1755158291926,-0.232749,0.752965,1.027354,1.294830,0.904795,0.809093,0.419189
1755158706634,0.393320,0.593685,1.355781,1.531439,0.000000,0.200090,0.400391
1755158706662,0.367633,0.635716,1.323165,1.513292,0.000000,0.174403,0.382080
1755158706691,0.381940,0.613850,1.340492,1.523026,0.000000,0.188710,0.495728
1755158706753,0.400529,0.637034,1.312826,1.513191,0.000000,0.207299,0.394775
1755158706811,0.411079,0.661482,1.283993,1.501727,0.000000,0.217849,0.524414
1755158706841,0.445273,0.669319,1.262966,1.497110,0.000000,0.252043,0.674561
1755158706873,0.474971,0.680370,1.237471,1.489911,0.000000,0.281741,0.692139
1755158706900,0.484810,0.690282,1.220706,1.483796,0.000000,0.291580,0.744385
1755158706936,0.500808,0.698613,1.201947,1.477682,0.000000,0.307578,0.712891
1755158706962,0.523152,0.706644,1.178672,1.470477,0.000000,0.329922,0.777588
1755158706992,0.543090,0.712767,1.157659,1.463953,0.000000,0.349860,0.728760
1755158707023,0.559866,0.720685,1.134492,1.455991,0.000000,0.366636,0.683838
1755158707051,0.579501,0.730210,1.104645,1.445430,0.000000,0.386271,0.717041
1755158707087,0.592003,0.736136,1.084338,1.438108,0.000000,0.398773,0.750000
1755158707113,0.607274,0.741069,1.061865,1.430218,0.000000,0.414044,0.676025
1755158707143,0.624915,0.745378,1.036304,1.421279,0.000000,0.431685,0.711670
1755158707171,0.640341,0.746661,1.016986,1.414850,0.000000,0.447111,0.727051
1755158707205,0.648832,0.753733,0.992026,1.404711,0.000000,0.455602,0.678223
1755158707239,0.658455,0.756924,0.972514,1.397241,0.000000,0.465225,0.719482
1755158707262,0.669518,0.758434,0.953614,1.390272,0.000000,0.476288,0.666504
1755158707295,0.678862,0.761059,0.932928,1.382179,0.000000,0.485632,0.679688
1755158707322,0.684972,0.767889,0.903898,1.369624,0.000000,0.491742,0.690186
1755158707354,0.689561,0.772731,0.880663,1.359475,0.000000,0.496331,0.750977
1755158707387,0.696940,0.773830,0.862176,1.351993,0.000000,0.503710,0.735107
1755158707413,0.706514,0.771335,0.850190,1.347940,0.000000,0.513284,0.783447
1755158707443,0.714042,0.770270,0.836556,1.342758,0.000000,0.520812,0.779053
1755158707474,0.721287,0.767056,0.831122,1.341415,0.000000,0.528057,0.764404
1755158707502,0.726361,0.764327,0.828954,1.341254,0.000000,0.533131,0.765381
1755158707538,0.728108,0.763274,0.828618,1.341393,0.000000,0.534878,0.709473
1755158707562,0.728047,0.764825,0.822516,1.338485,0.000000,0.534817,0.644287
1755158707596,0.728907,0.765580,0.817036,1.336027,0.000000,0.535677,0.663330
1755158707637,0.726987,0.767897,0.812462,1.333518,0.000000,0.533757,0.665039
1755158707665,0.723986,0.771758,0.803889,1.328911,0.000000,0.530756,0.658203
1755158707686,0.720421,0.775345,0.797778,1.325374,0.000000,0.527191,0.666016
1755158707714,0.714575,0.780615,0.790012,1.320642,0.000000,0.521345,0.627441
1755158707744,0.708835,0.785561,0.782847,1.316208,0.000000,0.515605,0.617432
1755158707775,0.703357,0.790337,0.775034,1.311496,0.000000,0.510127,0.637695
1755158707803,0.700410,0.792737,0.771482,1.309271,0.000000,0.507180,0.645508
1755158707835,0.697086,0.795225,0.768535,1.307271,0.000000,0.503856,0.638672
1755158707863,0.693254,0.797886,0.766152,1.305455,0.000000,0.500024,0.630127
1755158707893,0.692180,0.798553,0.765917,1.305155,0.000000,0.498950,0.679688
1755158707924,0.690685,0.799990,0.762503,1.303242,0.000000,0.497455,0.656006
1755158707953,0.689723,0.801074,0.759242,1.301494,0.000000,0.496493,0.621338
1755158707988,0.689188,0.801611,0.757809,1.300706,0.000000,0.495958,0.621338
1755158708021,0.689786,0.801515,0.756217,1.300037,0.000000,0.496556,0.595947
1755158708051,0.688655,0.802083,0.756767,1.300107,0.000000,0.495424,0.621338
1755158708075,0.688506,0.802158,0.756835,1.300115,0.000000,0.495276,0.629883
1755158708104,0.689747,0.801605,0.755780,1.299818,0.000000,0.496517,0.641357
1755158708137,0.689852,0.801455,0.756357,1.300116,0.000000,0.496622,0.643066
1755158708165,0.687341,0.802797,0.757040,1.300012,0.000000,0.494111,0.713623
1755158708195,0.686952,0.803198,0.755909,1.299395,0.000000,0.493721,0.700195
1755158708227,0.688538,0.802410,0.755098,1.299276,0.000000,0.495308,0.620117
1755158708255,0.686911,0.803062,0.756926,1.299882,0.000000,0.493681,0.684326
1755158708287,0.685848,0.803823,0.755960,1.299228,0.000000,0.492618,0.708252
1755158708319,0.685973,0.803565,0.757156,1.299831,0.000000,0.492743,0.670410
1755158708347,0.685868,0.803870,0.755583,1.299048,0.000000,0.492638,0.707520
1755158708377,0.684620,0.804740,0.754565,1.298337,0.000000,0.491390,0.711426
1755158708405,0.683887,0.805277,0.753788,1.297832,0.000000,0.490657,0.721680
1755158708438,0.683942,0.805159,0.754355,1.298118,0.000000,0.490712,0.723877
1755158708468,0.684135,0.804999,0.754681,1.298310,0.000000,0.490905,0.721436
1755158708494,0.683884,0.805165,0.754535,1.298195,0.000000,0.490654,0.745117
1755158708527,0.683209,0.805414,0.755417,1.298507,0.000000,0.489978,0.717041
1755158708555,0.685924,0.803658,0.756742,1.299621,0.000000,0.492694,0.706299
1755158708588,0.684416,0.804837,0.754696,1.298365,0.000000,0.491186,0.718018
1755158708622,0.683514,0.805340,0.754765,1.298243,0.000000,0.490284,0.747559
1755158708647,0.684193,0.804837,0.755524,1.298729,0.000000,0.490962,0.735107
1755158708676,0.683718,0.804952,0.756525,1.299134,0.000000,0.490488,0.706787
1755158708709,0.685740,0.803623,0.757639,1.300025,0.000000,0.492510,0.689697
1755158708738,0.684353,0.804891,0.754579,1.298298,0.000000,0.491123,0.697754
1755158708767,0.683095,0.805685,0.754068,1.297831,0.000000,0.489865,0.699463
1755158708797,0.684060,0.804824,0.756093,1.298983,0.000000,0.490830,0.726318
1755158708830,0.684009,0.804964,0.755379,1.298627,0.000000,0.490778,0.709961
1755158708882,0.683302,0.805381,0.755283,1.298458,0.000000,0.490072,0.732666
1755158708895,0.682116,0.805915,0.756185,1.298691,0.000000,0.488886,0.717773
1755158708917,0.683136,0.805387,0.755855,1.298707,0.000000,0.489906,0.704346
1755158708945,0.683985,0.805022,0.755088,1.298481,0.000000,0.490755,0.718018
1755158708977,0.683741,0.805337,0.753945,1.297883,0.000000,0.490511,0.706055
1755158709006,0.682535,0.805932,0.754534,1.297961,0.000000,0.489304,0.697998
1755158709041,0.683345,0.805465,0.754579,1.298123,0.000000,0.490114,0.714111
1755158709069,0.683017,0.805660,0.754525,1.298040,0.000000,0.489787,0.708984
1755158709096,0.683179,0.805636,0.754077,1.297850,0.000000,0.489949,0.694092
1755158709128,0.682848,0.805832,0.754024,1.297767,0.000000,0.489618,0.678711
1755158709157,0.684122,0.804929,0.755186,1.298553,0.000000,0.490892,0.687988
1755158709187,0.683125,0.805526,0.754994,1.298287,0.000000,0.489895,0.700684
1755158709216,0.683631,0.805182,0.755359,1.298552,0.000000,0.490401,0.682373
1755158709250,0.683777,0.805284,0.754151,1.297990,0.000000,0.490547,0.688965
1755158709281,0.681004,0.806820,0.754400,1.297630,0.000000,0.487774,0.675537
1755158709307,0.682865,0.805752,0.754486,1.297995,0.000000,0.489635,0.701660
1755158709341,0.683287,0.805514,0.754477,1.298063,0.000000,0.490057,0.713135
1755158709369,0.684109,0.804871,0.755609,1.298756,0.000000,0.490879,0.716064
1755158709398,0.682614,0.805884,0.754553,1.297984,0.000000,0.489384,0.672607
1755158709426,0.684247,0.804813,0.755480,1.298717,0.000000,0.491017,0.690186
1755158709459,0.683891,0.804875,0.756389,1.299097,0.000000,0.490661,0.670410
1755158709489,0.681643,0.806478,0.754273,1.297679,0.000000,0.488413,0.692871
1755158709516,0.682464,0.805866,0.755227,1.298285,0.000000,0.489234,0.690674
1755158709548,0.682501,0.806015,0.754114,1.297751,0.000000,0.489271,0.672363
1755158709576,0.683522,0.805206,0.755606,1.298653,0.000000,0.490292,0.670410
1755158709608,0.681819,0.806070,0.756268,1.298680,0.000000,0.488589,0.667969
1755158709643,0.682269,0.805979,0.755215,1.298245,0.000000,0.489039,0.677002
1755158709668,0.683582,0.805044,0.756433,1.299065,0.000000,0.490352,0.665527
1755158709700,0.682358,0.805807,0.756001,1.298643,0.000000,0.489128,0.673584
1755158709730,0.681391,0.806471,0.755245,1.298108,0.000000,0.488161,0.660645
1755158709759,0.682555,0.805851,0.754985,1.298184,0.000000,0.489325,0.677246
1755158709790,0.682845,0.805469,0.756394,1.298918,0.000000,0.489615,0.686035
1755158709818,0.682824,0.805604,0.755599,1.298529,0.000000,0.489594,0.684570
1755158709847,0.683073,0.805504,0.755330,1.298441,0.000000,0.489843,0.694336
1755158709876,0.682980,0.805480,0.755826,1.298666,0.000000,0.489750,0.707031
1755158709909,0.683633,0.805004,0.756500,1.299107,0.000000,0.490403,0.666260
1755158709941,0.684561,0.804737,0.754806,1.298444,0.000000,0.491331,0.663818
1755158709970,0.683749,0.805049,0.755784,1.298779,0.000000,0.490519,0.660645
1755158709998,0.685498,0.803837,0.757153,1.299747,0.000000,0.492268,0.656006
1755158710028,0.684104,0.804692,0.756781,1.299325,0.000000,0.490874,0.663086
1755158710058,0.682523,0.805788,0.755512,1.298434,0.000000,0.489293,0.694580
1755158710089,0.682808,0.805586,0.755777,1.298612,0.000000,0.489578,0.700195
1755158710118,0.682681,0.805811,0.754782,1.298107,0.000000,0.489451,0.657227
1755158710151,0.681235,0.806640,0.754718,1.297825,0.000000,0.488005,0.664307
1755158710185,0.683055,0.805405,0.756035,1.298780,0.000000,0.489825,0.654785
1755158710209,0.683580,0.805103,0.756055,1.298881,0.000000,0.490350,0.669434
1755158710240,0.683442,0.805152,0.756247,1.298950,0.000000,0.490212,0.639648
1755158710277,0.683273,0.805289,0.755989,1.298796,0.000000,0.490043,0.673828
1755158710301,0.683197,0.805393,0.755590,1.298589,0.000000,0.489967,0.676514
1755158710329,0.682355,0.805829,0.755864,1.298576,0.000000,0.489125,0.653809
1755158710359,0.683720,0.805028,0.756029,1.298893,0.000000,0.490490,0.676270
1755158710391,0.682156,0.806020,0.755360,1.298297,0.000000,0.488926,0.657715
1755158710419,0.683645,0.805041,0.756221,1.298973,0.000000,0.490415,0.649902
1755158710449,0.683557,0.804984,0.756906,1.299291,0.000000,0.490327,0.664062
1755158710479,0.683063,0.805392,0.756090,1.298809,0.000000,0.489833,0.659668
1755158710508,0.682082,0.806065,0.755342,1.298275,0.000000,0.488852,0.662842
1755158710543,0.683276,0.805418,0.755136,1.298382,0.000000,0.490046,0.666016
1755158710572,0.683309,0.805308,0.755729,1.298676,0.000000,0.490079,0.691406
1755158710599,0.683321,0.805341,0.755474,1.298554,0.000000,0.490091,0.657227
1755158710638,0.684326,0.804662,0.756159,1.299061,0.000000,0.491096,0.649414
1755158710667,0.683741,0.804886,0.756865,1.299303,0.000000,0.490511,0.662842
1755158710690,0.681898,0.805956,0.756720,1.298913,0.000000,0.488668,0.662354
1755158710723,0.683030,0.805561,0.755115,1.298329,0.000000,0.489800,0.664307
1755158710754,0.682424,0.805871,0.755336,1.298332,0.000000,0.489194,0.648193
1755158710783,0.682909,0.805477,0.756109,1.298791,0.000000,0.489679,0.659424
1755158710810,0.684704,0.804311,0.757026,1.299548,0.000000,0.491474,0.680664
1755158710842,0.685081,0.804222,0.756214,1.299219,0.000000,0.491851,0.669434
1755158710872,0.683346,0.805121,0.756798,1.299201,0.000000,0.490116,0.682373
1755158710901,0.681418,0.806465,0.755185,1.298084,0.000000,0.488188,0.657227
1755158710929,0.681724,0.806269,0.755334,1.298209,0.000000,0.488494,0.685303
1755158710960,0.683067,0.805533,0.755164,1.298359,0.000000,0.489837,0.674316
1755158710993,0.683189,0.805440,0.755319,1.298455,0.000000,0.489959,0.657715
1755158711021,0.681309,0.806543,0.755078,1.298013,0.000000,0.488079,0.669922
1755158711051,0.680456,0.807144,0.754302,1.297488,0.000000,0.487226,0.664551
1755158711082,0.679653,0.807833,0.752749,1.296592,0.000000,0.486423,0.686279
1755158711112,0.682190,0.806281,0.753528,1.297411,0.000000,0.488960,0.702148
1755158711143,0.681490,0.806637,0.753799,1.297422,0.000000,0.488260,0.693604
1755158711170,0.681287,0.806866,0.753045,1.297020,0.000000,0.488057,0.689453
1755158711203,0.681119,0.806838,0.753851,1.297383,0.000000,0.487889,0.656494
1755158711232,0.683570,0.804939,0.757145,1.299409,0.000000,0.490340,0.679199
1755158711264,0.682867,0.805736,0.754584,1.298043,0.000000,0.489637,0.653809
1755158711297,0.682364,0.805943,0.755092,1.298203,0.000000,0.489134,0.666260
1755158711322,0.682045,0.806044,0.755615,1.298401,0.000000,0.488815,0.687012
1755158711351,0.682229,0.806012,0.755142,1.298203,0.000000,0.488999,0.717773
1755158711381,0.682707,0.805760,0.755015,1.298224,0.000000,0.489477,0.698486
1755158711412,0.682776,0.805557,0.756084,1.298756,0.000000,0.489545,0.684082
1755158711443,0.682664,0.805624,0.756054,1.298722,0.000000,0.489434,0.662109
1755158711474,0.682964,0.805482,0.755878,1.298688,0.000000,0.489734,0.674316
1755158711500,0.680321,0.807158,0.754709,1.297662,0.000000,0.487091,0.656982
1755158711532,0.680415,0.807157,0.754366,1.297511,0.000000,0.487185,0.671143
1755158711561,0.683242,0.805401,0.755377,1.298493,0.000000,0.490012,0.663574
1755158711593,0.683240,0.805195,0.756708,1.299140,0.000000,0.490010,0.666748
1755158711622,0.682659,0.805729,0.755398,1.298402,0.000000,0.489429,0.672363
1755158711653,0.682182,0.805963,0.755634,1.298434,0.000000,0.488952,0.673096
1755158711682,0.681890,0.806117,0.755710,1.298420,0.000000,0.488659,0.663818
1755158711711,0.684621,0.804581,0.755596,1.298838,0.000000,0.491391,0.663330
1755158711743,0.682471,0.805982,0.754445,1.297906,0.000000,0.489241,0.701660
1755158711773,0.682255,0.805844,0.756134,1.298690,0.000000,0.489025,0.673340
1755158711804,0.680979,0.806859,0.754231,1.297544,0.000000,0.487749,0.693848
1755158711831,0.681949,0.806267,0.754516,1.297850,0.000000,0.488719,0.673828
1755158711861,0.684638,0.804360,0.756954,1.299501,0.000000,0.491408,0.678223
1755158711896,0.684168,0.804647,0.756833,1.299361,0.000000,0.490938,0.636963
1755158711924,0.682098,0.806051,0.755370,1.298291,0.000000,0.488868,0.682861
1755158711954,0.682436,0.806018,0.754336,1.297847,0.000000,0.489206,0.681152
1755158711982,0.683478,0.805125,0.756288,1.298977,0.000000,0.490248,0.664307
1755158712015,0.683488,0.805100,0.756412,1.299039,0.000000,0.490258,0.665039
1755158712045,0.683030,0.805530,0.755323,1.298430,0.000000,0.489800,0.667480
1755158712073,0.681767,0.806380,0.754449,1.297786,0.000000,0.488537,0.656982
1755158712103,0.681543,0.806235,0.756215,1.298606,0.000000,0.488313,0.668945
1755158712133,0.684149,0.804952,0.754936,1.298436,0.000000,0.490919,0.642334
1755158712163,0.682213,0.805950,0.755600,1.298423,0.000000,0.488983,0.674561
1755158712202,0.680626,0.806741,0.756299,1.298488,0.000000,0.487396,0.655273
1755158712223,0.682293,0.805985,0.755083,1.298186,0.000000,0.489063,0.667236
1755158712252,0.682324,0.805980,0.755000,1.298151,0.000000,0.489094,0.664307
1755158712283,0.685388,0.804021,0.756379,1.299352,0.000000,0.492158,0.666748
1755158712313,0.686300,0.803375,0.757172,1.299896,0.000000,0.493070,0.678223
1755158712344,0.683994,0.804780,0.756619,1.299227,0.000000,0.490764,0.694580
1755158712373,0.683146,0.805354,0.756035,1.298796,0.000000,0.489916,0.678711
1755158712403,0.683944,0.805078,0.754879,1.298373,0.000000,0.490714,0.676025
1755158712435,0.685801,0.803890,0.755698,1.299093,0.000000,0.492571,0.658203
1755158712463,0.685178,0.804102,0.756632,1.299439,0.000000,0.491948,0.687988
1755158712494,0.682582,0.805654,0.756163,1.298761,0.000000,0.489352,0.664307
1755158712525,0.683961,0.804677,0.757399,1.299600,0.000000,0.490731,0.639648
1755158712555,0.684054,0.804853,0.755928,1.298902,0.000000,0.490824,0.651855
1755158712582,0.680861,0.806611,0.756284,1.298521,0.000000,0.487631,0.651123
1755158712616,0.681121,0.806560,0.755658,1.298262,0.000000,0.487891,0.662842
1755158712652,0.684732,0.804341,0.756732,1.299410,0.000000,0.491502,0.659424
1755158712674,0.681146,0.806694,0.754694,1.297798,0.000000,0.487916,0.710205
1755158712704,0.681113,0.806863,0.753712,1.297314,0.000000,0.487883,0.671143
1755158712735,0.683851,0.805147,0.754774,1.298305,0.000000,0.490621,0.665283
1755158712766,0.682013,0.806429,0.753216,1.297229,0.000000,0.488783,0.657471
1755158712795,0.682861,0.805477,0.756284,1.298868,0.000000,0.489631,0.674805
1755158712825,0.681367,0.806397,0.755811,1.298379,0.000000,0.488137,0.672852
1755158712854,0.682030,0.806092,0.755356,1.298272,0.000000,0.488800,0.656982
1755158712883,0.682133,0.805893,0.756266,1.298733,0.000000,0.488903,0.672363
1755158712914,0.682979,0.805476,0.755857,1.298681,0.000000,0.489749,0.674316
1755158712944,0.684265,0.804638,0.756539,1.299235,0.000000,0.491035,0.676514
1755158712975,0.683143,0.805515,0.754997,1.298291,0.000000,0.489913,0.658203
1755158713006,0.681423,0.806521,0.754801,1.297898,0.000000,0.488193,0.674805
1755158713035,0.683255,0.805423,0.755187,1.298403,0.000000,0.490025,0.673340
1755158713063,0.684118,0.804644,0.757039,1.299453,0.000000,0.490888,0.642334
1755158713102,0.682307,0.805803,0.756206,1.298734,0.000000,0.489077,0.660400
1755158713127,0.681407,0.806377,0.755798,1.298380,0.000000,0.488177,0.653809
1755158713157,0.683969,0.804786,0.756673,1.299249,0.000000,0.490739,0.660156
1755158713186,0.682003,0.805859,0.756958,1.299047,0.000000,0.488773,0.667480
1755158713213,0.682289,0.805801,0.756286,1.298770,0.000000,0.489059,0.668457
1755158713246,0.682309,0.805937,0.755334,1.298311,0.000000,0.489079,0.671631
1755158713276,0.682051,0.806091,0.755282,1.298241,0.000000,0.488821,0.661621
1755158713305,0.682202,0.805886,0.756063,1.298646,0.000000,0.488972,0.654785
1755158713335,0.683496,0.805076,0.756537,1.299101,0.000000,0.490266,0.656006
1755158713364,0.683355,0.805414,0.754875,1.298269,0.000000,0.490125,0.648438
1755158713397,0.683137,0.805375,0.755931,1.298744,0.000000,0.489907,0.639160
1755158713429,0.680797,0.806947,0.754335,1.297563,0.000000,0.487566,0.646973
1755158713455,0.682185,0.805732,0.757108,1.299151,0.000000,0.488955,0.639893
1755158713486,0.682311,0.805692,0.756910,1.299077,0.000000,0.489081,0.661621
1755158713515,0.682743,0.805462,0.756809,1.299102,0.000000,0.489513,0.645264
1755158713550,0.683227,0.805199,0.756731,1.299148,0.000000,0.489997,0.666748
1755158713579,0.681295,0.806400,0.756060,1.298488,0.000000,0.488065,0.670898
1755158713611,0.681607,0.806372,0.755096,1.298073,0.000000,0.488377,0.663574
1755158713635,0.684302,0.804690,0.756068,1.299013,0.000000,0.491072,0.657715
1755158713664,0.682640,0.805612,0.756227,1.298802,0.000000,0.489410,0.663086
1755158713700,0.680858,0.806765,0.755293,1.298039,0.000000,0.487628,0.652588
1755158713729,0.682703,0.805580,0.756198,1.298799,0.000000,0.489473,0.671875
1755158713762,0.681007,0.806612,0.755742,1.298283,0.000000,0.487777,0.648193
1755158713786,0.682229,0.806156,0.754207,1.297749,0.000000,0.488999,0.662354
1755158713816,0.682673,0.805476,0.756975,1.299171,0.000000,0.489443,0.635254
1755158713851,0.682094,0.805827,0.756834,1.299002,0.000000,0.488864,0.677734
1755158713899,0.682852,0.805473,0.756342,1.298894,0.000000,0.489622,0.678467
1755158713913,0.681864,0.806271,0.754807,1.297977,0.000000,0.488634,0.670166
1755158713936,0.680080,0.807509,0.753300,1.296935,0.000000,0.486850,0.630859
1755158713967,0.683129,0.805343,0.756168,1.298858,0.000000,0.489899,0.678711
1755158714000,0.682587,0.805840,0.754945,1.298169,0.000000,0.489357,0.657227
1755158714029,0.683209,0.805244,0.756506,1.299036,0.000000,0.489979,0.662598
1755158714056,0.683340,0.805170,0.756505,1.299058,0.000000,0.490110,0.681641
1755158714088,0.683023,0.805346,0.756534,1.299017,0.000000,0.489793,0.657715
1755158714117,0.682010,0.806029,0.755838,1.298504,0.000000,0.488780,0.660400
1755158714151,0.681900,0.805967,0.756639,1.298874,0.000000,0.488670,0.672607
1755158714181,0.682764,0.805549,0.756173,1.298797,0.000000,0.489534,0.673828
1755158714209,0.682823,0.805472,0.756452,1.298943,0.000000,0.489593,0.661865
1755158714237,0.684114,0.804656,0.756975,1.299421,0.000000,0.490883,0.704346
1755158714268,0.681929,0.806223,0.754879,1.298024,0.000000,0.488699,0.689209
1755158714298,0.682645,0.805742,0.755362,1.298382,0.000000,0.489415,0.687500
1755158714329,0.683867,0.804910,0.756246,1.299024,0.000000,0.490637,0.689209
1755158714359,0.682500,0.805551,0.757124,1.299214,0.000000,0.489270,0.660645
1755158714388,0.682315,0.805848,0.755893,1.298583,0.000000,0.489085,0.676758
1755158714416,0.681728,0.806244,0.755480,1.298280,0.000000,0.488498,0.649414
1755158714454,0.681309,0.806608,0.754656,1.297807,0.000000,0.488079,0.667725
1755158714479,0.681933,0.806047,0.756001,1.298570,0.000000,0.488703,0.656494
1755158714507,0.682369,0.805726,0.756481,1.298878,0.000000,0.489139,0.658691
1755158714538,0.681327,0.806419,0.755819,1.298376,0.000000,0.488097,0.652344
1755158714571,0.680856,0.806671,0.755908,1.298338,0.000000,0.487626,0.671631
1755158714598,0.681514,0.806253,0.756208,1.298597,0.000000,0.488284,0.658691
1755158714629,0.680944,0.806910,0.754029,1.297439,0.000000,0.487714,0.666016
1755158714657,0.683850,0.804800,0.757013,1.299393,0.000000,0.490620,0.664062
1755158714687,0.683178,0.805337,0.756022,1.298795,0.000000,0.489948,0.690918
1755158714717,0.682277,0.805865,0.755918,1.298589,0.000000,0.489047,0.671875
1755158714750,0.682575,0.805681,0.756017,1.298689,0.000000,0.489345,0.666504
1755158714781,0.684124,0.804708,0.756602,1.299242,0.000000,0.490894,0.668945
1755158714809,0.683719,0.805025,0.756050,1.298903,0.000000,0.490489,0.678467
1755158714838,0.681508,0.806438,0.755028,1.298023,0.000000,0.488278,0.671143
1755158714869,0.682521,0.805700,0.756094,1.298717,0.000000,0.489291,0.657471
1755158714899,0.681530,0.806422,0.755053,1.298039,0.000000,0.488300,0.670898
1755158714930,0.682206,0.806038,0.755062,1.298160,0.000000,0.488976,0.682617
1755158714958,0.684810,0.804246,0.757056,1.299581,0.000000,0.491580,0.665283
1755158714990,0.682570,0.805754,0.755562,1.298466,0.000000,0.489340,0.655762
1755158715018,0.684756,0.804308,0.756854,1.299473,0.000000,0.491526,0.664307
1755158715050,0.682937,0.805236,0.757552,1.299497,0.000000,0.489707,0.633301
1755158715081,0.683487,0.805152,0.756082,1.298878,0.000000,0.490257,0.680664
1755158715108,0.682558,0.805858,0.754927,1.298156,0.000000,0.489328,0.673584
1755158715141,0.682697,0.805542,0.756462,1.298926,0.000000,0.489467,0.632812
1755158715168,0.680823,0.806868,0.754752,1.297770,0.000000,0.487593,0.703125
1755158715198,0.683358,0.805393,0.754998,1.298329,0.000000,0.490128,0.672363
1755158715231,0.681917,0.806139,0.755466,1.298307,0.000000,0.488687,0.656982
1755158715258,0.682259,0.805796,0.756431,1.298835,0.000000,0.489029,0.643799
1755158715288,0.683729,0.804859,0.757081,1.299406,0.000000,0.490499,0.680176
1755158715319,0.683033,0.805446,0.755855,1.298689,0.000000,0.489803,0.672119
1755158715351,0.682282,0.805918,0.755559,1.298415,0.000000,0.489052,0.680420
1755158715383,0.682400,0.805777,0.756037,1.298668,0.000000,0.489170,0.666016
1755158715415,0.682726,0.805771,0.754878,1.298161,0.000000,0.489496,0.666748
1755158715439,0.682034,0.805887,0.756668,1.298911,0.000000,0.488804,0.642822
1755158715468,0.683468,0.805170,0.756038,1.298853,0.000000,0.490238,0.656982
1755158715500,0.682952,0.805392,0.756494,1.298986,0.000000,0.489722,0.662109
1755158715535,0.680774,0.807040,0.753806,1.297301,0.000000,0.487544,0.693359
1755158715565,0.682644,0.805875,0.754506,1.297966,0.000000,0.489414,0.677002
1755158715593,0.681431,0.806425,0.755398,1.298190,0.000000,0.488201,0.654785
1755158715620,0.682401,0.805679,0.756665,1.298973,0.000000,0.489171,0.656738
1755158715652,0.682237,0.805949,0.755526,1.298391,0.000000,0.489007,0.658936
1755158715686,0.682076,0.805983,0.755894,1.298542,0.000000,0.488846,0.671631
1755158715712,0.681565,0.806506,0.754377,1.297716,0.000000,0.488335,0.691162
1755158715740,0.682524,0.805707,0.756035,1.298688,0.000000,0.489294,0.649170
1755158715771,0.681458,0.806459,0.755077,1.298038,0.000000,0.488228,0.660156
1755158715806,0.682088,0.806047,0.755435,1.298321,0.000000,0.488858,0.652344
1755158715836,0.682694,0.805594,0.756144,1.298771,0.000000,0.489464,0.660400
1755158715862,0.682356,0.805993,0.754798,1.298058,0.000000,0.489125,0.675049
1755158715891,0.682828,0.805544,0.755975,1.298712,0.000000,0.489598,0.674316
1755158715921,0.681966,0.806023,0.756036,1.298592,0.000000,0.488736,0.659668
1755158715950,0.682750,0.805394,0.757218,1.299302,0.000000,0.489520,0.662598
1755158715983,0.683076,0.805342,0.756368,1.298946,0.000000,0.489846,0.658447
1755158716011,0.683295,0.805175,0.756642,1.299117,0.000000,0.490064,0.643311
1755158716041,0.681595,0.806256,0.755891,1.298457,0.000000,0.488365,0.676758
1755158716069,0.682900,0.805511,0.755920,1.298697,0.000000,0.489670,0.651367
1755158716102,0.683767,0.805043,0.755759,1.298769,0.000000,0.490536,0.671143
1755158716133,0.682685,0.805631,0.755932,1.298666,0.000000,0.489455,0.664307
1755158716161,0.682431,0.805720,0.756292,1.298797,0.000000,0.489200,0.632324
1755158716190,0.681927,0.806039,0.756079,1.298606,0.000000,0.488697,0.659912
1755158716222,0.683602,0.805077,0.756145,1.298929,0.000000,0.490372,0.665283
1755158716253,0.681767,0.806149,0.755952,1.298517,0.000000,0.488537,0.641846
1755158716282,0.682439,0.805812,0.755670,1.298496,0.000000,0.489209,0.676514
1755158716314,0.683622,0.804884,0.757310,1.299499,0.000000,0.490392,0.644287
1755158716344,0.682926,0.805454,0.756191,1.298834,0.000000,0.489696,0.679199
1755158716374,0.683085,0.805203,0.757229,1.299366,0.000000,0.489855,0.673584
1755158716402,0.682964,0.805438,0.756157,1.298824,0.000000,0.489734,0.659180
1755158716435,0.684642,0.804550,0.755717,1.298901,0.000000,0.491412,0.680908
1755158716462,0.683023,0.805301,0.756823,1.299158,0.000000,0.489793,0.651611
1755158716492,0.683547,0.805168,0.755760,1.298732,0.000000,0.490317,0.677490
1755158716523,0.683352,0.805191,0.756331,1.298975,0.000000,0.490122,0.660645
1755158716551,0.682848,0.805681,0.755015,1.298249,0.000000,0.489618,0.667969
1755158716587,0.682967,0.805533,0.755536,1.298523,0.000000,0.489737,0.668945
1755158716611,0.682609,0.805969,0.754014,1.297721,0.000000,0.489379,0.663330
1755158716642,0.682576,0.805710,0.755824,1.298595,0.000000,0.489346,0.678711
1755158716674,0.682923,0.805380,0.756678,1.299070,0.000000,0.489693,0.660889
1755158716703,0.683201,0.805237,0.756584,1.299073,0.000000,0.489971,0.658691
1755158716733,0.681976,0.806064,0.755733,1.298447,0.000000,0.488746,0.653809
1755158716762,0.683690,0.804939,0.756713,1.299220,-0.000279,0.490460,0.677246
1755158716794,0.684331,0.804615,0.756443,1.299200,-0.000920,0.491101,0.675537
1755158716821,0.682588,0.805543,0.756855,1.299098,0.000822,0.489358,0.659180
1755158716853,0.683846,0.804889,0.756458,1.299123,-0.000436,0.490616,0.681152
1755158716884,0.682042,0.806060,0.755522,1.298355,0.001369,0.488812,0.672119
1755158716914,0.682073,0.805941,0.756178,1.298680,0.001337,0.488843,0.681641
1755158716943,0.682491,0.805669,0.756400,1.298860,0.000919,0.489261,0.674316
1755158716971,0.682724,0.805533,0.756428,1.298914,0.000687,0.489494,0.677246
1755158717007,0.685073,0.804115,0.756933,1.299567,-0.001662,0.491843,0.672119
1755158717033,0.682039,0.806050,0.755595,1.298390,0.001372,0.488809,0.674316
1755158717066,0.682940,0.805527,0.755672,1.298584,0.000471,0.489710,0.685547
1755158717094,0.683977,0.804667,0.757402,1.299605,-0.000567,0.490747,0.657471
1755158717122,0.681083,0.806610,0.755478,1.298168,0.002327,0.487853,0.632568
1755158717155,0.683206,0.805302,0.756146,1.298861,0.000205,0.489976,0.666748
1755158717188,0.682311,0.805926,0.755402,1.298344,0.001099,0.489081,0.673096
1755158717213,0.682836,0.805407,0.756825,1.299127,0.000574,0.489606,0.666504
1755158717243,0.683722,0.804970,0.756398,1.299072,-0.000311,0.490492,0.667236
1755158717276,0.684873,0.804278,0.756620,1.299380,-0.001463,0.491643,0.660400
1755158717304,0.682956,0.805594,0.755179,1.298347,0.000455,0.489726,0.669922
1755158717335,0.681443,0.806494,0.754907,1.297953,0.001967,0.488213,0.693115
1755158717366,0.681777,0.806122,0.756092,1.298587,0.001634,0.488547,0.679199
1755158717395,0.684659,0.804491,0.756037,1.299060,-0.001248,0.491429,0.686279
1755158717426,0.683777,0.805352,0.753707,1.297774,-0.000366,0.490547,0.696045
1755158717454,0.685122,0.804533,0.754048,1.298173,-0.001711,0.491892,0.622559
1755158717490,0.682044,0.806674,0.751467,1.296384,0.001366,0.488814,0.737793
1755158717514,0.681674,0.807059,0.750292,1.295748,0.001737,0.488444,0.737305
1755158717545,0.681088,0.807817,0.747374,1.294225,0.002322,0.487858,0.735107
1755158717577,0.677419,0.810767,0.741052,1.290503,0.005992,0.484189,0.726074
1755158717603,0.677217,0.811649,0.735278,1.287646,0.006193,0.483987,0.690674
1755158717641,0.673517,0.814208,0.731306,1.285056,0.009893,0.480287,0.731934
1755158717665,0.671038,0.816237,0.725840,1.281943,0.012372,0.477808,0.681152
1755158717694,0.669480,0.817663,0.720859,1.279224,0.013930,0.476250,0.713867
1755158717726,0.666382,0.820062,0.714252,1.275430,0.017029,0.473152,0.727295
1755158717754,0.664813,0.821205,0.711360,1.273730,0.018597,0.471583,0.781494
1755158717788,0.662589,0.822925,0.705978,1.270683,0.020821,0.469359,0.795654
1755158717818,0.658580,0.825525,0.700842,1.267438,0.024830,0.465350,0.763672
1755158717846,0.655434,0.827950,0.691587,1.262295,0.027976,0.462204,0.762451
1755158717875,0.653585,0.829380,0.685343,1.258864,0.029825,0.460355,0.720947
1755158717906,0.650556,0.831023,0.684273,1.257796,0.032854,0.457326,0.705811
1755158717937,0.654648,0.829133,0.680862,1.256821,0.028763,0.461418,0.669678
1755158717966,0.653749,0.829902,0.676099,1.254287,0.029661,0.460519,0.684570
1755158717995,0.655005,0.829183,0.677163,1.255040,0.028405,0.461775,0.737061
1755158718031,0.655429,0.828931,0.677667,1.255367,0.027981,0.462199,0.665771
1755158718055,0.654665,0.829361,0.677154,1.254976,0.028746,0.461435,0.649902
1755158718090,0.661222,0.826029,0.675254,1.255192,0.022189,0.467992,0.673828
1755158718118,0.662354,0.825323,0.676980,1.256253,0.021057,0.469124,0.623535
1755158718148,0.657517,0.827866,0.677195,1.255502,0.025893,0.464287,0.587646
1755158718176,0.655988,0.828579,0.678605,1.255934,0.027422,0.462758,0.561646
1755158718204,0.656405,0.827759,0.687399,1.260385,0.027005,0.463175,0.671875
1755158718239,0.658133,0.827036,0.684837,1.259417,0.025277,0.464903,0.533203
1755158718269,0.659481,0.825957,0.689852,1.262147,0.023930,0.466251,0.564697
1755158718295,0.664193,0.823251,0.692406,1.264247,0.019217,0.470963,0.616699
1755158718325,0.664701,0.821878,0.705084,1.270612,0.018709,0.471471,0.641602
1755158718356,0.670201,0.818235,0.711874,1.274929,0.013209,0.476971,0.687500
1755158718387,0.673910,0.815521,0.718288,1.278736,0.009501,0.480680,0.713623
1755158718416,0.676976,0.813371,0.722305,1.281247,0.006435,0.483746,0.702881
1755158718454,0.679547,0.811212,0.728410,1.284691,0.003864,0.486317,0.708008
1755158718476,0.680896,0.810067,0.731529,1.286454,0.002514,0.487666,0.752930
1755158718509,0.683877,0.807853,0.735650,1.288990,-0.000467,0.490647,0.757568
1755158718538,0.687339,0.805332,0.739730,1.291586,-0.003929,0.494109,0.764648
1755158718568,0.686225,0.806076,0.738947,1.291010,-0.002815,0.492995,0.681885
1755158718597,0.688074,0.804150,0.745184,1.294373,-0.004663,0.494844,0.755615
1755158718626,0.688268,0.803661,0.747802,1.295681,-0.004857,0.495038,0.699219
1755158718658,0.689434,0.802625,0.750271,1.297086,-0.006023,0.496204,0.744385
1755158718687,0.689102,0.802493,0.752429,1.298077,-0.005691,0.495872,0.762695
1755158718717,0.689433,0.802092,0.753806,1.298804,-0.006022,0.496203,0.748779
1755158718748,0.690455,0.801505,0.753774,1.298966,-0.007045,0.497225,0.743408
1755158718777,0.689122,0.802590,0.751706,1.297729,-0.005712,0.495892,0.753662
1755158718807,0.688602,0.802732,0.752751,1.298147,-0.005191,0.495372,0.762207
1755158718843,0.688208,0.803253,0.750804,1.297132,-0.004797,0.494978,0.757568
1755158718871,0.686380,0.804695,0.748144,1.295520,-0.002969,0.493150,0.776367
1755158718911,0.684592,0.806058,0.745780,1.294057,-0.001182,0.491362,0.763184
1755158718930,0.684665,0.806093,0.745249,1.293811,-0.001254,0.491435,0.751221
1755158718958,0.682317,0.808029,0.740934,1.291298,0.001093,0.489087,0.750732
1755158718991,0.682474,0.808329,0.738056,1.289920,0.000936,0.489244,0.736572
1755158719018,0.680130,0.810314,0.732983,1.287031,0.003281,0.486900,0.704346
1755158719048,0.678489,0.811724,0.729065,1.284827,0.004922,0.485259,0.719971
1755158719078,0.674511,0.814910,0.720792,1.280072,0.008900,0.481281,0.709473
1755158719108,0.670389,0.817809,0.714988,1.276495,0.013021,0.477159,0.710693
1755158719138,0.667243,0.819954,0.710768,1.273864,0.016167,0.474013,0.660400
1755158719168,0.664997,0.822012,0.701910,1.269095,0.018414,0.471766,0.661133
1755158719198,0.660590,0.824948,0.695163,1.264978,0.022820,0.467360,0.659180
1755158719228,0.655957,0.828130,0.685529,1.259376,0.027454,0.462727,0.575928
1755158719264,0.655982,0.828289,0.683059,1.258151,0.027429,0.462752,0.677734
1755158719291,0.658241,0.827666,0.674203,1.254138,0.025170,0.465011,0.634521
1755158719320,0.655514,0.829192,0.672519,1.252813,0.027896,0.462284,0.608154
1755158719349,0.659492,0.826946,0.675239,1.254877,0.023919,0.466262,0.639648
1755158719380,0.659006,0.826918,0.679793,1.257061,0.024404,0.465776,0.686035
1755158719407,0.656597,0.828175,0.679947,1.256710,0.026813,0.463367,0.686035
1755158719442,0.656249,0.828227,0.681907,1.257625,0.027161,0.463019,0.745361
1755158719470,0.656801,0.827867,0.682960,1.258247,0.026609,0.463571,0.722656
1755158719499,0.655269,0.828739,0.681920,1.257458,0.028141,0.462039,0.708984
1755158719528,0.655370,0.828780,0.680513,1.256775,0.028041,0.462140,0.667725
1755158719558,0.660382,0.825972,0.683066,1.258934,0.023028,0.467152,0.673096
1755158719589,0.655569,0.828706,0.680044,1.256576,0.027842,0.462339,0.672119
1755158719618,0.658736,0.826892,0.682343,1.258282,0.024675,0.465506,0.638428
1755158719650,0.660913,0.825392,0.687274,1.261120,0.022497,0.467683,0.606445
1755158719679,0.664865,0.822274,0.699772,1.268014,0.018546,0.471634,0.609619
1755158719709,0.669019,0.819129,0.709391,1.273497,0.014392,0.475789,0.659424
1755158719740,0.671020,0.817219,0.717269,1.277729,0.012390,0.477790,0.675049
1755158719770,0.672533,0.815979,0.720981,1.279819,0.010878,0.479303,0.650879
1755158719800,0.675308,0.813856,0.726083,1.282809,0.008103,0.482077,0.701660
1755158719829,0.679174,0.811078,0.731178,1.285981,0.004236,0.485944,0.738037
1755158719858,0.680925,0.809598,0.735071,1.288191,0.002485,0.487695,0.754883
1755158719890,0.683824,0.807206,0.740707,1.291450,-0.000413,0.490593,0.743652
1755158719927,0.684735,0.806345,0.743174,1.292812,-0.001325,0.491505,0.741455
1755158719955,0.683987,0.806147,0.747557,1.294818,-0.000576,0.490757,0.764160
1755158719982,0.683021,0.806216,0.750821,1.296239,0.000389,0.489791,0.768555
1755158720008,0.684656,0.804763,0.754287,1.298209,-0.001245,0.491426,0.628174
1755158720042,0.684367,0.804849,0.754795,1.298405,-0.000957,0.491137,0.631104
1755158720070,0.685045,0.804482,0.754669,1.298462,-0.001634,0.491814,0.641113
1755158720103,0.683800,0.805296,0.753993,1.297917,-0.000390,0.490570,0.635010
1755158720128,0.684448,0.805157,0.752472,1.297290,-0.001038,0.491218,0.755615
1755158720159,0.684152,0.805392,0.752031,1.297024,-0.000741,0.490922,0.758301
1755158720190,0.683946,0.805513,0.752010,1.296978,-0.000536,0.490716,0.782715
1755158720221,0.683188,0.806349,0.749288,1.295522,0.000223,0.489958,0.788574
1755158720249,0.684042,0.806064,0.747912,1.295000,-0.000631,0.490812,0.772461
1755158720281,0.682355,0.807410,0.745217,1.293394,0.001056,0.489125,0.763916
1755158720309,0.681530,0.808245,0.742592,1.291970,0.001880,0.488300,0.766113
1755158720340,0.681306,0.808885,0.738837,1.290098,0.002104,0.488076,0.742676
1755158720372,0.678867,0.810948,0.733566,1.287096,0.004544,0.485637,0.744141
1755158720401,0.676654,0.813021,0.726816,1.283403,0.006756,0.483424,0.697266
1755158720430,0.672085,0.816200,0.721197,1.279846,0.011326,0.478855,0.728271
1755158720463,0.668883,0.818616,0.715115,1.276294,0.014527,0.475653,0.717041
1755158720491,0.665213,0.821671,0.704361,1.270345,0.018198,0.471983,0.691162
1755158720522,0.661219,0.824501,0.696527,1.265765,0.022192,0.467989,0.679688
1755158720549,0.654939,0.828348,0.689781,1.261311,0.028471,0.461709,0.627197
1755158720585,0.652497,0.830109,0.682987,1.257499,0.030913,0.459267,0.697510
1755158720610,0.654244,0.829625,0.676424,1.254537,0.029166,0.461014,0.671387
1755158720645,0.657603,0.828335,0.668148,1.251001,0.025807,0.464373,0.571289
1755158720674,0.656114,0.829345,0.663439,1.248379,0.027296,0.462884,0.574951
1755158720702,0.654130,0.830064,0.669791,1.251204,0.029281,0.460900,0.701660
1755158720730,0.652619,0.830532,0.675377,1.253726,0.030792,0.459389,0.647705
1755158720761,0.654969,0.829367,0.674420,1.253665,0.028442,0.461739,0.750244
1755158720795,0.654571,0.829353,0.678076,1.255419,0.028839,0.461341,0.744629
1755158720823,0.655285,0.829031,0.677270,1.255143,0.028126,0.462055,0.736572
1755158720854,0.656027,0.828893,0.673062,1.253175,0.027384,0.462797,0.684326
1755158720882,0.659165,0.827142,0.674835,1.254617,0.024245,0.465935,0.718994
1755158720910,0.659895,0.826677,0.676161,1.255408,0.023516,0.466665,0.680176
1755158720950,0.659769,0.826626,0.678063,1.256334,0.023642,0.466539,0.683838
1755158720974,0.658455,0.827140,0.680842,1.257485,0.024955,0.465225,0.655273
1755158721004,0.662022,0.824762,0.687824,1.261589,0.021388,0.468792,0.632324
1755158721031,0.665710,0.822220,0.695076,1.265838,0.017700,0.472480,0.645508
1755158721066,0.670307,0.818817,0.705382,1.271745,0.013103,0.477077,0.688477
1755158721096,0.672291,0.817033,0.712450,1.275579,0.011120,0.479061,0.688232
1755158721124,0.674746,0.815077,0.718126,1.278803,0.008664,0.481516,0.698486
1755158721155,0.675374,0.814443,0.720699,1.280178,0.008036,0.482144,0.702881
1755158721181,0.678315,0.812482,0.723543,1.282089,0.005096,0.485085,0.725342
1755158721211,0.679521,0.811116,0.729311,1.285127,0.003890,0.486291,0.725586
1755158721244,0.682800,0.808590,0.734678,1.288327,0.000610,0.489570,0.759277
1755158721273,0.683270,0.807741,0.739077,1.290558,0.000140,0.490040,0.747803
1755158721304,0.685269,0.805656,0.745892,1.294230,-0.001859,0.492039,0.760010
1755158721333,0.685498,0.805129,0.748627,1.295601,-0.002088,0.492268,0.768066
1755158721361,0.685669,0.804636,0.751299,1.296931,-0.002258,0.492439,0.766357
1755158721394,0.685361,0.804773,0.751561,1.297005,-0.001951,0.492131,0.750244
1755158721424,0.686980,0.803857,0.751484,1.297249,-0.003570,0.493750,0.748291
1755158721452,0.685737,0.804719,0.750482,1.296546,-0.002327,0.492507,0.757568
1755158721486,0.684888,0.805163,0.750755,1.296531,-0.001478,0.491658,0.754639
1755158721511,0.684265,0.805918,0.748042,1.295102,-0.000855,0.491035,0.759033
1755158721544,0.684514,0.805973,0.746682,1.294483,-0.001104,0.491284,0.769287
1755158721575,0.683447,0.806805,0.745110,1.293532,-0.000036,0.490217,0.765381
1755158721602,0.684230,0.806263,0.745792,1.294000,-0.000820,0.491000,0.760010
1755158721634,0.684296,0.806732,0.742197,1.292259,-0.000886,0.491066,0.751465
1755158721662,0.683884,0.807526,0.738084,1.290180,-0.000474,0.490654,0.721680
1755158721699,0.681738,0.809126,0.735177,1.288385,0.001673,0.488508,0.723389
1755158721725,0.676915,0.812490,0.729979,1.284999,0.006495,0.483685,0.704102
1755158721753,0.674969,0.814364,0.723354,1.281410,0.008442,0.481739,0.728760
1755158721784,0.672823,0.816003,0.719340,1.279063,0.010588,0.479593,0.742432
1755158721812,0.670093,0.818166,0.713121,1.275524,0.013318,0.476863,0.726318
1755158721844,0.666387,0.821018,0.704583,1.270661,0.017023,0.473157,0.695312
1755158721877,0.661355,0.824378,0.697123,1.266084,0.022056,0.468125,0.664551
1755158721902,0.657686,0.826894,0.689980,1.261894,0.025724,0.464456,0.679443
1755158721932,0.654906,0.828913,0.682150,1.257508,0.028505,0.461676,0.682129
1755158721962,0.651519,0.831238,0.673027,1.252358,0.031892,0.458289,0.621094
1755158721994,0.653387,0.830645,0.665970,1.249161,0.030023,0.460157,0.559326
1755158722024,0.654643,0.829974,0.666339,1.249568,0.028767,0.461413,0.622803
1755158722056,0.654949,0.829347,0.674942,1.253922,0.028461,0.461719,0.659912
1755158722081,0.653938,0.829832,0.675632,1.254087,0.029472,0.460708,0.653564
1755158722125,0.656500,0.828528,0.675078,1.254265,0.026911,0.463270,0.672852
1755158722144,0.653455,0.830097,0.675391,1.253882,0.029955,0.460225,0.715820
1755158722176,0.654493,0.829458,0.677027,1.254882,0.028917,0.461263,0.721680
1755158722203,0.654860,0.829160,0.678748,1.255805,0.028550,0.461630,0.732666
1755158722235,0.656173,0.828372,0.680336,1.256829,0.027238,0.462943,0.696533
1755158722263,0.657225,0.827856,0.679777,1.256737,0.026185,0.463995,0.713867
1755158722295,0.659977,0.826344,0.680720,1.257694,0.023433,0.466747,0.668457
1755158722326,0.660722,0.826018,0.679683,1.257310,0.022689,0.467492,0.676270
1755158722358,0.658093,0.827293,0.681410,1.257704,0.025318,0.464863,0.575928
1755158722384,0.659712,0.826062,0.686806,1.260675,0.023699,0.466482,0.651367
1755158722413,0.661646,0.824254,0.696762,1.265957,0.021765,0.468416,0.628662
1755158722451,0.664458,0.821974,0.705457,1.270754,0.018953,0.471228,0.601074
1755158722479,0.668687,0.818985,0.712599,1.275020,0.014723,0.475457,0.657715
1755158722509,0.671074,0.817216,0.717027,1.277619,0.012336,0.477844,0.686279
1755158722537,0.673965,0.815038,0.722321,1.280727,0.009446,0.480735,0.705811
1755158722564,0.678124,0.812083,0.727799,1.284142,0.005286,0.484894,0.733643
1755158722594,0.680450,0.810193,0.732520,1.286861,0.002960,0.487220,0.729004
1755158722631,0.682016,0.808794,0.736508,1.289084,0.001395,0.488786,0.742432
1755158722654,0.682315,0.807884,0.741991,1.291813,0.001095,0.489085,0.755859
1755158722687,0.681828,0.807660,0.745551,1.293465,0.001582,0.488598,0.744873
1755158722718,0.682765,0.806469,0.750101,1.295844,0.000645,0.489535,0.758057
1755158722745,0.682258,0.806611,0.751078,1.296231,0.001152,0.489028,0.729004
1755158722776,0.683738,0.805554,0.752525,1.297192,-0.000328,0.490508,0.656250
1755158722805,0.684277,0.804853,0.755105,1.298540,-0.000866,0.491047,0.628174
1755158722837,0.684240,0.805040,0.754027,1.298010,-0.000829,0.491010,0.757324
1755158722867,0.684399,0.804980,0.753827,1.297940,-0.000988,0.491169,0.635010
1755158722896,0.682461,0.806393,0.751772,1.296604,0.000950,0.489230,0.762939
1755158722928,0.683509,0.805910,0.751020,1.296421,-0.000098,0.490279,0.756104
1755158722958,0.683126,0.806559,0.748088,1.294927,0.000284,0.489896,0.774902
1755158722985,0.684274,0.806139,0.746479,1.294343,-0.000864,0.491044,0.773926
1755158723014,0.683477,0.807051,0.743244,1.292627,-0.000066,0.490247,0.765137
1755158723044,0.683420,0.807537,0.739959,1.291014,-0.000010,0.490190,0.739502
1755158723079,0.680935,0.809370,0.736763,1.289020,0.002475,0.487705,0.730957
1755158723113,0.678031,0.811799,0.730529,1.285464,0.005379,0.484801,0.711426
1755158723137,0.673410,0.814929,0.725878,1.282376,0.010000,0.480180,0.702637
1755158723164,0.670684,0.817169,0.719399,1.278717,0.012727,0.477454,0.702637
1755158723197,0.668577,0.818984,0.713188,1.275291,0.014833,0.475347,0.718262
1755158723232,0.665560,0.821438,0.704854,1.270649,0.017851,0.472330,0.707520
1755158723257,0.661564,0.824087,0.699216,1.267158,0.021847,0.468334,0.704590
1755158723288,0.658635,0.826047,0.694365,1.264238,0.024775,0.465405,0.681152
1755158723316,0.656110,0.828270,0.682355,1.257824,0.027300,0.462880,0.657715
1755158723346,0.653184,0.830072,0.678111,1.255190,0.030226,0.459954,0.654297
1755158723378,0.653233,0.830219,0.675296,1.253794,0.030178,0.460003,0.652100
1755158723406,0.656639,0.828434,0.675442,1.254472,0.026771,0.463409,0.741699
1755158723439,0.655941,0.828858,0.674454,1.253855,0.027469,0.462711,0.688965
1755158723465,0.656115,0.828630,0.676739,1.255026,0.027296,0.462884,0.699707
1755158723499,0.657276,0.828038,0.676474,1.255099,0.026135,0.464046,0.683594
1755158723529,0.658753,0.827170,0.677937,1.256091,0.024658,0.465523,0.728271
1755158723557,0.655363,0.828929,0.678247,1.255644,0.028047,0.462133,0.713867
1755158723590,0.654234,0.829540,0.677884,1.255263,0.029177,0.461004,0.617432
1755158723617,0.655854,0.828742,0.677124,1.255172,0.027556,0.462624,0.606689
1755158723647,0.655663,0.828727,0.678955,1.256050,0.027748,0.462433,0.651367
1755158723679,0.655735,0.828535,0.681335,1.257249,0.027676,0.462505,0.659668
1755158723706,0.657895,0.827268,0.683313,1.258616,0.025515,0.464665,0.646973
1755158723737,0.658449,0.826836,0.685313,1.259709,0.024961,0.465219,0.674805
1755158723766,0.660748,0.825300,0.689663,1.262277,0.022662,0.467518,0.696045
1755158723797,0.661965,0.824038,0.697305,1.266282,0.021446,0.468735,0.659668
1755158723834,0.664039,0.822304,0.704327,1.270122,0.019372,0.470809,0.657471
1755158723858,0.666954,0.819792,0.713877,1.275346,0.016456,0.473724,0.708984
1755158723903,0.671438,0.817190,0.715411,1.276888,0.011972,0.478208,0.702881
1755158723921,0.674235,0.815138,0.720124,1.279695,0.009176,0.481005,0.709961
1755158723949,0.677799,0.812601,0.724983,1.282705,0.005611,0.484569,0.726318
1755158723979,0.679437,0.811171,0.729248,1.285082,0.003974,0.486206,0.717773
1755158724009,0.682249,0.808849,0.735084,1.288429,0.001162,0.489018,0.743652
1755158724039,0.682691,0.808168,0.738342,1.290098,0.000719,0.489461,0.735840
1755158724075,0.681916,0.807973,0.742983,1.292228,0.001495,0.488686,0.724121
1755158724104,0.683107,0.806295,0.749965,1.295837,0.000304,0.489877,0.613281
1755158724131,0.684313,0.805140,0.753090,1.297567,-0.000903,0.491083,0.732910
1755158724160,0.684549,0.804561,0.755987,1.299016,-0.001139,0.491319,0.604004
1755158724190,0.684080,0.805047,0.754571,1.298247,-0.000670,0.490850,0.737793
1755158724218,0.683834,0.805195,0.754522,1.298180,-0.000423,0.490604,0.750000
1755158724250,0.682858,0.805883,0.753655,1.297589,0.000553,0.489628,0.623291
1755158724281,0.682477,0.806154,0.753294,1.297347,0.000934,0.489247,0.729980
1755158724313,0.682648,0.806350,0.751347,1.296430,0.000762,0.489418,0.739990
1755158724339,0.681870,0.807389,0.747276,1.294313,0.001540,0.488640,0.746094
1755158724370,0.681533,0.807953,0.744662,1.292980,0.001877,0.488303,0.743164
1755158724398,0.681167,0.808507,0.742184,1.291707,0.002244,0.487937,0.720215
1755158724431,0.678865,0.810450,0.737398,1.288969,0.004545,0.485635,0.697510
1755158724458,0.676264,0.812477,0.732968,1.286349,0.007147,0.483034,0.720947
1755158724490,0.674050,0.814218,0.728845,1.283943,0.009360,0.480820,0.717773
1755158724521,0.671761,0.816257,0.722259,1.280311,0.011649,0.478531,0.716064
1755158724548,0.668991,0.818263,0.717855,1.277661,0.014420,0.475761,0.710693
1755158724584,0.665850,0.820703,0.710802,1.273636,0.017560,0.472620,0.722656
1755158724610,0.663935,0.822543,0.702337,1.269119,0.019476,0.470705,0.703369
1755158724646,0.661208,0.824507,0.696520,1.265760,0.022202,0.467978,0.682617
1755158724669,0.656302,0.827727,0.688575,1.260951,0.027109,0.463072,0.648926
1755158724702,0.652088,0.830243,0.684121,1.257991,0.031323,0.458858,0.673340
1755158724730,0.649888,0.831720,0.678974,1.255037,0.033522,0.456658,0.651611
1755158724760,0.650401,0.831682,0.675299,1.253294,0.033009,0.457171,0.620361
1755158724788,0.652437,0.830642,0.675117,1.253564,0.030973,0.459207,0.655762
1755158724821,0.654189,0.829872,0.672705,1.252671,0.029221,0.460959,0.653564
1755158724849,0.658392,0.827458,0.676361,1.255241,0.025018,0.465162,0.702148
1755158724883,0.657643,0.827938,0.674916,1.254388,0.025767,0.464413,0.663574
1755158724910,0.655743,0.828830,0.676635,1.254908,0.027667,0.462513,0.639404
1755158724940,0.656190,0.828583,0.676858,1.255099,0.027220,0.462960,0.636963
1755158724972,0.654111,0.829747,0.675549,1.254076,0.029300,0.460881,0.658936
1755158724999,0.653146,0.830292,0.674819,1.253541,0.030264,0.459916,0.595215
1755158725036,0.652584,0.830476,0.676600,1.254331,0.030826,0.459354,0.665527
1755158725060,0.655484,0.828672,0.681236,1.257155,0.027926,0.462254,0.704102
1755158725093,0.659581,0.826429,0.682579,1.258549,0.023829,0.466351,0.677246
1755158725125,0.658453,0.826578,0.688818,1.261452,0.024957,0.465223,0.635742
1755158725150,0.659059,0.825739,0.695405,1.264828,0.024352,0.465829,0.607422
1755158725181,0.663572,0.822487,0.705045,1.270394,0.019839,0.470342,0.623779
1755158725211,0.667128,0.820071,0.710232,1.273579,0.016282,0.473898,0.656982
1755158725239,0.670438,0.817846,0.714382,1.276206,0.012972,0.477208,0.699219
1755158725268,0.675353,0.814494,0.720356,1.280005,0.008058,0.482123,0.740967
1755158725301,0.678997,0.811956,0.724779,1.282815,0.004413,0.485767,0.724854
1755158725332,0.680054,0.810988,0.727911,1.284535,0.003356,0.486824,0.741211
1755158725360,0.682233,0.809116,0.733086,1.287449,0.001177,0.489003,0.757568
1755158725393,0.684153,0.807455,0.737474,1.289929,-0.000743,0.490923,0.758057
1755158725420,0.683417,0.807335,0.741444,1.291739,-0.000006,0.490187,0.756592
1755158725451,0.683846,0.806371,0.746563,1.294309,-0.000436,0.490616,0.754639
1755158725482,0.686308,0.804283,0.751212,1.297000,-0.002898,0.493078,0.748779
1755158725510,0.685900,0.804402,0.751978,1.297302,-0.002489,0.492670,0.646484
1755158725542,0.686432,0.804071,0.752146,1.297476,-0.003022,0.493202,0.654297
1755158725571,0.686123,0.804132,0.752920,1.297799,-0.002713,0.492893,0.655273
1755158725601,0.684514,0.805228,0.751749,1.296950,-0.001104,0.491284,0.752197
1755158725632,0.683858,0.805984,0.749177,1.295584,-0.000447,0.490628,0.759033
1755158725662,0.682395,0.806866,0.748830,1.295161,0.001015,0.489165,0.756592
1755158725691,0.681331,0.807867,0.746072,1.293632,0.002079,0.488101,0.768066
1755158725722,0.682399,0.807608,0.743633,1.292629,0.001012,0.489169,0.750244
1755158725751,0.681836,0.808044,0.742794,1.292122,0.001575,0.488606,0.758545
1755158725782,0.680403,0.809634,0.737037,1.289061,0.003007,0.487173,0.732666
1755158725813,0.680601,0.809695,0.735723,1.288453,0.002809,0.487371,0.739502
1755158725842,0.679866,0.810652,0.731487,1.286253,0.003544,0.486636,0.737549
1755158725871,0.676808,0.813177,0.724781,1.282432,0.006602,0.483578,0.720703
1755158725901,0.672926,0.815889,0.719853,1.279333,0.010484,0.479696,0.730713
1755158725940,0.669634,0.818181,0.715363,1.276547,0.013777,0.476404,0.740234
1755158725963,0.667735,0.820001,0.707612,1.272394,0.015676,0.474505,0.703857
1755158725994,0.666348,0.821315,0.701580,1.269170,0.017062,0.473118,0.698242
1755158726023,0.663430,0.823556,0.693698,1.264753,0.019981,0.470200,0.657959
1755158726051,0.659244,0.826446,0.684899,1.259644,0.024166,0.466014,0.649170
1755158726086,0.653941,0.829595,0.679421,1.255978,0.029470,0.460711,0.619873
1755158726113,0.651347,0.831107,0.676763,1.254192,0.032064,0.458116,0.608643
1755158726142,0.654169,0.829700,0.675833,1.254229,0.029241,0.460939,0.652588
1755158726172,0.652483,0.831075,0.666751,1.249390,0.030927,0.459253,0.550903
1755158726202,0.654001,0.830142,0.669575,1.251073,0.029410,0.460771,0.553345
1755158726236,0.654118,0.830210,0.667073,1.249843,0.029292,0.460888,0.597656
1755158726271,0.652812,0.830754,0.669682,1.250915,0.030599,0.459582,0.608643
1755158726292,0.653030,0.830624,0.669985,1.251106,0.030380,0.459800,0.663574
1755158726323,0.653268,0.830486,0.670256,1.251283,0.030142,0.460038,0.627197
1755158726353,0.656446,0.828576,0.674746,1.254090,0.026964,0.463216,0.666992
1755158726385,0.656387,0.828602,0.674840,1.254127,0.027023,0.463157,0.660645
1755158726413,0.660805,0.826136,0.677134,1.256055,0.022605,0.467575,0.659912
1755158726448,0.661161,0.825847,0.678712,1.256904,0.022249,0.467931,0.684082
1755158726473,0.662080,0.825161,0.681744,1.258576,0.021331,0.468849,0.677734
1755158726502,0.660605,0.825552,0.687320,1.261088,0.022806,0.467375,0.646973
1755158726539,0.661939,0.824547,0.691231,1.263266,0.021471,0.468709,0.622803
1755158726563,0.665409,0.821615,0.703824,1.270114,0.018002,0.472179,0.645264
1755158726593,0.669014,0.819286,0.707819,1.272721,0.014396,0.475784,0.689697
1755158726627,0.671887,0.817293,0.712075,1.275324,0.011523,0.478657,0.717285
1755158726656,0.674426,0.815401,0.716781,1.278085,0.008985,0.481196,0.751465
1755158726687,0.677670,0.812996,0.722206,1.281320,0.005741,0.484440,0.752686
1755158726719,0.679446,0.811466,0.726785,1.283877,0.003965,0.486215,0.699463
1755158726746,0.681492,0.809779,0.731154,1.286374,0.001919,0.488262,0.738525
1755158726774,0.681565,0.809473,0.733243,1.287409,0.001846,0.488335,0.747803
1755158726806,0.680708,0.809407,0.737450,1.289316,0.002703,0.487478,0.748779
1755158726837,0.682131,0.807896,0.742657,1.292106,0.001280,0.488901,0.771729
1755158726864,0.682897,0.807234,0.744283,1.293033,0.000513,0.489667,0.762695
1755158726895,0.683681,0.806193,0.748434,1.295191,-0.000271,0.490451,0.754639
1755158726924,0.681738,0.807541,0.746740,1.294028,0.001672,0.488508,0.751221
1755158726953,0.683561,0.806021,0.750069,1.295967,-0.000151,0.490331,0.762451
1755158726988,0.683759,0.805727,0.751294,1.296597,-0.000348,0.490528,0.762451
1755158727016,0.682727,0.806567,0.749584,1.295586,0.000683,0.489497,0.754639
1755158727046,0.683586,0.806166,0.748991,1.295446,-0.000176,0.490356,0.765869
1755158727075,0.683325,0.806397,0.748424,1.295125,0.000085,0.490095,0.765381
1755158727103,0.681853,0.807641,0.745586,1.293486,0.001557,0.488623,0.742188
1755158727136,0.682061,0.807769,0.743853,1.292677,0.001350,0.488831,0.766357
1755158727166,0.682053,0.808082,0.741636,1.291594,0.001358,0.488823,0.756592
1755158727194,0.680499,0.809555,0.737226,1.289171,0.002911,0.487269,0.752686
1755158727225,0.679560,0.810700,0.732465,1.286678,0.003851,0.486330,0.750000
1755158727253,0.679250,0.811014,0.731355,1.286081,0.004160,0.486020,0.755615
1755158727286,0.677177,0.812744,0.726697,1.283437,0.006233,0.483947,0.718994
1755158727315,0.673342,0.815567,0.720682,1.279813,0.010069,0.480112,0.727295
1755158727349,0.671009,0.817519,0.714522,1.276375,0.012401,0.477779,0.730469
1755158727375,0.668790,0.819717,0.704584,1.271084,0.014620,0.475560,0.708984
1755158727404,0.665068,0.822007,0.701539,1.268924,0.018342,0.471838,0.717285
1755158727437,0.661372,0.824808,0.691744,1.263420,0.022039,0.468142,0.641357
1755158727466,0.654780,0.828905,0.683239,1.258028,0.028630,0.461550,0.639160
1755158727495,0.652478,0.830412,0.678526,1.255273,0.030933,0.459248,0.648682
1755158727524,0.649711,0.832285,0.670955,1.251001,0.033699,0.456481,0.578491
1755158727554,0.653263,0.830419,0.671545,1.251927,0.030148,0.460033,0.662842
1755158727587,0.651439,0.831642,0.666193,1.248925,0.031972,0.458209,0.615234
1755158727617,0.654868,0.829717,0.669068,1.250974,0.028542,0.461638,0.678467
1755158727646,0.653525,0.830156,0.673783,1.253091,0.029885,0.460295,0.689941
1755158727676,0.653529,0.830243,0.672223,1.252312,0.029882,0.460299,0.699707
1755158727705,0.652399,0.830843,0.671974,1.251987,0.031012,0.459169,0.708496
1755158727737,0.654316,0.829783,0.673125,1.252903,0.029095,0.461086,0.722168
1755158727766,0.655308,0.829217,0.673966,1.253499,0.028103,0.462078,0.652832
1755158727802,0.655499,0.829013,0.675736,1.254416,0.027912,0.462269,0.731934
1755158727825,0.659185,0.827035,0.676442,1.255422,0.024225,0.465955,0.670898
1755158727862,0.660765,0.826038,0.679026,1.256990,0.022646,0.467535,0.665527
1755158727890,0.659438,0.826470,0.683095,1.258781,0.023972,0.466208,0.698486
1755158727916,0.658833,0.826404,0.688463,1.261343,0.024578,0.465603,0.686768
1755158727946,0.656216,0.827570,0.691216,1.262249,0.027195,0.462986,0.595947
1755158727976,0.662189,0.823898,0.697545,1.266441,0.021222,0.468959,0.657959
1755158728005,0.666799,0.820794,0.704600,1.270742,0.016611,0.473569,0.685303
1755158728037,0.670442,0.818276,0.710169,1.274130,0.012968,0.477212,0.723389
1755158728067,0.672736,0.816428,0.715879,1.277346,0.010674,0.479506,0.733154
1755158728098,0.676337,0.813882,0.720936,1.280463,0.007073,0.483107,0.752441
1755158728126,0.678646,0.812092,0.725290,1.283004,0.004765,0.485416,0.728760
1755158728158,0.680175,0.810737,0.729407,1.285289,0.003235,0.486945,0.704102
1755158728188,0.681633,0.809348,0.733921,1.287753,0.001778,0.488403,0.753418
1755158728218,0.682447,0.808371,0.737863,1.289821,0.000963,0.489217,0.743896
1755158728245,0.684211,0.806430,0.744691,1.293460,-0.000800,0.490981,0.762939
1755158728276,0.683542,0.806430,0.747354,1.294641,-0.000131,0.490312,0.770020
1755158728306,0.683604,0.806255,0.748310,1.295118,-0.000194,0.490374,0.762695
1755158728339,0.683117,0.806442,0.748925,1.295333,0.000293,0.489887,0.757812
1755158728369,0.684598,0.805434,0.750050,1.296137,-0.001187,0.491368,0.759277
1755158728397,0.684046,0.805873,0.749203,1.295629,-0.000635,0.490816,0.769531
1755158728432,0.683315,0.806221,0.749665,1.295727,0.000095,0.490085,0.759033
1755158728457,0.682740,0.806769,0.748150,1.294890,0.000670,0.489510,0.772705
1755158728489,0.682328,0.807109,0.747416,1.294460,0.001082,0.489098,0.768555
1755158728518,0.682621,0.807384,0.744332,1.293008,0.000789,0.489391,0.763672
1755158728552,0.681466,0.808280,0.742603,1.291964,0.001944,0.488236,0.767334
1755158728577,0.680768,0.809089,0.739572,1.290363,0.002643,0.487538,0.766846
1755158728606,0.680554,0.809562,0.736938,1.289039,0.002856,0.487324,0.758789
1755158728640,0.680335,0.809946,0.734947,1.288028,0.003075,0.487105,0.756836
1755158728671,0.677604,0.811928,0.731410,1.285820,0.005807,0.484374,0.735107
1755158728697,0.673962,0.814577,0.726282,1.282671,0.009449,0.480732,0.744141
1755158728726,0.671165,0.816908,0.719379,1.278792,0.012246,0.477935,0.726807
1755158728758,0.669707,0.818165,0.715137,1.276449,0.013704,0.476477,0.741699
1755158728790,0.666477,0.820652,0.707906,1.272318,0.016933,0.473247,0.726074
1755158728822,0.661475,0.824130,0.699262,1.267165,0.021935,0.468245,0.672119
1755158728855,0.658120,0.826419,0.693127,1.263533,0.025291,0.464890,0.664795
1755158728905,0.655580,0.828393,0.684585,1.258840,0.027830,0.462350,0.653320
1755158728922,0.652801,0.830230,0.678753,1.255443,0.030610,0.459571,0.645264
1755158728944,0.651072,0.831313,0.675696,1.253611,0.032339,0.457842,0.652832
1755158728974,0.651496,0.831201,0.673881,1.252780,0.031915,0.458266,0.707764
1755158728998,0.651681,0.830993,0.675780,1.253761,0.031729,0.458451,0.712891
1755158729027,0.653194,0.830128,0.677114,1.254695,0.030216,0.459964,0.734619
1755158729058,0.652388,0.830485,0.678097,1.255042,0.031022,0.459158,0.726074
1755158729091,0.652706,0.830365,0.677388,1.254745,0.030704,0.459476,0.680664
1755158729122,0.653801,0.829846,0.676585,1.254539,0.029610,0.460571,0.726074
1755158729152,0.653558,0.829745,0.680176,1.256287,0.029852,0.460328,0.732422
1755158729178,0.652036,0.830459,0.681322,1.256588,0.031374,0.458806,0.674072
1755158729215,0.653714,0.829510,0.682510,1.257477,0.029697,0.460484,0.731934
1755158729241,0.656296,0.828043,0.684238,1.258794,0.027114,0.463066,0.718750
1755158729272,0.658341,0.826914,0.685013,1.259541,0.025069,0.465111,0.694824
1755158729298,0.661241,0.825122,0.688565,1.261819,0.022170,0.468011,0.658691
1755158729329,0.662004,0.824390,0.692778,1.264045,0.021407,0.468773,0.641602
1755158729361,0.663107,0.823183,0.700138,1.267886,0.020303,0.469877,0.614746
1755158729388,0.666312,0.820755,0.707764,1.272219,0.017098,0.473082,0.702393
1755158729419,0.670233,0.817994,0.714036,1.275999,0.013177,0.477003,0.714111
1755158729449,0.672191,0.816520,0.717795,1.278193,0.011220,0.478961,0.730225
1755158729478,0.675751,0.813919,0.723460,1.281599,0.007660,0.482521,0.745850
1755158729508,0.678539,0.811874,0.727606,1.284120,0.004872,0.485309,0.718262
1755158729539,0.679996,0.810421,0.732732,1.286885,0.003415,0.486766,0.702393
1755158729571,0.679744,0.810193,0.735602,1.288245,0.003667,0.486514,0.739258
1755158729599,0.681580,0.808880,0.737719,1.289600,0.001831,0.488349,0.748535
1755158729629,0.682982,0.807593,0.741364,1.291624,0.000429,0.489751,0.728760
1755158729659,0.683289,0.806895,0.745111,1.293504,0.000122,0.490059,0.736816
1755158729691,0.682688,0.807221,0.745213,1.293449,0.000722,0.489458,0.756348
1755158729722,0.682955,0.806879,0.746554,1.294149,0.000456,0.489725,0.748779
1755158729751,0.684290,0.805971,0.747577,1.294880,-0.000880,0.491060,0.757812
1755158729784,0.684778,0.805559,0.748500,1.295414,-0.001367,0.491548,0.731934
1755158729810,0.683110,0.806840,0.746208,1.294008,0.000300,0.489880,0.759521
1755158729844,0.683343,0.806707,0.746215,1.294052,0.000067,0.490113,0.761963
1755158729870,0.683929,0.806617,0.744503,1.293319,-0.000518,0.490699,0.628662
1755158729900,0.683310,0.806975,0.744463,1.293192,0.000100,0.490080,0.770264
1755158729929,0.682332,0.808057,0.740665,1.291169,0.001079,0.489102,0.747314
1755158729959,0.680768,0.809526,0.736293,1.288761,0.002642,0.487538,0.755859
1755158729998,0.679327,0.810920,0.731758,1.286292,0.004083,0.486097,0.745605
1755158730021,0.678862,0.811376,0.730192,1.285444,0.004548,0.485632,0.755859
1755158730051,0.677041,0.812783,0.727003,1.283563,0.006370,0.483811,0.741699
1755158730079,0.675332,0.814351,0.721716,1.280669,0.008079,0.482102,0.730713
1755158730109,0.671324,0.817279,0.715163,1.276745,0.012086,0.478094,0.742432
1755158730143,0.668289,0.819702,0.707591,1.272480,0.015122,0.475059,0.724609
1755158730171,0.665794,0.821653,0.701144,1.268857,0.017617,0.472564,0.719482
1755158730201,0.661884,0.824345,0.694135,1.264697,0.021527,0.468654,0.692139
1755158730231,0.658803,0.826383,0.688953,1.261581,0.024607,0.465573,0.688965
1755158730260,0.657428,0.827662,0.681120,1.257442,0.025983,0.464198,0.635254
1755158730295,0.652386,0.830578,0.676624,1.254307,0.031025,0.459156,0.640625
1755158730324,0.653666,0.830105,0.673393,1.252921,0.029744,0.460436,0.633057
1755158730354,0.648468,0.832987,0.669746,1.250175,0.034942,0.455238,0.619141
1755158730381,0.650028,0.832321,0.667155,1.249156,0.033382,0.456798,0.612793
1755158730412,0.655039,0.829578,0.670022,1.251481,0.028371,0.461809,0.706543
1755158730443,0.657462,0.828227,0.671534,1.252667,0.025948,0.464232,0.667725
1755158730474,0.653517,0.830282,0.671630,1.252014,0.029893,0.460287,0.692871
1755158730504,0.656121,0.828717,0.675246,1.254282,0.027289,0.462891,0.693604
1755158730530,0.654214,0.829707,0.675324,1.253982,0.029196,0.460984,0.709961
1755158730560,0.654346,0.829740,0.673596,1.253143,0.029064,0.461116,0.687988
1755158730592,0.653828,0.829961,0.674430,1.253468,0.029582,0.460598,0.675537
1755158730624,0.659109,0.826972,0.678102,1.256236,0.024302,0.465879,0.687012
1755158730651,0.658972,0.826822,0.681526,1.257918,0.024439,0.465742,0.668213
1755158730680,0.661352,0.825222,0.686413,1.260770,0.022059,0.468122,0.690674
1755158730713,0.659995,0.825630,0.690571,1.262595,0.023416,0.466765,0.640625
1755158730743,0.664755,0.822666,0.695877,1.266067,0.018655,0.471525,0.654297
1755158730775,0.667422,0.820904,0.699685,1.268422,0.015989,0.474192,0.655029
1755158730802,0.669810,0.819139,0.704834,1.271387,0.013600,0.476580,0.705078
1755158730831,0.672034,0.817318,0.711038,1.274839,0.011376,0.478804,0.742432
1755158730861,0.675155,0.814973,0.717012,1.278327,0.008256,0.481925,0.758545
1755158730892,0.677267,0.813301,0.721500,1.280903,0.006144,0.484037,0.746094
1755158730924,0.679841,0.811451,0.725052,1.283096,0.003569,0.486611,0.725342
1755158730951,0.681992,0.809732,0.729261,1.285535,0.001419,0.488762,0.748047
1755158730982,0.682027,0.809174,0.733540,1.287635,0.001383,0.488797,0.756348
1755158731011,0.682372,0.808383,0.738088,1.289918,0.001039,0.489142,0.750000
1755158731041,0.685041,0.806130,0.743467,1.293008,-0.001631,0.491811,0.757812
1755158731078,0.683804,0.806569,0.745342,1.293707,-0.000394,0.490574,0.750000
1755158731103,0.684788,0.805855,0.746419,1.294403,-0.001377,0.491558,0.744873
1755158731132,0.683901,0.806445,0.745829,1.293961,-0.000490,0.490671,0.751221
1755158731162,0.682371,0.807402,0.745205,1.293390,0.001039,0.489141,0.760498
1755158731192,0.682432,0.807381,0.745113,1.293356,0.000979,0.489202,0.760010
1755158731225,0.683305,0.806811,0.745633,1.293762,0.000105,0.490075,0.753418
1755158731254,0.683117,0.807070,0.744564,1.293208,0.000293,0.489887,0.745361
1755158731282,0.681843,0.808121,0.742212,1.291839,0.001567,0.488613,0.755371
1755158731313,0.681009,0.808693,0.741477,1.291335,0.002401,0.487779,0.756836
1755158731343,0.681902,0.808585,0.738562,1.290067,0.001508,0.488672,0.750732
1755158731376,0.679173,0.810486,0.735809,1.288246,0.004238,0.485943,0.763672
1755158731403,0.678323,0.811318,0.733052,1.286749,0.005087,0.485093,0.747559
1755158731433,0.679684,0.810984,0.729644,1.285319,0.003727,0.486454,0.734131
1755158731462,0.676791,0.813089,0.725600,1.282831,0.006619,0.483561,0.747070
1755158731493,0.674908,0.814737,0.720380,1.279939,0.008502,0.481678,0.749512
1755158731526,0.671767,0.817162,0.713970,1.276236,0.011643,0.478537,0.735107
1755158731553,0.667840,0.820051,0.706500,1.271863,0.015571,0.474610,0.725098
1755158731583,0.667286,0.820816,0.701493,1.269292,0.016124,0.474056,0.672363
1755158731612,0.664764,0.822789,0.694344,1.265308,0.018646,0.471534,0.646973
1755158731646,0.657556,0.826954,0.690083,1.261922,0.025854,0.464326,0.628906
1755158731674,0.655071,0.828987,0.679718,1.256326,0.028339,0.461841,0.597900
1755158731704,0.654620,0.829572,0.674029,1.253408,0.028790,0.461390,0.591064
1755158731735,0.653511,0.830241,0.672409,1.252402,0.029899,0.460281,0.564575
1755158731766,0.651265,0.831699,0.666866,1.249231,0.032146,0.458035,0.535034
1755158731794,0.650895,0.832142,0.661481,1.246468,0.032515,0.457665,0.505737
1755158731827,0.654238,0.829937,0.671079,1.251867,0.029172,0.461008,0.649414
1755158731855,0.654507,0.829725,0.672382,1.252566,0.028904,0.461276,0.639893
1755158731884,0.654919,0.829459,0.673289,1.253092,0.028492,0.461689,0.700195
1755158731914,0.654176,0.829797,0.674132,1.253381,0.029234,0.460946,0.704346
1755158731944,0.655590,0.829033,0.674590,1.253860,0.027821,0.462360,0.695068
1755158731978,0.657023,0.828221,0.675643,1.254640,0.026388,0.463793,0.651123
1755158732007,0.657661,0.827902,0.675375,1.254620,0.025749,0.464431,0.678223
1755158732035,0.660214,0.826388,0.678093,1.256428,0.023196,0.466984,0.681396
1755158732063,0.661973,0.825196,0.682064,1.258717,0.021437,0.468743,0.709717
1755158732102,0.664282,0.823746,0.685201,1.260686,0.019128,0.471052,0.697754
1755158732129,0.662255,0.824637,0.687834,1.261635,0.021156,0.469025,0.665527
1755158732156,0.665705,0.822035,0.697313,1.266945,0.017706,0.472475,0.662842
1755158732186,0.670071,0.818930,0.705541,1.271782,0.013339,0.476841,0.660889
1755158732215,0.672343,0.817344,0.709091,1.273933,0.011067,0.479113,0.693604
1755158732246,0.675695,0.814940,0.714523,1.277198,0.007715,0.482465,0.736328
1755158732281,0.676915,0.813937,0.717560,1.278905,0.006495,0.483685,0.735352
1755158732306,0.678872,0.812314,0.722298,1.281576,0.004538,0.485642,0.715820
1755158732337,0.679951,0.811350,0.725380,1.283277,0.003460,0.486721,0.745117
1755158732365,0.680369,0.810416,0.731118,1.286161,0.003042,0.487139,0.729736
1755158732394,0.681653,0.809456,0.732986,1.287299,0.001758,0.488423,0.751221
1755158732428,0.682773,0.808442,0.735925,1.288931,0.000637,0.489543,0.751953
1755158732455,0.683486,0.807599,0.739227,1.290668,-0.000075,0.490256,0.750732
1755158732485,0.684472,0.806680,0.741844,1.292117,-0.001062,0.491242,0.742432
1755158732514,0.682168,0.807720,0.743766,1.292653,0.001242,0.488938,0.746338
1755158732545,0.684695,0.806292,0.743714,1.293068,-0.001284,0.491465,0.756348
1755158732577,0.685403,0.805861,0.743914,1.293289,-0.001993,0.492173,0.746338
1755158732606,0.683225,0.807234,0.742965,1.292447,0.000186,0.489995,0.758545
1755158732638,0.681069,0.808448,0.743001,1.292089,0.002341,0.487839,0.731689
1755158732665,0.685320,0.806386,0.740469,1.291595,-0.001909,0.492090,0.676270
1755158732696,0.682248,0.808406,0.738440,1.290069,0.001162,0.489018,0.745605
1755158732732,0.679785,0.810087,0.736236,1.288562,0.003625,0.486555,0.736572
1755158732758,0.679950,0.810674,0.730931,1.285995,0.003461,0.486720,0.726807
1755158732788,0.678879,0.811672,0.727709,1.284230,0.004532,0.485649,0.725830
1755158732818,0.676661,0.813619,0.721672,1.280881,0.006750,0.483431,0.718750
1755158732845,0.673867,0.815620,0.717599,1.278390,0.009543,0.480637,0.746826
1755158732879,0.671402,0.817606,0.711608,1.275008,0.012008,0.478172,0.699951
1755158732906,0.668808,0.819766,0.703960,1.270779,0.014603,0.475577,0.699219
1755158732935,0.666586,0.821520,0.697788,1.267336,0.016824,0.473356,0.665283
1755158732968,0.660428,0.825470,0.689669,1.262224,0.022982,0.467198,0.675049
1755158732996,0.656299,0.828046,0.684172,1.258761,0.027111,0.463069,0.629150
1755158733028,0.653482,0.829878,0.678724,1.255549,0.029929,0.460252,0.665039
1755158733056,0.648652,0.832650,0.674121,1.252396,0.034758,0.455422,0.578613
1755158733090,0.648960,0.832750,0.669474,1.250127,0.034451,0.455730,0.559204
1755158733121,0.651441,0.831796,0.662913,1.247283,0.031969,0.458211,0.602539
1755158733148,0.655283,0.829808,0.662820,1.247921,0.028128,0.462053,0.552612
1755158733182,0.652305,0.831098,0.668112,1.250040,0.031106,0.459075,0.593506
1755158733208,0.652384,0.831058,0.668100,1.250048,0.031027,0.459154,0.614990
1755158733237,0.652049,0.831135,0.669930,1.250903,0.031361,0.458819,0.693848
1755158733268,0.654094,0.829912,0.672879,1.252740,0.029316,0.460864,0.695312
1755158733298,0.652896,0.830404,0.675121,1.253647,0.030514,0.459666,0.703369
1755158733330,0.652710,0.830463,0.675750,1.253928,0.030701,0.459480,0.702148
1755158733360,0.653957,0.829478,0.681089,1.256812,0.029454,0.460727,0.692627
1755158733390,0.656552,0.827929,0.683954,1.258698,0.026859,0.463322,0.701660
1755158733416,0.659038,0.826280,0.688674,1.261484,0.024373,0.465808,0.673340
1755158733448,0.662011,0.824341,0.693341,1.264325,0.021400,0.468781,0.685791
1755158733480,0.665853,0.821451,0.703014,1.269791,0.017558,0.472623,0.686035
1755158733508,0.668902,0.819222,0.709095,1.273330,0.014508,0.475672,0.702393
1755158733537,0.674181,0.815425,0.717793,1.278540,0.009230,0.480951,0.733887
1755158733566,0.677311,0.813144,0.722657,1.281478,0.006099,0.484081,0.773682
1755158733598,0.679519,0.811756,0.723987,1.282518,0.003892,0.486289,0.726074
1755158733629,0.681943,0.809684,0.729875,1.285827,0.001467,0.488713,0.751465
1755158733658,0.682914,0.808710,0.733247,1.287647,0.000496,0.489684,0.741455
1755158733693,0.684490,0.807189,0.738032,1.290260,-0.001079,0.491260,0.732666
1755158733720,0.686196,0.805620,0.742396,1.292687,-0.002785,0.492966,0.744141
1755158733753,0.686826,0.804732,0.746123,1.294613,-0.003415,0.493596,0.770752
1755158733780,0.687892,0.803651,0.749346,1.296368,-0.004481,0.494662,0.755615
1755158733808,0.686627,0.804422,0.749041,1.295999,-0.003216,0.493397,0.770752
1755158733838,0.685428,0.805345,0.747420,1.295002,-0.002017,0.492198,0.785889
1755158733873,0.684575,0.805951,0.746593,1.294450,-0.001165,0.491345,0.784424
1755158733910,0.682745,0.807215,0.745033,1.293372,0.000666,0.489514,0.766357
1755158733937,0.683777,0.806895,0.743145,1.292631,-0.000367,0.490547,0.762695
1755158733965,0.682563,0.807940,0.740565,1.291161,0.000847,0.489333,0.765381
1755158733994,0.683534,0.807574,0.739205,1.290666,-0.000124,0.490304,0.770020
1755158734032,0.682216,0.808757,0.735930,1.288837,0.001194,0.488986,0.766113
1755158734049,0.680113,0.810308,0.733106,1.287089,0.003298,0.486883,0.764893
1755158734079,0.679928,0.810961,0.728710,1.284905,0.003482,0.486698,0.746094
1755158734110,0.677789,0.812574,0.725259,1.282838,0.005621,0.484559,0.758545
1755158734138,0.676759,0.813634,0.721061,1.280598,0.006651,0.483529,0.739502
1755158734169,0.673367,0.816292,0.713889,1.276477,0.010044,0.480137,0.734863
1755158734198,0.670804,0.818601,0.704794,1.271542,0.012607,0.477574,0.709229
1755158734231,0.666116,0.821903,0.696261,1.266497,0.017295,0.472886,0.695801
1755158734260,0.662268,0.824355,0.691446,1.263431,0.021142,0.469038,0.702393
1755158734293,0.658240,0.827387,0.678784,1.256422,0.025170,0.465010,0.625732
1755158734320,0.654548,0.829328,0.678665,1.255708,0.028863,0.461317,0.645752
1755158734348,0.649171,0.832394,0.673948,1.252401,0.034239,0.455941,0.639893
1755158734381,0.651314,0.831529,0.669656,1.250636,0.032096,0.458084,0.596191
1755158734414,0.648520,0.833350,0.661759,1.246184,0.034891,0.455289,0.532104
1755158734441,0.653278,0.830901,0.661684,1.246994,0.030132,0.460048,0.596436
1755158734469,0.656052,0.829525,0.660117,1.246704,0.027358,0.462822,0.605713
1755158734500,0.653504,0.830773,0.661922,1.247154,0.029906,0.460274,0.565552
1755158734533,0.655615,0.829597,0.663621,1.248381,0.027795,0.462385,0.611084
1755158734563,0.651555,0.831281,0.671931,1.251816,0.031855,0.458325,0.655029
1755158734596,0.654316,0.829794,0.672930,1.252805,0.029095,0.461086,0.649170
1755158734618,0.651616,0.831253,0.671873,1.251798,0.031794,0.458386,0.641846
1755158734651,0.655154,0.829253,0.674718,1.253847,0.028257,0.461924,0.613770
1755158734685,0.659934,0.826605,0.676993,1.255830,0.023476,0.466704,0.675049
1755158734713,0.662458,0.824916,0.682384,1.258962,0.020952,0.469228,0.699951
1755158734742,0.665366,0.823102,0.686086,1.261317,0.018045,0.472136,0.679199
1755158734769,0.667189,0.821442,0.694844,1.265985,0.016221,0.473959,0.679199
1755158734800,0.668478,0.820028,0.703063,1.270278,0.014932,0.475248,0.652588
1755158734833,0.672115,0.817442,0.709357,1.274024,0.011295,0.478885,0.709229
1755158734861,0.677511,0.813654,0.717108,1.278788,0.005899,0.484281,0.742676
1755158734890,0.679475,0.812074,0.721452,1.281266,0.003935,0.486245,0.728271
1755158734923,0.682265,0.809898,0.726637,1.284298,0.001146,0.489035,0.739990
1755158734949,0.680572,0.810720,0.727727,1.284536,0.002838,0.487342,0.736816
1755158734984,0.680593,0.810444,0.729878,1.285593,0.002817,0.487363,0.736084
1755158735012,0.682065,0.809065,0.734219,1.287974,0.001345,0.488835,0.735596
1755158735041,0.682543,0.808528,0.736267,1.289058,0.000868,0.489313,0.726562
1755158735071,0.683339,0.807401,0.741290,1.291650,0.000072,0.490109,0.741699
1755158735101,0.684214,0.806711,0.742684,1.292482,-0.000803,0.490984,0.749023
1755158735134,0.684516,0.806275,0.744561,1.293450,-0.001105,0.491286,0.753906
1755158735163,0.684128,0.806453,0.744866,1.293531,-0.000717,0.490898,0.763672
1755158735193,0.682905,0.807342,0.743486,1.292645,0.000506,0.489675,0.746582
1755158735230,0.683167,0.807217,0.743323,1.292611,0.000244,0.489937,0.727051
1755158735251,0.681621,0.808255,0.742149,1.291769,0.001790,0.488391,0.722900
1755158735284,0.681794,0.808328,0.740906,1.291193,0.001616,0.488564,0.738037
1755158735319,0.682663,0.807917,0.740321,1.291059,0.000747,0.489433,0.742188
1755158735342,0.681058,0.809534,0.734984,1.288172,0.002353,0.487828,0.721191
1755158735374,0.680955,0.809916,0.732465,1.286922,0.002455,0.487725,0.732666
1755158735401,0.679413,0.811220,0.728963,1.284938,0.003998,0.486183,0.729980
1755158735432,0.678357,0.812241,0.725392,1.283003,0.005053,0.485127,0.721436
1755158735464,0.677044,0.813448,0.721295,1.280763,0.006366,0.483814,0.716064
1755158735494,0.675462,0.814908,0.716038,1.277902,0.007949,0.482231,0.697510
1755158735522,0.674149,0.816005,0.712503,1.275932,0.009262,0.480919,0.717285
1755158735551,0.671170,0.818213,0.706775,1.272585,0.012241,0.477940,0.724854
1755158735584,0.669176,0.819628,0.703289,1.270513,0.014234,0.475946,0.718506
1755158735612,0.665223,0.822584,0.693830,1.265135,0.018188,0.471993,0.659912
1755158735644,0.655109,0.828626,0.684767,1.258847,0.028301,0.461879,0.558594
1755158735671,0.655007,0.829140,0.677840,1.255378,0.028403,0.461777,0.656494
1755158735702,0.652221,0.830847,0.673514,1.252725,0.031189,0.458991,0.617432
1755158735733,0.648238,0.833120,0.669472,1.249998,0.035173,0.455008,0.524170
1755158735763,0.648499,0.833391,0.661047,1.245823,0.034912,0.455269,0.459595
1755158735794,0.653195,0.831046,0.659301,1.245785,0.030216,0.459965,0.503174
1755158735822,0.656475,0.829249,0.661388,1.247416,0.026935,0.463245,0.528320
1755158735853,0.657668,0.828208,0.669907,1.251891,0.025742,0.464438,0.566650
1755158735884,0.654837,0.829764,0.668485,1.250677,0.028574,0.461607,0.602539
1755158735914,0.655710,0.829253,0.669543,1.251361,0.027701,0.462480,0.651611
1755158735942,0.652687,0.830933,0.667476,1.249790,0.030724,0.459456,0.582520
1755158735972,0.655212,0.829527,0.669280,1.251141,0.028199,0.461981,0.652588
1755158736003,0.656022,0.828995,0.671301,1.252295,0.027388,0.462792,0.659668
1755158736034,0.658227,0.827803,0.671927,1.253000,0.025183,0.464997,0.666748
1755158736062,0.658506,0.827455,0.675418,1.254791,0.024905,0.465276,0.688965
1755158736096,0.658513,0.827040,0.681885,1.258015,0.024897,0.465283,0.694824
1755158736122,0.662322,0.824581,0.688105,1.261782,0.021089,0.469092,0.697510
1755158736154,0.664233,0.822909,0.696325,1.266197,0.019178,0.471003,0.693848
1755158736188,0.667931,0.820072,0.705761,1.271514,0.015480,0.474701,0.684326
1755158736214,0.674644,0.815703,0.712787,1.276159,0.008767,0.481414,0.676758
1755158736249,0.682818,0.810430,0.719356,1.280824,0.000592,0.489588,0.745117
1755158736278,0.681199,0.810879,0.723421,1.282535,0.002211,0.487969,0.722900
1755158736304,0.686406,0.807070,0.730516,1.286922,-0.002995,0.493176,0.709229
1755158736338,0.684983,0.807422,0.734127,1.288439,-0.001572,0.491753,0.726562
1755158736364,0.690405,0.803897,0.737280,1.290926,-0.006994,0.497175,0.768311
1755158736393,0.691730,0.802922,0.738819,1.291909,-0.008320,0.498500,0.766846
1755158736425,0.694275,0.800984,0.742136,1.293970,-0.010864,0.501045,0.761475
1755158736453,0.697511,0.798867,0.743676,1.295285,-0.014101,0.504281,0.781982
1755158736484,0.703180,0.795159,0.746038,1.297425,-0.019770,0.509950,0.790039
1755158736515,0.708762,0.791201,0.750017,1.300333,-0.025351,0.515532,0.774414
1755158736545,0.714318,0.786870,0.755997,1.304203,-0.030908,0.521088,0.762451
1755158736573,0.718123,0.782459,0.768305,1.310814,-0.034712,0.524893,0.780029
1755158736604,0.727187,0.775304,0.776159,1.316176,-0.043777,0.533957,0.780029
1755158736636,0.735352,0.768711,0.782949,1.320859,-0.051942,0.542122,0.778809
1755158736664,0.740180,0.764025,0.790410,1.325273,-0.056770,0.546950,0.777588
1755158736694,0.743871,0.759177,0.801584,1.331252,-0.060461,0.550641,0.726074
1755158736725,0.750610,0.751416,0.815372,1.338982,-0.067200,0.557380,0.687988
1755158736754,0.753975,0.746533,0.825722,1.344473,-0.070565,0.560745,0.674805
1755158736785,0.756489,0.741362,0.838714,1.351049,-0.073079,0.563259,0.721680
1755158736815,0.756523,0.736864,0.854585,1.358533,-0.073112,0.563293,0.715576
1755158736845,0.750209,0.737625,0.866895,1.363236,-0.066799,0.556979,0.697510
1755158736878,0.741403,0.740198,0.878176,1.367028,-0.057992,0.548173,0.604492
1755158736903,0.731211,0.742365,0.892654,1.372081,-0.047801,0.537981,0.669434
1755158736938,0.717687,0.745952,0.908177,1.377064,-0.034277,0.524457,0.682861
1755158736967,0.697579,0.752868,0.924422,1.381297,-0.014168,0.504349,0.647461
1755158736996,0.679622,0.759338,0.936247,1.383849,0.003789,0.486392,0.603271
1755158737026,0.655059,0.768429,0.949329,1.385933,0.028351,0.461829,0.620850
1755158737054,0.630284,0.777982,0.959016,1.386443,0.053127,0.437054,0.607666
1755158737086,0.604386,0.788306,0.965836,1.385478,0.079024,0.411156,0.613281
1755158737119,0.578926,0.797398,0.972828,1.384700,0.104485,0.385696,0.600098
1755158737146,0.551991,0.804174,0.984673,1.385991,0.131419,0.358761,0.566406
1755158737175,0.525779,0.810001,0.995636,1.387024,0.157632,0.332549,0.574463
1755158737204,0.503432,0.812660,1.008479,1.389564,0.179979,0.310202,0.506592
1755158737237,0.481763,0.815892,1.017882,1.390633,0.201647,0.288533,0.526245
1755158737266,0.463782,0.816642,1.028791,1.392985,0.219628,0.270552,0.537354
1755158737294,0.449098,0.814857,1.041921,1.396883,0.234312,0.255868,0.614502
1755158737324,0.429039,0.815120,1.052987,1.399027,0.254371,0.235809,0.573242
1755158737355,0.413510,0.813865,1.063619,1.401661,0.269900,0.220280,0.569336
1755158737385,0.400389,0.813406,1.070822,1.403069,0.283021,0.207159,0.579834
1755158737417,0.388767,0.813827,1.075205,1.403396,0.294644,0.195537,0.594727
1755158737445,0.379529,0.814094,1.078573,1.403607,0.303882,0.186299,0.552490
1755158737476,0.369109,0.814928,1.081113,1.403265,0.314302,0.175879,0.541260
1755158737510,0.359248,0.815607,1.083492,1.402936,0.324162,0.166018,0.576172
1755158737540,0.348594,0.818452,1.081814,1.400608,0.334816,0.155364,0.684570
1755158737568,0.340042,0.820404,1.080906,1.398945,0.343369,0.146812,0.694092
1755158737603,0.329924,0.823389,1.078310,1.396270,0.353486,0.136694,0.729492
1755158737628,0.319455,0.824883,1.078444,1.394820,0.363955,0.126225,0.692139
1755158737656,0.306283,0.826415,1.078936,1.393153,0.377128,0.113053,0.695801
1755158737688,0.291976,0.828918,1.077406,1.390381,0.391434,0.098746,0.679932
1755158737718,0.276999,0.832292,1.073820,1.386552,0.406411,0.083769,0.665039
1755158737746,0.264392,0.831639,1.077255,1.386364,0.419018,0.071162,0.598877
1755158737777,0.246178,0.834912,1.073324,1.381921,0.437232,0.052948,0.653320
1755158737807,0.221215,0.835587,1.074229,1.378807,0.462195,0.027985,0.664551
1755158737838,0.194977,0.835671,1.074926,1.375437,0.488433,0.001747,0.666992
1755158737869,0.165394,0.835367,1.074672,1.371172,0.518016,-0.027836,0.606934
1755158737897,0.138728,0.832509,1.077858,1.368976,0.544683,-0.054502,0.571167
1755158737927,0.109967,0.829216,1.079918,1.365985,0.573443,-0.083263,0.577881
1755158737957,0.080781,0.824109,1.083515,1.363703,0.602630,-0.112449,0.485840
1755158737988,0.053490,0.818121,1.087428,1.361868,0.629920,-0.139740,0.570190
1755158738025,0.024372,0.811765,1.089669,1.359019,0.659038,-0.168858,0.536743
1755158738047,-0.012756,0.802198,1.092440,1.355400,0.696166,-0.205986,0.588867
1755158738079,-0.035819,0.796413,1.092295,1.352282,0.719230,-0.229049,0.629150
1755158738107,-0.055504,0.792027,1.090219,1.348690,0.738915,-0.248734,0.618652
1755158738137,-0.070818,0.790698,1.084195,1.343762,0.754228,-0.264048,0.603760
1755158738178,-0.089858,0.788612,1.076673,1.337613,0.773268,-0.283088,0.627930
1755158738198,-0.101886,0.790335,1.065675,1.330666,0.785297,-0.295116,0.682129
1755158738232,-0.112833,0.792040,1.054858,1.323928,0.796244,-0.306063,0.548340
1755158738259,-0.116891,0.797319,1.041368,1.316749,0.800302,-0.310121,0.551514
1755158738291,-0.123619,0.800265,1.030170,1.310327,0.807029,-0.316849,0.618896
1755158738320,-0.125976,0.804341,1.019612,1.304777,0.809387,-0.319206,0.561035
1755158738348,-0.123962,0.811319,1.005806,1.298172,0.807373,-0.317192,0.574341
1755158738378,-0.123340,0.815488,0.996756,1.293737,0.806750,-0.316570,0.611572
1755158738406,-0.127921,0.817138,0.988925,1.289205,0.811331,-0.321151,0.585693
1755158738441,-0.129540,0.818518,0.984179,1.286608,0.812951,-0.322770,0.576416
1755158738469,-0.133355,0.818825,0.979989,1.283992,0.816766,-0.326585,0.586304
1755158738498,-0.131899,0.818443,0.982241,1.285319,0.815310,-0.325129,0.562988
1755158738527,-0.132619,0.817602,0.983631,1.285921,0.816029,-0.325849,0.524048
1755158738564,-0.139526,0.815307,0.982878,1.284618,0.822936,-0.332756,0.456177
1755158738592,-0.152393,0.812425,0.977688,1.280286,0.835803,-0.345623,0.506104
1755158738621,-0.161673,0.811104,0.971715,1.276032,0.845084,-0.354903,0.437500
1755158738648,-0.169036,0.808270,0.971180,1.274780,0.852447,-0.362266,0.498413
1755158738678,-0.183606,0.805419,0.962690,1.268536,0.867017,-0.376836,0.440063
