1754554827213,0.977727,0.372610,0.937848,1.405115,1.530081,0.352756,0.365967
1754554827273,0.977058,0.374012,0.937888,1.405048,1.531204,0.352795,0.395996
1754554827305,0.978993,0.373147,0.934181,1.403695,1.486558,0.349089,0.361816
1754554827845,0.310975,0.944895,0.767171,1.256217,0.230116,0.182079,0.402466
1754554832480,-0.137964,0.891627,0.893463,1.269768,2.134324,0.308371,0.411377
1754554832507,-0.201973,0.864001,0.911437,1.272010,2.405444,0.326345,0.511597
1754554832538,-0.202680,0.859218,0.923442,1.277529,2.544484,0.338350,0.548096
1754554832568,-0.190385,0.865813,0.917999,1.276166,2.469466,0.332906,0.607666
1754554832598,-0.177783,0.869359,0.920374,1.278468,2.484233,0.335282,0.536133
1754554832630,-0.171201,0.868757,0.927847,1.282555,2.563767,0.342755,0.609863
1754554832657,-0.163352,0.866805,0.939497,1.288677,2.690158,0.354405,0.600098
1754554832686,-0.159271,0.865815,0.945274,1.291722,2.752645,0.360182,0.677979
1754554832721,-0.155785,0.866126,0.947275,1.292971,2.772216,0.362183,0.659424
1754554832748,-0.154679,0.865921,0.948642,1.293703,2.786868,0.363550,0.628418
1754554832778,-0.154547,0.864735,0.951624,1.295084,2.821097,0.366532,0.622803
1754554832808,-0.155132,0.864526,0.951679,1.295054,2.822314,0.366587,0.610107
1754554832837,-0.155890,0.862672,0.955545,1.296754,2.867619,0.370453,0.645020
1754554832867,-0.157709,0.861198,0.957650,1.297547,2.893687,0.372557,0.611816
1754554832898,-0.159325,0.860103,0.958992,1.298009,2.910774,0.373900,0.581543
1754554832928,-0.161799,0.860169,0.956917,1.296826,2.889329,0.371824,0.557861
1754554832956,-0.165102,0.858332,0.958666,1.297317,2.912787,0.373573,0.572754
1754554832986,-0.166140,0.856065,0.963152,1.299273,2.965521,0.378060,0.543945
1754554833022,-0.167979,0.851846,0.971389,1.302865,3.062280,0.386297,0.510742
1754554833052,-0.170447,0.848684,0.976585,1.305004,3.124617,0.391493,0.522461
1754554833081,-0.175583,0.853656,0.961239,1.297513,2.952925,0.376147,0.562256
1754554833107,-0.178501,0.858492,0.947325,1.290851,2.795511,0.362233,0.572998
1754554833137,-0.179044,0.858691,0.946381,1.290366,2.785178,0.361289,0.528076
1754554833169,-0.179785,0.855428,0.953609,1.293619,2.869204,0.368517,0.528809
1754554833201,-0.176829,0.855561,0.955753,1.294881,2.890947,0.370660,0.592529
1754554833229,-0.177055,0.850880,0.966456,1.299763,3.014514,0.381364,0.649902
1754554833259,-0.175492,0.849046,0.971860,1.302378,3.075218,0.386768,0.620361
1754554833318,-0.172561,0.843754,0.985780,1.308992,3.232688,0.400688,0.504395
1754554833349,-0.169105,0.842623,0.990776,1.311581,3.286794,0.405683,0.506592
1754554833378,-0.164321,0.841505,0.996600,1.314665,3.349122,0.411508,0.576172
1754554833405,-0.161165,0.836177,1.009764,1.320905,3.497663,0.424672,0.576904
1754554833438,-0.152606,0.834870,1.018083,1.325439,3.584958,0.432991,0.583252
1754554833497,-0.141666,0.828786,1.036650,1.334766,3.787970,0.451558,0.553467
1754554833562,-0.125612,0.831800,1.040290,1.337861,3.813851,0.455197,0.589844
1754554833588,-0.111063,0.835384,1.041463,1.339718,3.812819,0.456370,0.593506
1754554833616,-0.099388,0.835232,1.047698,1.343563,3.872992,0.462606,0.447632
1754554833649,-0.085147,0.838514,1.048419,1.345191,3.867065,0.463327,0.490601
1754554833680,-0.068525,0.846718,1.040437,1.343181,3.758464,0.455345,0.531738
1754554833708,-0.055806,0.848853,1.041700,1.344918,3.760294,0.456607,0.480713
1754554833737,-0.034666,0.850686,1.046248,1.348889,3.791562,0.461156,0.644531
1754554833767,-0.012229,0.856483,1.042652,1.349383,3.727688,0.457560,0.630371
1754554833804,0.005640,0.858043,1.044818,1.352004,3.734775,0.459725,0.613770
1754554833830,0.025072,0.858651,1.048444,1.355413,3.757125,0.463351,0.631348
1754554833860,0.041488,0.855341,1.058013,1.361147,3.850977,0.472921,0.610107
1754554833891,0.055382,0.856282,1.058634,1.362715,3.844237,0.473542,0.590088
1754554833922,0.077040,0.861716,1.051348,1.361551,3.738625,0.466256,0.458984
1754554833950,0.102362,0.860478,1.055805,1.365878,3.764656,0.470712,0.511230
1754554833980,0.131531,0.854742,1.067127,1.373552,3.865955,0.482035,0.482422
1754554834012,0.155569,0.857131,1.062026,1.373600,3.783142,0.476934,0.411011
1754554834042,0.182370,0.856891,1.060220,1.375350,3.735525,0.475128,0.500244
1754554834069,0.208039,0.855906,1.058461,1.377024,3.689591,0.473369,0.598877
1754554834097,0.235496,0.854837,1.055049,1.378163,3.622816,0.469957,0.606689
1754554834129,0.259349,0.857180,1.044547,1.375899,3.477951,0.459455,0.668701
1754554834158,0.281066,0.860865,1.030601,1.371942,3.295530,0.445509,0.649414
1754554834191,0.302645,0.866041,1.012046,1.365964,3.060141,0.426954,0.680664
1754554834218,0.323783,0.864470,1.006147,1.365458,2.971032,0.421055,0.727295
1754554834252,0.344132,0.857949,1.009895,1.369085,2.993873,0.424803,0.706299
1754554834282,0.361221,0.856027,1.004843,1.368566,2.918572,0.419751,0.725342
1754554834310,0.379905,0.851260,1.004027,1.370052,2.890483,0.418935,0.742432
1754554834340,0.396648,0.847879,1.000682,1.370253,2.835187,0.415589,0.747559
1754554834370,0.414012,0.845093,0.994915,1.369469,2.751378,0.409823,0.775879
1754554834404,0.430815,0.841136,0.991215,1.369533,2.691941,0.406123,0.739014
1754554834430,0.446488,0.837390,0.987186,1.369346,2.629835,0.402093,0.768066
1754554834468,0.462598,0.834485,0.980277,1.367957,2.534115,0.395185,0.736328
1754554834491,0.478922,0.833546,0.968004,1.364256,2.376365,0.382911,0.805420
1754554834521,0.495227,0.832893,0.953956,1.359777,2.198186,0.368863,0.811523
1754554834551,0.511365,0.831490,0.940585,1.355570,2.027977,0.355493,0.804688
1754554834581,0.522916,0.831509,0.927693,1.351097,1.867873,0.342601,0.793701
1754554834612,0.535446,0.834146,0.905783,1.342738,1.602870,0.320690,0.787109
1754554834640,0.542595,0.836706,0.889385,1.336223,1.406772,0.304293,0.793945
1754554834671,0.548088,0.838211,0.877383,1.331465,1.262981,0.292291,0.824951
1754554834703,0.551606,0.841106,0.863460,1.325629,1.099023,0.278368,0.803955
1754554834734,0.555683,0.841991,0.854347,1.321984,0.989941,0.269255,0.748291
1754554834762,0.557799,0.844735,0.841885,1.316620,0.844228,0.256793,0.746338
1754554834791,0.554505,0.852328,0.820772,1.306754,0.604231,0.235680,0.720703
1754554834821,0.552340,0.856587,0.808527,1.300975,0.465295,0.223434,0.748779
1754554834852,0.552497,0.858036,0.802446,1.298229,0.395074,0.217354,0.749512
1754554834884,0.549566,0.862068,0.791510,1.292932,0.271983,0.206418,0.719482
1754554834911,0.547709,0.865108,0.782037,1.288401,0.164684,0.196945,0.702637
1754554834945,0.547123,0.865833,0.780003,1.287406,0.141829,0.194910,0.705322
1754554834971,0.546731,0.866921,0.775844,1.285457,0.094298,0.190751,0.661865
1754554835040,0.539882,0.873607,0.758694,1.276824,-0.096468,0.173602,0.673828
1754554835064,0.534983,0.877748,0.748524,1.271589,-0.208753,0.163432,0.712646
1754554835089,0.532930,0.879894,0.741645,1.268174,-0.285973,0.156553,0.622803
1754554835121,0.534100,0.880289,0.736253,1.265797,-0.349270,0.151161,0.646484
1754554835152,0.528244,0.884763,0.724633,1.259738,-0.477317,0.139541,0.634033
1754554835184,0.528685,0.884774,0.723294,1.259161,-0.493184,0.138202,0.629883
1754554835362,0.525419,0.889276,0.701369,1.248517,-0.742563,0.116277,0.688721
1754554835392,0.524946,0.889962,0.697546,1.246664,-0.786143,0.112454,0.686279
1754554835421,0.527532,0.888565,0.699699,1.247965,-0.763914,0.114607,0.707031
1754554835454,0.527199,0.888655,0.700140,1.248136,-0.758508,0.115047,0.709961
1754554835485,0.526726,0.888965,0.699326,1.247700,-0.767413,0.114234,0.703613
1754554835514,0.528087,0.888040,0.701915,1.249070,-0.738940,0.116823,0.710449
1754554835548,0.526194,0.889158,0.699635,1.247787,-0.763320,0.114543,0.711670
1754554835573,0.527820,0.888253,0.701168,1.248689,-0.747282,0.116075,0.698242
1754554835604,0.526247,0.888887,0.701586,1.248711,-0.740891,0.116494,0.698486
1754554835636,0.526241,0.889100,0.699934,1.247933,-0.759919,0.114842,0.683594
1754554835663,0.524193,0.890184,0.698388,1.246977,-0.775685,0.113296,0.678711
1754554835904,0.527343,0.888573,0.700293,1.248224,-0.756887,0.115201,0.695801
1754554836209,0.526440,0.889625,0.694976,1.245617,-0.817254,0.109883,0.691406
1754554836355,0.525802,0.889964,0.694470,1.245308,-0.822441,0.109378,0.695068
1754554836539,0.536488,0.883812,0.705694,1.251777,-0.703795,0.120602,0.698975
1754554836718,0.551928,0.874547,0.720780,1.260548,-0.545398,0.135688,0.690674
1754554836745,0.553977,0.873580,0.720761,1.260765,-0.547668,0.135669,0.709961
1754554836842,0.545753,0.878945,0.710373,1.254998,-0.659144,0.125281,0.699951
1754554836895,0.541239,0.881944,0.703530,1.251287,-0.733482,0.118438,0.710693
1754554836923,0.541033,0.882306,0.701469,1.250296,-0.757030,0.116376,0.725830
1754554837047,0.537404,0.884607,0.696254,1.247438,-0.813484,0.111162,0.729980
1754554837226,0.532860,0.886744,0.695411,1.246536,-0.818657,0.110319,0.729492
1754554837292,0.529120,0.888868,0.691467,1.244259,-0.860363,0.106375,0.742920
1754554837471,0.532698,0.886724,0.696166,1.246874,-0.809799,0.111073,0.711426
1754554837532,0.530251,0.888280,0.692233,1.244747,-0.852668,0.107141,0.752197
1754554837708,0.529715,0.888621,0.691339,1.244265,-0.862438,0.106246,0.746582
1754554837743,0.531736,0.887452,0.693679,1.245594,-0.837491,0.108587,0.725098
1754554837799,0.531348,0.887659,0.693383,1.245412,-0.840512,0.108291,0.747803
1754554837824,0.531610,0.887418,0.694430,1.245934,-0.828716,0.109337,0.739502
1754554837858,0.531235,0.887603,0.694271,1.245818,-0.830170,0.109179,0.744385
1754554837890,0.530803,0.888009,0.692465,1.244918,-0.850543,0.107373,0.735596
1754554837948,0.529944,0.888438,0.692037,1.244620,-0.854617,0.106945,0.744629
1754554838071,0.526289,0.890269,0.690073,1.243286,-0.873597,0.104981,0.735840
1754554838094,0.526736,0.890097,0.689873,1.243241,-0.876353,0.104780,0.745850
1754554838125,0.526612,0.890030,0.690918,1.243721,-0.864185,0.105825,0.722900
1754554838156,0.528168,0.889308,0.691278,1.244064,-0.861594,0.106185,0.727051
1754554838198,0.528131,0.889250,0.691912,1.244359,-0.854242,0.106820,0.729248
1754554838222,0.527381,0.889674,0.691091,1.243888,-0.862962,0.105998,0.746826
1754554838252,0.527507,0.889633,0.690972,1.243846,-0.864460,0.105879,0.736816
1754554838276,0.528220,0.889408,0.690219,1.243570,-0.873840,0.105127,0.740234
1754554838309,0.527061,0.889897,0.690375,1.243514,-0.870890,0.105283,0.730225
1754554838338,0.528344,0.888919,0.693919,1.245330,-0.831338,0.108826,0.725098
1754554838369,0.529033,0.888672,0.693456,1.245188,-0.837361,0.108363,0.746826
1754554838406,0.529284,0.888578,0.693317,1.245151,-0.839212,0.108225,0.751221
1754554838430,0.527895,0.889412,0.691414,1.244098,-0.859752,0.106322,0.736816
1754554838459,0.526975,0.889957,0.690184,1.243414,-0.873008,0.105091,0.753662
1754554838493,0.528088,0.889337,0.691326,1.244078,-0.860957,0.106234,0.748779
1754554838522,0.527657,0.889691,0.689904,1.243358,-0.876912,0.104812,0.745361
1754554838549,0.528526,0.889230,0.690602,1.243784,-0.869743,0.105509,0.754883
1754554838580,0.529926,0.888239,0.693789,1.245445,-0.834416,0.108696,0.744629
1754554838609,0.528360,0.889372,0.689995,1.243479,-0.876565,0.104903,0.742920
1754554838641,0.527548,0.889901,0.688479,1.242672,-0.893225,0.103386,0.752686
1754554838674,0.528816,0.889102,0.690601,1.243816,-0.870034,0.105509,0.739502
1754554838727,0.528125,0.889548,0.689364,1.243155,-0.883605,0.104272,0.745850
1754554838760,0.529883,0.888642,0.690523,1.243898,-0.872010,0.105430,0.754395
1754554838819,0.532982,0.886990,0.692912,1.245371,-0.847577,0.107820,0.731934
1754554838881,0.534347,0.886273,0.693824,1.245953,-0.838431,0.108732,0.697266
1754554838907,0.538150,0.884126,0.697428,1.248074,-0.800711,0.112335,0.706787
1754554838942,0.538347,0.883762,0.699623,1.249129,-0.775615,0.114530,0.717773
1754554838969,0.541443,0.881537,0.705901,1.252423,-0.706369,0.120808,0.689453
1754554838999,0.544663,0.879199,0.712155,1.255713,-0.637516,0.127063,0.685791
1754554839031,0.546112,0.878092,0.715212,1.257304,-0.603743,0.130120,0.691162
1754554839061,0.546702,0.877634,0.716482,1.257963,-0.589700,0.131390,0.694092
1754554839093,0.548662,0.876283,0.719441,1.259562,-0.557560,0.134349,0.707031
1754554839150,0.546507,0.877411,0.718608,1.258935,-0.565004,0.133516,0.701172
1754554839180,0.549706,0.875063,0.724232,1.261913,-0.503397,0.139140,0.739502
1754554839243,0.547843,0.876033,0.723600,1.261413,-0.508818,0.138508,0.677002
1754554839328,0.546016,0.877014,0.722754,1.260817,-0.516742,0.137661,0.669678
1754554839361,0.544445,0.877980,0.721185,1.259911,-0.533246,0.136093,0.651855
1754554839390,0.540406,0.880014,0.719994,1.258910,-0.542933,0.134902,0.689941
1754554839422,0.533626,0.884061,0.713221,1.254992,-0.614201,0.128129,0.693848
1754554839448,0.534855,0.882856,0.717762,1.257254,-0.563106,0.132669,0.705322
1754554839482,0.531729,0.884783,0.714094,1.255192,-0.602240,0.129002,0.674805
1754554839510,0.536361,0.881471,0.722503,1.259636,-0.509977,0.137411,0.662842
1754554839540,0.530370,0.885677,0.712028,1.254073,-0.624694,0.126935,0.700195
1754554839574,0.530580,0.885614,0.711814,1.253996,-0.627368,0.126722,0.713135
1754554839601,0.531332,0.885729,0.708563,1.252554,-0.665577,0.123471,0.706543
1754554839631,0.532551,0.885128,0.708999,1.252893,-0.661778,0.123906,0.700195
1754554839662,0.534423,0.883963,0.711383,1.254219,-0.636176,0.126291,0.693848
1754554839691,0.533617,0.884654,0.708992,1.253008,-0.662921,0.123900,0.695312
1754554839840,0.529819,0.886534,0.707568,1.251919,-0.675534,0.122475,0.729004
1754554839872,0.528550,0.887545,0.704165,1.250180,-0.713470,0.119073,0.708496
1754554839898,0.529191,0.886902,0.706885,1.251529,-0.682777,0.121792,0.714111
1754554839929,0.529656,0.886687,0.706962,1.251617,-0.682350,0.121870,0.713867
1754554840024,0.532302,0.885329,0.708337,1.252555,-0.669153,0.123245,0.680176
1754554840082,0.532854,0.885121,0.708058,1.252485,-0.672917,0.122966,0.675049
1754554840144,0.533738,0.884739,0.707970,1.252542,-0.674815,0.122878,0.688232
1754554840177,0.532290,0.885914,0.703996,1.250514,-0.719167,0.118903,0.698730
1754554840201,0.535809,0.883964,0.706842,1.252241,-0.689886,0.121750,0.687012
1754554840231,0.538027,0.882786,0.708158,1.253104,-0.676943,0.123066,0.672852
1754554840261,0.538911,0.882362,0.708329,1.253283,-0.675850,0.123237,0.702393
1754554840328,0.543537,0.879870,0.711074,1.255081,-0.648855,0.125981,0.673828
1754554840352,0.547172,0.877667,0.714745,1.257203,-0.610182,0.129653,0.688232
1754554840381,0.544288,0.879417,0.711841,1.255524,-0.640761,0.126749,0.667725
1754554840411,0.540408,0.882157,0.704795,1.251789,-0.718078,0.119702,0.693604
1754554840443,0.538469,0.883247,0.703196,1.250823,-0.734554,0.118104,0.676514
1754554840503,0.533625,0.885915,0.699364,1.248483,-0.773876,0.114271,0.695801
1754554840531,0.528767,0.888574,0.695246,1.246003,-0.816465,0.110154,0.719238
1754554840592,0.528556,0.888617,0.695649,1.246170,-0.811606,0.110557,0.734863
1754554840624,0.529871,0.887815,0.697471,1.247175,-0.791932,0.112379,0.735596
1754554840683,0.528237,0.889062,0.693115,1.244939,-0.840486,0.108023,0.746826
1754554840712,0.527356,0.889644,0.691447,1.244054,-0.858826,0.106355,0.740967
1754554840745,0.526871,0.889872,0.691308,1.243934,-0.859945,0.106216,0.752686
1754554840776,0.527237,0.889495,0.693149,1.244844,-0.839103,0.108056,0.748291
1754554840863,0.528561,0.888767,0.694391,1.245577,-0.826115,0.109298,0.771484
1754554840984,0.527686,0.889275,0.693349,1.244988,-0.837244,0.108257,0.766602
1754554841139,0.527579,0.889334,0.693246,1.244928,-0.838325,0.108154,0.750488
1754554841193,0.526652,0.889762,0.693054,1.244734,-0.839609,0.107962,0.750244
1754554841225,0.528783,0.888968,0.691878,1.244416,-0.855297,0.106785,0.758545
1754554841256,0.528769,0.888619,0.694861,1.245822,-0.820899,0.109769,0.745361
1754554841315,0.527955,0.888947,0.695107,1.245848,-0.817252,0.110015,0.745117
1754554841378,0.528023,0.889088,0.693676,1.245180,-0.833816,0.108583,0.749512
1754554841527,0.527001,0.889714,0.692168,1.244354,-0.850167,0.107076,0.750244
1754554841554,0.525803,0.890386,0.690890,1.243618,-0.863690,0.105798,0.759766
1754554841587,0.525555,0.890521,0.690650,1.243477,-0.866211,0.105558,0.750488
1754554841616,0.525268,0.890545,0.691524,1.243858,-0.855852,0.106432,0.730225
1754554841647,0.524413,0.890981,0.690959,1.243496,-0.861507,0.105867,0.733887
1754554841683,0.525743,0.890252,0.692256,1.244256,-0.847893,0.107164,0.755127
1754554841707,0.527886,0.889029,0.694672,1.245635,-0.822199,0.109580,0.751953
1754554841734,0.527603,0.889456,0.692129,1.244403,-0.851222,0.107036,0.750977
1754554841764,0.524618,0.891042,0.689667,1.242908,-0.876605,0.104575,0.761475
1754554841796,0.527401,0.889536,0.692199,1.244413,-0.850214,0.107106,0.751709
1754554841824,0.527102,0.889550,0.693187,1.244847,-0.838525,0.108095,0.754639
1754554841855,0.526659,0.889802,0.692695,1.244565,-0.843754,0.107603,0.771484
1754554841887,0.527747,0.889129,0.694351,1.245468,-0.825756,0.109259,0.755371
1754554841916,0.527158,0.889307,0.695013,1.245715,-0.817540,0.109921,0.755859
1754554841980,0.528054,0.889115,0.693341,1.245025,-0.837705,0.108249,0.744385
1754554842037,0.527172,0.889115,0.696537,1.246435,-0.800000,0.111444,0.769531
1754554842065,0.526311,0.889956,0.692668,1.244514,-0.843720,0.107575,0.749268
1754554842217,0.526070,0.890014,0.693072,1.244678,-0.838820,0.107980,0.746826
1754554842248,0.525393,0.890102,0.694801,1.245419,-0.818224,0.109708,0.752197
1754554842284,0.526220,0.889600,0.695972,1.246063,-0.805554,0.110880,0.770508
1754554842337,0.526712,0.889253,0.697054,1.246628,-0.793573,0.111962,0.762939
1754554842401,0.525313,0.890201,0.694264,1.245156,-0.824330,0.109172,0.742920
1754554842428,0.524453,0.890775,0.692578,1.244265,-0.842891,0.107486,0.755615
1754554842457,0.527156,0.889407,0.694193,1.245327,-0.826994,0.109100,0.741211
1754554842484,0.527251,0.889499,0.693069,1.244808,-0.840030,0.107977,0.757812
1754554842515,0.525635,0.890243,0.692733,1.244469,-0.842295,0.107640,0.759277
1754554842549,0.525172,0.890530,0.692006,1.244075,-0.850207,0.106914,0.749023
1754554842579,0.525852,0.890147,0.692743,1.244498,-0.842387,0.107651,0.729492
1754554842606,0.525639,0.890286,0.692360,1.244294,-0.846597,0.107267,0.746582
1754554842637,0.524635,0.890485,0.694357,1.245125,-0.822575,0.109265,0.754883
1754554842664,0.523799,0.891292,0.690569,1.243243,-0.865394,0.105476,0.750244
1754554842697,0.525807,0.889980,0.694321,1.245238,-0.824169,0.109228,0.750244
1754554842730,0.525756,0.889990,0.694417,1.245278,-0.823007,0.109325,0.759766
1754554842757,0.525526,0.890021,0.694990,1.245522,-0.816176,0.109898,0.759277
1754554842786,0.525671,0.890287,0.692225,1.244234,-0.848180,0.107133,0.754639
1754554842817,0.523753,0.891329,0.690422,1.243169,-0.867035,0.105330,0.754883
1754554842880,0.523960,0.891170,0.691026,1.243477,-0.860288,0.105934,0.744629
1754554842906,0.525823,0.890045,0.693711,1.244952,-0.831207,0.108619,0.760010
1754554842937,0.525484,0.890338,0.692483,1.244335,-0.845015,0.107391,0.744629
1754554843001,0.523957,0.891328,0.689661,1.242832,-0.876010,0.104569,0.738770
1754554843030,0.524757,0.890623,0.692751,1.244380,-0.841200,0.107659,0.741943
1754554843087,0.524669,0.890733,0.692143,1.244083,-0.848121,0.107051,0.742920
1754554843119,0.524942,0.890320,0.694616,1.245281,-0.819904,0.109523,0.756592
1754554843147,0.524612,0.890808,0.691708,1.243871,-0.853085,0.106615,0.741943
1754554843183,0.526274,0.889498,0.696617,1.246373,-0.798169,0.111525,0.725586
1754554843237,0.527058,0.889007,0.697822,1.247028,-0.785070,0.112730,0.766846
1754554843304,0.526236,0.889557,0.696272,1.246206,-0.802112,0.111180,0.778564
1754554843357,0.524685,0.890809,0.691429,1.243748,-0.856370,0.106336,0.741699
1754554843388,0.524462,0.890944,0.691099,1.243567,-0.859945,0.106007,0.772461
1754554843418,0.525047,0.890753,0.690551,1.243374,-0.866842,0.105459,0.747070
1754554843449,0.523882,0.891344,0.689809,1.242893,-0.874232,0.104717,0.749023
1754554843513,0.524832,0.890523,0.693322,1.244658,-0.834696,0.108230,0.762451
1754554843538,0.525976,0.889923,0.694180,1.245190,-0.825963,0.109087,0.750000
1754554843571,0.523101,0.891552,0.690931,1.243336,-0.860524,0.105839,0.744141
1754554843602,0.522905,0.891869,0.688912,1.242360,-0.883594,0.103819,0.744873
1754554843631,0.524665,0.890954,0.690251,1.243189,-0.869925,0.105158,0.726318
1754554843718,0.524185,0.891141,0.690430,1.243220,-0.867374,0.105338,0.741943
1754554843751,0.523562,0.891340,0.691043,1.243441,-0.859693,0.105951,0.725098
1754554843783,0.524838,0.890832,0.690660,1.243402,-0.865379,0.105568,0.757568
1754554843809,0.524540,0.890959,0.690678,1.243377,-0.864878,0.105585,0.730957
1754554843837,0.523243,0.891335,0.692270,1.243985,-0.845235,0.107178,0.747314
1754554843872,0.525832,0.889713,0.696430,1.246236,-0.799892,0.111337,0.750977
1754554843935,0.525232,0.890289,0.693821,1.244938,-0.829354,0.108728,0.753418
1754554843961,0.525684,0.890146,0.693372,1.244777,-0.834975,0.108280,0.767090
1754554843987,0.525615,0.890115,0.693888,1.245013,-0.828957,0.108796,0.738281
1754554844022,0.525667,0.890227,0.692750,1.244481,-0.842128,0.107658,0.756836
1754554844049,0.525537,0.890276,0.692816,1.244498,-0.841234,0.107724,0.762207
1754554844085,0.525457,0.890370,0.692309,1.244249,-0.846997,0.107217,0.747559
1754554844169,0.524885,0.890652,0.692024,1.244051,-0.849717,0.106931,0.753906
1754554844203,0.525117,0.890448,0.692910,1.244495,-0.839733,0.107818,0.751221
1754554844259,0.524366,0.890893,0.691894,1.243932,-0.850686,0.106802,0.754883
1754554844276,0.523778,0.891292,0.690653,1.243280,-0.864404,0.105560,0.748047
1754554844291,0.524765,0.890736,0.691752,1.243909,-0.852726,0.106660,0.742432
1754554844319,0.526905,0.889581,0.693646,1.245042,-0.833036,0.108554,0.743896
1754554844349,0.526009,0.890062,0.692889,1.244584,-0.840872,0.107796,0.737305
1754554844442,0.525838,0.890197,0.692379,1.244325,-0.846569,0.107287,0.739502
1754554844468,0.525394,0.890598,0.690589,1.243430,-0.866757,0.105497,0.760986
1754554844533,0.525740,0.890151,0.693124,1.244666,-0.837894,0.108031,0.729736
1754554844560,0.526789,0.889243,0.696862,1.246546,-0.795868,0.111770,0.761475
1754554844624,0.525893,0.890010,0.693756,1.244981,-0.830766,0.108663,0.735352
1754554844653,0.525476,0.890145,0.694146,1.245119,-0.825852,0.109054,0.747070
1754554844684,0.526046,0.889947,0.693717,1.244980,-0.831358,0.108625,0.750977
1754554844715,0.526436,0.889417,0.696702,1.246431,-0.797359,0.111609,0.749512
1754554844741,0.525897,0.889718,0.696163,1.246117,-0.803027,0.111071,0.758545
1754554844773,0.525567,0.890213,0.693242,1.244702,-0.836363,0.108149,0.763184
1754554844801,0.525789,0.890244,0.692159,1.244215,-0.849062,0.107067,0.752197
1754554844833,0.527161,0.889177,0.696071,1.246214,-0.805348,0.110979,0.758057
1754554844861,0.526607,0.889883,0.692193,1.244322,-0.849484,0.107101,0.746582
1754554844891,0.526709,0.889693,0.693424,1.244915,-0.835407,0.108331,0.742676
1754554844923,0.525586,0.890313,0.692327,1.244272,-0.846926,0.107234,0.756592
1754554844953,0.524588,0.890910,0.690922,1.243498,-0.862107,0.105830,0.759033
1754554844982,0.526063,0.890254,0.691046,1.243720,-0.862155,0.105954,0.760986
1754554845013,0.526640,0.889916,0.691795,1.244138,-0.854101,0.106703,0.734863
1754554845042,0.525847,0.890314,0.691346,1.243838,-0.858487,0.106254,0.754639
1754554845073,0.526205,0.890114,0.691719,1.244054,-0.854548,0.106626,0.747070
1754554845133,0.526137,0.890078,0.692278,1.244310,-0.848038,0.107186,0.745361
1754554845162,0.525431,0.890453,0.691701,1.243959,-0.853983,0.106608,0.751953
1754554845223,0.526652,0.889589,0.694503,1.245418,-0.822916,0.109410,0.751221
1754554845250,0.527078,0.889242,0.695834,1.246093,-0.808001,0.110742,0.745361
1754554845283,0.527021,0.889095,0.697238,1.246749,-0.791762,0.112146,0.745117
1754554845312,0.525016,0.890502,0.692819,1.244441,-0.840679,0.107727,0.749023
1754554845341,0.528048,0.889073,0.693716,1.245202,-0.833375,0.108624,0.747314
1754554845370,0.525638,0.890398,0.691405,1.243843,-0.857594,0.106313,0.735107
1754554845401,0.526090,0.890160,0.691761,1.244061,-0.853950,0.106668,0.758789
1754554845434,0.524773,0.890797,0.691206,1.243652,-0.859021,0.106114,0.751221
1754554845461,0.526384,0.889712,0.694459,1.245368,-0.823146,0.109367,0.741943
1754554845492,0.525661,0.890281,0.692316,1.244275,-0.847125,0.107223,0.762695
1754554845613,0.527929,0.888974,0.694971,1.245780,-0.818801,0.109878,0.716309
1754554845736,0.530159,0.887941,0.695408,1.246235,-0.815990,0.110316,0.683350
1754554845916,0.528291,0.889034,0.693149,1.244961,-0.840157,0.108056,0.728516
1754554845945,0.528635,0.888823,0.693649,1.245235,-0.834740,0.108556,0.729492
1754554845971,0.528241,0.889158,0.692282,1.244546,-0.850091,0.107190,0.726074
1754554846003,0.528113,0.889545,0.689436,1.243188,-0.882760,0.104344,0.728027
1754554846183,0.524911,0.892065,0.679089,1.237931,-0.998788,0.093997,0.714844
1754554846212,0.523530,0.893100,0.674734,1.235709,-1.047587,0.089642,0.686523
1754554846241,0.521296,0.894531,0.669787,1.233106,-1.102357,0.084695,0.704590
1754554846274,0.520837,0.894757,0.669466,1.232902,-1.105595,0.084374,0.699707
1754554846305,0.521132,0.894943,0.666007,1.231287,-1.145747,0.080915,0.707031
1754554846338,0.520578,0.895138,0.666480,1.231450,-1.139744,0.081388,0.714111
1754554846364,0.518551,0.896317,0.662841,1.229487,-1.179649,0.077749,0.710938
1754554846397,0.518225,0.896394,0.663557,1.229792,-1.171077,0.078465,0.706543
1754554846461,0.516996,0.897352,0.658258,1.227122,-1.230907,0.073166,0.740234
1754554846488,0.514032,0.898783,0.655890,1.225655,-1.255235,0.070797,0.750244
1754554846515,0.513270,0.899183,0.654827,1.225061,-1.266718,0.069735,0.760986
1754554846544,0.511554,0.900191,0.650826,1.222950,-1.311106,0.065734,0.781738
1754554846576,0.510747,0.900556,0.650393,1.222651,-1.315287,0.065301,0.779785
1754554846604,0.510061,0.900888,0.649717,1.222249,-1.322393,0.064624,0.800049
1754554846663,0.510850,0.900484,0.650811,1.222863,-1.310578,0.065718,0.792725
1754554846692,0.511469,0.900333,0.649314,1.222215,-1.328439,0.064222,0.780029
1754554846723,0.511648,0.900212,0.649976,1.222552,-1.320994,0.064884,0.773926
1754554846754,0.512518,0.899861,0.649827,1.222579,-1.323580,0.064735,0.775146
1754554846786,0.511825,0.900144,0.649903,1.222537,-1.322016,0.064810,0.791260
1754554846817,0.512024,0.900037,0.650247,1.222725,-1.318250,0.065154,0.777588
1754554846844,0.514889,0.898680,0.652479,1.224118,-1.295396,0.067386,0.754883
1754554846874,0.513645,0.899220,0.652219,1.223853,-1.297144,0.067127,0.770508
1754554846936,0.511093,0.900456,0.649778,1.222395,-1.322721,0.064686,0.756104
1754554846970,0.512459,0.899677,0.652738,1.223968,-1.289982,0.067645,0.732910
1754554846995,0.515402,0.898378,0.653651,1.224738,-1.282403,0.068558,0.727051
1754554847025,0.515159,0.898309,0.655908,1.225791,-1.256155,0.070815,0.706787
1754554847096,0.520455,0.895164,0.666773,1.231576,-1.136249,0.081681,0.723389
1754554847119,0.522510,0.894058,0.669273,1.232997,-1.109493,0.084181,0.729492
1754554847145,0.525691,0.892233,0.674033,1.235618,-1.057828,0.088941,0.724609
1754554847176,0.528291,0.890702,0.678026,1.237805,-1.014413,0.092934,0.728516
1754554847205,0.528334,0.890522,0.679587,1.238550,-0.996473,0.094495,0.734863
1754554847238,0.529414,0.889895,0.681055,1.239367,-0.980630,0.095963,0.722168
1754554847268,0.528548,0.890260,0.681197,1.239337,-0.978129,0.096105,0.742676
1754554847324,0.530083,0.889277,0.684082,1.240875,-0.946420,0.098990,0.751953
1754554847356,0.532194,0.887908,0.688013,1.242969,-0.903243,0.102920,0.734375
1754554847389,0.532900,0.887546,0.688443,1.243252,-0.898985,0.103351,0.698486
1754554847416,0.534910,0.886577,0.689086,1.243779,-0.893588,0.103994,0.723633
1754554847448,0.535086,0.886473,0.689307,1.243903,-0.891217,0.104215,0.742432
1754554847476,0.534824,0.886474,0.690312,1.244349,-0.879377,0.105220,0.743652
1754554847504,0.538017,0.884416,0.695553,1.247176,-0.822182,0.110460,0.727783
1754554847540,0.539930,0.883288,0.697681,1.248391,-0.799572,0.112589,0.723633
1754554847569,0.543930,0.880866,0.702350,1.251032,-0.749771,0.117258,0.698975
1754554847601,0.547752,0.878261,0.708612,1.254394,-0.681437,0.123520,0.698486
1754554847628,0.549930,0.876587,0.713302,1.256832,-0.629572,0.128209,0.695557
1754554847657,0.551501,0.875312,0.717006,1.258738,-0.588460,0.131914,0.702637
1754554847687,0.554371,0.873510,0.719987,1.260447,-0.556983,0.134894,0.701416
1754554847716,0.554727,0.872867,0.723092,1.261935,-0.521551,0.138000,0.685303
1754554847749,0.554670,0.873028,0.722215,1.261520,-0.531603,0.137123,0.707520
1754554847776,0.552293,0.874686,0.718704,1.259619,-0.569683,0.133612,0.704834
1754554847807,0.548861,0.876673,0.716172,1.258056,-0.595432,0.131080,0.705811
1754554847867,0.544761,0.878764,0.714888,1.257003,-0.606127,0.129796,0.714111
1754554847898,0.542201,0.880057,0.714089,1.256346,-0.612766,0.128997,0.695068
1754554847926,0.540577,0.881280,0.710685,1.254572,-0.650372,0.125593,0.706299
1754554847957,0.538143,0.882842,0.707356,1.252741,-0.686295,0.122264,0.692871
1754554847997,0.537178,0.883485,0.705813,1.251910,-0.703108,0.120721,0.704102
1754554848018,0.535409,0.884677,0.702802,1.250299,-0.736034,0.117710,0.715820
1754554848048,0.534533,0.885251,0.701391,1.249538,-0.751424,0.116299,0.705566
1754554848077,0.533177,0.886119,0.699330,1.248418,-0.773817,0.114238,0.707520
1754554848108,0.532402,0.886760,0.696951,1.247211,-0.800457,0.111858,0.710449
1754554848139,0.531120,0.887828,0.692810,1.245116,-0.846888,0.107718,0.731934
1754554848171,0.531654,0.887696,0.691926,1.244758,-0.857612,0.106833,0.731201
1754554848197,0.528571,0.889462,0.688400,1.242749,-0.895160,0.103307,0.719727
1754554848228,0.526462,0.890732,0.685285,1.241040,-0.928943,0.100193,0.731201
1754554848257,0.524732,0.891731,0.683004,1.239767,-0.953490,0.097912,0.736572
1754554848291,0.524313,0.892046,0.681747,1.239125,-0.967557,0.096655,0.750000
1754554848321,0.524150,0.892169,0.681257,1.238874,-0.973049,0.096164,0.748047
1754554848348,0.523306,0.892625,0.680381,1.238365,-0.982297,0.095288,0.750488
1754554848378,0.521626,0.893667,0.677271,1.236701,-1.016450,0.092179,0.752686
1754554848407,0.519358,0.894849,0.675132,1.235431,-1.038833,0.090039,0.740234
1754554848439,0.518760,0.895206,0.674083,1.234866,-1.050318,0.088991,0.740967
1754554848470,0.516917,0.896196,0.671908,1.233625,-1.073543,0.086815,0.745850
1754554848500,0.516271,0.896557,0.670975,1.233108,-1.083647,0.085882,0.750244
1754554848526,0.516423,0.896565,0.670194,1.232754,-1.092792,0.085102,0.747803
1754554848563,0.517169,0.896251,0.670184,1.232832,-1.093656,0.085092,0.771240
1754554848590,0.516778,0.896317,0.671249,1.233296,-1.080992,0.086157,0.741211
1754554848621,0.516579,0.896354,0.671746,1.233510,-1.075072,0.086653,0.738770
1754554848649,0.517387,0.895944,0.672466,1.233943,-1.067580,0.087374,0.748535
1754554848679,0.518324,0.895418,0.673808,1.234686,-1.053052,0.088716,0.735840
1754554848710,0.521014,0.894292,0.673590,1.234884,-1.058257,0.088498,0.751221
1754554848744,0.523852,0.892484,0.679469,1.237993,-0.993345,0.094377,0.749023
1754554848772,0.524773,0.892092,0.679411,1.238068,-0.994942,0.094318,0.753174
1754554848804,0.525400,0.891548,0.682006,1.239369,-0.965660,0.096914,0.745361
1754554848828,0.526167,0.890925,0.684698,1.240730,-0.935408,0.099606,0.727051
1754554848858,0.528184,0.889449,0.689996,1.243460,-0.876375,0.104904,0.730469
1754554848891,0.531140,0.887593,0.694704,1.246011,-0.825080,0.109612,0.707520
1754554848924,0.529962,0.887747,0.697700,1.247293,-0.789388,0.112607,0.689209
1754554848950,0.534063,0.885128,0.703961,1.250694,-0.721343,0.118868,0.684570
1754554848981,0.534511,0.884894,0.704221,1.250866,-0.718789,0.119129,0.685791
1754554849009,0.533085,0.885769,0.702396,1.249850,-0.738394,0.117304,0.694824
1754554849041,0.535685,0.884126,0.706042,1.251852,-0.698984,0.120950,0.692383
1754554849073,0.538482,0.882617,0.707885,1.253027,-0.680545,0.122792,0.668945
1754554849101,0.538775,0.882272,0.709436,1.253787,-0.662960,0.124344,0.677490
1754554849129,0.538218,0.882720,0.708002,1.253052,-0.678933,0.122909,0.680908
1754554849158,0.538686,0.882392,0.708853,1.253504,-0.669592,0.123761,0.679443
1754554849191,0.539651,0.881791,0.710039,1.254166,-0.656894,0.124946,0.676025
1754554849219,0.535683,0.883953,0.707337,1.252460,-0.684052,0.122245,0.675049
1754554849269,0.536434,0.883358,0.709225,1.253429,-0.663052,0.124133,0.668701
1754554849286,0.534413,0.884655,0.706355,1.251858,-0.694105,0.121263,0.670410
1754554849312,0.532008,0.885987,0.704389,1.250668,-0.714353,0.119297,0.667725
1754554849341,0.530204,0.887039,0.702451,1.249557,-0.734875,0.117359,0.677246
1754554849371,0.528691,0.888050,0.699758,1.248121,-0.764401,0.114665,0.700684
1754554849401,0.526428,0.889794,0.693609,1.244971,-0.832988,0.108517,0.721436
1754554849428,0.526359,0.890019,0.691962,1.244186,-0.851894,0.106870,0.727783
1754554849461,0.525248,0.890804,0.689353,1.242830,-0.880848,0.104261,0.744629
1754554849493,0.525744,0.890652,0.688796,1.242622,-0.887762,0.103704,0.759033
1754554849531,0.525452,0.890897,0.687752,1.242095,-0.899503,0.102660,0.746094
1754554849553,0.523538,0.892092,0.684443,1.240316,-0.935723,0.099350,0.755371
1754554849579,0.520963,0.893754,0.679204,1.237545,-0.993515,0.094112,0.765381
1754554849612,0.519710,0.894723,0.674888,1.235355,-1.041991,0.089796,0.751465
1754554849644,0.520193,0.894530,0.674756,1.235346,-1.043995,0.089664,0.746582
1754554849677,0.518600,0.895425,0.672516,1.234103,-1.068215,0.087424,0.747314
1754554849702,0.517793,0.895977,0.670285,1.232950,-1.093121,0.085192,0.751465
1754554849731,0.517498,0.896340,0.667686,1.231680,-1.122767,0.082594,0.745850
1754554849764,0.518143,0.896120,0.667097,1.231471,-1.130197,0.082005,0.721191
1754554849796,0.517204,0.896465,0.667676,1.231641,-1.122596,0.082583,0.756348
1754554849825,0.518560,0.895924,0.667299,1.231614,-1.128291,0.082207,0.738281
1754554849851,0.518801,0.895704,0.668609,1.232265,-1.113443,0.083516,0.743164
1754554849880,0.519825,0.895190,0.669460,1.232785,-1.104650,0.084368,0.744629
1754554849912,0.518856,0.895659,0.668838,1.232381,-1.110850,0.083746,0.732910
1754554849942,0.520010,0.895092,0.669671,1.232906,-1.102415,0.084578,0.725830
1754554849971,0.518704,0.895677,0.669352,1.232608,-1.104777,0.084260,0.746582
1754554850002,0.518614,0.895571,0.670906,1.233338,-1.086777,0.085814,0.761719
1754554850033,0.518332,0.895600,0.671868,1.233764,-1.075421,0.086775,0.763672
1754554850060,0.518938,0.895558,0.669566,1.232736,-1.102545,0.084474,0.739746
1754554850093,0.520365,0.894577,0.673522,1.234779,-1.058392,0.088429,0.728516
1754554850127,0.524032,0.892670,0.676883,1.236786,-1.023324,0.091791,0.713867
1754554850151,0.525770,0.891639,0.679601,1.238270,-0.993742,0.094509,0.710693
1754554850183,0.524760,0.892106,0.679320,1.238024,-0.995976,0.094228,0.738525
1754554850213,0.526765,0.890844,0.683038,1.240010,-0.955139,0.097945,0.728516
1754554850246,0.527113,0.890580,0.684073,1.240539,-0.943560,0.098981,0.710938
1754554850283,0.527260,0.890376,0.685354,1.241162,-0.928947,0.100262,0.722900
1754554850310,0.529041,0.889340,0.687652,1.242447,-0.904247,0.102560,0.737793
1754554850338,0.530398,0.888388,0.690759,1.244067,-0.869795,0.105667,0.738281
1754554850360,0.530364,0.888252,0.692048,1.244672,-0.854912,0.106956,0.735352
1754554850391,0.530664,0.888007,0.693001,1.245155,-0.844229,0.107909,0.743408
1754554850425,0.531739,0.887368,0.694374,1.245922,-0.829481,0.109282,0.722656
1754554850451,0.531500,0.887412,0.694882,1.246135,-0.823397,0.109789,0.718994
1754554850482,0.531058,0.887446,0.696213,1.246714,-0.807611,0.111121,0.726562
1754554850513,0.532147,0.886990,0.695994,1.246732,-0.811222,0.110902,0.719971
1754554850547,0.534006,0.885799,0.698931,1.248322,-0.779239,0.113839,0.720459
1754554850574,0.532701,0.886490,0.698054,1.247764,-0.788040,0.112962,0.718506
1754554850606,0.533043,0.886255,0.698720,1.248115,-0.780711,0.113628,0.726807
1754554850636,0.533674,0.885605,0.701629,1.249555,-0.747825,0.116536,0.750244
1754554850934,0.534090,0.884624,0.707660,1.252435,-0.678744,0.122568,0.834961
1754554850992,0.532456,0.885751,0.704674,1.250852,-0.711515,0.119582,0.834473
1754554851026,0.532953,0.885298,0.706421,1.251728,-0.691878,0.121329,0.849365
1754554851052,0.532160,0.885679,0.706209,1.251540,-0.693530,0.121117,0.846924
1754554851085,0.531694,0.886291,0.703132,1.250042,-0.728521,0.118040,0.832764
1754554851114,0.531539,0.885909,0.706550,1.251632,-0.688980,0.121458,0.854248
1754554851144,0.532199,0.886004,0.703618,1.250327,-0.723433,0.118525,0.844238
1754554851174,0.530769,0.886917,0.701458,1.249152,-0.746884,0.116366,0.843262
1754554851204,0.530871,0.886927,0.701028,1.248961,-0.751947,0.115935,0.835205
1754554851233,0.530890,0.886959,0.700707,1.248812,-0.755667,0.115614,0.845215
1754554851262,0.529332,0.887973,0.698117,1.247420,-0.783950,0.113025,0.846924
1754554851294,0.531342,0.886754,0.700748,1.248882,-0.755638,0.115656,0.845459
1754554851325,0.530182,0.887875,0.695865,1.246453,-0.810745,0.110773,0.842041
1754554851357,0.529459,0.888285,0.695118,1.246020,-0.818628,0.110026,0.853760
1754554851384,0.529535,0.888296,0.694744,1.245852,-0.823016,0.109652,0.841309
1754554851414,0.528882,0.888804,0.692896,1.244907,-0.843664,0.107803,0.851074
1754554851444,0.528886,0.888719,0.693601,1.245241,-0.835536,0.108509,0.841797
1754554851477,0.530277,0.888145,0.693278,1.245243,-0.840649,0.108186,0.846436
1754554851533,0.529580,0.888399,0.693721,1.245375,-0.834847,0.108629,0.832764
1754554851563,0.530156,0.888437,0.691252,1.244273,-0.863878,0.106160,0.849365
1754554851594,0.530505,0.888332,0.690834,1.244114,-0.869042,0.105742,0.840820
1754554851659,0.529633,0.888767,0.690399,1.243811,-0.873188,0.105306,0.838867
1754554851747,0.530077,0.888657,0.689652,1.243508,-0.882236,0.104560,0.839355
1754554851803,0.530531,0.888429,0.689893,1.243672,-0.879917,0.104800,0.827637
1754554851834,0.528872,0.889295,0.688706,1.242927,-0.891928,0.103614,0.833008
1754554851863,0.529267,0.888878,0.690823,1.243971,-0.867936,0.105730,0.826416
1754554852165,0.534504,0.885048,0.703070,1.250324,-0.732045,0.117978,0.795166
1754554852197,0.532859,0.885856,0.702495,1.249872,-0.737030,0.117402,0.798828
1754554852287,0.533392,0.885161,0.705977,1.251567,-0.697436,0.120885,0.763184
1754554852463,0.534436,0.884678,0.706104,1.251743,-0.697014,0.121012,0.767822
1754554852494,0.533143,0.885442,0.704699,1.250939,-0.711913,0.119607,0.779785
1754554852527,0.532631,0.885893,0.702994,1.250081,-0.731053,0.117901,0.770996
1754554852616,0.533852,0.885300,0.703367,1.250392,-0.727974,0.118275,0.740723
1754554852648,0.534367,0.885039,0.703604,1.250560,-0.725754,0.118512,0.746826
1754554852769,0.535091,0.885205,0.699797,1.248850,-0.770354,0.114704,0.697266
1754554852856,0.535496,0.885385,0.696902,1.247531,-0.804116,0.111809,0.705078
1754554852886,0.535251,0.885835,0.694106,1.246186,-0.836087,0.109014,0.705566
1754554852914,0.535521,0.885775,0.693603,1.245979,-0.842156,0.108510,0.716797
1754554852945,0.535487,0.885946,0.692286,1.245354,-0.857290,0.107194,0.717041
1754554852976,0.533876,0.886732,0.691729,1.244912,-0.862105,0.106636,0.734131
1754554853011,0.534651,0.886304,0.692425,1.245327,-0.854860,0.107332,0.733887
1754554853037,0.533574,0.887142,0.689353,1.243756,-0.889181,0.104260,0.739258
1754554853065,0.536455,0.885661,0.691016,1.244863,-0.872893,0.105924,0.747803
1754554853096,0.537025,0.885352,0.691472,1.245141,-0.868213,0.106380,0.740967
1754554853132,0.535796,0.886177,0.689117,1.243892,-0.894123,0.104024,0.737549
1754554853159,0.534432,0.886959,0.687606,1.243027,-0.910164,0.102514,0.740723
1754554853186,0.533028,0.887826,0.685434,1.241843,-0.933789,0.100342,0.724854
1754554853217,0.533215,0.887888,0.684107,1.241236,-0.949265,0.099015,0.721191
1754554853246,0.532207,0.888238,0.685003,1.241547,-0.937936,0.099911,0.742432
1754554853282,0.533717,0.887413,0.686397,1.242375,-0.923381,0.101305,0.742920
1754554853309,0.532892,0.887896,0.685349,1.241788,-0.934632,0.100257,0.743896
1754554853338,0.534027,0.887401,0.685259,1.241872,-0.936807,0.100167,0.722412
1754554853369,0.532939,0.888035,0.683894,1.241104,-0.951444,0.098802,0.735596
1754554853397,0.534259,0.887399,0.684332,1.241459,-0.947722,0.099239,0.735107
1754554853433,0.534051,0.887448,0.684736,1.241627,-0.942854,0.099644,0.742920
1754554853461,0.533648,0.887571,0.685246,1.241823,-0.936579,0.100154,0.736572
1754554853489,0.535253,0.886708,0.686573,1.242630,-0.922888,0.101481,0.718994
1754554853518,0.535167,0.886683,0.687142,1.242889,-0.916248,0.102050,0.734131
1754554853547,0.533852,0.887288,0.686981,1.242666,-0.916790,0.101889,0.724121
1754554853610,0.533172,0.887372,0.688906,1.243501,-0.893923,0.103814,0.714111
1754554853638,0.533737,0.886762,0.692004,1.245026,-0.858791,0.106912,0.731934
1754554853668,0.534583,0.886168,0.693826,1.245980,-0.838644,0.108734,0.735107
1754554853701,0.533308,0.886655,0.694507,1.246160,-0.829520,0.109415,0.727783
1754554853729,0.536538,0.884610,0.699365,1.248807,-0.776777,0.114272,0.728271
1754554853762,0.535697,0.885186,0.697783,1.247969,-0.794157,0.112691,0.721191
1754554853791,0.535852,0.884877,0.699692,1.248885,-0.772316,0.114600,0.721924
1754554853818,0.536892,0.884120,0.701953,1.250064,-0.747301,0.116861,0.734131
1754554853851,0.535458,0.884690,0.702530,1.250176,-0.739229,0.117437,0.701172
1754554853910,0.535208,0.884648,0.703715,1.250706,-0.725314,0.118623,0.720459
1754554854001,0.535635,0.884126,0.706214,1.251927,-0.696954,0.121121,0.722168
1754554854062,0.534301,0.884683,0.706514,1.251921,-0.692154,0.121422,0.727783
1754554854088,0.535492,0.884111,0.706805,1.252189,-0.690000,0.121712,0.693115
1754554854154,0.534820,0.884433,0.706654,1.252043,-0.691066,0.121561,0.699707
1754554854418,0.533024,0.886485,0.696938,1.247274,-0.801223,0.111846,0.731934
1754554854453,0.534187,0.886113,0.695739,1.246838,-0.816203,0.110647,0.723145
1754554854511,0.532824,0.887065,0.692874,1.245335,-0.847851,0.107782,0.738281
1754554854540,0.533682,0.886724,0.692532,1.245270,-0.852650,0.107440,0.726074
1754554854570,0.535082,0.886069,0.692785,1.245544,-0.851142,0.107692,0.713379
1754554854601,0.533049,0.887018,0.692426,1.245149,-0.853247,0.107333,0.727539
1754554854633,0.531832,0.888053,0.688154,1.242996,-0.901250,0.103062,0.742920
1754554854666,0.533286,0.887161,0.690302,1.244172,-0.877959,0.105209,0.726807
1754554854691,0.532429,0.887566,0.690090,1.243977,-0.879541,0.104998,0.732666
1754554854723,0.533703,0.886863,0.691268,1.244675,-0.867243,0.106175,0.733887
1754554854750,0.533724,0.887212,0.688154,1.243207,-0.903143,0.103062,0.726074
1754554854783,0.533080,0.887521,0.687954,1.243041,-0.904799,0.102862,0.745361
1754554854810,0.534023,0.887015,0.688718,1.243507,-0.896944,0.103626,0.750000
1754554854841,0.535862,0.885964,0.690698,1.244646,-0.875969,0.105606,0.755127
1754554854870,0.534763,0.886595,0.689498,1.243957,-0.888697,0.104406,0.756592
1754554854900,0.534074,0.887048,0.688224,1.243279,-0.902691,0.103131,0.721924
1754554854937,0.537183,0.885344,0.690930,1.244903,-0.874615,0.105838,0.736572
1754554854963,0.536653,0.885479,0.691810,1.245259,-0.863942,0.106718,0.714111
1754554854992,0.535779,0.885807,0.692353,1.245418,-0.856813,0.107261,0.735107
1754554855020,0.534079,0.886637,0.691765,1.244952,-0.861887,0.106673,0.749023
1754554855050,0.540238,0.883263,0.696748,1.247986,-0.810630,0.111656,0.750732
1754554855085,0.537665,0.884560,0.695681,1.247198,-0.820348,0.110589,0.735596
1754554855113,0.539623,0.883403,0.697874,1.248448,-0.797043,0.112781,0.771484
1754554855143,0.535720,0.885197,0.697606,1.247888,-0.796227,0.112514,0.761475
1754554855172,0.529444,0.888516,0.693244,1.245134,-0.840216,0.108151,0.785889
1754554855200,0.527278,0.889650,0.691688,1.244158,-0.855980,0.106595,0.788574
1754554855291,0.526270,0.889606,0.695741,1.245960,-0.808260,0.110649,0.839844
1754554855321,0.524503,0.890114,0.697867,1.246766,-0.781997,0.112775,0.832031
1754554855350,0.523727,0.890652,0.696227,1.245906,-0.800120,0.111135,0.821533
1754554855387,0.524102,0.890172,0.698800,1.247161,-0.770853,0.113707,0.811523
1754554855412,0.523080,0.891470,0.691718,1.243706,-0.851434,0.106626,0.793457
1754554855441,0.521822,0.891829,0.693272,1.244300,-0.832264,0.108180,0.831543
1754554855473,0.523078,0.890967,0.695942,1.245700,-0.802753,0.110850,0.822266
1754554855501,0.524494,0.890286,0.696504,1.246122,-0.797693,0.111412,0.799561
1754554855540,0.523874,0.890722,0.695123,1.245402,-0.812985,0.110031,0.766357
1754554855562,0.523822,0.890743,0.695136,1.245402,-0.812787,0.110044,0.811768
1754554855594,0.523184,0.890943,0.695765,1.245628,-0.804907,0.110672,0.806885
1754554855623,0.524093,0.890368,0.697252,1.246431,-0.788674,0.112160,0.787354
1754554855651,0.523589,0.890693,0.696380,1.245963,-0.798220,0.111288,0.789795
1754554855686,0.523714,0.890401,0.698316,1.246890,-0.776042,0.113223,0.800537
1754554855714,0.523403,0.890715,0.696859,1.246169,-0.792512,0.111767,0.775146
1754554855742,0.524051,0.890306,0.697900,1.246732,-0.781164,0.112808,0.765625
1754554855776,0.523195,0.890903,0.696056,1.245767,-0.801564,0.110963,0.766602
1754554855802,0.525304,0.889252,0.701945,1.248776,-0.735805,0.116853,0.780029
1754554855834,0.526698,0.888326,0.704396,1.250083,-0.708959,0.119304,0.778809
1754554855864,0.526876,0.888361,0.703533,1.249697,-0.719090,0.118440,0.796143
1754554855891,0.526562,0.888669,0.702218,1.249044,-0.733917,0.117126,0.781982
1754554855921,0.526263,0.888885,0.701548,1.248695,-0.741341,0.116456,0.769043
1754554855952,0.525500,0.889068,0.702718,1.249161,-0.727097,0.117626,0.780273
1754554855989,0.527244,0.888364,0.702268,1.249143,-0.734025,0.117176,0.750000
1754554856046,0.525439,0.888905,0.704172,1.249839,-0.710280,0.119080,0.752686
1754554856076,0.525154,0.889005,0.704357,1.249894,-0.707871,0.119264,0.790527
1754554856103,0.526593,0.888237,0.705425,1.250556,-0.696999,0.120333,0.783203
1754554856138,0.523709,0.889844,0.702731,1.248969,-0.725163,0.117638,0.785400
1754554856166,0.525755,0.888986,0.702491,1.249083,-0.729965,0.117399,0.782227
1754554856193,0.524893,0.889617,0.700488,1.248044,-0.752190,0.115396,0.747559
1754554856222,0.524944,0.889472,0.701453,1.248504,-0.741117,0.116361,0.784668
1754554856258,0.525371,0.889097,0.702929,1.249246,-0.724540,0.117837,0.773193
1754554856287,0.525589,0.888804,0.704440,1.249981,-0.707345,0.119348,0.780029
1754554856318,0.524907,0.889189,0.703770,1.249591,-0.714383,0.118678,0.798096
1754554856349,0.524084,0.889749,0.702203,1.248762,-0.731623,0.117110,0.780273
1754554856371,0.523996,0.889609,0.703584,1.249402,-0.715617,0.118492,0.785400
1754554856408,0.524568,0.889414,0.703174,1.249273,-0.720916,0.118081,0.781494
1754554856440,0.526800,0.888364,0.703766,1.249798,-0.716324,0.118674,0.796875
1754554856498,0.522462,0.890736,0.699957,1.247525,-0.755875,0.114865,0.768311
1754554856523,0.524834,0.889344,0.702819,1.249135,-0.725275,0.117726,0.782959
1754554856554,0.524393,0.889535,0.702824,1.249089,-0.724765,0.117732,0.791992
1754554856588,0.525711,0.888620,0.705441,1.250466,-0.695933,0.120349,0.793457
1754554856616,0.524065,0.889771,0.702101,1.248712,-0.732769,0.117009,0.758545
1754554856648,0.522015,0.890871,0.700417,1.247692,-0.750132,0.115324,0.774658
1754554856674,0.521905,0.890985,0.699889,1.247431,-0.756097,0.114797,0.765137
1754554856704,0.524888,0.889084,0.704637,1.249996,-0.704374,0.119545,0.788330
1754554856739,0.524613,0.889391,0.703205,1.249292,-0.720606,0.118112,0.791992
1754554856764,0.523031,0.890482,0.700026,1.247620,-0.755652,0.114933,0.762207
1754554856794,0.522586,0.890769,0.699275,1.247217,-0.763858,0.114183,0.766846
1754554856825,0.523623,0.890052,0.701398,1.248332,-0.740436,0.116305,0.759521
1754554856857,0.523815,0.890098,0.700377,1.247872,-0.752390,0.115285,0.770996
1754554856886,0.523774,0.890018,0.701155,1.248234,-0.743382,0.116063,0.784668
1754554856915,0.524245,0.889610,0.702740,1.249033,-0.725589,0.117648,0.792236
1754554856945,0.522869,0.890538,0.700137,1.247655,-0.754210,0.115045,0.779541
1754554856973,0.524368,0.889939,0.699742,1.247634,-0.760264,0.114649,0.769531
1754554857006,0.523120,0.890268,0.701408,1.248281,-0.739809,0.116316,0.770996
1754554857037,0.523519,0.890117,0.701238,1.248245,-0.742176,0.116145,0.765625
1754554857067,0.522701,0.890592,0.700284,1.247705,-0.752344,0.115192,0.769531
1754554857104,0.523785,0.889788,0.702905,1.249060,-0.723226,0.117813,0.791748
1754554857126,0.522410,0.890726,0.700215,1.247640,-0.752847,0.115123,0.775635
1754554857156,0.521728,0.891250,0.698380,1.246700,-0.773317,0.113287,0.769531
1754554857190,0.522919,0.890472,0.700494,1.247828,-0.750149,0.115401,0.765869
1754554857222,0.524114,0.889895,0.700966,1.248183,-0.745906,0.115873,0.773193
1754554857248,0.523848,0.890113,0.700148,1.247768,-0.755059,0.115056,0.767090
1754554857276,0.522940,0.890474,0.700403,1.247788,-0.751210,0.115311,0.757812
1754554857309,0.522763,0.890488,0.700892,1.247998,-0.745401,0.115800,0.759766
1754554857339,0.523649,0.890119,0.700782,1.248045,-0.747558,0.115690,0.773438
1754554857367,0.524944,0.889184,0.703689,1.249556,-0.715359,0.118596,0.808838
1754554857401,0.525088,0.888941,0.705061,1.250218,-0.699688,0.119969,0.799072
1754554857426,0.525239,0.889149,0.702966,1.249249,-0.723981,0.117874,0.793213
1754554857456,0.524231,0.889754,0.701670,1.248527,-0.737908,0.116577,0.783203
1754554857488,0.523824,0.889896,0.701940,1.248609,-0.734389,0.116848,0.795410
1754554857518,0.522282,0.890820,0.699911,1.247483,-0.756226,0.114819,0.754150
1754554857551,0.522872,0.890479,0.700592,1.247869,-0.748970,0.115500,0.782715
1754554857576,0.524232,0.889739,0.701782,1.248580,-0.736620,0.116689,0.800537
1754554857607,0.524382,0.889515,0.703019,1.249179,-0.722510,0.117927,0.795898
1754554857638,0.523796,0.889827,0.702570,1.248903,-0.727096,0.117478,0.792725
1754554857670,0.524133,0.889759,0.701957,1.248652,-0.734498,0.116865,0.773926
1754554857697,0.525061,0.889209,0.703101,1.249293,-0.722246,0.118009,0.801025
1754554857730,0.524336,0.889489,0.703370,1.249339,-0.718418,0.118278,0.788574
1754554857757,0.524509,0.889367,0.703735,1.249530,-0.714391,0.118643,0.780518
1754554857795,0.523117,0.890494,0.699641,1.247448,-0.760176,0.114548,0.774902
1754554857824,0.523187,0.890434,0.699871,1.247564,-0.757592,0.114779,0.747559
1754554857855,0.524409,0.889408,0.703752,1.249527,-0.714098,0.118659,0.796631
1754554857883,0.524934,0.889173,0.703800,1.249608,-0.714063,0.118708,0.803223
1754554857914,0.524008,0.889585,0.703728,1.249472,-0.713966,0.118636,0.792969
1754554857939,0.523629,0.890162,0.700514,1.247916,-0.750628,0.115421,0.766357
1754554857970,0.522012,0.891274,0.697193,1.246172,-0.787277,0.112101,0.738281
1754554857999,0.525437,0.889090,0.702755,1.249172,-0.726609,0.117663,0.802979
1754554858028,0.525007,0.889294,0.702629,1.249065,-0.727629,0.117537,0.792969
1754554858059,0.525023,0.889601,0.700166,1.247907,-0.756029,0.115074,0.765625
1754554858088,0.526056,0.888744,0.703344,1.249517,-0.720447,0.118251,0.803467
1754554858119,0.524422,0.889791,0.700730,1.248106,-0.748927,0.115638,0.773438
1754554858148,0.524421,0.889917,0.699730,1.247635,-0.760449,0.114638,0.773438
1754554858177,0.524573,0.889959,0.698876,1.247249,-0.770449,0.113783,0.761230
1754554858209,0.525468,0.888984,0.703466,1.249510,-0.718447,0.118374,0.762695
1754554858238,0.525757,0.889019,0.702221,1.248956,-0.733079,0.117129,0.752686
1754554858271,0.527452,0.887922,0.704961,1.250432,-0.703209,0.119868,0.795166
1754554858303,0.525633,0.889036,0.702517,1.249082,-0.729543,0.117425,0.774414
1754554858328,0.524442,0.889981,0.699154,1.247366,-0.767109,0.114062,0.737793
1754554858359,0.525089,0.889754,0.698721,1.247234,-0.772741,0.113629,0.741455
1754554858390,0.524542,0.889841,0.699925,1.247740,-0.758325,0.114833,0.764160
1754554858420,0.524592,0.889860,0.699594,1.247590,-0.762194,0.114501,0.776611
1754554858450,0.524896,0.889557,0.700947,1.248261,-0.746897,0.115855,0.774902
1754554858479,0.525104,0.889837,0.698002,1.246896,-0.781049,0.112909,0.731689
1754554858509,0.525452,0.889509,0.699414,1.247600,-0.765120,0.114322,0.734619
1754554858543,0.524011,0.890225,0.698696,1.247102,-0.771961,0.113603,0.769287
1754554858572,0.524071,0.889726,0.702424,1.248865,-0.729057,0.117332,0.775391
1754554858599,0.524794,0.889563,0.701253,1.248394,-0.743273,0.116161,0.753662
1754554858628,0.524491,0.889579,0.702156,1.248785,-0.732560,0.117064,0.775635
1754554858657,0.522633,0.890520,0.701084,1.248074,-0.743064,0.115991,0.764648
1754554858688,0.525802,0.889040,0.701912,1.248815,-0.736692,0.116819,0.773926
1754554858719,0.525327,0.889310,0.701416,1.248529,-0.741933,0.116323,0.771240
1754554858748,0.524455,0.889747,0.700960,1.248218,-0.746311,0.115868,0.759277
1754554858777,0.524628,0.889735,0.700462,1.248002,-0.752227,0.115369,0.739014
1754554858807,0.526403,0.888712,0.702425,1.249124,-0.731374,0.117333,0.788330
1754554858840,0.527648,0.887806,0.705190,1.250562,-0.700759,0.120098,0.791016
1754554858879,0.527480,0.888002,0.704263,1.250108,-0.711271,0.119171,0.794678
1754554858900,0.526375,0.888685,0.702727,1.249262,-0.727873,0.117635,0.785156
1754554858940,0.526369,0.888712,0.702534,1.249171,-0.730087,0.117442,0.810059
1754554858964,0.526033,0.888982,0.701577,1.248683,-0.740778,0.116485,0.765381
1754554858989,0.525515,0.888945,0.703615,1.249585,-0.716774,0.118523,0.802734
1754554859024,0.524244,0.889834,0.700995,1.248211,-0.745693,0.115903,0.774170
1754554859052,0.527193,0.888212,0.703618,1.249772,-0.718424,0.118525,0.813477
1754554859084,0.522964,0.890638,0.699018,1.247138,-0.767200,0.113926,0.755371
1754554859113,0.522834,0.890730,0.698725,1.246985,-0.770451,0.113632,0.758057
1754554859141,0.524726,0.889530,0.701740,1.248615,-0.737592,0.116648,0.775879
1754554859175,0.527639,0.887740,0.705719,1.250809,-0.694660,0.120626,0.805420
1754554859198,0.525605,0.889073,0.702321,1.248986,-0.731783,0.117228,0.765381
1754554859229,0.524706,0.889624,0.701071,1.248298,-0.745281,0.115979,0.769531
1754554859258,0.525405,0.889235,0.701737,1.248689,-0.738305,0.116645,0.779785
1754554859295,0.524970,0.889310,0.702628,1.249060,-0.727608,0.117536,0.792480
1754554859325,0.526201,0.888684,0.703323,1.249524,-0.720831,0.118231,0.773193
1754554859352,0.526124,0.888719,0.703306,1.249507,-0.720948,0.118214,0.784424
1754554859382,0.525241,0.889101,0.703331,1.249421,-0.719783,0.118238,0.787842
1754554859412,0.523377,0.890195,0.701110,1.248169,-0.743506,0.116018,0.772705
1754554859446,0.523931,0.889819,0.702175,1.248732,-0.731786,0.117083,0.784180
1754554859475,0.524852,0.889412,0.702230,1.248860,-0.732071,0.117138,0.782227
1754554859506,0.524504,0.890028,0.698559,1.247092,-0.774026,0.113467,0.743164
1754554859531,0.527164,0.888161,0.704100,1.249996,-0.712837,0.119008,0.814697
1754554859559,0.525942,0.888635,0.704558,1.250076,-0.706343,0.119465,0.792480
1754554859591,0.522624,0.890555,0.700838,1.247958,-0.745881,0.115746,0.769531
1754554859625,0.526256,0.888649,0.703402,1.249567,-0.719972,0.118310,0.812744
1754554859654,0.524867,0.889197,0.703844,1.249621,-0.713497,0.118751,0.806885
1754554859684,0.525377,0.889018,0.703516,1.249523,-0.717778,0.118424,0.792236
1754554859713,0.524797,0.889273,0.703494,1.249449,-0.717457,0.118402,0.802002
1754554859744,0.522997,0.890508,0.699939,1.247575,-0.756620,0.114847,0.776611
1754554859780,0.524700,0.889596,0.701313,1.248411,-0.742489,0.116221,0.789551
1754554859801,0.526233,0.888813,0.702211,1.249004,-0.733678,0.117118,0.769287
1754554859833,0.526174,0.888672,0.703504,1.249606,-0.718716,0.118412,0.790039
1754554859862,0.527405,0.888115,0.703645,1.249808,-0.718327,0.118552,0.786865
1754554859891,0.527205,0.888295,0.702934,1.249452,-0.726316,0.117842,0.797607
1754554859928,0.526585,0.888894,0.700371,1.248177,-0.755228,0.115279,0.759521
1754554859955,0.524817,0.889699,0.700100,1.247853,-0.756587,0.115007,0.767334
1754554859982,0.523456,0.890363,0.699516,1.247427,-0.761957,0.114423,0.751953
1754554860012,0.524461,0.889824,0.700330,1.247922,-0.753579,0.115238,0.741455
1754554860045,0.526417,0.888652,0.702841,1.249321,-0.726602,0.117748,0.777100
1754554860080,0.526428,0.888448,0.704370,1.250041,-0.708992,0.119278,0.794922
1754554860110,0.523705,0.890220,0.699790,1.247584,-0.759041,0.114698,0.755615
1754554860138,0.522724,0.890855,0.698104,1.246680,-0.777489,0.113012,0.749268
1754554860162,0.524093,0.890266,0.698082,1.246822,-0.779112,0.112990,0.742188
1754554860192,0.526469,0.888736,0.702007,1.248934,-0.736258,0.116915,0.770996
1754554860228,0.525718,0.888899,0.703282,1.249451,-0.720816,0.118190,0.776123
1754554860254,0.525216,0.889340,0.701559,1.248584,-0.740172,0.116467,0.770508
1754554860283,0.525111,0.889398,0.701460,1.248526,-0.741210,0.116367,0.741699
1754554860313,0.524539,0.889608,0.701767,1.248607,-0.737098,0.116675,0.782715
1754554860342,0.525343,0.889112,0.702898,1.249229,-0.724868,0.117806,0.775635
1754554860375,0.525644,0.889159,0.701519,1.248613,-0.741059,0.116427,0.757080
1754554860403,0.525882,0.888978,0.702121,1.248923,-0.734356,0.117029,0.768311
1754554860432,0.525591,0.889094,0.702209,1.248932,-0.733059,0.117116,0.794434
1754554860462,0.525696,0.889283,0.700366,1.248076,-0.754396,0.115274,0.769775
1754554860497,0.523708,0.890402,0.698324,1.246893,-0.775940,0.113232,0.734863
1754554860529,0.526470,0.888567,0.703315,1.249550,-0.721194,0.118222,0.789307
1754554860554,0.526025,0.888701,0.703781,1.249720,-0.715375,0.118689,0.772949
1754554860582,0.526111,0.888885,0.702072,1.248925,-0.735151,0.116980,0.731689
1754554860613,0.525741,0.889340,0.699757,1.247794,-0.761458,0.114665,0.735596
1754554860642,0.525236,0.889575,0.699640,1.247683,-0.762298,0.114548,0.744141
1754554860678,0.526171,0.889181,0.699531,1.247735,-0.764497,0.114438,0.752686
1754554860706,0.525612,0.889346,0.700154,1.247967,-0.756758,0.115062,0.740234
1754554860733,0.525563,0.889091,0.702321,1.248981,-0.731739,0.117229,0.779297
1754554860763,0.523722,0.890189,0.699980,1.247675,-0.756865,0.114888,0.753662
1754554860797,0.524999,0.889274,0.702804,1.249146,-0.725603,0.117712,0.790283
1754554860826,0.525577,0.889332,0.700387,1.248073,-0.754031,0.115295,0.757080
1754554860853,0.526108,0.888899,0.701968,1.248876,-0.736344,0.116876,0.771484
1754554860884,0.526046,0.888877,0.702354,1.249051,-0.731837,0.117262,0.775146
1754554860912,0.525847,0.888856,0.703187,1.249420,-0.722041,0.118095,0.774902
1754554860943,0.524927,0.889454,0.701648,1.248594,-0.738860,0.116555,0.778076
1754554860980,0.525552,0.889221,0.701347,1.248522,-0.742952,0.116254,0.761719
1754554861004,0.524548,0.889671,0.701242,1.248361,-0.743159,0.116149,0.774414
1754554861042,0.526144,0.888843,0.702284,1.249028,-0.732745,0.117192,0.786865
1754554861066,0.525886,0.889129,0.700928,1.248362,-0.748110,0.115836,0.783203
1754554861094,0.523145,0.890091,0.702703,1.248893,-0.724919,0.117611,0.821777
1754554861125,0.525534,0.888901,0.703888,1.249716,-0.713647,0.118796,0.805908
1754554861157,0.524302,0.889490,0.703476,1.249385,-0.717171,0.118383,0.779053
1754554861184,0.526170,0.888654,0.703652,1.249675,-0.717009,0.118560,0.787109
1754554861215,0.525228,0.889179,0.702768,1.249155,-0.726247,0.117676,0.808105
1754554861244,0.525206,0.889120,0.703305,1.249405,-0.720045,0.118212,0.816162
1754554861279,0.525903,0.888742,0.703871,1.249748,-0.714215,0.118779,0.788574
1754554861305,0.525365,0.889072,0.703136,1.249343,-0.722150,0.118043,0.773438
1754554861333,0.525249,0.889207,0.702483,1.249023,-0.729552,0.117391,0.802490
1754554861366,0.523241,0.890388,0.700054,1.247657,-0.755534,0.114962,0.777588
1754554861394,0.525688,0.888944,0.703039,1.249333,-0.723594,0.117946,0.783203
1754554861428,0.523790,0.890221,0.699488,1.247451,-0.762603,0.114396,0.775146
1754554861454,0.525267,0.889360,0.701230,1.248435,-0.744011,0.116138,0.776123
1754554861485,0.526297,0.888725,0.702681,1.249232,-0.728327,0.117588,0.771484
1754554861518,0.526161,0.889154,0.699785,1.247854,-0.761557,0.114693,0.767090
1754554861546,0.524904,0.889969,0.697635,1.246701,-0.785069,0.112543,0.761475
1754554861577,0.523743,0.890286,0.699140,1.247282,-0.766572,0.114048,0.772949
1754554861607,0.525079,0.889471,0.701003,1.248307,-0.746440,0.115911,0.759766
1754554861635,0.526362,0.888966,0.700576,1.248248,-0.752646,0.115484,0.747559
1754554861665,0.525808,0.889099,0.701426,1.248587,-0.742298,0.116333,0.764404
1754554861694,0.524900,0.889754,0.699373,1.247520,-0.765048,0.114280,0.759521
1754554861728,0.526150,0.889009,0.700968,1.248410,-0.747910,0.115876,0.759277
1754554861756,0.527379,0.888234,0.702818,1.249417,-0.727820,0.117726,0.766602
1754554861785,0.525405,0.889273,0.701443,1.248551,-0.741694,0.116351,0.760742
1754554861816,0.525894,0.889260,0.699863,1.247861,-0.760394,0.114770,0.761963
1754554861845,0.524940,0.889927,0.697850,1.246806,-0.782636,0.112757,0.763428
1754554861879,0.523779,0.890300,0.698901,1.247173,-0.769360,0.113809,0.770996
1754554861905,0.527552,0.888198,0.702508,1.249290,-0.731571,0.117416,0.767090
1754554861938,0.524838,0.889913,0.698320,1.247017,-0.777111,0.113228,0.769775
1754554861964,0.524243,0.890194,0.698131,1.246862,-0.778699,0.113039,0.785889
1754554861996,0.520866,0.892117,0.694305,1.244682,-0.819406,0.109213,0.808350
1754554862027,0.524458,0.890140,0.697822,1.246740,-0.782477,0.112729,0.772705
1754554862056,0.522700,0.891303,0.694511,1.244983,-0.818862,0.109419,0.779785
1754554862085,0.524196,0.890416,0.696492,1.246084,-0.797536,0.111400,0.777344
1754554862120,0.523233,0.891049,0.694709,1.245135,-0.817117,0.109617,0.796387
1754554862146,0.522522,0.891207,0.695940,1.245638,-0.802220,0.110848,0.807373
1754554862181,0.523738,0.890605,0.696572,1.246070,-0.796156,0.111480,0.791504
1754554862207,0.523489,0.890702,0.696663,1.246086,-0.794862,0.111570,0.813477
1754554862236,0.523647,0.890824,0.695092,1.245362,-0.813123,0.109999,0.768555
1754554862274,0.523415,0.890873,0.695517,1.245537,-0.807992,0.110425,0.777344
1754554862297,0.523095,0.891280,0.693279,1.244445,-0.833460,0.108187,0.781494
1754554862337,0.522015,0.891854,0.692359,1.243891,-0.842979,0.107267,0.810547
1754554862358,0.524544,0.890248,0.696637,1.246190,-0.796219,0.111544,0.824951
1754554862385,0.520558,0.892018,0.696213,1.245548,-0.797119,0.111120,0.859375
1754554862418,0.522724,0.890880,0.697896,1.246582,-0.779891,0.112803,0.843506
1754554862447,0.521980,0.891372,0.696509,1.245846,-0.795129,0.111416,0.864502
1754554862479,0.524777,0.889685,0.700346,1.247964,-0.753712,0.115253,0.836670
1754554862509,0.523888,0.890020,0.700751,1.248056,-0.748157,0.115658,0.837158
1754554862569,0.528579,0.886919,0.708752,1.252338,-0.660653,0.123659,0.835693
1754554862597,0.531340,0.885118,0.712947,1.254611,-0.615069,0.127855,0.824219
1754554862628,0.534025,0.883033,0.719091,1.257784,-0.546958,0.133999,0.813965
1754554862656,0.534663,0.882832,0.718518,1.257587,-0.554193,0.133426,0.825439
1754554862686,0.535127,0.882665,0.718233,1.257505,-0.557944,0.133141,0.834717
1754554862719,0.537490,0.881114,0.721493,1.259289,-0.522745,0.136401,0.828369
1754554862751,0.539084,0.879966,0.724268,1.260760,-0.492359,0.139176,0.827881
1754554862789,0.541872,0.877936,0.729076,1.263309,-0.439751,0.143983,0.809814
1754554862810,0.543476,0.877071,0.729864,1.263852,-0.432270,0.144772,0.803223
1754554862837,0.547485,0.874650,0.733298,1.265890,-0.396714,0.148205,0.804932
1754554862902,0.550904,0.871094,0.744627,1.271523,-0.269587,0.159535,0.816406
1754554862931,0.552258,0.869852,0.747952,1.273210,-0.232627,0.162860,0.817871
1754554862960,0.552360,0.869601,0.749052,1.273730,-0.220050,0.163960,0.821533
1754554862987,0.552593,0.869145,0.750919,1.274618,-0.198766,0.165827,0.808105
1754554863017,0.551985,0.869114,0.752631,1.275343,-0.178434,0.167539,0.822021
1754554863047,0.554132,0.867436,0.756072,1.277166,-0.140931,0.170980,0.801025
1754554863078,0.551273,0.869042,0.754794,1.276264,-0.152796,0.169702,0.832031
1754554863108,0.551967,0.868320,0.756841,1.277284,-0.129905,0.171749,0.810791
1754554863141,0.551461,0.868181,0.758796,1.278131,-0.106873,0.173704,0.798584
1754554863169,0.551706,0.867340,0.762466,1.279849,-0.064823,0.177374,0.802002
1754554863199,0.548837,0.868828,0.761815,1.279237,-0.069463,0.176723,0.814209
1754554863229,0.549394,0.868142,0.763932,1.280272,-0.045619,0.178840,0.808838
1754554863259,0.547968,0.868687,0.764564,1.280408,-0.036911,0.179472,0.822998
1754554863288,0.548233,0.868190,0.766405,1.281284,-0.015967,0.181313,0.811035
1754554863318,0.546520,0.869073,0.766019,1.280921,-0.018705,0.180926,0.827637
1754554863348,0.547339,0.868149,0.768654,1.282221,0.010841,0.183562,0.821777
1754554863386,0.546659,0.867920,0.771294,1.283361,0.041943,0.186202,0.803711
1754554863410,0.547196,0.867182,0.773599,1.284478,0.067968,0.188507,0.811768
1754554863440,0.546202,0.867904,0.772392,1.283816,0.055057,0.187300,0.812012
1754554863468,0.546906,0.867186,0.774221,1.284732,0.075421,0.189128,0.805420
1754554863499,0.546113,0.867351,0.775195,1.285093,0.087439,0.190103,0.814209
1754554863531,0.544615,0.868608,0.772577,1.283729,0.058775,0.187485,0.818848
1754554863563,0.542742,0.869405,0.772930,1.283688,0.064707,0.187837,0.821289
1754554863598,0.542796,0.869636,0.771714,1.283136,0.050644,0.186622,0.827148
1754554863619,0.545454,0.868036,0.773426,1.284209,0.067710,0.188333,0.807129
1754554863649,0.543595,0.868918,0.773359,1.283978,0.068802,0.188267,0.819092
1754554863684,0.541116,0.870469,0.771449,1.282832,0.049274,0.186357,0.821777
1754554863712,0.542246,0.869387,0.774105,1.284174,0.078750,0.189013,0.827393
1754554863740,0.543125,0.868662,0.775590,1.284951,0.094976,0.190497,0.808105
1754554863769,0.543102,0.868406,0.776831,1.285518,0.109302,0.191739,0.821777
1754554863800,0.544328,0.867867,0.776684,1.285583,0.106384,0.191592,0.815918
1754554863831,0.544944,0.867156,0.778634,1.286544,0.128239,0.193542,0.805176
1754554863866,0.544583,0.867308,0.778714,1.286541,0.129515,0.193621,0.811279
1754554863889,0.543687,0.868184,0.776597,1.285474,0.106021,0.191505,0.803955
1754554863921,0.543952,0.867312,0.780040,1.287081,0.145433,0.194948,0.810303
1754554863951,0.544568,0.867172,0.779367,1.286839,0.137060,0.194275,0.799561
1754554863983,0.544734,0.867172,0.779012,1.286694,0.132798,0.193919,0.802246
1754554864014,0.542315,0.868327,0.778888,1.286376,0.133794,0.193796,0.818604
1754554864041,0.539756,0.870391,0.774799,1.284224,0.089240,0.189707,0.816650
1754554864070,0.537560,0.872062,0.771649,1.282539,0.055136,0.186557,0.829590
1754554864101,0.536483,0.872997,0.769512,1.281439,0.031580,0.184419,0.805420
1754554864133,0.534783,0.874635,0.765260,1.279298,-0.015712,0.180168,0.807373
1754554864163,0.532164,0.876410,0.762279,1.277639,-0.047443,0.177187,0.816650
1754554864191,0.531356,0.877548,0.758300,1.275715,-0.092485,0.173208,0.804932
1754554864222,0.529522,0.878945,0.755269,1.274115,-0.125575,0.170177,0.784180
1754554864252,0.524603,0.882841,0.745862,1.269222,-0.229051,0.160770,0.798828
1754554864281,0.518965,0.886624,0.738122,1.265010,-0.312609,0.153029,0.798584
1754554864316,0.515647,0.888761,0.733789,1.262630,-0.359215,0.148697,0.808105
1754554864341,0.513522,0.890072,0.731244,1.261210,-0.386414,0.146152,0.777588
1754554864371,0.515161,0.888569,0.736204,1.263702,-0.330899,0.151112,0.812500
1754554864399,0.514464,0.889777,0.730604,1.261015,-0.394727,0.145512,0.790771
1754554864434,0.515354,0.889415,0.730506,1.261066,-0.396749,0.145414,0.798828
1754554864462,0.513454,0.890306,0.729956,1.260602,-0.401187,0.144864,0.804932
1754554864491,0.512503,0.890964,0.728329,1.259737,-0.418990,0.143236,0.802246
1754554864524,0.511209,0.892013,0.725067,1.258071,-0.455281,0.139975,0.822021
1754554864551,0.514527,0.890761,0.724122,1.257993,-0.469486,0.139030,0.845703
1754554864583,0.509795,0.893080,0.721913,1.256440,-0.490208,0.136821,0.791992
1754554864613,0.509247,0.893368,0.721514,1.256193,-0.494262,0.136421,0.798584
1754554864641,0.511353,0.892246,0.723133,1.257182,-0.477709,0.138041,0.798584
1754554864671,0.509954,0.892828,0.723148,1.257036,-0.476140,0.138056,0.785400
1754554864702,0.510943,0.892593,0.721968,1.256592,-0.490728,0.136875,0.796387
1754554864734,0.508595,0.893897,0.719768,1.255303,-0.513730,0.134675,0.769775
1754554864761,0.510257,0.893008,0.721104,1.256112,-0.499991,0.136012,0.789551
1754554864792,0.508273,0.893766,0.721552,1.256104,-0.492844,0.136460,0.793945
1754554864823,0.510221,0.892949,0.721606,1.256343,-0.494178,0.136513,0.773682
1754554864852,0.509861,0.893413,0.719483,1.255309,-0.518272,0.134391,0.775391
1754554864884,0.508577,0.893834,0.720250,1.255527,-0.508158,0.135157,0.777588
1754554864911,0.510317,0.892734,0.722772,1.256899,-0.480833,0.137680,0.791016
1754554864940,0.507556,0.894295,0.719986,1.255291,-0.510175,0.134894,0.770020
1754554864969,0.507641,0.894528,0.718153,1.254441,-0.531386,0.133060,0.766357
1754554864999,0.508024,0.894528,0.717060,1.253971,-0.544358,0.131968,0.773438
1754554865061,0.506407,0.895273,0.716523,1.253541,-0.548930,0.131431,0.784912
1754554865090,0.508437,0.894294,0.717493,1.254219,-0.539789,0.132400,0.835205
1754554865214,0.508226,0.894424,0.717199,1.254059,-0.542956,0.132107,0.836670
1754554865241,0.507215,0.894917,0.716681,1.253704,-0.547917,0.131589,0.845703
1754554865272,0.507984,0.894639,0.716402,1.253658,-0.551903,0.131310,0.839600
1754554865304,0.510887,0.893015,0.719276,1.255325,-0.521691,0.134183,0.835449
1754554865363,0.508325,0.894174,0.718640,1.254745,-0.526458,0.133548,0.830078
1754554865394,0.507356,0.894933,0.716164,1.253477,-0.554022,0.131071,0.770996
1754554865424,0.508432,0.894121,0.718702,1.254786,-0.525846,0.133610,0.830078
1754554865482,0.508652,0.893990,0.718976,1.254939,-0.522908,0.133884,0.829346
1754554865512,0.507803,0.894526,0.717709,1.254251,-0.536665,0.132616,0.757324
1754554865541,0.507968,0.894452,0.717742,1.254285,-0.536442,0.132650,0.763184
1754554865573,0.511172,0.892936,0.719009,1.255231,-0.525054,0.133916,0.764893
1754554865605,0.514666,0.891482,0.718911,1.255569,-0.529672,0.133819,0.831543
1754554865634,0.516168,0.890941,0.718262,1.255430,-0.538652,0.133170,0.846436
1754554865666,0.521247,0.888378,0.720907,1.257227,-0.513258,0.135814,0.825195
1754554865693,0.526618,0.885086,0.727160,1.260740,-0.446569,0.142068,0.810059
1754554865724,0.535746,0.880323,0.731557,1.263792,-0.405031,0.146465,0.768066
1754554865753,0.544599,0.875721,0.734930,1.266332,-0.375017,0.149838,0.773438
1754554865785,0.553787,0.870157,0.742201,1.270714,-0.300426,0.157108,0.767822
1754554865817,0.555596,0.869443,0.741344,1.270515,-0.312106,0.156252,0.782471
1754554865845,0.555447,0.869502,0.741419,1.270534,-0.311094,0.156327,0.811279
1754554865875,0.553767,0.870427,0.740714,1.270023,-0.317536,0.155622,0.779541
1754554865904,0.548870,0.872927,0.739652,1.268993,-0.324884,0.154559,0.695557
1754554865934,0.542768,0.874405,0.747355,1.271897,-0.230009,0.162263,0.744629
1754554865969,0.541962,0.873657,0.753427,1.274618,-0.159246,0.168334,0.708984
1754554865995,0.535876,0.875315,0.759315,1.276675,-0.085303,0.174223,0.747070
1754554866023,0.529544,0.878224,0.758988,1.275836,-0.082741,0.173896,0.711182
1754554866085,0.521754,0.880464,0.765051,1.277790,-0.005090,0.179959,0.765381
1754554866175,0.518674,0.880879,0.769608,1.279557,0.050496,0.184515,0.761963
1754554866271,0.516186,0.881753,0.770568,1.279731,0.064056,0.185476,0.721924
1754554866571,0.516764,0.880753,0.774192,1.281461,0.105230,0.189099,0.750000
1754554866597,0.513370,0.882017,0.775085,1.281506,0.118913,0.189992,0.734131
1754554866716,0.507556,0.883929,0.777636,1.282054,0.154127,0.192544,0.743652
1754554866746,0.501578,0.886020,0.779447,1.282244,0.180973,0.194355,0.757324
1754554866774,0.497829,0.887170,0.781217,1.282655,0.205111,0.196124,0.744873
1754554866805,0.500176,0.884844,0.787449,1.285769,0.274586,0.202357,0.742676
1754554866927,0.497943,0.883742,0.796273,1.289573,0.378494,0.211181,0.735107
1754554866959,0.495480,0.884157,0.798770,1.290452,0.409731,0.213678,0.715820
1754554866987,0.494781,0.884131,0.800072,1.290973,0.425436,0.214980,0.680420
1754554867016,0.489563,0.885995,0.801023,1.290852,0.441608,0.215931,0.706299
1754554867045,0.489770,0.885722,0.801824,1.291240,0.450633,0.216732,0.699951
1754554867077,0.495671,0.882528,0.805239,1.293428,0.484082,0.220147,0.703125
1754554867105,0.499932,0.880134,0.807905,1.295097,0.510534,0.222812,0.694336
1754554867140,0.500528,0.879899,0.807861,1.295141,0.509437,0.222769,0.703613
1754554867166,0.501637,0.878842,0.810270,1.296357,0.536088,0.225178,0.718262
1754554867196,0.502521,0.877847,0.812767,1.297587,0.563971,0.227674,0.712646
1754554867225,0.500649,0.878137,0.814678,1.298258,0.587865,0.229586,0.721436
1754554867255,0.499962,0.877855,0.816882,1.299187,0.613950,0.231790,0.719482
1754554867289,0.494154,0.879139,0.821080,1.300479,0.668138,0.235988,0.729248
1754554867319,0.499974,0.876666,0.821427,1.301253,0.666315,0.236335,0.738281
1754554867351,0.495145,0.878058,0.823654,1.301753,0.696797,0.238561,0.739502
1754554867376,0.498987,0.875402,0.827693,1.303991,0.739506,0.242601,0.741943
1754554867407,0.495072,0.877008,0.827690,1.303576,0.743386,0.242598,0.739990
1754554867437,0.500663,0.873429,0.832369,1.306285,0.791710,0.247277,0.738037
1754554867469,0.499423,0.874484,0.830404,1.305265,0.770306,0.245312,0.763184
1754554867497,0.498751,0.874457,0.831514,1.305696,0.783769,0.246422,0.749756
1754554867526,0.499071,0.874277,0.831687,1.305808,0.785440,0.246595,0.761719
1754554867556,0.496120,0.876615,0.827558,1.303627,0.740817,0.242466,0.744141
1754554867587,0.497890,0.874357,0.833161,1.306351,0.803608,0.248069,0.763672
1754554867619,0.496097,0.876289,0.828798,1.304186,0.755120,0.243705,0.744629
1754554867648,0.495009,0.875576,0.833023,1.305984,0.804896,0.247931,0.732666
1754554867679,0.496958,0.874466,0.834150,1.306700,0.815937,0.249058,0.735352
1754554867707,0.496232,0.874025,0.836792,1.307818,0.847100,0.251699,0.738525
1754554867737,0.497299,0.872912,0.839182,1.309010,0.873580,0.254090,0.723877
1754554867768,0.494050,0.874110,0.839650,1.308879,0.882220,0.254558,0.693115
1754554867801,0.499476,0.871295,0.841688,1.310370,0.900273,0.256595,0.725098
1754554867827,0.493577,0.873875,0.841148,1.309506,0.899953,0.256056,0.709473
1754554867858,0.496165,0.872638,0.841772,1.310060,0.904557,0.256680,0.731445
1754554867893,0.499421,0.871178,0.842174,1.310584,0.905934,0.257082,0.718994
1754554867925,0.498985,0.871375,0.842118,1.310513,0.905720,0.257026,0.706543
1754554867950,0.499975,0.871033,0.841878,1.310508,0.901963,0.256785,0.736328
1754554867978,0.496931,0.872385,0.841555,1.310043,0.901292,0.256463,0.714355
1754554868009,0.498490,0.871842,0.841205,1.310049,0.895700,0.256113,0.733154
1754554868038,0.500685,0.870600,0.842354,1.310798,0.906747,0.257262,0.750244
1754554868073,0.500479,0.870338,0.843560,1.311320,0.920847,0.258468,0.735352
1754554868098,0.500914,0.870492,0.842399,1.310843,0.907034,0.257307,0.740723
1754554868128,0.500042,0.870822,0.842514,1.310803,0.909230,0.257422,0.732178
1754554868159,0.500757,0.870012,0.844285,1.311676,0.928922,0.259193,0.733887
1754554868188,0.495292,0.872818,0.842392,1.310248,0.912576,0.257300,0.708252
1754554868225,0.495808,0.872816,0.841663,1.309973,0.903651,0.256570,0.699951
1754554868253,0.494683,0.873205,0.841912,1.309967,0.907651,0.256820,0.680908
1754554868278,0.493084,0.874126,0.840970,1.309374,0.898393,0.255878,0.697510
1754554868309,0.493109,0.874125,0.840940,1.309363,0.898022,0.255847,0.688477
1754554868341,0.492577,0.874147,0.841621,1.309614,0.906399,0.256528,0.730225
1754554868371,0.497628,0.871300,0.844320,1.311363,0.932449,0.259227,0.734619
1754554868399,0.500644,0.870209,0.843767,1.311431,0.923061,0.258674,0.739746
1754554868431,0.502536,0.868903,0.845534,1.312427,0.941539,0.260442,0.724121
1754554868460,0.499410,0.870119,0.845841,1.312236,0.948200,0.260749,0.734131
1754554868489,0.497782,0.870893,0.845498,1.311910,0.945869,0.260405,0.668945
1754554868527,0.497121,0.871152,0.845548,1.311863,0.947109,0.260456,0.660645
1754554868550,0.496198,0.871455,0.845809,1.311884,0.951044,0.260717,0.710693
1754554868586,0.498755,0.870170,0.846593,1.312506,0.957522,0.261501,0.702393
1754554868609,0.501622,0.868524,0.848126,1.313498,0.972315,0.263034,0.655518
1754554868640,0.503098,0.867766,0.848595,1.313864,0.976241,0.263502,0.670410
1754554868682,0.502003,0.867909,0.849661,1.314229,0.989626,0.264569,0.666260
1754554868700,0.501771,0.868633,0.847546,1.313252,0.965484,0.262454,0.645752
1754554868728,0.500519,0.868373,0.850188,1.314310,0.997176,0.265095,0.674316
1754554868761,0.500876,0.867936,0.851151,1.314781,1.007924,0.266059,0.655029
1754554868789,0.500503,0.868120,0.851059,1.314700,1.007232,0.265967,0.698730
1754554868827,0.503922,0.866889,0.850376,1.314752,0.995941,0.265284,0.732422
1754554868851,0.505983,0.866062,0.850223,1.314899,0.992113,0.265130,0.690186
1754554868879,0.507148,0.865734,0.849661,1.314769,0.984479,0.264569,0.668457
1754554868910,0.509730,0.864632,0.849649,1.315035,0.981761,0.264557,0.679199
1754554868940,0.509517,0.864602,0.850058,1.315197,0.986679,0.264965,0.643066
1754554868975,0.505084,0.864993,0.855031,1.316967,1.048423,0.269939,0.660156
1754554869000,0.503333,0.864703,0.858396,1.318294,1.088944,0.273304,0.625000
1754554869030,0.507500,0.862981,0.858235,1.318658,1.082920,0.273142,0.615234
1754554869059,0.515037,0.858795,0.861195,1.320775,1.109490,0.276102,0.701416
1754554869091,0.518704,0.855539,0.866353,1.323469,1.165268,0.281261,0.718262
1754554869124,0.522099,0.853622,0.867598,1.324380,1.176209,0.282505,0.710693
1754554869153,0.530036,0.848683,0.871669,1.327029,1.215184,0.286576,0.708496
1754554869181,0.532554,0.847404,0.872015,1.327447,1.216658,0.286923,0.688477
1754554869210,0.532132,0.846446,0.875485,1.328951,1.257065,0.290393,0.691162
1754554869241,0.534915,0.845352,0.874875,1.328970,1.247256,0.289783,0.692627
1754554869273,0.532747,0.846284,0.875114,1.328850,1.252175,0.290022,0.737305
1754554869303,0.533606,0.844912,0.878006,1.330227,1.284635,0.292913,0.750488
1754554869330,0.535791,0.843991,0.877700,1.330320,1.278926,0.292608,0.716064
1754554869361,0.537370,0.842727,0.879233,1.331167,1.295013,0.294141,0.698242
1754554869391,0.537070,0.842545,0.880182,1.331558,1.306249,0.295090,0.669434
1754554869426,0.536239,0.842147,0.882486,1.332496,1.333627,0.297394,0.651367
1754554869451,0.536873,0.842200,0.881462,1.332107,1.321191,0.296369,0.583252
1754554869482,0.524186,0.846535,0.885951,1.332780,1.385605,0.300858,0.555908
1754554869510,0.521912,0.845922,0.890661,1.334636,1.442155,0.305569,0.536987
1754554869541,0.518916,0.846520,0.892793,1.335271,1.469714,0.307700,0.524048
1754554869576,0.517937,0.846687,0.893561,1.335510,1.479544,0.308468,0.565430
1754554869632,0.524773,0.844963,0.889687,1.334501,1.428077,0.304595,0.573242
1754554869661,0.524451,0.845011,0.889971,1.334594,1.431665,0.304879,0.524536
1754554869693,0.532117,0.842202,0.887893,1.334468,1.400051,0.302800,0.560059
1754554869724,0.528695,0.845032,0.884325,1.332527,1.362361,0.299232,0.710693
1754554869752,0.527527,0.847564,0.878483,1.329805,1.296211,0.293390,0.730225
1754554869781,0.527302,0.849975,0.871555,1.326692,1.216607,0.286463,0.704346
1754554869812,0.531427,0.849139,0.868313,1.325677,1.175119,0.283220,0.661377
1754554869853,0.528175,0.851425,0.865869,1.324244,1.150219,0.280777,0.751709
1754554869876,0.524130,0.855276,0.859522,1.320979,1.081124,0.274430,0.674805
1754554869910,0.525697,0.855322,0.857102,1.320060,1.051673,0.272010,0.677979
1754554869931,0.526187,0.855864,0.854630,1.319003,1.022693,0.269537,0.709229
1754554869962,0.515121,0.862961,0.847419,1.314599,0.950673,0.262327,0.704102
1754554869993,0.515130,0.864218,0.843132,1.312670,0.901265,0.258040,0.697021
1754554870026,0.509736,0.866995,0.841595,1.311409,0.888941,0.256502,0.722412
1754554870053,0.507825,0.869042,0.837291,1.309266,0.841266,0.252199,0.714600
1754554870085,0.513617,0.866344,0.838034,1.310212,0.844029,0.252942,0.742676
1754554870110,0.511973,0.869131,0.830623,1.306690,0.760277,0.245531,0.750244
1754554870143,0.511213,0.871552,0.822894,1.303110,0.671972,0.237801,0.739258
1754554870174,0.508781,0.872634,0.822726,1.302776,0.672470,0.237634,0.793213
1754554870204,0.506287,0.875490,0.815834,1.299382,0.595547,0.230741,0.754883
1754554870234,0.502590,0.877876,0.812539,1.297491,0.561274,0.227446,0.731201
1754554870261,0.500899,0.879346,0.809472,1.295914,0.527624,0.224379,0.737061
1754554870292,0.498226,0.880950,0.807432,1.294700,0.506795,0.222340,0.751709
1754554870326,0.497656,0.882047,0.803894,1.293026,0.466600,0.218802,0.741211
1754554870353,0.491805,0.886105,0.796767,1.289144,0.390321,0.211675,0.771729
1754554870384,0.491691,0.886903,0.793512,1.287641,0.352928,0.208420,0.756592
1754554870746,0.483422,0.894908,0.771538,1.276647,0.107989,0.186445,0.746826
1754554870834,0.484121,0.895576,0.766865,1.274564,0.053452,0.181773,0.721680
1754554870866,0.484900,0.895363,0.766420,1.274442,0.047536,0.181327,0.738037
1754554870894,0.486943,0.895259,0.762887,1.273027,0.004784,0.177795,0.733643
1754554870931,0.480428,0.898709,0.757996,1.270058,-0.045055,0.172904,0.685303
1754554870954,0.478094,0.901066,0.749978,1.266081,-0.135118,0.164886,0.732666
1754554871045,0.483717,0.897412,0.758179,1.270498,-0.046244,0.173086,0.734863
1754554871082,0.479060,0.899812,0.754869,1.268459,-0.079725,0.169777,0.683594
1754554871105,0.480728,0.898929,0.756202,1.269258,-0.066028,0.171110,0.700928
1754554871135,0.484991,0.897212,0.756615,1.269910,-0.065536,0.171523,0.712646
1754554871163,0.485930,0.896436,0.758806,1.271028,-0.041228,0.173714,0.742920
1754554871194,0.491052,0.893576,0.763236,1.273632,0.004695,0.178144,0.770752
1754554871224,0.486325,0.896336,0.758521,1.270938,-0.044907,0.173429,0.743408
1754554871254,0.488893,0.894948,0.760537,1.272150,-0.024248,0.175444,0.738281
1754554871284,0.489872,0.894694,0.759851,1.271938,-0.033127,0.174759,0.737793
1754554871312,0.492188,0.893829,0.759589,1.272067,-0.038465,0.174497,0.736084
1754554871343,0.495487,0.892244,0.760991,1.273073,-0.025603,0.175899,0.733887
1754554871375,0.494480,0.892699,0.760721,1.272839,-0.027710,0.175629,0.693604
1754554871408,0.498069,0.890996,0.762064,1.273848,-0.015822,0.176972,0.660645
1754554871437,0.503647,0.888687,0.762237,1.274531,-0.019412,0.177144,0.705078
1754554871466,0.513297,0.883634,0.767379,1.277949,0.030190,0.182286,0.741943
1754554871496,0.520732,0.879863,0.770215,1.280059,0.055442,0.185123,0.758545
1754554871528,0.526629,0.876904,0.772017,1.281526,0.070309,0.186925,0.774658
1754554871556,0.537759,0.870740,0.777452,1.285225,0.121802,0.192360,0.777100
1754554871585,0.546346,0.866113,0.780396,1.287503,0.147137,0.195304,0.788330
1754554871615,0.554683,0.861766,0.782100,1.289183,0.158435,0.197007,0.778809
1754554871646,0.560524,0.859614,0.779005,1.288399,0.116932,0.193913,0.785645
1754554871680,0.562206,0.859871,0.774024,1.286299,0.057854,0.188932,0.789307
1754554871706,0.563628,0.860068,0.769789,1.284511,0.007633,0.184697,0.799561
1754554871734,0.564035,0.860348,0.767478,1.283495,-0.019400,0.182386,0.809326
1754554871827,0.561495,0.862907,0.761018,1.280247,-0.091309,0.175925,0.764648
1754554871859,0.556697,0.866273,0.755716,1.277281,-0.147600,0.170624,0.749756
1754554871891,0.556264,0.867344,0.751164,1.275132,-0.199620,0.166072,0.740234
1754554871915,0.553637,0.869555,0.745975,1.272446,-0.256783,0.160883,0.733398
1754554871947,0.551864,0.871008,0.742555,1.270668,-0.294416,0.157463,0.720947
1754554871977,0.548797,0.872757,0.740830,1.269532,-0.311232,0.155738,0.689941
1754554872007,0.543481,0.876316,0.734463,1.265993,-0.379281,0.149371,0.606445
1754554872037,0.546929,0.874839,0.733722,1.266026,-0.391271,0.148629,0.568726
1754554872067,0.555552,0.870107,0.737635,1.268790,-0.354803,0.152543,0.595215
1754554872096,0.564922,0.864529,0.743531,1.272551,-0.296230,0.158439,0.650635
1754554872133,0.565633,0.863603,0.746714,1.274101,-0.260261,0.161622,0.439087
1754554872157,0.561349,0.867665,0.735552,1.268460,-0.384603,0.150460,0.436279
1754554872187,0.562907,0.866960,0.735233,1.268484,-0.389841,0.150140,0.558594
1754554872216,0.561347,0.867920,0.734040,1.267759,-0.402017,0.148948,0.622559
1754554872246,0.556245,0.871295,0.728472,1.264609,-0.461076,0.143380,0.603516
1754554872280,0.554126,0.872577,0.726772,1.263584,-0.478549,0.141680,0.657715
1754554872308,0.554645,0.871824,0.729926,1.265109,-0.442727,0.144834,0.626221
1754554872342,0.555487,0.871285,0.730769,1.265594,-0.433857,0.145677,0.669189
1754554872366,0.556465,0.870784,0.730975,1.265797,-0.432462,0.145882,0.690186
1754554872402,0.556974,0.870652,0.730287,1.265533,-0.440890,0.145195,0.727051
1754554872431,0.555050,0.871737,0.729273,1.264850,-0.450659,0.144180,0.737061
1754554872457,0.556302,0.871009,0.730074,1.265360,-0.442673,0.144982,0.734375
1754554872487,0.556839,0.870852,0.729457,1.265132,-0.450323,0.144365,0.733643
1754554872520,0.556570,0.870941,0.729704,1.265217,-0.447213,0.144611,0.732910
1754554872547,0.555800,0.871337,0.729532,1.265053,-0.448422,0.144440,0.745361
1754554872580,0.556160,0.871023,0.730404,1.265498,-0.438736,0.145312,0.735840
1754554872609,0.556759,0.870834,0.729802,1.265284,-0.446269,0.144710,0.738281
1754554872638,0.556162,0.871088,0.729998,1.265309,-0.443417,0.144905,0.760742
1754554872669,0.555426,0.871574,0.729174,1.264845,-0.452166,0.144082,0.735352
1754554872698,0.557166,0.870597,0.730058,1.265448,-0.443731,0.144965,0.760010
1754554872731,0.556989,0.870881,0.728826,1.264855,-0.457744,0.143734,0.752197
1754554872758,0.554558,0.872244,0.727571,1.264003,-0.469774,0.142479,0.734375
1754554872788,0.556068,0.871309,0.728910,1.264793,-0.455854,0.143818,0.743652
1754554872819,0.556143,0.871397,0.728142,1.264444,-0.464778,0.143050,0.760986
1754554872847,0.556897,0.870782,0.729715,1.265259,-0.447415,0.144622,0.737549
1754554872880,0.558286,0.869942,0.730774,1.265904,-0.436601,0.145681,0.737793
1754554872912,0.558340,0.869801,0.731476,1.266237,-0.428557,0.146384,0.755859
1754554872940,0.559272,0.869286,0.731874,1.266524,-0.424901,0.146782,0.751953
1754554872970,0.560182,0.868566,0.733564,1.267409,-0.406347,0.148471,0.752197
1754554872999,0.560614,0.868320,0.733779,1.267557,-0.404293,0.148687,0.737549
1754554873031,0.562882,0.866915,0.735568,1.268637,-0.385948,0.150476,0.759033
1754554873058,0.563068,0.867055,0.734199,1.268021,-0.401911,0.149107,0.704590
1754554873088,0.566718,0.864319,0.739703,1.270975,-0.342139,0.154611,0.735596
1754554873125,0.577092,0.856639,0.753208,1.278353,-0.196896,0.168116,0.728027
1754554873148,0.571535,0.860587,0.747148,1.274948,-0.261165,0.162056,0.845703
1754554873180,0.571653,0.861062,0.744218,1.273607,-0.295045,0.159126,0.771973
1754554873212,0.577208,0.857727,0.747100,1.275548,-0.267394,0.162008,0.834961
1754554873240,0.580629,0.856187,0.745948,1.275391,-0.284090,0.160856,0.836426
1754554873272,0.585652,0.853663,0.745515,1.275743,-0.294102,0.160423,0.859619
1754554873298,0.590546,0.850835,0.746902,1.276921,-0.283012,0.161810,0.891602
1754554873330,0.594776,0.848276,0.748549,1.278146,-0.268264,0.163457,0.906738
1754554873363,0.601484,0.843508,0.754486,1.281616,-0.206561,0.169394,0.908691
1754554873390,0.606337,0.840015,0.758628,1.284051,-0.163680,0.173536,0.902100
1754554873419,0.613136,0.835187,0.763626,1.287088,-0.112898,0.178533,0.899902
1754554873448,0.618559,0.830886,0.769327,1.290291,-0.052623,0.184235,0.913086
1754554873480,0.632385,0.819125,0.785405,1.299129,0.118814,0.200312,0.869873
1754554873511,0.644535,0.807787,0.801141,1.307582,0.287998,0.216049,0.837158
1754554873543,0.653051,0.799115,0.813410,1.314038,0.420856,0.228318,0.785889
1754554873569,0.663517,0.788167,0.827781,1.321621,0.575988,0.242689,0.815186
1754554873598,0.668912,0.782238,0.835424,1.325622,0.658660,0.250332,0.811523
1754554873629,0.676356,0.773160,0.847925,1.331995,0.795266,0.262833,0.738525
1754554873662,0.677697,0.767647,0.861392,1.338115,0.949110,0.276300,0.786377
1754554873690,0.683166,0.760618,0.870317,1.342649,1.046473,0.285224,0.795654
1754554873720,0.687740,0.754483,0.878043,1.346548,1.130928,0.292951,0.808105
1754554873748,0.689296,0.752080,0.881409,1.348197,1.168166,0.296317,0.849854
1754554873782,0.690255,0.750648,0.883320,1.349140,1.189227,0.298228,0.852295
1754554873814,0.689486,0.748925,0.889166,1.351627,1.257350,0.304073,0.817139
1754554873840,0.688886,0.748658,0.890942,1.352342,1.278417,0.305849,0.793945
1754554873869,0.688766,0.747288,0.894587,1.353929,1.320543,0.309495,0.799805
1754554873898,0.686877,0.748159,0.895828,1.354271,1.336729,0.310736,0.798096
1754554873930,0.686249,0.748658,0.895719,1.354157,1.336107,0.310627,0.793945
1754554873961,0.684531,0.751331,0.892138,1.352402,1.296561,0.307046,0.804443
1754554873990,0.680382,0.755135,0.890012,1.351026,1.276211,0.304920,0.799316
1754554874019,0.677604,0.758072,0.887520,1.349634,1.250267,0.302427,0.809082
1754554874051,0.676616,0.761296,0.880913,1.346621,1.175127,0.295821,0.809326
1754554874080,0.672184,0.764739,0.879952,1.345723,1.168483,0.294860,0.820801
1754554874112,0.669529,0.769608,0.871692,1.341795,1.075961,0.286600,0.795166
1754554874139,0.666065,0.773393,0.867706,1.339661,1.033496,0.282614,0.770752
1754554874174,0.655598,0.781955,0.863155,1.336525,0.991518,0.278063,0.759521
1754554874202,0.647894,0.789999,0.854136,1.331696,0.895295,0.269044,0.757812
1754554874232,0.638550,0.798754,0.845301,1.326759,0.802835,0.260209,0.726807
1754554874262,0.630443,0.809105,0.827619,1.317977,0.607191,0.242527,0.706299
1754554874293,0.619584,0.817714,0.820078,1.313419,0.531159,0.234986,0.741699
1754554874321,0.613195,0.823502,0.812464,1.309298,0.449809,0.227372,0.780273
1754554874350,0.599342,0.833623,0.803531,1.303764,0.360730,0.218439,0.834229
1754554874381,0.592970,0.839080,0.795586,1.299471,0.275546,0.210493,0.842041
1754554874414,0.583571,0.846681,0.784598,1.293452,0.158339,0.199506,0.839844
1754554874441,0.571567,0.854113,0.779031,1.289608,0.106192,0.193939,0.826172
1754554874470,0.564923,0.859291,0.770441,1.284951,0.013855,0.185349,0.801758
1754554874500,0.558706,0.863820,0.763245,1.280969,-0.062847,0.178153,0.808594
1754554874531,0.551044,0.868952,0.755833,1.276719,-0.140596,0.170741,0.766113
1754554874563,0.545681,0.872667,0.749472,1.273194,-0.208535,0.164380,0.753418
1754554874590,0.536762,0.877806,0.743705,1.269549,-0.266066,0.158613,0.774902
1754554874625,0.532410,0.881231,0.735146,1.265097,-0.360340,0.150054,0.765381
1754554874653,0.525605,0.885145,0.729590,1.261762,-0.417559,0.144498,0.776855
1754554874683,0.521536,0.887143,0.728145,1.260642,-0.430143,0.143052,0.751953
1754554874712,0.515657,0.890123,0.725164,1.258605,-0.458608,0.140072,0.735107
1754554874741,0.510036,0.892715,0.723671,1.257290,-0.470189,0.138579,0.762939
1754554874772,0.505280,0.894848,0.722571,1.256253,-0.478114,0.137479,0.736572
1754554874801,0.503921,0.895925,0.719063,1.254460,-0.517179,0.133970,0.778809
1754554874833,0.501758,0.897282,0.715758,1.252671,-0.553101,0.130665,0.829102
1754554874864,0.496443,0.899401,0.715895,1.252152,-0.546201,0.130803,0.772705
1754554874894,0.497939,0.899369,0.711847,1.250414,-0.594345,0.126755,0.829834
1754554874924,0.497063,0.900042,0.709480,1.249204,-0.620740,0.124388,0.848389
1754554874951,0.495355,0.901028,0.707191,1.247938,-0.645410,0.122099,0.849609
1754554874983,0.495351,0.901181,0.706049,1.247399,-0.658567,0.120957,0.814941
1754554875016,0.494590,0.901793,0.703651,1.246184,-0.685434,0.118559,0.843750
1754554875046,0.494922,0.901693,0.703406,1.246105,-0.688594,0.118314,0.823975
1754554875073,0.491567,0.903475,0.699763,1.244015,-0.727212,0.114671,0.819580
1754554875102,0.489651,0.904659,0.696192,1.242115,-0.766448,0.111100,0.812744
1754554875133,0.486778,0.906327,0.691465,1.239559,-0.818047,0.106373,0.792236
1754554875167,0.486797,0.906768,0.687484,1.237672,-0.863940,0.102392,0.819580
1754554875193,0.482893,0.908602,0.684357,1.235754,-0.896070,0.099264,0.804932
1754554875223,0.479776,0.910191,0.680441,1.233545,-0.938071,0.095349,0.824219
1754554875252,0.478251,0.910991,0.678195,1.232306,-0.962427,0.093103,0.804932
1754554875283,0.478799,0.910843,0.677616,1.232091,-0.969647,0.092524,0.803467
1754554875315,0.481032,0.909963,0.678012,1.232528,-0.967313,0.092920,0.767822
1754554875344,0.481226,0.909928,0.677631,1.232368,-0.971906,0.092538,0.782715
1754554875374,0.479926,0.910576,0.676024,1.231457,-0.989120,0.090932,0.775879
1754554875401,0.482327,0.909533,0.677401,1.232381,-0.975654,0.092309,0.750488
1754554875434,0.481140,0.909992,0.677307,1.232204,-0.975551,0.092215,0.770996
1754554875465,0.482303,0.909456,0.678266,1.232790,-0.965661,0.093174,0.778564
1754554875494,0.484373,0.908833,0.676603,1.232228,-0.986899,0.091510,0.769775
1754554875530,0.484826,0.908486,0.678354,1.233113,-0.967175,0.093261,0.756348
1754554875555,0.482581,0.909512,0.676646,1.232049,-0.984607,0.091554,0.777344
1754554875583,0.483395,0.909201,0.676661,1.232147,-0.985254,0.091568,0.770264
1754554875615,0.484950,0.908366,0.679074,1.233469,-0.959002,0.093981,0.765381
1754554875645,0.483979,0.908822,0.678234,1.232961,-0.967709,0.093142,0.755615
1754554875672,0.483936,0.908907,0.677539,1.232626,-0.975668,0.092447,0.771240
1754554875702,0.484144,0.908792,0.677895,1.232818,-0.971782,0.092802,0.744141
1754554875733,0.485217,0.908242,0.679289,1.233601,-0.956790,0.094197,0.777588
1754554875767,0.483524,0.908928,0.678905,1.233230,-0.959523,0.093812,0.752197
1754554875794,0.485511,0.907751,0.682954,1.235378,-0.914853,0.097861,0.764893
1754554875824,0.484267,0.908143,0.683749,1.235618,-0.904441,0.098657,0.779297
1754554875853,0.488141,0.905946,0.690185,1.239103,-0.834159,0.105093,0.791016
1754554875885,0.491210,0.903946,0.697061,1.242699,-0.757992,0.111969,0.826660
1754554875920,0.493250,0.902625,0.701272,1.244914,-0.711507,0.116180,0.812744
1754554875952,0.496257,0.900770,0.706430,1.247678,-0.655086,0.121337,0.808594
1754554875973,0.499020,0.899097,0.710669,1.249979,-0.608997,0.125577,0.829346
1754554876005,0.500797,0.898173,0.712174,1.250882,-0.593430,0.127082,0.814209
1754554876035,0.503984,0.896278,0.716440,1.253236,-0.547468,0.131347,0.790527
1754554876066,0.510750,0.892477,0.723272,1.257181,-0.475505,0.138180,0.780518
1754554876095,0.515324,0.890062,0.726477,1.259181,-0.443147,0.141385,0.765625
1754554876124,0.516239,0.889392,0.728278,1.260123,-0.423310,0.143186,0.728760
1754554876153,0.517978,0.888210,0.731053,1.261609,-0.393072,0.145961,0.805420
1754554876185,0.524594,0.884651,0.735346,1.264334,-0.350222,0.150254,0.734619
1754554876219,0.529839,0.881612,0.739682,1.266924,-0.305503,0.154590,0.812012
1754554876247,0.533252,0.879545,0.742821,1.268755,-0.272741,0.157729,0.819824
1754554876276,0.532642,0.879550,0.744347,1.269397,-0.254547,0.159255,0.789795
1754554876303,0.542625,0.874951,0.744681,1.270642,-0.260683,0.159589,0.791992
1754554876336,0.549451,0.871197,0.747857,1.272859,-0.230918,0.162764,0.797852
1754554876370,0.555395,0.867457,0.752783,1.275785,-0.180098,0.167690,0.830078
1754554876397,0.560445,0.864613,0.754908,1.277318,-0.160653,0.169816,0.827881
1754554876426,0.564957,0.861610,0.758976,1.279685,-0.118290,0.173884,0.844971
1754554876455,0.567830,0.859525,0.762292,1.281524,-0.082959,0.177200,0.878662
1754554876486,0.571912,0.856909,0.765098,1.283259,-0.054706,0.180006,0.865234
1754554876517,0.572329,0.856250,0.767273,1.284303,-0.030064,0.182180,0.869141
1754554876545,0.573925,0.854747,0.770587,1.285997,0.006534,0.185495,0.855225
1754554876576,0.575816,0.852878,0.774813,1.288139,0.053341,0.189721,0.850830
1754554876606,0.581570,0.849068,0.778657,1.290522,0.091878,0.193565,0.879395
1754554876638,0.586589,0.845701,0.781942,1.292567,0.124709,0.196850,0.873779
1754554876669,0.590025,0.843548,0.783389,1.293600,0.137949,0.198297,0.874268
1754554876695,0.592857,0.841516,0.785628,1.294929,0.160920,0.200536,0.864746
1754554876726,0.596532,0.839263,0.786771,1.295848,0.170418,0.201679,0.867188
1754554876766,0.596678,0.838740,0.788654,1.296721,0.191964,0.203562,0.854492
1754554876790,0.596227,0.838891,0.789055,1.296854,0.197034,0.203963,0.847168
1754554876818,0.597563,0.838115,0.789260,1.297093,0.198056,0.204167,0.849609
1754554876849,0.596788,0.838711,0.788525,1.296674,0.190373,0.203433,0.863525
1754554876878,0.598034,0.837917,0.789011,1.297031,0.194725,0.203919,0.833252
1754554876905,0.596553,0.838421,0.790286,1.297450,0.210896,0.205194,0.845703
1754554876936,0.597467,0.837983,0.790034,1.297434,0.207073,0.204941,0.840088
1754554876968,0.595961,0.838786,0.790105,1.297304,0.209402,0.205013,0.846680
1754554876996,0.596834,0.838280,0.790236,1.297458,0.210040,0.205144,0.858887
1754554877026,0.595882,0.838884,0.789873,1.297189,0.206803,0.204780,0.849365
1754554877058,0.594812,0.839175,0.791080,1.297622,0.221780,0.205987,0.847168
1754554877086,0.595820,0.838978,0.789617,1.297066,0.203912,0.204524,0.836182
1754554877120,0.595835,0.838659,0.790919,1.297660,0.218910,0.205827,0.835449
1754554877148,0.596187,0.838567,0.790504,1.297510,0.213771,0.205412,0.829346
1754554877176,0.594858,0.839310,0.790411,1.297323,0.214035,0.205319,0.825684
1754554877206,0.595427,0.839055,0.790189,1.297284,0.210901,0.205097,0.837402
1754554877239,0.596231,0.838304,0.791504,1.297969,0.225250,0.206412,0.839355
1754554877271,0.596134,0.838213,0.792101,1.298230,0.232226,0.207009,0.843994
1754554877296,0.595646,0.838058,0.793840,1.298968,0.252757,0.208748,0.847900
1754554877327,0.596150,0.837845,0.793589,1.298908,0.249360,0.208497,0.827148
1754554877357,0.596585,0.837391,0.794481,1.299360,0.259196,0.209388,0.830811
1754554877392,0.594615,0.838363,0.794885,1.299331,0.265832,0.209793,0.823730
1754554877424,0.594910,0.838292,0.794518,1.299196,0.261307,0.209426,0.832275
1754554877449,0.594126,0.838805,0.794155,1.298946,0.257902,0.209063,0.814453
1754554877477,0.597360,0.836865,0.794905,1.299637,0.263311,0.209813,0.830566
1754554877505,0.595810,0.837552,0.795548,1.299762,0.272273,0.210456,0.832031
1754554877536,0.597208,0.836795,0.795530,1.299905,0.270667,0.210438,0.838867
1754554877567,0.595491,0.837635,0.795915,1.299894,0.276824,0.210823,0.833740
1754554877596,0.594382,0.838371,0.795364,1.299523,0.271576,0.210272,0.839600
1754554877625,0.595155,0.837900,0.795581,1.299705,0.273302,0.210488,0.827393
1754554877655,0.596914,0.837127,0.794827,1.299554,0.262863,0.209735,0.827148
1754554877689,0.596833,0.836963,0.795682,1.299933,0.272794,0.210590,0.829590
1754554877719,0.596802,0.836961,0.795756,1.299963,0.273676,0.210664,0.827393
1754554877749,0.598591,0.835926,0.795992,1.300264,0.274609,0.210900,0.845459
1754554877779,0.596517,0.837242,0.795242,1.299699,0.268035,0.210149,0.821533
1754554877814,0.597976,0.836395,0.795453,1.299952,0.269008,0.210360,0.832031
1754554877843,0.598897,0.836102,0.794590,1.299660,0.258144,0.209498,0.821533
1754554877868,0.598033,0.836588,0.794534,1.299541,0.258365,0.209442,0.825439
1754554877900,0.598120,0.836184,0.795993,1.300213,0.275085,0.210900,0.833008
1754554877929,0.595630,0.837777,0.795027,1.299505,0.266443,0.209934,0.818115
1754554877961,0.595983,0.837760,0.794313,1.299219,0.257861,0.209220,0.812012
1754554877989,0.596442,0.837077,0.796082,1.300072,0.277794,0.210990,0.829102
1754554878021,0.597257,0.837150,0.793969,1.299201,0.252631,0.208877,0.837891
1754554878047,0.597499,0.836738,0.795116,1.299748,0.265605,0.210024,0.842773
1754554878076,0.596220,0.837634,0.794299,1.299238,0.257465,0.209206,0.828125
1754554878106,0.595159,0.838415,0.793456,1.298740,0.248815,0.208364,0.855225
1754554878143,0.594639,0.838915,0.792552,1.298273,0.238922,0.207460,0.835449
1754554878172,0.591412,0.840573,0.792889,1.298077,0.246032,0.207797,0.849121
1754554878200,0.586017,0.844307,0.789268,1.295845,0.209694,0.204175,0.853271
1754554878228,0.582164,0.847579,0.783886,1.292974,0.151533,0.198794,0.877441
1754554878258,0.575752,0.851897,0.779428,1.290243,0.106579,0.194336,0.855225
1754554878289,0.572801,0.856015,0.767260,1.284348,-0.030688,0.182167,0.831299
1754554878322,0.561866,0.863925,0.754875,1.277457,-0.162458,0.169783,0.795410
1754554878350,0.555199,0.869424,0.742532,1.271022,-0.298020,0.157440,0.757080
1754554878379,0.542709,0.877175,0.731408,1.264486,-0.413717,0.146315,0.763672
1754554878407,0.537030,0.880999,0.723611,1.260228,-0.497877,0.138519,0.750244
1754554878438,0.535841,0.882963,0.713965,1.255585,-0.607845,0.128872,0.781982
1754554878472,0.529393,0.887217,0.703837,1.250119,-0.718099,0.118745,0.798096
1754554878503,0.526091,0.889502,0.697233,1.246643,-0.790894,0.112141,0.806152
1754554878531,0.526535,0.889631,0.694578,1.245440,-0.821937,0.109485,0.803467
1754554878559,0.524655,0.890759,0.691964,1.243997,-0.850176,0.106871,0.811279
1754554878590,0.524500,0.891327,0.687601,1.241918,-0.900292,0.102509,0.804688
1754554878625,0.521381,0.893546,0.679482,1.237723,-0.990727,0.094390,0.771973
1754554878651,0.521337,0.893821,0.676966,1.236524,-1.019680,0.091873,0.804932
1754554878679,0.519998,0.894630,0.674586,1.235243,-1.045763,0.089494,0.808594
1754554878710,0.517087,0.895919,0.674051,1.234664,-1.049014,0.088959,0.785156
1754554878738,0.515776,0.896638,0.672322,1.233694,-1.067633,0.087229,0.785889
1754554878777,0.514035,0.897461,0.671355,1.233039,-1.077030,0.086263,0.797119
1754554878802,0.517375,0.895968,0.672265,1.233846,-1.069889,0.087172,0.802246
1754554878830,0.513949,0.897492,0.671413,1.233057,-1.076282,0.086320,0.793457
1754554878860,0.514656,0.897151,0.671884,1.233361,-1.071551,0.086792,0.787598
1754554878889,0.514535,0.897214,0.671755,1.233286,-1.072920,0.086663,0.807617
1754554878925,0.515385,0.896773,0.672634,1.233799,-1.063646,0.087541,0.812500
1754554878951,0.514237,0.897380,0.671313,1.233042,-1.077712,0.086221,0.803711
1754554878981,0.514786,0.897089,0.671955,1.233409,-1.070868,0.086863,0.798096
1754554879015,0.515021,0.897078,0.671032,1.232996,-1.081733,0.085940,0.812256
1754554879040,0.516578,0.896345,0.671844,1.233557,-1.073935,0.086752,0.812988
1754554879071,0.514538,0.897283,0.671003,1.232928,-1.081589,0.085911,0.793945
1754554879101,0.515982,0.896602,0.671789,1.233464,-1.073973,0.086697,0.806152
1754554879129,0.515381,0.896882,0.671508,1.233263,-1.076617,0.086415,0.809082
1754554879163,0.516648,0.896612,0.668652,1.232045,-1.110784,0.083560,0.778564
1754554879191,0.516276,0.896550,0.671025,1.233133,-1.083070,0.085933,0.796875
1754554879222,0.516379,0.896607,0.669941,1.232628,-1.095664,0.084849,0.769531
1754554879251,0.514789,0.897198,0.670785,1.232852,-1.084348,0.085693,0.801270
1754554879279,0.515815,0.896774,0.670705,1.232929,-1.086297,0.085613,0.792236
1754554879312,0.515908,0.896614,0.671993,1.233552,-1.071553,0.086901,0.806396
1754554879342,0.517088,0.896314,0.669871,1.232674,-1.097184,0.084779,0.803467
1754554879374,0.516439,0.896552,0.670266,1.232790,-1.091980,0.085174,0.799072
1754554879401,0.513153,0.898156,0.667811,1.231252,-1.116985,0.082719,0.819580
1754554879431,0.515892,0.896853,0.669500,1.232364,-1.100262,0.084408,0.804443
1754554879461,0.514700,0.897328,0.669790,1.232368,-1.095729,0.084698,0.812744
1754554879490,0.516482,0.896766,0.667721,1.231582,-1.121353,0.082629,0.845947
1754554879525,0.512904,0.898284,0.667541,1.231095,-1.119846,0.082449,0.836182
1754554879553,0.512445,0.898552,0.666680,1.230633,-1.129308,0.081588,0.845703
1754554879583,0.516110,0.896974,0.667159,1.231273,-1.127452,0.082067,0.846191
1754554879610,0.515937,0.897018,0.667470,1.231401,-1.123697,0.082378,0.854004
1754554879644,0.513601,0.898013,0.667317,1.231066,-1.123128,0.082224,0.806885
1754554879679,0.515587,0.897002,0.669283,1.232226,-1.102457,0.084191,0.785645
1754554879704,0.517510,0.896086,0.670408,1.232978,-1.091411,0.085316,0.816895
1754554879732,0.518252,0.895738,0.670764,1.233230,-1.088055,0.085672,0.764160
1754554879763,0.515732,0.897011,0.668509,1.231874,-1.111517,0.083417,0.809814
1754554879794,0.514881,0.897561,0.666366,1.230757,-1.135365,0.081274,0.843018
1754554879830,0.513287,0.898136,0.667406,1.231074,-1.121789,0.082313,0.830566
1754554879856,0.513349,0.898247,0.665864,1.230345,-1.139612,0.080772,0.851562
1754554879882,0.516269,0.896879,0.667469,1.231438,-1.124044,0.082377,0.843018
1754554879911,0.517435,0.896502,0.666167,1.230948,-1.140210,0.081075,0.840332
1754554879941,0.514947,0.897548,0.666206,1.230687,-1.137276,0.081113,0.851074
1754554879972,0.511466,0.898981,0.666438,1.230408,-1.131119,0.081346,0.823730
1754554880003,0.512352,0.898504,0.667653,1.231087,-1.118007,0.082561,0.792725
1754554880032,0.514114,0.897963,0.665455,1.230236,-1.145089,0.080363,0.824219
1754554880062,0.513050,0.898503,0.664356,1.229592,-1.156690,0.079264,0.826416
1754554880091,0.513166,0.898203,0.667228,1.230975,-1.123721,0.082135,0.821289
1754554880125,0.514189,0.897697,0.668089,1.231501,-1.114813,0.082997,0.826660
1754554880154,0.514737,0.897380,0.669050,1.232020,-1.104288,0.083958,0.815674
1754554880183,0.514808,0.897481,0.667610,1.231341,-1.120959,0.082518,0.824951
1754554880211,0.514709,0.897705,0.665554,1.230350,-1.144545,0.080462,0.836182
1754554880245,0.511854,0.898807,0.666582,1.230520,-1.129846,0.081490,0.813721
1754554880274,0.513424,0.897980,0.668500,1.231611,-1.109318,0.083408,0.801025
1754554880303,0.512655,0.898349,0.667971,1.231272,-1.114645,0.082879,0.801514
1754554880333,0.514250,0.897642,0.668411,1.231661,-1.111172,0.083318,0.822021
1754554880366,0.513156,0.898301,0.666168,1.230469,-1.135926,0.081075,0.826660
1754554880394,0.512529,0.898521,0.666634,1.230621,-1.129926,0.081541,0.811279
1754554880425,0.513449,0.897956,0.668650,1.231685,-1.107611,0.083558,0.802002
1754554880455,0.513483,0.898175,0.666047,1.230448,-1.137638,0.080955,0.837646
1754554880483,0.512085,0.898787,0.665722,1.230136,-1.139991,0.080630,0.829590
1754554880514,0.513000,0.898126,0.668845,1.231728,-1.104914,0.083753,0.811279
1754554880542,0.514785,0.897657,0.665740,1.230447,-1.142485,0.080647,0.821289
1754554880584,0.516608,0.896897,0.665653,1.230610,-1.145309,0.080561,0.854248
1754554880603,0.512347,0.898724,0.665184,1.229909,-1.146447,0.080092,0.821045
1754554880635,0.512094,0.898714,0.666501,1.230508,-1.131025,0.081408,0.826904
1754554880662,0.513723,0.898124,0.665486,1.230207,-1.144352,0.080393,0.841553
1754554880693,0.515363,0.897427,0.665588,1.230439,-1.144816,0.080495,0.834961
1754554880728,0.518133,0.895848,0.670131,1.232915,-1.095236,0.085038,0.831543
1754554880754,0.518326,0.895808,0.669666,1.232715,-1.100785,0.084574,0.821533
1754554880786,0.514617,0.897477,0.668543,1.231765,-1.110012,0.083451,0.818848
1754554880814,0.511472,0.898745,0.669037,1.231648,-1.101180,0.083945,0.838135
1754554880847,0.514620,0.897509,0.668175,1.231590,-1.114260,0.083083,0.854980
1754554880874,0.512377,0.898519,0.667374,1.230957,-1.121244,0.082282,0.842529
1754554880904,0.514565,0.897556,0.667911,1.231458,-1.117243,0.082819,0.856689
1754554880937,0.513774,0.897907,0.667687,1.231262,-1.119035,0.082595,0.833984
1754554880963,0.514043,0.897909,0.666405,1.230681,-1.134080,0.081312,0.838623
1754554880995,0.514137,0.897658,0.668765,1.231817,-1.106978,0.083673,0.854492
1754554881025,0.516213,0.896897,0.667530,1.231461,-1.123285,0.082438,0.848877
1754554881056,0.519190,0.895461,0.669454,1.232711,-1.104088,0.084362,0.836426
1754554881086,0.516130,0.896738,0.669657,1.232465,-1.098686,0.084565,0.829102
1754554881114,0.515553,0.896867,0.670885,1.232985,-1.083964,0.085793,0.839355
1754554881144,0.516344,0.896587,0.670321,1.232805,-1.091254,0.085229,0.839111
1754554881177,0.514093,0.897418,0.671557,1.233142,-1.074761,0.086465,0.844727
1754554881206,0.514535,0.897097,0.672989,1.233873,-1.058703,0.087897,0.822021
1754554881245,0.514319,0.897199,0.672867,1.233791,-1.059891,0.087775,0.848633
1754554881265,0.516078,0.896478,0.672671,1.233894,-1.063910,0.087579,0.827393
1754554881296,0.516754,0.896215,0.672431,1.233856,-1.067354,0.087338,0.841309
1754554881324,0.514919,0.896860,0.673774,1.234289,-1.050040,0.088682,0.824219
1754554881355,0.515648,0.896619,0.673085,1.234043,-1.058712,0.087992,0.827148
1754554881390,0.515397,0.896771,0.672609,1.233789,-1.063940,0.087517,0.828613
1754554881419,0.513995,0.897370,0.672496,1.233578,-1.063841,0.087404,0.835938
1754554881446,0.514393,0.897358,0.670850,1.232839,-1.083206,0.085758,0.841064
1754554881478,0.514907,0.897002,0.672340,1.233606,-1.066548,0.087248,0.841309
1754554881505,0.515552,0.896724,0.672417,1.233715,-1.066306,0.087325,0.858154
1754554881534,0.514276,0.897328,0.671692,1.233227,-1.073390,0.086599,0.843750
1754554881568,0.515592,0.896793,0.671504,1.233284,-1.076868,0.086412,0.853516
1754554881594,0.516644,0.896315,0.671873,1.233578,-1.073667,0.086781,0.844238
1754554881628,0.515217,0.896902,0.672024,1.233490,-1.070509,0.086931,0.853760
1754554881661,0.515785,0.896683,0.671807,1.233450,-1.073571,0.086715,0.848389
1754554881686,0.516743,0.896265,0.671955,1.233628,-1.072822,0.086863,0.840820
1754554881716,0.516944,0.896245,0.671273,1.233326,-1.080887,0.086180,0.840576
1754554881745,0.516240,0.896532,0.671375,1.233296,-1.079003,0.086283,0.859131
1754554881780,0.516999,0.896197,0.671536,1.233457,-1.077910,0.086444,0.846191
1754554881808,0.515916,0.896756,0.670440,1.232814,-1.089449,0.085348,0.834229
1754554881835,0.516453,0.896455,0.671243,1.233257,-1.080736,0.086151,0.844971
1754554881867,0.516970,0.896246,0.671135,1.233263,-1.082505,0.086042,0.851074
1754554881896,0.516131,0.896630,0.670821,1.233020,-1.085275,0.085729,0.842529
1754554881928,0.516669,0.896594,0.668753,1.232095,-1.109641,0.083661,0.831543
1754554881956,0.515609,0.896919,0.670075,1.232606,-1.093356,0.084982,0.841064
1754554881990,0.516115,0.896716,0.669963,1.232609,-1.095146,0.084871,0.833008
1754554882021,0.515355,0.897110,0.669159,1.232141,-1.103652,0.084067,0.835205
1754554882046,0.515591,0.896982,0.669475,1.232318,-1.100251,0.084383,0.852295
1754554882076,0.515661,0.896963,0.669358,1.232270,-1.101667,0.084266,0.843018
1754554882110,0.514896,0.897246,0.669783,1.232387,-1.096007,0.084691,0.835449
1754554882138,0.515919,0.896624,0.671835,1.233479,-1.073382,0.086743,0.835449
1754554882169,0.515075,0.897219,0.669264,1.232160,-1.102162,0.084172,0.819092
1754554882195,0.517805,0.895940,0.670631,1.233117,-1.089139,0.085539,0.837646
1754554882230,0.515029,0.897305,0.668528,1.231804,-1.110595,0.083436,0.838135
1754554882262,0.517534,0.896211,0.668934,1.232278,-1.108432,0.083841,0.845215
1754554882287,0.516270,0.896655,0.669919,1.232605,-1.095817,0.084826,0.833252
1754554882317,0.514904,0.897134,0.670951,1.232944,-1.082553,0.085859,0.816406
1754554882346,0.513833,0.897756,0.669080,1.231933,-1.103043,0.083988,0.847656
1754554882377,0.516273,0.896724,0.669159,1.232244,-1.104569,0.084067,0.827393
1754554882411,0.514379,0.897426,0.670181,1.232519,-1.090905,0.085088,0.843262
1754554882437,0.516991,0.896294,0.670527,1.232976,-1.089529,0.085435,0.824463
1754554882466,0.517466,0.895999,0.671534,1.233508,-1.078401,0.086441,0.849121
1754554882497,0.516610,0.896402,0.671095,1.233204,-1.082603,0.086002,0.824707
1754554882528,0.515854,0.896670,0.671635,1.233376,-1.075625,0.086543,0.845459
1754554882560,0.515741,0.896734,0.671462,1.233281,-1.077500,0.086370,0.846924
1754554882587,0.515251,0.896992,0.670913,1.232965,-1.083334,0.085821,0.860107
1754554882617,0.515790,0.896761,0.670953,1.233044,-1.083414,0.085861,0.839600
1754554882646,0.516545,0.896472,0.670636,1.232978,-1.087821,0.085544,0.860352
1754554882689,0.515885,0.896826,0.669829,1.232520,-1.096459,0.084737,0.860352
1754554882711,0.514280,0.897499,0.669847,1.232348,-1.094654,0.084755,0.857178
1754554882740,0.515379,0.896762,0.672772,1.233864,-1.062048,0.087680,0.854492
1754554882767,0.516315,0.896586,0.670465,1.232871,-1.089563,0.085373,0.836426
1754554882801,0.515456,0.896950,0.670437,1.232761,-1.089034,0.085344,0.834961
1754554882829,0.516182,0.896579,0.671136,1.233176,-1.081695,0.086044,0.843018
1754554882858,0.516506,0.896419,0.671382,1.233329,-1.079185,0.086290,0.849609
1754554882887,0.515793,0.896880,0.669661,1.232429,-1.098309,0.084569,0.838135
1754554882918,0.515420,0.896886,0.671285,1.233161,-1.079224,0.086192,0.836426
1754554882948,0.516124,0.896576,0.671427,1.233307,-1.078284,0.086335,0.850098
1754554882980,0.516619,0.896294,0.672200,1.233731,-1.069876,0.087108,0.837646
1754554883010,0.516141,0.896679,0.670248,1.232748,-1.091895,0.085155,0.845703
1754554883039,0.516851,0.896310,0.670990,1.233181,-1.084051,0.085898,0.848877
1754554883068,0.516279,0.896583,0.670656,1.232958,-1.087328,0.085564,0.855957
1754554883101,0.515977,0.896628,0.671531,1.233340,-1.076947,0.086438,0.851074
1754554883128,0.516093,0.896591,0.671408,1.233295,-1.078474,0.086316,0.837646
1754554883159,0.514484,0.897309,0.670969,1.232906,-1.081925,0.085877,0.844727
1754554883195,0.513584,0.897724,0.670560,1.232610,-1.085737,0.085468,0.836670
1754554883218,0.516523,0.896359,0.671940,1.233596,-1.072779,0.086847,0.851318
1754554883249,0.516746,0.896426,0.670219,1.232802,-1.092832,0.085127,0.843262
1754554883278,0.514931,0.897338,0.668618,1.231836,-1.109462,0.083526,0.843506
1754554883311,0.514654,0.897380,0.669432,1.232193,-1.099806,0.084340,0.850098
1754554883340,0.515764,0.896865,0.669957,1.232567,-1.094864,0.084865,0.840088
1754554883369,0.514653,0.897425,0.668951,1.231963,-1.105350,0.083859,0.833496
1754554883401,0.513820,0.897953,0.666963,1.230922,-1.127426,0.081870,0.842285
1754554883429,0.515844,0.897003,0.668076,1.231680,-1.116622,0.082984,0.828369
1754554883462,0.513885,0.897749,0.668918,1.231862,-1.104962,0.083826,0.834717
1754554883490,0.516053,0.896899,0.668248,1.231785,-1.114852,0.083156,0.839111
1754554883518,0.515495,0.897016,0.669543,1.232340,-1.099373,0.084450,0.835693
1754554883548,0.514102,0.897678,0.668708,1.231786,-1.107593,0.083616,0.836914
1754554883579,0.515560,0.897033,0.669063,1.232118,-1.104965,0.083971,0.826904
1754554883616,0.515597,0.897016,0.669084,1.232132,-1.104763,0.083992,0.835449
1754554883641,0.516096,0.896747,0.669723,1.232493,-1.097900,0.084630,0.824707
1754554883670,0.515746,0.896794,0.670799,1.232966,-1.085153,0.085706,0.843506
1754554883698,0.516966,0.896411,0.669380,1.232427,-1.102716,0.084288,0.825195
1754554883733,0.514992,0.897268,0.669106,1.232075,-1.103904,0.084014,0.835449
1754554883761,0.516102,0.896808,0.669025,1.232161,-1.105943,0.083933,0.847656
1754554883789,0.515078,0.897151,0.669985,1.232504,-1.093858,0.084893,0.847656
1754554883818,0.516215,0.896821,0.668362,1.231858,-1.113703,0.083269,0.837158
1754554883849,0.516269,0.896649,0.669985,1.232637,-1.095047,0.084893,0.848633
1754554883879,0.515567,0.897123,0.668038,1.231630,-1.116789,0.082945,0.827637
1754554883909,0.516144,0.896880,0.668039,1.231696,-1.117354,0.082946,0.822266
1754554883939,0.515096,0.897376,0.667431,1.231288,-1.123305,0.082339,0.858398
1754554883970,0.516553,0.896724,0.667859,1.231656,-1.119827,0.082767,0.819824
1754554883999,0.515496,0.897185,0.667681,1.231453,-1.120822,0.082589,0.831299
1754554884030,0.515108,0.897452,0.666519,1.230855,-1.133825,0.081427,0.843262
1754554884066,0.515411,0.897322,0.666547,1.230902,-1.133812,0.081454,0.833008
1754554884091,0.516362,0.896825,0.667632,1.231526,-1.122253,0.082540,0.823730
1754554884120,0.513880,0.897812,0.668254,1.231545,-1.112605,0.083162,0.834961
1754554884152,0.515946,0.896876,0.669005,1.232134,-1.106023,0.083912,0.821045
1754554884187,0.517448,0.896352,0.667786,1.231721,-1.121572,0.082693,0.822510
1754554884214,0.515634,0.896957,0.669554,1.232361,-1.099379,0.084462,0.835693
1754554884242,0.516682,0.896740,0.667072,1.231295,-1.129030,0.081980,0.854248
1754554884271,0.516505,0.896676,0.668609,1.232008,-1.111136,0.083517,0.812500
1754554884300,0.516600,0.896612,0.668866,1.232141,-1.108281,0.083773,0.833496
1754554884330,0.517548,0.896240,0.668552,1.232097,-1.112845,0.083459,0.844727
1754554884361,0.516162,0.896883,0.667925,1.231643,-1.118684,0.082832,0.816406
1754554884390,0.516944,0.896441,0.669158,1.232318,-1.105260,0.084065,0.825439
1754554884422,0.518524,0.895886,0.667897,1.231895,-1.121361,0.082805,0.816162
1754554884452,0.517149,0.896371,0.668973,1.232253,-1.107597,0.083880,0.810303
1754554884486,0.517910,0.896165,0.667692,1.231728,-1.123111,0.082600,0.822998
1754554884516,0.516442,0.896604,0.669681,1.232512,-1.098724,0.084589,0.814453
1754554884544,0.519101,0.895546,0.668945,1.232459,-1.109865,0.083853,0.809570
1754554884572,0.518997,0.895601,0.668817,1.232386,-1.111240,0.083724,0.818359
1754554884601,0.518393,0.895770,0.669771,1.232773,-1.099643,0.084678,0.824951
1754554884632,0.518233,0.895907,0.669027,1.232401,-1.108057,0.083934,0.812256
1754554884665,0.517665,0.896176,0.668715,1.232189,-1.111077,0.083623,0.822510
1754554884691,0.518569,0.895727,0.669433,1.232632,-1.103714,0.084340,0.817139
1754554884724,0.515419,0.897315,0.666586,1.230922,-1.133369,0.081494,0.837891
1754554884752,0.518449,0.895863,0.668502,1.232175,-1.114314,0.083410,0.801270
1754554884782,0.514974,0.897398,0.667753,1.231428,-1.119479,0.082660,0.816895
1754554884816,0.517969,0.896060,0.668577,1.232157,-1.112973,0.083485,0.829834
1754554884842,0.518766,0.895808,0.667625,1.231792,-1.124743,0.082533,0.814941
1754554884873,0.516753,0.896527,0.669093,1.232266,-1.105812,0.084001,0.821533
1754554884901,0.517198,0.896193,0.670676,1.233070,-1.088020,0.085583,0.831787
1754554884934,0.517803,0.896074,0.669196,1.232433,-1.105673,0.084104,0.821533
1754554884965,0.518964,0.895421,0.670923,1.233385,-1.086941,0.085830,0.811768
1754554884992,0.518476,0.895803,0.669032,1.232430,-1.108244,0.083939,0.822021
1754554885023,0.516939,0.896531,0.668190,1.231857,-1.116401,0.083098,0.833252
1754554885056,0.518595,0.895702,0.669581,1.232705,-1.102033,0.084489,0.818359
1754554885083,0.516662,0.896416,0.670718,1.233030,-1.086993,0.085626,0.827148
1754554885116,0.516918,0.896385,0.669886,1.232662,-1.096840,0.084794,0.829834
1754554885143,0.518203,0.895823,0.670073,1.232895,-1.095968,0.084981,0.817871
1754554885175,0.513224,0.898372,0.665035,1.229936,-1.149042,0.079943,0.839111
1754554885205,0.512614,0.898864,0.662246,1.228536,-1.180568,0.077154,0.855957
1754554885232,0.516171,0.896787,0.668941,1.232129,-1.106980,0.083849,0.824707
1754554885265,0.517922,0.895993,0.669528,1.232604,-1.101974,0.084435,0.825439
1754554885298,0.516325,0.896692,0.669268,1.232302,-1.103371,0.084175,0.819336
1754554885322,0.514284,0.897885,0.665529,1.230291,-1.144411,0.080437,0.838379
1754554885356,0.518734,0.895792,0.667946,1.231942,-1.121009,0.082854,0.809570
1754554885384,0.517253,0.896352,0.668694,1.232132,-1.110908,0.083602,0.826416
1754554885416,0.517020,0.896476,0.668421,1.231976,-1.113822,0.083329,0.838135
1754554885444,0.516583,0.896558,0.669536,1.232458,-1.100539,0.084444,0.823486
1754554885473,0.516396,0.896547,0.670512,1.232902,-1.089110,0.085419,0.810791
1754554885505,0.515970,0.896806,0.669649,1.232444,-1.098617,0.084557,0.813232
1754554885533,0.516732,0.896420,0.670354,1.232864,-1.091265,0.085261,0.842041
1754554885568,0.516633,0.896512,0.669810,1.232595,-1.097427,0.084718,0.829346
1754554885602,0.516510,0.896541,0.670062,1.232701,-1.094403,0.084970,0.810303
1754554885624,0.513385,0.898322,0.664835,1.229858,-1.151513,0.079742,0.838623
1754554885658,0.514932,0.897420,0.667707,1.231402,-1.119961,0.082615,0.839111
1754554885689,0.513946,0.898228,0.663195,1.229139,-1.170966,0.078103,0.856689
1754554885718,0.512769,0.898497,0.665779,1.230240,-1.140013,0.080687,0.834961
1754554885745,0.511154,0.899338,0.663828,1.229127,-1.160888,0.078735,0.837158
1754554885776,0.512860,0.898627,0.663838,1.229324,-1.162468,0.078746,0.834229
1754554885803,0.515175,0.897323,0.667650,1.231402,-1.120859,0.082558,0.838867
1754554885835,0.514587,0.897534,0.668045,1.231524,-1.115721,0.082953,0.843262
1754554885866,0.516037,0.896997,0.667242,1.231304,-1.126423,0.082150,0.850098
1754554885894,0.513652,0.898116,0.665913,1.230403,-1.139355,0.080821,0.857910
1754554885924,0.515255,0.897373,0.666711,1.230963,-1.131766,0.081618,0.840332
1754554885956,0.516286,0.896840,0.667817,1.231606,-1.120048,0.082725,0.842285
1754554885985,0.515613,0.896934,0.669898,1.232522,-1.095397,0.084806,0.836914
1754554886018,0.515493,0.896724,0.672679,1.233833,-1.063231,0.087587,0.845215
1754554886044,0.517449,0.895935,0.672288,1.233866,-1.069690,0.087196,0.850586
1754554886075,0.515921,0.896791,0.670045,1.232626,-1.094014,0.084952,0.869629
1754554886104,0.516698,0.896585,0.668715,1.232080,-1.110111,0.083623,0.851562
1754554886134,0.515506,0.896983,0.669857,1.232491,-1.095758,0.084765,0.853760
1754554886169,0.517098,0.896011,0.673048,1.234188,-1.060579,0.087956,0.866211
1754554886195,0.515990,0.896507,0.672753,1.233924,-1.062870,0.087661,0.869385
1754554886227,0.512535,0.898386,0.668118,1.231329,-1.112827,0.083026,0.859375
1754554886253,0.512565,0.898325,0.668651,1.231587,-1.106717,0.083559,0.863037
1754554886286,0.516552,0.896282,0.672622,1.233924,-1.064944,0.087530,0.876953
1754554886320,0.515984,0.896722,0.670500,1.232850,-1.088833,0.085408,0.868652
1754554886345,0.515156,0.897197,0.669123,1.232102,-1.103867,0.084031,0.864746
1754554886375,0.513178,0.898093,0.668391,1.231531,-1.110327,0.083299,0.860352
1754554886404,0.514581,0.897096,0.672793,1.233785,-1.061002,0.087701,0.861084
1754554886435,0.514502,0.897262,0.671389,1.233108,-1.077104,0.086297,0.864258
1754554886466,0.512239,0.898545,0.667721,1.231107,-1.117112,0.082628,0.875488
1754554886496,0.515834,0.896758,0.670791,1.232972,-1.085332,0.085698,0.860596
1754554886529,0.513061,0.898005,0.669887,1.232231,-1.092975,0.084794,0.855713
1754554886554,0.514930,0.896951,0.672770,1.233813,-1.061617,0.087678,0.861816
1754554886592,0.515490,0.896749,0.672421,1.233709,-1.066207,0.087328,0.852783
1754554886623,0.515111,0.896679,0.674803,1.234800,-1.038377,0.089711,0.861816
1754554886646,0.515174,0.896830,0.672968,1.233935,-1.059582,0.087876,0.850098
1754554886676,0.513656,0.897520,0.672410,1.233499,-1.064493,0.087318,0.850586
1754554886705,0.514158,0.897237,0.673176,1.233920,-1.056166,0.088084,0.833496
1754554886741,0.514558,0.896825,0.675684,1.235157,-1.027675,0.090591,0.852539
1754554886769,0.513155,0.897225,0.677573,1.235899,-1.004494,0.092481,0.840332
1754554886801,0.506895,0.899491,0.680768,1.236718,-0.961423,0.095676,0.821045
1754554886836,0.500544,0.901690,0.684381,1.237726,-0.913442,0.099289,0.803955
1754554886856,0.497654,0.902474,0.687806,1.239030,-0.871079,0.102714,0.834717
1754554886888,0.502061,0.899767,0.695884,1.243343,-0.782406,0.110792,0.838867
1754554886918,0.501775,0.899059,0.702534,1.246451,-0.705492,0.117442,0.841064
1754554886946,0.497711,0.899995,0.707899,1.248531,-0.639611,0.122807,0.841309
1754554886976,0.498136,0.898938,0.714381,1.251626,-0.565340,0.129289,0.838623
1754554887005,0.500128,0.897249,0.720545,1.254738,-0.496307,0.135453,0.846191
1754554887038,0.502475,0.895119,0.728296,1.258624,-0.409341,0.143204,0.872559
1754554887069,0.505442,0.892625,0.736252,1.262663,-0.320628,0.151160,0.879883
1754554887099,0.509914,0.889734,0.742373,1.266001,-0.254567,0.157281,0.869873
1754554887131,0.512036,0.888368,0.745105,1.267502,-0.225205,0.160013,0.865479
1754554887156,0.513265,0.887647,0.746254,1.268169,-0.213200,0.161162,0.851807
1754554887186,0.514621,0.887069,0.746273,1.268325,-0.214342,0.161180,0.857178
1754554887219,0.512590,0.888302,0.744151,1.267119,-0.236754,0.159059,0.850342
1754554887248,0.511918,0.888358,0.745446,1.267647,-0.221162,0.160354,0.850342
1754554887277,0.506908,0.891082,0.741809,1.265411,-0.258061,0.156717,0.832275
1754554887307,0.505241,0.891937,0.740838,1.264777,-0.267587,0.155745,0.825684
1754554887338,0.503307,0.893178,0.738193,1.263335,-0.296124,0.153101,0.827881
1754554887371,0.498259,0.896499,0.730379,1.259137,-0.381115,0.145287,0.815186
1754554887403,0.494169,0.899262,0.723048,1.255258,-0.461503,0.137956,0.802002
1754554887428,0.492032,0.900913,0.717550,1.252444,-0.522726,0.132457,0.773926
1754554887458,0.490035,0.901753,0.717151,1.252038,-0.525317,0.132059,0.808838
1754554887487,0.491375,0.900789,0.720184,1.253609,-0.491712,0.135092,0.764648
1754554887520,0.490087,0.901815,0.716578,1.251775,-0.531972,0.131486,0.794434
1754554887548,0.495217,0.899411,0.719221,1.253579,-0.506647,0.134129,0.772217
1754554887578,0.493799,0.900241,0.717370,1.252554,-0.526559,0.132278,0.827881
1754554887609,0.493767,0.900186,0.717840,1.252771,-0.521119,0.132747,0.789551
1754554887637,0.491979,0.901046,0.716766,1.252071,-0.531703,0.131674,0.772217
1754554887671,0.491578,0.901214,0.716691,1.251991,-0.532169,0.131598,0.823486
1754554887700,0.492429,0.900816,0.717135,1.252293,-0.527904,0.132042,0.782227
1754554887732,0.490145,0.902213,0.713590,1.250376,-0.566465,0.128498,0.770508
1754554887758,0.492289,0.901266,0.714347,1.250968,-0.559883,0.129255,0.814697
1754554887795,0.488894,0.903003,0.711402,1.249209,-0.590425,0.126310,0.803711
1754554887826,0.487567,0.903638,0.710519,1.248648,-0.599270,0.125427,0.792725
1754554887860,0.488345,0.903363,0.710326,1.248642,-0.602273,0.125234,0.772705
1754554887883,0.489923,0.902507,0.712089,1.249646,-0.583536,0.126997,0.778076
1754554887915,0.488622,0.903258,0.710300,1.248661,-0.602854,0.125208,0.772705
1754554887942,0.486262,0.904110,0.710758,1.248617,-0.595219,0.125666,0.779785
1754554887972,0.486955,0.903968,0.709836,1.248259,-0.606533,0.124744,0.804443
1754554888002,0.487201,0.903865,0.709889,1.248311,-0.606169,0.124797,0.784424
1754554888032,0.487284,0.903721,0.710713,1.248708,-0.596752,0.125621,0.785889
1754554888058,0.487665,0.903629,0.710305,1.248558,-0.601836,0.125213,0.794434
1754554888088,0.484020,0.905275,0.708508,1.247310,-0.618906,0.123415,0.793945
1754554888120,0.484488,0.904966,0.709481,1.247820,-0.608156,0.124389,0.782715
1754554888149,0.483695,0.905424,0.708324,1.247188,-0.620691,0.123232,0.781494
1754554888184,0.482356,0.906126,0.706882,1.246360,-0.635977,0.121789,0.778320
1754554888212,0.482570,0.905757,0.709051,1.247407,-0.611190,0.123959,0.792725
1754554888241,0.483073,0.905865,0.706785,1.246393,-0.637811,0.121692,0.760498
1754554888271,0.482465,0.906067,0.707016,1.246436,-0.634536,0.121924,0.754883
1754554888300,0.483326,0.905653,0.707663,1.246835,-0.627947,0.122570,0.766357
1754554888333,0.483737,0.905587,0.706972,1.246555,-0.636316,0.121880,0.770752
1754554888361,0.484289,0.905235,0.708034,1.247116,-0.624632,0.122942,0.757812
1754554888389,0.482356,0.906057,0.707407,1.246608,-0.629922,0.122315,0.782227
1754554888428,0.485014,0.904883,0.708589,1.247458,-0.618962,0.123497,0.783447
1754554888450,0.483687,0.905523,0.707600,1.246846,-0.629025,0.122508,0.760254
1754554888480,0.482793,0.905875,0.707520,1.246709,-0.629064,0.122427,0.761719
1754554888509,0.481422,0.906229,0.708792,1.247158,-0.613034,0.123699,0.765137
1754554888542,0.482233,0.906052,0.707800,1.246779,-0.625277,0.122707,0.761230
1754554888572,0.481405,0.906229,0.708837,1.247178,-0.612490,0.123745,0.772705
1754554888601,0.483636,0.905570,0.707395,1.246743,-0.631339,0.122303,0.757812
1754554888629,0.482839,0.905958,0.706756,1.246354,-0.637912,0.121663,0.754395
1754554888660,0.481935,0.906298,0.706793,1.246272,-0.636584,0.121700,0.734619
1754554888690,0.482925,0.905980,0.706342,1.246168,-0.642768,0.121249,0.716309
1754554888723,0.483700,0.905565,0.707246,1.246680,-0.633120,0.122154,0.740967
1754554888752,0.484800,0.905239,0.706518,1.246458,-0.642607,0.121426,0.747314
1754554888779,0.484350,0.905175,0.708313,1.247254,-0.621483,0.123220,0.762695
1754554888813,0.483960,0.905335,0.708235,1.247175,-0.621984,0.123143,0.761719
1754554888840,0.484099,0.905458,0.706897,1.246559,-0.637543,0.121805,0.772461
1754554888872,0.483927,0.905476,0.707262,1.246712,-0.633171,0.122169,0.751953
1754554888900,0.483594,0.905543,0.707721,1.246892,-0.627541,0.122629,0.737549
1754554888930,0.481776,0.906190,0.708072,1.246858,-0.621678,0.122980,0.744141
1754554888960,0.484996,0.905212,0.706153,1.246307,-0.647010,0.121061,0.726318
1754554888989,0.484342,0.905280,0.707546,1.246892,-0.630303,0.122454,0.736328
1754554889025,0.485291,0.904804,0.708383,1.247391,-0.621610,0.123291,0.746582
1754554889053,0.483997,0.905369,0.707869,1.247006,-0.626240,0.122777,0.746338
1754554889086,0.484180,0.905260,0.708162,1.247165,-0.623047,0.123070,0.758789
1754554889116,0.483066,0.905861,0.706836,1.246417,-0.637211,0.121744,0.730469
1754554889149,0.484067,0.905391,0.707502,1.246841,-0.630539,0.122410,0.745361
1754554889179,0.483562,0.905451,0.708507,1.247259,-0.618449,0.123415,0.768066
1754554889204,0.484179,0.905453,0.706701,1.246475,-0.639884,0.121608,0.761230
1754554889234,0.482517,0.905933,0.707880,1.246849,-0.624631,0.122788,0.731689
1754554889297,0.485059,0.904834,0.708826,1.247574,-0.616281,0.123733,0.767090
1754554889356,0.486423,0.904162,0.709918,1.248239,-0.605061,0.124825,0.765381
1754554889535,0.488299,0.903247,0.711305,1.249098,-0.590946,0.126213,0.763916
1754554889561,0.488795,0.903158,0.710545,1.248795,-0.600201,0.125453,0.764404
1754554889652,0.491541,0.901440,0.715205,1.251289,-0.549257,0.130112,0.775879
1754554889711,0.496169,0.899237,0.717805,1.253018,-0.523924,0.132712,0.786621
1754554889744,0.498981,0.898145,0.717564,1.253214,-0.529512,0.132472,0.780762
1754554889772,0.501618,0.897167,0.716961,1.253220,-0.539101,0.131868,0.780029
1754554889804,0.501266,0.898055,0.711655,1.250690,-0.599879,0.126563,0.784912
1754554889874,0.499556,0.899464,0.706323,1.247991,-0.659617,0.121231,0.738770
1754554889896,0.497943,0.900723,0.701573,1.245574,-0.712739,0.116480,0.741699
1754554889955,0.498143,0.901251,0.696659,1.243276,-0.769555,0.111567,0.747070
1754554889983,0.497126,0.901810,0.695385,1.242560,-0.783228,0.110292,0.742188
1754554890011,0.496187,0.902213,0.695142,1.242341,-0.785086,0.110050,0.756592
1754554890072,0.496010,0.902354,0.694545,1.242039,-0.791788,0.109453,0.735352
1754554890102,0.492272,0.903904,0.693925,1.241332,-0.795188,0.108833,0.685059
1754554890132,0.493509,0.903555,0.692752,1.240914,-0.809942,0.107660,0.704834
1754554890161,0.491814,0.903864,0.695772,1.242156,-0.773454,0.110680,0.702393
1754554890191,0.492997,0.903662,0.693558,1.241239,-0.800150,0.108465,0.712158
1754554890222,0.492361,0.903889,0.693753,1.241260,-0.797268,0.108660,0.726074
1754554890254,0.491883,0.903893,0.695301,1.241940,-0.778951,0.110209,0.721191
1754554890285,0.491371,0.904104,0.695220,1.241845,-0.779369,0.110128,0.708984
1754554890315,0.492312,0.903680,0.695674,1.242164,-0.775077,0.110582,0.713623
1754554890345,0.489891,0.904681,0.695230,1.241686,-0.777775,0.110138,0.711182
1754554890375,0.487786,0.905448,0.695650,1.241653,-0.770825,0.110558,0.671143
1754554890408,0.492193,0.903963,0.693690,1.241212,-0.797824,0.108597,0.694092
1754554890436,0.490469,0.904545,0.694475,1.241393,-0.787056,0.109382,0.691406
1754554890464,0.491327,0.904326,0.693485,1.241019,-0.799318,0.108393,0.683350
1754554890494,0.491106,0.904389,0.693686,1.241090,-0.796777,0.108594,0.729248
1754554890527,0.493531,0.903297,0.694868,1.241918,-0.785581,0.109776,0.702637
1754554890555,0.492222,0.904026,0.693052,1.240913,-0.805203,0.107960,0.734375
1754554890584,0.494262,0.903146,0.693702,1.241447,-0.799756,0.108609,0.712402
1754554890613,0.492498,0.903769,0.694310,1.241540,-0.790977,0.109218,0.711182
1754554890642,0.491417,0.903995,0.695981,1.242210,-0.770651,0.110888,0.704834
1754554890674,0.491707,0.903835,0.696368,1.242426,-0.766479,0.111276,0.709229
1754554890708,0.492381,0.903804,0.694409,1.241573,-0.789724,0.109317,0.699463
1754554890734,0.491501,0.904115,0.694695,1.241611,-0.785551,0.109603,0.699707
1754554890765,0.493067,0.903751,0.692561,1.240774,-0.811709,0.107468,0.694092
1754554890796,0.493693,0.903229,0.694908,1.241955,-0.785290,0.109815,0.723145
1754554890826,0.495759,0.902496,0.694189,1.241843,-0.795635,0.109097,0.737793
1754554890856,0.493762,0.903305,0.694030,1.241547,-0.795467,0.108938,0.729248
1754554890884,0.493056,0.903587,0.693994,1.241452,-0.795179,0.108902,0.737793
1754554890916,0.493111,0.903104,0.697847,1.243280,-0.750838,0.112755,0.748535
1754554890946,0.491242,0.904095,0.695721,1.242068,-0.773469,0.110629,0.720703
1754554890976,0.493333,0.903426,0.694436,1.241691,-0.790370,0.109343,0.763184
1754554891005,0.491945,0.903979,0.694374,1.241508,-0.789696,0.109281,0.704834
1754554891035,0.495640,0.902413,0.695291,1.242352,-0.782814,0.110199,0.771240
1754554891065,0.494473,0.902894,0.695130,1.242146,-0.783505,0.110038,0.772949
1754554891100,0.495412,0.902762,0.693098,1.241288,-0.807867,0.108005,0.742432
1754554891127,0.492032,0.903844,0.695223,1.241920,-0.780002,0.110130,0.712402
1754554891157,0.496045,0.902425,0.693827,1.241704,-0.800091,0.108735,0.794922
1754554891185,0.495882,0.902548,0.693328,1.241449,-0.805686,0.108235,0.749268
1754554891216,0.494248,0.903213,0.693181,1.241199,-0.805746,0.108088,0.749756
1754554891247,0.496165,0.902527,0.692550,1.241113,-0.814925,0.107458,0.781006
1754554891276,0.493975,0.903093,0.695107,1.242080,-0.783279,0.110014,0.746338
1754554891306,0.491630,0.903930,0.695824,1.242160,-0.772666,0.110732,0.730957
1754554891336,0.492930,0.903187,0.697755,1.243217,-0.751721,0.112662,0.736084
1754554891366,0.492131,0.903773,0.695495,1.242059,-0.776965,0.110402,0.724609
1754554891395,0.491537,0.904300,0.693000,1.240813,-0.805122,0.107907,0.708740
1754554891426,0.492351,0.903884,0.693829,1.241296,-0.796376,0.108737,0.745361
1754554891456,0.493732,0.903082,0.696000,1.242476,-0.772743,0.110908,0.750977
1754554891486,0.492982,0.903258,0.696997,1.242864,-0.760504,0.111905,0.762207
1754554891515,0.492392,0.903593,0.696143,1.242395,-0.769751,0.111051,0.736084
1754554891545,0.493522,0.903212,0.695615,1.242270,-0.776969,0.110523,0.750244
1754554891577,0.494075,0.902855,0.696762,1.242874,-0.764307,0.111670,0.744385
1754554891607,0.494798,0.902622,0.696332,1.242751,-0.769978,0.111240,0.756104
1754554891637,0.493373,0.903255,0.695747,1.242316,-0.775299,0.110655,0.744385
1754554891667,0.493253,0.903189,0.696682,1.242745,-0.764408,0.111589,0.753906
1754554891695,0.493551,0.903184,0.695752,1.242338,-0.775415,0.110660,0.737793
1754554891727,0.491796,0.903776,0.696562,1.242527,-0.764334,0.111469,0.745361
1754554891758,0.493202,0.903303,0.695906,1.242372,-0.773295,0.110814,0.729248
1754554891786,0.492905,0.903490,0.695323,1.242064,-0.779714,0.110231,0.742676
1754554891817,0.496548,0.902124,0.694686,1.242166,-0.790697,0.109594,0.757324
1754554891847,0.493769,0.903371,0.693444,1.241270,-0.802233,0.108352,0.733398
1754554891877,0.493648,0.903143,0.695775,1.242360,-0.775253,0.110683,0.749268
1754554891912,0.493812,0.903097,0.695619,1.242304,-0.777218,0.110526,0.746094
1754554891936,0.493747,0.902888,0.697564,1.243217,-0.754741,0.112471,0.760010
1754554891975,0.492611,0.903634,0.695081,1.241917,-0.782209,0.109989,0.737549
1754554892004,0.493623,0.903238,0.695057,1.242018,-0.783495,0.109965,0.743896
1754554892030,0.495122,0.902425,0.696895,1.243052,-0.763822,0.111802,0.767578
1754554892057,0.493014,0.903114,0.698081,1.243380,-0.748048,0.112989,0.759033
1754554892089,0.494906,0.902667,0.695600,1.242416,-0.778531,0.110507,0.782715
1754554892121,0.495012,0.902504,0.696600,1.242901,-0.767112,0.111507,0.770264
1754554892147,0.494904,0.902400,0.697817,1.243464,-0.752972,0.112725,0.762939
1754554892178,0.493938,0.903141,0.694828,1.241944,-0.786454,0.109736,0.762695
1754554892208,0.494396,0.902816,0.696035,1.242565,-0.773009,0.110942,0.758301
1754554892240,0.492291,0.903709,0.695503,1.242081,-0.777023,0.110411,0.739746
1754554892269,0.493443,0.903244,0.695603,1.242256,-0.777033,0.110510,0.774170
1754554892300,0.493178,0.903273,0.696238,1.242527,-0.769447,0.111146,0.761230
1754554892328,0.492585,0.903612,0.695350,1.242041,-0.779082,0.110258,0.774902
1754554892362,0.493401,0.903228,0.695873,1.242379,-0.773871,0.110781,0.747803
1754554892395,0.492155,0.903655,0.696404,1.242492,-0.766507,0.111312,0.762207
1754554892419,0.494212,0.903134,0.693971,1.241569,-0.796598,0.108879,0.760010
1754554892450,0.492359,0.903553,0.696584,1.242600,-0.764636,0.111492,0.751221
1754554892480,0.492084,0.903567,0.697358,1.242936,-0.755442,0.112266,0.774414
1754554892511,0.493138,0.903373,0.695535,1.242190,-0.777510,0.110442,0.771240
1754554892538,0.497046,0.901842,0.695387,1.242553,-0.783116,0.110295,0.796875
1754554892568,0.495572,0.902570,0.694194,1.241825,-0.795395,0.109102,0.773193
1754554892603,0.495001,0.902648,0.695442,1.242352,-0.780436,0.110350,0.773682
1754554892628,0.492377,0.903663,0.695608,1.242140,-0.775904,0.110516,0.768555
1754554892661,0.492464,0.903687,0.695116,1.241917,-0.781657,0.110024,0.765869
1754554892691,0.495200,0.902629,0.694940,1.242137,-0.786426,0.109848,0.778076
1754554892718,0.493238,0.903244,0.696280,1.242554,-0.769017,0.111188,0.766602
1754554892756,0.491800,0.903692,0.697248,1.242852,-0.756434,0.112155,0.755371
1754554892778,0.492508,0.903542,0.696187,1.242429,-0.769357,0.111095,0.766846
1754554892812,0.494075,0.903048,0.695159,1.242116,-0.782773,0.110067,0.773926
1754554892841,0.492143,0.903904,0.694352,1.241520,-0.790139,0.109260,0.764160
1754554892870,0.493687,0.903227,0.694940,1.241969,-0.784916,0.109847,0.777344
1754554892900,0.493956,0.903055,0.695489,1.242259,-0.778851,0.110397,0.777344
1754554892932,0.493464,0.903341,0.694721,1.241841,-0.787211,0.109629,0.777832
1754554892960,0.493623,0.903147,0.695820,1.242378,-0.774712,0.110727,0.783691
1754554892994,0.493760,0.903187,0.695032,1.242021,-0.783921,0.109940,0.784668
1754554893024,0.494909,0.902604,0.696108,1.242657,-0.772671,0.111016,0.786377
1754554893048,0.495014,0.902613,0.695688,1.242470,-0.777625,0.110595,0.797119
1754554893080,0.495298,0.902507,0.695631,1.242474,-0.778565,0.110538,0.791016
1754554893112,0.495377,0.902362,0.696578,1.242931,-0.767733,0.111485,0.786133
1754554893140,0.493863,0.903098,0.695440,1.242225,-0.779323,0.110348,0.781738
1754554893169,0.492169,0.903795,0.695187,1.241918,-0.780547,0.110095,0.786621
1754554893200,0.494328,0.902885,0.695689,1.242394,-0.776926,0.110596,0.771973
1754554893231,0.493113,0.903308,0.696151,1.242479,-0.770379,0.111059,0.778320
1754554893265,0.495631,0.902382,0.695574,1.242484,-0.779549,0.110482,0.790039
1754554893291,0.495026,0.902584,0.695895,1.242569,-0.775249,0.110802,0.783447
1754554893320,0.495839,0.902163,0.696708,1.243043,-0.766697,0.111615,0.783203
1754554893351,0.496424,0.902115,0.695172,1.242382,-0.784977,0.110080,0.801758
1754554893381,0.494224,0.902884,0.696036,1.242547,-0.772822,0.110944,0.788330
1754554893412,0.493620,0.903194,0.695442,1.242199,-0.779056,0.110350,0.794189
1754554893441,0.495035,0.902668,0.695160,1.242223,-0.783720,0.110068,0.791992
1754554893475,0.493193,0.903352,0.695522,1.242190,-0.777706,0.110430,0.764160
1754554893499,0.493989,0.902953,0.696231,1.242613,-0.770334,0.111139,0.786621
1754554893530,0.495175,0.902566,0.695553,1.242424,-0.779340,0.110460,0.799316
1754554893563,0.494491,0.902706,0.696637,1.242861,-0.766165,0.111544,0.789062
1754554893592,0.493908,0.902911,0.696849,1.242897,-0.763136,0.111757,0.782227
1754554893621,0.492787,0.903448,0.696061,1.242400,-0.771099,0.110968,0.767090
1754554893650,0.494544,0.902932,0.694578,1.241893,-0.789944,0.109485,0.798828
1754554893682,0.495971,0.902222,0.695784,1.242621,-0.777471,0.110692,0.776855
1754554893715,0.496725,0.901915,0.695840,1.242731,-0.777573,0.110748,0.792725
1754554893745,0.495811,0.902324,0.695463,1.242452,-0.781005,0.110371,0.777344
1754554893772,0.495090,0.902396,0.697243,1.243214,-0.759775,0.112151,0.794434
1754554893799,0.495767,0.902321,0.695632,1.242527,-0.779017,0.110540,0.804688
1754554893830,0.494609,0.902658,0.696653,1.242881,-0.766100,0.111560,0.777832
1754554893862,0.493320,0.903207,0.696314,1.242579,-0.768709,0.111222,0.760742
1754554893891,0.495225,0.902499,0.695941,1.242613,-0.774910,0.110849,0.781738
1754554893921,0.494207,0.902880,0.696128,1.242588,-0.771748,0.111035,0.775391
1754554893956,0.495338,0.902390,0.696474,1.242878,-0.768883,0.111382,0.778320
1754554893981,0.496571,0.902086,0.694925,1.242281,-0.787970,0.109833,0.818359
1754554894012,0.495326,0.902366,0.696718,1.242992,-0.766060,0.111626,0.774658
1754554894044,0.495987,0.902051,0.697153,1.243270,-0.761712,0.112061,0.790771
1754554894072,0.495254,0.902479,0.696018,1.242652,-0.774060,0.110925,0.790283
1754554894100,0.495388,0.902482,0.695549,1.242446,-0.779593,0.110457,0.767090
1754554894131,0.495991,0.902199,0.695906,1.242681,-0.776087,0.110814,0.791748
1754554894164,0.496768,0.901878,0.696007,1.242815,-0.775700,0.110915,0.786865
1754554894192,0.495762,0.902201,0.696645,1.243005,-0.767341,0.111553,0.794189
1754554894222,0.496543,0.902007,0.695680,1.242635,-0.779234,0.110588,0.804688
1754554894250,0.493732,0.903004,0.696656,1.242786,-0.765188,0.111563,0.771484
1754554894281,0.496180,0.902022,0.696756,1.243104,-0.766478,0.111664,0.776367
1754554894313,0.494722,0.902486,0.697703,1.243390,-0.754111,0.112610,0.774902
1754554894341,0.496910,0.901732,0.696755,1.243184,-0.767217,0.111663,0.793457
1754554894373,0.498027,0.901319,0.696480,1.243178,-0.771510,0.111387,0.798584
1754554894403,0.494785,0.902604,0.696519,1.242837,-0.767820,0.111426,0.780029
1754554894433,0.497092,0.901861,0.695072,1.242409,-0.786791,0.109980,0.820312
1754554894467,0.495106,0.902585,0.695624,1.242450,-0.778449,0.110532,0.779053
1754554894493,0.495531,0.902396,0.695796,1.242578,-0.776897,0.110703,0.806396
1754554894522,0.495745,0.902357,0.695410,1.242419,-0.781553,0.110318,0.763916
1754554894564,0.497786,0.901550,0.695354,1.242619,-0.784236,0.110262,0.794678
1754554894586,0.495915,0.902274,0.695540,1.242499,-0.780230,0.110447,0.798340
1754554894615,0.497663,0.901737,0.694195,1.242057,-0.797475,0.109103,0.811768
1754554894649,0.498281,0.901385,0.695083,1.242545,-0.787859,0.109991,0.804199
1754554894674,0.497816,0.901338,0.697017,1.243408,-0.765105,0.111925,0.777832
1754554894709,0.497818,0.901611,0.694737,1.242331,-0.791381,0.109645,0.820557
1754554894736,0.495427,0.902424,0.695900,1.242616,-0.775584,0.110808,0.768799
1754554894773,0.496266,0.902338,0.693819,1.241724,-0.800413,0.108726,0.818604
1754554894794,0.497349,0.901835,0.694425,1.242131,-0.794512,0.109332,0.790771
1754554894822,0.495930,0.902113,0.696825,1.243109,-0.765429,0.111733,0.765381
1754554894853,0.497873,0.901663,0.694116,1.242043,-0.798589,0.109024,0.837891
1754554894883,0.496410,0.901895,0.697052,1.243269,-0.763293,0.111960,0.785156
1754554894914,0.495496,0.902242,0.697184,1.243230,-0.760869,0.112091,0.774414
1754554894949,0.494351,0.902882,0.695638,1.242373,-0.777532,0.110546,0.773438
1754554894974,0.495117,0.902377,0.697313,1.243250,-0.759000,0.112220,0.781982
1754554895003,0.497330,0.901789,0.694879,1.242344,-0.789258,0.109787,0.819824
1754554895034,0.496793,0.901981,0.695063,1.242371,-0.786604,0.109970,0.805420
1754554895065,0.496112,0.902036,0.696864,1.243147,-0.765165,0.111772,0.760254
1754554895094,0.494476,0.902721,0.696566,1.242825,-0.766968,0.111473,0.766357
1754554895124,0.494098,0.902809,0.697071,1.243023,-0.760762,0.111979,0.766846
1754554895154,0.495131,0.902523,0.696059,1.242658,-0.773467,0.110966,0.786865
1754554895184,0.494906,0.902503,0.696962,1.243060,-0.762835,0.111869,0.777100
1754554895216,0.495350,0.902224,0.697806,1.243509,-0.753547,0.112714,0.777588
1754554895248,0.496492,0.901864,0.697038,1.243272,-0.763543,0.111946,0.798584
1754554895275,0.494590,0.902490,0.698090,1.243559,-0.749518,0.112998,0.782715
1754554895303,0.496498,0.901953,0.696282,1.242915,-0.772260,0.111190,0.791504
1754554895336,0.495853,0.902347,0.695129,1.242298,-0.784906,0.110036,0.782715
1754554895367,0.495968,0.902216,0.695844,1.242649,-0.776778,0.110751,0.784180
1754554895395,0.494763,0.902747,0.695401,1.242306,-0.780670,0.110309,0.789795
1754554895425,0.494360,0.902925,0.695246,1.242188,-0.782063,0.110153,0.783447
1754554895456,0.494996,0.902464,0.696990,1.243083,-0.762600,0.111898,0.771729
1754554895486,0.497038,0.901929,0.694685,1.242219,-0.791199,0.109593,0.802002
1754554895518,0.496211,0.901960,0.697170,1.243303,-0.761741,0.112078,0.790527
1754554895546,0.496767,0.901797,0.696690,1.243138,-0.767823,0.111598,0.775635
1754554895574,0.494966,0.902498,0.696803,1.242992,-0.764726,0.111710,0.775635
1754554895606,0.494912,0.902647,0.695740,1.242483,-0.776921,0.110648,0.767822
1754554895636,0.497786,0.901631,0.694678,1.242299,-0.792025,0.109586,0.837891
1754554895666,0.494990,0.902532,0.696446,1.242826,-0.768861,0.111354,0.760010
1754554895701,0.496185,0.902145,0.695721,1.242615,-0.778412,0.110629,0.797119
1754554895726,0.497088,0.901765,0.695885,1.242793,-0.777420,0.110793,0.796387
1754554895754,0.496238,0.902136,0.695621,1.242574,-0.779613,0.110529,0.795654
1754554895787,0.494967,0.902594,0.696002,1.242613,-0.773959,0.110909,0.764648
1754554895817,0.497250,0.901510,0.697462,1.243556,-0.759410,0.112370,0.800537
1754554895848,0.496695,0.902100,0.694389,1.242041,-0.794272,0.109296,0.792480
1754554895875,0.498793,0.901278,0.694257,1.242211,-0.797893,0.109164,0.840332
1754554895909,0.496195,0.902073,0.696284,1.242882,-0.771935,0.111192,0.792969
1754554895934,0.497018,0.901811,0.695735,1.242714,-0.779079,0.110643,0.799072
1754554895973,0.497033,0.901711,0.696519,1.243086,-0.770061,0.111427,0.799805
1754554895998,0.497143,0.901653,0.696634,1.243153,-0.768845,0.111542,0.782227
1754554896026,0.496957,0.901797,0.696062,1.242862,-0.775256,0.110969,0.791504
1754554896056,0.497046,0.901633,0.697119,1.243371,-0.763164,0.112027,0.766846
1754554896085,0.496898,0.901875,0.695604,1.242639,-0.780470,0.110512,0.790771
1754554896118,0.495549,0.902401,0.695689,1.242530,-0.778147,0.110596,0.766602
1754554896149,0.493695,0.903107,0.695916,1.242432,-0.773675,0.110824,0.788086
1754554896176,0.497303,0.901827,0.694652,1.242233,-0.791843,0.109560,0.784668
1754554896206,0.495659,0.902366,0.695619,1.242509,-0.779055,0.110527,0.774658
1754554896239,0.493565,0.903156,0.695935,1.242427,-0.773320,0.110843,0.761963
1754554896266,0.496061,0.902229,0.695423,1.242461,-0.781716,0.110331,0.776855
1754554896296,0.496932,0.901879,0.695454,1.242572,-0.782231,0.110362,0.788086
1754554896326,0.495172,0.902455,0.696487,1.242865,-0.768568,0.111395,0.759766
1754554896354,0.494074,0.902863,0.696700,1.242845,-0.765015,0.111608,0.759766
1754554896384,0.497312,0.901637,0.696213,1.242972,-0.773870,0.111121,0.777588
1754554896416,0.497013,0.901704,0.696646,1.243144,-0.768577,0.111554,0.778564
1754554896445,0.497211,0.901661,0.696341,1.243022,-0.772291,0.111249,0.754639
1754554896475,0.498345,0.901398,0.694759,1.242399,-0.791655,0.109667,0.810791
1754554896505,0.497144,0.901867,0.694850,1.242309,-0.789411,0.109757,0.773926
1754554896537,0.495611,0.902229,0.696913,1.243115,-0.764101,0.111821,0.789307
1754554896570,0.496714,0.901992,0.695234,1.242443,-0.784549,0.110142,0.785400
1754554896597,0.496295,0.902280,0.694218,1.241916,-0.795844,0.109125,0.786621
1754554896628,0.496211,0.902192,0.695235,1.242388,-0.784034,0.110143,0.767578
1754554896657,0.499617,0.901084,0.693096,1.241754,-0.812085,0.108004,0.795898
1754554896686,0.495756,0.902691,0.692540,1.241062,-0.814638,0.107448,0.780762
1754554896718,0.496287,0.902146,0.695372,1.242461,-0.782535,0.110280,0.794678
1754554896748,0.498225,0.901489,0.694391,1.242212,-0.795771,0.109299,0.815674
1754554896778,0.494883,0.902631,0.695972,1.242590,-0.774220,0.110879,0.765137
1754554896807,0.496764,0.902034,0.694713,1.242202,-0.790609,0.109620,0.813232
1754554896838,0.497195,0.901646,0.696526,1.243107,-0.770146,0.111434,0.806641
1754554896872,0.496936,0.901836,0.695805,1.242738,-0.778190,0.110713,0.821045
1754554896897,0.495448,0.902347,0.696474,1.242890,-0.768994,0.111382,0.779785
1754554896926,0.497109,0.901662,0.696674,1.243168,-0.768358,0.111581,0.785889
1754554896957,0.498526,0.901208,0.695745,1.242886,-0.780473,0.110653,0.816650
1754554896987,0.498747,0.901157,0.695429,1.242761,-0.784333,0.110337,0.847168
1754554897019,0.495537,0.902126,0.698002,1.243622,-0.751477,0.112910,0.852783
1754554897048,0.496342,0.901827,0.697834,1.243631,-0.754216,0.112742,0.851807
1754554897078,0.498555,0.900777,0.699189,1.244516,-0.740822,0.114096,0.821045
1754554897107,0.500057,0.899870,0.701612,1.245826,-0.714397,0.116520,0.826416
1754554897140,0.500932,0.899397,0.702559,1.246369,-0.704364,0.117467,0.846436
1754554897169,0.502857,0.898438,0.703953,1.247239,-0.690229,0.118860,0.865479
1754554897198,0.502795,0.898302,0.705195,1.247818,-0.675849,0.120103,0.838135
1754554897229,0.503085,0.898167,0.705321,1.247909,-0.674686,0.120229,0.838623
1754554897257,0.501882,0.898683,0.705113,1.247678,-0.675885,0.120021,0.826172
1754554897289,0.503469,0.898255,0.703442,1.247066,-0.696723,0.118350,0.843018
1754554897321,0.501866,0.898606,0.705751,1.247977,-0.668517,0.120659,0.838135
1754554897349,0.501512,0.898757,0.705691,1.247910,-0.668853,0.120599,0.859375
1754554897378,0.501182,0.898690,0.707215,1.248591,-0.650962,0.122123,0.839844
1754554897409,0.500702,0.898947,0.706741,1.248315,-0.655945,0.121649,0.858154
1754554897437,0.500118,0.898816,0.709478,1.249539,-0.623820,0.124386,0.830078
1754554897473,0.499854,0.898731,0.710891,1.250175,-0.607275,0.125799,0.849854
1754554897503,0.499321,0.898199,0.716238,1.252629,-0.545129,0.131146,0.830811
1754554897528,0.497812,0.898617,0.717547,1.253078,-0.528538,0.132455,0.832031
1754554897569,0.497995,0.898575,0.717329,1.252995,-0.531232,0.132237,0.826904
1754554897589,0.499355,0.897769,0.719118,1.253984,-0.511976,0.134026,0.835938
1754554897619,0.500386,0.897202,0.720153,1.254583,-0.501077,0.135061,0.823975
1754554897650,0.498926,0.896807,0.726687,1.257483,-0.424328,0.141595,0.799072
1754554897682,0.498036,0.897097,0.727124,1.257590,-0.418404,0.142032,0.805908
1754554897712,0.499478,0.895504,0.733519,1.260737,-0.346152,0.148427,0.790771
1754554897739,0.500090,0.894943,0.735444,1.261702,-0.324593,0.150351,0.788330
1754554897773,0.499699,0.894554,0.738744,1.263198,-0.286165,0.153652,0.781982
1754554897802,0.499699,0.893422,0.745345,1.266271,-0.210103,0.160253,0.787354
1754554897828,0.500364,0.893091,0.745694,1.266505,-0.206746,0.160602,0.794922
1754554897862,0.501481,0.892556,0.746154,1.266841,-0.202563,0.161062,0.804688
1754554897891,0.499080,0.893336,0.747254,1.267091,-0.187490,0.162162,0.815918
1754554897920,0.498847,0.893216,0.748461,1.267627,-0.173345,0.163369,0.820801
1754554897951,0.500016,0.892591,0.749306,1.268146,-0.164781,0.164214,0.811768
1754554897981,0.500446,0.892007,0.751568,1.269243,-0.139143,0.166476,0.814453
1754554898010,0.500300,0.891889,0.752536,1.269676,-0.127843,0.167444,0.796631
1754554898039,0.502255,0.891378,0.750971,1.269162,-0.147835,0.165879,0.812988
1754554898071,0.500019,0.892220,0.751351,1.269096,-0.141217,0.166259,0.818359
1754554898102,0.502462,0.890953,0.752830,1.270047,-0.126617,0.167738,0.809814
1754554898131,0.503536,0.890142,0.754836,1.271093,-0.104581,0.169743,0.806396
1754554898160,0.503661,0.889758,0.756611,1.271929,-0.084256,0.171518,0.799805
1754554898199,0.504179,0.889264,0.758095,1.272673,-0.067670,0.173003,0.805176
1754554898221,0.505177,0.888549,0.759684,1.273516,-0.050355,0.174592,0.808594
1754554898251,0.504927,0.888400,0.760997,1.274096,-0.034982,0.175904,0.798584
1754554898311,0.504802,0.888115,0.762726,1.274882,-0.014928,0.177634,0.806396
1754554898340,0.502246,0.889325,0.761913,1.274230,-0.021738,0.176821,0.841309
1754554898372,0.501170,0.889572,0.762906,1.274572,-0.009228,0.177813,0.811279
1754554898400,0.501119,0.889445,0.763664,1.274918,-0.000432,0.178572,0.833496
1754554898433,0.500097,0.890400,0.760892,1.273525,-0.031354,0.175800,0.838135
1754554898674,0.492980,0.895709,0.747661,1.266618,-0.176699,0.162569,0.792725
1754554898702,0.493081,0.896116,0.745114,1.265444,-0.206154,0.160021,0.786133
1754554898732,0.491235,0.897953,0.738633,1.262224,-0.278990,0.153540,0.801514
1754554898760,0.491347,0.899030,0.731759,1.259027,-0.358304,0.146667,0.803711
1754554898823,0.485506,0.904111,0.712882,1.249534,-0.569983,0.127790,0.876709
1754554899063,0.481434,0.906871,0.703838,1.244822,-0.670131,0.118745,0.898438
1754554899274,0.480296,0.907648,0.701103,1.243404,-0.700507,0.116010,0.817139
1754554899305,0.481076,0.907364,0.701014,1.243448,-0.702312,0.115922,0.810547
1754554899392,0.483115,0.906861,0.698814,1.242633,-0.729701,0.113722,0.825439
1754554899454,0.481493,0.907227,0.700846,1.243415,-0.704668,0.115753,0.822021
1754554899483,0.479041,0.908349,0.699267,1.242398,-0.720401,0.114175,0.814209
1754554899573,0.480730,0.907395,0.701809,1.243786,-0.692798,0.116717,0.817139
1754554899637,0.479511,0.907816,0.702131,1.243804,-0.687873,0.117039,0.813721
1754554899664,0.481679,0.907237,0.700197,1.243129,-0.712323,0.115105,0.818848
1754554899693,0.480179,0.907977,0.698801,1.242303,-0.726910,0.113709,0.806152
1754554899725,0.481490,0.907425,0.699256,1.242663,-0.722979,0.114164,0.830811
1754554899757,0.480609,0.907715,0.699606,1.242731,-0.718065,0.114514,0.819824
1754554899993,0.480485,0.907626,0.700708,1.243239,-0.705242,0.115616,0.866211
1754554900023,0.481130,0.907574,0.699154,1.242575,-0.723791,0.114062,0.867432
1754554900055,0.480930,0.907643,0.699205,1.242577,-0.723006,0.114113,0.828125
1754554900084,0.480091,0.907272,0.704675,1.245070,-0.659136,0.119583,0.844482
1754554900117,0.479482,0.907710,0.703051,1.244236,-0.677238,0.117959,0.852051
1754554900145,0.483562,0.905508,0.708079,1.247058,-0.623381,0.122987,0.795654
1754554900175,0.484867,0.905140,0.707073,1.246727,-0.636279,0.121981,0.780762
1754554900205,0.484413,0.905332,0.706940,1.246614,-0.637368,0.121847,0.739502
1754554900235,0.486260,0.904391,0.708681,1.247638,-0.619148,0.123589,0.754639
1754554900263,0.485789,0.904533,0.708980,1.247727,-0.615236,0.123887,0.756104
1754554900297,0.487012,0.904208,0.707874,1.247340,-0.629196,0.122782,0.789551
1754554900326,0.489914,0.902301,0.713606,1.250359,-0.566047,0.128514,0.821289
1754554900356,0.493903,0.899604,0.721454,1.254482,-0.479603,0.136362,0.843506
1754554900384,0.496271,0.898629,0.721682,1.254848,-0.479350,0.136590,0.837402
1754554900416,0.503356,0.894747,0.728374,1.258757,-0.409324,0.143281,0.862793
1754554900445,0.509268,0.891764,0.731809,1.261008,-0.375653,0.146717,0.871826
1754554900476,0.516027,0.888195,0.736241,1.263814,-0.331337,0.151149,0.904053
1754554900508,0.527165,0.882075,0.743828,1.268558,-0.255049,0.158736,0.881348
1754554900539,0.535837,0.877495,0.747792,1.271343,-0.218046,0.162700,0.902100
1754554900566,0.546239,0.871082,0.756523,1.276513,-0.127846,0.171430,0.885986
1754554900595,0.557570,0.864043,0.764867,1.281591,-0.043021,0.179775,0.887695
1754554900626,0.568558,0.857876,0.768571,1.284488,-0.011336,0.183478,0.875244
1754554900657,0.580262,0.850379,0.775789,1.289068,0.060132,0.190696,0.870117
1754554900686,0.592567,0.842107,0.783743,1.294038,0.139484,0.198651,0.867432
1754554900719,0.602822,0.834677,0.791558,1.298708,0.219281,0.206466,0.863281
1754554900745,0.613762,0.826533,0.799611,1.303548,0.301141,0.214519,0.859131
1754554900778,0.622593,0.819544,0.806860,1.307784,0.375842,0.221768,0.844238
1754554900807,0.630951,0.811681,0.817522,1.313495,0.490339,0.232430,0.858643
1754554900837,0.640711,0.802504,0.828685,1.319561,0.609204,0.243592,0.870117
1754554900867,0.648185,0.796146,0.834229,1.322849,0.665615,0.249136,0.865479
1754554900896,0.654313,0.790212,0.840703,1.326402,0.734088,0.255611,0.826416
1754554900932,0.659727,0.784928,0.846181,1.329427,0.791800,0.261089,0.856689
1754554900960,0.665875,0.778111,0.854448,1.333764,0.880915,0.269356,0.872803
1754554900988,0.669184,0.774428,0.858704,1.336009,0.926645,0.273612,0.865723
1754554901016,0.670676,0.772327,0.861841,1.337559,0.961296,0.276748,0.856689
1754554901046,0.672800,0.770328,0.863396,1.338476,0.977089,0.278303,0.836182
1754554901078,0.669993,0.772924,0.861462,1.337318,0.957620,0.276370,0.836914
1754554901112,0.667696,0.775019,0.859915,1.336386,0.942085,0.274823,0.832520
1754554901137,0.661858,0.780944,0.853998,1.333133,0.879739,0.268905,0.842773
1754554901165,0.654593,0.787985,0.847106,1.329286,0.807593,0.262014,0.835938
1754554901197,0.646602,0.795052,0.841017,1.325712,0.745425,0.255925,0.845215
1754554901227,0.639902,0.799871,0.839053,1.324114,0.729486,0.253961,0.885986
1754554901259,0.631482,0.805363,0.838031,1.322753,0.726136,0.252939,0.856934
1754554901292,0.624056,0.810700,0.835157,1.320669,0.700445,0.250065,0.877441
1754554901316,0.617594,0.815529,0.831726,1.318438,0.667372,0.246634,0.883301
1754554901345,0.611909,0.818904,0.831448,1.317703,0.669845,0.246355,0.888428
1754554901376,0.609639,0.820322,0.831046,1.317279,0.667482,0.245953,0.887207
1754554901408,0.608681,0.820630,0.831858,1.317541,0.677802,0.246766,0.901855
1754554901435,0.609438,0.819355,0.834718,1.318905,0.709998,0.249626,0.914795
1754554901467,0.609710,0.819833,0.832573,1.317972,0.685006,0.247480,0.959229
1754554901498,0.613167,0.817429,0.833990,1.318979,0.697886,0.248898,0.888184
1754554901531,0.617375,0.815173,0.833361,1.319147,0.686422,0.248268,0.880371
1754554901561,0.622748,0.811948,0.833581,1.319823,0.683587,0.248489,0.920654
1754554901589,0.626731,0.810593,0.830154,1.318714,0.640118,0.245062,0.932373
1754554901617,0.631072,0.808743,0.827556,1.318016,0.605839,0.242464,0.844238
1754554901646,0.632418,0.810038,0.820219,1.314866,0.519948,0.235127,0.837158
1754554901681,0.637562,0.807045,0.819715,1.315195,0.508993,0.234622,0.821777
1754554901710,0.640673,0.806177,0.815982,1.313853,0.462873,0.230890,0.834229
1754554901738,0.642120,0.806342,0.812150,1.312285,0.417268,0.227058,0.843506
1754554901767,0.644327,0.805134,0.811547,1.312253,0.408114,0.226455,0.858643
1754554901796,0.644935,0.805276,0.809640,1.311460,0.385528,0.224548,0.849854
1754554901827,0.645332,0.804508,0.811545,1.312361,0.407082,0.226453,0.882568
1754554901859,0.643118,0.806327,0.809933,1.311395,0.390727,0.224841,0.888428
1754554901891,0.640257,0.808394,0.808839,1.310591,0.380982,0.223747,0.914307
1754554901919,0.639148,0.808596,0.810612,1.311270,0.402520,0.225520,0.932373
1754554901947,0.637934,0.809168,0.811250,1.311426,0.411077,0.226157,0.932129
1754554901977,0.636074,0.810638,0.810019,1.310670,0.398754,0.224927,0.929688
1754554902013,0.637603,0.809290,0.811542,1.311522,0.414774,0.226450,0.908447
1754554902038,0.640549,0.805760,0.817744,1.314633,0.483301,0.232652,0.885986
1754554902068,0.639067,0.806623,0.817929,1.314555,0.486910,0.232837,0.864990
1754554902098,0.639960,0.805879,0.818615,1.314960,0.493924,0.233523,0.881836
1754554902128,0.640480,0.804880,0.821001,1.316088,0.520891,0.235908,0.890869
1754554902161,0.642951,0.801941,0.825854,1.318534,0.574349,0.240762,0.891846
1754554902189,0.644330,0.799782,0.830242,1.320649,0.623531,0.245150,0.912598
1754554902218,0.644675,0.798928,0.832367,1.321638,0.647668,0.247274,0.898926
1754554902247,0.642727,0.799990,0.832896,1.321665,0.655713,0.247804,0.868652
1754554902282,0.639904,0.800969,0.835471,1.322513,0.688215,0.250379,0.887695
1754554902310,0.633508,0.805032,0.835062,1.321642,0.689896,0.249970,0.954346
1754554902339,0.626681,0.808642,0.836782,1.321678,0.716536,0.251689,0.905029
1754554902368,0.617942,0.812368,0.841545,1.322873,0.780166,0.256453,0.878662
1754554902402,0.605906,0.818290,0.844867,1.323073,0.830480,0.259775,0.868896
1754554902429,0.588861,0.826764,0.848051,1.322681,0.884207,0.262958,0.834717
1754554902464,0.569756,0.835886,0.851167,1.322049,0.939227,0.266075,0.794678
1754554902490,0.553007,0.840496,0.863219,1.325668,1.094847,0.278127,0.792969
1754554902518,0.528647,0.850141,0.869166,1.325767,1.187735,0.284074,0.733643
1754554902548,0.505737,0.857025,0.879097,1.327807,1.325076,0.294004,0.708008
1754554902586,0.476882,0.866333,0.886599,1.328159,1.440381,0.301507,0.654053
1754554902612,0.452829,0.872506,0.895036,1.329439,1.561649,0.309943,0.707520
1754554902639,0.429588,0.874926,0.911042,1.334181,1.769333,0.325950,0.642090
1754554902667,0.407731,0.876404,0.926051,1.338619,1.964135,0.340959,0.663330
1754554902697,0.383071,0.879211,0.937717,1.341293,2.123218,0.352624,0.566895
1754554902728,0.366554,0.877856,0.952381,1.346114,2.308713,0.367289,0.616455
1754554902759,0.349572,0.876573,0.965863,1.350361,2.481054,0.380771,0.657227
1754554902789,0.335531,0.876788,0.973162,1.352177,2.579192,0.388069,0.628906
1754554902821,0.323328,0.876884,0.979193,1.353620,2.660895,0.394101,0.647705
1754554902850,0.317985,0.873840,0.988608,1.357223,2.774722,0.403515,0.640137
1754554902879,0.312242,0.872202,0.994837,1.359387,2.852244,0.409745,0.629883
1754554902911,0.308977,0.871811,0.997131,1.360070,2.881946,0.412039,0.658203
1754554902940,0.303176,0.873540,0.995870,1.358950,2.873210,0.410777,0.643555
1754554902968,0.301900,0.874111,0.995164,1.358516,2.866354,0.410072,0.656250
1754554903003,0.303030,0.874008,0.994911,1.358516,2.862308,0.409818,0.641602
1754554903032,0.301759,0.873500,0.996555,1.359111,2.882527,0.411463,0.651367
1754554903064,0.298223,0.874844,0.995097,1.358126,2.869257,0.410004,0.669922
1754554903091,0.294757,0.876836,0.992143,1.356492,2.838688,0.407051,0.688721
1754554903119,0.290327,0.878276,0.990740,1.355442,2.826956,0.405648,0.684814
1754554903149,0.288402,0.879147,0.989566,1.354739,2.815353,0.404474,0.681396
1754554903180,0.282000,0.880547,0.988918,1.353827,2.814287,0.403826,0.678955
1754554903210,0.276059,0.880826,0.990497,1.353938,2.838425,0.405405,0.649414
1754554903239,0.263674,0.883069,0.989804,1.352422,2.842817,0.404712,0.673828
1754554903271,0.246103,0.887511,0.985292,1.348719,2.808403,0.400200,0.616699
1754554903300,0.227712,0.891895,0.980237,1.344691,2.768542,0.395145,0.662842
1754554903332,0.202339,0.896783,0.974389,1.339625,2.726521,0.389296,0.612061
1754554903361,0.181433,0.899220,0.972001,1.336526,2.719921,0.386909,0.673828
1754554903393,0.155123,0.901314,0.969677,1.332930,2.719444,0.384584,0.611572
1754554903422,0.127493,0.902681,0.967270,1.329172,2.719343,0.382178,0.572510
1754554903451,0.096544,0.903405,0.964131,1.324767,2.714117,0.379038,0.588867
1754554903482,0.068995,0.900939,0.966769,1.323289,2.772066,0.381677,0.599121
1754554903514,0.043023,0.897831,0.969291,1.321922,2.827102,0.384199,0.592773
1754554903543,0.016878,0.896605,0.965462,1.317688,2.809126,0.380370,0.552002
1754554903575,-0.009083,0.890626,0.971262,1.317819,2.901912,0.386169,0.578613
1754554903606,-0.037607,0.885271,0.972614,1.315712,2.946017,0.387521,0.534790
1754554903633,-0.064723,0.877625,0.977785,1.315477,3.032726,0.392693,0.599854
1754554903664,-0.082169,0.869637,0.986893,1.317945,3.155119,0.401801,0.638184
1754554903691,-0.099520,0.864788,0.988121,1.316870,3.186624,0.403029,0.609619
1754554903723,-0.114063,0.858656,0.993018,1.317720,3.257590,0.407926,0.634766
1754554903753,-0.123963,0.855650,0.993474,1.317002,3.272742,0.408381,0.702148
1754554903793,-0.133008,0.855081,0.988967,1.314119,3.229855,0.403875,0.731689
1754554903814,-0.139763,0.855664,0.983221,1.310884,3.170397,0.398128,0.750977
1754554903843,-0.136980,0.858932,0.977843,1.308703,3.105640,0.392750,0.746338
1754554903871,-0.136426,0.862227,0.970753,1.305530,3.023394,0.385661,0.732178
1754554903902,-0.130844,0.866347,0.965050,1.303456,2.952094,0.379957,0.673584
1754554903933,-0.123325,0.871487,0.958010,1.300954,2.863455,0.372918,0.693604
1754554903966,-0.108513,0.878778,0.950124,1.298754,2.757778,0.365032,0.699707
1754554903993,-0.095937,0.887303,0.936723,1.293816,2.590780,0.351631,0.677979
1754554904021,-0.077535,0.895681,0.926102,1.290706,2.449991,0.341010,0.630859
1754554904052,-0.058887,0.899046,0.927817,1.293289,2.451104,0.342725,0.629883
1754554904082,-0.041934,0.898212,0.938756,1.299926,2.560206,0.353664,0.628174
1754554904114,-0.029521,0.900325,0.939039,1.301250,2.551053,0.353947,0.581055
1754554904144,-0.020417,0.898956,0.946484,1.305515,2.627729,0.361391,0.553955
1754554904173,-0.014775,0.897930,0.951350,1.308267,2.678161,0.366258,0.494751
1754554904444,-0.123791,0.883595,0.927234,1.286790,2.509294,0.342142,0.382324
1754554904566,-0.161616,0.894294,0.862630,1.253001,1.802680,0.277537,0.361084
