baseline_ns,cam5,cam6
10411549553446,10411549553446,10411555438476
10411549553446,10411549553446,10411555438476
10411582011974,10411582491615,10411582011974
10411582011974,10411582491615,10411582011974
10411614453574,10411614453574,10411615248178
10411614453574,10411614453574,10411615248178
10411814613622,10411814613622,10411816710850
10411814613622,10411814613622,10411816710850
10411882318530,10411885534263,10411882318530
10411882318530,10411885534263,10411882318530
10411913924080,10411913924080,10411915753012
10411913924080,10411913924080,10411915753012
10411979851001,10411979851001,10411981123220
10411979851001,10411979851001,10411981123220
10412113302447,10412113302447,10412115047438
10412113302447,10412113302447,10412115047438
10412146624745,10412146624745,10412156566425
10412146624745,10412146624745,10412156566425
10412180358139,10412180358139,10412185205412
10412180358139,10412180358139,10412185205412
10412213042575,10412213042575,10412219339923
10412213042575,10412213042575,10412219339923
10412882426772,10412883958172,10412882426772
10412882426772,10412883958172,10412882426772
10413379499642,10413379499642,10413380900990
10413379499642,10413379499642,10413380900990
10414346259978,10414346259978,10414347552164
10414346259978,10414346259978,10414347552164
10415110111790,10415110111790,10415114653961
10415110111790,10415110111790,10415114653961
10415110111790,10415110111790,10415114653961
10415110111790,10415110111790,10415114653961
10415209472749,10415209472749,10415212828650
10415209472749,10415209472749,10415212828650
10415277144387,10415277144387,10415282781198
10415277144387,10415277144387,10415282781198
10415309198374,10415309198374,10415312494488
10415309198374,10415309198374,10415312494488
10415378405024,10415378405024,10415381961508
10415378405024,10415378405024,10415381961508
10415409439941,10415409439941,10415412641757
10415409439941,10415409439941,10415412641757
10415476980639,10415476980639,10415479346323
10415476980639,10415476980639,10415479346323
10415775655292,10415775655292,10415780890962
10415775655292,10415775655292,10415780890962
10415775655292,10415775655292,10415780890962
10415775655292,10415775655292,10415780890962
10415842508362,10415842508362,10415847231587
10415842508362,10415842508362,10415847231587
10415842508362,10415842508362,10415847231587
10415842508362,10415842508362,10415847231587
10415879708086,10415879708086,10415881838577
10415879708086,10415879708086,10415881838577
10415975825077,10415975825077,10415982771244
10415975825077,10415975825077,10415982771244
10416310159319,10416310159319,10416315312085
10416310159319,10416310159319,10416315312085
10416375562256,10416375562256,10416380449197
10416375562256,10416375562256,10416380449197
10416577989065,10416577989065,10416582908575
10416577989065,10416577989065,10416582908575
10416609055366,10416609055366,10416613699358
10416609055366,10416609055366,10416613699358
10416642260131,10416642260131,10416646876625
10416642260131,10416642260131,10416646876625
10416675587230,10416675587230,10416680235344
10416675587230,10416675587230,10416680235344
10416708738744,10416708738744,10416712940360
10416708738744,10416708738744,10416712940360
10416708738744,10416708738744,10416712940360,10416714608933
10416708738744,10416708738744,10416712940360,10416714608933
10416708738744,10416708738744,10416712940360,10416714608933
10416712940360,10416712940360,10416714608933
10416712940360,10416712940360,10416714608933
10416742700291,10416742700291,10416747522825
10416742700291,10416742700291,10416747522825
10416742700291,10416742700291,10416745909343,10416747522825
10416742700291,10416742700291,10416745909343,10416747522825
10416742700291,10416742700291,10416745909343,10416747522825
10416745909343,10416745909343,10416747522825
10416745909343,10416745909343,10416747522825
10416775471937,10416775471937,10416780677197
10416775471937,10416775471937,10416780677197
10416808558804,10416808558804,10416817834703
10416808558804,10416808558804,10416817834703
10416842003538,10416842003538,10416846008482
10416842003538,10416842003538,10416846008482
10416943424876,10416943424876,10416945700263
10416943424876,10416943424876,10416945700263
10416975391914,10416975391914,10416979905143
10416975391914,10416975391914,10416979905143
10416975391914,10416975391914,10416979905143,10416979929107
10416975391914,10416975391914,10416979905143,10416979929107
10416975391914,10416975391914,10416979905143,10416979929107
10416979905143,10416979905143,10416979929107
10416979905143,10416979905143,10416979929107
10416979905143,10416979905143,10416979929107
10416979905143,10416979905143,10416979929107
10417046038729,10417046038729,10417052858103
10417046038729,10417046038729,10417052858103
10417075103714,10417075103714,10417079751480
10417075103714,10417075103714,10417079751480
10417108473149,10417108473149,10417118387054
10417108473149,10417108473149,10417118387054
10417141861935,10417141861935,10417145804676
10417141861935,10417141861935,10417145804676
10417175153548,10417175153548,10417179695323
10417175153548,10417175153548,10417179695323
10417175153548,10417175153548,10417179695323,10417185847341
10417175153548,10417175153548,10417179695323,10417185847341
10417175153548,10417175153548,10417179695323,10417185847341
10417179695323,10417179695323,10417185847341
10417179695323,10417179695323,10417185847341
10417208559953,10417208559953,10417217025372
10417208559953,10417208559953,10417217025372
10417242072058,10417242072058,10417245925096
10417242072058,10417242072058,10417245925096
10417275110890,10417275110890,10417279320682
10417275110890,10417275110890,10417279320682
10417308559329,10417308559329,10417313093968
10417308559329,10417308559329,10417313093968
10417341888324,10417341888324,10417345833109
10417341888324,10417341888324,10417345833109
10417375088340,10417375088340,10417381009950
10417375088340,10417375088340,10417381009950
10417408347869,10417408347869,10417412268536
10417408347869,10417408347869,10417412268536
10417441670005,10417441670005,10417446685590
10417441670005,10417441670005,10417446685590
10417441670005,10417441670005,10417446685590,10417450011779
10417441670005,10417441670005,10417446685590,10417450011779
10417441670005,10417441670005,10417446685590,10417450011779
10417446685590,10417446685590,10417450011779
10417446685590,10417446685590,10417450011779
10417475824470,10417475824470,10417478965769
10417475824470,10417475824470,10417478965769
10417475824470,10417475824470,10417478965769,10417481510366
10417475824470,10417475824470,10417478965769,10417481510366
10417475824470,10417475824470,10417478965769,10417481510366
10417478965769,10417478965769,10417481510366
10417478965769,10417478965769,10417481510366
10417508688243,10417508688243,10417513839050
10417508688243,10417508688243,10417513839050
10417542772630,10417542772630,10417545833442
10417542772630,10417542772630,10417545833442
10417542772630,10417542772630,10417545833442,10417547753338
10417542772630,10417542772630,10417545833442,10417547753338
10417542772630,10417542772630,10417545833442,10417547753338
10417545833442,10417545833442,10417547753338
10417545833442,10417545833442,10417547753338
10417575998012,10417575998012,10417582938460
10417575998012,10417575998012,10417582938460
10417575998012,10417575998012,10417579378117,10417582938460
10417575998012,10417575998012,10417579378117,10417582938460
10417575998012,10417575998012,10417579378117,10417582938460
10417579378117,10417579378117,10417582938460
10417579378117,10417579378117,10417582938460
10417609418835,10417609418835,10417615005352
10417609418835,10417609418835,10417615005352
10417609418835,10417609418835,10417613157016,10417615005352
10417609418835,10417609418835,10417613157016,10417615005352
10417609418835,10417609418835,10417613157016,10417615005352
10417613157016,10417613157016,10417615005352
10417613157016,10417613157016,10417615005352
10417642594345,10417642594345,10417646243365
10417642594345,10417642594345,10417646243365
10417642594345,10417642594345,10417646243365,10417648076977
10417642594345,10417642594345,10417646243365,10417648076977
10417642594345,10417642594345,10417646243365,10417648076977
10417646243365,10417646243365,10417648076977
10417646243365,10417646243365,10417648076977
10417675351273,10417675351273,10417679651909
10417675351273,10417675351273,10417679651909
10417675351273,10417675351273,10417679651909,10417679759798
10417675351273,10417675351273,10417679651909,10417679759798
10417675351273,10417675351273,10417679651909,10417679759798
10417679651909,10417679651909,10417679759798
10417679651909,10417679651909,10417679759798
10417709046350,10417709046350,10417713744389
10417709046350,10417709046350,10417713744389
10417709046350,10417709046350,10417713744389,10417712343170
10417709046350,10417709046350,10417713744389,10417712343170
10417709046350,10417709046350,10417713744389,10417712343170
10417712343170,10417713744389,10417712343170
10417712343170,10417713744389,10417712343170
10417741686461,10417741686461,10417746749751
10417741686461,10417741686461,10417746749751
10417741686461,10417741686461,10417746749751,10417746951389
10417741686461,10417741686461,10417746749751,10417746951389
10417741686461,10417741686461,10417746749751,10417746951389
10417746749751,10417746749751,10417746951389
10417746749751,10417746749751,10417746951389
10417774902852,10417774902852,10417778969434
10417774902852,10417774902852,10417778969434
10417774902852,10417774902852,10417778969434,10417780524792
10417774902852,10417774902852,10417778969434,10417780524792
10417774902852,10417774902852,10417778969434,10417780524792
10417778969434,10417778969434,10417780524792
10417778969434,10417778969434,10417780524792
10417809147762,10417809147762,10417812365115
10417809147762,10417809147762,10417812365115
10417809147762,10417809147762,10417812365115,10417816993915
10417809147762,10417809147762,10417812365115,10417816993915
10417809147762,10417809147762,10417812365115,10417816993915
10417812365115,10417812365115,10417816993915
10417812365115,10417812365115,10417816993915
10417841761990,10417841761990,10417846629022
10417841761990,10417841761990,10417846629022
10417841761990,10417841761990,10417846629022,10417848728785
10417841761990,10417841761990,10417846629022,10417848728785
10417841761990,10417841761990,10417846629022,10417848728785
10417846629022,10417846629022,10417848728785
10417846629022,10417846629022,10417848728785
10417875041723,10417875041723,10417879120753
10417875041723,10417875041723,10417879120753
10417875041723,10417875041723,10417879120753,10417880521558
10417875041723,10417875041723,10417879120753,10417880521558
10417875041723,10417875041723,10417879120753,10417880521558
10417875041723,10417875041723,10417880521558
10417875041723,10417875041723,10417880521558
10417910437388,10417910437388,10417915116620
10417910437388,10417910437388,10417915116620
10417910437388,10417910437388,10417915116620,10417915664560
10417910437388,10417910437388,10417915116620,10417915664560
10417910437388,10417910437388,10417915116620,10417915664560
10417915116620,10417915116620,10417915664560
10417915116620,10417915116620,10417915664560
10417941770169,10417941770169,10417945478150
10417941770169,10417941770169,10417945478150
10417941770169,10417941770169,10417945478150,10417947243256
10417941770169,10417941770169,10417945478150,10417947243256
10417941770169,10417941770169,10417945478150,10417947243256
10417945478150,10417945478150,10417947243256
10417945478150,10417945478150,10417947243256
10417975650205,10417975650205,10417980423019
10417975650205,10417975650205,10417980423019
10417975650205,10417975650205,10417978942752,10417980423019
10417975650205,10417975650205,10417978942752,10417980423019
10417975650205,10417975650205,10417978942752,10417980423019
10417978942752,10417978942752,10417980423019
10417978942752,10417978942752,10417980423019
10418009531164,10418009531164,10418012280576
10418009531164,10418009531164,10418012280576
10418009531164,10418009531164,10418012280576,10418013873073
10418009531164,10418009531164,10418012280576,10418013873073
10418009531164,10418009531164,10418012280576,10418013873073
10418012280576,10418012280576,10418013873073
10418012280576,10418012280576,10418013873073
10418041794672,10418041794672,10418046858207
10418041794672,10418041794672,10418046858207
10418041794672,10418041794672,10418045600487,10418046858207
10418041794672,10418041794672,10418045600487,10418046858207
10418041794672,10418041794672,10418045600487,10418046858207
10418045600487,10418045600487,10418046858207
10418045600487,10418045600487,10418046858207
10418074832390,10418074832390,10418079240024
10418074832390,10418074832390,10418079240024
10418074832390,10418074832390,10418080309527,10418079240024
10418074832390,10418074832390,10418080309527,10418079240024
10418074832390,10418074832390,10418080309527,10418079240024
10418079240024,10418080309527,10418079240024
10418079240024,10418080309527,10418079240024
10418108188007,10418108188007,10418112356926
10418108188007,10418108188007,10418112356926
10418108188007,10418108188007,10418112356926,10418114162925
10418108188007,10418108188007,10418112356926,10418114162925
10418108188007,10418108188007,10418112356926,10418114162925
10418112356926,10418112356926,10418114162925
10418112356926,10418112356926,10418114162925
10418141545100,10418141545100,10418145701363
10418141545100,10418141545100,10418145701363
10418141545100,10418141545100,10418145701363,10418146885812
10418141545100,10418141545100,10418145701363,10418146885812
10418141545100,10418141545100,10418145701363,10418146885812
10418145701363,10418145701363,10418146885812
10418145701363,10418145701363,10418146885812
10418175120130,10418175120130,10418178817772
10418175120130,10418175120130,10418178817772
10418175120130,10418175120130,10418178817772,10418188127757
10418175120130,10418175120130,10418178817772,10418188127757
10418175120130,10418175120130,10418178817772,10418188127757
10418178817772,10418178817772,10418188127757
10418178817772,10418178817772,10418188127757
10418208257864,10418208257864,10418213474739
10418208257864,10418208257864,10418213474739
10418208257864,10418208257864,10418213538289,10418213474739
10418208257864,10418208257864,10418213538289,10418213474739
10418208257864,10418208257864,10418213538289,10418213474739
10418213474739,10418213538289,10418213474739
10418213474739,10418213538289,10418213474739
10418241654676,10418241654676,10418245773592
10418241654676,10418241654676,10418245773592
10418241654676,10418241654676,10418245773592,10418250985760
10418241654676,10418241654676,10418245773592,10418250985760
10418241654676,10418241654676,10418245773592,10418250985760
10418245773592,10418245773592,10418250985760
10418245773592,10418245773592,10418250985760
10418274991412,10418274991412,10418282373287
10418274991412,10418274991412,10418282373287
10418274991412,10418274991412,10418279339056,10418282373287
10418274991412,10418274991412,10418279339056,10418282373287
10418274991412,10418274991412,10418279339056,10418282373287
10418279339056,10418279339056,10418282373287
10418279339056,10418279339056,10418282373287
10418308214279,10418308214279,10418312323169
10418308214279,10418308214279,10418312323169
10418308214279,10418308214279,10418312323169,10418313978434
10418308214279,10418308214279,10418312323169,10418313978434
10418308214279,10418308214279,10418312323169,10418313978434
10418312323169,10418312323169,10418313978434
10418312323169,10418312323169,10418313978434
10418341623406,10418341623406,10418346448430
10418341623406,10418341623406,10418346448430
10418341623406,10418341623406,10418346448430,10418346603821
10418341623406,10418341623406,10418346448430,10418346603821
10418341623406,10418341623406,10418346448430,10418346603821
10418341623406,10418341623406,10418346448430
10418341623406,10418341623406,10418346448430
10418377503422,10418377503422,10418380579046
10418377503422,10418377503422,10418380579046
10418377503422,10418377503422,10418379353844,10418380579046
10418377503422,10418377503422,10418379353844,10418380579046
10418377503422,10418377503422,10418379353844,10418380579046
10418379353844,10418379353844,10418380579046
10418379353844,10418379353844,10418380579046
10418408355216,10418408355216,10418413521569
10418408355216,10418408355216,10418413521569
10418408355216,10418408355216,10418413291068,10418413521569
10418408355216,10418408355216,10418413291068,10418413521569
10418408355216,10418408355216,10418413291068,10418413521569
10418413291068,10418413291068,10418413521569
10418413291068,10418413291068,10418413521569
10418441477063,10418441477063,10418445523909
10418441477063,10418441477063,10418445523909
10418441477063,10418441477063,10418445523909,10418446997800
10418441477063,10418441477063,10418445523909,10418446997800
10418441477063,10418441477063,10418445523909,10418446997800
10418445523909,10418445523909,10418446997800
10418445523909,10418445523909,10418446997800
10418474812527,10418474812527,10418480606356
10418474812527,10418474812527,10418480606356
10418474812527,10418474812527,10418480606356,10418480879613
10418474812527,10418474812527,10418480606356,10418480879613
10418474812527,10418474812527,10418480606356,10418480879613
10418480606356,10418480606356,10418480879613
10418480606356,10418480606356,10418480879613
10418508105646,10418508105646,10418514728325
10418508105646,10418508105646,10418514728325
10418508105646,10418508105646,10418514728325,10418517321588
10418508105646,10418508105646,10418514728325,10418517321588
10418508105646,10418508105646,10418514728325,10418517321588
10418514728325,10418514728325,10418517321588
10418514728325,10418514728325,10418517321588
10418541442844,10418541442844,10418547359333
10418541442844,10418541442844,10418547359333
10418541442844,10418541442844,10418545932085,10418547359333
10418541442844,10418541442844,10418545932085,10418547359333
10418541442844,10418541442844,10418545932085,10418547359333
10418541442844,10418541442844,10418547359333
10418541442844,10418541442844,10418547359333
10418575461311,10418575461311,10418581053338
10418575461311,10418575461311,10418581053338
10418575461311,10418575461311,10418581053338,10418580893658
10418575461311,10418575461311,10418581053338,10418580893658
10418575461311,10418575461311,10418581053338,10418580893658
10418580893658,10418581053338,10418580893658
10418580893658,10418581053338,10418580893658
10418608172152,10418608172152,10418616934444
10418608172152,10418608172152,10418616934444
10418608172152,10418608172152,10418616018935,10418616934444
10418608172152,10418608172152,10418616018935,10418616934444
10418608172152,10418608172152,10418616018935,10418616934444
10418616018935,10418616018935,10418616934444
10418616018935,10418616018935,10418616934444
10418641610050,10418641610050,10418646576004
10418641610050,10418641610050,10418646576004
10418641610050,10418641610050,10418646523506,10418646576004
10418641610050,10418641610050,10418646523506,10418646576004
10418641610050,10418641610050,10418646523506,10418646576004
10418646523506,10418646523506,10418646576004
10418646523506,10418646523506,10418646576004
10418674912205,10418674912205,10418680706296
10418674912205,10418674912205,10418680706296
10418674912205,10418674912205,10418679238061,10418680706296
10418674912205,10418674912205,10418679238061,10418680706296
10418674912205,10418674912205,10418679238061,10418680706296
10418679238061,10418679238061,10418680706296
10418679238061,10418679238061,10418680706296
10418708154922,10418708154922,10418712831578
10418708154922,10418708154922,10418712831578
10418708154922,10418708154922,10418712831578,10418712881811
10418708154922,10418708154922,10418712831578,10418712881811
10418708154922,10418708154922,10418712831578,10418712881811
10418708154922,10418708154922,10418712831578
10418708154922,10418708154922,10418712831578
10418745977090,10418745977090,10418748115442
10418745977090,10418745977090,10418748115442
10418745977090,10418746412919,10418745977090,10418748115442
10418745977090,10418746412919,10418745977090,10418748115442
10418745977090,10418746412919,10418745977090,10418748115442
10418745977090,10418745977090,10418748115442
10418745977090,10418745977090,10418748115442
10418774671898,10418774671898,10418780163149
10418774671898,10418774671898,10418780163149
10418774671898,10418774671898,10418780163149,10418780200931
10418774671898,10418774671898,10418780163149,10418780200931
10418774671898,10418774671898,10418780163149,10418780200931
10418780163149,10418780163149,10418780200931
10418780163149,10418780163149,10418780200931
10418807920271,10418807920271,10418813251068
10418807920271,10418807920271,10418813251068
10418807920271,10418807920271,10418813340500,10418813251068
10418807920271,10418807920271,10418813340500,10418813251068
10418807920271,10418807920271,10418813340500,10418813251068
10418813251068,10418813340500,10418813251068
10418813251068,10418813340500,10418813251068
10418841383905,10418841383905,10418846507463
10418841383905,10418841383905,10418846507463
10418841383905,10418841383905,10418846507463,10418846515472
10418841383905,10418841383905,10418846507463,10418846515472
10418841383905,10418841383905,10418846507463,10418846515472
10418846507463,10418846507463,10418846515472
10418846507463,10418846507463,10418846515472
10418876087074,10418876087074,10418879455312
10418876087074,10418876087074,10418879455312
10418876087074,10418876087074,10418879455312,10418881256114
10418876087074,10418876087074,10418879455312,10418881256114
10418876087074,10418876087074,10418879455312,10418881256114
10418879455312,10418879455312,10418881256114
10418879455312,10418879455312,10418881256114
10418908039923,10418908039923,10418915274206
10418908039923,10418908039923,10418915274206
10418908039923,10418908039923,10418915337419,10418915274206
10418908039923,10418908039923,10418915337419,10418915274206
10418908039923,10418908039923,10418915337419,10418915274206
10418908039923,10418908039923,10418915274206
10418908039923,10418908039923,10418915274206
10418941646835,10418941646835,10418946967365
10418941646835,10418941646835,10418946967365
10418941646835,10418941646835,10418946967365,10418949360583
10418941646835,10418941646835,10418946967365,10418949360583
10418941646835,10418941646835,10418946967365,10418949360583
10418946967365,10418946967365,10418949360583
10418946967365,10418946967365,10418949360583
10418975412099,10418975412099,10418978930537
10418975412099,10418975412099,10418978930537
10418975412099,10418975412099,10418978930537,10418980585491
10418975412099,10418975412099,10418978930537,10418980585491
10418975412099,10418975412099,10418978930537,10418980585491
10418978930537,10418978930537,10418980585491
10418978930537,10418978930537,10418980585491
10419008030371,10419008030371,10419013145084
10419008030371,10419008030371,10419013145084
10419008030371,10419008030371,10419013145084,10419013502463
10419008030371,10419008030371,10419013145084,10419013502463
10419008030371,10419008030371,10419013145084,10419013502463
10419013145084,10419013145084,10419013502463
10419013145084,10419013145084,10419013502463
10419041254688,10419041254688,10419045468038
10419041254688,10419041254688,10419045468038
10419041254688,10419041254688,10419045468038,10419045739079
10419041254688,10419041254688,10419045468038,10419045739079
10419041254688,10419041254688,10419045468038,10419045739079
10419045468038,10419045468038,10419045739079
10419045468038,10419045468038,10419045739079
10419074610530,10419074610530,10419080668742
10419074610530,10419074610530,10419080668742
10419074610530,10419074610530,10419080668742,10419080784499
10419074610530,10419074610530,10419080668742,10419080784499
10419074610530,10419074610530,10419080668742,10419080784499
10419080668742,10419080668742,10419080784499
10419080668742,10419080668742,10419080784499
10419107923179,10419107923179,10419114141589
10419107923179,10419107923179,10419114141589
10419107923179,10419107923179,10419114141589,10419114805135
10419107923179,10419107923179,10419114141589,10419114805135
10419107923179,10419107923179,10419114141589,10419114805135
10419114141589,10419114141589,10419114805135
10419114141589,10419114141589,10419114805135
10419143028941,10419143028941,10419145752878
10419143028941,10419143028941,10419145752878
10419143028941,10419143028941,10419145752878,10419147019607
10419143028941,10419143028941,10419145752878,10419147019607
10419143028941,10419143028941,10419145752878,10419147019607
10419145752878,10419145752878,10419147019607
10419145752878,10419145752878,10419147019607
10419174601532,10419174601532,10419179907761
10419174601532,10419174601532,10419179907761
10419174601532,10419174601532,10419186451706,10419179907761
10419174601532,10419174601532,10419186451706,10419179907761
10419174601532,10419174601532,10419186451706,10419179907761
10419179907761,10419186451706,10419179907761
10419179907761,10419186451706,10419179907761
10419207965699,10419207965699,10419212288747
10419207965699,10419207965699,10419212288747
10419207965699,10419207965699,10419212288747,10419214077763
10419207965699,10419207965699,10419212288747,10419214077763
10419207965699,10419207965699,10419212288747,10419214077763
10419212288747,10419212288747,10419214077763
10419212288747,10419212288747,10419214077763
10419241270859,10419241270859,10419246294414
10419241270859,10419241270859,10419246294414
10419241270859,10419241270859,10419246294414,10419248573646
10419241270859,10419241270859,10419246294414,10419248573646
10419241270859,10419241270859,10419246294414,10419248573646
10419246294414,10419246294414,10419248573646
10419246294414,10419246294414,10419248573646
10419276178745,10419276178745,10419279686674
10419276178745,10419276178745,10419279686674
10419276178745,10419276178745,10419279686674,10419281398385
10419276178745,10419276178745,10419279686674,10419281398385
10419276178745,10419276178745,10419279686674,10419281398385
10419279686674,10419279686674,10419281398385
10419279686674,10419279686674,10419281398385
10419307788298,10419307788298,10419312030833
10419307788298,10419307788298,10419312030833
10419307788298,10419307788298,10419312030833,10419313267612
10419307788298,10419307788298,10419312030833,10419313267612
10419307788298,10419307788298,10419312030833,10419313267612
10419312030833,10419312030833,10419313267612
10419312030833,10419312030833,10419313267612
10419341736305,10419341736305,10419346686057
10419341736305,10419341736305,10419346686057
10419341736305,10419341736305,10419346657199,10419346686057
10419341736305,10419341736305,10419346657199,10419346686057
10419341736305,10419341736305,10419346657199,10419346686057
10419346657199,10419346657199,10419346686057
10419346657199,10419346657199,10419346686057
10419374580727,10419374580727,10419380952990
10419374580727,10419374580727,10419380952990
10419374580727,10419374580727,10419379070680,10419380952990
10419374580727,10419374580727,10419379070680,10419380952990
10419374580727,10419374580727,10419379070680,10419380952990
10419379070680,10419379070680,10419380952990
10419379070680,10419379070680,10419380952990
10419407776833,10419407776833,10419412209455
10419407776833,10419407776833,10419412209455
10419407776833,10419407776833,10419412209455,10419413607625
10419407776833,10419407776833,10419412209455,10419413607625
10419407776833,10419407776833,10419412209455,10419413607625
10419412209455,10419412209455,10419413607625
10419412209455,10419412209455,10419413607625
10419441006841,10419441006841,10419447163537
10419441006841,10419441006841,10419447163537
10419441006841,10419441006841,10419447163537,10419447239388
10419441006841,10419441006841,10419447163537,10419447239388
10419441006841,10419441006841,10419447163537,10419447239388
10419447163537,10419447163537,10419447239388
10419447163537,10419447163537,10419447239388
10419475107930,10419475107930,10419480669564
10419475107930,10419475107930,10419480669564
10419475107930,10419475107930,10419480590275,10419480669564
10419475107930,10419475107930,10419480590275,10419480669564
10419475107930,10419475107930,10419480590275,10419480669564
10419480590275,10419480590275,10419480669564
10419480590275,10419480590275,10419480669564
10419507946343,10419507946343,10419514308540
10419507946343,10419507946343,10419514308540
10419507946343,10419507946343,10419514039341,10419514308540
10419507946343,10419507946343,10419514039341,10419514308540
10419507946343,10419507946343,10419514039341,10419514308540
10419514039341,10419514039341,10419514308540
10419514039341,10419514039341,10419514308540
10419541339441,10419541339441,10419547199449
10419541339441,10419541339441,10419547199449
10419541339441,10419541339441,10419546794230,10419547199449
10419541339441,10419541339441,10419546794230,10419547199449
10419541339441,10419541339441,10419546794230,10419547199449
10419546794230,10419546794230,10419547199449
10419546794230,10419546794230,10419547199449
10419574550142,10419574550142,10419579874310
10419574550142,10419574550142,10419579874310
10419574550142,10419574550142,10419578630511,10419579874310
10419574550142,10419574550142,10419578630511,10419579874310
10419574550142,10419574550142,10419578630511,10419579874310
10419578630511,10419578630511,10419579874310
10419578630511,10419578630511,10419579874310
10419607749001,10419607749001,10419612961624
10419607749001,10419607749001,10419612961624
10419607749001,10419607749001,10419612961624,10419615024621
10419607749001,10419607749001,10419612961624,10419615024621
10419607749001,10419607749001,10419612961624,10419615024621
10419612961624,10419612961624,10419615024621
10419612961624,10419612961624,10419615024621
10419640991431,10419640991431,10419649357623
10419640991431,10419640991431,10419649357623
10419640991431,10419640991431,10419649552285,10419649357623
10419640991431,10419640991431,10419649552285,10419649357623
10419640991431,10419640991431,10419649552285,10419649357623
10419649357623,10419649552285,10419649357623
10419649357623,10419649552285,10419649357623
10419674717054,10419674717054,10419680177124
10419674717054,10419674717054,10419680177124
10419674717054,10419674717054,10419679860535,10419680177124
10419674717054,10419674717054,10419679860535,10419680177124
10419674717054,10419674717054,10419679860535,10419680177124
10419679860535,10419679860535,10419680177124
10419679860535,10419679860535,10419680177124
10419707748062,10419707748062,10419711851103
10419707748062,10419707748062,10419711851103
10419707748062,10419707748062,10419711851103,10419717776723
10419707748062,10419707748062,10419711851103,10419717776723
10419707748062,10419707748062,10419711851103,10419717776723
10419711851103,10419711851103,10419717776723
10419711851103,10419711851103,10419717776723
10419741159968,10419741159968,10419753728543
10419741159968,10419741159968,10419753728543
10419807799356,10419807799356,10419812285522
10419807799356,10419807799356,10419812285522
10419841178588,10419841178588,10419847030299
10419841178588,10419841178588,10419847030299
10419841178588,10419841178588,10419847030299,10419847938608
10419841178588,10419841178588,10419847030299,10419847938608
10419841178588,10419841178588,10419847030299,10419847938608
10419847030299,10419847030299,10419847938608
10419847030299,10419847030299,10419847938608
10419874430671,10419874430671,10419886668855
10419874430671,10419874430671,10419886668855
10419909273632,10419909273632,10419914644774
10419909273632,10419909273632,10419914644774
10419909273632,10419909273632,10419914398925,10419914644774
10419909273632,10419909273632,10419914398925,10419914644774
10419909273632,10419909273632,10419914398925,10419914644774
10419914398925,10419914398925,10419914644774
10419914398925,10419914398925,10419914644774
10419941072662,10419941072662,10419949829545
10419941072662,10419941072662,10419949829545
10419941072662,10419941072662,10419949829545
10419941072662,10419941072662,10419949829545
10419975129436,10419975129436,10419980071133
10419975129436,10419975129436,10419980071133
10419975129436,10419975129436,10419980114144,10419980071133
10419975129436,10419975129436,10419980114144,10419980071133
10419975129436,10419975129436,10419980114144,10419980071133
10419980071133,10419980114144,10419980071133
10419980071133,10419980114144,10419980071133
10420007473325,10420007473325,10420013515427
10420007473325,10420007473325,10420013515427
10420007473325,10420007473325,10420015858643,10420013515427
10420007473325,10420007473325,10420015858643,10420013515427
10420007473325,10420007473325,10420015858643,10420013515427
10420013515427,10420015858643,10420013515427
10420013515427,10420015858643,10420013515427
10420040754328,10420040754328,10420045451751
10420040754328,10420040754328,10420045451751
10420075187602,10420075187602,10420079229003
10420075187602,10420075187602,10420079229003
10420108267639,10420108267639,10420114004506
10420108267639,10420108267639,10420114004506
10420141481692,10420141481692,10420146339359
10420141481692,10420141481692,10420146339359
10420141481692,10420141481692,10420146339359,10420146372799
10420141481692,10420141481692,10420146339359,10420146372799
10420141481692,10420141481692,10420146339359,10420146372799
10420146339359,10420146339359,10420146372799
10420146339359,10420146339359,10420146372799
10420174784848,10420174784848,10420181271583
10420174784848,10420174784848,10420181271583
10420174784848,10420174784848,10420181271583,10420180287966
10420174784848,10420174784848,10420181271583,10420180287966
10420174784848,10420174784848,10420181271583,10420180287966
10420180287966,10420181271583,10420180287966
10420180287966,10420181271583,10420180287966
10420207583544,10420207583544,10420211911904
10420207583544,10420207583544,10420211911904
10420207583544,10420207583544,10420211911904,10420213400722
10420207583544,10420207583544,10420211911904,10420213400722
10420207583544,10420207583544,10420211911904,10420213400722
10420211911904,10420211911904,10420213400722
10420211911904,10420211911904,10420213400722
10420241047149,10420241047149,10420245289898
10420241047149,10420241047149,10420245289898
10420241047149,10420241047149,10420245289898,10420251884071
10420241047149,10420241047149,10420245289898,10420251884071
10420241047149,10420241047149,10420245289898,10420251884071
10420245289898,10420245289898,10420251884071
10420245289898,10420245289898,10420251884071
10420274260728,10420274260728,10420280375187
10420274260728,10420274260728,10420280375187
10420274260728,10420274260728,10420280039477,10420280375187
10420274260728,10420274260728,10420280039477,10420280375187
10420274260728,10420274260728,10420280039477,10420280375187
10420280039477,10420280039477,10420280375187
10420280039477,10420280039477,10420280375187
10420307684675,10420307684675,10420315023046
10420307684675,10420307684675,10420315023046
10420307684675,10420307684675,10420314217436,10420315023046
10420307684675,10420307684675,10420314217436,10420315023046
10420307684675,10420307684675,10420314217436,10420315023046
10420314217436,10420314217436,10420315023046
10420314217436,10420314217436,10420315023046
10420341639291,10420341639291,10420346611813
10420341639291,10420341639291,10420346611813
10420341639291,10420341639291,10420346611813,10420347112158
10420341639291,10420341639291,10420346611813,10420347112158
10420341639291,10420341639291,10420346611813,10420347112158
10420346611813,10420346611813,10420347112158
10420346611813,10420346611813,10420347112158
10420374657198,10420374657198,10420379818872
10420374657198,10420374657198,10420379818872
10420374657198,10420374657198,10420379624131,10420379818872
10420374657198,10420374657198,10420379624131,10420379818872
10420374657198,10420374657198,10420379624131,10420379818872
10420379624131,10420379624131,10420379818872
10420379624131,10420379624131,10420379818872
10420407904659,10420407904659,10420413737103
10420407904659,10420407904659,10420413737103
10420407904659,10420407904659,10420412599048,10420413737103
10420407904659,10420407904659,10420412599048,10420413737103
10420407904659,10420407904659,10420412599048,10420413737103
10420412599048,10420412599048,10420413737103
10420412599048,10420412599048,10420413737103
10420440755658,10420440755658,10420445199095
10420440755658,10420440755658,10420445199095
10420440755658,10420440755658,10420445199095,10420446643593
10420445199095,10420445199095,10420446643593
10420445199095,10420445199095,10420446643593
10420475130273,10420475130273,10420478845080
10420475130273,10420475130273,10420478845080
10420475130273,10420475130273,10420478845080,10420481120147
10420475130273,10420475130273,10420481120147
10420512057944,10420512057944,10420513085280
10420512057944,10420512057944,10420513085280
10420512057944,10420512057944,10420513085280
10420512057944,10420512057944,10420513085280
10420541216594,10420541216594,10420545514103
10420541216594,10420541216594,10420545514103
10420541216594,10420541216594,10420545514103,10420547225041
10420541216594,10420541216594,10420545514103,10420547225041
10420541216594,10420541216594,10420545514103,10420547225041
10420545514103,10420545514103,10420547225041
10420545514103,10420545514103,10420547225041
10420574055634,10420574055634,10420578508251
10420574055634,10420574055634,10420578508251
10420574055634,10420574055634,10420578508251,10420579993060
10420574055634,10420574055634,10420578508251,10420579993060
10420574055634,10420574055634,10420578508251,10420579993060
10420578508251,10420578508251,10420579993060
10420578508251,10420578508251,10420579993060
10420607405461,10420607405461,10420613462795
10420607405461,10420607405461,10420613462795
10420607405461,10420607405461,10420613462795,10420614216172
10420607405461,10420607405461,10420613462795,10420614216172
10420607405461,10420607405461,10420613462795,10420614216172
10420607405461,10420607405461,10420613462795
10420607405461,10420607405461,10420613462795
10420641267644,10420641267644,10420645693602
10420641267644,10420641267644,10420645693602
10420641267644,10420641267644,10420647402249,10420645693602
10420641267644,10420641267644,10420647402249,10420645693602
10420641267644,10420641267644,10420647402249,10420645693602
10420645693602,10420647402249,10420645693602
10420645693602,10420647402249,10420645693602
10420674060752,10420674060752,10420680611396
10420674060752,10420674060752,10420680611396
10420674060752,10420674060752,10420680611396,10420680725072
10420674060752,10420674060752,10420680611396,10420680725072
10420674060752,10420674060752,10420680611396,10420680725072
10420680611396,10420680611396,10420680725072
10420680611396,10420680611396,10420680725072
10420709519478,10420709519478,10420713494052
10420709519478,10420709519478,10420713494052
10420709519478,10420709519478,10420712133545,10420713494052
10420709519478,10420709519478,10420712133545,10420713494052
10420709519478,10420709519478,10420712133545,10420713494052
10420709519478,10420709519478,10420713494052
10420709519478,10420709519478,10420713494052
10420745316595,10420745316595,10420747026454
10420745316595,10420745316595,10420747026454
10420745316595,10420745316595,10420747026454
10420745316595,10420745316595,10420747026454
10420773940957,10420773940957,10420780558367
10420773940957,10420773940957,10420780558367
10420773940957,10420773940957,10420778714725,10420780558367
10420773940957,10420773940957,10420778714725,10420780558367
10420773940957,10420773940957,10420778714725,10420780558367
10420778714725,10420778714725,10420780558367
10420778714725,10420778714725,10420780558367
10420807208088,10420807208088,10420813605499
10420807208088,10420807208088,10420813605499
10420807208088,10420807208088,10420812005255,10420813605499
10420807208088,10420807208088,10420812005255,10420813605499
10420807208088,10420807208088,10420812005255,10420813605499
10420812005255,10420812005255,10420813605499
10420812005255,10420812005255,10420813605499
10420840671570,10420840671570,10420845292295
10420840671570,10420840671570,10420845292295
10420840671570,10420840671570,10420847364765,10420845292295
10420840671570,10420840671570,10420847364765,10420845292295
10420840671570,10420840671570,10420847364765,10420845292295
10420845292295,10420847364765,10420845292295
10420845292295,10420847364765,10420845292295
10420874185970,10420874185970,10420881403347
10420874185970,10420874185970,10420881403347
10420874185970,10420874185970,10420881403347,10420881106233
10420874185970,10420874185970,10420881403347,10420881106233
10420874185970,10420874185970,10420881403347,10420881106233
10420881106233,10420881403347,10420881106233
10420881106233,10420881403347,10420881106233
10420907400155,10420907400155,10420913644356
10420907400155,10420907400155,10420913644356
10420907400155,10420907400155,10420917950181,10420913644356
10420907400155,10420907400155,10420917950181,10420913644356
10420907400155,10420907400155,10420917950181,10420913644356
10420913644356,10420917950181,10420913644356
10420913644356,10420917950181,10420913644356
10420940719486,10420940719486,10420947261445
10420940719486,10420940719486,10420947261445
10420940719486,10420940719486,10420946791423,10420947261445
10420940719486,10420940719486,10420946791423,10420947261445
10420940719486,10420940719486,10420946791423,10420947261445
10420946791423,10420946791423,10420947261445
10420946791423,10420946791423,10420947261445
10420974826017,10420974826017,10420979722139
10420974826017,10420974826017,10420979722139
10420974826017,10420974826017,10420978801867,10420979722139
10420974826017,10420974826017,10420978801867,10420979722139
10420974826017,10420974826017,10420978801867,10420979722139
10420978801867,10420978801867,10420979722139
10420978801867,10420978801867,10420979722139
10421007284280,10421007284280,10421015168646
10421007284280,10421007284280,10421015168646
10421007284280,10421007284280,10421015168646,10421020132531
10421007284280,10421007284280,10421015168646,10421020132531
10421007284280,10421007284280,10421015168646,10421020132531
10421015168646,10421015168646,10421020132531
10421015168646,10421015168646,10421020132531
10421040681090,10421040681090,10421046083475
10421040681090,10421040681090,10421046083475
10421040681090,10421040681090,10421045469468,10421046083475
10421040681090,10421040681090,10421045469468,10421046083475
10421040681090,10421040681090,10421045469468,10421046083475
10421045469468,10421045469468,10421046083475
10421045469468,10421045469468,10421046083475
10421074318627,10421074318627,10421079392667
10421074318627,10421074318627,10421079392667
10421074318627,10421074318627,10421079392667,10421078648406
10421078648406,10421079392667,10421078648406
10421078648406,10421079392667,10421078648406
10421107822744,10421107822744,10421111874498
10421107822744,10421107822744,10421111874498
10421107822744,10421107822744,10421111874498,10421113488445
10421111874498,10421111874498,10421113488445
10421111874498,10421111874498,10421113488445
10421140699462,10421140699462,10421146016875
10421140699462,10421140699462,10421146016875
10421140699462,10421140699462,10421146016875,10421146076692
10421146016875,10421146016875,10421146076692
10421146016875,10421146016875,10421146076692
10421173796501,10421173796501,10421179187886
10421173796501,10421173796501,10421179187886
10421173796501,10421173796501,10421179187886,10421182994206
10421179187886,10421179187886,10421182994206
10421179187886,10421179187886,10421182994206
10421208316095,10421208316095,10421212140178
10421208316095,10421208316095,10421212140178
10421208316095,10421208316095,10421212140178,10421213840344
10421212140178,10421212140178,10421213840344
10421212140178,10421212140178,10421213840344
10421240767640,10421240767640,10421246711171
10421240767640,10421240767640,10421246711171
10421240767640,10421240767640,10421246711171,10421247035148
10421240767640,10421240767640,10421246711171
10421240767640,10421240767640,10421246711171
10421274625220,10421274625220,10421279517645
10421274625220,10421274625220,10421284354208,10421279517645
10421279517645,10421284354208,10421279517645
10421279517645,10421284354208,10421279517645
10421307494036,10421307494036,10421312877661
10421307494036,10421307494036,10421312877661
10421307494036,10421307494036,10421312877661,10421312930770
10421307494036,10421307494036,10421312930770
10421340656001,10421340656001,10421347956351
10421340656001,10421340656001,10421347956351
10421340656001,10421340656001,10421347956351,10421353164194
10421347956351,10421347956351,10421353164194
10421347956351,10421347956351,10421353164194
10421373597684,10421373597684,10421379521144
10421373597684,10421373597684,10421379521144
10421373597684,10421373597684,10421379521144,10421383338608
10421373597684,10421373597684,10421379521144
10421373597684,10421373597684,10421379521144
10421407386938,10421407386938,10421415089448
10421407386938,10421407386938,10421412796059,10421415089448
10421412796059,10421412796059,10421415089448
10421412796059,10421412796059,10421415089448
10421441015645,10421441015645,10421447083349
10421441015645,10421441015645,10421447083349
10421441015645,10421441015645,10421447083349,10421445227305
10421445227305,10421447083349,10421445227305
10421445227305,10421447083349,10421445227305
10421473670641,10421473670641,10421479872367
10421473670641,10421473670641,10421479872367
10421473670641,10421473670641,10421479872367,10421479846325
10421479846325,10421479872367,10421479846325
10421479846325,10421479872367,10421479846325
10421507985137,10421507985137,10421516459536
10421507985137,10421507985137,10421512728279,10421516459536
10421512728279,10421512728279,10421516459536
10421512728279,10421512728279,10421516459536
10421540992756,10421540992756,10421546851791
10421540992756,10421540992756,10421546615606,10421546851791
10421546615606,10421546615606,10421546851791
10421546615606,10421546615606,10421546851791
10421574602079,10421574602079,10421579639938
10421574602079,10421574602079,10421579639938
10421574602079,10421574602079,10421579639938,10421580577827
10421579639938,10421579639938,10421580577827
10421579639938,10421579639938,10421580577827
10421608516642,10421608516642,10421612413335
10421608516642,10421608516642,10421617600599,10421612413335
10421608516642,10421608516642,10421612413335
10421642004637,10421642004637,10421646841006
10421642004637,10421642004637,10421646841006
10421642004637,10421642004637,10421646841006,10421646860059
10421642004637,10421642004637,10421646841006
10421642004637,10421642004637,10421646841006
10421674333945,10421674333945,10421680614632
10421674333945,10421674333945,10421684902241,10421680614632
10421680614632,10421684902241,10421680614632
10421680614632,10421684902241,10421680614632
10421708042348,10421708042348,10421712923264
10421708042348,10421708042348,10421711914219,10421712923264
10421708042348,10421708042348,10421712923264
10421745209797,10421745209797,10421747377273
10421745209797,10421745209797,10421747377273
10421741056682,10421741056682,10421745209797,10421747377273
10421741056682,10421741056682,10421747377273
10421807955045,10421807955045,10421812338226
10421807955045,10421807955045,10421812338226
10421807955045,10421807955045,10421812338226,10421820938619
10421812338226,10421812338226,10421820938619
10421812338226,10421840830780,10421812338226,10421820938619
10421820938619,10421840830780,10421820938619
10421840830780,10421840830780,10421846406653,10421850049432
10421846406653,10421846406653,10421850049432
10421846406653,10421846406653,10421850049432
10421874304995,10421874304995,10421881356897
10421874304995,10421874304995,10421880127071,10421881356897
10421880127071,10421880127071,10421881356897
10421880127071,10421880127071,10421881356897
10421907506441,10421907506441,10421912054212
10421907506441,10421907506441,10421912054212
10421907506441,10421907506441,10421912054212,10421913393678
10421912054212,10421912054212,10421913393678
10421912054212,10421912054212,10421913393678
10421941240459,10421941240459,10421947084562
10421941240459,10421941240459,10421947084562
10421941240459,10421941240459,10421947084562,10421952399609
10421947084562,10421947084562,10421952399609
10421947084562,10421947084562,10421952399609
10422008111648,10422008111648,10422012525662
10422008111648,10422008111648,10422017216448,10422012525662
10422012525662,10422017216448,10422012525662
10422012525662,10422017216448,10422012525662
10422040473701,10422040473701,10422046923328
10422040473701,10422040473701,10422046923328
10422040473701,10422040473701,10422046923328,10422050764051
10422046923328,10422046923328,10422050764051
10422046923328,10422046923328,10422050764051
10422075145750,10422075145750,10422082057843
10422075145750,10422075145750,10422082057843
10422075145750,10422075145750,10422082057843,10422085222705
10422082057843,10422082057843,10422085222705
10422082057843,10422082057843,10422085222705
10422107473274,10422107473274,10422111741107
10422107473274,10422107473274,10422111741107
10422107473274,10422107473274,10422111741107,10422113667711
10422111741107,10422111741107,10422113667711
10422111741107,10422111741107,10422113667711
10422140584468,10422140584468,10422146221957
10422140584468,10422140584468,10422146221957
10422140584468,10422140584468,10422146221957,10422147009183
10422146221957,10422146221957,10422147009183
10422146221957,10422146221957,10422147009183
10422173483037,10422173483037,10422178524221
10422173483037,10422173483037,10422178524221
10422173483037,10422173483037,10422178524221,10422181357951
10422173483037,10422173483037,10422181357951
10422207030008,10422207030008,10422212065634
10422207030008,10422207030008,10422212065634
10422207030008,10422207030008,10422212065634,10422214641977
10422212065634,10422212065634,10422214641977
10422212065634,10422212065634,10422214641977
10422274917220,10422274917220,10422278526822
10422274917220,10422274917220,10422278526822
10422274917220,10422274917220,10422278526822,10422283670147
10422278526822,10422278526822,10422283670147
10422278526822,10422278526822,10422283670147
10422306746016,10422306746016,10422312766769
10422306746016,10422306746016,10422312766769
10422306746016,10422306746016,10422312766769,10422318358281
10422312766769,10422312766769,10422318358281
10422312766769,10422312766769,10422318358281
10422340792799,10422340792799,10422345340152
10422340792799,10422340792799,10422345340152
10422340792799,10422340792799,10422345340152,10422347674109
10422345340152,10422345340152,10422347674109
10422345340152,10422345340152,10422347674109
10422373700397,10422373700397,10422382197569
10422373700397,10422373700397,10422378413062,10422382197569
10422378413062,10422378413062,10422382197569
10422378413062,10422378413062,10422382197569
10422406969058,10422406969058,10422416108769
10422406969058,10422406969058,10422416108769
10422406969058,10422406969058,10422416108769,10422412805944
10422412805944,10422416108769,10422412805944
10422412805944,10422416108769,10422412805944
10422440260416,10422440260416,10422447087925
10422440260416,10422440260416,10422445394436,10422447087925
10422445394436,10422445394436,10422447087925
10422445394436,10422445394436,10422447087925
10422473596953,10422473596953,10422479396082
10422473596953,10422473596953,10422478415574,10422479396082
10422478415574,10422478415574,10422479396082
10422478415574,10422478415574,10422479396082
10422506687021,10422506687021,10422517443630
10422539870495,10422539870495,10422545849215
10422539870495,10422539870495,10422545843612,10422545849215
10422539870495,10422539870495,10422545849215
10422578454670,10422578454670,10422579870869
10422578454670,10422578454670,10422579870869
10422573433448,10422573433448,10422578454670,10422579870869
10422573433448,10422573433448,10422578454670
10422573433448,10422573433448,10422578454670
10422611687372,10422611687372,10422613118438
10422611687372,10422611687372,10422613118438
10422607205906,10422607205906,10422611687372,10422613118438
10422611687372,10422611687372,10422613118438
10422611687372,10422611687372,10422613118438
10422640233631,10422640233631,10422646384787
10422640233631,10422640233631,10422646384787
10422640233631,10422640233631,10422646384787,10422646385038
10422646384787,10422646384787,10422646385038
10422646384787,10422646384787,10422646385038
10422673488650,10422673488650,10422678921440
10422673488650,10422673488650,10422684582881,10422678921440
10422678921440,10422684582881,10422678921440
10422678921440,10422684582881,10422678921440
10422707922476,10422707922476,10422713042597
10422707922476,10422707922476,10422711654438,10422713042597
10422711654438,10422711654438,10422713042597
10422711654438,10422711654438,10422713042597
10422740225285,10422740225285,10422747243736
10422740225285,10422740225285,10422747243736
10422740225285,10422740225285,10422747243736,10422752015752
10422747243736,10422747243736,10422752015752
10422747243736,10422747243736,10422752015752
10422773735615,10422773735615,10422786120124
10422773735615,10422773735615,10422786120124
10422773735615,10422773735615,10422786120124,10422779521166
10422779521166,10422786120124,10422779521166
10422779521166,10422786120124,10422779521166
10422807309483,10422807309483,10422811910126
10422807309483,10422807309483,10422811910126
10422807309483,10422807309483,10422811910126,10422815316240
10422811910126,10422811910126,10422815316240
10422811910126,10422811910126,10422815316240
10422840387067,10422840387067,10422847068105
10422840387067,10422840387067,10422847068105
10422840387067,10422840387067,10422847068105,10422847042260
10422847042260,10422847068105,10422847042260
10422847042260,10422847068105,10422847042260
10422847042260,10422847068105,10422847042260
10422847042260,10422847068105,10422847042260
10422907481821,10422907481821,10422911744085
10422907481821,10422907481821,10422911744085
10422907481821,10422907481821,10422911744085,10422913475782
10422911744085,10422911744085,10422913475782
10422911744085,10422911744085,10422913475782
10422940735206,10422940735206,10422945082900
10422940735206,10422940735206,10422945082900
10422940735206,10422940735206,10422945082900,10422946928251
10422945082900,10422945082900,10422946928251
10422945082900,10422945082900,10422946928251
10422973654706,10422973654706,10422978721709
10422973654706,10422973654706,10422978721709
10422973654706,10422973654706,10422978721709,10422980662864
10422973654706,10422973654706,10422978721709
10422973654706,10422973654706,10422978721709
10423007084198,10423007084198,10423013652544
10423007084198,10423007084198,10423012192729,10423013652544
10423012192729,10423012192729,10423013652544
10423012192729,10423012192729,10423013652544
10423040253184,10423040253184,10423045748213
10423040253184,10423040253184,10423045748213
10423040253184,10423040253184,10423045748213,10423047042799
10423040253184,10423040253184,10423047042799
10423080823893,10423080823893,10423080897525
10423080823893,10423080823893,10423080897525
10423080823893,10423084297172,10423080823893,10423080897525
10423080823893,10423084297172,10423080823893
10423080823893,10423084297172,10423080823893
10423113418604,10423113418604,10423117705972
10423113418604,10423113418604,10423117705972
10423107065467,10423107065467,10423113418604,10423117705972
10423107065467,10423107065467,10423117705972
10423141289694,10423141289694,10423149914256
10423141289694,10423141289694,10423149914256
10423141289694,10423141289694,10423149914256,10423145241109
10423141289694,10423141289694,10423149914256
10423141289694,10423141289694,10423149914256
10423173758560,10423173758560,10423179994798
10423173758560,10423173758560,10423180197379,10423179994798
10423179994798,10423180197379,10423179994798
10423179994798,10423180197379,10423179994798
10423207008745,10423207008745,10423213238684
10423207008745,10423207008745,10423213238684
10423207008745,10423207008745,10423213238684,10423213285236
10423213238684,10423213238684,10423213285236
10423213238684,10423213238684,10423213285236
10423240203621,10423240203621,10423246747950
10423240203621,10423240203621,10423246929699,10423246747950
10423246747950,10423246929699,10423246747950
10423246747950,10423246929699,10423246747950
10423273860430,10423273860430,10423280073768
10423273860430,10423273860430,10423279982923,10423280073768
10423279982923,10423279982923,10423280073768
10423279982923,10423279982923,10423280073768
10423307418726,10423307418726,10423313338783
10423307418726,10423307418726,10423312466539,10423313338783
10423312466539,10423312466539,10423313338783
10423312466539,10423312466539,10423313338783
10423340125703,10423340125703,10423346146292
10423340125703,10423340125703,10423346146292
10423340125703,10423340125703,10423346146292,10423346248183
10423346146292,10423346146292,10423346248183
10423346146292,10423346146292,10423346248183
10423374666685,10423374666685,10423380348670
10423374666685,10423374666685,10423380348670
10423374666685,10423374666685,10423380348670,10423384682313
10423380348670,10423380348670,10423384682313
10423380348670,10423380348670,10423384682313
10423407188073,10423407188073,10423412977148
10423407188073,10423407188073,10423412977148
10423407188073,10423407188073,10423412977148,10423414472517
10423412977148,10423412977148,10423414472517
10423412977148,10423412977148,10423414472517
10423444972817,10423448340396,10423444972817
10423444972817,10423448340396,10423444972817
10423444972817,10423448340396,10423444972817,10423449232205
10423448340396,10423448340396,10423449232205
10423473251862,10423473251862,10423478687233
10423473251862,10423473251862,10423478687233
10423473251862,10423473251862,10423478687233,10423482106408
10423473251862,10423473251862,10423482106408
10423507192572,10423507192572,10423514491850
10423507192572,10423507192572,10423514491850
10423507192572,10423507192572,10423514491850,10423515571345
10423514491850,10423514491850,10423515571345
10423514491850,10423514491850,10423515571345
10423539853761,10423539853761,10423546209663
10423539853761,10423539853761,10423554321101,10423546209663
10423546209663,10423554321101,10423546209663
10423546209663,10423554321101,10423546209663
10423574656632,10423574656632,10423581658479
10423574656632,10423574656632,10423581658479
10423574656632,10423574656632,10423581658479,10423584721657
10423574656632,10423574656632,10423584721657
10423611779661,10423611779661,10423614695026
10423611779661,10423611779661,10423614695026
10423608345089,10423608345089,10423611779661,10423614695026
10423611779661,10423611779661,10423614695026
10423611779661,10423611779661,10423614695026
10423639943164,10423639943164,10423644734068
10423639943164,10423639943164,10423644734068
10423639943164,10423639943164,10423644734068,10423646757876
10423644734068,10423644734068,10423646757876
10423644734068,10423644734068,10423646757876
10423673909530,10423673909530,10423678760870
10423673909530,10423673909530,10423678760870
10423673909530,10423673909530,10423678760870,10423680308438
10423678760870,10423678760870,10423680308438
10423678760870,10423678760870,10423680308438
10423706511082,10423706511082,10423714489431
10423706511082,10423706511082,10423712199415,10423714489431
10423712199415,10423712199415,10423714489431
10423712199415,10423712199415,10423714489431
10423740174738,10423740174738,10423746526374
10423740174738,10423740174738,10423745469972,10423746526374
10423745469972,10423745469972,10423746526374
10423745469972,10423745469972,10423746526374
10423773012449,10423773012449,10423778297767
10423773012449,10423773012449,10423778297767
10423773012449,10423773012449,10423778297767,10423783846049
10423778297767,10423778297767,10423783846049
10423778297767,10423778297767,10423783846049
10423806380953,10423806380953,10423815069905
10423806380953,10423806380953,10423815069905
10423806380953,10423806380953,10423815069905,10423815561808
10423815069905,10423815069905,10423815561808
10423815069905,10423815069905,10423815561808
10423839416190,10423839416190,10423844923652
10423839416190,10423839416190,10423844923652
10423839416190,10423839416190,10423844923652,10423846393890
10423839416190,10423839416190,10423846393890
10423873500030,10423873500030,10423879874730
10423873500030,10423873500030,10423879874730
10423873500030,10423873500030,10423879874730,10423888532811
10423879874730,10423879874730,10423888532811
10423879874730,10423907773833,10423879874730,10423888532811
10423907773833,10423907773833,10423912673537
10423907773833,10423907773833,10423915998830,10423912673537
10423907773833,10423907773833,10423912673537
10423945199236,10423945199236,10423947422876
10423945199236,10423945199236,10423947422876
10423939410300,10423939410300,10423945199236,10423947422876
10423945199236,10423945199236,10423947422876
10423945199236,10423945199236,10423947422876
10423973038799,10423973038799,10423978419714
10423973038799,10423973038799,10423979710621,10423978419714
10423973038799,10423973038799,10423979710621
10423973038799,10423973038799,10423979710621
10424006555210,10424006555210,10424011555101
10424006555210,10424006555210,10424013254907,10424011555101
10424011555101,10424013254907,10424011555101
10424011555101,10424013254907,10424011555101
10424072717993,10424072717993,10424079182141
10424072717993,10424072717993,10424078883652,10424079182141
10424078883652,10424078883652,10424079182141
10424078883652,10424078883652,10424079182141
10424107059847,10424107059847,10424113540064
10424107059847,10424107059847,10424113519584,10424113540064
10424113519584,10424113519584,10424113540064
10424113519584,10424113519584,10424113540064
10424140214431,10424140214431,10424145039139
10424140214431,10424140214431,10424147357485,10424145039139
10424145039139,10424147357485,10424145039139
10424145039139,10424147357485,10424145039139
10424172912990,10424172912990,10424178283668
10424172912990,10424172912990,10424178283668
10424172912990,10424172912990,10424178283668,10424180075123
10424178283668,10424178283668,10424180075123
10424178283668,10424178283668,10424180075123
10424206464419,10424206464419,10424211641926
10424206464419,10424206464419,10424213414877,10424211641926
10424211641926,10424213414877,10424211641926
10424211641926,10424213414877,10424211641926
10424239757060,10424239757060,10424245750336
10424239757060,10424239757060,10424245697423,10424245750336
10424245697423,10424245697423,10424245750336
10424245697423,10424245697423,10424245750336
10424273105592,10424273105592,10424279914897
10424273105592,10424273105592,10424279914897
10424273105592,10424273105592,10424279914897,10424278263378
10424278263378,10424279914897,10424278263378
10424278263378,10424279914897,10424278263378
10424306330285,10424306330285,10424312891172
10424306330285,10424306330285,10424312835492,10424312891172
10424312835492,10424312835492,10424312891172
10424312835492,10424312835492,10424312891172
10424339849145,10424339849145,10424346233979
10424339849145,10424339849145,10424350679401,10424346233979
10424346233979,10424350679401,10424346233979
10424346233979,10424350679401,10424346233979
10424372936390,10424372936390,10424378303410
10424372936390,10424372936390,10424379504835,10424378303410
10424378303410,10424379504835,10424378303410
10424378303410,10424379504835,10424378303410
10424406135623,10424406135623,10424411435584
10424406135623,10424406135623,10424411435584
10424406135623,10424406135623,10424411435584,10424412926112
10424406135623,10424406135623,10424412926112
10424444759679,10424444759679,10424450677724
10424444759679,10424444759679,10424450677724
10424444759679,10424444759679,10424450677724
10424444759679,10424444759679,10424450677724
10424473055706,10424473055706,10424479821916
10424473055706,10424473055706,10424479083927,10424479821916
10424479083927,10424479083927,10424479821916
10424479083927,10424479083927,10424479821916
10424508439734,10424508439734,10424513321037
10424508439734,10424508439734,10424511616441,10424513321037
10424511616441,10424511616441,10424513321037
10424511616441,10424511616441,10424513321037
10424539440272,10424539440272,10424545944087
10424539440272,10424539440272,10424551209945,10424545944087
10424545944087,10424551209945,10424545944087
10424545944087,10424551209945,10424545944087
10424573124786,10424573124786,10424578185083
10424573124786,10424573124786,10424578185083
10424573124786,10424573124786,10424578185083,10424579729614
10424573124786,10424573124786,10424578185083
10424573124786,10424573124786,10424578185083
10424606354097,10424606354097,10424612875030
10424606354097,10424606354097,10424615689934,10424612875030
10424612875030,10424615689934,10424612875030
10424612875030,10424615689934,10424612875030
10424639569045,10424639569045,10424645795325
10424639569045,10424639569045,10424645795325
10424639569045,10424639569045,10424645795325,10424644706069
10424644706069,10424645795325,10424644706069
10424644706069,10424645795325,10424644706069
10424672718193,10424672718193,10424681028720
10424672718193,10424672718193,10424681028720
10424672718193,10424672718193,10424681028720,10424681090864
10424672718193,10424672718193,10424681028720
10424672718193,10424672718193,10424681028720
10424739317253,10424739317253,10424747115376
10424739317253,10424739317253,10424747115376
10424739317253,10424739317253,10424747115376,10424744926419
10424744926419,10424747115376,10424744926419
10424744926419,10424747115376,10424744926419
10424773071501,10424773071501,10424781518309
10424773071501,10424773071501,10424786074575,10424781518309
10424781518309,10424786074575,10424781518309
10424781518309,10424786074575,10424781518309
10424806243360,10424806243360,10424812107075
10424806243360,10424806243360,10424817847543,10424812107075
10424812107075,10424817847543,10424812107075
10424812107075,10424817847543,10424812107075
10424839291662,10424839291662,10424845278704
10424839291662,10424839291662,10424845309241,10424845278704
10424845278704,10424845309241,10424845278704
10424845278704,10424845309241,10424845278704
10424872857548,10424872857548,10424878360804
10424872857548,10424872857548,10424880066201,10424878360804
10424872857548,10424872857548,10424880066201
10424872857548,10424872857548,10424880066201
10424906279544,10424906279544,10424913192910
10424906279544,10424906279544,10424916437404,10424913192910
10424913192910,10424916437404,10424913192910
10424913192910,10424916437404,10424913192910
10424939044568,10424939044568,10424945360681
10424939044568,10424939044568,10424945360681
10424939044568,10424939044568,10424945360681,10424947649748
10424939044568,10424939044568,10424945360681
10424939044568,10424939044568,10424945360681
10424978291587,10424978291587,10424980655070
10424978291587,10424978291587,10424980655070
10424973193590,10424973193590,10424978291587,10424980655070
10424973193590,10424973193590,10424978291587
10424973193590,10424973193590,10424978291587
10425006861331,10425006861331,10425012281836
10425006861331,10425006861331,10425018728116,10425012281836
10425012281836,10425018728116,10425012281836
10425012281836,10425018728116,10425012281836
10425039912801,10425039912801,10425046145349
10425039912801,10425039912801,10425046020381,10425046145349
10425046020381,10425046020381,10425046145349
10425046020381,10425046020381,10425046145349
10425073348773,10425073348773,10425078757972
10425073348773,10425073348773,10425078757972
10425073348773,10425073348773,10425078757972,10425081007232
10425078757972,10425078757972,10425081007232
10425078757972,10425078757972,10425081007232
10425106590545,10425106590545,10425111596667
10425106590545,10425106590545,10425111596667
10425106590545,10425106590545,10425111596667,10425113587588
10425111596667,10425111596667,10425113587588
10425111596667,10425111596667,10425113587588
10425139275730,10425139275730,10425146369239
10425139275730,10425139275730,10425145635717,10425146369239
10425145635717,10425145635717,10425146369239
10425145635717,10425145635717,10425146369239
10425172491768,10425172491768,10425179414735
10425172491768,10425172491768,10425179584598,10425179414735
10425179414735,10425179584598,10425179414735
10425179414735,10425179584598,10425179414735
10425205716199,10425205716199,10425212162168
10425205716199,10425205716199,10425212162168
10425205716199,10425205716199,10425212162168,10425214158242
10425212162168,10425212162168,10425214158242
10425212162168,10425212162168,10425214158242
10425239544006,10425239544006,10425248179407
10425239544006,10425239544006,10425248179407
10425239544006,10425239544006,10425248179407,10425251775043
10425248179407,10425248179407,10425251775043
10425248179407,10425248179407,10425251775043
10425273016462,10425273016462,10425279756742
10425273016462,10425273016462,10425279756742
10425273016462,10425273016462,10425279756742,10425284176675
10425279756742,10425279756742,10425284176675
10425279756742,10425279756742,10425284176675
10425306521525,10425306521525,10425311491230
10425306521525,10425306521525,10425311491230
10425306521525,10425306521525,10425311491230,10425313231404
10425311491230,10425311491230,10425313231404
10425311491230,10425311491230,10425313231404
10425339874997,10425339874997,10425347204795
10425339874997,10425339874997,10425347204795
10425339874997,10425339874997,10425347204795,10425348396973
10425347204795,10425347204795,10425348396973
10425347204795,10425347204795,10425348396973
10425372957620,10425372957620,10425385413438
10425372957620,10425372957620,10425385413438
10425372957620,10425372957620,10425385413438,10425385124576
10425372957620,10425372957620,10425385124576
10425407834123,10425407834123,10425411612283
10425407834123,10425407834123,10425411612283
10425407834123,10425407834123,10425411612283,10425416067841
10425407834123,10425407834123,10425411612283
10425407834123,10425407834123,10425411612283
10425445962060,10425454838996,10425445962060
10425445962060,10425454838996,10425445962060
10425445962060,10425454838996,10425445962060
10425445962060,10425472508427,10425454838996,10425445962060
10425454838996,10425472508427,10425454838996
10425454838996,10425472508427,10425454838996,10425478096704
10425472508427,10425472508427,10425479499934,10425478096704
10425478096704,10425479499934,10425478096704
10425478096704,10425479499934,10425478096704
10425505761259,10425505761259,10425511261713
10425505761259,10425505761259,10425511261713
10425505761259,10425505761259,10425511261713,10425515960896
10425511261713,10425511261713,10425515960896
10425511261713,10425511261713,10425515960896
10425539683539,10425539683539,10425544818712
10425539683539,10425539683539,10425544818712
10425539683539,10425539683539,10425544818712,10425546554206
10425544818712,10425544818712,10425546554206
10425544818712,10425544818712,10425546554206
10425572376141,10425572376141,10425579379067
10425572376141,10425572376141,10425579379067
10425572376141,10425572376141,10425579379067,10425579403764
10425579379067,10425579379067,10425579403764
10425579379067,10425579379067,10425579403764
10425605780001,10425605780001,10425611413589
10425605780001,10425605780001,10425611413589
10425605780001,10425605780001,10425611413589,10425612716182
10425605780001,10425605780001,10425612716182
10425645026207,10425645026207,10425646575596
10425645026207,10425645026207,10425646575596
10425641787854,10425641787854,10425645026207,10425646575596
10425645026207,10425645026207,10425646575596
10425645026207,10425645026207,10425646575596
10425673518780,10425673518780,10425678185509
10425673518780,10425673518780,10425678185509
10425673518780,10425673518780,10425678185509,10425684780657
10425678185509,10425678185509,10425684780657
10425678185509,10425678185509,10425684780657
10425711406473,10425711837866,10425711406473
10425711406473,10425711837866,10425711406473
10425711406473,10425711837866,10425711406473,10425717982104
10425711406473,10425711406473,10425717982104
10425711406473,10425711406473,10425717982104
10425739959511,10425739959511,10425744769947
10425739959511,10425739959511,10425744769947
10425739959511,10425739959511,10425744769947,10425748436587
10425744769947,10425744769947,10425748436587
10425744769947,10425744769947,10425748436587
10425772318379,10425772318379,10425779050882
10425772318379,10425772318379,10425779050882
10425772318379,10425772318379,10425779050882,10425784707108
10425779050882,10425779050882,10425784707108
10425779050882,10425779050882,10425784707108
10425806879632,10425806879632,10425817735851
10425806879632,10425806879632,10425817735851
10425806879632,10425806879632,10425817735851,10425816346420
10425816346420,10425817735851,10425816346420
10425816346420,10425817735851,10425816346420
10425838911219,10425838911219,10425845800770
10425838911219,10425838911219,10425845800770
10425838911219,10425838911219,10425845800770,10425846053498
10425845800770,10425845800770,10425846053498
10425845800770,10425845800770,10425846053498
10425872407792,10425872407792,10425879101491
10425872407792,10425872407792,10425879101491
10425872407792,10425872407792,10425879101491,10425883638060
10425879101491,10425879101491,10425883638060
10425879101491,10425879101491,10425883638060
10425906002250,10425906002250,10425913319430
10425906002250,10425906002250,10425913319430
10425906002250,10425906002250,10425913319430,10425912985678
10425912985678,10425913319430,10425912985678
10425912985678,10425913319430,10425912985678
10425939133517,10425939133517,10425944732084
10425939133517,10425939133517,10425944732084
10425939133517,10425939133517,10425944732084,10425946240533
10425939133517,10425939133517,10425944732084
10425939133517,10425939133517,10425944732084
10425972366029,10425972366029,10425979264120
10425972366029,10425972366029,10425977933634,10425979264120
10425977933634,10425977933634,10425979264120
10425977933634,10425977933634,10425979264120
10426005442945,10426005442945,10426016016581
10426005442945,10426005442945,10426016016581
10426005442945,10426005442945,10426016016581,10426014286820
10426014286820,10426016016581,10426014286820
10426014286820,10426016016581,10426014286820
10426038991582,10426038991582,10426044682699
10426038991582,10426038991582,10426046896504,10426044682699
10426038991582,10426038991582,10426046896504
10426038991582,10426038991582,10426046896504
10426078023464,10426078023464,10426080599752
10426078023464,10426078023464,10426080599752
10426072898158,10426072898158,10426078023464,10426080599752
10426078023464,10426078023464,10426080599752
10426078023464,10426078023464,10426080599752
10426106134013,10426106134013,10426114929634
10426106134013,10426106134013,10426114929634
10426106134013,10426106134013,10426114929634,10426114280158
10426114280158,10426114929634,10426114280158
10426114280158,10426114929634,10426114280158
10426139779931,10426139779931,10426144543391
10426139779931,10426139779931,10426144543391
10426139779931,10426139779931,10426144543391,10426146025573
10426144543391,10426144543391,10426146025573
10426144543391,10426144543391,10426146025573
10426173813731,10426173813731,10426180812217
10426173813731,10426173813731,10426181713784,10426180812217
10426173813731,10426173813731,10426181713784
10426173813731,10426173813731,10426181713784
10426206370585,10426206370585,10426213905706
10426206370585,10426206370585,10426213692069,10426213905706
10426213692069,10426213692069,10426213905706
10426213692069,10426213692069,10426213905706
10426238787711,10426238787711,10426246433992
10426238787711,10426238787711,10426244600278,10426246433992
10426244600278,10426244600278,10426246433992
10426244600278,10426244600278,10426246433992
10426273674781,10426273674781,10426280183909
10426273674781,10426273674781,10426280183909
10426273674781,10426273674781,10426280183909,10426285495490
10426280183909,10426280183909,10426285495490
10426280183909,10426280183909,10426285495490
10426306205724,10426306205724,10426321420972
10426306205724,10426306205724,10426313096795,10426321420972
10426313096795,10426313096795,10426321420972
10426313096795,10426340239219,10426313096795,10426321420972
10426321420972,10426340239219,10426321420972
10426340239219,10426340239219,10426346769326,10426346433051
10426340239219,10426340239219,10426346433051
10426377817675,10426377817675,10426378026906
10426377817675,10426377817675,10426378026906
10426377817675,10426377817675,10426378026906,10426379421296
10426378026906,10426378026906,10426379421296
10426378026906,10426378026906,10426379421296
10426406521878,10426406521878,10426413178624
10426406521878,10426406521878,10426413178624
10426406521878,10426406521878,10426413178624,10426411290391
10426411290391,10426413178624,10426411290391
10426411290391,10426413178624,10426411290391
10426438646192,10426438646192,10426446729685
10426438646192,10426438646192,10426446729685
10426438646192,10426438646192,10426446729685,10426453557422
10426446729685,10426446729685,10426453557422
10426446729685,10426472148174,10426446729685,10426453557422
10426453557422,10426472148174,10426453557422
10426472148174,10426472148174,10426479408594,10426486321626
10426472148174,10426472148174,10426479408594
10426472148174,10426472148174,10426479408594
10426506293952,10426506293952,10426512567526
10426506293952,10426506293952,10426513423554,10426512567526
10426512567526,10426513423554,10426512567526
10426512567526,10426513423554,10426512567526
10426539668006,10426539668006,10426546763057
10426539668006,10426539668006,10426546554223,10426546763057
10426546554223,10426546554223,10426546763057
10426546554223,10426546554223,10426546763057
10426572973504,10426572973504,10426579453549
10426572973504,10426572973504,10426585231175,10426579453549
10426579453549,10426585231175,10426579453549
10426579453549,10426585231175,10426579453549
10426606445966,10426606445966,10426613971148
10426606445966,10426606445966,10426613971148
10426606445966,10426606445966,10426613971148,10426619000050
10426613971148,10426613971148,10426619000050
10426613971148,10426613971148,10426619000050
10426641650189,10426641650189,10426645984001
10426641650189,10426641650189,10426645984001
10426641650189,10426641650189,10426645984001,10426646349562
10426645984001,10426645984001,10426646349562
10426645984001,10426645984001,10426646349562
10426672244934,10426672244934,10426677869492
10426672244934,10426672244934,10426679833349,10426677869492
10426677869492,10426679833349,10426677869492
10426677869492,10426679833349,10426677869492
10426706792487,10426706792487,10426712878592
10426706792487,10426706792487,10426711576426,10426712878592
10426711576426,10426711576426,10426712878592
10426711576426,10426711576426,10426712878592
10426739844840,10426739844840,10426746873047
10426739844840,10426739844840,10426746950075,10426746873047
10426746873047,10426746950075,10426746873047
10426746873047,10426746950075,10426746873047
10426772665181,10426772665181,10426779922452
10426772665181,10426772665181,10426779695987,10426779922452
10426779695987,10426779695987,10426779922452
10426779695987,10426779695987,10426779922452
10426805671933,10426805671933,10426813190852
10426805671933,10426805671933,10426812290233,10426813190852
10426812290233,10426812290233,10426813190852
10426812290233,10426812290233,10426813190852
10426845055526,10426845055526,10426846896110
10426845055526,10426845055526,10426846896110
10426845055526,10426845055526,10426846896110,10426854591491
10426846896110,10426846896110,10426854591491
10426846896110,10426872163645,10426846896110,10426854591491
10426854591491,10426872163645,10426854591491
10426872163645,10426872163645,10426878061201,10426885490828
10426878061201,10426878061201,10426885490828
10426878061201,10426878061201,10426885490828
10426910467525,10426910467525,10426918479427
10426910467525,10426910467525,10426918479427
10426910467525,10426910467525,10426918479427,10426913150011
10426913150011,10426918479427,10426913150011
10426913150011,10426918479427,10426913150011
10426939365837,10426939365837,10426946069385
10426939365837,10426939365837,10426946684158,10426946069385
10426946069385,10426946684158,10426946069385
10426946069385,10426946684158,10426946069385
10426971997623,10426971997623,10426977820889
10426971997623,10426971997623,10426979367913,10426977820889
10426977820889,10426979367913,10426977820889
10426977820889,10426979367913,10426977820889
10427005260455,10427005260455,10427013400199
10427005260455,10427005260455,10427013400199
10427005260455,10427005260455,10427013400199,10427011384192
10427011384192,10427013400199,10427011384192
10427011384192,10427013400199,10427011384192
10427044823561,10427047114736,10427044823561
10427044823561,10427047114736,10427044823561
10427044823561,10427047114736,10427044823561,10427052327266
10427044823561,10427044823561,10427052327266
10427044823561,10427072005646,10427044823561,10427052327266
10427072005646,10427072005646,10427080900675
10427072005646,10427072005646,10427087679678,10427080900675
10427080900675,10427087679678,10427080900675
10427080900675,10427087679678,10427080900675
10427109111165,10427109111165,10427113030453
10427109111165,10427109111165,10427113030453
10427109111165,10427109111165,10427113030453,10427112859125
10427112859125,10427113030453,10427112859125
10427112859125,10427113030453,10427112859125
10427138772226,10427138772226,10427154149140
10427138772226,10427138772226,10427156217328,10427154149140
10427154149140,10427172744618,10427156217328,10427154149140
10427154149140,10427172744618,10427154149140
10427172744618,10427172744618,10427178820106,10427183946860
10427178820106,10427178820106,10427183946860
10427178820106,10427178820106,10427183946860
10427205580957,10427205580957,10427212458883
10427205580957,10427205580957,10427212458883
10427205580957,10427205580957,10427212458883,10427212619041
10427212458883,10427212458883,10427212619041
10427212458883,10427212458883,10427212619041
10427238590081,10427238590081,10427244520679
10427238590081,10427238590081,10427244520679
10427238590081,10427238590081,10427244520679,10427246225303
10427244520679,10427244520679,10427246225303
10427244520679,10427244520679,10427246225303
10427273103222,10427273103222,10427279216262
10427273103222,10427273103222,10427279216262
10427273103222,10427273103222,10427279216262,10427285560090
10427279216262,10427279216262,10427285560090
10427279216262,10427305447990,10427279216262,10427285560090
10427285560090,10427305447990,10427285560090
10427305447990,10427305447990,10427313574989,10427317368893
10427313574989,10427313574989,10427317368893
10427313574989,10427313574989,10427317368893
10427338733813,10427338733813,10427345476032
10427338733813,10427338733813,10427345476032
10427338733813,10427338733813,10427345476032,10427351206816
10427345476032,10427345476032,10427351206816
10427345476032,10427345476032,10427351206816
10427371881891,10427371881891,10427377993011
10427371881891,10427371881891,10427377993011
10427371881891,10427371881891,10427377993011,10427382369755
10427377993011,10427377993011,10427382369755
10427377993011,10427377993011,10427382369755
10427405329673,10427405329673,10427413120230
10427405329673,10427405329673,10427413120230
10427405329673,10427405329673,10427413120230,10427419478889
10427413120230,10427413120230,10427419478889
10427413120230,10427413120230,10427419478889
10427439511779,10427439511779,10427446638268
10427439511779,10427439511779,10427450652346,10427446638268
10427446638268,10427450652346,10427446638268
10427446638268,10427450652346,10427446638268
10427472177494,10427472177494,10427479408370
10427472177494,10427472177494,10427479408370
10427472177494,10427472177494,10427479408370,10427484934240
10427479408370,10427479408370,10427484934240
10427479408370,10427479408370,10427484934240
10427505862808,10427505862808,10427512599562
10427505862808,10427505862808,10427512484629,10427512599562
10427512484629,10427512484629,10427512599562
10427512484629,10427512484629,10427512599562
10427538329929,10427538329929,10427544871679
10427538329929,10427538329929,10427544871679
10427538329929,10427538329929,10427544871679,10427550299274
10427544871679,10427544871679,10427550299274
10427544871679,10427544871679,10427550299274
10427572843893,10427572843893,10427577977000
10427572843893,10427572843893,10427579641325,10427577977000
10427572843893,10427572843893,10427577977000
10427611171469,10427611171469,10427611574746
10427611171469,10427611171469,10427611574746
10427608835144,10427608835144,10427611171469,10427611574746
10427611171469,10427611171469,10427611574746
10427611171469,10427611171469,10427611574746
10427641230314,10427641230314,10427652279602
10427641230314,10427641230314,10427652942821,10427652279602
10427652279602,10427652942821,10427652279602
10427652279602,10427672893286,10427652942821,10427652279602
10427672893286,10427672893286,10427679719898
10427672893286,10427672893286,10427679719898
10427672893286,10427672893286,10427679719898,10427679432395
10427679432395,10427679719898,10427679432395
10427679432395,10427679719898,10427679432395
10427707076873,10427707076873,10427713292027
10427707076873,10427707076873,10427712905596,10427713292027
10427712905596,10427712905596,10427713292027
10427712905596,10427712905596,10427713292027
10427741078997,10427741078997,10427746592026
10427741078997,10427741078997,10427744690434,10427746592026
10427744690434,10427744690434,10427746592026
10427744690434,10427744690434,10427746592026
10427771757185,10427771757185,10427777810896
10427771757185,10427771757185,10427786292313,10427777810896
10427777810896,10427786292313,10427777810896
10427777810896,10427804967559,10427786292313,10427777810896
10427804967559,10427804967559,10427811821774
10427804967559,10427804967559,10427811821774
10427804967559,10427804967559,10427811821774,10427812503115
10427804967559,10427804967559,10427812503115
10427845237094,10427845237094,10427850964478
10427845237094,10427845237094,10427850964478
10427845237094,10427845237094,10427850964478,10427850707078
10427850707078,10427850964478,10427850707078
10427850707078,10427850964478,10427850707078
10427873022388,10427873022388,10427881064290
10427873022388,10427873022388,10427879501511,10427881064290
10427879501511,10427879501511,10427881064290
10427879501511,10427879501511,10427881064290
10427906632372,10427906632372,10427913779617
10427906632372,10427906632372,10427912523318,10427913779617
10427912523318,10427912523318,10427913779617
10427912523318,10427912523318,10427913779617
10427939591644,10427939591644,10427947413210
10427939591644,10427939591644,10427946399503,10427947413210
10427939591644,10427939591644,10427946399503
10427939591644,10427939591644,10427946399503
10427971667734,10427971667734,10427979306998
10427971667734,10427971667734,10427979749798,10427979306998
10427979306998,10427979749798,10427979306998
10427979306998,10427979749798,10427979306998
10428007325716,10428007325716,10428011439603
10428007325716,10428007325716,10428011439603
10428007325716,10428007325716,10428011439603,10428019996690
10428011439603,10428011439603,10428019996690
10428011439603,10428038408280,10428011439603,10428019996690
10428038408280,10428038408280,10428045366539
10428038408280,10428038408280,10428046073553,10428045366539
10428045366539,10428046073553,10428045366539
10428045366539,10428046073553,10428045366539
10428074254273,10428074254273,10428079995494
10428074254273,10428074254273,10428079995494
10428074254273,10428074254273,10428079995494,10428084823435
10428079995494,10428079995494,10428084823435
10428079995494,10428079995494,10428084823435
10428105260136,10428105260136,10428117178878
10428105260136,10428105260136,10428117581963,10428117178878
10428117178878,10428117581963,10428117178878
10428117178878,10428117581963,10428117178878
10428138260760,10428138260760,10428150459758
10428138260760,10428138260760,10428145606918,10428150459758
10428145606918,10428145606918,10428150459758
10428145606918,10428145606918,10428150459758
10428172015168,10428172015168,10428178989580
10428172015168,10428172015168,10428178989580
10428172015168,10428172015168,10428178989580,10428184254390
10428178989580,10428178989580,10428184254390
10428178989580,10428178989580,10428184254390
10428205021474,10428205021474,10428212562415
10428205021474,10428205021474,10428212562415
10428205021474,10428205021474,10428212562415,10428218746965
10428212562415,10428212562415,10428218746965
10428212562415,10428238438816,10428212562415,10428218746965
10428238438816,10428238438816,10428244500541
10428238438816,10428238438816,10428246239067,10428244500541
10428244500541,10428246239067,10428244500541
10428244500541,10428246239067,10428244500541
10428271593559,10428271593559,10428279495138
10428271593559,10428271593559,10428277770489,10428279495138
10428277770489,10428277770489,10428279495138
10428277770489,10428277770489,10428279495138
10428304988671,10428304988671,10428311114774
10428304988671,10428304988671,10428312646993,10428311114774
10428311114774,10428312646993,10428311114774
10428311114774,10428312646993,10428311114774
10428338318691,10428338318691,10428345571392
10428338318691,10428338318691,10428345571392
10428338318691,10428338318691,10428345571392,10428351024769
10428345571392,10428345571392,10428351024769
10428345571392,10428345571392,10428351024769
10428371532966,10428371532966,10428378894974
10428371532966,10428371532966,10428380290778,10428378894974
10428378894974,10428380290778,10428378894974
10428378894974,10428380290778,10428378894974
10428404956698,10428404956698,10428412914223
10428404956698,10428404956698,10428412914223
10428404956698,10428404956698,10428412914223,10428417095670
10428412914223,10428412914223,10428417095670
10428412914223,10428412914223,10428417095670
10428438108022,10428438108022,10428444409140
10428438108022,10428438108022,10428444409140
10428438108022,10428438108022,10428444409140,10428453990582
10428444409140,10428444409140,10428453990582
10428444409140,10428444409140,10428453990582
10428474414278,10428474414278,10428479721783
10428474414278,10428474414278,10428477739505,10428479721783
10428474414278,10428474414278,10428477739505
10428474414278,10428474414278,10428477739505
10428511095262,10428513015860,10428511095262
10428511095262,10428513015860,10428512932556,10428511095262
10428512932556,10428513015860,10428512932556
10428512932556,10428513015860,10428512932556
10428538737310,10428538737310,10428546641265
10428538737310,10428538737310,10428544549766,10428546641265
10428544549766,10428544549766,10428546641265
10428544549766,10428544549766,10428546641265
10428571400793,10428571400793,10428579725209
10428571400793,10428571400793,10428579323617,10428579725209
10428571400793,10428571400793,10428579725209
10428613270700,10428613524053,10428613270700
10428613270700,10428613524053,10428613270700
10428613270700,10428613528574,10428613524053,10428613270700
10428613270700,10428613524053,10428613270700
10428613270700,10428613524053,10428613270700
10428639201307,10428639201307,10428645794339
10428639201307,10428639201307,10428645794339
10428639201307,10428639201307,10428645794339,10428645943420
10428645794339,10428645794339,10428645943420
10428645794339,10428645794339,10428645943420
10428676100112,10428676100112,10428679371381
10428676100112,10428676100112,10428677834808,10428679371381
10428677834808,10428677834808,10428679371381
10428677834808,10428677834808,10428679371381
10428704935075,10428704935075,10428712185878
10428704935075,10428704935075,10428713671445,10428712185878
10428712185878,10428713671445,10428712185878
10428712185878,10428713671445,10428712185878
10428738065139,10428738065139,10428745654792
10428738065139,10428738065139,10428744244333,10428745654792
10428744244333,10428744244333,10428745654792
10428744244333,10428744244333,10428745654792
10428771313267,10428771313267,10428780175035
10428771313267,10428771313267,10428780175035
10428771313267,10428771313267,10428780175035,10428786296986
10428780175035,10428780175035,10428786296986
10428780175035,10428804736861,10428780175035,10428786296986
10428786296986,10428804736861,10428786296986
10428804736861,10428804736861,10428816703799,10428819165168
10428816703799,10428816703799,10428819165168
10428816703799,10428816703799,10428819165168
10428839308127,10428839308127,10428845413624
10428839308127,10428839308127,10428845413624
10428839308127,10428839308127,10428845413624,10428851786317
10428845413624,10428845413624,10428851786317
10428845413624,10428845413624,10428851786317
10428875822228,10428875822228,10428879125030
10428875822228,10428875822228,10428879125030
10428875822228,10428875822228,10428879125030,10428886528374
10428875822228,10428875822228,10428886528374
10428911186416,10428913659272,10428911186416
10428911186416,10428913659272,10428911186416
10428908910048,10428908910048,10428913659272,10428911186416
10428908910048,10428908910048,10428911186416
10428938879093,10428938879093,10428945980212
10428938879093,10428938879093,10428945980212
10428938879093,10428938879093,10428945980212,10428945647108
10428945647108,10428945980212,10428945647108
10428945647108,10428945980212,10428945647108
10428972302527,10428972302527,10428979265853
10428972302527,10428972302527,10428979265853
10428972302527,10428972302527,10428979265853,10428978846274
10428978846274,10428979265853,10428978846274
10428978846274,10428979265853,10428978846274
10429004731731,10429004731731,10429011104577
10429004731731,10429004731731,10429011104577
10429004731731,10429004731731,10429011104577,10429018199718
10429011104577,10429011104577,10429018199718
10429011104577,10429011104577,10429018199718
10429039366474,10429039366474,10429044478152
10429039366474,10429039366474,10429044478152
10429039366474,10429039366474,10429044478152,10429050519640
10429044478152,10429044478152,10429050519640
10429044478152,10429044478152,10429050519640
10429072288311,10429072288311,10429078858923
10429072288311,10429072288311,10429078858923
10429072288311,10429072288311,10429078858923,10429082676711
10429072288311,10429072288311,10429082676711
10429110931791,10429111929847,10429110931791
10429110931791,10429111929847,10429110931791
10429110931791,10429111929847,10429110931791,10429117988210
10429110931791,10429110931791,10429117988210
10429110931791,10429110931791,10429117988210
10429139266358,10429139266358,10429144697854
10429139266358,10429139266358,10429144697854
10429139266358,10429139266358,10429144697854,10429149184060
10429139266358,10429139266358,10429149184060
10429172016671,10429172016671,10429177643073
10429172016671,10429172016671,10429177643073
10429172016671,10429172016671,10429177643073,10429184567630
10429177643073,10429177643073,10429184567630
10429177643073,10429177643073,10429184567630
10429205498343,10429205498343,10429212253990
10429205498343,10429205498343,10429212253990
10429205498343,10429205498343,10429212253990,10429217018590
10429205498343,10429205498343,10429217018590
10429244436626,10429244436626,10429250678430
10429244436626,10429244436626,10429250678430
10429244436626,10429246194072,10429244436626,10429250678430
10429244436626,10429244436626,10429250678430
10429244436626,10429244436626,10429250678430
10429272216629,10429272216629,10429279194615
10429272216629,10429272216629,10429279194615
10429272216629,10429272216629,10429279194615,10429285171453
10429279194615,10429279194615,10429285171453
10429279194615,10429279194615,10429285171453
10429305353672,10429305353672,10429310992318
10429305353672,10429305353672,10429310992318
10429305353672,10429305353672,10429310992318,10429314052912
10429305353672,10429305353672,10429314052912
10429339173119,10429339173119,10429345789652
10429339173119,10429339173119,10429345789652
10429339173119,10429339173119,10429345789652,10429345824548
10429345789652,10429345789652,10429345824548
10429345789652,10429345789652,10429345824548
10429373440223,10429373440223,10429377711332
10429373440223,10429373440223,10429377711332
10429373440223,10429373440223,10429377711332,10429384955354
10429377711332,10429377711332,10429384955354
10429377711332,10429404661179,10429377711332,10429384955354
10429384955354,10429404661179,10429384955354
10429404661179,10429404661179,10429410933739,10429412852992
10429410933739,10429410933739,10429412852992
10429410933739,10429410933739,10429412852992
10429437992711,10429437992711,10429447481363
10429437992711,10429437992711,10429447481363
10429437992711,10429437992711,10429447481363,10429446199919
10429446199919,10429447481363,10429446199919
10429446199919,10429447481363,10429446199919
10429471303303,10429471303303,10429481597590
10429471303303,10429471303303,10429481597590
10429471303303,10429471303303,10429481597590,10429478100896
10429478100896,10429481597590,10429478100896
10429478100896,10429481597590,10429478100896
10429504461334,10429504461334,10429513126863
10429504461334,10429504461334,10429518496477,10429513126863
10429513126863,10429518496477,10429513126863
10429513126863,10429518496477,10429513126863
10429539418447,10429539418447,10429546632315
10429539418447,10429539418447,10429546632315
10429539418447,10429539418447,10429546632315,10429544396309
10429544396309,10429546632315,10429544396309
10429544396309,10429546632315,10429544396309
10429576394456,10429576394456,10429583918105
10429576394456,10429576394456,10429578372254,10429583918105
10429578372254,10429578372254,10429583918105
10429578372254,10429578372254,10429583918105
10429609548239,10429609548239,10429611429910
10429609548239,10429609548239,10429618438682,10429611429910
10429611429910,10429618438682,10429611429910
10429611429910,10429637776286,10429618438682,10429611429910
10429637776286,10429637776286,10429644335776
10429637776286,10429637776286,10429644335776
10429637776286,10429637776286,10429644335776,10429645829592
10429644335776,10429644335776,10429645829592
10429644335776,10429644335776,10429645829592
10429671183093,10429671183093,10429679152128
10429671183093,10429671183093,10429679152128
10429671183093,10429671183093,10429679152128,10429678441076
10429678441076,10429679152128,10429678441076
10429678441076,10429679152128,10429678441076
10429704395311,10429704395311,10429720808998
10429704395311,10429704395311,10429720808998
10429704395311,10429704395311,10429720808998,10429719344415
10429719344415,10429737775096,10429720808998,10429719344415
10429720808998,10429737775096,10429720808998
10429720808998,10429737775096,10429720808998,10429746284910
10429737775096,10429737775096,10429752698683,10429746284910
10429737775096,10429737775096,10429752698683
10429737775096,10429737775096,10429752698683
10429775628623,10429775628623,10429777630820
10429775628623,10429775628623,10429784429895,10429777630820
10429777630820,10429784429895,10429777630820
10429777630820,10429784429895,10429777630820
10429806555201,10429806555201,10429812064333
10429806555201,10429806555201,10429817903582,10429812064333
10429812064333,10429817903582,10429812064333
10429812064333,10429817903582,10429812064333
10429839127730,10429839127730,10429845049809
10429839127730,10429839127730,10429845049809
10429871038708,10429871038708,10429883771529
10429871038708,10429871038708,10429883771529
10429904316834,10429904316834,10429912680633
10429904316834,10429904316834,10429912680633
10429937772864,10429937772864,10429944432783
10429937772864,10429937772864,10429944432783
10429971565514,10429971565514,10429977616631
10429971565514,10429971565514,10429977616631
10429971565514,10429971565514,10429977616631,10429978947497
10429971565514,10429971565514,10429977616631,10429978947497
10429971565514,10429971565514,10429977616631,10429978947497
10429977616631,10429977616631,10429978947497
10429977616631,10429977616631,10429978947497
10430006677401,10430006677401,10430012435500
10430006677401,10430006677401,10430012435500
10430006677401,10430006677401,10430012435500
10430006677401,10430006677401,10430012435500
10430044243092,10430045527809,10430044243092
10430044243092,10430045527809,10430044243092
10430042282608,10430042282608,10430045527809,10430044243092
10430042282608,10430042282608,10430045527809,10430044243092
10430042282608,10430042282608,10430045527809,10430044243092
10430044243092,10430045527809,10430044243092
10430044243092,10430045527809,10430044243092
10430070863760,10430070863760,10430077322417
10430070863760,10430070863760,10430077322417
10430070863760,10430070863760,10430078832760,10430077322417
10430070863760,10430070863760,10430078832760,10430077322417
10430070863760,10430070863760,10430078832760,10430077322417
10430077322417,10430078832760,10430077322417
10430077322417,10430078832760,10430077322417
10430104209247,10430104209247,10430112170692
10430104209247,10430104209247,10430112170692
10430138302619,10430138302619,10430144100692
10430138302619,10430138302619,10430144100692
10430170760972,10430170760972,10430177652502
10430170760972,10430170760972,10430177652502
10430204070363,10430204070363,10430215937153
10430204070363,10430204070363,10430215937153
10430237417912,10430237417912,10430251482915
10430237417912,10430237417912,10430251482915
10430251482915,10430270844508,10430251482915
10430251482915,10430270844508,10430251482915
10430270844508,10430270844508,10430277237509
10430270844508,10430270844508,10430277237509
10430304125155,10430304125155,10430312505249
10430304125155,10430304125155,10430312505249
10430304125155,10430304125155,10430312505249,10430316643634
10430312505249,10430312505249,10430316643634
10430312505249,10430312505249,10430316643634
10430337920056,10430337920056,10430347098533
10430337920056,10430337920056,10430347098533
10430337920056,10430337920056,10430347098533,10430347232726
10430347098533,10430347098533,10430347232726
10430347098533,10430347098533,10430347232726
10430372234396,10430372234396,10430378733108
10430372234396,10430372234396,10430378915782,10430378733108
10430378733108,10430378915782,10430378733108
10430378733108,10430378915782,10430378733108
10430404678338,10430404678338,10430411978033
10430404678338,10430404678338,10430413524883,10430411978033
10430411978033,10430413524883,10430411978033
10430411978033,10430413524883,10430411978033
10430437836216,10430437836216,10430444044015
10430437836216,10430437836216,10430445565631,10430444044015
10430444044015,10430445565631,10430444044015
10430444044015,10430445565631,10430444044015
10430471695002,10430471695002,10430479324475
10430471695002,10430471695002,10430479773054,10430479324475
10430479324475,10430479773054,10430479324475
10430479324475,10430479773054,10430479324475
10430504736127,10430504736127,10430511115029
10430504736127,10430504736127,10430511115029
10430504736127,10430504736127,10430511115029,10430513237534
10430511115029,10430511115029,10430513237534
10430511115029,10430511115029,10430513237534
10430537451568,10430537451568,10430545537269
10430537451568,10430537451568,10430546192339,10430545537269
10430545537269,10430546192339,10430545537269
10430545537269,10430546192339,10430545537269
10430571597319,10430571597319,10430579270756
10430571597319,10430571597319,10430579270756
10430571597319,10430571597319,10430579270756,10430585266273
10430579270756,10430579270756,10430585266273
10430579270756,10430603965728,10430579270756,10430585266273
10430603965728,10430603965728,10430610800348
10430603965728,10430603965728,10430616957024,10430610800348
10430610800348,10430616957024,10430610800348
10430610800348,10430616957024,10430610800348
10430637263527,10430637263527,10430646344135
10430637263527,10430637263527,10430646344135
10430637263527,10430637263527,10430646344135,10430651975869
10430646344135,10430646344135,10430651975869
10430646344135,10430671784240,10430646344135,10430651975869
10430651975869,10430671784240,10430651975869
10430671784240,10430671784240,10430677771944,10430679623216
10430671784240,10430671784240,10430677771944
10430671784240,10430671784240,10430677771944
10430710749628,10430712197953,10430710749628
10430710749628,10430712197953,10430710749628
10430706320129,10430706320129,10430712197953,10430710749628
10430706320129,10430706320129,10430712197953
10430706320129,10430706320129,10430712197953
10430741638791,10430741638791,10430743963854
10430741638791,10430741638791,10430752346988,10430743963854
10430743963854,10430752346988,10430743963854
10430743963854,10430752346988,10430743963854
10430774300818,10430774300818,10430777541439
10430774300818,10430774300818,10430778854905,10430777541439
10430777541439,10430778854905,10430777541439
10430777541439,10430778854905,10430777541439
10430804547037,10430804547037,10430812045960
10430804547037,10430804547037,10430812045960
10430804547037,10430804547037,10430812045960,10430812186351
10430812045960,10430812045960,10430812186351
10430812045960,10430812045960,10430812186351
10430842414095,10430842414095,10430844773739
10430842414095,10430842414095,10430844773739
10430842414095,10430842414095,10430844773739,10430850890834
10430844773739,10430844773739,10430850890834
10430844773739,10430844773739,10430850890834
10430872980399,10430872980399,10430877656044
10430872980399,10430872980399,10430877656044
10430872980399,10430872980399,10430877656044,10430883608018
10430877656044,10430877656044,10430883608018
10430877656044,10430877656044,10430883608018
10430903938291,10430903938291,10430912084473
10430903938291,10430903938291,10430912084473
10430903938291,10430903938291,10430912084473,10430911644633
10430911644633,10430912084473,10430911644633
10430911644633,10430912084473,10430911644633
10430937269791,10430937269791,10430945921606
10430937269791,10430937269791,10430945921606
10430973340873,10430973340873,10430977615461
10430973340873,10430973340873,10430977615461
10431004418139,10431004418139,10431010602852
10431004418139,10431004418139,10431010602852
10431037245027,10431037245027,10431043834237
10431037245027,10431037245027,10431043834237
10431037245027,10431037245027,10431043834237,10431045470647
10431037245027,10431037245027,10431043834237,10431045470647
10431037245027,10431037245027,10431043834237,10431045470647
10431043834237,10431043834237,10431045470647
10431043834237,10431043834237,10431045470647
10431071679317,10431071679317,10431079559065
10431071679317,10431071679317,10431079559065
10431071679317,10431071679317,10431079559065,10431077931195
10431071679317,10431071679317,10431079559065,10431077931195
10431071679317,10431071679317,10431079559065,10431077931195
10431077931195,10431079559065,10431077931195
10431077931195,10431079559065,10431077931195
10431105114259,10431105114259,10431112159920
10431105114259,10431105114259,10431112159920
10431105114259,10431105114259,10431112159920,10431112159645
10431105114259,10431105114259,10431112159920,10431112159645
10431105114259,10431105114259,10431112159920,10431112159645
10431112159645,10431112159920,10431112159645
10431112159645,10431112159920,10431112159645
10431137168381,10431137168381,10431145454570
10431137168381,10431137168381,10431145454570
10431137168381,10431137168381,10431145454570,10431143990218
10431137168381,10431137168381,10431145454570,10431143990218
10431137168381,10431137168381,10431145454570,10431143990218
10431143990218,10431145454570,10431143990218
10431143990218,10431145454570,10431143990218
10431170708843,10431170708843,10431178626098
10431170708843,10431170708843,10431178626098
10431170708843,10431170708843,10431178626098,10431182847641
10431170708843,10431170708843,10431178626098,10431182847641
10431170708843,10431170708843,10431178626098,10431182847641
10431178626098,10431178626098,10431182847641
10431178626098,10431178626098,10431182847641
10431203959940,10431203959940,10431211711163
10431203959940,10431203959940,10431211711163
10431203959940,10431203959940,10431211711163,10431216866705
10431203959940,10431203959940,10431211711163,10431216866705
10431203959940,10431203959940,10431211711163,10431216866705
10431211711163,10431211711163,10431216866705
10431211711163,10431211711163,10431216866705
10431237210188,10431237210188,10431246224782
10431237210188,10431237210188,10431246224782
10431270465524,10431270465524,10431277266980
10431270465524,10431270465524,10431277266980
10431303774983,10431303774983,10431313474585
10431303774983,10431303774983,10431313474585
10431337038699,10431337038699,10431344084736
10431337038699,10431337038699,10431344084736
10431370400341,10431370400341,10431378503676
10431370400341,10431370400341,10431378503676
10431370400341,10431370400341,10431378503676,10431377373190
10431370400341,10431370400341,10431378503676,10431377373190
10431370400341,10431370400341,10431378503676,10431377373190
10431377373190,10431378503676,10431377373190
10431377373190,10431378503676,10431377373190
10431404015734,10431404015734,10431410798574
10431404015734,10431404015734,10431410798574
10431404015734,10431404015734,10431410798574,10431412531451
10431410798574,10431410798574,10431412531451
10431410798574,10431410798574,10431412531451
10431437432990,10431437432990,10431444261878
10431437432990,10431437432990,10431444261878
10431437432990,10431437432990,10431444261878,10431449826351
10431437432990,10431437432990,10431444261878,10431449826351
10431437432990,10431437432990,10431444261878,10431449826351
10431444261878,10431444261878,10431449826351
10431444261878,10431444261878,10431449826351
10431471235699,10431471235699,10431478044315
10431471235699,10431471235699,10431478044315
10431471235699,10431471235699,10431478507735,10431478044315
10431471235699,10431471235699,10431478507735,10431478044315
10431471235699,10431471235699,10431478507735,10431478044315
10431478044315,10431478507735,10431478044315
10431478044315,10431478507735,10431478044315
10431503663653,10431503663653,10431512910448
10431503663653,10431503663653,10431515692050,10431512910448
10431512910448,10431515692050,10431512910448
10431512910448,10431515692050,10431512910448
10431538030751,10431538030751,10431548274563
10431538030751,10431538030751,10431545696772,10431548274563
10431545696772,10431545696772,10431548274563
10431545696772,10431545696772,10431548274563
10431571132661,10431571132661,10431578035372
10431571132661,10431571132661,10431578035372
10431571132661,10431571132661,10431583290852,10431578035372
10431571132661,10431571132661,10431583290852,10431578035372
10431571132661,10431571132661,10431583290852,10431578035372
10431578035372,10431583290852,10431578035372
10431578035372,10431583290852,10431578035372
10431604587771,10431604587771,10431612246318
10431604587771,10431604587771,10431612246318
10431604587771,10431604587771,10431612246318,10431612015434
10431612015434,10431612246318,10431612015434
10431612015434,10431612246318,10431612015434
10431638479353,10431638479353,10431647650115
10431638479353,10431638479353,10431647650115
10431638479353,10431638479353,10431647650115,10431653964627
10431647650115,10431647650115,10431653964627
10431647650115,10431671632584,10431647650115,10431653964627
10431653964627,10431671632584,10431653964627
10431671632584,10431671632584,10431678346878,10431677689076
10431677689076,10431678346878,10431677689076
10431677689076,10431678346878,10431677689076
10431703717237,10431703717237,10431713633747
10431703717237,10431703717237,10431713633747
10431703717237,10431703717237,10431713633747,10431711892526
10431711892526,10431713633747,10431711892526
10431711892526,10431713633747,10431711892526
10431737611519,10431737611519,10431743981300
10431737611519,10431737611519,10431743981300
10431737611519,10431737611519,10431743981300,10431752186718
10431737611519,10431737611519,10431743981300,10431752186718
10431737611519,10431737611519,10431743981300,10431752186718
10431743981300,10431743981300,10431752186718
10431743981300,10431743981300,10431752186718
10431772664829,10431772664829,10431777339904
10431772664829,10431772664829,10431777339904
10431772664829,10431772664829,10431777339904,10431782875909
10431772664829,10431772664829,10431777339904,10431782875909
10431772664829,10431772664829,10431777339904,10431782875909
10431777339904,10431777339904,10431782875909
10431777339904,10431777339904,10431782875909
10431803961804,10431803961804,10431811217561
10431803961804,10431803961804,10431812802207,10431811217561
10431811217561,10431812802207,10431811217561
10431811217561,10431812802207,10431811217561
10431838148034,10431838148034,10431844254640
10431838148034,10431838148034,10431844254640
10431838148034,10431838148034,10431846140450,10431844254640
10431838148034,10431838148034,10431846140450,10431844254640
10431838148034,10431838148034,10431846140450,10431844254640
10431844254640,10431846140450,10431844254640
10431844254640,10431846140450,10431844254640
10431871152402,10431871152402,10431879160126
10431871152402,10431871152402,10431879160126
10431871152402,10431871152402,10431879160126,10431878452732
10431878452732,10431879160126,10431878452732
10431878452732,10431879160126,10431878452732
10431904210940,10431904210940,10431911220174
10431904210940,10431904210940,10431911220174
10431939592614,10431939592614,10431945175570
10431939592614,10431939592614,10431945175570
10431970077488,10431970077488,10431983151603
10431970077488,10431970077488,10431983151603
10432003484477,10432003484477,10432011621428
10432003484477,10432003484477,10432011621428
10432037189946,10432037189946,10432047260254
10432037189946,10432037189946,10432047260254
10432070200309,10432070200309,10432077275406
10432070200309,10432070200309,10432077275406
10432070200309,10432070200309,10432077275406,10432078455482
10432070200309,10432070200309,10432077275406,10432078455482
10432070200309,10432070200309,10432077275406,10432078455482
10432077275406,10432077275406,10432078455482
10432077275406,10432077275406,10432078455482
10432103454011,10432103454011,10432113827766
10432103454011,10432103454011,10432113827766
10432137355460,10432137355460,10432145227614
10432137355460,10432137355460,10432145227614
10432171392685,10432171392685,10432177563663
10432171392685,10432171392685,10432177563663
10432236690243,10432236690243,10432243740503
10432236690243,10432236690243,10432243740503
10432269958620,10432269958620,10432277048424
10432269958620,10432269958620,10432277048424
10432377327991,10432377327991,10432378525504
10432377327991,10432377327991,10432378525504
10432377327991,10432377327991,10432378525504
10432377327991,10432377327991,10432378525504
10432403578178,10432403578178,10432410478627
10432403578178,10432403578178,10432410478627
10432403578178,10432403578178,10432411861277,10432410478627
10432403578178,10432403578178,10432411861277,10432410478627
10432403578178,10432403578178,10432411861277,10432410478627
10432410478627,10432411861277,10432410478627
10432410478627,10432411861277,10432410478627
10432436726875,10432436726875,10432444214878
10432436726875,10432436726875,10432444214878
10432436726875,10432436726875,10432444214878,10432445481834
10432436726875,10432436726875,10432444214878
10432436726875,10432436726875,10432444214878
10432471786459,10432471786459,10432478137031
10432471786459,10432471786459,10432481536884,10432478137031
10432478137031,10432481536884,10432478137031
10432478137031,10432481536884,10432478137031
10432503571090,10432503571090,10432511753192
10432503571090,10432503571090,10432511753192
10432503571090,10432503571090,10432512651867,10432511753192
10432503571090,10432503571090,10432512651867,10432511753192
10432503571090,10432503571090,10432512651867,10432511753192
10432511753192,10432512651867,10432511753192
10432511753192,10432512651867,10432511753192
10432536672011,10432536672011,10432544758048
10432536672011,10432536672011,10432544758048
10432536672011,10432536672011,10432550578007,10432544758048
10432536672011,10432536672011,10432550578007,10432544758048
10432536672011,10432536672011,10432550578007,10432544758048
10432544758048,10432550578007,10432544758048
10432544758048,10432569943416,10432550578007,10432544758048
10432550578007,10432569943416,10432550578007
10432550578007,10432569943416,10432550578007
10432550578007,10432569943416,10432550578007,10432578005134
10432569943416,10432569943416,10432578005134
10432569943416,10432569943416,10432578149636,10432578005134
10432569943416,10432569943416,10432578149636,10432578005134
10432569943416,10432569943416,10432578149636,10432578005134
10432578005134,10432578149636,10432578005134
10432578005134,10432578149636,10432578005134
10432603151176,10432603151176,10432610462576
10432603151176,10432603151176,10432610462576
10432603151176,10432603151176,10432610462576,10432615586695
10432603151176,10432603151176,10432610462576,10432615586695
10432603151176,10432603151176,10432610462576,10432615586695
10432610462576,10432610462576,10432615586695
10432610462576,10432610462576,10432615586695
10432636499758,10432636499758,10432644197196
10432636499758,10432636499758,10432644197196
10432636499758,10432636499758,10432644197196,10432645709724
10432636499758,10432636499758,10432644197196,10432645709724
10432636499758,10432636499758,10432644197196,10432645709724
10432644197196,10432644197196,10432645709724
10432644197196,10432644197196,10432645709724
10432670090365,10432670090365,10432677483610
10432670090365,10432670090365,10432677483610
10432670090365,10432670090365,10432679121246,10432677483610
10432670090365,10432670090365,10432679121246,10432677483610
10432670090365,10432670090365,10432679121246,10432677483610
10432677483610,10432679121246,10432677483610
10432677483610,10432679121246,10432677483610
10432703293575,10432703293575,10432710865147
10432703293575,10432703293575,10432710865147
10432703293575,10432703293575,10432712845236,10432710865147
10432703293575,10432703293575,10432712845236,10432710865147
10432703293575,10432703293575,10432712845236,10432710865147
10432710865147,10432712845236,10432710865147
10432710865147,10432712845236,10432710865147
10432736730135,10432736730135,10432744223482
10432736730135,10432736730135,10432744223482
10432736730135,10432736730135,10432744223482,10432751268853
10432736730135,10432736730135,10432744223482,10432751268853
10432736730135,10432736730135,10432744223482,10432751268853
10432744223482,10432744223482,10432751268853
10432744223482,10432770112588,10432744223482,10432751268853
10432751268853,10432770112588,10432751268853
10432751268853,10432770112588,10432751268853
10432751268853,10432770112588,10432778771025,10432751268853
10432770112588,10432770112588,10432778771025
10432770112588,10432770112588,10432778771025,10432778629164
10432770112588,10432770112588,10432778771025,10432778629164
10432770112588,10432770112588,10432778771025,10432778629164
10432778629164,10432778771025,10432778629164
10432778629164,10432778771025,10432778629164
10432803403358,10432803403358,10432810678270
10432803403358,10432803403358,10432810678270
10432803403358,10432803403358,10432812226140,10432810678270
10432803403358,10432803403358,10432812226140,10432810678270
10432803403358,10432803403358,10432812226140,10432810678270
10432810678270,10432812226140,10432810678270
10432810678270,10432812226140,10432810678270
10432836561986,10432836561986,10432843983969
10432836561986,10432836561986,10432843983969
10432836561986,10432836561986,10432845429915,10432843983969
10432836561986,10432836561986,10432845429915,10432843983969
10432836561986,10432836561986,10432845429915,10432843983969
10432843983969,10432845429915,10432843983969
10432843983969,10432845429915,10432843983969
10432869914786,10432869914786,10432879595528
10432869914786,10432869914786,10432879595528
10432869914786,10432869914786,10432877262213,10432879595528
10432869914786,10432869914786,10432877262213,10432879595528
10432869914786,10432869914786,10432877262213,10432879595528
10432877262213,10432877262213,10432879595528
10432877262213,10432877262213,10432879595528
10432903446088,10432903446088,10432910236503
10432903446088,10432903446088,10432910236503
10432903446088,10432903446088,10432910236503,10432911484986
10432903446088,10432903446088,10432910236503,10432911484986
10432903446088,10432903446088,10432910236503,10432911484986
10432910236503,10432910236503,10432911484986
10432910236503,10432910236503,10432911484986
10432936661613,10432936661613,10432944145061
10432936661613,10432936661613,10432944145061
10432936661613,10432936661613,10432944145061,10432945646177
10432936661613,10432936661613,10432944145061,10432945646177
10432936661613,10432936661613,10432944145061,10432945646177
10432944145061,10432944145061,10432945646177
10432944145061,10432944145061,10432945646177
10432969747208,10432969747208,10432977242093
10432969747208,10432969747208,10432977242093
10432969747208,10432969747208,10432978831654,10432977242093
10432969747208,10432969747208,10432978831654,10432977242093
10432969747208,10432969747208,10432978831654,10432977242093
10432977242093,10432978831654,10432977242093
10432977242093,10432978831654,10432977242093
10433003205076,10433003205076,10433012514955
10433003205076,10433003205076,10433012514955
10433036541967,10433036541967,10433044098144
10433036541967,10433036541967,10433044098144
10433069993015,10433069993015,10433079878310
10433069993015,10433069993015,10433079878310
10433103141751,10433103141751,10433111445595
10433103141751,10433103141751,10433111445595
10433136289420,10433136289420,10433143792894
10433136289420,10433136289420,10433143792894
10433169764388,10433169764388,10433178538435
10433169764388,10433169764388,10433178538435
10433203028449,10433203028449,10433213124364
10433203028449,10433203028449,10433213124364
10433236273602,10433236273602,10433243845633
10433236273602,10433236273602,10433243845633
10433269717388,10433269717388,10433283653803
10433269717388,10433269717388,10433283653803
10433283653803,10433303056556,10433283653803
10433283653803,10433303056556,10433283653803
10433303056556,10433303056556,10433311885727
10433303056556,10433303056556,10433311885727
10433336252015,10433336252015,10433345641836
10433336252015,10433336252015,10433345641836
10433403540600,10433403540600,10433410473992
10433403540600,10433403540600,10433410473992
10433436262335,10433436262335,10433443798351
10433436262335,10433436262335,10433443798351
10433436262335,10433436262335,10433445666425,10433443798351
10433436262335,10433436262335,10433445666425,10433443798351
10433436262335,10433436262335,10433445666425,10433443798351
10433443798351,10433445666425,10433443798351
10433443798351,10433445666425,10433443798351
10433469622112,10433469622112,10433478315792
10433469622112,10433469622112,10433478315792
10433469622112,10433469622112,10433478315792,10433477025669
10433469622112,10433469622112,10433478315792,10433477025669
10433469622112,10433469622112,10433478315792,10433477025669
10433477025669,10433478315792,10433477025669
10433477025669,10433478315792,10433477025669
10433502816019,10433502816019,10433511352275
10433502816019,10433502816019,10433511352275
10433502816019,10433502816019,10433511352275,10433511318626
10433502816019,10433502816019,10433511352275,10433511318626
10433502816019,10433502816019,10433511352275,10433511318626
10433511318626,10433511352275,10433511318626
10433511318626,10433511352275,10433511318626
10433536205977,10433536205977,10433544018245
10433536205977,10433536205977,10433544018245
10433536205977,10433536205977,10433544018245,10433545535821
10433536205977,10433536205977,10433544018245,10433545535821
10433536205977,10433536205977,10433544018245,10433545535821
10433544018245,10433544018245,10433545535821
10433544018245,10433544018245,10433545535821
10433569648677,10433569648677,10433577026285
10433569648677,10433569648677,10433583710444,10433577026285
10433577026285,10433583710444,10433577026285
10433577026285,10433583710444,10433577026285
10433604059952,10433604059952,10433610782345
10433604059952,10433604059952,10433620049636,10433610782345
10433610782345,10433620049636,10433610782345
10433610782345,10433637101570,10433620049636,10433610782345
10433620049636,10433637101570,10433620049636
10433620049636,10433637101570,10433620049636,10433643620581
10433637101570,10433637101570,10433645189348,10433643620581
10433643620581,10433645189348,10433643620581
10433643620581,10433645189348,10433643620581
10433670392246,10433670392246,10433677052298
10433670392246,10433670392246,10433682396011,10433677052298
10433677052298,10433682396011,10433677052298
10433677052298,10433682396011,10433677052298
10433703559283,10433703559283,10433711243890
10433703559283,10433703559283,10433715499721,10433711243890
10433711243890,10433715499721,10433711243890
10433711243890,10433715499721,10433711243890
10433736195486,10433736195486,10433745421189
10433736195486,10433736195486,10433744618873,10433745421189
10433744618873,10433744618873,10433745421189
10433744618873,10433744618873,10433745421189
10433771522222,10433771522222,10433779687413
10433771522222,10433771522222,10433779687413
10433771522222,10433771522222,10433779687413,10433777086322
10433777086322,10433779687413,10433777086322
10433777086322,10433779687413,10433777086322
10433802917397,10433802917397,10433812694884
10433802917397,10433802917397,10433812694884
10433802917397,10433802917397,10433812694884,10433811878263
10433811878263,10433812694884,10433811878263
10433811878263,10433812694884,10433811878263
10433836322914,10433836322914,10433843878930
10433836322914,10433836322914,10433843878930
10433836322914,10433836322914,10433843878930,10433847329593
10433843878930,10433843878930,10433847329593
10433843878930,10433843878930,10433847329593
10433873809506,10433873809506,10433877361103
10433873809506,10433873809506,10433877361103
10433873809506,10433873809506,10433877361103,10433885502019
10433877361103,10433877361103,10433885502019
10433877361103,10433904941369,10433877361103,10433885502019
10433885502019,10433904941369,10433885502019
10433904941369,10433904941369,10433917415949,10433917079272
10433917079272,10433936726419,10433917415949,10433917079272
10433917079272,10433936726419,10433917079272
10433936726419,10433936726419,10433944389978,10433944698654
10433944389978,10433944389978,10433944698654
10433944389978,10433944389978,10433944698654
10433970360781,10433970360781,10433977936344
10433970360781,10433970360781,10433977936344
10433970360781,10433970360781,10433982485027,10433977936344
10433970360781,10433970360781,10433982485027,10433977936344
10433970360781,10433970360781,10433982485027,10433977936344
10433977936344,10433982485027,10433977936344
10433977936344,10433982485027,10433977936344
10434004484599,10434004484599,10434011781610
10434004484599,10434004484599,10434011781610
10434004484599,10434004484599,10434011398634,10434011781610
10434004484599,10434004484599,10434011398634,10434011781610
10434004484599,10434004484599,10434011398634,10434011781610
10434011398634,10434011398634,10434011781610
10434011398634,10434011398634,10434011781610
10434036241894,10434036241894,10434043665088
10434036241894,10434036241894,10434045114599,10434043665088
10434036241894,10434036241894,10434043665088
10434078229134,10434078229134,10434083510397
10434078229134,10434078229134,10434083510397
10434110300993,10434112265868,10434110300993
10434110300993,10434112265868,10434110300993
10434170123854,10434170123854,10434176957427
10434170123854,10434170123854,10434176957427
10434202985411,10434202985411,10434216490953
10434202985411,10434202985411,10434216490953
10434216490953,10434236139958,10434216490953
10434216490953,10434236139958,10434216490953
10434236139958,10434236139958,10434245095037
10434236139958,10434236139958,10434245095037
10434269337007,10434269337007,10434277290837
10434269337007,10434269337007,10434277290837
10434303455225,10434303455225,10434310168936
10434303455225,10434303455225,10434310168936
10434335917179,10434335917179,10434344208448
10434335917179,10434335917179,10434344208448
10434369462185,10434369462185,10434376691705
10434369462185,10434369462185,10434376691705
10434402886310,10434402886310,10434411764134
10434402886310,10434402886310,10434411764134
10434436803681,10434436803681,10434445617402
10434436803681,10434436803681,10434445617402
10434469212964,10434469212964,10434477021918
10434469212964,10434469212964,10434477021918
10434502600783,10434502600783,10434510357043
10434502600783,10434502600783,10434510357043
10434502600783,10434502600783,10434510357043,10434511669109
10434502600783,10434502600783,10434510357043,10434511669109
10434502600783,10434502600783,10434510357043,10434511669109
10434510357043,10434510357043,10434511669109
10434510357043,10434510357043,10434511669109
10434536539953,10434536539953,10434543928718
10434536539953,10434536539953,10434543928718
10434536539953,10434536539953,10434543928718,10434545838728
10434536539953,10434536539953,10434543928718,10434545838728
10434536539953,10434536539953,10434543928718,10434545838728
10434543928718,10434543928718,10434545838728
10434543928718,10434543928718,10434545838728
10434569328002,10434569328002,10434577159765
10434569328002,10434569328002,10434577159765
10434569328002,10434569328002,10434579622089,10434577159765
10434569328002,10434569328002,10434579622089,10434577159765
10434569328002,10434569328002,10434579622089,10434577159765
10434577159765,10434579622089,10434577159765
10434577159765,10434579622089,10434577159765
10434603290560,10434603290560,10434611377375
10434603290560,10434603290560,10434611377375
10434603290560,10434603290560,10434611377375,10434609991443
10434603290560,10434603290560,10434611377375,10434609991443
10434603290560,10434603290560,10434611377375,10434609991443
10434609991443,10434611377375,10434609991443
10434609991443,10434611377375,10434609991443
10434636066577,10434636066577,10434644233244
10434636066577,10434636066577,10434646264414,10434644233244
10434644233244,10434646264414,10434644233244
10434644233244,10434646264414,10434644233244
10434670238628,10434670238628,10434677520940
10434670238628,10434670238628,10434678830837,10434677520940
10434677520940,10434678830837,10434677520940
10434677520940,10434678830837,10434677520940
10434704130005,10434704130005,10434712780576
10434704130005,10434704130005,10434721120257,10434712780576
10434712780576,10434721120257,10434712780576
10434712780576,10434736680739,10434721120257,10434712780576
10434721120257,10434736680739,10434721120257
10434721120257,10434736680739,10434721120257,10434744985161
10434736680739,10434736680739,10434744985161
10434736680739,10434736680739,10434755420256,10434744985161
10434736680739,10434736680739,10434755420256,10434744985161
10434736680739,10434736680739,10434755420256,10434744985161
10434736680739,10434736680739,10434744985161
10434736680739,10434736680739,10434744985161
10434775544963,10434775544963,10434776992389
10434775544963,10434775544963,10434776992389
10434775544963,10434775544963,10434776992389,10434782371068
10434775544963,10434775544963,10434776992389,10434782371068
10434775544963,10434775544963,10434776992389,10434782371068
10434776992389,10434776992389,10434782371068
10434776992389,10434776992389,10434782371068
10434802561788,10434802561788,10434810745566
10434802561788,10434802561788,10434810745566
10434802561788,10434802561788,10434812193989,10434810745566
10434802561788,10434802561788,10434812193989,10434810745566
10434802561788,10434802561788,10434812193989,10434810745566
10434810745566,10434812193989,10434810745566
10434810745566,10434812193989,10434810745566
10434835779471,10434835779471,10434843564071
10434835779471,10434835779471,10434843564071
10434835779471,10434835779471,10434848005252,10434843564071
10434835779471,10434835779471,10434848005252,10434843564071
10434835779471,10434835779471,10434848005252,10434843564071
10434843564071,10434848005252,10434843564071
10434843564071,10434848005252,10434843564071
10434869237508,10434869237508,10434877943144
10434869237508,10434869237508,10434877943144
10434869237508,10434869237508,10434883848991,10434877943144
10434869237508,10434869237508,10434883848991,10434877943144
10434869237508,10434869237508,10434883848991,10434877943144
10434877943144,10434883848991,10434877943144
10434877943144,10434902692638,10434883848991,10434877943144
10434883848991,10434902692638,10434883848991
10434902692638,10434902692638,10434910241623
10434902692638,10434902692638,10434910241623
10434902692638,10434902692638,10434910241623,10434911481325
10434902692638,10434902692638,10434910241623
10434902692638,10434902692638,10434910241623
10434935817466,10434935817466,10434945850754
10434935817466,10434935817466,10434945680586,10434945850754
10434945680586,10434945680586,10434945850754
10434945680586,10434945680586,10434945850754
10434970165282,10434970165282,10434978495378
10434970165282,10434970165282,10434978662883,10434978495378
10434978495378,10434978662883,10434978495378
10434978495378,10434978662883,10434978495378
10435003040787,10435003040787,10435011776815
10435003040787,10435003040787,10435010334077,10435011776815
10435010334077,10435010334077,10435011776815
10435010334077,10435010334077,10435011776815
10435044190171,10435045073010,10435044190171
10435044190171,10435045073010,10435052267464,10435044190171
10435044190171,10435052267464,10435044190171
10435044190171,10435070058603,10435052267464,10435044190171
10435070058603,10435070058603,10435079064488
10435070058603,10435070058603,10435079064488
10435070058603,10435070058603,10435079064488,10435078682230
10435070058603,10435070058603,10435078682230
10435110088188,10435110088188,10435114855097
10435110088188,10435110088188,10435114855097
10435110088188,10435110088188,10435114855097,10435113403742
10435113403742,10435114855097,10435113403742
10435113403742,10435114855097,10435113403742
10435137092877,10435137092877,10435143522665
10435137092877,10435137092877,10435145114381,10435143522665
10435143522665,10435145114381,10435143522665
10435143522665,10435145114381,10435143522665
10435171847090,10435171847090,10435178159644
10435171847090,10435171847090,10435178159644
10435171847090,10435171847090,10435178159644,10435178442617
10435171847090,10435171847090,10435178159644,10435178442617
10435171847090,10435171847090,10435178159644,10435178442617
10435178159644,10435178159644,10435178442617
10435178159644,10435178159644,10435178442617
10435202443200,10435202443200,10435211842382
10435202443200,10435202443200,10435211842382
10435202443200,10435202443200,10435211842382,10435210182234
10435202443200,10435202443200,10435211842382,10435210182234
10435202443200,10435202443200,10435211842382,10435210182234
10435210182234,10435211842382,10435210182234
10435210182234,10435211842382,10435210182234
10435235997764,10435235997764,10435245450803
10435235997764,10435235997764,10435245450803
10435269140111,10435269140111,10435279035410
10435269140111,10435269140111,10435279035410
10435302428194,10435302428194,10435311430715
10435302428194,10435302428194,10435311430715
10435337647868,10435337647868,10435345148526
10435337647868,10435337647868,10435345148526
10435368931724,10435368931724,10435377934325
10435368931724,10435368931724,10435377934325
10435402641888,10435402641888,10435411476730
10435402641888,10435402641888,10435411476730
10435435662883,10435435662883,10435445255738
10435435662883,10435435662883,10435445255738
10435470689762,10435470689762,10435476762873
10435470689762,10435470689762,10435476762873
10435470689762,10435470689762,10435478155182,10435476762873
10435470689762,10435470689762,10435478155182,10435476762873
10435470689762,10435470689762,10435478155182,10435476762873
10435476762873,10435478155182,10435476762873
10435476762873,10435478155182,10435476762873
10435502331474,10435502331474,10435510179725
10435502331474,10435502331474,10435510179725
10435535564796,10435535564796,10435544584584
10435535564796,10435535564796,10435544584584
10435569042431,10435569042431,10435578597411
10435569042431,10435569042431,10435578597411
10435602708372,10435602708372,10435615985725
10435602708372,10435602708372,10435615985725
10435602708372,10435602708372,10435617051205,10435615985725
10435602708372,10435602708372,10435617051205,10435615985725
10435602708372,10435602708372,10435617051205,10435615985725
10435615985725,10435617051205,10435615985725
10435615985725,10435636989337,10435617051205,10435615985725
10435617051205,10435636989337,10435617051205
10435617051205,10435636989337,10435617051205
10435617051205,10435636989337,10435617051205,10435648367146
10435636989337,10435636989337,10435648367146
10435636989337,10435636989337,10435643403340,10435648367146
10435636989337,10435636989337,10435643403340,10435648367146
10435636989337,10435636989337,10435643403340,10435648367146
10435643403340,10435643403340,10435648367146
10435643403340,10435643403340,10435648367146
10435669085980,10435669085980,10435677846995
10435669085980,10435669085980,10435677846995
10435669085980,10435669085980,10435676594338,10435677846995
10435669085980,10435669085980,10435676594338,10435677846995
10435669085980,10435669085980,10435676594338,10435677846995
10435676594338,10435676594338,10435677846995
10435676594338,10435676594338,10435677846995
10435702335483,10435702335483,10435713205422
10435702335483,10435702335483,10435713205422
10435702335483,10435702335483,10435711053333,10435713205422
10435702335483,10435702335483,10435711053333,10435713205422
10435702335483,10435702335483,10435711053333,10435713205422
10435711053333,10435711053333,10435713205422
10435711053333,10435711053333,10435713205422
10435735466659,10435735466659,10435743644729
10435735466659,10435735466659,10435743644729
10435735466659,10435735466659,10435745069202,10435743644729
10435735466659,10435735466659,10435745069202,10435743644729
10435735466659,10435735466659,10435745069202,10435743644729
10435743644729,10435745069202,10435743644729
10435743644729,10435745069202,10435743644729
10435768967977,10435768967977,10435776863561
10435768967977,10435768967977,10435776863561
10435768967977,10435768967977,10435776863561,10435777964073
10435776863561,10435776863561,10435777964073
10435776863561,10435776863561,10435777964073
10435802136497,10435802136497,10435810846553
10435802136497,10435802136497,10435810846553
10435802136497,10435802136497,10435810846553,10435812433045
10435802136497,10435802136497,10435810846553
10435802136497,10435802136497,10435810846553
10435835620045,10435835620045,10435845949751
10435835620045,10435835620045,10435846030044,10435845949751
10435845949751,10435846030044,10435845949751
10435845949751,10435846030044,10435845949751
10435868849393,10435868849393,10435879025495
10435868849393,10435868849393,10435878871430,10435879025495
10435878871430,10435878871430,10435879025495
10435878871430,10435878871430,10435879025495
10435902979714,10435902979714,10435911440359
10435902979714,10435902979714,10435911440359
10435902979714,10435902979714,10435911440359,10435917031192
10435911440359,10435911440359,10435917031192
10435911440359,10435935430176,10435911440359,10435917031192
10435917031192,10435935430176,10435917031192
10435935430176,10435935430176,10435944404070
10435935430176,10435935430176,10435944404070
10435935430176,10435935430176,10435945175399,10435944404070
10435935430176,10435935430176,10435945175399,10435944404070
10435935430176,10435935430176,10435945175399,10435944404070
10435944404070,10435945175399,10435944404070
10435944404070,10435945175399,10435944404070
10435969581873,10435969581873,10435976830001
10435969581873,10435969581873,10435978219060,10435976830001
10435976830001,10435978219060,10435976830001
10435976830001,10435978219060,10435976830001
10436002134364,10436002134364,10436013636208
10436002134364,10436002134364,10436013636208
10436002134364,10436002134364,10436013636208,10436012937644
10436012937644,10436013636208,10436012937644
10436012937644,10436013636208,10436012937644
10436035586451,10436035586451,10436044516472
10436035586451,10436035586451,10436044516472
10436035586451,10436035586451,10436044516472,10436044235904
10436044235904,10436044516472,10436044235904
10436044235904,10436044516472,10436044235904
10436068782939,10436068782939,10436076694921
10436068782939,10436068782939,10436084585890,10436076694921
10436076694921,10436084585890,10436076694921
10436076694921,10436102269033,10436084585890,10436076694921
10436084585890,10436102269033,10436084585890
10436084585890,10436102269033,10436084585890,10436111532904
10436102269033,10436102269033,10436119435082,10436111532904
10436111532904,10436119435082,10436111532904
10436111532904,10436135565279,10436119435082,10436111532904
10436135565279,10436135565279,10436144924530
10436135565279,10436135565279,10436144924530
10436135565279,10436135565279,10436144924530,10436145128954
10436144924530,10436144924530,10436145128954
10436144924530,10436144924530,10436145128954
10436169874972,10436169874972,10436178907497
10436169874972,10436169874972,10436178907497
10436169874972,10436169874972,10436178907497,10436177882390
10436177882390,10436178907497,10436177882390
10436177882390,10436178907497,10436177882390
10436202296100,10436202296100,10436215978457
10436202296100,10436202296100,10436215978457
10436215978457,10436235499360,10436215978457
10436215978457,10436235499360,10436215978457
10436235499360,10436235499360,10436244878017
10436235499360,10436235499360,10436244878017
10436268675977,10436268675977,10436278104366
10436268675977,10436268675977,10436278104366
10436302198139,10436302198139,10436312536017
10436302198139,10436302198139,10436312536017
10436335346788,10436335346788,10436344450659
10436335346788,10436335346788,10436344450659
10436369548958,10436369548958,10436376706070
10436369548958,10436369548958,10436376706070
10436402250420,10436402250420,10436411227519
10436402250420,10436402250420,10436411227519
10436402250420,10436402250420,10436411227519,10436410093089
10436402250420,10436402250420,10436411227519,10436410093089
10436402250420,10436402250420,10436411227519,10436410093089
10436410093089,10436411227519,10436410093089
10436410093089,10436411227519,10436410093089
10436435263472,10436435263472,10436444543907
10436435263472,10436435263472,10436444543907
10436435263472,10436435263472,10436444543907,10436443400698
10436435263472,10436435263472,10436444543907,10436443400698
10436435263472,10436435263472,10436444543907,10436443400698
10436443400698,10436444543907,10436443400698
10436443400698,10436444543907,10436443400698
10436469081558,10436469081558,10436481968385
10436469081558,10436469081558,10436481968385
10436502123737,10436502123737,10436513750028
10436502123737,10436502123737,10436513750028
10436535348435,10436535348435,10436543638787
10436535348435,10436535348435,10436543638787
10436568593577,10436568593577,10436578222451
10436568593577,10436568593577,10436578222451
10436601874565,10436601874565,10436609961957
10436601874565,10436601874565,10436609961957
10436635348412,10436635348412,10436643414553
10436635348412,10436635348412,10436643414553
10436635348412,10436635348412,10436644513963,10436643414553
10436635348412,10436635348412,10436644513963,10436643414553
10436635348412,10436635348412,10436644513963,10436643414553
10436643414553,10436644513963,10436643414553
10436643414553,10436644513963,10436643414553
10436668993096,10436668993096,10436676969981
10436668993096,10436668993096,10436676969981
10436668993096,10436668993096,10436676969981,10436678277184
10436668993096,10436668993096,10436676969981,10436678277184
10436668993096,10436668993096,10436676969981,10436678277184
10436676969981,10436676969981,10436678277184
10436676969981,10436676969981,10436678277184
10436702405825,10436702405825,10436710489741
10436702405825,10436702405825,10436710489741
10436702405825,10436702405825,10436711759889,10436710489741
10436702405825,10436702405825,10436711759889,10436710489741
10436702405825,10436702405825,10436711759889,10436710489741
10436710489741,10436711759889,10436710489741
10436710489741,10436711759889,10436710489741
10436735871535,10436735871535,10436743413417
10436735871535,10436735871535,10436743413417
10436735871535,10436735871535,10436744405580,10436743413417
10436735871535,10436735871535,10436744405580,10436743413417
10436735871535,10436735871535,10436744405580,10436743413417
10436743413417,10436744405580,10436743413417
10436743413417,10436744405580,10436743413417
10436769335618,10436769335618,10436776593202
10436769335618,10436769335618,10436776593202
10436769335618,10436769335618,10436776593202,10436777987100
10436776593202,10436776593202,10436777987100
10436776593202,10436776593202,10436777987100
10436802724665,10436802724665,10436811167821
10436802724665,10436802724665,10436815604901,10436811167821
10436811167821,10436815604901,10436811167821
10436811167821,10436815604901,10436811167821
10436838763046,10436838763046,10436844733650
10436838763046,10436838763046,10436850376253,10436844733650
10436844733650,10436850376253,10436844733650
10436844733650,10436869968314,10436850376253,10436844733650
10436850376253,10436869968314,10436850376253
10436850376253,10436869968314,10436850376253,10436880326279
10436869968314,10436869968314,10436882244877,10436880326279
10436880326279,10436882244877,10436880326279
10436880326279,10436882244877,10436880326279
10436902823008,10436902823008,10436911208398
10436902823008,10436902823008,10436911208398
10436902823008,10436902823008,10436913112982,10436911208398
10436902823008,10436902823008,10436913112982,10436911208398
10436902823008,10436902823008,10436913112982,10436911208398
10436911208398,10436913112982,10436911208398
10436911208398,10436913112982,10436911208398
10436935171334,10436935171334,10436943692060
10436935171334,10436935171334,10436943692060
10436935171334,10436935171334,10436944765908,10436943692060
10436935171334,10436935171334,10436944765908,10436943692060
10436935171334,10436935171334,10436944765908,10436943692060
10436943692060,10436944765908,10436943692060
10436943692060,10436944765908,10436943692060
10436968564858,10436968564858,10436976602725
10436968564858,10436968564858,10436977895767,10436976602725
10436976602725,10436977895767,10436976602725
10436976602725,10436977895767,10436976602725
10437002508076,10437002508076,10437011692052
10437002508076,10437002508076,10437013317935,10437011692052
10437011692052,10437013317935,10437011692052
10437011692052,10437013317935,10437011692052
10437035337467,10437035337467,10437051403921
10437035337467,10437035337467,10437051403921
10437035337467,10437035337467,10437051403921,10437051645984
10437051403921,10437068757681,10437051403921,10437051645984
10437051645984,10437068757681,10437051645984
10437068757681,10437068757681,10437077077084,10437087267826
10437077077084,10437077077084,10437087267826
10437077077084,10437102252131,10437077077084,10437087267826
10437102252131,10437102252131,10437110061040
10437102252131,10437102252131,10437112203872,10437110061040
10437110061040,10437112203872,10437110061040
10437110061040,10437112203872,10437110061040
10437135175086,10437135175086,10437143189643
10437135175086,10437135175086,10437144774006,10437143189643
10437143189643,10437144774006,10437143189643
10437143189643,10437144774006,10437143189643
10437168570461,10437168570461,10437177949186
10437168570461,10437168570461,10437183341291,10437177949186
10437177949186,10437183341291,10437177949186
10437177949186,10437183341291,10437177949186
10437203375902,10437203375902,10437211283341
10437203375902,10437203375902,10437211283341
10437203375902,10437203375902,10437211283341,10437215127305
10437211283341,10437211283341,10437215127305
10437211283341,10437211283341,10437215127305
10437236088187,10437236088187,10437248308690
10437236088187,10437236088187,10437248308690
10437270174721,10437270174721,10437282566365
10437270174721,10437270174721,10437282566365
10437303106277,10437303106277,10437310458282
10437303106277,10437303106277,10437310458282
10437335167227,10437335167227,10437343376614
10437335167227,10437335167227,10437343376614
10437369227573,10437369227573,10437377719528
10437369227573,10437369227573,10437377719528
10437401790935,10437401790935,10437411188481
10437401790935,10437401790935,10437411188481
10437435404618,10437435404618,10437444533969
10437435404618,10437435404618,10437444533969
10437468201166,10437468201166,10437477758292
10437468201166,10437468201166,10437477758292
10437501669039,10437501669039,10437509798982
10437501669039,10437501669039,10437509798982
10437534834684,10437534834684,10437545031586
10437534834684,10437534834684,10437545031586
10437568147570,10437568147570,10437578547979
10437568147570,10437568147570,10437578547979
10437602093133,10437602093133,10437609808762
10437602093133,10437602093133,10437612604123,10437609808762
10437609808762,10437612604123,10437609808762
10437609808762,10437612604123,10437609808762
10437634893814,10437634893814,10437645593944
10437634893814,10437634893814,10437645593944
10437668180643,10437668180643,10437677742573
10437668180643,10437668180643,10437677742573
10437701520298,10437701520298,10437714635604
10437701520298,10437701520298,10437714635604
10437734759237,10437734759237,10437744176673
10437734759237,10437734759237,10437744176673
10437768288885,10437768288885,10437776452695
10437768288885,10437768288885,10437776452695
10437801657680,10437801657680,10437812321846
10437801657680,10437801657680,10437812321846
10437834781255,10437834781255,10437844445387
10437834781255,10437834781255,10437844445387
10437868085639,10437868085639,10437876615961
10437868085639,10437868085639,10437876615961
10437901424343,10437901424343,10437916682622
10437901424343,10437901424343,10437916682622
10437916682622,10437935084550,10437916682622
10437916682622,10437935084550,10437916682622
10437935084550,10437935084550,10437946847714
10437935084550,10437935084550,10437946847714
10437967964099,10437967964099,10437976645342
10437967964099,10437967964099,10437976645342
10438001394987,10438001394987,10438010952102
10438001394987,10438001394987,10438010952102
10438035202121,10438035202121,10438044276856
10438035202121,10438035202121,10438044276856
10438068044404,10438068044404,10438077422041
10438068044404,10438068044404,10438077422041
10438101405082,10438101405082,10438109713910
10438101405082,10438101405082,10438109713910
10438134893798,10438134893798,10438144496574
10438134893798,10438134893798,10438144496574
10438134893798,10438134893798,10438144496574,10438143130015
10438143130015,10438144496574,10438143130015
10438143130015,10438144496574,10438143130015
10438167985347,10438167985347,10438177198467
10438167985347,10438167985347,10438179282069,10438177198467
10438177198467,10438179282069,10438177198467
10438177198467,10438179282069,10438177198467
10438201458574,10438201458574,10438210002885
10438201458574,10438201458574,10438210002885
10438201458574,10438201458574,10438210002885,10438211751663
10438210002885,10438210002885,10438211751663
10438210002885,10438210002885,10438211751663
10438234574243,10438234574243,10438243483311
10438234574243,10438234574243,10438253160783,10438243483311
10438243483311,10438253160783,10438243483311
10438243483311,10438268113586,10438253160783,10438243483311
10438253160783,10438268113586,10438253160783
10438253160783,10438268113586,10438253160783,10438278186010
10438268113586,10438268113586,10438284999153,10438278186010
10438278186010,10438284999153,10438278186010
10438278186010,10438301972701,10438284999153,10438278186010
10438284999153,10438301972701,10438284999153
10438284999153,10438301972701,10438284999153,10438311512187
10438301972701,10438301972701,10438309888692,10438311512187
10438309888692,10438309888692,10438311512187
10438309888692,10438309888692,10438311512187
10438334706840,10438334706840,10438343562643
10438334706840,10438334706840,10438349076966,10438343562643
10438343562643,10438349076966,10438343562643
10438343562643,10438349076966,10438343562643
10438369903187,10438369903187,10438376897988
10438369903187,10438369903187,10438377354599,10438376897988
10438376897988,10438377354599,10438376897988
10438376897988,10438377354599,10438376897988
10438401368506,10438401368506,10438411495592
10438401368506,10438401368506,10438411495592
10438401368506,10438401368506,10438411495592,10438410657865
10438410657865,10438411495592,10438410657865
10438410657865,10438411495592,10438410657865
10438434719140,10438434719140,10438447575515
10438434719140,10438434719140,10438447575515
10438434719140,10438434719140,10438447575515,10438449038601
10438447575515,10438447575515,10438449038601
10438447575515,10438467985372,10438447575515,10438449038601
10438449038601,10438467985372,10438449038601
10438467985372,10438467985372,10438477175384,10438479261598
10438477175384,10438477175384,10438479261598
10438477175384,10438477175384,10438479261598
10438501340874,10438501340874,10438511374787
10438501340874,10438501340874,10438513276345,10438511374787
10438511374787,10438513276345,10438511374787
10438511374787,10438513276345,10438511374787
10438535887485,10438535887485,10438543194071
10438535887485,10438535887485,10438544363672,10438543194071
10438543194071,10438544363672,10438543194071
10438543194071,10438544363672,10438543194071
10438572376849,10438572376849,10438576573307
10438572376849,10438572376849,10438576573307
10438572376849,10438572376849,10438576573307,10438579242173
10438576573307,10438576573307,10438579242173
10438576573307,10438576573307,10438579242173
10438602606544,10438602606544,10438611018306
10438602606544,10438602606544,10438612009608,10438611018306
10438611018306,10438612009608,10438611018306
10438611018306,10438612009608,10438611018306
10438636512937,10438636512937,10438645226850
10438636512937,10438636512937,10438645226850
10438668135818,10438668135818,10438685018083
10438668135818,10438668135818,10438685018083
10438685018083,10438701397053,10438685018083
10438685018083,10438701397053,10438685018083
10438701397053,10438701397053,10438715782880
10438701397053,10438701397053,10438715782880
10438701397053,10438701397053,10438715782880,10438715796119
10438715782880,10438734598600,10438715782880,10438715796119
10438715782880,10438734598600,10438715782880,10438715796119
10438715782880,10438734598600,10438715782880,10438715796119
10438715782880,10438734598600,10438715782880
10438715782880,10438734598600,10438715782880,10438744203835
10438734598600,10438734598600,10438744203835
10438734598600,10438734598600,10438749481022,10438744203835
10438734598600,10438734598600,10438749481022,10438744203835
10438734598600,10438734598600,10438749481022,10438744203835
10438744203835,10438749481022,10438744203835
10438744203835,10438769125456,10438749481022,10438744203835
10438749481022,10438769125456,10438749481022
10438749481022,10438769125456,10438749481022
10438749481022,10438769125456,10438749481022,10438776423177
10438769125456,10438769125456,10438776423177
10438769125456,10438769125456,10438783778390,10438776423177
10438769125456,10438769125456,10438783778390,10438776423177
10438769125456,10438769125456,10438783778390,10438776423177
10438776423177,10438783778390,10438776423177
10438776423177,10438802588932,10438783778390,10438776423177
10438783778390,10438802588932,10438783778390
10438802588932,10438802588932,10438810608895
10438802588932,10438802588932,10438810608895
10438802588932,10438802588932,10438810608895,10438812627359
10438802588932,10438802588932,10438810608895,10438812627359
10438802588932,10438802588932,10438810608895,10438812627359
10438810608895,10438810608895,10438812627359
10438810608895,10438810608895,10438812627359
10438834438609,10438834438609,10438843126405
10438834438609,10438834438609,10438843126405
10438834438609,10438834438609,10438843422388,10438843126405
10438834438609,10438834438609,10438843422388,10438843126405
10438834438609,10438834438609,10438843422388,10438843126405
10438843126405,10438843422388,10438843126405
10438843126405,10438843422388,10438843126405
10438867820309,10438867820309,10438877817845
10438867820309,10438867820309,10438877817845
10438867820309,10438867820309,10438877817845,10438876264194
10438867820309,10438867820309,10438877817845,10438876264194
10438867820309,10438867820309,10438877817845,10438876264194
10438876264194,10438877817845,10438876264194
10438876264194,10438877817845,10438876264194
10438901037339,10438901037339,10438909728802
10438901037339,10438901037339,10438909728802
10438901037339,10438901037339,10438914525177,10438909728802
10438901037339,10438901037339,10438914525177,10438909728802
10438901037339,10438901037339,10438914525177,10438909728802
10438909728802,10438914525177,10438909728802
10438909728802,10438934356369,10438914525177,10438909728802
10438914525177,10438934356369,10438914525177
10438914525177,10438934356369,10438914525177
10438914525177,10438934356369,10438914525177,10438944010398
10438934356369,10438934356369,10438944010398
10438934356369,10438934356369,10438945973289,10438944010398
10438934356369,10438934356369,10438945973289,10438944010398
10438934356369,10438934356369,10438945973289,10438944010398
10438944010398,10438945973289,10438944010398
10438944010398,10438945973289,10438944010398
10438968589895,10438968589895,10438976167730
10438968589895,10438968589895,10438976167730
10438968589895,10438968589895,10438980656291,10438976167730
10438968589895,10438968589895,10438980656291,10438976167730
10438968589895,10438968589895,10438980656291,10438976167730
10438976167730,10438980656291,10438976167730
10438976167730,10438980656291,10438976167730
10439001059804,10439001059804,10439015000420
10439001059804,10439001059804,10439015000420
10439015000420,10439034717302,10439015000420
10439015000420,10439034717302,10439015000420
10439034717302,10439034717302,10439047220749
10439034717302,10439034717302,10439047220749
10439067631440,10439067631440,10439077570366
10439067631440,10439067631440,10439077570366
10439101242422,10439101242422,10439113521422
10439101242422,10439101242422,10439113521422
10439101242422,10439101242422,10439113521422,10439112667828
10439112667828,10439113521422,10439112667828
10439112667828,10439113521422,10439112667828
10439138406395,10439138406395,10439146030847
10439138406395,10439138406395,10439146030847
10439138406395,10439138406395,10439146030847,10439152939605
10439146030847,10439146030847,10439152939605
10439146030847,10439168451529,10439146030847,10439152939605
10439152939605,10439168451529,10439152939605
10439168451529,10439168451529,10439177937768,10439177708286
10439177708286,10439177937768,10439177708286
10439177708286,10439177937768,10439177708286
10439201374841,10439201374841,10439209793103
10439201374841,10439201374841,10439209793103
10439201374841,10439201374841,10439209793103,10439214516790
10439209793103,10439209793103,10439214516790
10439209793103,10439234470627,10439209793103,10439214516790
10439214516790,10439234470627,10439214516790
10439234470627,10439234470627,10439245384976,10439244996817
10439244996817,10439245384976,10439244996817
10439244996817,10439245384976,10439244996817
10439269121958,10439269121958,10439278128904
10439269121958,10439269121958,10439278260935,10439278128904
10439278128904,10439278260935,10439278128904
10439278128904,10439278260935,10439278128904
10439301248961,10439301248961,10439313059167
10439301248961,10439301248961,10439311352944,10439313059167
10439311352944,10439311352944,10439313059167
10439311352944,10439311352944,10439313059167
10439334456292,10439334456292,10439344016514
10439334456292,10439334456292,10439344762867,10439344016514
10439344016514,10439344762867,10439344016514
10439344016514,10439344762867,10439344016514
10439367890230,10439367890230,10439377312690
10439367890230,10439367890230,10439380993774,10439377312690
10439377312690,10439380993774,10439377312690
10439377312690,10439380993774,10439377312690
10439402018992,10439402018992,10439410554813
10439402018992,10439402018992,10439412370713,10439410554813
10439402018992,10439402018992,10439412370713
10439402018992,10439402018992,10439412370713
10439435434798,10439435434798,10439443063778
10439435434798,10439435434798,10439444605635,10439443063778
10439443063778,10439444605635,10439443063778
10439443063778,10439444605635,10439443063778
10439468234396,10439468234396,10439476283136
10439468234396,10439468234396,10439478151766,10439476283136
10439476283136,10439478151766,10439476283136
10439476283136,10439478151766,10439476283136
10439502447923,10439502447923,10439518081586
10439502447923,10439502447923,10439519722596,10439518081586
10439518081586,10439535640416,10439519722596,10439518081586
10439519722596,10439535640416,10439519722596
10439519722596,10439535640416,10439519722596,10439543445903
10439535640416,10439535640416,10439547853624,10439543445903
10439543445903,10439547853624,10439543445903
10439543445903,10439547853624,10439543445903
10439568908754,10439568908754,10439579302651
10439568908754,10439568908754,10439582965214,10439579302651
10439579302651,10439582965214,10439579302651
10439579302651,10439602007208,10439582965214,10439579302651
10439602007208,10439602007208,10439617139251
10439602007208,10439602007208,10439617139251
10439617139251,10439635536654,10439617139251
10439617139251,10439635536654,10439617139251
10439635536654,10439635536654,10439644802113
10439635536654,10439635536654,10439644802113
10439667666812,10439667666812,10439678259821
10439667666812,10439667666812,10439678259821
10439701202196,10439701202196,10439711307698
10439701202196,10439701202196,10439711307698
10439734219632,10439734219632,10439743074446
10439734219632,10439734219632,10439743074446
10439734219632,10439734219632,10439744333554,10439743074446
10439734219632,10439734219632,10439744333554,10439743074446
10439734219632,10439734219632,10439744333554,10439743074446
10439743074446,10439744333554,10439743074446
10439743074446,10439744333554,10439743074446
10439769193268,10439769193268,10439777607263
10439769193268,10439769193268,10439777607263
10439800939845,10439800939845,10439811299570
10439800939845,10439800939845,10439811299570
10439834289618,10439834289618,10439844305201
10439834289618,10439834289618,10439844305201
10439867444210,10439867444210,10439877386567
10439867444210,10439867444210,10439877386567
10439900632740,10439900632740,10439910853912
10439900632740,10439900632740,10439910853912
10439934013669,10439934013669,10439944256484
10439934013669,10439934013669,10439944256484
10439967531688,10439967531688,10439978112434
10439967531688,10439967531688,10439978112434
10440000780665,10440000780665,10440013506683
10440000780665,10440000780665,10440013506683
10440034098955,10440034098955,10440042814566
10440034098955,10440034098955,10440042814566
10440067403934,10440067403934,10440077240147
10440067403934,10440067403934,10440077240147
10440101137951,10440101137951,10440111118577
10440101137951,10440101137951,10440111118577
10440134601757,10440134601757,10440144275591
10440134601757,10440134601757,10440144275591
10440167379130,10440167379130,10440176177179
10440167379130,10440167379130,10440176177179
10440200653675,10440200653675,10440209443569
10440200653675,10440200653675,10440210787191,10440209443569
10440209443569,10440210787191,10440209443569
10440209443569,10440210787191,10440209443569
10440233781497,10440233781497,10440242932036
10440233781497,10440233781497,10440244337576,10440242932036
10440242932036,10440244337576,10440242932036
10440242932036,10440244337576,10440242932036
10440267319525,10440267319525,10440276203806
10440267319525,10440267319525,10440276203806
10440267319525,10440267319525,10440276203806,10440277426544
10440276203806,10440276203806,10440277426544
10440276203806,10440276203806,10440277426544
10440300580949,10440300580949,10440309518781
10440300580949,10440300580949,10440311008972,10440309518781
10440309518781,10440311008972,10440309518781
10440309518781,10440311008972,10440309518781
10440333936285,10440333936285,10440342739557
10440333936285,10440333936285,10440344182597,10440342739557
10440342739557,10440344182597,10440342739557
10440342739557,10440344182597,10440342739557
10440367976644,10440367976644,10440377437696
10440367976644,10440367976644,10440377437696
10440367976644,10440367976644,10440377437696,10440382554551
10440377437696,10440377437696,10440382554551
10440377437696,10440401196508,10440377437696,10440382554551
10440401196508,10440401196508,10440410241404
10440401196508,10440401196508,10440415979773,10440410241404
10440410241404,10440415979773,10440410241404
10440410241404,10440415979773,10440410241404
10440436432120,10440436432120,10440444237330
10440436432120,10440436432120,10440450286154,10440444237330
10440444237330,10440450286154,10440444237330
10440444237330,10440468182895,10440450286154,10440444237330
10440468182895,10440468182895,10440481644838
10440468182895,10440468182895,10440481644838
10440502408909,10440502408909,10440509785252
10440502408909,10440502408909,10440514745795,10440509785252
10440509785252,10440514745795,10440509785252
10440509785252,10440534736312,10440514745795,10440509785252
10440534736312,10440534736312,10440549544221
10440534736312,10440534736312,10440549544221
10440549544221,10440568872660,10440549544221
10440549544221,10440568872660,10440549544221
10440568872660,10440568872660,10440581897686
10440568872660,10440568872660,10440581897686
10440581897686,10440601496516,10440581897686
10440581897686,10440601496516,10440581897686
10440601496516,10440601496516,10440611167422
10440601496516,10440601496516,10440611167422
10440634062501,10440634062501,10440645131799
10440634062501,10440634062501,10440645131799
10440667881924,10440667881924,10440675973248
10440667881924,10440667881924,10440675973248
10440705302972,10440705302972,10440710090126
10440705302972,10440705302972,10440710090126
10440733738486,10440733738486,10440742767236
10440733738486,10440733738486,10440742767236
10440767602075,10440767602075,10440777357913
10440767602075,10440767602075,10440777357913
10440800312441,10440800312441,10440810922499
10440800312441,10440800312441,10440810922499
10440833788368,10440833788368,10440844248767
10440833788368,10440833788368,10440844248767
10440867054308,10440867054308,10440876000751
10440867054308,10440867054308,10440876000751
10440900440664,10440900440664,10440915382013
10440900440664,10440900440664,10440915382013
10440915382013,10440933734457,10440915382013
10440915382013,10440933734457,10440915382013
10440933734457,10440933734457,10440947617300
10440933734457,10440933734457,10440947617300
10440947617300,10440967204245,10440947617300
10440947617300,10440967204245,10440947617300
10440967204245,10440967204245,10440977392849
10440967204245,10440967204245,10440977392849
10441000355581,10441000355581,10441010737862
10441000355581,10441000355581,10441010737862
10441033698178,10441033698178,10441044472919
10441033698178,10441033698178,10441044472919
10441066888338,10441066888338,10441076099019
10441066888338,10441066888338,10441076099019
10441100524962,10441100524962,10441110730408
10441100524962,10441100524962,10441110730408
10441134477768,10441134477768,10441144082092
10441134477768,10441134477768,10441144082092
10441167571808,10441167571808,10441178483316
10441167571808,10441167571808,10441178483316
10441201177701,10441201177701,10441211484087
10441201177701,10441201177701,10441211484087
10441201177701,10441201177701,10441211484087,10441209581287
10441209581287,10441211484087,10441209581287
10441209581287,10441211484087,10441209581287
10441233664339,10441233664339,10441244548784
10441233664339,10441233664339,10441249505138,10441244548784
10441244548784,10441249505138,10441244548784
10441244548784,10441267259561,10441249505138,10441244548784
10441249505138,10441267259561,10441249505138
10441249505138,10441267259561,10441249505138,10441276263024
10441267259561,10441267259561,10441278352482,10441276263024
10441276263024,10441278352482,10441276263024
10441276263024,10441278352482,10441276263024
10441301153480,10441301153480,10441311001031
10441301153480,10441301153480,10441311001031
10441301153480,10441301153480,10441311001031,10441309538088
10441309538088,10441311001031,10441309538088
10441309538088,10441311001031,10441309538088
10441333662646,10441333662646,10441344976329
10441333662646,10441333662646,10441351078762,10441344976329
10441344976329,10441351078762,10441344976329
10441344976329,10441367380652,10441351078762,10441344976329
10441351078762,10441367380652,10441351078762
10441351078762,10441367380652,10441351078762,10441377221627
10441367380652,10441367380652,10441385201532,10441377221627
10441377221627,10441385201532,10441377221627
10441377221627,10441401560445,10441385201532,10441377221627
10441401560445,10441401560445,10441414550412
10441401560445,10441401560445,10441414550412
10441401560445,10441401560445,10441414550412,10441417326945
10441414550412,10441433699212,10441414550412,10441417326945
10441414550412,10441433699212,10441414550412
10441414550412,10441433699212,10441414550412,10441444324369
10441433699212,10441433699212,10441448657183,10441444324369
10441444324369,10441448657183,10441444324369
10441444324369,10441467424278,10441448657183,10441444324369
10441448657183,10441467424278,10441448657183
10441448657183,10441467424278,10441448657183,10441477461768
10441467424278,10441467424278,10441477448453,10441477461768
10441477448453,10441477448453,10441477461768
10441477448453,10441477448453,10441477461768
10441501313416,10441501313416,10441515511665
10441501313416,10441501313416,10441515447017,10441515511665
10441501313416,10441501313416,10441515511665
10441542900946,10441542900946,10441545158270
10441542900946,10441542900946,10441545158270
10441538438194,10441538438194,10441542900946,10441545158270
10441542900946,10441542900946,10441545158270
10441542900946,10441542900946,10441545158270
10441568426390,10441568426390,10441576594425
10441568426390,10441568426390,10441577477848,10441576594425
10441576594425,10441577477848,10441576594425
10441576594425,10441577477848,10441576594425
10441604740185,10441604740185,10441609702317
10441604740185,10441604740185,10441609702317
10441634516467,10441634516467,10441642751372
10441634516467,10441634516467,10441642751372
10441668153084,10441668153084,10441677460369
10441668153084,10441668153084,10441677460369
10441700243851,10441700243851,10441709530913
10441700243851,10441700243851,10441709530913
10441734005422,10441734005422,10441743772524
10441734005422,10441734005422,10441743772524
10441766830635,10441766830635,10441777924624
10441766830635,10441766830635,10441777924624
10441800111645,10441800111645,10441809401780
10441800111645,10441800111645,10441809401780
10441833564490,10441833564490,10441843972717
10441833564490,10441833564490,10441843972717
10441866827515,10441866827515,10441876095474
10441866827515,10441866827515,10441876095474
10441900110348,10441900110348,10441910627291
10441900110348,10441900110348,10441910627291
10441933429175,10441933429175,10441943792819
10441933429175,10441933429175,10441943792819
10441966770021,10441966770021,10441977038903
10441966770021,10441966770021,10441977038903
10441999894478,10441999894478,10442009456600
10441999894478,10441999894478,10442009456600
10442033859785,10442033859785,10442043754892
10442033859785,10442033859785,10442043754892
10442066741017,10442066741017,10442077173999
10442066741017,10442066741017,10442077173999
10442099997863,10442099997863,10442110925230
10442099997863,10442099997863,10442110925230
10442133456247,10442133456247,10442142948740
10442133456247,10442133456247,10442142948740
10442166750350,10442166750350,10442177247669
10442166750350,10442166750350,10442177247669
10442199989910,10442199989910,10442209296693
10442199989910,10442199989910,10442209296693
10442199989910,10442199989910,10442209296693,10442210537740
10442209296693,10442209296693,10442210537740
10442209296693,10442209296693,10442210537740
10442233430130,10442233430130,10442244695189
10442233430130,10442233430130,10442244695189
10442267417175,10442267417175,10442276181718
10442267417175,10442267417175,10442276181718
10442267417175,10442267417175,10442276181718,10442277261496
10442276181718,10442276181718,10442277261496
10442276181718,10442276181718,10442277261496
10442301326043,10442301326043,10442311459112
10442301326043,10442301326043,10442318065578,10442311459112
10442311459112,10442318065578,10442311459112
10442311459112,10442334385257,10442318065578,10442311459112
10442318065578,10442334385257,10442318065578
10442318065578,10442334385257,10442318065578,10442343554598
10442334385257,10442334385257,10442342850738,10442343554598
10442342850738,10442342850738,10442343554598
10442342850738,10442342850738,10442343554598
10442367788342,10442367788342,10442378990126
10442367788342,10442367788342,10442380480791,10442378990126
10442378990126,10442380480791,10442378990126
10442378990126,10442380480791,10442378990126
10442401827976,10442401827976,10442410015692
10442401827976,10442401827976,10442414035769,10442410015692
10442410015692,10442414035769,10442410015692
10442410015692,10442433093543,10442414035769,10442410015692
10442433093543,10442433093543,10442444510906
10442433093543,10442433093543,10442444510906
10442433093543,10442433093543,10442444510906,10442443427132
10442443427132,10442444510906,10442443427132
10442443427132,10442444510906,10442443427132
10442467215406,10442467215406,10442477205117
10442467215406,10442467215406,10442477205117
10442467215406,10442467215406,10442477205117,10442482200922
10442477205117,10442477205117,10442482200922
10442477205117,10442500368862,10442477205117,10442482200922
10442482200922,10442500368862,10442482200922
10442500368862,10442500368862,10442509256673,10442510940379
10442509256673,10442509256673,10442510940379
10442509256673,10442509256673,10442510940379
10442534320451,10442534320451,10442543820967
10442534320451,10442534320451,10442544053695,10442543820967
10442543820967,10442544053695,10442543820967
10442543820967,10442544053695,10442543820967
10442566996063,10442566996063,10442584410951
10442566996063,10442566996063,10442584410951
10442584410951,10442600772607,10442584410951
10442584410951,10442600772607,10442584410951
10442600772607,10442600772607,10442615173209
10442600772607,10442600772607,10442615173209
10442636938375,10442636938375,10442644181188
10442636938375,10442636938375,10442644181188
10442667077937,10442667077937,10442677677396
10442667077937,10442667077937,10442677677396
10442699866352,10442699866352,10442713004906
10442699866352,10442699866352,10442713004906
10442733013895,10442733013895,10442743078803
10442733013895,10442733013895,10442743078803
10442766499352,10442766499352,10442777107058
10442766499352,10442766499352,10442777107058
10442799868030,10442799868030,10442811383877
10442799868030,10442799868030,10442811383877
10442833183606,10442833183606,10442843816283
10442833183606,10442833183606,10442843816283
10442866366739,10442866366739,10442882813738
10442866366739,10442866366739,10442882813738
10442882813738,10442900223976,10442882813738
10442882813738,10442900223976,10442882813738
10442900223976,10442900223976,10442910209109
10442900223976,10442900223976,10442910209109
10442932890954,10442932890954,10442945418793
10442932890954,10442932890954,10442945418793
10442966453060,10442966453060,10442975757232
10442966453060,10442966453060,10442975757232
10442999708746,10442999708746,10443012218132
10442999708746,10442999708746,10443012218132
10443033091345,10443033091345,10443043401999
10443033091345,10443033091345,10443043401999
10443066236191,10443066236191,10443077664474
10443066236191,10443066236191,10443077664474
10443099804304,10443099804304,10443110208666
10443099804304,10443099804304,10443110208666
10443133737739,10443133737739,10443142836718
10443133737739,10443133737739,10443142836718
10443167138827,10443167138827,10443177496970
10443167138827,10443167138827,10443177496970
10443200276015,10443200276015,10443210861371
10443200276015,10443200276015,10443210861371
10443233030331,10443233030331,10443242467926
10443233030331,10443233030331,10443248189496,10443242467926
10443242467926,10443248189496,10443242467926
10443242467926,10443266082857,10443248189496,10443242467926
10443266082857,10443266082857,10443277449845
10443266082857,10443266082857,10443277449845
10443266082857,10443266082857,10443277449845,10443275904705
10443275904705,10443277449845,10443275904705
10443275904705,10443277449845,10443275904705
10443307177267,10443307177267,10443309274923
10443307177267,10443307177267,10443310907190,10443309274923
10443309274923,10443310907190,10443309274923
10443309274923,10443310907190,10443309274923
10443337716354,10443337716354,10443344173465
10443337716354,10443337716354,10443344173465
10443337716354,10443337716354,10443344173465,10443342777658
10443342777658,10443344173465,10443342777658
10443342777658,10443344173465,10443342777658
10443369796210,10443369796210,10443375796645
10443369796210,10443369796210,10443378816479,10443375796645
10443375796645,10443378816479,10443375796645
10443375796645,10443378816479,10443375796645
10443401275197,10443401275197,10443409334671
10443401275197,10443401275197,10443411796646,10443409334671
10443409334671,10443411796646,10443409334671
10443409334671,10443411796646,10443409334671
10443439979638,10443439979638,10443442423934
10443439979638,10443439979638,10443444547049,10443442423934
10443442423934,10443444547049,10443442423934
10443442423934,10443444547049,10443442423934
10443467645065,10443467645065,10443475885033
10443467645065,10443467645065,10443477582357,10443475885033
10443475885033,10443477582357,10443475885033
10443475885033,10443477582357,10443475885033
10443500588511,10443500588511,10443510621221
10443500588511,10443500588511,10443510039964,10443510621221
10443510039964,10443510039964,10443510621221
10443510039964,10443510039964,10443510621221
10443533076762,10443533076762,10443544977862
10443533076762,10443533076762,10443544791637,10443544977862
10443544791637,10443544791637,10443544977862
10443544791637,10443544791637,10443544977862
10443567313412,10443567313412,10443578302935
10443567313412,10443567313412,10443578302935
10443567313412,10443567313412,10443578302935,10443579507434
10443578302935,10443578302935,10443579507434
10443578302935,10443578302935,10443579507434
10443599534940,10443599534940,10443610527232
10443599534940,10443599534940,10443610527232
10443599534940,10443599534940,10443610527232,10443610463205
10443610463205,10443610527232,10443610463205
10443610463205,10443610527232,10443610463205
10443633673705,10443633673705,10443649133180
10443633673705,10443633673705,10443649133180
10443649133180,10443666781021,10443649133180
10443649133180,10443666781021,10443649133180
10443666781021,10443666781021,10443679571328
10443666781021,10443666781021,10443679571328
10443679571328,10443699523795,10443679571328
10443679571328,10443699523795,10443679571328
10443699523795,10443699523795,10443709553417
10443699523795,10443699523795,10443709553417
10443733411744,10443733411744,10443743599380
10443733411744,10443733411744,10443743599380
10443766242958,10443766242958,10443776696341
10443766242958,10443766242958,10443776696341
10443799503853,10443799503853,10443810314811
10443799503853,10443799503853,10443810314811
10443832636881,10443832636881,10443843337213
10443832636881,10443832636881,10443843337213
10443866368186,10443866368186,10443877253095
10443866368186,10443866368186,10443877253095
10443899395825,10443899395825,10443910229788
10443899395825,10443899395825,10443910229788
10443932727403,10443932727403,10443948391598
10443932727403,10443932727403,10443948391598
10443948391598,10443966594981,10443948391598
10443948391598,10443966594981,10443948391598
10443966594981,10443966594981,10443978666576
10443966594981,10443966594981,10443978666576
10443999377479,10443999377479,10444009371901
10443999377479,10443999377479,10444009371901
10444033187727,10444033187727,10444043514430
10444033187727,10444033187727,10444043514430
10444066913134,10444066913134,10444076824607
10444066913134,10444066913134,10444076824607
10444099370485,10444099370485,10444110545379
10444099370485,10444099370485,10444110545379
10444132588979,10444132588979,10444143514544
10444132588979,10444132588979,10444143514544
10444165877228,10444165877228,10444175662115
10444165877228,10444165877228,10444175662115
10444199152366,10444199152366,10444209843592
10444199152366,10444199152366,10444209843592
10444233858346,10444233858346,10444242266874
10444233858346,10444233858346,10444243873954,10444242266874
10444242266874,10444243873954,10444242266874
10444242266874,10444243873954,10444242266874
10444266321976,10444266321976,10444276391384
10444266321976,10444266321976,10444276391384
10444266321976,10444266321976,10444276391384,10444277831337
10444276391384,10444276391384,10444277831337
10444276391384,10444276391384,10444277831337
10444299927953,10444299927953,10444313213762
10444299927953,10444299927953,10444313213762
10444299927953,10444299927953,10444313213762,10444311307918
10444311307918,10444313213762,10444311307918
10444311307918,10444332622390,10444313213762,10444311307918
10444332622390,10444332622390,10444343734604
10444332622390,10444332622390,10444343734604
10444332622390,10444332622390,10444343734604,10444343029101
10444343029101,10444343734604,10444343029101
10444343029101,10444343734604,10444343029101
10444365872315,10444365872315,10444377337609
10444365872315,10444365872315,10444377337609
10444365872315,10444365872315,10444377337609,10444377144107
10444377144107,10444377337609,10444377144107
10444377144107,10444377337609,10444377144107
10444399484844,10444399484844,10444410365958
10444399484844,10444399484844,10444410365958
10444399484844,10444399484844,10444410365958,10444410277556
10444410277556,10444410365958,10444410277556
10444410277556,10444410365958,10444410277556
10444432764377,10444432764377,10444446806446
10444432764377,10444432764377,10444446806446
10444432764377,10444432764377,10444446806446,10444443965511
10444443965511,10444446806446,10444443965511
10444443965511,10444466006402,10444446806446,10444443965511
10444466006402,10444466006402,10444476087388
10444466006402,10444466006402,10444476087388
10444466006402,10444466006402,10444476087388,10444480868568
10444476087388,10444476087388,10444480868568
10444476087388,10444499288114,10444476087388,10444480868568
10444499288114,10444499288114,10444510565000
10444499288114,10444499288114,10444515431395,10444510565000
10444510565000,10444515431395,10444510565000
10444510565000,10444533904783,10444515431395,10444510565000
10444533904783,10444533904783,10444544259727
10444533904783,10444533904783,10444544259727
10444533904783,10444533904783,10444544259727,10444543726718
10444543726718,10444544259727,10444543726718
10444543726718,10444544259727,10444543726718
10444566984949,10444566984949,10444576746019
10444566984949,10444566984949,10444576746019
10444566984949,10444566984949,10444576746019,10444581904135
10444576746019,10444576746019,10444581904135
10444576746019,10444599313221,10444576746019,10444581904135
10444581904135,10444599313221,10444581904135
10444614785897,10444632898637,10444614785897
10444614785897,10444632898637,10444614785897
10444632898637,10444632898637,10444648169667
10444632898637,10444632898637,10444648169667
10444648169667,10444666676700,10444648169667
10444648169667,10444666676700,10444648169667
10444666676700,10444666676700,10444682250544
10444666676700,10444666676700,10444682250544
10444682250544,10444700487487,10444682250544
10444682250544,10444700487487,10444682250544
10444700487487,10444700487487,10444711030022
10444700487487,10444700487487,10444711030022
10444732845814,10444732845814,10444743628512
10444732845814,10444732845814,10444743628512
10444765825281,10444765825281,10444779974376
10444765825281,10444765825281,10444779974376
10444779974376,10444799676235,10444779974376
10444779974376,10444799676235,10444779974376
10444799676235,10444799676235,10444810563600
10444799676235,10444799676235,10444810563600
10444832444974,10444832444974,10444843685284
10444832444974,10444832444974,10444843685284
10444865785520,10444865785520,10444877227736
10444865785520,10444865785520,10444877227736
10444899184717,10444899184717,10444910082625
10444899184717,10444899184717,10444910082625
10444932401142,10444932401142,10444944096348
10444932401142,10444932401142,10444944096348
10444965698997,10444965698997,10444976722425
10444965698997,10444965698997,10444976722425
10444999052846,10444999052846,10445010324437
10444999052846,10444999052846,10445010324437
10445032508274,10445032508274,10445044448108
10445032508274,10445032508274,10445044448108
10445065666415,10445065666415,10445076708587
10445065666415,10445065666415,10445076708587
10445099365380,10445099365380,10445110457788
10445099365380,10445099365380,10445110457788
10445132283344,10445132283344,10445143223166
10445132283344,10445132283344,10445143223166
10445165693214,10445165693214,10445177364052
10445165693214,10445165693214,10445177364052
10445199049754,10445199049754,10445210194013
10445199049754,10445199049754,10445210194013
10445232364808,10445232364808,10445242284683
10445232364808,10445232364808,10445244077030,10445242284683
10445242284683,10445244077030,10445242284683
10445242284683,10445244077030,10445242284683
10445265979613,10445265979613,10445276571609
10445265979613,10445265979613,10445279554968,10445276571609
10445276571609,10445279554968,10445276571609
10445276571609,10445279554968,10445276571609
10445303215041,10445303215041,10445309902974
10445303215041,10445303215041,10445317467067,10445309902974
10445309902974,10445317467067,10445309902974
10445309902974,10445333824712,10445317467067,10445309902974
10445317467067,10445333824712,10445317467067
10445317467067,10445333824712,10445317467067,10445343676863
10445333824712,10445333824712,10445348788916,10445343676863
10445343676863,10445348788916,10445343676863
10445343676863,10445366970170,10445348788916,10445343676863
10445348788916,10445366970170,10445348788916
10445348788916,10445366970170,10445348788916,10445376479951
10445366970170,10445366970170,10445376778046,10445376479951
10445376479951,10445376778046,10445376479951
10445376479951,10445376778046,10445376479951
10445399080662,10445399080662,10445410307538
10445399080662,10445399080662,10445410307538
10445399080662,10445399080662,10445410307538,10445409991076
10445409991076,10445410307538,10445409991076
10445409991076,10445410307538,10445409991076
10445432473988,10445432473988,10445443978360
10445432473988,10445432473988,10445443887491,10445443978360
10445443887491,10445443887491,10445443978360
10445443887491,10445443887491,10445443978360
10445465518209,10445465518209,10445476832728
10445465518209,10445465518209,10445476910723,10445476832728
10445476832728,10445476910723,10445476832728
10445476832728,10445476910723,10445476832728
10445500147000,10445500147000,10445509517376
10445500147000,10445500147000,10445510766839,10445509517376
10445509517376,10445510766839,10445509517376
10445509517376,10445510766839,10445509517376
10445532287411,10445532287411,10445542392426
10445532287411,10445532287411,10445544035144,10445542392426
10445542392426,10445544035144,10445542392426
10445542392426,10445544035144,10445542392426
10445565692364,10445565692364,10445577526938
10445565692364,10445565692364,10445583165053,10445577526938
10445577526938,10445583165053,10445577526938
10445577526938,10445599567707,10445583165053,10445577526938
10445599567707,10445599567707,10445611156164
10445599567707,10445599567707,10445611156164
10445633460836,10445633460836,10445642299959
10445633460836,10445633460836,10445642299959
10445633460836,10445633460836,10445642299959,10445643836187
10445642299959,10445642299959,10445643836187
10445642299959,10445642299959,10445643836187
10445672974101,10445672974101,10445678461144
10445672974101,10445672974101,10445678461144
10445703499170,10445703499170,10445710946986
10445703499170,10445703499170,10445710946986
10445732156098,10445732156098,10445743645216
10445732156098,10445732156098,10445743645216
10445766096187,10445766096187,10445775631600
10445766096187,10445766096187,10445775631600
10445799032000,10445799032000,10445810095940
10445799032000,10445799032000,10445810095940
10445832036590,10445832036590,10445843358714
10445832036590,10445832036590,10445843358714
10445865468693,10445865468693,10445875503208
10445865468693,10445865468693,10445875503208
10445898779324,10445898779324,10445910310490
10445898779324,10445898779324,10445910310490
10445931983526,10445931983526,10445943160054
10445931983526,10445931983526,10445943160054
10445965396591,10445965396591,10445975502703
10445965396591,10445965396591,10445975502703
10445998974343,10445998974343,10446009672068
10445998974343,10445998974343,10446009672068
10446032070618,10446032070618,10446044833266
10446032070618,10446032070618,10446044833266
10446066153763,10446066153763,10446075559084
10446066153763,10446066153763,10446075559084
10446098663667,10446098663667,10446110243341
10446098663667,10446098663667,10446110243341
10446132348388,10446132348388,10446145172493
10446132348388,10446132348388,10446145172493
10446166256808,10446166256808,10446176960256
10446166256808,10446166256808,10446176960256
10446198740879,10446198740879,10446210197902
10446198740879,10446198740879,10446210197902
10446231897992,10446231897992,10446244637664
10446231897992,10446231897992,10446244637664
10446231897992,10446231897992,10446244637664,10446241900434
10446241900434,10446244637664,10446241900434
10446241900434,10446244637664,10446241900434
10446265316636,10446265316636,10446279088525
10446265316636,10446265316636,10446279088525
10446265316636,10446265316636,10446279088525,10446276084382
10446276084382,10446279088525,10446276084382
10446276084382,10446298640667,10446279088525,10446276084382
10446279088525,10446298640667,10446279088525
10446279088525,10446298640667,10446279088525,10446309889616
10446298640667,10446298640667,10446317202564,10446309889616
10446309889616,10446317202564,10446309889616
10446309889616,10446331894491,10446317202564,10446309889616
10446317202564,10446331894491,10446317202564
10446317202564,10446331894491,10446317202564,10446342134095
10446331894491,10446331894491,10446347404414,10446342134095
10446342134095,10446347404414,10446342134095
10446342134095,10446366722881,10446347404414,10446342134095
10446366722881,10446366722881,10446377783537
10446366722881,10446366722881,10446377783537
10446366722881,10446366722881,10446377783537,10446375519810
10446375519810,10446377783537,10446375519810
10446375519810,10446377783537,10446375519810
10446399050818,10446399050818,10446409840599
10446399050818,10446399050818,10446415704444,10446409840599
10446409840599,10446415704444,10446409840599
10446409840599,10446432294232,10446415704444,10446409840599
10446432294232,10446432294232,10446444163088
10446432294232,10446432294232,10446444163088
10446432294232,10446432294232,10446444163088,10446442868490
10446442868490,10446444163088,10446442868490
10446442868490,10446444163088,10446442868490
10446465222708,10446465222708,10446476987782
10446465222708,10446465222708,10446476987782
10446465222708,10446465222708,10446476987782,10446477078949
10446476987782,10446476987782,10446477078949
10446476987782,10446476987782,10446477078949
10446498423166,10446498423166,10446510605008
10446498423166,10446498423166,10446510605008
10446498423166,10446498423166,10446510605008,10446510263346
10446510263346,10446510605008,10446510263346
10446510263346,10446510605008,10446510263346
10446531851599,10446531851599,10446546083219
10446531851599,10446531851599,10446546083219
10446531851599,10446531851599,10446546083219,10446542878886
10446542878886,10446546083219,10446542878886
10446542878886,10446565168753,10446546083219,10446542878886
10446546083219,10446565168753,10446546083219
10446546083219,10446565168753,10446546083219,10446575375686
10446565168753,10446565168753,10446581103415,10446575375686
10446575375686,10446581103415,10446575375686
10446575375686,10446598522386,10446581103415,10446575375686
10446581103415,10446598522386,10446581103415
10446581103415,10446598522386,10446581103415,10446608449874
10446598522386,10446598522386,10446614738735,10446608449874
10446608449874,10446614738735,10446608449874
10446608449874,10446632780994,10446614738735,10446608449874
10446632780994,10446632780994,10446648606016
10446632780994,10446632780994,10446648606016
10446669725697,10446669725697,10446676487330
10446669725697,10446669725697,10446676487330
10446699669443,10446699669443,10446713271767
10446699669443,10446699669443,10446713271767
10446713271767,10446732534567,10446713271767
10446713271767,10446732534567,10446713271767
10446732534567,10446732534567,10446743582126
10446732534567,10446732534567,10446743582126
10446766156149,10446766156149,10446776710905
10446766156149,10446766156149,10446776710905
10446799468491,10446799468491,10446810157053
10446799468491,10446799468491,10446810157053
10446837214386,10446837214386,10446843409872
10446837214386,10446837214386,10446843409872
10446865310996,10446865310996,10446882224772
10446865310996,10446865310996,10446882224772
10446882224772,10446899344307,10446882224772
10446882224772,10446899344307,10446882224772
10446899344307,10446899344307,10446916502388
10446899344307,10446899344307,10446916502388
10446916502388,10446932560627,10446916502388
10446916502388,10446932560627,10446916502388
10446932560627,10446932560627,10446944394511
10446932560627,10446932560627,10446944394511
10446965056898,10446965056898,10446976727601
10446965056898,10446965056898,10446976727601
10446998731991,10446998731991,10447010810403
10446998731991,10446998731991,10447010810403
10447031996484,10447031996484,10447043382268
10447031996484,10447031996484,10447043382268
10447064879253,10447064879253,10447076810667
10447064879253,10447064879253,10447076810667
10447098298121,10447098298121,10447112608480
10447098298121,10447098298121,10447112608480
10447112608480,10447131534752,10447112608480
10447112608480,10447131534752,10447112608480
10447131534752,10447131534752,10447143335433
10447131534752,10447131534752,10447143335433
10447164998537,10447164998537,10447179620251
10447164998537,10447164998537,10447179620251
10447179620251,10447198327100,10447179620251
10447179620251,10447198327100,10447179620251
10447198327100,10447198327100,10447210114757
10447198327100,10447198327100,10447210114757
10447231572946,10447231572946,10447246242139
10447231572946,10447231572946,10447246242139
10447246242139,10447264977013,10447246242139
10447246242139,10447264977013,10447246242139
10447264977013,10447264977013,10447280232015
10447264977013,10447264977013,10447280232015
10447280232015,10447298264647,10447280232015
10447280232015,10447298264647,10447280232015
10447298264647,10447298264647,10447310653664
10447298264647,10447298264647,10447310653664
10447331471592,10447331471592,10447341841262
10447331471592,10447331471592,10447346893816,10447341841262
10447341841262,10447346893816,10447341841262
10447341841262,10447346893816,10447341841262
10447368539046,10447368539046,10447376195719
10447368539046,10447368539046,10447380707444,10447376195719
10447376195719,10447380707444,10447376195719
10447376195719,10447380707444,10447376195719
10447407304327,10447407304327,10447409143052
10447407304327,10447407304327,10447415376283,10447409143052
10447409143052,10447415376283,10447409143052
10447409143052,10447433189583,10447415376283,10447409143052
10447433189583,10447433189583,10447443453771
10447433189583,10447433189583,10447443453771
10447433189583,10447433189583,10447443453771
10447433189583,10447433189583,10447443453771,10447454315269
10447443453771,10447443453771,10447454315269
10447443453771,10447465111716,10447443453771,10447454315269
10447454315269,10447465111716,10447454315269
10447465111716,10447465111716,10447476498545,10447480257713
10447476498545,10447476498545,10447480257713
10447476498545,10447499182623,10447476498545,10447480257713
10447499182623,10447499182623,10447509684584
10447499182623,10447499182623,10447509837259,10447509684584
10447509684584,10447509837259,10447509684584
10447509684584,10447509837259,10447509684584
10447533288822,10447533288822,10447542913341
10447533288822,10447533288822,10447547157055,10447542913341
10447542913341,10447547157055,10447542913341
10447542913341,10447565985228,10447547157055,10447542913341
10447547157055,10447565985228,10447547157055
10447547157055,10447565985228,10447547157055,10447575400671
10447565985228,10447565985228,10447577325621,10447575400671
10447575400671,10447577325621,10447575400671
10447575400671,10447577325621,10447575400671
10447603120061,10447603120061,10447608505717
10447603120061,10447603120061,10447611895630,10447608505717
10447608505717,10447611895630,10447608505717
10447608505717,10447611895630,10447608505717
10447632740129,10447632740129,10447642110656
10447632740129,10447632740129,10447644701942,10447642110656
10447642110656,10447644701942,10447642110656
10447642110656,10447644701942,10447642110656
10447669964049,10447669964049,10447677171036
10447669964049,10447669964049,10447677171036
10447699638956,10447699638956,10447708377842
10447699638956,10447699638956,10447714389890,10447708377842
10447708377842,10447714389890,10447708377842
10447708377842,10447734049903,10447714389890,10447708377842
10447734049903,10447734049903,10447747782473
10447734049903,10447734049903,10447747782473
10447747782473,10447764946288,10447747782473
10447747782473,10447764946288,10447747782473
10447764946288,10447764946288,10447784202001
10447764946288,10447764946288,10447784202001
10447784202001,10447798346242,10447784202001
10447784202001,10447798346242,10447784202001
10447798346242,10447798346242,10447815547865
10447798346242,10447798346242,10447815547865
10447815547865,10447831786391,10447815547865
10447815547865,10447831786391,10447815547865
10447831786391,10447831786391,10447843647146
10447831786391,10447831786391,10447843647146
10447864807299,10447864807299,10447876543356
10447864807299,10447864807299,10447876543356
10447899290240,10447899290240,10447910970231
10447899290240,10447899290240,10447910970231
10447931676658,10447931676658,10447943338078
10447931676658,10447931676658,10447943338078
10447965029535,10447965029535,10447980298087
10447965029535,10447965029535,10447980298087
10447980298087,10447998420991,10447980298087
10447980298087,10447998420991,10447980298087
10447998420991,10447998420991,10448014774965
10447998420991,10447998420991,10448014774965
10448014774965,10448031457309,10448014774965
10448014774965,10448031457309,10448014774965
10448031457309,10448031457309,10448046869435
10448031457309,10448031457309,10448046869435
10448046869435,10448065496000,10448046869435
10448046869435,10448065496000,10448046869435
10448065496000,10448065496000,10448079254988
10448065496000,10448065496000,10448079254988
10448079254988,10448097936714,10448079254988
10448079254988,10448097936714,10448079254988
10448097936714,10448097936714,10448109549016
10448097936714,10448097936714,10448109549016
10448131211137,10448131211137,10448143883646
10448131211137,10448131211137,10448143883646
10448164643145,10448164643145,10448175402583
10448164643145,10448164643145,10448175402583
10448197813430,10448197813430,10448211586498
10448197813430,10448197813430,10448211586498
10448211586498,10448231262351,10448211586498
10448211586498,10448231262351,10448211586498
10448211586498,10448231262351,10448211586498
10448211586498,10448231262351,10448211586498,10448241861828
10448231262351,10448231262351,10448241861828
10448231262351,10448231262351,10448243220344,10448241861828
10448231262351,10448231262351,10448243220344,10448241861828
10448231262351,10448231262351,10448243220344,10448241861828
10448241861828,10448243220344,10448241861828
10448241861828,10448243220344,10448241861828
10448266106490,10448266106490,10448276651348
10448266106490,10448266106490,10448276651348
10448301639623,10448301639623,10448308388480
10448301639623,10448301639623,10448309716929,10448308388480
10448308388480,10448309716929,10448308388480
10448308388480,10448309716929,10448308388480
10448331545095,10448331545095,10448345647491
10448331545095,10448331545095,10448345647447,10448345647491
10448345647447,10448345647447,10448345647491
10448345647447,10448345647447,10448345647491
10448369569515,10448369569515,10448377095461
10448369569515,10448369569515,10448385896294,10448377095461
10448377095461,10448385896294,10448377095461
10448377095461,10448398181184,10448385896294,10448377095461
10448385896294,10448398181184,10448385896294
10448385896294,10448398181184,10448385896294,10448409426692
10448398181184,10448398181184,10448413470242,10448409426692
10448409426692,10448413470242,10448409426692
10448409426692,10448431305174,10448413470242,10448409426692
10448413470242,10448431305174,10448413470242
10448413470242,10448431305174,10448413470242,10448441919949
10448431305174,10448431305174,10448448342039,10448441919949
10448441919949,10448448342039,10448441919949
10448441919949,10448464469115,10448448342039,10448441919949
10448448342039,10448464469115,10448448342039
10448448342039,10448464469115,10448448342039,10448475061436
10448464469115,10448464469115,10448481466135,10448475061436
10448464469115,10448464469115,10448481466135
10448464469115,10448464469115,10448481466135
10448481466135,10448498141297,10448481466135
10448481466135,10448498141297,10448481466135,10448508123309
10448498141297,10448498141297,10448516320516,10448508123309
10448508123309,10448516320516,10448508123309
10448508123309,10448531391518,10448516320516,10448508123309
10448516320516,10448531391518,10448516320516
10448516320516,10448531391518,10448516320516,10448543686270
10448531391518,10448531391518,10448544162382,10448543686270
10448543686270,10448544162382,10448543686270
10448543686270,10448544162382,10448543686270
10448564719852,10448564719852,10448576030621
10448564719852,10448564719852,10448576030621
10448564719852,10448564719852,10448576030621,10448576069933
10448576030621,10448576030621,10448576069933
10448576030621,10448576030621,10448576069933
10448598022289,10448598022289,10448608511468
10448598022289,10448598022289,10448613859187,10448608511468
10448608511468,10448613859187,10448608511468
10448608511468,10448631356768,10448613859187,10448608511468
10448613859187,10448631356768,10448613859187
10448613859187,10448631356768,10448613859187,10448643040526
10448631356768,10448631356768,10448643491835,10448643040526
10448643040526,10448643491835,10448643040526
10448643040526,10448643491835,10448643040526
10448669543828,10448669543828,10448677653046
10448669543828,10448669543828,10448677718477,10448677653046
10448677653046,10448677718477,10448677653046
10448677653046,10448677718477,10448677653046
10448699078129,10448699078129,10448709821305
10448699078129,10448699078129,10448709821305
10448731157458,10448731157458,10448743422249
10448731157458,10448731157458,10448743422249
10448765710722,10448765710722,10448776650251
10448765710722,10448765710722,10448776650251
10448797968184,10448797968184,10448810221184
10448797968184,10448797968184,10448810221184
10448831146266,10448831146266,10448843424092
10448831146266,10448831146266,10448843424092
10448869360344,10448869360344,10448876617950
10448869360344,10448869360344,10448876617950
10448897814880,10448897814880,10448914031124
10448897814880,10448897814880,10448914031124
10448914031124,10448932178408,10448914031124
10448914031124,10448932178408,10448914031124
10448932178408,10448932178408,10448948510270
10448932178408,10448932178408,10448948510270
10448948510270,10448964271102,10448948510270
10448948510270,10448964271102,10448948510270
10448964271102,10448964271102,10448976460824
10448964271102,10448964271102,10448976460824
10448997637921,10448997637921,10449011502625
10448997637921,10448997637921,10449011502625
10449011502625,10449031178214,10449011502625
10449011502625,10449031178214,10449011502625
10449031178214,10449031178214,10449043340875
10449031178214,10449031178214,10449043340875
10449064427662,10449064427662,10449077246137
10449064427662,10449064427662,10449077246137
10449097616634,10449097616634,10449109029432
10449097616634,10449097616634,10449109029432
10449131250473,10449131250473,10449142793047
10449131250473,10449131250473,10449142793047
10449164210746,10449164210746,10449176380720
10449164210746,10449164210746,10449176380720
10449197594209,10449197594209,10449209439808
10449197594209,10449197594209,10449209439808
10449230930293,10449230930293,10449243290597
10449230930293,10449230930293,10449243290597
10449264290434,10449264290434,10449276325146
10449264290434,10449264290434,10449276325146
10449297448142,10449297448142,10449308469315
10449297448142,10449297448142,10449310085258,10449308469315
10449308469315,10449310085258,10449308469315
10449308469315,10449310085258,10449308469315
10449330721091,10449330721091,10449343633187
10449330721091,10449330721091,10449343633187
10449364653771,10449364653771,10449375846193
10449364653771,10449364653771,10449375846193
10449364653771,10449364653771,10449375846193,10449375623231
10449375623231,10449375846193,10449375623231
10449375623231,10449375846193,10449375623231
10449397564013,10449397564013,10449412376208
10449397564013,10449397564013,10449412376208
10449397564013,10449397564013,10449412376208
10449397564013,10449397564013,10449412376208,10449417950320
10449412376208,10449430777906,10449412376208,10449417950320
10449417950320,10449430777906,10449417950320
10449430777906,10449430777906,10449443574268,10449442984279
10449442984279,10449443574268,10449442984279
10449442984279,10449443574268,10449442984279
10449464939918,10449464939918,10449481252027
10449464939918,10449464939918,10449482205908,10449481252027
10449481252027,10449499554977,10449482205908,10449481252027
10449481252027,10449499554977,10449481252027
10449499554977,10449499554977,10449509967394,10449515496324
10449509967394,10449509967394,10449515496324
10449509967394,10449531244214,10449509967394,10449515496324
10449515496324,10449531244214,10449515496324
10449531244214,10449531244214,10449543660654,10449543085311
10449543085311,10449543660654,10449543085311
10449543085311,10449543660654,10449543085311
10449564455193,10449564455193,10449575549117
10449564455193,10449564455193,10449575549117
10449564455193,10449564455193,10449575549117,10449581013489
10449575549117,10449575549117,10449581013489
10449575549117,10449597514978,10449575549117,10449581013489
10449597514978,10449597514978,10449609448699
10449597514978,10449597514978,10449613333924,10449609448699
10449609448699,10449613333924,10449609448699
10449609448699,10449631093054,10449613333924,10449609448699
10449613333924,10449631093054,10449613333924
10449613333924,10449631093054,10449613333924,10449642621542
10449631093054,10449631093054,10449644060976,10449642621542
10449642621542,10449644060976,10449642621542
10449642621542,10449644060976,10449642621542
10449664188088,10449664188088,10449682244973
10449664188088,10449664188088,10449682221733,10449682244973
10449682221733,10449697573609,10449682221733,10449682244973
10449682244973,10449697573609,10449682244973
10449697573609,10449697573609,10449710096849,10449709244577
10449709244577,10449710096849,10449709244577
10449709244577,10449710096849,10449709244577
10449732291742,10449732291742,10449743414750
10449732291742,10449732291742,10449743414750
10449764707737,10449764707737,10449776561911
10449764707737,10449764707737,10449776561911
10449798204077,10449798204077,10449810125868
10449798204077,10449798204077,10449810125868
10449830806210,10449830806210,10449843596628
10449830806210,10449830806210,10449843596628
10449864175807,10449864175807,10449877630303
10449864175807,10449864175807,10449877630303
10449897839195,10449897839195,10449910045020
10449897839195,10449897839195,10449910045020
10449930786130,10449930786130,10449944289199
10449930786130,10449930786130,10449944289199
10449944289199,10449963996642,10449944289199
10449944289199,10449963996642,10449944289199
10449963996642,10449963996642,10449976527138
10449963996642,10449963996642,10449976527138
10449997354378,10449997354378,10450009612033
10449997354378,10449997354378,10450009612033
10450030598078,10450030598078,10450042804099
10450030598078,10450030598078,10450042804099
10450063999042,10450063999042,10450076051199
10450063999042,10450063999042,10450076051199
10450097153679,10450097153679,10450114933250
10450097153679,10450097153679,10450114933250
10450114933250,10450130478104,10450114933250
10450114933250,10450130478104,10450114933250
10450130478104,10450130478104,10450142504307
10450130478104,10450130478104,10450142504307
10450164018529,10450164018529,10450177569377
10450164018529,10450164018529,10450177569377
10450197935173,10450197935173,10450209860847
10450197935173,10450197935173,10450209860847
10450230585106,10450230585106,10450241645645
10450230585106,10450230585106,10450241645645
10450263924832,10450263924832,10450276027903
10450263924832,10450263924832,10450276027903
10450297187555,10450297187555,10450313703637
10450297187555,10450297187555,10450313703637
10450313703637,10450330668697,10450313703637
10450313703637,10450330668697,10450313703637
10450313703637,10450330668697,10450313703637
10450313703637,10450330668697,10450313703637,10450341651377
10450330668697,10450330668697,10450342881569,10450341651377
10450341651377,10450342881569,10450341651377
10450341651377,10450342881569,10450341651377
10450364259438,10450364259438,10450375112766
10450364259438,10450364259438,10450380937257,10450375112766
10450375112766,10450380937257,10450375112766
10450375112766,10450397618087,10450380937257,10450375112766
10450380937257,10450397618087,10450380937257
10450380937257,10450397618087,10450380937257,10450408323185
10450397618087,10450397618087,10450409562816,10450408323185
10450408323185,10450409562816,10450408323185
10450408323185,10450409562816,10450408323185
10450430621671,10450430621671,10450441433168
10450430621671,10450430621671,10450441712611,10450441433168
10450441433168,10450441712611,10450441433168
10450441433168,10450441712611,10450441433168
10450468179820,10450468179820,10450475469043
10450468179820,10450468179820,10450476430073,10450475469043
10450475469043,10450476430073,10450475469043
10450475469043,10450476430073,10450475469043
10450498014529,10450498014529,10450511099893
10450498014529,10450498014529,10450511099893
10450498014529,10450498014529,10450511099893,10450509940568
10450509940568,10450511099893,10450509940568
10450509940568,10450511099893,10450509940568
10450531517669,10450531517669,10450542214328
10450531517669,10450531517669,10450546764526,10450542214328
10450542214328,10450546764526,10450542214328
10450542214328,10450563841214,10450546764526,10450542214328
10450563841214,10450563841214,10450575971445
10450563841214,10450563841214,10450575971445
10450563841214,10450563841214,10450575971445,10450580167273
10450575971445,10450575971445,10450580167273
10450575971445,10450597419364,10450575971445,10450580167273
10450580167273,10450597419364,10450580167273
10450597419364,10450597419364,10450608470290,10450613938066
10450608470290,10450608470290,10450613938066
10450608470290,10450631759792,10450608470290,10450613938066
10450613938066,10450631759792,10450613938066
10450631759792,10450631759792,10450644708310,10450641627747
10450641627747,10450644708310,10450641627747
10450641627747,10450644708310,10450641627747
10450665241177,10450665241177,10450677102688
10450665241177,10450665241177,10450677229752,10450677102688
10450677102688,10450697096667,10450677229752,10450677102688
10450677229752,10450697096667,10450677229752
10450677229752,10450697096667,10450677229752,10450708433229
10450697096667,10450697096667,10450710161352,10450708433229
10450708433229,10450710161352,10450708433229
10450708433229,10450710161352,10450708433229
10450730663698,10450730663698,10450743271982
10450730663698,10450730663698,10450743271982
10450765007548,10450765007548,10450782266739
10450765007548,10450765007548,10450782266739
10450782266739,10450797324189,10450782266739
10450782266739,10450797324189,10450782266739
10450797324189,10450797324189,10450809717656
10450797324189,10450797324189,10450809717656
10450830389273,10450830389273,10450842806725
10450830389273,10450830389273,10450842806725
10450864660008,10450864660008,10450876553454
10450864660008,10450864660008,10450876553454
10450897069636,10450897069636,10450909789591
10450897069636,10450897069636,10450909789591
10450930532516,10450930532516,10450943406387
10450930532516,10450930532516,10450943406387
10450965294807,10450965294807,10450976184004
10450965294807,10450965294807,10450976184004
10450997053088,10450997053088,10451010135787
10450997053088,10450997053088,10451010135787
10451030267292,10451030267292,10451047223161
10451030267292,10451030267292,10451047223161
10451047223161,10451063629767,10451047223161
10451047223161,10451063629767,10451047223161
10451063629767,10451063629767,10451075980653
10451063629767,10451063629767,10451075980653
10451096934580,10451096934580,10451112988826
10451096934580,10451096934580,10451112988826
10451112988826,10451130367914,10451112988826
10451112988826,10451130367914,10451112988826
10451130367914,10451130367914,10451142423118
10451130367914,10451130367914,10451142423118
10451163396967,10451163396967,10451176292300
10451163396967,10451163396967,10451176292300
10451196817986,10451196817986,10451208977594
10451196817986,10451196817986,10451208977594
10451230174253,10451230174253,10451242356488
10451230174253,10451230174253,10451242356488
10451263407745,10451263407745,10451279286128
10451263407745,10451263407745,10451279286128
10451279286128,10451296828011,10451279286128
10451279286128,10451296828011,10451279286128
10451296828011,10451296828011,10451311591529
10451296828011,10451296828011,10451311591529
10451311591529,10451330233614,10451311591529
10451311591529,10451330233614,10451311591529
10451330233614,10451330233614,10451344589878
10451330233614,10451330233614,10451344589878
10451344589878,10451363313630,10451344589878
10451344589878,10451363313630,10451344589878
10451344589878,10451363313630,10451344589878
10451344589878,10451363313630,10451344589878,10451375848510
10451363313630,10451363313630,10451375941241,10451375848510
10451375848510,10451375941241,10451375848510
10451375848510,10451375941241,10451375848510
10451397142987,10451397142987,10451408461490
10451397142987,10451397142987,10451410071337,10451408461490
10451408461490,10451410071337,10451408461490
10451408461490,10451410071337,10451408461490
10451434011616,10451434011616,10451447480639
10451434011616,10451434011616,10451449936214,10451447480639
10451447480639,10451464072794,10451449936214,10451447480639
10451449936214,10451464072794,10451449936214
10451449936214,10451464072794,10451449936214,10451479535653
10451464072794,10451464072794,10451480683123,10451479535653
10451479535653,10451498614812,10451480683123,10451479535653
10451479535653,10451498614812,10451479535653
10451498614812,10451498614812,10451509687760,10451511790079
10451509687760,10451509687760,10451511790079
10451509687760,10451530286899,10451509687760,10451511790079
10451511790079,10451530286899,10451511790079
10451530286899,10451530286899,10451543159645,10451542731600
10451542731600,10451543159645,10451542731600
10451542731600,10451543159645,10451542731600
10451563340777,10451563340777,10451580431037
10451563340777,10451563340777,10451580139339,10451580431037
10451580139339,10451596824608,10451580139339,10451580431037
10451580139339,10451596824608,10451580139339
10451580139339,10451596824608,10451580139339,10451609365847
10451596824608,10451596824608,10451608889678,10451609365847
10451608889678,10451608889678,10451609365847
10451608889678,10451608889678,10451609365847
10451630430393,10451630430393,10451642787493
10451630430393,10451630430393,10451647898419,10451642787493
10451642787493,10451647898419,10451642787493
10451642787493,10451663821545,10451647898419,10451642787493
10451647898419,10451663821545,10451647898419
10451647898419,10451663821545,10451647898419,10451675035529
10451663821545,10451663821545,10451679910762,10451675035529
10451675035529,10451679910762,10451675035529
10451675035529,10451698420197,10451679910762,10451675035529
10451679910762,10451698420197,10451679910762
10451679910762,10451698420197,10451679910762,10451708244094
10451698420197,10451698420197,10451709783931,10451708244094
10451708244094,10451709783931,10451708244094
10451708244094,10451709783931,10451708244094
10451730074979,10451730074979,10451741272576
10451730074979,10451730074979,10451747991774,10451741272576
10451741272576,10451747991774,10451741272576
10451741272576,10451763636153,10451747991774,10451741272576
10451747991774,10451763636153,10451747991774
10451747991774,10451763636153,10451747991774,10451776144244
10451763636153,10451763636153,10451781814629,10451776144244
10451776144244,10451781814629,10451776144244
10451776144244,10451781814629,10451776144244
10451801917600,10451801917600,10451808228589
10451801917600,10451801917600,10451811982692,10451808228589
10451808228589,10451811982692,10451808228589
10451808228589,10451811982692,10451808228589
10451833850706,10451833850706,10451842830706
10451833850706,10451833850706,10451843198810,10451842830706
10451842830706,10451843198810,10451842830706
10451842830706,10451843198810,10451842830706
10451868590526,10451868590526,10451880867460
10451868590526,10451868590526,10451880867460
10451880867460,10451897055344,10451880867460
10451880867460,10451897055344,10451880867460
10451897055344,10451897055344,10451908618605
10451897055344,10451897055344,10451908618605
10451930234811,10451930234811,10451943170383
10451930234811,10451930234811,10451943170383
10451963685724,10451963685724,10451977019183
10451963685724,10451963685724,10451977019183
10451998171614,10451998171614,10452009590397
10451998171614,10451998171614,10452009590397
10452030159847,10452030159847,10452042643417
10452030159847,10452030159847,10452042643417
10452063277049,10452063277049,10452075893031
10452063277049,10452063277049,10452075893031
10452097127765,10452097127765,10452109165016
10452097127765,10452097127765,10452109165016
10452130094702,10452130094702,10452144097259
10452130094702,10452130094702,10452144097259
10452144097259,10452163222662,10452144097259
10452144097259,10452163222662,10452144097259
10452163222662,10452163222662,10452175820709
10452163222662,10452163222662,10452175820709
10452196499569,10452196499569,10452209916638
10452196499569,10452196499569,10452209916638
10452209916638,10452229771508,10452209916638
10452209916638,10452229771508,10452209916638
10452229771508,10452229771508,10452243948775
10452229771508,10452229771508,10452243948775
10452243948775,10452263127162,10452243948775
10452243948775,10452263127162,10452243948775
10452263127162,10452263127162,10452275977040
10452263127162,10452263127162,10452275977040
10452296452489,10452296452489,10452309135505
10452296452489,10452296452489,10452309135505
10452329937928,10452329937928,10452343294774
10452329937928,10452329937928,10452343294774
10452343294774,10452363064452,10452343294774
10452343294774,10452363064452,10452343294774
10452363064452,10452363064452,10452380311262
10452363064452,10452363064452,10452380311262
10452380311262,10452399095112,10452380311262
10452380311262,10452399095112,10452380311262
10452399095112,10452399095112,10452409152883
10452399095112,10452399095112,10452409152883
10452429829829,10452429829829,10452442215397
10452429829829,10452429829829,10452442215397
10452463713748,10452463713748,10452474453375
10452463713748,10452463713748,10452475612942,10452474453375
10452474453375,10452475612942,10452474453375
10452474453375,10452475612942,10452474453375
10452496479204,10452496479204,10452510454246
10452496479204,10452496479204,10452510454246
10452510454246,10452529963563,10452517322426,10452510454246
10452517322426,10452529963563,10452517322426
10452517322426,10452529963563,10452517322426,10452541433766
10452529963563,10452529963563,10452543657824,10452541433766
10452541433766,10452543657824,10452541433766
10452541433766,10452543657824,10452541433766
10452564631041,10452564631041,10452576023470
10452564631041,10452564631041,10452576023470
10452564631041,10452564631041,10452576023470,10452575375966
10452575375966,10452576023470,10452575375966
10452575375966,10452576023470,10452575375966
10452596410128,10452596410128,10452609228982
10452596410128,10452596410128,10452609228982
10452596410128,10452596410128,10452609228982,10452613155540
10452609228982,10452609228982,10452613155540
10452609228982,10452609228982,10452613155540
10452633810876,10452633810876,10452645583377
10452633810876,10452633810876,10452645583377
10452633810876,10452633810876,10452645583377,10452642117009
10452642117009,10452645583377,10452642117009
10452642117009,10452663774939,10452645583377,10452642117009
10452663774939,10452663774939,10452677254885
10452663774939,10452663774939,10452677254885
10452663774939,10452663774939,10452677254885,10452681783557
10452677254885,10452677254885,10452681783557
10452677254885,10452677254885,10452681783557
10452704906992,10452704906992,10452708313141
10452704906992,10452704906992,10452710269638,10452708313141
10452708313141,10452710269638,10452708313141
10452708313141,10452710269638,10452708313141
10452730988311,10452730988311,10452742584004
10452730988311,10452730988311,10452746574666,10452742584004
10452742584004,10452746574666,10452742584004
10452742584004,10452763223910,10452746574666,10452742584004
10452763223910,10452763223910,10452775781358
10452763223910,10452763223910,10452775781358
10452763223910,10452763223910,10452775781358,10452780536674
10452775781358,10452775781358,10452780536674
10452775781358,10452797645711,10452775781358,10452780536674
10452780536674,10452797645711,10452780536674
10452797645711,10452797645711,10452809796413,10452809457066
10452809457066,10452809796413,10452809457066
10452809457066,10452809796413,10452809457066
10452829995215,10452829995215,10452846399857
10452829995215,10452829995215,10452843860434,10452846399857
10452843860434,10452863219019,10452843860434,10452846399857
10452843860434,10452863219019,10452843860434
10452843860434,10452863219019,10452843860434,10452875363673
10452863219019,10452863219019,10452880583225,10452875363673
10452875363673,10452880583225,10452875363673
10452875363673,10452897737116,10452880583225,10452875363673
10452897737116,10452897737116,10452910146225
10452897737116,10452897737116,10452910146225
10452930822472,10452930822472,10452948103289
10452930822472,10452930822472,10452948103289
10452948103289,10452963342243,10452948103289
10452948103289,10452963342243,10452948103289
10452963342243,10452963342243,10452976402047
10452963342243,10452963342243,10452976402047
10452997666294,10452997666294,10453011531538
10452997666294,10452997666294,10453011531538
10453036256763,10453036256763,10453046662920
10453036256763,10453036256763,10453046662920
10453046662920,10453062940145,10453046662920
10453046662920,10453062940145,10453046662920
10453062940145,10453062940145,10453075937896
10453062940145,10453062940145,10453075937896
10453096229816,10453096229816,10453110983138
10453096229816,10453096229816,10453110983138
10453110983138,10453129566834,10453110983138
10453110983138,10453129566834,10453110983138
10453129566834,10453129566834,10453142351067
10453129566834,10453129566834,10453142351067
10453163029262,10453163029262,10453179388696
10453163029262,10453163029262,10453179388696
10453179388696,10453196391948,10453179388696
10453179388696,10453196391948,10453179388696
10453196391948,10453196391948,10453214588122
10453196391948,10453196391948,10453214588122
10453214588122,10453229551330,10453214588122
10453214588122,10453229551330,10453214588122
10453229551330,10453229551330,10453246448697
10453229551330,10453229551330,10453246448697
10453246448697,10453262913386,10453246448697
10453246448697,10453262913386,10453246448697
10453262913386,10453262913386,10453278551059
10453262913386,10453262913386,10453278551059
10453278551059,10453296088566,10453278551059
10453278551059,10453296088566,10453278551059
10453296088566,10453296088566,10453308799554
10453296088566,10453296088566,10453308799554
10453329682632,10453329682632,10453342533834
10453329682632,10453329682632,10453342533834
10453362806165,10453362806165,10453375670061
10453362806165,10453362806165,10453375670061
10453396139615,10453396139615,10453409304264
10453396139615,10453396139615,10453409304264
10453429492626,10453429492626,10453442041438
10453429492626,10453429492626,10453442041438
10453463083357,10453463083357,10453478851899
10453463083357,10453463083357,10453478851899
10453463083357,10453463083357,10453478851899,10453480713668
10453478851899,10453496056401,10453478851899,10453480713668
10453478851899,10453496056401,10453478851899
10453478851899,10453496056401,10453478851899,10453514347194
10453496056401,10453496056401,10453511815401,10453514347194
10453511815401,10453531675437,10453511815401,10453514347194
10453514347194,10453531675437,10453514347194
10453531675437,10453531675437,10453543272612,10453543373396
10453543272612,10453562774625,10453543272612,10453543373396
10453543272612,10453562774625,10453543272612
10453543272612,10453562774625,10453543272612,10453575899078
10453562774625,10453562774625,10453576137480,10453575899078
10453562774625,10453562774625,10453575899078
10453600779191,10453600779191,10453609106926
10453600779191,10453600779191,10453609106926
10453600779191,10453600779191,10453609106926,10453609194915
10453609106926,10453609106926,10453609194915
10453609106926,10453609106926,10453609194915
10453630280325,10453630280325,10453642604575
10453630280325,10453630280325,10453647937746,10453642604575
10453642604575,10453647937746,10453642604575
10453642604575,10453647937746,10453642604575
10453668584508,10453668584508,10453674520801
10453668584508,10453668584508,10453676260171,10453674520801
10453674520801,10453676260171,10453674520801
10453674520801,10453676260171,10453674520801
10453696512527,10453696512527,10453710570825
10453696512527,10453696512527,10453710570825
10453696512527,10453696512527,10453710570825,10453708789541
10453708789541,10453710570825,10453708789541
10453708789541,10453729648703,10453710570825,10453708789541
10453729648703,10453729648703,10453743097566
10453729648703,10453729648703,10453743097566
10453729648703,10453729648703,10453743097566,10453741937027
10453741937027,10453743097566,10453741937027
10453741937027,10453762854373,10453743097566,10453741937027
10453762854373,10453762854373,10453776171335
10453762854373,10453762854373,10453776171335
10453762854373,10453762854373,10453776171335,10453776111040
10453776111040,10453796106835,10453776171335,10453776111040
10453776171335,10453796106835,10453776171335
10453776171335,10453796106835,10453776171335,10453809667373
10453796106835,10453796106835,10453809497778,10453809667373
10453809497778,10453829312213,10453809497778,10453809667373
10453809497778,10453829312213,10453809497778
10453809497778,10453829312213,10453809497778,10453841035340
10453829312213,10453829312213,10453847192235,10453841035340
10453841035340,10453847192235,10453841035340
10453841035340,10453863456675,10453847192235,10453841035340
10453863456675,10453863456675,10453875056418
10453863456675,10453863456675,10453875056418
10453896281943,10453896281943,10453909675420
10453896281943,10453896281943,10453909675420
10453935001218,10453935001218,10453943106689
10453935001218,10453935001218,10453943106689
10453943106689,10453962752016,10453943106689
10453943106689,10453962752016,10453943106689
10453962752016,10453962752016,10453977935821
10453962752016,10453962752016,10453977935821
10453977935821,10453996009892,10453977935821
10453977935821,10453996009892,10453977935821
10453996009892,10453996009892,10454014133750
10453996009892,10453996009892,10454014133750
10454014133750,10454030795851,10454014133750
10454014133750,10454030795851,10454014133750
10454030795851,10454030795851,10454042605705
10454030795851,10454030795851,10454042605705
10454062696889,10454062696889,10454078125283
10454062696889,10454062696889,10454078125283
10454078125283,10454096916916,10454078125283
10454078125283,10454096916916,10454078125283
10454096916916,10454096916916,10454111409670
10454096916916,10454096916916,10454111409670
10454111409670,10454129899773,10454111409670
10454111409670,10454129899773,10454111409670
10454129899773,10454129899773,10454144171424
10454129899773,10454129899773,10454144171424
10454166998361,10454166998361,10454175935287
10454166998361,10454166998361,10454175935287
10454196115529,10454196115529,10454209078537
10454196115529,10454196115529,10454209078537
10454230308722,10454230308722,10454242331020
10454230308722,10454230308722,10454242331020
10454262562664,10454262562664,10454281280671
10454262562664,10454262562664,10454281280671
10454281280671,10454296917691,10454281280671
10454281280671,10454296917691,10454281280671
10454296917691,10454296917691,10454308850745
10454296917691,10454296917691,10454308850745
10454329145225,10454329145225,10454343691186
10454329145225,10454329145225,10454343691186
10454343691186,10454363089647,10454343691186
10454343691186,10454363089647,10454343691186
10454363089647,10454363089647,10454375621354
10454363089647,10454363089647,10454375621354
10454395720457,10454395720457,10454408892020
10454395720457,10454395720457,10454408892020
10454429143151,10454429143151,10454442627751
10454429143151,10454429143151,10454442627751
10454442627751,10454462496136,10454442627751
10454442627751,10454462496136,10454442627751
10454462496136,10454462496136,10454476465277
10454462496136,10454462496136,10454476465277
10454476465277,10454495916671,10454476465277
10454476465277,10454495916671,10454476465277
10454495916671,10454495916671,10454508726163
10454495916671,10454495916671,10454508726163
10454529236243,10454529236243,10454542507678
10454529236243,10454529236243,10454542507678
10454529236243,10454529236243,10454542507678,10454541194566
10454541194566,10454542507678,10454541194566
10454541194566,10454562458618,10454542507678,10454541194566
10454542507678,10454562458618,10454542507678
10454542507678,10454562458618,10454542507678,10454574965573
10454562458618,10454562458618,10454577356656,10454574965573
10454574965573,10454577356656,10454574965573
10454574965573,10454595761190,10454577356656,10454574965573
10454577356656,10454595761190,10454577356656
10454577356656,10454595761190,10454577356656,10454607967359
10454595761190,10454595761190,10454609807466,10454607967359
10454607967359,10454609807466,10454607967359
10454607967359,10454629362906,10454609807466,10454607967359
10454629362906,10454629362906,10454641970893
10454629362906,10454629362906,10454641970893
10454629362906,10454629362906,10454641970893,10454642064534
10454641970893,10454641970893,10454642064534
10454641970893,10454641970893,10454642064534
10454663378380,10454663378380,10454674354806
10454663378380,10454663378380,10454676099126,10454674354806
10454674354806,10454676099126,10454674354806
10454674354806,10454676099126,10454674354806
10454696953171,10454696953171,10454707606136
10454696953171,10454696953171,10454709100699,10454707606136
10454707606136,10454709100699,10454707606136
10454707606136,10454709100699,10454707606136
10454731611875,10454731611875,10454742307587
10454731611875,10454731611875,10454742307587
10454731611875,10454731611875,10454742307587,10454741993761
10454741993761,10454742307587,10454741993761
10454741993761,10454742307587,10454741993761
10454764056594,10454764056594,10454776041985
10454764056594,10454764056594,10454776041985
10454764056594,10454764056594,10454776041985,10454780828895
10454776041985,10454795774590,10454776041985,10454780828895
10454776041985,10454795774590,10454776041985
10454776041985,10454795774590,10454776041985,10454809299959
10454795774590,10454795774590,10454814658398,10454809299959
10454809299959,10454814658398,10454809299959
10454809299959,10454830848947,10454814658398,10454809299959
10454814658398,10454830848947,10454814658398
10454814658398,10454830848947,10454814658398,10454840863348
10454830848947,10454830848947,10454846473895,10454840863348
10454840863348,10454846473895,10454840863348
10454840863348,10454863971083,10454846473895,10454840863348
10454846473895,10454863971083,10454846473895
10454846473895,10454863971083,10454846473895,10454874435692
10454863971083,10454863971083,10454880122782,10454874435692
10454874435692,10454880122782,10454874435692
10454874435692,10454897230873,10454880122782,10454874435692
10454880122782,10454897230873,10454880122782
10454880122782,10454897230873,10454880122782,10454908614528
10454897230873,10454897230873,10454909608077,10454908614528
10454908614528,10454909608077,10454908614528
10454908614528,10454909608077,10454908614528
10454930539689,10454930539689,10454942533699
10454930539689,10454930539689,10454943071039,10454942533699
10454942533699,10454943071039,10454942533699
10454942533699,10454962667266,10454943071039,10454942533699
10454943071039,10454962667266,10454943071039
10454943071039,10454962667266,10454943071039,10454974628914
10454962667266,10454962667266,10454976230387,10454974628914
10454974628914,10454976230387,10454974628914
10454974628914,10454995793574,10454976230387,10454974628914
10454995793574,10454995793574,10455008927553
10454995793574,10454995793574,10455008927553
10455029915179,10455029915179,10455042499441
10455029915179,10455029915179,10455042499441
10455042499441,10455062356899,10455042499441
10455042499441,10455062356899,10455042499441
10455062356899,10455062356899,10455078531775
10455062356899,10455062356899,10455078531775
10455098726207,10455098726207,10455109283645
10455098726207,10455098726207,10455109283645
10455109283645,10455128872340,10455109283645
10455109283645,10455128872340,10455109283645
10455128872340,10455128872340,10455141769816
10455128872340,10455128872340,10455141769816
10455162188079,10455162188079,10455175571587
10455162188079,10455162188079,10455175571587
10455196355871,10455196355871,10455209360781
10455196355871,10455196355871,10455209360781
10455230222540,10455230222540,10455242672211
10455230222540,10455230222540,10455242672211
10455242672211,10455262301674,10455242672211
10455242672211,10455262301674,10455242672211
10455262301674,10455262301674,10455275433977
10455262301674,10455262301674,10455275433977
10455298272653,10455298272653,10455308890898
10455298272653,10455298272653,10455308890898
10455329797230,10455329797230,10455343345195
10455329797230,10455329797230,10455343345195
10455363402665,10455363402665,10455375888692
10455363402665,10455363402665,10455375888692
10455397064600,10455397064600,10455408481808
10455397064600,10455397064600,10455408481808
10455428704519,10455428704519,10455441167508
10455428704519,10455428704519,10455441167508
10455462061773,10455462061773,10455474178671
10455462061773,10455462061773,10455474178671
10455495567228,10455495567228,10455508591074
10455495567228,10455495567228,10455508591074
10455528773377,10455528773377,10455542343803
10455528773377,10455528773377,10455542343803
10455563053540,10455563053540,10455575548624
10455563053540,10455563053540,10455575548624
10455575548624,10455595403695,10455575548624
10455575548624,10455595403695,10455575548624
10455595403695,10455595403695,10455608938428
10455595403695,10455595403695,10455608938428
10455595403695,10455595403695,10455608938428,10455608684038
10455608684038,10455608938428,10455608684038
10455608684038,10455628815004,10455608938428,10455608684038
10455608938428,10455628815004,10455608938428
10455608938428,10455628815004,10455608938428,10455641405542
10455628815004,10455628815004,10455643314822,10455641405542
10455641405542,10455643314822,10455641405542
10455641405542,10455643314822,10455641405542
10455663498732,10455663498732,10455674188389
10455663498732,10455663498732,10455675738034,10455674188389
10455674188389,10455675738034,10455674188389
10455674188389,10455675738034,10455674188389
10455696679930,10455696679930,10455707974124
10455696679930,10455696679930,10455707974124
10455696679930,10455696679930,10455707974124,10455709114786
10455707974124,10455707974124,10455709114786
10455707974124,10455707974124,10455709114786
10455729987970,10455729987970,10455740804488
10455729987970,10455729987970,10455747440506,10455740804488
10455740804488,10455747440506,10455740804488
10455740804488,10455762825034,10455747440506,10455740804488
10455747440506,10455762825034,10455747440506
10455747440506,10455762825034,10455747440506,10455775690714
10455762825034,10455762825034,10455775689624,10455775690714
10455775689624,10455775689624,10455775690714
10455775689624,10455775689624,10455775690714
10455796390272,10455796390272,10455807738413
10455796390272,10455796390272,10455814220268,10455807738413
10455807738413,10455814220268,10455807738413
10455807738413,10455828759082,10455814220268,10455807738413
10455814220268,10455828759082,10455814220268
10455814220268,10455828759082,10455814220268,10455841362130
10455828759082,10455828759082,10455843020464,10455841362130
10455841362130,10455843020464,10455841362130
10455841362130,10455862863244,10455843020464,10455841362130
10455843020464,10455862863244,10455843020464
10455843020464,10455862863244,10455843020464,10455874569286
10455862863244,10455862863244,10455876706164,10455874569286
10455874569286,10455876706164,10455874569286
10455874569286,10455896405379,10455876706164,10455874569286
10455876706164,10455896405379,10455876706164
10455876706164,10455896405379,10455876706164,10455907722597
10455896405379,10455896405379,10455913442484,10455907722597
10455907722597,10455913442484,10455907722597
10455907722597,10455930244649,10455913442484,10455907722597
10455930244649,10455930244649,10455941348354
10455930244649,10455930244649,10455941348354
10455962105748,10455962105748,10455975639777
10455962105748,10455962105748,10455975639777
10455998919406,10455998919406,10456011542100
10455998919406,10455998919406,10456011542100
10456011542100,10456029156200,10456011542100
10456011542100,10456029156200,10456011542100
10456029156200,10456029156200,10456042293392
10456029156200,10456029156200,10456042293392
10456042293392,10456062187869,10456042293392
10456042293392,10456062187869,10456042293392
10456062187869,10456062187869,10456081179812
10456062187869,10456062187869,10456081179812
10456081179812,10456096693039,10456081179812
10456081179812,10456096693039,10456081179812
10456096693039,10456096693039,10456107822993
10456096693039,10456096693039,10456107822993
10456129703717,10456129703717,10456142362443
10456129703717,10456129703717,10456142362443
10456142362443,10456162032907,10456142362443
10456142362443,10456162032907,10456142362443
10456162032907,10456162032907,10456175470237
10456162032907,10456162032907,10456175470237
10456175470237,10456195104980,10456175470237
10456175470237,10456195104980,10456175470237
10456195104980,10456195104980,10456208823063
10456195104980,10456195104980,10456208823063
10456208823063,10456228677313,10456208823063
10456208823063,10456228677313,10456208823063
10456228677313,10456228677313,10456242259490
10456228677313,10456228677313,10456242259490
10456242259490,10456261942210,10456242259490
10456242259490,10456261942210,10456242259490
10456242259490,10456261942210,10456242259490
10456242259490,10456261942210,10456242259490,10456275454929
10456261942210,10456261942210,10456275374172,10456275454929
10456275374172,10456295243492,10456275374172,10456275454929
10456275454929,10456295243492,10456275454929
10456309668737,10456328927447,10456309668737
10456309668737,10456328927447,10456309668737
10456328927447,10456328927447,10456342642815
10456328927447,10456328927447,10456342642815
10456362780662,10456362780662,10456375546606
10456362780662,10456362780662,10456375546606
10456375546606,10456395244493,10456375546606
10456375546606,10456395244493,10456375546606
10456395244493,10456395244493,10456412556500
10456395244493,10456395244493,10456412556500
10456412556500,10456429345140,10456412556500
10456412556500,10456429345140,10456412556500
10456429345140,10456429345140,10456443482543
10456429345140,10456429345140,10456443482543
10456443482543,10456461944884,10456443482543
10456443482543,10456461944884,10456443482543
10456461944884,10456461944884,10456475656110
10456461944884,10456461944884,10456475656110
10456475656110,10456495034144,10456475656110
10456475656110,10456495034144,10456475656110
10456495034144,10456495034144,10456511534530
10456495034144,10456495034144,10456511534530
10456511534530,10456529138978,10456511534530
10456511534530,10456529138978,10456511534530
10456529138978,10456529138978,10456542687196
10456529138978,10456529138978,10456542687196
10456542687196,10456561926771,10456542687196
10456542687196,10456561926771,10456542687196
10456561926771,10456561926771,10456575936185
10456561926771,10456561926771,10456575936185
10456575936185,10456595115196,10456575936185
10456575936185,10456595115196,10456575936185
10456595115196,10456595115196,10456608477365
10456595115196,10456595115196,10456608477365
10456608477365,10456628254039,10456608477365
10456608477365,10456628254039,10456608477365
10456608477365,10456628254039,10456608477365
10456608477365,10456628254039,10456608477365,10456640787208
10456628254039,10456628254039,10456642423517,10456640787208
10456640787208,10456642423517,10456640787208
10456640787208,10456661687430,10456642423517,10456640787208
10456661687430,10456661687430,10456676961266
10456661687430,10456661687430,10456676961266
10456661687430,10456661687430,10456676961266,10456674659525
10456674659525,10456676961266,10456674659525
10456674659525,10456695291513,10456676961266,10456674659525
10456676961266,10456695291513,10456676961266
10456676961266,10456695291513,10456676961266,10456708292947
10456695291513,10456695291513,10456709533594,10456708292947
10456708292947,10456709533594,10456708292947
10456708292947,10456728986143,10456709533594,10456708292947
10456709533594,10456728986143,10456709533594
10456709533594,10456728986143,10456709533594,10456741735168
10456728986143,10456728986143,10456742540720,10456741735168
10456741735168,10456742540720,10456741735168
10456741735168,10456761736648,10456742540720,10456741735168
10456742540720,10456761736648,10456742540720
10456742540720,10456761736648,10456742540720,10456774261136
10456761736648,10456761736648,10456775548777,10456774261136
10456774261136,10456775548777,10456774261136
10456774261136,10456795169906,10456775548777,10456774261136
10456775548777,10456795169906,10456775548777
10456775548777,10456795169906,10456775548777,10456808137467
10456795169906,10456795169906,10456808840039,10456808137467
10456808137467,10456808840039,10456808137467
10456808137467,10456808840039,10456808137467
10456829744845,10456829744845,10456842285484
10456829744845,10456829744845,10456842285484
10456829744845,10456829744845,10456842285484,10456840727780
10456840727780,10456842285484,10456840727780
10456840727780,10456861888430,10456842285484,10456840727780
10456861888430,10456861888430,10456879142498
10456861888430,10456861888430,10456879142498
10456861888430,10456861888430,10456879142498,10456874174403
10456874174403,10456879142498,10456874174403
10456874174403,10456896772935,10456879142498,10456874174403
10456896772935,10456896772935,10456909148367
10456896772935,10456896772935,10456909148367
10456909148367,10456928403720,10456909148367
10456909148367,10456928403720,10456909148367
10456928403720,10456928403720,10456941682288
10456928403720,10456928403720,10456941682288
10456961830813,10456961830813,10456975693300
10456961830813,10456961830813,10456975693300
10456975693300,10456994887395,10456975693300
10456975693300,10456994887395,10456975693300
10456994887395,10456994887395,10457009032643
10456994887395,10456994887395,10457009032643
10457029405973,10457029405973,10457042193617
10457029405973,10457029405973,10457042193617
10457042193617,10457061586979,10457042193617
10457042193617,10457061586979,10457042193617
10457061586979,10457061586979,10457075463029
10457061586979,10457061586979,10457075463029
10457075463029,10457094947276,10457075463029
10457075463029,10457094947276,10457075463029
10457094947276,10457094947276,10457110401684
10457094947276,10457094947276,10457110401684
10457110401684,10457129493949,10457110401684
10457110401684,10457129493949,10457110401684
10457129493949,10457129493949,10457142035261
10457129493949,10457129493949,10457142035261
10457142035261,10457161806749,10457142035261
10457142035261,10457161806749,10457142035261
10457161806749,10457161806749,10457175193782
10457161806749,10457161806749,10457175193782
10457175193782,10457194862842,10457175193782
10457175193782,10457194862842,10457175193782
10457194862842,10457194862842,10457209653195
10457194862842,10457194862842,10457209653195
10457209653195,10457228061452,10457209653195
10457209653195,10457228061452,10457209653195
10457228061452,10457228061452,10457241908845
10457228061452,10457228061452,10457241908845
10457241908845,10457261669887,10457241908845
10457241908845,10457261669887,10457241908845
10457261669887,10457261669887,10457275686575
10457261669887,10457261669887,10457275686575
10457275686575,10457294789503,10457275686575
10457275686575,10457294789503,10457275686575
10457294789503,10457294789503,10457311941326
10457294789503,10457294789503,10457311941326
10457311941326,10457331064416,10457311941326
10457311941326,10457331064416,10457311941326
10457331064416,10457331064416,10457343127197
10457331064416,10457331064416,10457343127197
10457343127197,10457362611285,10457343127197
10457343127197,10457362611285,10457343127197
10457362611285,10457362611285,10457381530398
10457362611285,10457362611285,10457381530398
10457381530398,10457394915753,10457381530398
10457381530398,10457394915753,10457381530398
10457394915753,10457394915753,10457411210574
10457394915753,10457394915753,10457411210574
10457411210574,10457428046616,10457411210574
10457411210574,10457428046616,10457411210574
10457428046616,10457428046616,10457443266207
10457428046616,10457428046616,10457443266207
10457443266207,10457461434353,10457443266207
10457443266207,10457461434353,10457443266207
10457461434353,10457461434353,10457474789479
10457461434353,10457461434353,10457474789479
10457474789479,10457494669085,10457474789479
10457474789479,10457494669085,10457474789479
10457494669085,10457494669085,10457509624572
10457494669085,10457494669085,10457509624572
10457509624572,10457528248154,10457509624572
10457509624572,10457528248154,10457509624572
10457528248154,10457528248154,10457540826270
10457528248154,10457528248154,10457540826270
10457561454850,10457561454850,10457575650989
10457561454850,10457561454850,10457575650989
10457575650989,10457594981132,10457575650989
10457575650989,10457594981132,10457575650989
10457594981132,10457594981132,10457608328501
10457594981132,10457594981132,10457608328501
10457608328501,10457628208947,10457608328501
10457608328501,10457628208947,10457608328501
10457628208947,10457628208947,10457641850221
10457628208947,10457628208947,10457641850221
10457628208947,10457628208947,10457641850221,10457640506567
10457640506567,10457641850221,10457640506567
10457640506567,10457661441056,10457641850221,10457640506567
10457641850221,10457661441056,10457641850221
10457641850221,10457661441056,10457641850221,10457675779048
10457661441056,10457661441056,10457677307291,10457675779048
10457675779048,10457677307291,10457675779048
10457675779048,10457677307291,10457675779048
10457699351157,10457699351157,10457707744763
10457699351157,10457699351157,10457710141259,10457707744763
10457707744763,10457710141259,10457707744763
10457707744763,10457728242242,10457710141259,10457707744763
10457728242242,10457728242242,10457742136027
10457728242242,10457728242242,10457742136027
10457728242242,10457728242242,10457742136027,10457741986294
10457741986294,10457742136027,10457741986294
10457741986294,10457742136027,10457741986294
10457762331892,10457762331892,10457774818438
10457762331892,10457762331892,10457780571563,10457774818438
10457774818438,10457780571563,10457774818438
10457774818438,10457794834880,10457780571563,10457774818438
10457780571563,10457794834880,10457780571563
10457780571563,10457794834880,10457780571563,10457807812735
10457794834880,10457794834880,10457814490817,10457807812735
10457807812735,10457814490817,10457807812735
10457807812735,10457829066654,10457814490817,10457807812735
10457814490817,10457829066654,10457814490817
10457814490817,10457829066654,10457814490817,10457840783044
10457829066654,10457829066654,10457842536198,10457840783044
10457840783044,10457842536198,10457840783044
10457840783044,10457861422483,10457842536198,10457840783044
10457842536198,10457861422483,10457842536198
10457842536198,10457861422483,10457842536198,10457873908345
10457861422483,10457861422483,10457875541233,10457873908345
10457873908345,10457875541233,10457873908345
10457873908345,10457894702733,10457875541233,10457873908345
10457875541233,10457894702733,10457875541233
10457875541233,10457894702733,10457875541233,10457908614563
10457894702733,10457894702733,10457911438543,10457908614563
10457908614563,10457911438543,10457908614563
10457908614563,10457929848811,10457911438543,10457908614563
10457911438543,10457929848811,10457911438543
10457911438543,10457929848811,10457911438543,10457941058819
10457929848811,10457929848811,10457943216229,10457941058819
10457941058819,10457943216229,10457941058819
10457941058819,10457943216229,10457941058819
10457966351029,10457966351029,10457976569287
10457966351029,10457966351029,10457976569287
10457976569287,10457995547634,10457976569287
10457976569287,10457995547634,10457976569287
10457995547634,10457995547634,10458008780522
10457995547634,10457995547634,10458008780522
10458028884661,10458028884661,10458040779754
10458028884661,10458028884661,10458040779754
10458063555084,10458063555084,10458076697838
10458063555084,10458063555084,10458076697838
10458097277280,10458097277280,10458108549841
10458097277280,10458097277280,10458108549841
10458108549841,10458127911665,10458108549841
10458108549841,10458127911665,10458108549841
10458127911665,10458127911665,10458146706271
10458127911665,10458127911665,10458146706271
10458146706271,10458161331829,10458146706271
10458146706271,10458161331829,10458146706271
10458161331829,10458161331829,10458175203763
10458161331829,10458161331829,10458175203763
10458175203763,10458194749960,10458175203763
10458175203763,10458194749960,10458175203763
10458194749960,10458194749960,10458208366576
10458194749960,10458194749960,10458208366576
10458208366576,10458227931465,10458208366576
10458208366576,10458227931465,10458208366576
10458227931465,10458227931465,10458240694292
10458227931465,10458227931465,10458240694292
10458261350264,10458261350264,10458273775093
10458261350264,10458261350264,10458273775093
10458261350264,10458261350264,10458275090539,10458273775093
10458261350264,10458261350264,10458275090539,10458273775093
10458261350264,10458261350264,10458275090539,10458273775093
10458273775093,10458275090539,10458273775093
10458273775093,10458294494523,10458275090539,10458273775093
10458275090539,10458294494523,10458275090539
10458275090539,10458294494523,10458275090539
10458275090539,10458294494523,10458275090539,10458308099127
10458294494523,10458294494523,10458308099127
10458294494523,10458294494523,10458308855586,10458308099127
10458294494523,10458294494523,10458308855586,10458308099127
10458294494523,10458294494523,10458308855586,10458308099127
10458308099127,10458308855586,10458308099127
10458308099127,10458328250198,10458308855586,10458308099127
10458308855586,10458328250198,10458308855586
10458328250198,10458328250198,10458342594590
10458328250198,10458328250198,10458342594590
10458342594590,10458362364191,10458342594590
10458342594590,10458362364191,10458342594590
10458362364191,10458362364191,10458375333663
10458362364191,10458362364191,10458375333663
10458375333663,10458395279025,10458375333663
10458375333663,10458395279025,10458375333663
10458395279025,10458395279025,10458408205202
10458395279025,10458395279025,10458408205202
10458408205202,10458427736237,10458408205202
10458408205202,10458427736237,10458408205202
10458427736237,10458427736237,10458443801662
10458427736237,10458427736237,10458443801662
10458443801662,10458462176968,10458443801662
10458443801662,10458462176968,10458443801662
10458462176968,10458462176968,10458475041769
10458462176968,10458462176968,10458475041769
10458475041769,10458494417753,10458475041769
10458475041769,10458494417753,10458475041769
10458494417753,10458494417753,10458508273898
10458494417753,10458494417753,10458508273898
10458508273898,10458527629159,10458508273898
10458508273898,10458527629159,10458508273898
10458527629159,10458527629159,10458541899090
10458527629159,10458527629159,10458541899090
10458541899090,10458560880836,10458541899090
10458541899090,10458560880836,10458541899090
10458560880836,10458560880836,10458575047995
10458560880836,10458560880836,10458575047995
10458575047995,10458594318111,10458575047995
10458575047995,10458594318111,10458575047995
10458594318111,10458594318111,10458608398925
10458594318111,10458594318111,10458608398925
10458608398925,10458628004968,10458608398925
10458608398925,10458628004968,10458608398925
10458628004968,10458628004968,10458641380422
10458628004968,10458628004968,10458641380422
10458641380422,10458661240723,10458641380422
10458641380422,10458661240723,10458641380422
10458641380422,10458661240723,10458641380422
10458641380422,10458661240723,10458641380422,10458675950677
10458661240723,10458661240723,10458676113178,10458675950677
10458675950677,10458694918705,10458676113178,10458675950677
10458676113178,10458694918705,10458676113178
10458676113178,10458694918705,10458676113178,10458707344499
10458694918705,10458694918705,10458710427691,10458707344499
10458707344499,10458710427691,10458707344499
10458707344499,10458729050004,10458710427691,10458707344499
10458710427691,10458729050004,10458710427691
10458710427691,10458729050004,10458710427691,10458741719352
10458729050004,10458729050004,10458741799886,10458741719352
10458741719352,10458741799886,10458741719352
10458741719352,10458741799886,10458741719352
10458762216746,10458762216746,10458774726639
10458762216746,10458762216746,10458779604603,10458774726639
10458774726639,10458779604603,10458774726639
10458774726639,10458795293300,10458779604603,10458774726639
10458795293300,10458795293300,10458809385299
10458795293300,10458795293300,10458809385299
10458795293300,10458795293300,10458809385299,10458808228719
10458808228719,10458827653452,10458809385299,10458808228719
10458809385299,10458827653452,10458809385299
10458809385299,10458827653452,10458809385299,10458845458019
10458827653452,10458827653452,10458845958690,10458845458019
10458845458019,10458861221143,10458845958690,10458845458019
10458845958690,10458861221143,10458845958690
10458845958690,10458861221143,10458845958690,10458876694983
10458861221143,10458861221143,10458880143161,10458876694983
10458876694983,10458894530269,10458880143161,10458876694983
10458880143161,10458894530269,10458880143161
10458880143161,10458894530269,10458880143161,10458908160187
10458894530269,10458894530269,10458908428808,10458908160187
10458908160187,10458908428808,10458908160187
10458908160187,10458928340662,10458908428808,10458908160187
10458908428808,10458928340662,10458908428808
10458908428808,10458928340662,10458908428808,10458942351345
10458928340662,10458928340662,10458945673369,10458942351345
10458942351345,10458960974586,10458945673369,10458942351345
10458945673369,10458960974586,10458945673369
10458945673369,10458960974586,10458945673369,10458973988315
10458960974586,10458960974586,10458975625941,10458973988315
10458973988315,10458975625941,10458973988315
10458973988315,10458975625941,10458973988315
10458999115181,10458999115181,10459007568193
10458999115181,10458999115181,10459010503459,10459007568193
10459007568193,10459010503459,10459007568193
10459007568193,10459027872099,10459010503459,10459007568193
10459027872099,10459027872099,10459042575472
10459027872099,10459027872099,10459042575472
10459042575472,10459061076655,10459042575472
10459042575472,10459061076655,10459042575472
10459081205764,10459095663041,10459081205764
10459081205764,10459095663041,10459081205764
10459116411522,10459127759998,10459116411522
10459116411522,10459127759998,10459116411522
10459127759998,10459127759998,10459142750622
10459127759998,10459127759998,10459142750622
10459165972438,10459165972438,10459180228375
10459165972438,10459165972438,10459180228375
10459180228375,10459194308403,10459180228375
10459180228375,10459194308403,10459180228375
10459194308403,10459194308403,10459212956439
10459194308403,10459194308403,10459212956439
10459212956439,10459228642713,10459212956439
10459212956439,10459228642713,10459212956439
10459228642713,10459228642713,10459241703093
10459228642713,10459228642713,10459241703093
10459241703093,10459260930820,10459241703093
10459241703093,10459260930820,10459241703093
10459260930820,10459260930820,10459275313626
10459260930820,10459260930820,10459275313626
10459275313626,10459295061712,10459275313626
10459275313626,10459295061712,10459275313626
10459295061712,10459295061712,10459308142440
10459295061712,10459295061712,10459308142440
10459308142440,10459327628210,10459308142440
10459308142440,10459327628210,10459308142440
10459327628210,10459327628210,10459341751863
10459327628210,10459327628210,10459341751863
10459341751863,10459360831961,10459341751863
10459341751863,10459360831961,10459341751863
10459360831961,10459360831961,10459378081261
10459360831961,10459360831961,10459378081261
10459378081261,10459394523111,10459378081261
10459378081261,10459394523111,10459378081261
10459394523111,10459394523111,10459408474826
10459394523111,10459394523111,10459408474826
10459408474826,10459427414701,10459408474826
10459408474826,10459427414701,10459408474826
10459427414701,10459427414701,10459441389849
10459427414701,10459427414701,10459441389849
10459462640202,10459462640202,10459474884421
10459462640202,10459462640202,10459474884421
10459474884421,10459494034698,10459474884421
10459474884421,10459494034698,10459474884421
10459494034698,10459494034698,10459508100690
10459494034698,10459494034698,10459508100690
10459508100690,10459527373668,10459508100690
10459508100690,10459527373668,10459508100690
10459527373668,10459527373668,10459541651481
10459527373668,10459527373668,10459541651481
10459541651481,10459560998939,10459541651481
10459541651481,10459560998939,10459541651481
10459560998939,10459560998939,10459575104713
10459560998939,10459560998939,10459575104713
10459575104713,10459594119963,10459575104713
10459575104713,10459594119963,10459575104713
10459594119963,10459594119963,10459608402685
10459594119963,10459594119963,10459608402685
10459608402685,10459627617049,10459608402685
10459608402685,10459627617049,10459608402685
10459627617049,10459627617049,10459642383305
10459627617049,10459627617049,10459642383305
10459642383305,10459660801581,10459642383305
10459642383305,10459660801581,10459642383305
10459660801581,10459660801581,10459674848825
10459660801581,10459660801581,10459674848825
10459674848825,10459693904790,10459674848825
10459674848825,10459693904790,10459674848825
10459674848825,10459693904790,10459674848825
10459674848825,10459693904790,10459674848825,10459706981805
10459693904790,10459693904790,10459708702561,10459706981805
10459706981805,10459708702561,10459706981805
10459706981805,10459727934993,10459708702561,10459706981805
10459708702561,10459727934993,10459708702561
10459708702561,10459727934993,10459708702561,10459740746741
10459727934993,10459727934993,10459742504665,10459740746741
10459740746741,10459742504665,10459740746741
10459740746741,10459761995541,10459742504665,10459740746741
10459742504665,10459761995541,10459742504665
10459742504665,10459761995541,10459742504665,10459773648950
10459761995541,10459761995541,10459780099645,10459773648950
10459773648950,10459780099645,10459773648950
10459773648950,10459796644781,10459780099645,10459773648950
10459780099645,10459796644781,10459780099645
10459780099645,10459796644781,10459780099645,10459807418932
10459796644781,10459796644781,10459809449230,10459807418932
10459807418932,10459809449230,10459807418932
10459807418932,10459827484051,10459809449230,10459807418932
10459809449230,10459827484051,10459809449230
10459809449230,10459827484051,10459809449230,10459840433507
10459827484051,10459827484051,10459840433507
10459840433507,10459848264237,10459840433507
10459840433507,10459861333101,10459848264237,10459840433507
10459848264237,10459861333101,10459848264237
10459848264237,10459861333101,10459848264237,10459873715971
10459861333101,10459861333101,10459875285251,10459873715971
10459873715971,10459875285251,10459873715971
10459873715971,10459875285251,10459873715971
10459899009500,10459899009500,10459910079399
10459899009500,10459899009500,10459910079399
10459899009500,10459899009500,10459910079399,10459907743919
10459907743919,10459910079399,10459907743919
10459907743919,10459928397444,10459910079399,10459907743919
10459928397444,10459928397444,10459941418832
10459928397444,10459928397444,10459941418832
10459928397444,10459928397444,10459941418832,10459941235383
10459941235383,10459941418832,10459941235383
10459941235383,10459941418832,10459941235383
10459961778642,10459961778642,10459973893780
10459961778642,10459961778642,10459975319089,10459973893780
10459973893780,10459975319089,10459973893780
10459973893780,10459975319089,10459973893780
10459995479502,10459995479502,10460007141321
10459995479502,10459995479502,10460008476573,10460007141321
10460007141321,10460008476573,10460007141321
10460007141321,10460027574765,10460008476573,10460007141321
10460027574765,10460027574765,10460042112444
10460027574765,10460027574765,10460042112444
10460065351056,10460065351056,10460075341906
10460065351056,10460065351056,10460075341906
10460096106207,10460096106207,10460109727337
10460096106207,10460096106207,10460109727337
10460109727337,10460127243375,10460109727337
10460109727337,10460127243375,10460109727337
10460127243375,10460127243375,10460141522512
10460127243375,10460127243375,10460141522512
10460163494998,10460163494998,10460175025818
10460163494998,10460163494998,10460175025818
10460175025818,10460193954539,10460175025818
10460175025818,10460193954539,10460175025818
10460193954539,10460193954539,10460208271593
10460193954539,10460193954539,10460208271593
10460208271593,10460227133247,10460208271593
10460208271593,10460227133247,10460208271593
10460227133247,10460227133247,10460241416773
10460227133247,10460227133247,10460241416773
10460241416773,10460261282698,10460241416773
10460241416773,10460261282698,10460241416773
10460261282698,10460261282698,10460275028483
10460261282698,10460261282698,10460275028483
10460275028483,10460293830758,10460275028483
10460275028483,10460293830758,10460275028483
10460293830758,10460293830758,10460308230473
10460293830758,10460293830758,10460308230473
10460308230473,10460327128327,10460308230473
10460308230473,10460327128327,10460308230473
10460327128327,10460327128327,10460341739003
10460327128327,10460327128327,10460341739003
10460341739003,10460360401087,10460341739003
10460341739003,10460360401087,10460341739003
10460341739003,10460360401087,10460341739003
10460341739003,10460360401087,10460341739003,10460373713246
10460360401087,10460360401087,10460373713246
10460360401087,10460360401087,10460375617639,10460373713246
10460360401087,10460360401087,10460375617639,10460373713246
10460360401087,10460360401087,10460375617639,10460373713246
10460373713246,10460375617639,10460373713246
10460373713246,10460393853553,10460375617639,10460373713246
10460393853553,10460393853553,10460408441510
10460393853553,10460393853553,10460408441510
10460428432170,10460428432170,10460440860930
10460428432170,10460428432170,10460440860930
10460440860930,10460460381349,10460440860930
10460440860930,10460460381349,10460440860930
10460460381349,10460460381349,10460479202160
10460460381349,10460460381349,10460479202160
10460479202160,10460497219638,10460479202160
10460479202160,10460497219638,10460479202160
10460497219638,10460497219638,10460510515027
10460497219638,10460497219638,10460510515027
10460510515027,10460527114999,10460510515027
10460510515027,10460527114999,10460510515027
10460527114999,10460527114999,10460541070572
10460527114999,10460527114999,10460541070572
10460541070572,10460560461488,10460541070572
10460541070572,10460560461488,10460541070572
10460560461488,10460560461488,10460574713723
10460560461488,10460560461488,10460574713723
10460574713723,10460593705766,10460574713723
10460574713723,10460593705766,10460574713723
10460593705766,10460593705766,10460608352064
10460593705766,10460593705766,10460608352064
10460608352064,10460627036522,10460608352064
10460608352064,10460627036522,10460608352064
10460627036522,10460627036522,10460643084702
10460627036522,10460627036522,10460643084702
10460643084702,10460660363135,10460643084702
10460643084702,10460660363135,10460643084702
10460660363135,10460660363135,10460675048944
10460660363135,10460660363135,10460675048944
10460675048944,10460693533889,10460675048944
10460675048944,10460693533889,10460675048944
10460675048944,10460693533889,10460675048944
10460675048944,10460693533889,10460675048944,10460706950617
10460693533889,10460693533889,10460708527091,10460706950617
10460706950617,10460708527091,10460706950617
10460706950617,10460727614646,10460708527091,10460706950617
10460708527091,10460727614646,10460708527091
10460708527091,10460727614646,10460708527091,10460742434356
10460727614646,10460727614646,10460745285970,10460742434356
10460742434356,10460745285970,10460742434356
10460742434356,10460745285970,10460742434356
10460765330209,10460765330209,10460773449325
10460765330209,10460765330209,10460774934310,10460773449325
10460773449325,10460774934310,10460773449325
10460773449325,10460793646245,10460774934310,10460773449325
10460774934310,10460793646245,10460774934310
10460774934310,10460793646245,10460774934310,10460813173649
10460793646245,10460793646245,10460813173649
10460813173649,10460827144242,10460814673202,10460813173649
10460813173649,10460827144242,10460813173649
10460827144242,10460827144242,10460843569810,10460844783768
10460827144242,10460827144242,10460843569810,10460844783768
10460827144242,10460827144242,10460843569810,10460844783768
10460843569810,10460843569810,10460844783768
10460843569810,10460864605828,10460843569810,10460844783768
10460844783768,10460864605828,10460844783768
10460864605828,10460864605828,10460875279349
10460864605828,10460864605828,10460875279349
10460864605828,10460864605828,10460876070128,10460875279349
10460864605828,10460864605828,10460876070128,10460875279349
10460864605828,10460864605828,10460876070128,10460875279349
10460875279349,10460876070128,10460875279349
10460875279349,10460876070128,10460875279349
10460898052282,10460898052282,10460908263769
10460898052282,10460898052282,10460908263769
10460898052282,10460898052282,10460908263769,10460906910749
10460898052282,10460898052282,10460908263769,10460906910749
10460898052282,10460898052282,10460908263769,10460906910749
10460906910749,10460908263769,10460906910749
10460906910749,10460926991726,10460908263769,10460906910749
10460908263769,10460926991726,10460908263769
10460908263769,10460926991726,10460908263769
10460908263769,10460926991726,10460908263769,10460940106038
10460926991726,10460926991726,10460940106038
10460926991726,10460926991726,10460941390555,10460940106038
10460926991726,10460926991726,10460941390555,10460940106038
10460926991726,10460926991726,10460941390555,10460940106038
10460940106038,10460941390555,10460940106038
10460940106038,10460960883061,10460941390555,10460940106038
10460941390555,10460960883061,10460941390555
10460941390555,10460960883061,10460941390555
10460941390555,10460960883061,10460941390555,10460973533216
10460960883061,10460960883061,10460973533216
10460960883061,10460960883061,10460975091032,10460973533216
10460960883061,10460960883061,10460975091032,10460973533216
10460960883061,10460960883061,10460975091032,10460973533216
10460973533216,10460975091032,10460973533216
10460973533216,10460993829231,10460975091032,10460973533216
10460975091032,10460993829231,10460975091032
10460975091032,10460993829231,10460975091032
10460975091032,10460993829231,10460975091032,10461006844757
10460993829231,10460993829231,10461006844757
10461006844757,10461026820351,10461006844757
10461006844757,10461026820351,10461006844757
10461006844757,10461026820351,10461006844757
10461006844757,10461026820351,10461040509232,10461006844757
10461026820351,10461026820351,10461040509232
10461026820351,10461026820351,10461040509232,10461041576566
10461026820351,10461026820351,10461040509232,10461041576566
10461026820351,10461026820351,10461040509232,10461041576566
10461040509232,10461040509232,10461041576566
10461040509232,10461060593472,10461040509232,10461041576566
10461041576566,10461060593472,10461041576566
10461060593472,10461060593472,10461073586429
10461060593472,10461060593472,10461073586429
10461060593472,10461060593472,10461074835904,10461073586429
10461060593472,10461060593472,10461074835904,10461073586429
10461060593472,10461060593472,10461074835904,10461073586429
10461073586429,10461093511514,10461074835904,10461073586429
10461073586429,10461093511514,10461074835904,10461073586429
10461073586429,10461093511514,10461074835904,10461073586429
10461074835904,10461093511514,10461074835904
10461074835904,10461093511514,10461074835904,10461106790353
10461093511514,10461093511514,10461106790353
10461093511514,10461093511514,10461108270839,10461106790353
10461093511514,10461093511514,10461108270839,10461106790353
10461093511514,10461093511514,10461108270839,10461106790353
10461106790353,10461108270839,10461106790353
10461106790353,10461126889315,10461108270839,10461106790353
10461108270839,10461126889315,10461108270839
10461108270839,10461126889315,10461108270839
10461108270839,10461126889315,10461108270839,10461141278944
10461126889315,10461126889315,10461141278944
10461126889315,10461126889315,10461141446868,10461141278944
10461126889315,10461126889315,10461141446868,10461141278944
10461126889315,10461126889315,10461141446868,10461141278944
10461141278944,10461160159207,10461141446868,10461141278944
10461141278944,10461160159207,10461141446868,10461141278944
10461141278944,10461160159207,10461141446868,10461141278944
10461141446868,10461160159207,10461141446868
10461141446868,10461160159207,10461141446868,10461173332508
10461160159207,10461160159207,10461173332508
10461160159207,10461160159207,10461174651480,10461173332508
10461160159207,10461160159207,10461174651480,10461173332508
10461160159207,10461160159207,10461174651480,10461173332508
10461173332508,10461174651480,10461173332508
10461173332508,10461193474709,10461174651480,10461173332508
10461174651480,10461193474709,10461174651480
10461193474709,10461193474709,10461208562184
10461193474709,10461193474709,10461208562184
10461193474709,10461193474709,10461208562184,10461210667430
10461193474709,10461193474709,10461208562184,10461210667430
10461193474709,10461193474709,10461208562184,10461210667430
10461208562184,10461226769378,10461208562184,10461210667430
10461208562184,10461226769378,10461208562184,10461210667430
10461208562184,10461226769378,10461208562184,10461210667430
10461208562184,10461226769378,10461208562184
10461208562184,10461226769378,10461208562184,10461240090635
10461226769378,10461226769378,10461240090635
10461226769378,10461226769378,10461241314491,10461240090635
10461226769378,10461226769378,10461241314491,10461240090635
10461226769378,10461226769378,10461241314491,10461240090635
10461240090635,10461241314491,10461240090635
10461240090635,10461260297480,10461241314491,10461240090635
10461241314491,10461260297480,10461241314491
10461241314491,10461260297480,10461241314491
10461241314491,10461260297480,10461241314491,10461273414890
10461260297480,10461260297480,10461273414890
10461260297480,10461260297480,10461274687068,10461273414890
10461260297480,10461260297480,10461274687068,10461273414890
10461260297480,10461260297480,10461274687068,10461273414890
10461273414890,10461274687068,10461273414890
10461273414890,10461293536657,10461274687068,10461273414890
10461274687068,10461293536657,10461274687068
10461274687068,10461293536657,10461274687068
10461274687068,10461293536657,10461274687068,10461306711804
10461293536657,10461293536657,10461306711804
10461293536657,10461293536657,10461308040678,10461306711804
10461293536657,10461293536657,10461308040678,10461306711804
10461293536657,10461293536657,10461308040678,10461306711804
10461306711804,10461308040678,10461306711804
10461306711804,10461327444852,10461308040678,10461306711804
10461308040678,10461327444852,10461308040678
10461327444852,10461327444852,10461341678853
10461327444852,10461327444852,10461341678853
10461327444852,10461327444852,10461341678853,10461341552503
10461327444852,10461327444852,10461341678853,10461341552503
10461327444852,10461327444852,10461341678853,10461341552503
10461341552503,10461360056650,10461341678853,10461341552503
10461341552503,10461360056650,10461341678853,10461341552503
10461341552503,10461360056650,10461341678853,10461341552503
10461341678853,10461360056650,10461341678853
10461341678853,10461360056650,10461341678853,10461373451377
10461360056650,10461360056650,10461373451377
10461360056650,10461360056650,10461374550624,10461373451377
10461360056650,10461360056650,10461374550624,10461373451377
10461360056650,10461360056650,10461374550624,10461373451377
10461373451377,10461393308046,10461374550624,10461373451377
10461373451377,10461393308046,10461374550624,10461373451377
10461373451377,10461393308046,10461374550624,10461373451377
10461374550624,10461393308046,10461374550624
10461374550624,10461393308046,10461374550624,10461406861688
10461393308046,10461393308046,10461406861688
10461393308046,10461393308046,10461409275850,10461406861688
10461393308046,10461393308046,10461409275850,10461406861688
10461393308046,10461393308046,10461409275850,10461406861688
10461406861688,10461426733481,10461409275850,10461406861688
10461406861688,10461426733481,10461409275850,10461406861688
10461406861688,10461426733481,10461409275850,10461406861688
10461406861688,10461426733481,10461406861688
10461406861688,10461426733481,10461440716867,10461406861688
10461426733481,10461426733481,10461440716867
10461426733481,10461426733481,10461440716867,10461440349402
10461426733481,10461426733481,10461440716867,10461440349402
10461426733481,10461426733481,10461440716867,10461440349402
10461440349402,10461460012660,10461440716867,10461440349402
10461440349402,10461460012660,10461440716867,10461440349402
10461440349402,10461460012660,10461440716867,10461440349402
10461440349402,10461460012660,10461440349402
10461440349402,10461460012660,10461473600348,10461440349402
10461460012660,10461460012660,10461473600348
10461460012660,10461460012660,10461473600348,10461473343108
10461460012660,10461460012660,10461473600348,10461473343108
10461460012660,10461460012660,10461473600348,10461473343108
10461473343108,10461493252595,10461473600348,10461473343108
10461473343108,10461493252595,10461473600348,10461473343108
10461473343108,10461493252595,10461473600348,10461473343108
10461473600348,10461493252595,10461473600348
10461473600348,10461493252595,10461473600348,10461506730325
10461493252595,10461493252595,10461506730325
10461493252595,10461493252595,10461507965813,10461506730325
10461493252595,10461493252595,10461507965813,10461506730325
10461493252595,10461493252595,10461507965813,10461506730325
10461506730325,10461526648367,10461507965813,10461506730325
10461506730325,10461526648367,10461507965813,10461506730325
10461506730325,10461526648367,10461507965813,10461506730325
10461507965813,10461526648367,10461507965813
10461507965813,10461526648367,10461507965813,10461539824364
10461526648367,10461526648367,10461539824364
10461526648367,10461526648367,10461541270399,10461539824364
10461526648367,10461526648367,10461541270399,10461539824364
10461526648367,10461526648367,10461541270399,10461539824364
10461539824364,10461541270399,10461539824364
10461539824364,10461560036685,10461541270399,10461539824364
10461541270399,10461560036685,10461541270399
10461541270399,10461560036685,10461541270399
10461541270399,10461560036685,10461541270399,10461573517194
10461560036685,10461560036685,10461573517194
10461560036685,10461560036685,10461574786989,10461573517194
10461560036685,10461560036685,10461574786989,10461573517194
10461560036685,10461560036685,10461574786989,10461573517194
10461573517194,10461593235763,10461574786989,10461573517194
10461573517194,10461593235763,10461574786989,10461573517194
10461573517194,10461593235763,10461574786989,10461573517194
10461574786989,10461593235763,10461574786989
10461574786989,10461593235763,10461574786989,10461606654477
10461593235763,10461593235763,10461606654477
10461593235763,10461593235763,10461608028859,10461606654477
10461593235763,10461593235763,10461608028859,10461606654477
10461593235763,10461593235763,10461608028859,10461606654477
10461606654477,10461608028859,10461606654477
10461606654477,10461627745180,10461608028859,10461606654477
10461608028859,10461627745180,10461608028859
10461627745180,10461627745180,10461641619395
10461627745180,10461627745180,10461641619395
10461627745180,10461627745180,10461641619395,10461640157329
10461627745180,10461627745180,10461641619395,10461640157329
10461627745180,10461627745180,10461641619395,10461640157329
10461640157329,10461660069813,10461641619395,10461640157329
10461640157329,10461660069813,10461641619395,10461640157329
10461640157329,10461660069813,10461641619395,10461640157329
10461641619395,10461660069813,10461641619395
10461641619395,10461660069813,10461641619395,10461673201583
10461660069813,10461660069813,10461673201583
10461660069813,10461660069813,10461674681076,10461673201583
10461660069813,10461660069813,10461674681076,10461673201583
10461660069813,10461660069813,10461674681076,10461673201583
10461673201583,10461693143298,10461674681076,10461673201583
10461673201583,10461693143298,10461674681076,10461673201583
10461673201583,10461693143298,10461674681076,10461673201583
10461674681076,10461693143298,10461674681076
10461674681076,10461693143298,10461674681076,10461706666829
10461693143298,10461693143298,10461706666829
10461693143298,10461693143298,10461708400772,10461706666829
10461693143298,10461693143298,10461708400772,10461706666829
10461693143298,10461693143298,10461708400772,10461706666829
10461706666829,10461726299106,10461708400772,10461706666829
10461706666829,10461726299106,10461708400772,10461706666829
10461706666829,10461726299106,10461708400772,10461706666829
10461708400772,10461726299106,10461708400772
10461708400772,10461726299106,10461708400772,10461740100963
10461726299106,10461726299106,10461740100963
10461726299106,10461726299106,10461741469855,10461740100963
10461726299106,10461726299106,10461741469855,10461740100963
10461726299106,10461726299106,10461741469855,10461740100963
10461740100963,10461759962693,10461741469855,10461740100963
10461740100963,10461759962693,10461741469855,10461740100963
10461740100963,10461759962693,10461741469855,10461740100963
10461740100963,10461759962693,10461740100963
10461740100963,10461759962693,10461773881339,10461740100963
10461759962693,10461759962693,10461773881339
10461759962693,10461759962693,10461773881339,10461773588445
10461759962693,10461759962693,10461773881339,10461773588445
10461759962693,10461759962693,10461773881339,10461773588445
10461773588445,10461793463547,10461773881339,10461773588445
10461773588445,10461793463547,10461773881339,10461773588445
10461773588445,10461793463547,10461773881339,10461773588445
10461773588445,10461793463547,10461773588445
10461773588445,10461793463547,10461806635404,10461773588445
10461793463547,10461793463547,10461806635404
10461793463547,10461793463547,10461806635404,10461807857353
10461793463547,10461793463547,10461806635404,10461807857353
10461793463547,10461793463547,10461806635404,10461807857353
10461806635404,10461806635404,10461807857353
10461806635404,10461827118075,10461806635404,10461807857353
10461807857353,10461827118075,10461807857353
10461827118075,10461827118075,10461840047290
10461827118075,10461827118075,10461840047290
10461827118075,10461827118075,10461841327404,10461840047290
10461827118075,10461827118075,10461841327404,10461840047290
10461827118075,10461827118075,10461841327404,10461840047290
10461840047290,10461841327404,10461840047290
10461840047290,10461841327404,10461840047290
10461864611961,10461864611961,10461873902977
10461864611961,10461864611961,10461873902977
10461864611961,10461864611961,10461875608914,10461873902977
10461864611961,10461864611961,10461875608914,10461873902977
10461864611961,10461864611961,10461875608914,10461873902977
10461873902977,10461875608914,10461873902977
10461873902977,10461894068607,10461875608914,10461873902977
10461875608914,10461894068607,10461875608914
10461875608914,10461894068607,10461875608914
10461875608914,10461894068607,10461875608914,10461906722149
10461894068607,10461894068607,10461906722149
10461894068607,10461894068607,10461908763053,10461906722149
10461894068607,10461894068607,10461908763053,10461906722149
10461894068607,10461894068607,10461908763053,10461906722149
10461906722149,10461908763053,10461906722149
10461906722149,10461927166643,10461908763053,10461906722149
10461908763053,10461927166643,10461908763053
10461927166643,10461927166643,10461940205383
10461927166643,10461927166643,10461940205383
10461927166643,10461927166643,10461940205383,10461941284999
10461927166643,10461927166643,10461940205383,10461941284999
10461927166643,10461927166643,10461940205383,10461941284999
10461940205383,10461959809529,10461940205383,10461941284999
10461940205383,10461959809529,10461940205383,10461941284999
10461940205383,10461959809529,10461940205383,10461941284999
10461940205383,10461959809529,10461940205383
10461940205383,10461959809529,10461940205383,10461973392155
10461959809529,10461959809529,10461973392155
10461959809529,10461959809529,10461974993502,10461973392155
10461959809529,10461959809529,10461974993502,10461973392155
10461959809529,10461959809529,10461974993502,10461973392155
10461973392155,10461974993502,10461973392155
10461973392155,10461994152052,10461974993502,10461973392155
10461974993502,10461994152052,10461974993502
10461994152052,10461994152052,10462007835157
10461994152052,10461994152052,10462007835157
10461994152052,10461994152052,10462007835157,10462006588932
10461994152052,10461994152052,10462007835157,10462006588932
10461994152052,10461994152052,10462007835157,10462006588932
10462006588932,10462026483028,10462007835157,10462006588932
10462007835157,10462026483028,10462007835157
10462026483028,10462026483028,10462041587727,10462040290312
10462026483028,10462026483028,10462041587727,10462040290312
10462026483028,10462026483028,10462041587727,10462040290312
10462040290312,10462060289097,10462041587727,10462040290312
10462040290312,10462060289097,10462041587727,10462040290312
10462040290312,10462060289097,10462041587727,10462040290312
10462041587727,10462060289097,10462041587727
10462041587727,10462060289097,10462041587727,10462073523568
10462060289097,10462060289097,10462073523568
10462060289097,10462060289097,10462074801030,10462073523568
10462060289097,10462060289097,10462074801030,10462073523568
10462060289097,10462060289097,10462074801030,10462073523568
10462073523568,10462074801030,10462073523568
10462073523568,10462074801030,10462073523568
10462095354282,10462095354282,10462107815766
10462095354282,10462095354282,10462107815766
10462107815766,10462126741503,10462107815766
10462107815766,10462126741503,10462107815766
10462126741503,10462126741503,10462140056905
10462126741503,10462126741503,10462140056905
10462126741503,10462126741503,10462140056905,10462140990429
10462126741503,10462126741503,10462140056905,10462140990429
10462126741503,10462126741503,10462140056905,10462140990429
10462140056905,10462140056905,10462140990429
10462140056905,10462160174283,10462140056905,10462140990429
10462140990429,10462160174283,10462140990429
10462140990429,10462160174283,10462140990429
10462140990429,10462160174283,10462177734512,10462140990429
10462160174283,10462160174283,10462177734512
10462177734512,10462193118825,10462177734512
10462177734512,10462193118825,10462177734512
10462193118825,10462193118825,10462207814936
10462193118825,10462193118825,10462207814936
10462207814936,10462226424312,10462207814936
10462207814936,10462226424312,10462207814936
10462207814936,10462226424312,10462207814936
10462207814936,10462226424312,10462207814936,10462240445842
10462226424312,10462226424312,10462240445842
10462226424312,10462226424312,10462241788363,10462240445842
10462226424312,10462226424312,10462241788363,10462240445842
10462226424312,10462226424312,10462241788363,10462240445842
10462240445842,10462259930963,10462241788363,10462240445842
10462240445842,10462259930963,10462241788363,10462240445842
10462240445842,10462259930963,10462241788363,10462240445842
10462240445842,10462259930963,10462240445842
10462240445842,10462259930963,10462275110152,10462240445842
10462275110152,10462293132182,10462275110152
10462275110152,10462293132182,10462275110152
10462293132182,10462293132182,10462309361675
10462293132182,10462293132182,10462309361675
10462309361675,10462326852322,10462309361675
10462309361675,10462326852322,10462309361675
10462309361675,10462326852322,10462309361675
10462309361675,10462326852322,10462309361675,10462341379639
10462326852322,10462326852322,10462341379639
10462326852322,10462326852322,10462341335742,10462341379639
10462326852322,10462326852322,10462341335742,10462341379639
10462326852322,10462326852322,10462341335742,10462341379639
10462341335742,10462359870336,10462341335742,10462341379639
10462341335742,10462359870336,10462341335742,10462341379639
10462341335742,10462359870336,10462341335742,10462341379639
10462341335742,10462359870336,10462341335742
10462341335742,10462359870336,10462341335742,10462373204470
10462359870336,10462359870336,10462373204470
10462373204470,10462393111780,10462373204470
10462373204470,10462393111780,10462373204470
10462393111780,10462393111780,10462406578370
10462393111780,10462393111780,10462406578370
10462393111780,10462393111780,10462407712422,10462406578370
10462393111780,10462393111780,10462407712422,10462406578370
10462393111780,10462393111780,10462407712422,10462406578370
10462406578370,10462426462954,10462407712422,10462406578370
10462406578370,10462426462954,10462407712422,10462406578370
10462406578370,10462426462954,10462407712422,10462406578370
10462407712422,10462426462954,10462407712422
10462407712422,10462426462954,10462407712422,10462439931673
10462426462954,10462426462954,10462439931673
10462407712422,10462426462954,10462407712422
10462407712422,10462426462954,10462407712422
10462407712422,10462426462954,10462407712422
10462407712422,10462426462954,10462407712422
10462407712422,10462426462954,10462407712422
10462407712422,10462426462954,10462407712422
10462407712422,10462426462954,10462407712422
10462407712422,10462426462954,10462407712422
10462407712422,10462426462954,10462407712422
10462407712422,10462426462954,10462407712422
10462407712422,10462426462954,10462407712422
10462407712422,10462426462954,10462407712422
10462407712422,10462426462954,10462407712422
10462407712422,10462426462954,10462407712422
10462407712422,10462426462954,10462407712422
10462407712422,10462426462954,10462407712422
10462407712422,10462426462954,10462407712422
10462407712422,10462426462954,10462407712422
10462407712422,10462426462954,10462407712422
10462407712422,10462426462954,10462407712422
10462407712422,10462426462954,10462407712422
10462407712422,10462426462954,10462407712422
10462407712422,10462426462954,10462407712422
10462407712422,10462426462954,10462407712422
10462407712422,10462426462954,10462407712422
10462407712422,10462426462954,10462407712422
10462407712422,10462426462954,10462407712422
10462407712422,10462426462954,10462407712422
10462407712422,10462426462954,10462407712422
10462407712422,10462426462954,10462407712422
10462407712422,10462426462954,10462407712422
10462407712422,10462426462954,10462407712422
10462407712422,10462426462954,10462407712422
10462407712422,10462426462954,10462407712422
10462407712422,10462426462954,10462407712422
10462407712422,10462426462954,10462407712422
10462407712422,10462426462954,10462407712422
10462407712422,10462426462954,10462407712422
10462407712422,10462426462954,10462407712422
10462407712422,10462426462954,10462407712422
10462407712422,10462426462954,10462407712422
10462407712422,10462426462954,10462407712422
10462407712422,10462426462954,10462407712422
10462407712422,10462426462954,10462407712422
10462407712422,10462426462954,10462407712422
10462407712422,10462426462954,10462407712422
10462407712422,10462426462954,10462407712422
10462407712422,10462426462954,10462407712422
10462407712422,10462426462954,10462407712422
10462407712422,10462426462954,10462407712422
10462407712422,10462426462954,10462407712422
10462407712422,10462426462954,10462407712422
10462407712422,10462426462954,10462407712422
10462407712422,10462426462954,10462407712422
10462407712422,10462426462954,10462407712422
10462407712422,10462426462954,10462407712422
