1,1.75207e+09,-3.09627,-0.0220862,4.61866
2,1.75207e+09,-3.09627,-0.0220862,4.61866
1,1.75207e+09,-3.09627,-0.0220862,4.61866
1,1.75207e+09,-3.09627,-0.0220862,4.61866
0,1.75207e+09,-3.09627,-0.0220862,4.61866
0,1.75207e+09,-3.09627,-0.0220862,4.61866
0,1.75207e+09,-3.09627,-0.0220862,4.61866
0,1.75207e+09,-3.09627,-0.0220862,4.61866
0,1.75207e+09,-3.09627,-0.0220862,4.61866
0,1.75207e+09,-3.09627,-0.0220862,4.61866
0,1.75207e+09,-3.09627,-0.0220862,4.61866
0,1.75207e+09,-3.09627,-0.0220862,4.61866
0,1.75207e+09,-3.09627,-0.0220862,4.61866
0,1.75207e+09,-3.09627,-0.0220862,4.61866
0,1.75207e+09,-3.09627,-0.0220862,4.61866
0,1.75207e+09,-3.09627,-0.0220862,4.61866
0,1.75207e+09,-3.09627,-0.0220862,4.61866
0,1.75207e+09,-3.09627,-0.0220862,4.61866
1,1.75207e+09,-3.09627,-0.0220862,4.61866
0,1.75207e+09,-3.09627,-0.0220862,4.61866
1,1.75207e+09,-3.09627,-0.0220862,4.61866
0,1.75207e+09,-3.09627,-0.0220862,4.61866
1,1.75207e+09,-3.09627,-0.0220862,4.61866
0,1.75207e+09,-3.09627,-0.0220862,4.61866
1,1.75207e+09,-3.09627,-0.0220862,4.61866
1,1.75207e+09,-3.09627,-0.0220862,4.61866
0,1.75207e+09,-3.09627,-0.0220862,4.61866
1,1.75207e+09,-3.09627,-0.0220862,4.61866
1,1.75207e+09,-3.09627,-0.0220862,4.61866
1,1.75207e+09,-3.09627,-0.0220862,4.61866
2,1.75207e+09,-3.09627,-0.0220862,4.61866
2,1.75207e+09,-3.09627,-0.0220862,4.61866
2,1.75207e+09,-3.09627,-0.0220862,4.61866
2,1.75207e+09,-3.09627,-0.0220862,4.61866
2,1.75207e+09,-3.09627,-0.0220862,4.61866
2,1.75207e+09,-3.09627,-0.0220862,4.61866
0,1.75207e+09,-3.09627,-0.0220862,4.61866
2,1.75207e+09,-3.09627,-0.0220862,4.61866
0,1.75207e+09,-3.09627,-0.0220862,4.61866
0,1.75207e+09,-3.09627,-0.0220862,4.61866
0,1.75207e+09,-3.09627,-0.0220862,4.61866
0,1.75207e+09,-3.09627,-0.0220862,4.61866
0,1.75207e+09,-3.09627,-0.0220862,4.61866
0,1.75207e+09,-3.09627,-0.0220862,4.61866
0,1.75207e+09,-3.09627,-0.0220862,4.61866
2,1.75207e+09,-3.09627,-0.0220862,4.61866
2,1.75207e+09,-3.09627,-0.0220862,4.61866
2,1.75207e+09,-3.09627,-0.0220862,4.61866
2,1.75207e+09,-3.09627,-0.0220862,4.61866
2,1.75207e+09,-3.12428,0.0762498,4.82441
2,1.75207e+09,-3.12428,0.0762498,4.82441
2,1.75207e+09,0.0638082,-0.0373464,-0.524975
2,1.75207e+09,0.0638082,-0.0373464,-0.524975
2,1.75207e+09,0.0635719,-0.0388734,-0.52351
2,1.75207e+09,0.0635719,-0.0388734,-0.52351
2,1.75207e+09,0.0635719,-0.0388734,-0.52351
2,1.75207e+09,0.0635719,-0.0388734,-0.52351
2,1.75207e+09,0.0635719,-0.0388734,-0.52351
2,1.75207e+09,0.0635719,-0.0388734,-0.52351
2,1.75207e+09,0.0635719,-0.0388734,-0.52351
2,1.75207e+09,0.0635719,-0.0388734,-0.52351
2,1.75207e+09,0.0635719,-0.0388734,-0.52351
0,1.75207e+09,0.0635719,-0.0388734,-0.52351
2,1.75207e+09,0.0635719,-0.0388734,-0.52351
2,1.75207e+09,0.0635719,-0.0388734,-0.52351
2,1.75207e+09,0.0635719,-0.0388734,-0.52351
2,1.75207e+09,0.0635719,-0.0388734,-0.52351
2,1.75207e+09,0.0635155,-0.0389748,-0.52381
2,1.75207e+09,0.0635155,-0.0389748,-0.52381
2,1.75207e+09,0.0635155,-0.0389748,-0.52381
0,1.75207e+09,0.0636279,-0.0386815,-0.525278
0,1.75207e+09,0.0636279,-0.0386815,-0.525278
0,1.75207e+09,0.0636279,-0.0386815,-0.525278
1,1.75207e+09,0.063548,-0.038239,-0.524393
0,1.75207e+09,0.063548,-0.038239,-0.524393
1,1.75207e+09,0.124404,-0.0912792,-0.539058
0,1.75207e+09,0.124404,-0.0912792,-0.539058
1,1.75207e+09,0.124404,-0.0912792,-0.539058
1,1.75207e+09,0.124404,-0.0912792,-0.539058
0,1.75207e+09,0.124404,-0.0912792,-0.539058
2,1.75207e+09,0.124404,-0.0912792,-0.539058
2,1.75207e+09,0.124404,-0.0912792,-0.539058
0,1.75207e+09,0.124404,-0.0912792,-0.539058
0,1.75207e+09,0.124404,-0.0912792,-0.539058
2,1.75207e+09,0.124404,-0.0912792,-0.539058
0,1.75207e+09,0.124404,-0.0912792,-0.539058
2,1.75207e+09,0.0720502,-0.0415845,-0.699456
0,1.75207e+09,0.0720502,-0.0415845,-0.699456
2,1.75207e+09,0.0720502,-0.0415845,-0.699456
2,1.75207e+09,0.0720502,-0.0415845,-0.699456
0,1.75207e+09,0.0720502,-0.0415845,-0.699456
0,1.75207e+09,0.0720502,-0.0415845,-0.699456
2,1.75207e+09,0.0720502,-0.0415845,-0.699456
0,1.75207e+09,0.0720502,-0.0415845,-0.699456
0,1.75207e+09,0.0720502,-0.0415845,-0.699456
2,1.75207e+09,0.0720502,-0.0415845,-0.699456
0,1.75207e+09,0.0720502,-0.0415845,-0.699456
2,1.75207e+09,0.0720502,-0.0415845,-0.699456
0,1.75207e+09,0.0720502,-0.0415845,-0.699456
0,1.75207e+09,0.0720502,-0.0415845,-0.699456
1,1.75207e+09,0.0720502,-0.0415845,-0.699456
0,1.75207e+09,0.0720502,-0.0415845,-0.699456
2,1.75207e+09,0.0720502,-0.0415845,-0.699456
1,1.75207e+09,0.0720502,-0.0415845,-0.699456
0,1.75207e+09,0.0720502,-0.0415845,-0.699456
2,1.75207e+09,0.0720502,-0.0415845,-0.699456
1,1.75207e+09,0.0720502,-0.0415845,-0.699456
2,1.75207e+09,0.0720502,-0.0415845,-0.699456
0,1.75207e+09,0.0720502,-0.0415845,-0.699456
1,1.75207e+09,0.0720502,-0.0415845,-0.699456
2,1.75207e+09,0.0720502,-0.0415845,-0.699456
0,1.75207e+09,0.0720502,-0.0415845,-0.699456
1,1.75207e+09,0.0720502,-0.0415845,-0.699456
2,1.75207e+09,0.0720502,-0.0415845,-0.699456
1,1.75207e+09,0.0720502,-0.0415845,-0.699456
0,1.75207e+09,0.0720502,-0.0415845,-0.699456
2,1.75207e+09,0.0720502,-0.0415845,-0.699456
0,1.75207e+09,0.0720502,-0.0415845,-0.699456
1,1.75207e+09,0.0720502,-0.0415845,-0.699456
2,1.75207e+09,0.0720502,-0.0415845,-0.699456
0,1.75207e+09,0.0720502,-0.0415845,-0.699456
2,1.75207e+09,0.0720502,-0.0415845,-0.699456
1,1.75207e+09,0.0720502,-0.0415845,-0.699456
0,1.75207e+09,0.0720502,-0.0415845,-0.699456
1,1.75207e+09,0.0798444,-0.0496607,-0.624356
2,1.75207e+09,0.0798444,-0.0496607,-0.624356
0,1.75207e+09,0.0789867,-0.0514896,-0.630672
1,1.75207e+09,0.0789867,-0.0514896,-0.630672
2,1.75207e+09,0.118768,-0.065091,-0.441754
1,1.75207e+09,0.118768,-0.065091,-0.441754
0,1.75207e+09,0.118768,-0.065091,-0.441754
2,1.75207e+09,0.118768,-0.065091,-0.441754
1,1.75207e+09,0.118768,-0.065091,-0.441754
0,1.75207e+09,0.123637,-0.0704434,-0.467027
2,1.75207e+09,0.123637,-0.0704434,-0.467027
1,1.75207e+09,0.118193,-0.056826,-0.409599
0,1.75207e+09,0.118193,-0.056826,-0.409599
2,1.75207e+09,0.118719,-0.0576636,-0.414829
1,1.75207e+09,0.118719,-0.0576636,-0.414829
2,1.75207e+09,0.118719,-0.0576636,-0.414829
0,1.75207e+09,0.118719,-0.0576636,-0.414829
1,1.75207e+09,0.118719,-0.0576636,-0.414829
2,1.75207e+09,0.106355,-0.0221523,-0.304691
0,1.75207e+09,0.106355,-0.0221523,-0.304691
1,1.75207e+09,0.106355,-0.0221523,-0.304691
0,1.75207e+09,0.106355,-0.0221523,-0.304691
2,1.75207e+09,0.106355,-0.0221523,-0.304691
1,1.75207e+09,0.0862962,-0.0620496,-0.74236
0,1.75207e+09,0.0862962,-0.0620496,-0.74236
1,1.75207e+09,0.0862962,-0.0620496,-0.74236
0,1.75207e+09,0.159382,-0.0895941,-0.629664
2,1.75207e+09,0.159382,-0.0895941,-0.629664
1,1.75207e+09,0.0879377,-0.0648656,-0.7682
2,1.75207e+09,0.215123,-0.113702,-0.79779
1,1.75207e+09,0.215123,-0.113702,-0.79779
0,1.75207e+09,0.0879377,-0.0648656,-0.7682
1,1.75207e+09,0.0875895,-0.0659636,-0.774822
2,1.75207e+09,0.090173,-0.0666826,-0.790623
1,1.75207e+09,0.090173,-0.0666826,-0.790623
0,1.75207e+09,0.090173,-0.0666826,-0.790623
2,1.75207e+09,0.090173,-0.0666826,-0.790623
1,1.75207e+09,0.0932256,-0.0688596,-0.811716
2,1.75207e+09,0.0932256,-0.0688596,-0.811716
1,1.75207e+09,0.0932256,-0.0688596,-0.811716
2,1.75207e+09,0.0922295,-0.0687919,-0.806596
0,1.75207e+09,0.0922295,-0.0687919,-0.806596
2,1.75207e+09,0.0922295,-0.0687919,-0.806596
1,1.75207e+09,0.0909175,-0.0694319,-0.81365
0,1.75207e+09,0.0909175,-0.0694319,-0.81365
2,1.75207e+09,0.0909175,-0.0694319,-0.81365
1,1.75207e+09,0.167826,-0.093831,-0.662801
1,1.75207e+09,0.167826,-0.093831,-0.662801
2,1.75207e+09,0.167826,-0.093831,-0.662801
2,1.75207e+09,0.0924228,-0.0712272,-0.824693
0,1.75207e+09,0.168562,-0.0944103,-0.66702
2,1.75207e+09,0.0924228,-0.0712272,-0.824693
1,1.75207e+09,0.0931688,-0.0701982,-0.829403
0,1.75207e+09,0.0931688,-0.0701982,-0.829403
2,1.75207e+09,0.0933731,-0.0712244,-0.833028
0,1.75207e+09,0.0933731,-0.0712244,-0.833028
1,1.75207e+09,0.0959166,-0.0712285,-0.848997
2,1.75207e+09,0.173299,-0.0960474,-0.693159
2,1.75207e+09,0.173299,-0.0960474,-0.693159
0,1.75207e+09,0.0959274,-0.0718698,-0.854797
1,1.75207e+09,0.0959274,-0.0718698,-0.854797
2,1.75207e+09,0.0961116,-0.0722935,-0.855921
0,1.75207e+09,0.0965551,-0.0721067,-0.863648
2,1.75207e+09,0.0965551,-0.0721067,-0.863648
1,1.75207e+09,0.0965551,-0.0721067,-0.863648
0,1.75207e+09,0.0965551,-0.0721067,-0.863648
2,1.75207e+09,0.0934706,-0.0651483,-0.887259
2,1.75207e+09,0.0934706,-0.0651483,-0.887259
1,1.75207e+09,0.0934706,-0.0651483,-0.887259
0,1.75207e+09,0.0937931,-0.0668548,-0.892336
0,1.75207e+09,0.0934706,-0.0651483,-0.887259
2,1.75207e+09,0.112589,-0.0761579,-0.982233
1,1.75207e+09,0.112589,-0.0761579,-0.982233
0,1.75207e+09,0.112589,-0.0761579,-0.982233
2,1.75207e+09,0.112508,-0.0760163,-0.981934
1,1.75207e+09,0.112508,-0.0760163,-0.981934
2,1.75207e+09,-0.264394,-0.107399,1.30379
1,1.75207e+09,-0.264394,-0.107399,1.30379
2,1.75207e+09,0.137878,-0.0833152,-1.07123
0,1.75207e+09,0.137878,-0.0833152,-1.07123
1,1.75207e+09,0.263271,-0.131749,-1.10648
2,1.75207e+09,0.143178,-0.0855739,-1.0503
0,1.75207e+09,0.263271,-0.131749,-1.10648
1,1.75207e+09,-0.267022,-0.112303,1.30313
2,1.75207e+09,-0.267022,-0.112303,1.30313
0,1.75207e+09,-0.267022,-0.112303,1.30313
1,1.75207e+09,-0.270064,-0.105775,1.31041
2,1.75207e+09,-0.270064,-0.105775,1.31041
0,1.75207e+09,0.16885,-0.086161,-1.28583
0,1.75207e+09,0.16885,-0.086161,-1.28583
2,1.75207e+09,0.16885,-0.086161,-1.28583
1,1.75207e+09,-0.272695,-0.103547,1.32232
0,1.75207e+09,-0.280261,-0.101311,1.35187
2,1.75207e+09,-0.280261,-0.101311,1.35187
1,1.75207e+09,-0.280261,-0.101311,1.35187
2,1.75207e+09,-0.269773,-0.101359,1.30789
0,1.75207e+09,-0.269773,-0.101359,1.30789
2,1.75207e+09,-0.268843,-0.101699,1.30517
1,1.75207e+09,-0.268843,-0.101699,1.30517
1,1.75207e+09,0.270458,-0.117808,-1.17074
2,1.75207e+09,0.167778,-0.088006,-1.28051
1,1.75207e+09,0.167778,-0.088006,-1.28051
2,1.75207e+09,0.167778,-0.088006,-1.28051
2,1.75207e+09,0.173082,-0.0884058,-1.31548
2,1.75207e+09,0.173082,-0.0884058,-1.31548
2,1.75207e+09,0.167411,-0.0866625,-1.27582
1,1.75207e+09,0.167411,-0.0866625,-1.27582
2,1.75207e+09,0.167411,-0.0866625,-1.27582
1,1.75207e+09,0.167411,-0.0866625,-1.27582
2,1.75207e+09,0.174589,-0.0900887,-1.33649
2,1.75207e+09,0.174589,-0.0900887,-1.33649
0,1.75207e+09,0.175024,-0.0900451,-1.34008
0,1.75207e+09,0.174589,-0.0900887,-1.33649
0,1.75207e+09,0.174589,-0.0900887,-1.33649
0,1.75207e+09,-0.273668,-0.10072,1.32195
0,1.75207e+09,-0.273668,-0.10072,1.32195
1,1.75207e+09,-0.213492,-0.100035,-0.060861
2,1.75207e+09,-0.211873,-0.102605,-0.0628787
1,1.75207e+09,-0.211873,-0.102605,-0.0628787
2,1.75207e+09,-0.211873,-0.102605,-0.0628787
2,1.75207e+09,-0.211873,-0.102605,-0.0628787
2,1.75207e+09,-0.211873,-0.102605,-0.0628787
2,1.75207e+09,-0.211873,-0.102605,-0.0628787
0,1.75207e+09,-0.211873,-0.102605,-0.0628787
0,1.75207e+09,-0.211873,-0.102605,-0.0628787
1,1.75207e+09,-0.211873,-0.102605,-0.0628787
0,1.75207e+09,-0.211873,-0.102605,-0.0628787
1,1.75207e+09,-0.211873,-0.102605,-0.0628787
1,1.75207e+09,-0.211873,-0.102605,-0.0628787
1,1.75207e+09,-0.211873,-0.102605,-0.0628787
1,1.75207e+09,-0.211873,-0.102605,-0.0628787
0,1.75207e+09,-0.211873,-0.102605,-0.0628787
2,1.75207e+09,-0.211873,-0.102605,-0.0628787
1,1.75207e+09,-0.211873,-0.102605,-0.0628787
2,1.75207e+09,-0.211873,-0.102605,-0.0628787
2,1.75207e+09,-0.211873,-0.102605,-0.0628787
2,1.75207e+09,-0.211873,-0.102605,-0.0628787
2,1.75207e+09,-0.211873,-0.102605,-0.0628787
2,1.75207e+09,-0.211873,-0.102605,-0.0628787
2,1.75207e+09,-0.211873,-0.102605,-0.0628787
2,1.75207e+09,-0.211873,-0.102605,-0.0628787
0,1.75207e+09,-0.211873,-0.102605,-0.0628787
2,1.75207e+09,-0.211873,-0.102605,-0.0628787
0,1.75207e+09,-0.211873,-0.102605,-0.0628787
2,1.75207e+09,-0.211873,-0.102605,-0.0628787
0,1.75207e+09,-0.211873,-0.102605,-0.0628787
1,1.75207e+09,-0.211873,-0.102605,-0.0628787
2,1.75207e+09,-0.211873,-0.102605,-0.0628787
1,1.75207e+09,-0.211873,-0.102605,-0.0628787
2,1.75207e+09,-0.211873,-0.102605,-0.0628787
2,1.75207e+09,-0.211873,-0.102605,-0.0628787
0,1.75207e+09,-0.211873,-0.102605,-0.0628787
0,1.75207e+09,-0.211873,-0.102605,-0.0628787
2,1.75207e+09,-0.211873,-0.102605,-0.0628787
0,1.75207e+09,-0.211873,-0.102605,-0.0628787
2,1.75207e+09,-0.211873,-0.102605,-0.0628787
0,1.75207e+09,-0.211873,-0.102605,-0.0628787
2,1.75207e+09,-0.211873,-0.102605,-0.0628787
1,1.75207e+09,-0.211873,-0.102605,-0.0628787
0,1.75207e+09,-0.211873,-0.102605,-0.0628787
2,1.75207e+09,-0.211873,-0.102605,-0.0628787
1,1.75207e+09,-0.211873,-0.102605,-0.0628787
0,1.75207e+09,-0.211873,-0.102605,-0.0628787
2,1.75207e+09,-0.211873,-0.102605,-0.0628787
1,1.75207e+09,-0.211873,-0.102605,-0.0628787
0,1.75207e+09,-0.211873,-0.102605,-0.0628787
2,1.75207e+09,-0.213297,-0.103403,-0.0608591
0,1.75207e+09,-0.291199,-0.0968925,0.0622687
1,1.75207e+09,0.0647775,-0.037539,-0.521579
2,1.75207e+09,0.0647775,-0.037539,-0.521579
1,1.75207e+09,0.0647775,-0.037539,-0.521579
2,1.75207e+09,0.0647775,-0.037539,-0.521579
0,1.75207e+09,0.0647775,-0.037539,-0.521579
1,1.75207e+09,0.0647775,-0.037539,-0.521579
2,1.75207e+09,0.0760813,-0.0372674,-0.541775
0,1.75207e+09,0.0760813,-0.0372674,-0.541775
2,1.75207e+09,0.115482,-0.0611269,-0.436101
1,1.75207e+09,0.115482,-0.0611269,-0.436101
2,1.75207e+09,0.115482,-0.0611269,-0.436101
1,1.75207e+09,0.115482,-0.0611269,-0.436101
2,1.75207e+09,0.115482,-0.0611269,-0.436101
1,1.75207e+09,0.111792,-0.0733602,-0.472714
2,1.75207e+09,0.111792,-0.0733602,-0.472714
1,1.75207e+09,0.111792,-0.0733602,-0.472714
2,1.75207e+09,0.111792,-0.0733602,-0.472714
1,1.75207e+09,0.111792,-0.0733602,-0.472714
2,1.75207e+09,0.111792,-0.0733602,-0.472714
1,1.75207e+09,0.111792,-0.0733602,-0.472714
1,1.75207e+09,0.111792,-0.0733602,-0.472714
2,1.75207e+09,0.111792,-0.0733602,-0.472714
0,1.75207e+09,0.111871,-0.0733263,-0.472742
1,1.75207e+09,0.111871,-0.0733263,-0.472742
2,1.75207e+09,0.114576,-0.0723205,-0.468159
0,1.75207e+09,0.108889,-0.0742881,-0.479569
1,1.75207e+09,0.108889,-0.0742881,-0.479569
2,1.75207e+09,-0.160755,-0.149546,-0.0782265
0,1.75207e+09,-0.545474,-0.181224,0.456947
2,1.75207e+09,-0.545474,-0.181224,0.456947
0,1.75207e+09,0.113664,-0.0765918,-0.485741
1,1.75207e+09,0.113664,-0.0765918,-0.485741
2,1.75207e+09,0.116648,-0.0760173,-0.487224
0,1.75207e+09,0.116648,-0.0760173,-0.487224
0,1.75207e+09,0.11706,-0.0757459,-0.486128
1,1.75207e+09,0.11706,-0.0757459,-0.486128
2,1.75207e+09,0.120478,-0.0756219,-0.488921
0,1.75207e+09,0.120478,-0.0756219,-0.488921
2,1.75207e+09,0.082315,-0.0426986,-0.582043
1,1.75207e+09,0.082315,-0.0426986,-0.582043
0,1.75207e+09,0.120478,-0.0756219,-0.488921
2,1.75207e+09,0.0837718,-0.0432303,-0.588331
1,1.75207e+09,0.0837718,-0.0432303,-0.588331
0,1.75207e+09,0.0837718,-0.0432303,-0.588331
1,1.75207e+09,0.0837718,-0.0432303,-0.588331
0,1.75207e+09,0.0837718,-0.0432303,-0.588331
2,1.75207e+09,0.124179,-0.0745623,-0.48819
1,1.75207e+09,0.0851958,-0.0439903,-0.595656
2,1.75207e+09,0.0851958,-0.0439903,-0.595656
0,1.75207e+09,-0.669544,-0.161077,1.04069
1,1.75207e+09,0.0888677,-0.0455757,-0.61395
2,1.75207e+09,0.0888677,-0.0455757,-0.61395
2,1.75207e+09,0.127773,-0.074176,-0.491035
0,1.75207e+09,0.12923,-0.0739953,-0.49181
2,1.75207e+09,0.088227,-0.0471676,-0.624996
1,1.75207e+09,0.12923,-0.0739953,-0.49181
0,1.75207e+09,-0.628176,-0.146178,1.18141
2,1.75207e+09,-0.628176,-0.146178,1.18141
1,1.75207e+09,-0.557142,-0.136349,1.1167
2,1.75207e+09,-0.557142,-0.136349,1.1167
2,1.75207e+09,-0.557142,-0.136349,1.1167
2,1.75207e+09,-0.557142,-0.136349,1.1167
2,1.75207e+09,-0.49964,-0.123138,1.11662
0,1.75207e+09,-0.49964,-0.123138,1.11662
2,1.75207e+09,-0.49964,-0.123138,1.11662
0,1.75207e+09,-0.49964,-0.123138,1.11662
2,1.75207e+09,-0.441403,-0.122475,0.984248
0,1.75207e+09,-0.441403,-0.122475,0.984248
0,1.75207e+09,0.107856,-0.060892,-0.763936
2,1.75207e+09,0.107856,-0.060892,-0.763936
2,1.75207e+09,0.151604,-0.0784056,-0.549937
0,1.75207e+09,0.107856,-0.060892,-0.763936
2,1.75207e+09,-0.351598,-0.11601,0.91678
0,1.75207e+09,-0.233392,-0.104081,0.776485
2,1.75207e+09,-0.233392,-0.104081,0.776485
0,1.75207e+09,-0.233392,-0.104081,0.776485
0,1.75207e+09,-0.233392,-0.104081,0.776485
2,1.75207e+09,0.144765,-0.0837339,-0.959392
1,1.75207e+09,0.240533,-0.124412,-0.947759
0,1.75207e+09,0.240533,-0.124412,-0.947759
2,1.75207e+09,0.144428,-0.0900133,-1.00734
1,1.75207e+09,0.144428,-0.0900133,-1.00734
2,1.75207e+09,0.131772,-0.084882,-0.982322
1,1.75207e+09,0.213638,-0.11161,-0.859062
1,1.75207e+09,0.148153,-0.0907173,-0.967626
0,1.75207e+09,0.148153,-0.0907173,-0.967626
2,1.75207e+09,0.148153,-0.0907173,-0.967626
0,1.75207e+09,0.148153,-0.0907173,-0.967626
1,1.75207e+09,0.148153,-0.0907173,-0.967626
2,1.75207e+09,0.313962,-0.170014,-1.28942
0,1.75207e+09,-0.258186,-0.104672,1.4219
2,1.75207e+09,-0.297849,-0.0973294,1.68929
1,1.75207e+09,0.108148,-0.0832984,-0.761931
2,1.75207e+09,0.108148,-0.0832984,-0.761931
0,1.75207e+09,0.264062,-0.185637,-1.08752
2,1.75207e+09,0.103905,-0.0813961,-0.751298
1,1.75207e+09,0.103905,-0.0813961,-0.751298
0,1.75207e+09,0.264264,-0.185674,-1.08861
1,1.75207e+09,0.103905,-0.0813961,-0.751298
2,1.75207e+09,0.103813,-0.0814378,-0.751127
0,1.75207e+09,0.266324,-0.195058,-1.13279
2,1.75207e+09,0.266324,-0.195058,-1.13279
0,1.75207e+09,0.0813436,-0.0485284,-0.630276
0,1.75207e+09,0.0813436,-0.0485284,-0.630276
2,1.75207e+09,0.0813436,-0.0485284,-0.630276
0,1.75207e+09,0.0813436,-0.0485284,-0.630276
2,1.75207e+09,0.0659674,-0.175897,0.641719
2,1.75207e+09,0.265661,-0.216803,-1.22853
0,1.75207e+09,0.265661,-0.216803,-1.22853
2,1.75207e+09,0.265661,-0.216803,-1.22853
0,1.75207e+09,0.265661,-0.216803,-1.22853
0,1.75207e+09,0.265661,-0.216803,-1.22853
2,1.75207e+09,0.315095,-0.293376,-2.11515
0,1.75207e+09,0.315095,-0.293376,-2.11515
2,1.75207e+09,0.319338,-0.293917,-2.11469
0,1.75207e+09,0.319338,-0.293917,-2.11469
2,1.75207e+09,0.319905,-0.298534,-2.16449
0,1.75207e+09,0.319905,-0.298534,-2.16449
2,1.75207e+09,0.32096,-0.300504,-2.17553
2,1.75207e+09,0.319799,-0.302376,-2.205
0,1.75207e+09,0.246974,-0.275387,-1.98164
0,1.75207e+09,0.246974,-0.275387,-1.98164
2,1.75207e+09,0.257121,-0.301774,-2.20032
2,1.75207e+09,0.257121,-0.301774,-2.20032
0,1.75207e+09,0.253629,-0.290173,-2.05517
2,1.75207e+09,0.253629,-0.290173,-2.05517
0,1.75207e+09,0.253629,-0.290173,-2.05517
2,1.75207e+09,0.0677562,-0.0440795,-0.768426
0,1.75207e+09,0.258674,-0.303752,-2.13188
2,1.75207e+09,0.0677562,-0.0440795,-0.768426
0,1.75207e+09,0.0677562,-0.0440795,-0.768426
0,1.75207e+09,0.262212,-0.308881,-2.16669
1,1.75207e+09,0.0789146,-0.0441534,-0.774381
0,1.75207e+09,0.0789146,-0.0441534,-0.774381
2,1.75207e+09,0.258746,-0.29797,-2.10092
1,1.75207e+09,0.0696819,-0.0434838,-0.758916
0,1.75207e+09,0.0696819,-0.0434838,-0.758916
2,1.75207e+09,0.0696819,-0.0434838,-0.758916
0,1.75207e+09,0.279279,-0.327865,-2.26838
2,1.75207e+09,0.279279,-0.327865,-2.26838
1,1.75207e+09,0.0706665,-0.0432691,-0.756365
2,1.75207e+09,0.0706665,-0.0432691,-0.756365
0,1.75207e+09,0.286158,-0.324385,-2.26642
0,1.75207e+09,0.0717186,-0.0427555,-0.75588
2,1.75207e+09,0.0717186,-0.0427555,-0.75588
0,1.75207e+09,0.0717186,-0.0427555,-0.75588
2,1.75207e+09,0.307564,-0.354595,-2.47432
0,1.75207e+09,0.071626,-0.0436956,-0.747619
2,1.75207e+09,0.288102,-0.32337,-2.20767
0,1.75207e+09,0.288102,-0.32337,-2.20767
2,1.75207e+09,0.288529,-0.32168,-2.184
0,1.75207e+09,0.267792,-0.266601,-1.90448
2,1.75207e+09,0.267792,-0.266601,-1.90448
0,1.75207e+09,0.217589,-0.156562,-1.28967
2,1.75207e+09,0.217589,-0.156562,-1.28967
0,1.75207e+09,0.213903,-0.154749,-1.28072
2,1.75207e+09,0.213903,-0.154749,-1.28072
0,1.75207e+09,0.251003,-0.229112,-1.75792
2,1.75207e+09,0.251003,-0.229112,-1.75792
2,1.75207e+09,0.250228,-0.228481,-1.74379
0,1.75207e+09,0.305496,-0.358266,-2.49264
0,1.75207e+09,0.252342,-0.229131,-1.7593
2,1.75207e+09,0.252342,-0.229131,-1.7593
0,1.75207e+09,0.254664,-0.228181,-1.68316
2,1.75207e+09,0.254664,-0.228181,-1.68316
1,1.75207e+09,0.247719,-0.217068,-1.69533
0,1.75207e+09,0.247719,-0.217068,-1.69533
2,1.75207e+09,0.247719,-0.217068,-1.69533
1,1.75207e+09,0.247719,-0.217068,-1.69533
2,1.75207e+09,0.248633,-0.218001,-1.70228
0,1.75207e+09,0.248633,-0.218001,-1.70228
2,1.75207e+09,0.248633,-0.218001,-1.70228
1,1.75207e+09,0.248633,-0.218001,-1.70228
0,1.75207e+09,0.23939,-0.21355,-1.56865
1,1.75207e+09,0.23939,-0.21355,-1.56865
2,1.75207e+09,0.242756,-0.213519,-1.58067
0,1.75207e+09,0.242756,-0.213519,-1.58067
0,1.75207e+09,0.248646,-0.21855,-1.70671
2,1.75207e+09,0.248646,-0.21855,-1.70671
2,1.75207e+09,0.0892836,-0.0441455,-0.776514
0,1.75207e+09,0.0892836,-0.0441455,-0.776514
2,1.75207e+09,0.0892836,-0.0441455,-0.776514
1,1.75207e+09,0.356565,-0.245415,-1.86686
0,1.75207e+09,0.108213,-0.0442851,-0.756773
2,1.75207e+09,0.0840029,-0.0547802,-0.686124
1,1.75207e+09,0.210558,-0.206212,-1.15461
0,1.75207e+09,0.206847,-0.192239,-1.10777
2,1.75207e+09,0.210558,-0.206212,-1.15461
2,1.75207e+09,0.0724889,-0.042878,-0.752196
1,1.75207e+09,0.0724889,-0.042878,-0.752196
0,1.75207e+09,0.257385,-0.231887,-1.76004
0,1.75207e+09,0.280438,-0.239809,-1.32504
1,1.75207e+09,0.280438,-0.239809,-1.32504
2,1.75207e+09,0.333614,-0.306434,-2.21361
1,1.75207e+09,0.333614,-0.306434,-2.21361
2,1.75207e+09,0.261927,-0.252174,-1.87408
1,1.75207e+09,0.291248,-0.267706,-1.99993
2,1.75207e+09,0.291248,-0.267706,-1.99993
1,1.75207e+09,0.330615,-0.346072,-2.4471
2,1.75207e+09,0.343225,-0.310583,-2.29705
2,1.75207e+09,0.343225,-0.310583,-2.29705
1,1.75207e+09,0.257042,-0.26894,-1.97734
2,1.75207e+09,0.260313,-0.291723,-2.01196
2,1.75207e+09,0.264764,-0.303743,-2.07793
2,1.75207e+09,0.264764,-0.303743,-2.07793
2,1.75207e+09,0.285713,-0.334718,-2.34151
2,1.75207e+09,0.285713,-0.334718,-2.34151
2,1.75207e+09,0.285713,-0.334718,-2.34151
2,1.75207e+09,0.28666,-0.338432,-2.36942
2,1.75207e+09,0.28666,-0.338432,-2.36942
2,1.75207e+09,0.28666,-0.338432,-2.36942
2,1.75207e+09,0.0723401,-0.141621,-1.30052
2,1.75207e+09,0.0735842,-0.139335,-1.27697
2,1.75207e+09,0.0735842,-0.139335,-1.27697
2,1.75207e+09,0.0735842,-0.139335,-1.27697
2,1.75207e+09,0.314033,-0.381596,-2.7045
2,1.75207e+09,0.0739411,-0.1494,-1.41561
1,1.75207e+09,0.0732206,-0.149928,-1.40802
2,1.75207e+09,0.0732206,-0.149928,-1.40802
2,1.75207e+09,0.0732206,-0.149928,-1.40802
2,1.75207e+09,0.073877,-0.152775,-1.44167
2,1.75207e+09,0.0732206,-0.149928,-1.40802
1,1.75207e+09,0.0726893,-0.141076,-1.29232
1,1.75207e+09,0.0726893,-0.141076,-1.29232
2,1.75207e+09,0.310825,-0.379162,-2.69953
2,1.75207e+09,0.322121,-0.404058,-2.87182
1,1.75207e+09,0.322121,-0.404058,-2.87182
2,1.75207e+09,0.322121,-0.404058,-2.87182
2,1.75207e+09,0.333759,-0.424781,-3.06098
2,1.75207e+09,0.072226,-0.139527,-1.27986
1,1.75207e+09,0.072226,-0.139527,-1.27986
2,1.75207e+09,0.072226,-0.139527,-1.27986
2,1.75207e+09,0.072226,-0.139527,-1.27986
2,1.75207e+09,0.072226,-0.139527,-1.27986
2,1.75207e+09,0.072226,-0.139527,-1.27986
2,1.75207e+09,0.071496,-0.158825,-1.37216
2,1.75207e+09,0.071496,-0.158825,-1.37216
2,1.75207e+09,0.0709404,-0.146728,-1.28451
2,1.75207e+09,0.0709404,-0.146728,-1.28451
2,1.75207e+09,0.0709404,-0.146728,-1.28451
1,1.75207e+09,0.0709404,-0.146728,-1.28451
2,1.75207e+09,0.0380393,0.0106075,1.15654
2,1.75207e+09,0.0398456,0.0174691,1.14365
1,1.75207e+09,0.0398456,0.0174691,1.14365
2,1.75207e+09,0.0397356,0.0172147,1.14554
0,1.75207e+09,0.0397356,0.0172147,1.14554
1,1.75207e+09,0.0406753,0.0149345,1.13558
2,1.75207e+09,0.0406753,0.0149345,1.13558
0,1.75207e+09,2.09281,-1.13286,-13.8407
1,1.75207e+09,2.09281,-1.13286,-13.8407
2,1.75207e+09,2.09281,-1.13286,-13.8407
1,1.75207e+09,2.09281,-1.13286,-13.8407
2,1.75207e+09,2.09281,-1.13286,-13.8407
1,1.75207e+09,2.09281,-1.13286,-13.8407
1,1.75207e+09,2.09281,-1.13286,-13.8407
0,1.75207e+09,2.09281,-1.13286,-13.8407
2,1.75207e+09,2.09281,-1.13286,-13.8407
0,1.75207e+09,2.09281,-1.13286,-13.8407
1,1.75207e+09,2.09281,-1.13286,-13.8407
2,1.75207e+09,2.09281,-1.13286,-13.8407
0,1.75207e+09,2.09281,-1.13286,-13.8407
1,1.75207e+09,2.09281,-1.13286,-13.8407
2,1.75207e+09,2.09281,-1.13286,-13.8407
0,1.75207e+09,2.09281,-1.13286,-13.8407
1,1.75207e+09,2.09281,-1.13286,-13.8407
2,1.75207e+09,2.09281,-1.13286,-13.8407
0,1.75207e+09,0.0388765,0.00826685,1.13599
2,1.75207e+09,0.0388765,0.00826685,1.13599
1,1.75207e+09,0.0388765,0.00826685,1.13599
0,1.75207e+09,0.0388765,0.00826685,1.13599
1,1.75207e+09,0.0388765,0.00826685,1.13599
2,1.75207e+09,0.0397388,0.00682483,1.12782
0,1.75207e+09,0.0397388,0.00682483,1.12782
1,1.75207e+09,0.0383065,0.00202722,1.16421
2,1.75207e+09,0.0383065,0.00202722,1.16421
1,1.75207e+09,0.0383065,0.00202722,1.16421
2,1.75207e+09,0.0383065,0.00202722,1.16421
0,1.75207e+09,0.0383065,0.00202722,1.16421
2,1.75207e+09,0.0383065,0.00202722,1.16421
1,1.75207e+09,0.0383065,0.00202722,1.16421
0,1.75207e+09,0.0395715,-0.00460337,1.12402
2,1.75207e+09,0.0395715,-0.00460337,1.12402
1,1.75207e+09,0.0395715,-0.00460337,1.12402
0,1.75207e+09,0.0395715,-0.00460337,1.12402
2,1.75207e+09,0.0395715,-0.00460337,1.12402
1,1.75207e+09,0.0395715,-0.00460337,1.12402
0,1.75207e+09,0.0395715,-0.00460337,1.12402
2,1.75207e+09,0.0395715,-0.00460337,1.12402
1,1.75207e+09,0.0395715,-0.00460337,1.12402
0,1.75207e+09,0.0378873,-0.0186497,0.883059
2,1.75207e+09,0.0378873,-0.0186497,0.883059
1,1.75207e+09,0.0378873,-0.0186497,0.883059
2,1.75207e+09,0.0378873,-0.0186497,0.883059
1,1.75207e+09,0.0961535,-0.09535,-0.765641
2,1.75207e+09,0.0961535,-0.09535,-0.765641
1,1.75207e+09,0.0961535,-0.09535,-0.765641
2,1.75207e+09,0.0961535,-0.09535,-0.765641
1,1.75207e+09,0.0961535,-0.09535,-0.765641
2,1.75207e+09,-0.103663,0.035965,1.25652
1,1.75207e+09,-0.103663,0.035965,1.25652
0,1.75207e+09,-0.103663,0.035965,1.25652
2,1.75207e+09,-0.135592,0.0150295,1.19684
1,1.75207e+09,-0.135592,0.0150295,1.19684
0,1.75207e+09,0.912501,-0.719526,-7.3201
0,1.75207e+09,0.464309,-0.35649,-3.71792
2,1.75207e+09,6.57416,-3.62008,-36.8218
1,1.75207e+09,0.464309,-0.35649,-3.71792
1,1.75207e+09,-0.140333,-0.00752984,1.08145
2,1.75207e+09,0.349182,-0.263214,-2.75117
0,1.75207e+09,0.273077,-0.204975,-2.1488
0,1.75207e+09,0.273077,-0.204975,-2.1488
1,1.75207e+09,0.273077,-0.204975,-2.1488
2,1.75207e+09,0.273077,-0.204975,-2.1488
1,1.75207e+09,-0.162704,-0.0196894,1.07429
0,1.75207e+09,0.238248,-0.175576,-1.84427
2,1.75207e+09,0.238248,-0.175576,-1.84427
2,1.75207e+09,-0.177455,-0.0245669,1.08903
0,1.75207e+09,0.196658,-0.14256,-1.52117
1,1.75207e+09,0.196658,-0.14256,-1.52117
0,1.75207e+09,0.193268,-0.135731,-1.46888
2,1.75207e+09,0.193268,-0.135731,-1.46888
1,1.75207e+09,0.193268,-0.135731,-1.46888
2,1.75207e+09,-0.212588,-0.0370526,1.11035
0,1.75207e+09,0.172916,-0.111387,-1.28593
1,1.75207e+09,0.172916,-0.111387,-1.28593
0,1.75207e+09,0.172916,-0.111387,-1.28593
2,1.75207e+09,0.172916,-0.111387,-1.28593
1,1.75207e+09,-0.246022,-0.0471885,1.14918
0,1.75207e+09,0.209245,-0.102873,-0.825728
2,1.75207e+09,0.209245,-0.102873,-0.825728
0,1.75207e+09,0.154714,-0.0976802,-1.15106
1,1.75207e+09,0.149422,-0.0943943,-1.10386
2,1.75207e+09,0.20261,-0.0988079,-0.786996
0,1.75207e+09,0.149422,-0.0943943,-1.10386
1,1.75207e+09,0.144909,-0.0927012,-1.08299
2,1.75207e+09,0.188168,-0.092131,-0.714451
0,1.75207e+09,0.144293,-0.0906582,-1.06137
2,1.75207e+09,-0.37137,-0.0598198,1.34706
1,1.75207e+09,0.141426,-0.0843074,-1.01636
0,1.75207e+09,-0.37137,-0.0598198,1.34706
2,1.75207e+09,-0.334459,-0.0662968,1.18329
1,1.75207e+09,-0.334459,-0.0662968,1.18329
2,1.75207e+09,-0.331128,-0.0839699,1.01971
1,1.75207e+09,-0.331128,-0.0839699,1.01971
1,1.75207e+09,-0.331128,-0.0839699,1.01971
0,1.75207e+09,-0.331128,-0.0839699,1.01971
2,1.75207e+09,0.108938,-0.0631859,-0.780662
1,1.75207e+09,0.108938,-0.0631859,-0.780662
0,1.75207e+09,0.106942,-0.0623038,-0.759963
1,1.75207e+09,0.149333,-0.0755906,-0.534293
2,1.75207e+09,0.106942,-0.0623038,-0.759963
0,1.75207e+09,0.104801,-0.06031,-0.753832
0,1.75207e+09,0.145346,-0.0740417,-0.51855
1,1.75207e+09,0.104716,-0.0584738,-0.737547
2,1.75207e+09,0.100657,-0.05647,-0.711664
2,1.75207e+09,0.100657,-0.05647,-0.711664
0,1.75207e+09,0.100657,-0.05647,-0.711664
1,1.75207e+09,0.138634,-0.0700638,-0.488454
2,1.75207e+09,0.113574,-0.0629036,-0.732086
0,1.75207e+09,0.113574,-0.0629036,-0.732086
2,1.75207e+09,-0.561889,-0.067386,1.29682
1,1.75207e+09,-0.483355,-0.0704013,1.07212
0,1.75207e+09,0.134475,-0.0679293,-0.478786
2,1.75207e+09,0.134475,-0.0679293,-0.478786
1,1.75207e+09,0.104409,-0.0561117,-0.686644
0,1.75207e+09,0.104409,-0.0561117,-0.686644
2,1.75207e+09,0.104409,-0.0561117,-0.686644
1,1.75207e+09,0.101033,-0.0508036,-0.665341
0,1.75207e+09,0.101033,-0.0508036,-0.665341
2,1.75207e+09,0.0842056,-0.044146,-0.614602
1,1.75207e+09,0.0962922,-0.0470322,-0.636676
0,1.75207e+09,0.0962922,-0.0470322,-0.636676
2,1.75207e+09,0.0962922,-0.0470322,-0.636676
1,1.75207e+09,0.0829679,-0.0440792,-0.600808
2,1.75207e+09,0.118197,-0.058142,-0.409048
1,1.75207e+09,0.0831092,-0.0436944,-0.596691
2,1.75207e+09,0.0817868,-0.0436965,-0.593549
0,1.75207e+09,0.0821181,-0.0430091,-0.587986
2,1.75207e+09,0.0821181,-0.0430091,-0.587986
2,1.75207e+09,0.0821181,-0.0430091,-0.587986
1,1.75207e+09,0.0809172,-0.0425339,-0.584732
2,1.75207e+09,0.0809599,-0.042343,-0.580332
0,1.75207e+09,0.0809599,-0.042343,-0.580332
1,1.75207e+09,-0.66706,-0.014334,1.0925
2,1.75207e+09,0.0784317,-0.040327,-0.566962
0,1.75207e+09,0.0784317,-0.040327,-0.566962
2,1.75207e+09,-0.904249,0.0252941,1.5301
2,1.75207e+09,0.0776378,-0.0395493,-0.559987
0,1.75207e+09,0.0776378,-0.0395493,-0.559987
2,1.75207e+09,-0.807857,0.0229454,1.26998
1,1.75207e+09,-0.883283,0.0522788,1.37722
2,1.75207e+09,-0.883283,0.0522788,1.37722
2,1.75207e+09,0.075682,-0.0378603,-0.547895
0,1.75207e+09,0.075682,-0.0378603,-0.547895
1,1.75207e+09,0.108602,-0.0518889,-0.388983
2,1.75207e+09,0.07554,-0.0376576,-0.54688
0,1.75207e+09,0.07554,-0.0376576,-0.54688
2,1.75207e+09,0.07554,-0.0376576,-0.54688
1,1.75207e+09,0.0749615,-0.0375764,-0.544781
0,1.75207e+09,0.0749615,-0.0375764,-0.544781
2,1.75207e+09,0.0749615,-0.0375764,-0.544781
1,1.75207e+09,0.0749615,-0.0375764,-0.544781
2,1.75207e+09,0.147629,-0.133912,-0.55301
0,1.75207e+09,0.107003,-0.0484853,-0.369135
1,1.75207e+09,0.107003,-0.0484853,-0.369135
2,1.75207e+09,0.107003,-0.0484853,-0.369135
2,1.75207e+09,0.0742247,-0.0363404,-0.539796
0,1.75207e+09,0.107097,-0.0463927,-0.361183
1,1.75207e+09,0.107097,-0.0463927,-0.361183
2,1.75207e+09,0.0742247,-0.0363404,-0.539796
0,1.75207e+09,0.0742247,-0.0363404,-0.539796
1,1.75207e+09,0.10613,-0.0447411,-0.352469
0,1.75207e+09,-0.755586,0.111251,1.20416
1,1.75207e+09,0.0738906,-0.0357545,-0.537122
2,1.75207e+09,0.0734101,-0.0350867,-0.533769
2,1.75207e+09,0.0734101,-0.0350867,-0.533769
0,1.75207e+09,0.103364,-0.0396144,-0.329086
1,1.75207e+09,0.0734101,-0.0350867,-0.533769
2,1.75207e+09,-0.832801,0.185007,1.36244
1,1.75207e+09,0.0725567,-0.0347504,-0.527536
1,1.75207e+09,0.0725177,-0.0346038,-0.527051
2,1.75207e+09,0.141567,-0.136825,-0.546031
0,1.75207e+09,0.0725177,-0.0346038,-0.527051
1,1.75207e+09,0.0725468,-0.0345933,-0.527152
0,1.75207e+09,0.0725468,-0.0345933,-0.527152
2,1.75207e+09,0.0725468,-0.0345933,-0.527152
1,1.75207e+09,0.112531,-0.0774973,-0.482937
2,1.75207e+09,0.0725468,-0.0345933,-0.527152
1,1.75207e+09,0.072535,-0.0345517,-0.52697
2,1.75207e+09,0.0725468,-0.0345933,-0.527152
0,1.75207e+09,0.072535,-0.0345517,-0.52697
1,1.75207e+09,0.0725255,-0.0345484,-0.526877
0,1.75207e+09,0.0725255,-0.0345484,-0.526877
2,1.75207e+09,0.0725255,-0.0345484,-0.526877
1,1.75207e+09,0.0725255,-0.0345484,-0.526877
0,1.75207e+09,0.140679,-0.136731,-0.544622
1,1.75207e+09,0.0724408,-0.0345505,-0.526777
2,1.75207e+09,0.116181,-0.0774622,-0.476248
0,1.75207e+09,0.140679,-0.136731,-0.544622
2,1.75207e+09,0.072361,-0.0345669,-0.526947
0,1.75207e+09,0.072361,-0.0345669,-0.526947
1,1.75207e+09,0.072361,-0.0345669,-0.526947
2,1.75207e+09,0.072361,-0.0345669,-0.526947
0,1.75207e+09,0.0725864,-0.0344769,-0.527717
1,1.75207e+09,0.0725864,-0.0344769,-0.527717
0,1.75207e+09,0.0729544,-0.0342332,-0.527441
2,1.75207e+09,0.120182,-0.135954,-0.516608
2,1.75207e+09,0.0729544,-0.0342332,-0.527441
1,1.75207e+09,0.0730594,-0.0342533,-0.52826
2,1.75207e+09,0.131779,-0.136137,-0.531678
1,1.75207e+09,0.0738508,-0.0346293,-0.532347
2,1.75207e+09,0.0737805,-0.0345202,-0.531931
2,1.75207e+09,0.0737805,-0.0345202,-0.531931
1,1.75207e+09,-0.864047,0.164163,1.43296
0,1.75207e+09,0.07316,-0.0357641,-0.53553
1,1.75207e+09,0.07316,-0.0357641,-0.53553
2,1.75207e+09,0.0734414,-0.0345884,-0.531204
0,1.75207e+09,0.07316,-0.0357641,-0.53553
1,1.75207e+09,0.0728808,-0.0356596,-0.533558
2,1.75207e+09,0.07316,-0.0357641,-0.53553
0,1.75207e+09,0.0727694,-0.0353249,-0.531562
0,1.75207e+09,0.0727694,-0.0353249,-0.531562
2,1.75207e+09,0.0727694,-0.0353249,-0.531562
1,1.75207e+09,0.0727694,-0.0353249,-0.531562
2,1.75207e+09,0.072525,-0.0352976,-0.530137
0,1.75207e+09,0.0727694,-0.0353249,-0.531562
1,1.75207e+09,0.0720707,-0.0345788,-0.526863
2,1.75207e+09,0.0720707,-0.0345788,-0.526863
0,1.75207e+09,0.0720039,-0.0344768,-0.52512
1,1.75207e+09,0.0720039,-0.0344768,-0.52512
2,1.75207e+09,0.0718482,-0.0343999,-0.524693
1,1.75207e+09,0.0718482,-0.0343999,-0.524693
2,1.75207e+09,0.0718482,-0.0343999,-0.524693
1,1.75207e+09,0.0718208,-0.0343977,-0.524566
1,1.75207e+09,-0.530979,0.0888706,0.778753
0,1.75207e+09,-0.585196,0.113149,0.895059
2,1.75207e+09,0.0721055,-0.0339815,-0.524195
0,1.75207e+09,0.0720735,-0.0339656,-0.52383
1,1.75207e+09,0.0720735,-0.0339656,-0.52383
2,1.75207e+09,0.0720735,-0.0339656,-0.52383
2,1.75207e+09,-0.7006,0.146566,1.11487
0,1.75207e+09,0.102982,-0.0405799,-0.329669
1,1.75207e+09,0.0724977,-0.0339913,-0.524228
2,1.75207e+09,0.0724977,-0.0339913,-0.524228
0,1.75207e+09,0.102381,-0.0385988,-0.318684
2,1.75207e+09,-0.980571,0.249495,1.65507
1,1.75207e+09,0.072696,-0.0341852,-0.524074
0,1.75207e+09,0.072696,-0.0341852,-0.524074
2,1.75207e+09,-0.980571,0.249495,1.65507
1,1.75207e+09,0.0726263,-0.0342623,-0.524973
2,1.75207e+09,0.0724845,-0.0343222,-0.524994
1,1.75207e+09,0.0724845,-0.0343222,-0.524994
0,1.75207e+09,0.0724845,-0.0343222,-0.524994
2,1.75207e+09,-0.903229,0.222638,1.52511
1,1.75207e+09,0.0723688,-0.0342976,-0.524751
0,1.75207e+09,-0.855893,0.203634,1.43092
2,1.75207e+09,-0.855893,0.203634,1.43092
1,1.75207e+09,-0.884263,0.212981,1.4905
2,1.75207e+09,-0.884263,0.212981,1.4905
0,1.75207e+09,-0.858089,0.205559,1.43996
1,1.75207e+09,-0.858089,0.205559,1.43996
2,1.75207e+09,-0.858089,0.205559,1.43996
1,1.75207e+09,0.0727902,-0.0338713,-0.525735
0,1.75207e+09,0.0727902,-0.0338713,-0.525735
1,1.75207e+09,0.0719618,-0.0338111,-0.523696
0,1.75207e+09,0.0719618,-0.0338111,-0.523696
1,1.75207e+09,0.0719618,-0.0338111,-0.523696
2,1.75207e+09,-0.888937,0.221966,1.5195
0,1.75207e+09,0.0720918,-0.034084,-0.524801
1,1.75207e+09,0.0720918,-0.034084,-0.524801
2,1.75207e+09,0.0717724,-0.0338605,-0.522976
0,1.75207e+09,-0.870006,0.207726,1.47158
1,1.75207e+09,0.0720822,-0.0338642,-0.523843
0,1.75207e+09,0.0720822,-0.0338642,-0.523843
2,1.75207e+09,0.0718368,-0.0338875,-0.523634
1,1.75207e+09,0.0720822,-0.0338642,-0.523843
0,1.75207e+09,0.0720822,-0.0338642,-0.523843
2,1.75207e+09,0.0720822,-0.0338642,-0.523843
1,1.75207e+09,-0.832437,0.19657,1.40152
0,1.75207e+09,-0.832437,0.19657,1.40152
2,1.75207e+09,-0.865186,0.206336,1.46296
1,1.75207e+09,-0.875604,0.205266,1.48111
2,1.75207e+09,-0.875604,0.205266,1.48111
0,1.75207e+09,0.0718324,-0.0336681,-0.52272
1,1.75207e+09,0.103007,-0.0397641,-0.317582
2,1.75207e+09,0.0729882,-0.034601,-0.529727
2,1.75207e+09,0.0729882,-0.034601,-0.529727
1,1.75207e+09,0.0729882,-0.034601,-0.529727
0,1.75207e+09,0.0729882,-0.034601,-0.529727
2,1.75207e+09,0.0729882,-0.034601,-0.529727
0,1.75207e+09,0.0729882,-0.034601,-0.529727
1,1.75207e+09,-1.03068,0.237513,1.8377
2,1.75207e+09,0.075043,-0.0370379,-0.546972
0,1.75207e+09,0.075043,-0.0370379,-0.546972
1,1.75207e+09,0.075043,-0.0370379,-0.546972
2,1.75207e+09,0.075043,-0.0370379,-0.546972
0,1.75207e+09,0.0765101,-0.0371471,-0.551088
1,1.75207e+09,0.0765101,-0.0371471,-0.551088
2,1.75207e+09,0.0765101,-0.0371471,-0.551088
0,1.75207e+09,0.0759913,-0.0379428,-0.552777
1,1.75207e+09,0.0765101,-0.0371471,-0.551088
2,1.75207e+09,0.076024,-0.0381408,-0.555526
1,1.75207e+09,0.076024,-0.0381408,-0.555526
0,1.75207e+09,0.0759913,-0.0379428,-0.552777
1,1.75207e+09,0.0760966,-0.0374524,-0.55148
2,1.75207e+09,0.0760966,-0.0374524,-0.55148
0,1.75207e+09,0.0760966,-0.0374524,-0.55148
2,1.75207e+09,0.0754344,-0.0368454,-0.546809
0,1.75207e+09,0.0759108,-0.0368978,-0.549342
1,1.75207e+09,-0.626142,0.16134,1.26399
1,1.75207e+09,-0.626142,0.16134,1.26399
0,1.75207e+09,0.075363,-0.0368698,-0.54685
2,1.75207e+09,0.0746057,-0.0354914,-0.53907
2,1.75207e+09,0.0746057,-0.0354914,-0.53907
1,1.75207e+09,0.0746057,-0.0354914,-0.53907
0,1.75207e+09,0.074685,-0.0355146,-0.539575
2,1.75207e+09,0.074685,-0.0355146,-0.539575
1,1.75207e+09,0.0746057,-0.0354914,-0.53907
0,1.75207e+09,0.074685,-0.0355146,-0.539575
2,1.75207e+09,0.074685,-0.0355146,-0.539575
1,1.75207e+09,0.074685,-0.0355146,-0.539575
0,1.75207e+09,0.0747547,-0.0359915,-0.541624
2,1.75207e+09,0.0747547,-0.0359915,-0.541624
0,1.75207e+09,0.0747521,-0.0358858,-0.541212
1,1.75207e+09,0.099491,-0.0337614,-0.259857
1,1.75207e+09,0.099491,-0.0337614,-0.259857
0,1.75207e+09,0.099491,-0.0337614,-0.259857
2,1.75207e+09,0.0745648,-0.03578,-0.539788
0,1.75207e+09,0.0745648,-0.03578,-0.539788
1,1.75207e+09,0.0745648,-0.03578,-0.539788
2,1.75207e+09,0.0745648,-0.03578,-0.539788
0,1.75207e+09,0.0745626,-0.0357587,-0.539516
2,1.75207e+09,-0.62613,0.175772,1.2826
1,1.75207e+09,-0.62613,0.175772,1.2826
0,1.75207e+09,0.0745122,-0.0356109,-0.538692
2,1.75207e+09,0.0745122,-0.0356109,-0.538692
0,1.75207e+09,0.0745122,-0.0356109,-0.538692
1,1.75207e+09,0.074438,-0.0355721,-0.538379
2,1.75207e+09,0.074438,-0.0355721,-0.538379
1,1.75207e+09,0.0745345,-0.0355651,-0.538689
2,1.75207e+09,0.0745345,-0.0355651,-0.538689
0,1.75207e+09,0.0745345,-0.0355651,-0.538689
1,1.75207e+09,0.0744512,-0.0355657,-0.538487
1,1.75207e+09,-0.599287,0.164683,1.21142
2,1.75207e+09,0.0747596,-0.0356771,-0.539292
0,1.75207e+09,0.0747596,-0.0356771,-0.539292
1,1.75207e+09,-0.609809,0.166399,1.23663
0,1.75207e+09,-0.584224,0.158597,1.18297
2,1.75207e+09,0.0745898,-0.036175,-0.540938
1,1.75207e+09,0.076094,-0.0364753,-0.550184
0,1.75207e+09,0.076094,-0.0364753,-0.550184
2,1.75207e+09,0.076094,-0.0364753,-0.550184
1,1.75207e+09,0.076094,-0.0364753,-0.550184
0,1.75207e+09,0.076094,-0.0364753,-0.550184
2,1.75207e+09,0.101878,-0.034827,-0.279736
1,1.75207e+09,0.0758002,-0.0371024,-0.548992
0,1.75207e+09,0.0758002,-0.0371024,-0.548992
2,1.75207e+09,0.0764307,-0.0366839,-0.550316
1,1.75207e+09,0.0746344,-0.0377956,-0.550558
0,1.75207e+09,0.0764477,-0.03659,-0.546291
2,1.75207e+09,0.105212,-0.0414658,-0.331927
1,1.75207e+09,0.074873,-0.0367604,-0.544033
0,1.75207e+09,0.074873,-0.0367604,-0.544033
2,1.75207e+09,0.074873,-0.0367604,-0.544033
1,1.75207e+09,0.106231,-0.0478432,-0.371817
0,1.75207e+09,0.07399,-0.0364232,-0.537879
2,1.75207e+09,0.072865,-0.0358999,-0.532989
1,1.75207e+09,0.105291,-0.0471234,-0.372347
0,1.75207e+09,0.072865,-0.0358999,-0.532989
2,1.75207e+09,0.072865,-0.0358999,-0.532989
1,1.75207e+09,0.0730757,-0.0354716,-0.52937
0,1.75207e+09,0.0730757,-0.0354716,-0.52937
1,1.75207e+09,0.0730757,-0.0354716,-0.52937
0,1.75207e+09,-0.819924,0.103441,1.09111
2,1.75207e+09,0.0721438,-0.0343957,-0.523319
0,1.75207e+09,0.0716028,-0.0338952,-0.521474
1,1.75207e+09,0.0716028,-0.0338952,-0.521474
2,1.75207e+09,0.0716028,-0.0338952,-0.521474
1,1.75207e+09,-0.840468,0.119368,1.09938
0,1.75207e+09,0.0716893,-0.0338737,-0.521804
2,1.75207e+09,0.0716893,-0.0338737,-0.521804
1,1.75207e+09,0.0718857,-0.0336257,-0.521492
0,1.75207e+09,0.101948,-0.0448794,-0.370228
2,1.75207e+09,0.101948,-0.0448794,-0.370228
1,1.75207e+09,-0.85499,0.131974,1.11295
2,1.75207e+09,0.0717481,-0.033995,-0.520311
0,1.75207e+09,-0.798178,0.115046,1.01175
1,1.75207e+09,-0.62926,0.0702781,0.764624
2,1.75207e+09,-0.62926,0.0702781,0.764624
0,1.75207e+09,0.102347,-0.0446275,-0.370593
0,1.75207e+09,0.102239,-0.04535,-0.372927
1,1.75207e+09,-0.624489,0.0660318,0.749942
2,1.75207e+09,0.0716005,-0.0339111,-0.522025
0,1.75207e+09,0.0716005,-0.0339111,-0.522025
1,1.75207e+09,0.0716005,-0.0339111,-0.522025
0,1.75207e+09,-0.592727,0.0598961,0.683209
1,1.75207e+09,0.0713563,-0.0340087,-0.519396
2,1.75207e+09,0.0713563,-0.0340087,-0.519396
0,1.75207e+09,0.0713563,-0.0340087,-0.519396
1,1.75207e+09,0.0718975,-0.0339541,-0.522837
0,1.75207e+09,-0.654354,0.074067,0.776519
2,1.75207e+09,0.0715413,-0.0338738,-0.52018
1,1.75207e+09,0.0715413,-0.0338738,-0.52018
0,1.75207e+09,-0.749182,0.103884,0.922033
1,1.75207e+09,-0.762318,0.111241,0.947729
2,1.75207e+09,0.0714907,-0.0339579,-0.518728
0,1.75207e+09,-0.819865,0.125072,1.03347
1,1.75207e+09,-0.79269,0.128741,0.998445
2,1.75207e+09,0.071249,-0.0339305,-0.518369
0,1.75207e+09,-0.79269,0.128741,0.998445
1,1.75207e+09,0.0714217,-0.0337959,-0.516811
0,1.75207e+09,0.0714217,-0.0337959,-0.516811
2,1.75207e+09,0.0714217,-0.0337959,-0.516811
1,1.75207e+09,0.071384,-0.0338239,-0.517113
0,1.75207e+09,0.101516,-0.0439797,-0.373024
1,1.75207e+09,-0.921377,0.161059,1.18593
2,1.75207e+09,-0.992125,0.190835,1.31515
1,1.75207e+09,0.0720391,-0.0332331,-0.514082
0,1.75207e+09,-0.876356,0.152629,1.13253
2,1.75207e+09,0.0720391,-0.0332331,-0.514082
1,1.75207e+09,0.0720391,-0.0332331,-0.514082
2,1.75207e+09,-2.68602,0.60382,3.8439
1,1.75207e+09,0.0713772,-0.033627,-0.517654
2,1.75207e+09,0.0713772,-0.033627,-0.517654
1,1.75207e+09,0.0713772,-0.033627,-0.517654
0,1.75207e+09,-0.839847,0.137946,1.06761
2,1.75207e+09,0.101718,-0.0438328,-0.372082
0,1.75207e+09,0.0712698,-0.0338209,-0.517673
2,1.75207e+09,-2.608,0.565308,3.70314
1,1.75207e+09,-2.608,0.565308,3.70314
0,1.75207e+09,-2.608,0.565308,3.70314
1,1.75207e+09,0.0713471,-0.033865,-0.517958
2,1.75207e+09,0.0720411,-0.0334597,-0.514491
1,1.75207e+09,0.0713471,-0.033865,-0.517958
2,1.75207e+09,0.101749,-0.0450135,-0.375474
0,1.75207e+09,0.0713471,-0.033865,-0.517958
1,1.75207e+09,0.0714582,-0.0338764,-0.518118
2,1.75207e+09,0.0713173,-0.0338868,-0.517562
0,1.75207e+09,0.0713173,-0.0338868,-0.517562
2,1.75207e+09,0.0714783,-0.0338825,-0.518572
0,1.75207e+09,-0.85433,0.128694,1.08144
1,1.75207e+09,-0.85433,0.128694,1.08144
2,1.75207e+09,0.0715902,-0.0340221,-0.51903
1,1.75207e+09,0.0713148,-0.0341005,-0.518696
2,1.75207e+09,0.0713148,-0.0341005,-0.518696
0,1.75207e+09,-0.640012,0.0820362,0.759295
1,1.75207e+09,0.0712111,-0.0343329,-0.520006
0,1.75207e+09,0.0712111,-0.0343329,-0.520006
2,1.75207e+09,-0.625217,0.0779246,0.733078
1,1.75207e+09,0.0717555,-0.0343948,-0.521051
2,1.75207e+09,0.0718594,-0.0343617,-0.521269
0,1.75207e+09,0.0718594,-0.0343617,-0.521269
1,1.75207e+09,0.0718594,-0.0343617,-0.521269
2,1.75207e+09,-0.835214,0.114409,1.03937
0,1.75207e+09,0.0717895,-0.0339123,-0.51646
2,1.75207e+09,0.0717895,-0.0339123,-0.51646
1,1.75207e+09,0.0712321,-0.0339533,-0.515871
2,1.75207e+09,0.101298,-0.0473857,-0.39325
0,1.75207e+09,0.0701918,-0.0341654,-0.515863
1,1.75207e+09,0.0701918,-0.0341654,-0.515863
0,1.75207e+09,0.0696402,-0.0340911,-0.515036
2,1.75207e+09,-0.674472,0.0551448,0.659268
0,1.75207e+09,0.0696402,-0.0340911,-0.515036
2,1.75207e+09,0.0687435,-0.0345807,-0.518705
0,1.75207e+09,0.0682802,-0.0341052,-0.514552
2,1.75207e+09,0.0682802,-0.0341052,-0.514552
2,1.75207e+09,0.0682802,-0.0341052,-0.514552
2,1.75207e+09,-0.345637,-0.0175448,0.148178
2,1.75207e+09,-0.345637,-0.0175448,0.148178
2,1.75207e+09,-0.0738833,-0.0939159,-0.192645
2,1.75207e+09,-0.0738833,-0.0939159,-0.192645
2,1.75207e+09,-0.0738833,-0.0939159,-0.192645
1,1.75207e+09,-0.0989385,-0.0948431,-0.201376
2,1.75207e+09,-0.0989385,-0.0948431,-0.201376
2,1.75207e+09,0.0707775,-0.0289231,-0.533473
1,1.75207e+09,0.0707775,-0.0289231,-0.533473
2,1.75207e+09,0.0707775,-0.0289231,-0.533473
2,1.75207e+09,-0.099212,-0.0950883,-0.195189
2,1.75207e+09,0.0708056,-0.028405,-0.53332
1,1.75207e+09,0.0708056,-0.028405,-0.53332
2,1.75207e+09,-0.0896594,-0.0954124,-0.200205
2,1.75207e+09,-0.0896594,-0.0954124,-0.200205
1,1.75207e+09,-0.0896594,-0.0954124,-0.200205
2,1.75207e+09,0.119052,-0.0333082,-0.386886
2,1.75207e+09,0.119052,-0.0333082,-0.386886
2,1.75207e+09,0.0699201,-0.0255456,-0.527743
1,1.75207e+09,0.118015,-0.0345832,-0.390625
0,1.75207e+09,0.118015,-0.0345832,-0.390625
2,1.75207e+09,0.0699201,-0.0255456,-0.527743
1,1.75207e+09,0.0699201,-0.0255456,-0.527743
2,1.75207e+09,0.106044,-0.107129,-0.45825
1,1.75207e+09,0.0714861,-0.0253097,-0.530576
0,1.75207e+09,0.0714861,-0.0253097,-0.530576
2,1.75207e+09,0.0714821,-0.0253396,-0.53044
1,1.75207e+09,0.0723105,-0.0263932,-0.533589
2,1.75207e+09,0.0723105,-0.0263932,-0.533589
1,1.75207e+09,0.113014,-0.037231,-0.31409
0,1.75207e+09,0.0723105,-0.0263932,-0.533589
2,1.75207e+09,0.0723105,-0.0263932,-0.533589
0,1.75207e+09,0.0723162,-0.0263791,-0.533632
1,1.75207e+09,0.0722799,-0.0255405,-0.532368
2,1.75207e+09,0.0722799,-0.0255405,-0.532368
1,1.75207e+09,0.0722799,-0.0255405,-0.532368
0,1.75207e+09,0.0718904,-0.0255334,-0.531596
2,1.75207e+09,0.124771,-0.0823105,-0.44239
1,1.75207e+09,0.0718904,-0.0255334,-0.531596
2,1.75207e+09,0.0715797,-0.0255142,-0.531145
1,1.75207e+09,0.0715797,-0.0255142,-0.531145
1,1.75207e+09,0.0715797,-0.0255142,-0.531145
2,1.75207e+09,0.124705,-0.082276,-0.440527
1,1.75207e+09,0.121448,-0.0382656,-0.329751
2,1.75207e+09,0.121448,-0.0382656,-0.329751
1,1.75207e+09,0.124662,-0.0830898,-0.427499
2,1.75207e+09,0.124662,-0.0830898,-0.427499
2,1.75207e+09,-0.09844,-0.0965242,-0.216934
1,1.75207e+09,-0.09844,-0.0965242,-0.216934
1,1.75207e+09,-0.09844,-0.0965242,-0.216934
2,1.75207e+09,-0.09844,-0.0965242,-0.216934
1,1.75207e+09,-0.09844,-0.0965242,-0.216934
2,1.75207e+09,-0.09844,-0.0965242,-0.216934
1,1.75207e+09,-0.127416,-0.0852491,-0.18011
1,1.75207e+09,-0.0990657,-0.0968819,-0.216248
2,1.75207e+09,-0.0990657,-0.0968819,-0.216248
1,1.75207e+09,-0.0990657,-0.0968819,-0.216248
2,1.75207e+09,-0.0990657,-0.0968819,-0.216248
1,1.75207e+09,-0.0990657,-0.0968819,-0.216248
2,1.75207e+09,-0.0990657,-0.0968819,-0.216248
1,1.75207e+09,-0.0990657,-0.0968819,-0.216248
2,1.75207e+09,0.125808,-0.129027,-0.51513
1,1.75207e+09,0.0232074,-0.151336,-0.353921
1,1.75207e+09,0.0232074,-0.151336,-0.353921
2,1.75207e+09,-0.0304088,-0.0957514,-0.151244
1,1.75207e+09,-0.0304088,-0.0957514,-0.151244
2,1.75207e+09,-0.0304088,-0.0957514,-0.151244
1,1.75207e+09,0.0653061,-0.0242294,-0.564639
2,1.75207e+09,0.0653061,-0.0242294,-0.564639
1,1.75207e+09,0.0653061,-0.0242294,-0.564639
2,1.75207e+09,-0.0320229,-0.0957116,-0.147763
1,1.75207e+09,0.071496,-0.0255098,-0.530924
2,1.75207e+09,0.071496,-0.0255098,-0.530924
1,1.75207e+09,0.0715383,-0.0254885,-0.530837
2,1.75207e+09,0.0715383,-0.0254885,-0.530837
1,1.75207e+09,0.0713899,-0.0255536,-0.530647
1,1.75207e+09,0.0713899,-0.0255536,-0.530647
2,1.75207e+09,0.103631,-0.106971,-0.454415
1,1.75207e+09,0.0728106,-0.0394567,-0.541861
2,1.75207e+09,0.0728106,-0.0394567,-0.541861
2,1.75207e+09,0.0728106,-0.0394567,-0.541861
1,1.75207e+09,0.0705637,-0.0255119,-0.528958
2,1.75207e+09,-0.0978498,-0.0955157,-0.197405
1,1.75207e+09,0.0728106,-0.0394567,-0.541861
2,1.75207e+09,0.0728106,-0.0394567,-0.541861
1,1.75207e+09,0.117208,-0.0346631,-0.391445
2,1.75207e+09,-0.0950461,-0.0960199,-0.222325
1,1.75207e+09,-0.0950461,-0.0960199,-0.222325
2,1.75207e+09,0.228743,-0.139877,-0.656227
1,1.75207e+09,0.228743,-0.139877,-0.656227
2,1.75207e+09,0.228782,-0.139837,-0.656272
1,1.75207e+09,0.230368,-0.138387,-0.658708
2,1.75207e+09,0.230368,-0.138387,-0.658708
1,1.75207e+09,-0.324451,-0.000948691,0.111381
2,1.75207e+09,-0.324451,-0.000948691,0.111381
1,1.75207e+09,-0.188453,-0.0405174,-0.100576
0,1.75207e+09,-0.188453,-0.0405174,-0.100576
2,1.75207e+09,-0.328147,-0.00633057,0.119924
1,1.75207e+09,-0.328147,-0.00633057,0.119924
2,1.75207e+09,-0.439174,-0.00319069,0.291263
1,1.75207e+09,-0.439174,-0.00319069,0.291263
2,1.75207e+09,-0.165688,-0.106422,-0.0932405
2,1.75207e+09,-0.160844,-0.105619,-0.0992175
0,1.75207e+09,-0.168676,-0.106911,-0.0886133
1,1.75207e+09,-0.169314,-0.106805,-0.0878596
2,1.75207e+09,-0.169314,-0.106805,-0.0878596
0,1.75207e+09,-0.152688,-0.109373,-0.13958
2,1.75207e+09,-0.152688,-0.109373,-0.13958
0,1.75207e+09,-0.152688,-0.109373,-0.13958
1,1.75207e+09,-0.154437,-0.104527,-0.106585
2,1.75207e+09,-0.154437,-0.104527,-0.106585
1,1.75207e+09,-0.154437,-0.104527,-0.106585
0,1.75207e+09,-0.154431,-0.104619,-0.107185
2,1.75207e+09,-0.141205,-0.102488,-0.128661
1,1.75207e+09,-0.141205,-0.102488,-0.128661
0,1.75207e+09,-0.141205,-0.102488,-0.128661
2,1.75207e+09,-0.142618,-0.106756,-0.15432
1,1.75207e+09,-0.100184,-0.0970962,-0.21424
0,1.75207e+09,-0.100184,-0.0970962,-0.21424
1,1.75207e+09,-0.100987,-0.0968663,-0.213269
2,1.75207e+09,-0.14834,-0.107831,-0.146818
1,1.75207e+09,-0.148626,-0.107826,-0.146554
0,1.75207e+09,-0.156672,-0.110094,-0.13592
1,1.75207e+09,-0.156672,-0.110094,-0.13592
1,1.75207e+09,-0.187495,-0.109326,-0.0594148
2,1.75207e+09,-0.186964,-0.109433,-0.0601744
0,1.75207e+09,-0.153526,-0.109471,-0.139758
1,1.75207e+09,-0.153526,-0.109471,-0.139758
1,1.75207e+09,-0.189612,-0.1103,-0.0569873
2,1.75207e+09,-0.189612,-0.1103,-0.0569873
0,1.75207e+09,-0.305391,-0.0868533,0.109412
2,1.75207e+09,-0.305391,-0.0868533,0.109412
0,1.75207e+09,-0.305391,-0.0868533,0.109412
1,1.75207e+09,-0.20236,-0.111786,-0.0292951
1,1.75207e+09,-0.20236,-0.111786,-0.0292951
0,1.75207e+09,-0.20236,-0.111786,-0.0292951
2,1.75207e+09,-0.20236,-0.111786,-0.0292951
1,1.75207e+09,-0.596748,0.0116209,0.531187
0,1.75207e+09,-0.596748,0.0116209,0.531187
2,1.75207e+09,-0.176468,-0.114049,-0.105161
1,1.75207e+09,-0.176468,-0.114049,-0.105161
0,1.75207e+09,0.0698891,-0.0323013,-0.53478
2,1.75207e+09,0.0698891,-0.0323013,-0.53478
1,1.75207e+09,0.0698891,-0.0323013,-0.53478
2,1.75207e+09,0.069872,-0.0322928,-0.534895
1,1.75207e+09,-0.247289,-0.118805,0.0342675
1,1.75207e+09,-0.247289,-0.118805,0.0342675
2,1.75207e+09,-0.322395,-0.111627,0.120007
0,1.75207e+09,-0.322395,-0.111627,0.120007
1,1.75207e+09,0.104605,-0.0610497,-0.441986
2,1.75207e+09,0.104605,-0.0610497,-0.441986
0,1.75207e+09,0.104605,-0.0610497,-0.441986
1,1.75207e+09,0.104605,-0.0610497,-0.441986
2,1.75207e+09,0.0696167,-0.0340442,-0.535235
2,1.75207e+09,0.104764,-0.0612908,-0.443827
1,1.75207e+09,0.103392,-0.0630199,-0.449402
1,1.75207e+09,0.0695936,-0.034043,-0.535111
2,1.75207e+09,0.0695936,-0.034043,-0.535111
1,1.75207e+09,0.0700943,-0.0337438,-0.536071
2,1.75207e+09,0.0700943,-0.0337438,-0.536071
1,1.75207e+09,0.0700943,-0.0337438,-0.536071
2,1.75207e+09,0.0700943,-0.0337438,-0.536071
1,1.75207e+09,0.0712129,-0.0348074,-0.538464
2,1.75207e+09,0.105081,-0.0670705,-0.459424
2,1.75207e+09,0.105081,-0.0670705,-0.459424
1,1.75207e+09,-0.383771,-0.152421,0.223728
2,1.75207e+09,0.0712817,-0.0355137,-0.538439
2,1.75207e+09,0.0712817,-0.0355137,-0.538439
1,1.75207e+09,-0.387971,-0.152476,0.228918
2,1.75207e+09,0.0699503,-0.0355511,-0.536173
1,1.75207e+09,0.0699503,-0.0355511,-0.536173
2,1.75207e+09,0.10716,-0.0670325,-0.457234
2,1.75207e+09,0.0706368,-0.033329,-0.536371
1,1.75207e+09,0.0706368,-0.033329,-0.536371
2,1.75207e+09,0.10653,-0.0658299,-0.449464
1,1.75207e+09,0.0706368,-0.033329,-0.536371
2,1.75207e+09,-0.403389,-0.155167,0.253577
1,1.75207e+09,0.0716675,-0.0330901,-0.538531
1,1.75207e+09,0.0711639,-0.0346979,-0.538401
2,1.75207e+09,0.0711639,-0.0346979,-0.538401
1,1.75207e+09,0.0711639,-0.0346979,-0.538401
1,1.75207e+09,0.0711639,-0.0346979,-0.538401
2,1.75207e+09,0.0688232,-0.0362773,-0.526913
1,1.75207e+09,0.0688232,-0.0362773,-0.526913
2,1.75207e+09,0.0688232,-0.0362773,-0.526913
2,1.75207e+09,0.0696917,-0.0333884,-0.535148
1,1.75207e+09,0.0696917,-0.0333884,-0.535148
0,1.75207e+09,0.0696996,-0.0333982,-0.53508
2,1.75207e+09,0.0695607,-0.0326391,-0.534405
0,1.75207e+09,0.0695607,-0.0326391,-0.534405
1,1.75207e+09,0.0695833,-0.0326694,-0.534199
0,1.75207e+09,-0.197786,-0.112038,-0.0538529
2,1.75207e+09,-0.197786,-0.112038,-0.0538529
1,1.75207e+09,-0.200136,-0.111712,-0.0510437
2,1.75207e+09,-0.187239,-0.109274,-0.0697181
0,1.75207e+09,-0.196295,-0.11091,-0.0562352
1,1.75207e+09,0.0700543,-0.0307095,-0.533858
2,1.75207e+09,0.0700543,-0.0307095,-0.533858
1,1.75207e+09,-0.195347,-0.111121,-0.0575669
0,1.75207e+09,0.0700289,-0.0307003,-0.534021
2,1.75207e+09,0.0700289,-0.0307003,-0.534021
1,1.75207e+09,-0.139489,-0.105303,-0.157193
0,1.75207e+09,-0.139489,-0.105303,-0.157193
2,1.75207e+09,-0.139489,-0.105303,-0.157193
1,1.75207e+09,-0.15337,-0.104287,-0.113354
2,1.75207e+09,-0.33965,-0.00994214,0.154839
0,1.75207e+09,-0.33965,-0.00994214,0.154839
1,1.75207e+09,-0.33965,-0.00994214,0.154839
2,1.75207e+09,-0.186314,-0.0407286,-0.103383
0,1.75207e+09,-0.186314,-0.0407286,-0.103383
1,1.75207e+09,-0.195153,-0.0376124,-0.0898153
2,1.75207e+09,-0.195153,-0.0376124,-0.0898153
0,1.75207e+09,-0.0964433,-0.0960901,-0.218491
1,1.75207e+09,-0.0964433,-0.0960901,-0.218491
2,1.75207e+09,-0.0972382,-0.0965235,-0.218915
0,1.75207e+09,-0.0976164,-0.0955147,-0.197222
1,1.75207e+09,-0.0976164,-0.0955147,-0.197222
0,1.75207e+09,-0.0996949,-0.0957518,-0.193489
1,1.75207e+09,-0.0996949,-0.0957518,-0.193489
0,1.75207e+09,-0.357267,-0.0187454,0.173635
1,1.75207e+09,-0.357267,-0.0187454,0.173635
2,1.75207e+09,-0.357267,-0.0187454,0.173635
0,1.75207e+09,-0.357267,-0.0187454,0.173635
1,1.75207e+09,-0.357267,-0.0187454,0.173635
2,1.75207e+09,-0.357267,-0.0187454,0.173635
1,1.75207e+09,-0.357041,-0.0321301,0.188231
0,1.75207e+09,-0.357041,-0.0321301,0.188231
2,1.75207e+09,-0.357041,-0.0321301,0.188231
1,1.75207e+09,-0.0892852,-0.0964216,-0.213083
2,1.75207e+09,-0.0892852,-0.0964216,-0.213083
1,1.75207e+09,-0.0892852,-0.0964216,-0.213083
2,1.75207e+09,-0.0892852,-0.0964216,-0.213083
1,1.75207e+09,-0.174084,-0.0839054,-0.0742118
2,1.75207e+09,-0.255168,-0.0755777,0.0453732
2,1.75207e+09,0.0692303,-0.0381233,-0.525111
1,1.75207e+09,0.0698914,-0.038195,-0.528728
2,1.75207e+09,0.0698914,-0.038195,-0.528728
1,1.75207e+09,0.0698914,-0.038195,-0.528728
2,1.75207e+09,0.0698914,-0.038195,-0.528728
1,1.75207e+09,-0.840557,-0.0486821,0.934746
2,1.75207e+09,0.0718339,-0.0355196,-0.539635
2,1.75207e+09,-0.448025,-0.155123,0.342605
1,1.75207e+09,0.0718339,-0.0355196,-0.539635
2,1.75207e+09,0.0718492,-0.0354265,-0.53977
2,1.75207e+09,-0.789019,-0.131918,0.853057
1,1.75207e+09,-0.789019,-0.131918,0.853057
2,1.75207e+09,0.0721884,-0.0380881,-0.537498
1,1.75207e+09,0.0721884,-0.0380881,-0.537498
1,1.75207e+09,0.0722179,-0.0382141,-0.537302
2,1.75207e+09,0.0722179,-0.0382141,-0.537302
1,1.75207e+09,0.0722179,-0.0382141,-0.537302
2,1.75207e+09,0.0723857,-0.0385482,-0.53737
1,1.75207e+09,0.0723857,-0.0385482,-0.53737
1,1.75207e+09,0.0723857,-0.0385482,-0.53737
0,1.75207e+09,0.112728,-0.068513,-0.458606
2,1.75207e+09,-1.4539,-0.153937,1.91108
1,1.75207e+09,-1.4539,-0.153937,1.91108
2,1.75207e+09,-1.4539,-0.153937,1.91108
1,1.75207e+09,0.111488,-0.0684456,-0.458935
0,1.75207e+09,-1.29519,-0.148841,1.65577
2,1.75207e+09,0.111488,-0.0684456,-0.458935
1,1.75207e+09,0.0738831,-0.0381156,-0.538474
0,1.75207e+09,0.0725953,-0.0379986,-0.535705
2,1.75207e+09,0.0725953,-0.0379986,-0.535705
1,1.75207e+09,0.0725953,-0.0379986,-0.535705
0,1.75207e+09,0.0725953,-0.0379986,-0.535705
1,1.75207e+09,0.0711063,-0.0382123,-0.530944
0,1.75207e+09,0.0711063,-0.0382123,-0.530944
1,1.75207e+09,0.0711063,-0.0382123,-0.530944
0,1.75207e+09,-2.30661,0.0371267,3.20178
1,1.75207e+09,0.0714217,-0.0373465,-0.530451
0,1.75207e+09,0.0714217,-0.0373465,-0.530451
1,1.75207e+09,-0.654342,-0.0953483,0.666639
0,1.75207e+09,-0.654342,-0.0953483,0.666639
1,1.75207e+09,0.0718853,-0.0351613,-0.534677
1,1.75207e+09,-0.746608,0.00363006,0.76932
0,1.75207e+09,-0.746608,0.00363006,0.76932
1,1.75207e+09,-0.222208,-0.114794,0.00215075
0,1.75207e+09,-0.222208,-0.114794,0.00215075
1,1.75207e+09,-0.199582,-0.111546,-0.0389751
0,1.75207e+09,-0.199582,-0.111546,-0.0389751
1,1.75207e+09,-0.510989,-1.23328e-05,0.403044
0,1.75207e+09,-0.510989,-1.23328e-05,0.403044
2,1.75207e+09,-0.197061,-0.110725,-0.0437901
0,1.75207e+09,-0.197061,-0.110725,-0.0437901
1,1.75207e+09,-0.197061,-0.110725,-0.0437901
2,1.75207e+09,-0.544773,0.00611001,0.452284
2,1.75207e+09,-0.544773,0.00611001,0.452284
1,1.75207e+09,-0.544773,0.00611001,0.452284
0,1.75207e+09,-0.523115,0.0041753,0.419183
1,1.75207e+09,-0.523115,0.0041753,0.419183
2,1.75207e+09,-0.510309,-0.000200925,0.399803
0,1.75207e+09,-0.512892,0.00275375,0.408799
1,1.75207e+09,-0.512892,0.00275375,0.408799
2,1.75207e+09,-0.512892,0.00275375,0.408799
0,1.75207e+09,-0.512892,0.00275375,0.408799
1,1.75207e+09,-0.512892,0.00275375,0.408799
2,1.75207e+09,-0.512892,0.00275375,0.408799
0,1.75207e+09,-0.344544,-0.133514,0.202923
1,1.75207e+09,-0.344544,-0.133514,0.202923
2,1.75207e+09,-0.344544,-0.133514,0.202923
1,1.75207e+09,0.0723377,-0.0342545,-0.540148
2,1.75207e+09,0.0723377,-0.0342545,-0.540148
2,1.75207e+09,0.0723377,-0.0342545,-0.540148
1,1.75207e+09,-0.328971,-0.137031,0.14981
2,1.75207e+09,-0.41197,-0.14785,0.293006
1,1.75207e+09,0.0720501,-0.0342027,-0.539564
2,1.75207e+09,0.072033,-0.0341953,-0.539683
1,1.75207e+09,0.072033,-0.0341953,-0.539683
1,1.75207e+09,-0.460063,-0.158415,0.365675
2,1.75207e+09,0.0722434,-0.0385897,-0.536809
1,1.75207e+09,0.0722434,-0.0385897,-0.536809
1,1.75207e+09,0.110991,-0.0673774,-0.457077
2,1.75207e+09,0.0731226,-0.0380929,-0.538676
1,1.75207e+09,0.0731226,-0.0380929,-0.538676
2,1.75207e+09,0.0731226,-0.0380929,-0.538676
1,1.75207e+09,0.073769,-0.039973,-0.541419
1,1.75207e+09,0.073769,-0.039973,-0.541419
2,1.75207e+09,0.073769,-0.039973,-0.541419
1,1.75207e+09,0.073769,-0.039973,-0.541419
1,1.75207e+09,0.0740994,-0.0401789,-0.542148
2,1.75207e+09,0.0740994,-0.0401789,-0.542148
1,1.75207e+09,0.0740994,-0.0401789,-0.542148
2,1.75207e+09,0.0741364,-0.0378646,-0.541075
1,1.75207e+09,0.0741364,-0.0378646,-0.541075
1,1.75207e+09,0.073735,-0.0380455,-0.540493
2,1.75207e+09,0.073735,-0.0380455,-0.540493
1,1.75207e+09,0.0735128,-0.0391656,-0.539101
1,1.75207e+09,0.0735128,-0.0391656,-0.539101
2,1.75207e+09,0.0735128,-0.0391656,-0.539101
1,1.75207e+09,0.073923,-0.0384118,-0.538556
0,1.75207e+09,0.073923,-0.0384118,-0.538556
1,1.75207e+09,0.073923,-0.0384118,-0.538556
2,1.75207e+09,0.073923,-0.0384118,-0.538556
1,1.75207e+09,-2.45286,-0.0622078,3.50577
0,1.75207e+09,0.0741333,-0.038025,-0.537019
2,1.75207e+09,0.0741333,-0.038025,-0.537019
1,1.75207e+09,0.0736231,-0.0385278,-0.538959
2,1.75207e+09,0.0736231,-0.0385278,-0.538959
2,1.75207e+09,0.0740954,-0.0382323,-0.539464
1,1.75207e+09,0.0728026,-0.0376635,-0.535512
0,1.75207e+09,0.0730707,-0.037383,-0.536184
2,1.75207e+09,0.0728026,-0.0376635,-0.535512
1,1.75207e+09,0.0728367,-0.0375068,-0.535381
2,1.75207e+09,0.0728026,-0.0376635,-0.535512
1,1.75207e+09,0.0728367,-0.0375068,-0.535381
0,1.75207e+09,0.0726482,-0.0376975,-0.533814
2,1.75207e+09,-1.74427,0.150892,2.48821
1,1.75207e+09,-1.74427,0.150892,2.48821
0,1.75207e+09,-1.74427,0.150892,2.48821
2,1.75207e+09,-1.74427,0.150892,2.48821
1,1.75207e+09,-1.44436,0.162523,2.03246
2,1.75207e+09,-1.44436,0.162523,2.03246
1,1.75207e+09,-0.787003,0.0813199,1.00124
0,1.75207e+09,-0.787003,0.0813199,1.00124
0,1.75207e+09,-1.02268,0.140991,1.36932
1,1.75207e+09,-1.02268,0.140991,1.36932
2,1.75207e+09,-0.863024,0.0975172,1.11253
0,1.75207e+09,-0.863024,0.0975172,1.11253
1,1.75207e+09,-0.863024,0.0975172,1.11253
2,1.75207e+09,-0.800635,0.0928653,1.01462
0,1.75207e+09,-0.800635,0.0928653,1.01462
1,1.75207e+09,-0.800635,0.0928653,1.01462
2,1.75207e+09,-0.800635,0.0928653,1.01462
0,1.75207e+09,-0.792471,0.0940165,1.00391
1,1.75207e+09,-0.792471,0.0940165,1.00391
2,1.75207e+09,-0.792471,0.0940165,1.00391
0,1.75207e+09,-0.85551,0.109584,1.10286
0,1.75207e+09,-0.85551,0.109584,1.10286
1,1.75207e+09,-0.918708,0.113686,1.19355
2,1.75207e+09,-1.0434,0.139194,1.4068
1,1.75207e+09,-1.0434,0.139194,1.4068
2,1.75207e+09,-1.03602,0.139255,1.3967
0,1.75207e+09,-1.15044,0.13619,1.59081
1,1.75207e+09,-1.15044,0.13619,1.59081
1,1.75207e+09,-1.15044,0.13619,1.59081
2,1.75207e+09,-1.64683,0.17137,2.36577
1,1.75207e+09,-1.64683,0.17137,2.36577
2,1.75207e+09,0.0731622,-0.0373127,-0.535219
0,1.75207e+09,0.0731622,-0.0373127,-0.535219
1,1.75207e+09,0.0731622,-0.0373127,-0.535219
2,1.75207e+09,-2.71778,0.187287,4.12655
1,1.75207e+09,0.0737947,-0.0371652,-0.540004
2,1.75207e+09,0.0737947,-0.0371652,-0.540004
1,1.75207e+09,0.0737947,-0.0371652,-0.540004
2,1.75207e+09,-1.62229,0.00464208,2.36802
2,1.75207e+09,-1.62229,0.00464208,2.36802
1,1.75207e+09,-0.992409,-0.0671018,1.35118
2,1.75207e+09,-0.992409,-0.0671018,1.35118
1,1.75207e+09,0.0760282,-0.0393219,-0.551505
2,1.75207e+09,0.0760282,-0.0393219,-0.551505
2,1.75207e+09,0.0750357,-0.0390738,-0.549485
1,1.75207e+09,0.0759676,-0.0395154,-0.551554
2,1.75207e+09,0.0759676,-0.0395154,-0.551554
1,1.75207e+09,0.0758266,-0.0395672,-0.553219
2,1.75207e+09,0.0759435,-0.0392503,-0.553987
1,1.75207e+09,0.0759435,-0.0392503,-0.553987
1,1.75207e+09,0.0759435,-0.0392503,-0.553987
2,1.75207e+09,0.0753897,-0.0402527,-0.55383
1,1.75207e+09,0.0753897,-0.0402527,-0.55383
2,1.75207e+09,0.0753897,-0.0402527,-0.55383
1,1.75207e+09,0.0752889,-0.040465,-0.553847
2,1.75207e+09,0.0753897,-0.0402527,-0.55383
2,1.75207e+09,0.0760455,-0.0403009,-0.555193
1,1.75207e+09,0.0760455,-0.0403009,-0.555193
1,1.75207e+09,0.0766592,-0.0391139,-0.555575
2,1.75207e+09,0.0766592,-0.0391139,-0.555575
1,1.75207e+09,0.0766592,-0.0391139,-0.555575
2,1.75207e+09,0.0766592,-0.0391139,-0.555575
1,1.75207e+09,0.116053,-0.0718232,-0.468389
2,1.75207e+09,0.0764043,-0.039981,-0.557663
1,1.75207e+09,0.0764043,-0.039981,-0.557663
2,1.75207e+09,0.114872,-0.0675775,-0.453929
0,1.75207e+09,0.0764043,-0.039981,-0.557663
2,1.75207e+09,0.0764043,-0.039981,-0.557663
2,1.75207e+09,0.0778433,-0.0397728,-0.551481
1,1.75207e+09,0.0778433,-0.0397728,-0.551481
0,1.75207e+09,0.0778433,-0.0397728,-0.551481
1,1.75207e+09,6.26182,-0.6022,-11.5375
1,1.75207e+09,0.0769553,-0.0388794,-0.545071
2,1.75207e+09,0.0769553,-0.0388794,-0.545071
0,1.75207e+09,0.0764569,-0.0393281,-0.544886
2,1.75207e+09,0.0764569,-0.0393281,-0.544886
1,1.75207e+09,0.074026,-0.0376588,-0.537739
2,1.75207e+09,0.074026,-0.0376588,-0.537739
0,1.75207e+09,0.074026,-0.0376588,-0.537739
2,1.75207e+09,0.0735093,-0.0380483,-0.538324
1,1.75207e+09,0.074026,-0.0376588,-0.537739
0,1.75207e+09,-1.56356,0.200022,2.49405
2,1.75207e+09,-1.56356,0.200022,2.49405
0,1.75207e+09,-1.32937,0.170223,2.11196
1,1.75207e+09,-0.98806,0.121991,1.49707
2,1.75207e+09,-0.807938,0.118571,1.16205
0,1.75207e+09,-0.807938,0.118571,1.16205
1,1.75207e+09,-0.760288,0.0993166,1.05085
2,1.75207e+09,-0.760288,0.0993166,1.05085
1,1.75207e+09,-0.760288,0.0993166,1.05085
0,1.75207e+09,-0.760288,0.0993166,1.05085
0,1.75207e+09,-0.81151,0.126978,1.14271
2,1.75207e+09,-0.81151,0.126978,1.14271
1,1.75207e+09,-0.81151,0.126978,1.14271
1,1.75207e+09,-0.938849,0.154974,1.34805
2,1.75207e+09,-0.938849,0.154974,1.34805
0,1.75207e+09,-0.97312,0.166058,1.40566
1,1.75207e+09,-0.97312,0.166058,1.40566
2,1.75207e+09,-0.969587,0.164238,1.39843
0,1.75207e+09,-0.969587,0.164238,1.39843
1,1.75207e+09,-0.835891,0.122593,1.18286
2,1.75207e+09,-0.818669,0.116256,1.15354
0,1.75207e+09,-0.818669,0.116256,1.15354
2,1.75207e+09,-0.806752,0.113271,1.13126
1,1.75207e+09,-0.888475,0.132992,1.2832
2,1.75207e+09,-0.888475,0.132992,1.2832
2,1.75207e+09,-0.93362,0.133817,1.34207
1,1.75207e+09,-0.93362,0.133817,1.34207
2,1.75207e+09,-0.583076,0.0348553,0.766822
1,1.75207e+09,-0.583076,0.0348553,0.766822
2,1.75207e+09,-0.583076,0.0348553,0.766822
1,1.75207e+09,-0.504038,0.00661049,0.615447
2,1.75207e+09,-0.0574389,-0.0987533,-0.258447
1,1.75207e+09,-0.0574389,-0.0987533,-0.258447
2,1.75207e+09,0.0740106,-0.0388614,-0.547678
1,1.75207e+09,0.0740106,-0.0388614,-0.547678
0,1.75207e+09,0.0740106,-0.0388614,-0.547678
2,1.75207e+09,0.0740106,-0.0388614,-0.547678
0,1.75207e+09,0.0740106,-0.0388614,-0.547678
1,1.75207e+09,0.0752773,-0.0376184,-0.541858
0,1.75207e+09,-0.0690726,-0.114298,-0.24655
2,1.75207e+09,-0.0690726,-0.114298,-0.24655
1,1.75207e+09,0.0770251,-0.0404095,-0.557643
0,1.75207e+09,0.0770251,-0.0404095,-0.557643
0,1.75207e+09,-0.835828,-0.0908527,1.14141
2,1.75207e+09,0.0766756,-0.0403221,-0.558863
1,1.75207e+09,0.0766756,-0.0403221,-0.558863
2,1.75207e+09,0.0766756,-0.0403221,-0.558863
0,1.75207e+09,-0.768374,-0.112737,1.03155
2,1.75207e+09,0.0772365,-0.0405891,-0.560239
0,1.75207e+09,0.0772365,-0.0405891,-0.560239
2,1.75207e+09,0.0772365,-0.0405891,-0.560239
1,1.75207e+09,0.077701,-0.0405355,-0.562269
1,1.75207e+09,0.077701,-0.0405355,-0.562269
2,1.75207e+09,0.077701,-0.0405355,-0.562269
1,1.75207e+09,0.0776687,-0.0405618,-0.562626
2,1.75207e+09,0.0776687,-0.0405618,-0.562626
1,1.75207e+09,0.077701,-0.0405355,-0.562269
2,1.75207e+09,0.077701,-0.0405355,-0.562269
1,1.75207e+09,0.104526,-0.0680535,-0.472446
2,1.75207e+09,0.104526,-0.0680535,-0.472446
0,1.75207e+09,-0.0439612,-0.119684,-0.260791
1,1.75207e+09,0.0788495,-0.0416134,-0.567396
0,1.75207e+09,0.0788495,-0.0416134,-0.567396
1,1.75207e+09,0.0788495,-0.0416134,-0.567396
2,1.75207e+09,0.0788495,-0.0416134,-0.567396
0,1.75207e+09,0.0773036,-0.0405862,-0.561272
1,1.75207e+09,0.0773036,-0.0405862,-0.561272
0,1.75207e+09,0.0773036,-0.0405862,-0.561272
2,1.75207e+09,-0.0562624,-0.109086,-0.241701
1,1.75207e+09,0.102923,-0.064819,-0.460127
0,1.75207e+09,0.100834,-0.0622018,-0.455208
1,1.75207e+09,-0.633946,0.0162389,0.951893
2,1.75207e+09,-0.633946,0.0162389,0.951893
1,1.75207e+09,-0.799345,0.143539,1.26149
2,1.75207e+09,-0.799345,0.143539,1.26149
0,1.75207e+09,-0.799345,0.143539,1.26149
1,1.75207e+09,-0.787668,0.143175,1.24346
1,1.75207e+09,-0.787668,0.143175,1.24346
2,1.75207e+09,-0.787668,0.143175,1.24346
0,1.75207e+09,0.0739168,-0.0354333,-0.53485
1,1.75207e+09,0.0739168,-0.0354333,-0.53485
2,1.75207e+09,0.0738656,-0.0354315,-0.534425
0,1.75207e+09,0.0738656,-0.0354315,-0.534425
1,1.75207e+09,0.0738656,-0.0354315,-0.534425
0,1.75207e+09,-0.749317,0.12522,1.15688
2,1.75207e+09,-0.749317,0.12522,1.15688
1,1.75207e+09,0.0739919,-0.0352945,-0.535099
0,1.75207e+09,0.0739951,-0.0354002,-0.535369
2,1.75207e+09,0.0739951,-0.0354002,-0.535369
1,1.75207e+09,-0.806557,0.131631,1.2629
0,1.75207e+09,0.0739951,-0.0354002,-0.535369
1,1.75207e+09,0.0735787,-0.0352312,-0.532998
2,1.75207e+09,0.0735787,-0.0352312,-0.532998
2,1.75207e+09,-0.75146,0.12567,1.16127
2,1.75207e+09,0.106892,-0.0464829,-0.370685
1,1.75207e+09,0.106892,-0.0464829,-0.370685
2,1.75207e+09,0.106892,-0.0464829,-0.370685
2,1.75207e+09,0.106892,-0.0464829,-0.370685
1,1.75207e+09,0.10634,-0.0486253,-0.37926
2,1.75207e+09,-1.00058,0.124412,1.47222
2,1.75207e+09,-0.677494,-0.00086685,0.869465
2,1.75207e+09,-0.677494,-0.00086685,0.869465
1,1.75207e+09,-0.677494,-0.00086685,0.869465
2,1.75207e+09,-0.677494,-0.00086685,0.869465
1,1.75207e+09,0.0721102,-0.0386343,-0.540437
2,1.75207e+09,0.0721102,-0.0386343,-0.540437
2,1.75207e+09,0.0725751,-0.0372937,-0.533069
1,1.75207e+09,0.0725751,-0.0372937,-0.533069
2,1.75207e+09,0.109357,-0.0569458,-0.420338
1,1.75207e+09,0.073799,-0.0367997,-0.533197
2,1.75207e+09,0.073799,-0.0367997,-0.533197
2,1.75207e+09,0.073799,-0.0367997,-0.533197
1,1.75207e+09,0.073799,-0.0367997,-0.533197
2,1.75207e+09,0.108843,-0.0614898,-0.434411
1,1.75207e+09,0.0733217,-0.0373242,-0.533468
2,1.75207e+09,0.0733217,-0.0373242,-0.533468
1,1.75207e+09,0.0736212,-0.0378555,-0.534477
2,1.75207e+09,-1.88003,0.0104017,2.51693
1,1.75207e+09,0.0736212,-0.0378555,-0.534477
2,1.75207e+09,0.0736789,-0.0377871,-0.534671
1,1.75207e+09,-1.78347,-0.00107442,2.36954
2,1.75207e+09,0.0735481,-0.037951,-0.535356
0,1.75207e+09,0.0735481,-0.037951,-0.535356
1,1.75207e+09,0.0735481,-0.037951,-0.535356
2,1.75207e+09,0.0735481,-0.037951,-0.535356
0,1.75207e+09,0.0742019,-0.0375693,-0.536373
1,1.75207e+09,0.0742019,-0.0375693,-0.536373
2,1.75207e+09,0.10891,-0.064643,-0.447903
1,1.75207e+09,0.0748915,-0.0372083,-0.536361
0,1.75207e+09,0.0748915,-0.0372083,-0.536361
2,1.75207e+09,0.0748915,-0.0372083,-0.536361
1,1.75207e+09,0.0748794,-0.0367978,-0.535911
2,1.75207e+09,0.0748794,-0.0367978,-0.535911
0,1.75207e+09,0.07479,-0.0369004,-0.535153
0,1.75207e+09,-2.10523,0.0565192,2.91293
1,1.75207e+09,0.0751946,-0.03699,-0.535883
2,1.75207e+09,0.0753764,-0.0381614,-0.541727
1,1.75207e+09,0.0753764,-0.0381614,-0.541727
2,1.75207e+09,0.0753764,-0.0381614,-0.541727
1,1.75207e+09,-2.0697,0.189607,3.06984
2,1.75207e+09,-2.0697,0.189607,3.06984
2,1.75207e+09,-1.02253,0.132725,1.40797
2,1.75207e+09,-1.02253,0.132725,1.40797
1,1.75207e+09,-1.02253,0.132725,1.40797
2,1.75207e+09,-1.02253,0.132725,1.40797
1,1.75207e+09,-0.847479,0.117975,1.11088
2,1.75207e+09,-0.847479,0.117975,1.11088
0,1.75207e+09,-0.847479,0.117975,1.11088
2,1.75207e+09,-0.770544,0.0976091,0.967923
1,1.75207e+09,-0.770544,0.0976091,0.967923
1,1.75207e+09,-0.814776,0.1059,1.04381
2,1.75207e+09,-0.773204,0.0995824,0.9833
2,1.75207e+09,-0.773204,0.0995824,0.9833
1,1.75207e+09,-0.773204,0.0995824,0.9833
2,1.75207e+09,-0.773204,0.0995824,0.9833
2,1.75207e+09,-0.773204,0.0995824,0.9833
1,1.75207e+09,-0.84523,0.117897,1.09261
2,1.75207e+09,-0.84523,0.117897,1.09261
0,1.75207e+09,-0.987457,0.156982,1.35545
1,1.75207e+09,-0.987457,0.156982,1.35545
2,1.75207e+09,-0.987457,0.156982,1.35545
0,1.75207e+09,-1.11485,0.17988,1.57818
2,1.75207e+09,-1.11485,0.17988,1.57818
1,1.75207e+09,-1.15981,0.150928,1.6765
0,1.75207e+09,-1.15981,0.150928,1.6765
2,1.75207e+09,-1.216,0.116949,1.80587
1,1.75207e+09,-1.216,0.116949,1.80587
0,1.75207e+09,-1.216,0.116949,1.80587
0,1.75207e+09,0.0738052,-0.0381973,-0.548079
1,1.75207e+09,0.0740061,-0.0379672,-0.545427
2,1.75207e+09,0.0738052,-0.0381973,-0.548079
1,1.75207e+09,0.0738052,-0.0381973,-0.548079
0,1.75207e+09,-0.415686,-0.0339525,0.486993
2,1.75207e+09,0.0737445,-0.0389213,-0.552874
0,1.75207e+09,0.074922,-0.0397341,-0.557448
2,1.75207e+09,0.074922,-0.0397341,-0.557448
1,1.75207e+09,0.074922,-0.0397341,-0.557448
0,1.75207e+09,0.074922,-0.0397341,-0.557448
1,1.75207e+09,0.0765339,-0.0408732,-0.560764
2,1.75207e+09,0.0765339,-0.0408732,-0.560764
0,1.75207e+09,0.0765339,-0.0408732,-0.560764
2,1.75207e+09,-0.0486685,-0.105093,-0.251612
1,1.75207e+09,0.0759225,-0.0415764,-0.567096
0,1.75207e+09,-0.0448844,-0.107192,-0.256636
2,1.75207e+09,0.0759225,-0.0415764,-0.567096
1,1.75207e+09,-0.0436415,-0.107203,-0.258249
0,1.75207e+09,-0.687127,-0.0267637,1.10003
2,1.75207e+09,-0.750038,-0.0241373,1.20986
1,1.75207e+09,-0.0726851,-0.0986201,-0.186589
0,1.75207e+09,-0.0726851,-0.0986201,-0.186589
2,1.75207e+09,-0.0726851,-0.0986201,-0.186589
1,1.75207e+09,-0.0726851,-0.0986201,-0.186589
0,1.75207e+09,-0.0714278,-0.0995168,-0.184642
1,1.75207e+09,-0.56835,-0.0180068,0.932281
2,1.75207e+09,-0.56835,-0.0180068,0.932281
1,1.75207e+09,0.0771283,-0.0411784,-0.570701
2,1.75207e+09,0.0771283,-0.0411784,-0.570701
0,1.75207e+09,-0.122035,-0.0853739,-0.100264
1,1.75207e+09,-0.122035,-0.0853739,-0.100264
2,1.75207e+09,-0.122035,-0.0853739,-0.100264
0,1.75207e+09,-0.883784,0.0670588,1.51804
1,1.75207e+09,-0.883784,0.0670588,1.51804
2,1.75207e+09,-0.831036,0.0867686,1.43821
0,1.75207e+09,-0.831036,0.0867686,1.43821
2,1.75207e+09,0.0758368,-0.0374464,-0.551631
0,1.75207e+09,0.0758368,-0.0374464,-0.551631
1,1.75207e+09,0.0758368,-0.0374464,-0.551631
2,1.75207e+09,0.0758368,-0.0374464,-0.551631
1,1.75207e+09,-0.833112,0.11884,1.47127
1,1.75207e+09,0.0755258,-0.0363429,-0.54781
2,1.75207e+09,0.0755258,-0.0363429,-0.54781
1,1.75207e+09,-0.769132,0.112039,1.32536
1,1.75207e+09,0.0747489,-0.0361833,-0.541682
2,1.75207e+09,0.0747489,-0.0361833,-0.541682
0,1.75207e+09,-0.690831,0.122518,1.15465
1,1.75207e+09,0.0747284,-0.0360382,-0.541253
2,1.75207e+09,0.103171,-0.0393235,-0.323142
1,1.75207e+09,0.0743348,-0.0357364,-0.537421
2,1.75207e+09,0.0743348,-0.0357364,-0.537421
1,1.75207e+09,0.0743348,-0.0357364,-0.537421
2,1.75207e+09,0.0743348,-0.0357364,-0.537421
1,1.75207e+09,0.102803,-0.0391254,-0.319687
2,1.75207e+09,-0.759594,0.158448,1.29449
2,1.75207e+09,0.103221,-0.0390744,-0.320875
1,1.75207e+09,-0.759594,0.158448,1.29449
1,1.75207e+09,0.0739862,-0.035732,-0.535864
2,1.75207e+09,0.0739862,-0.035732,-0.535864
1,1.75207e+09,-0.720145,0.147977,1.21192
2,1.75207e+09,0.0738255,-0.0356056,-0.535269
2,1.75207e+09,0.0738255,-0.0356056,-0.535269
1,1.75207e+09,-0.7195,0.147163,1.21004
0,1.75207e+09,0.0739552,-0.0356695,-0.535931
2,1.75207e+09,0.0739552,-0.0356695,-0.535931
1,1.75207e+09,0.0740609,-0.0355358,-0.53581
1,1.75207e+09,0.0740609,-0.0355358,-0.53581
0,1.75207e+09,0.0740609,-0.0355358,-0.53581
2,1.75207e+09,-0.771765,0.158994,1.31565
0,1.75207e+09,-0.795433,0.166111,1.36708
2,1.75207e+09,0.074213,-0.0356587,-0.537179
1,1.75207e+09,-0.804182,0.171503,1.38527
0,1.75207e+09,-0.765404,0.146849,1.29599
0,1.75207e+09,0.0741321,-0.0358594,-0.537623
1,1.75207e+09,-0.765404,0.146849,1.29599
2,1.75207e+09,0.0741321,-0.0358594,-0.537623
0,1.75207e+09,0.0741321,-0.0358594,-0.537623
1,1.75207e+09,0.0744009,-0.0360605,-0.538237
2,1.75207e+09,0.0744741,-0.0360124,-0.5394
0,1.75207e+09,0.0744741,-0.0360124,-0.5394
1,1.75207e+09,0.0744741,-0.0360124,-0.5394
2,1.75207e+09,0.0744741,-0.0360124,-0.5394
0,1.75207e+09,0.0744741,-0.0360124,-0.5394
2,1.75207e+09,0.0746043,-0.0358878,-0.540352
1,1.75207e+09,0.0746043,-0.0358878,-0.540352
0,1.75207e+09,0.0746043,-0.0358878,-0.540352
2,1.75207e+09,0.0746043,-0.0358878,-0.540352
1,1.75207e+09,-0.753442,0.106345,1.19562
2,1.75207e+09,-0.753442,0.106345,1.19562
1,1.75207e+09,-0.868644,0.118713,1.38488
1,1.75207e+09,-0.868644,0.118713,1.38488
2,1.75207e+09,0.0741547,-0.0369152,-0.537002
1,1.75207e+09,0.0741547,-0.0369152,-0.537002
2,1.75207e+09,0.0741547,-0.0369152,-0.537002
1,1.75207e+09,0.107473,-0.0478424,-0.378761
2,1.75207e+09,0.0741547,-0.0369152,-0.537002
2,1.75207e+09,-0.701875,0.0417044,0.905598
1,1.75207e+09,-0.633,0.02617,0.795803
1,1.75207e+09,-0.543675,0.00251045,0.629731
2,1.75207e+09,-0.511001,-0.00327978,0.578404
1,1.75207e+09,-1.21726,0.0498747,1.48752
2,1.75207e+09,-1.21726,0.0498747,1.48752
1,1.75207e+09,-1.08088,0.0270844,1.29019
1,1.75207e+09,-1.08088,0.0270844,1.29019
2,1.75207e+09,-0.871531,-0.0160492,0.955512
1,1.75207e+09,-0.871531,-0.0160492,0.955512
2,1.75207e+09,-0.871531,-0.0160492,0.955512
1,1.75207e+09,0.0716128,-0.0365096,-0.527778
2,1.75207e+09,0.0716128,-0.0365096,-0.527778
1,1.75207e+09,0.0716128,-0.0365096,-0.527778
2,1.75207e+09,0.0716128,-0.0365096,-0.527778
1,1.75207e+09,0.0716128,-0.0365096,-0.527778
2,1.75207e+09,0.0710179,-0.0369282,-0.524473
1,1.75207e+09,0.0710179,-0.0369282,-0.524473
2,1.75207e+09,0.0718556,-0.0371223,-0.525922
1,1.75207e+09,0.0718556,-0.0371223,-0.525922
2,1.75207e+09,0.10516,-0.0568585,-0.428098
1,1.75207e+09,0.10516,-0.0568585,-0.428098
1,1.75207e+09,0.0732177,-0.0327207,-0.540779
2,1.75207e+09,0.0732177,-0.0327207,-0.540779
1,1.75207e+09,0.071076,-0.036809,-0.524463
2,1.75207e+09,0.071076,-0.036809,-0.524463
1,1.75207e+09,0.0711686,-0.0368208,-0.524611
2,1.75207e+09,-2.80141,0.311072,3.94296
1,1.75207e+09,0.0718635,-0.0337158,-0.534263
0,1.75207e+09,0.0718635,-0.0337158,-0.534263
2,1.75207e+09,0.0718635,-0.0337158,-0.534263
1,1.75207e+09,0.0718635,-0.0337158,-0.534263
0,1.75207e+09,0.0718635,-0.0337158,-0.534263
1,1.75207e+09,-0.417422,-0.11166,0.269131
2,1.75207e+09,0.0706717,-0.0356002,-0.521894
0,1.75207e+09,0.0706717,-0.0356002,-0.521894
1,1.75207e+09,-0.425587,-0.0396908,0.273073
2,1.75207e+09,0.0706717,-0.0356002,-0.521894
1,1.75207e+09,0.0722394,-0.0336199,-0.533914
2,1.75207e+09,-0.219701,-0.114643,-0.00887947
0,1.75207e+09,-0.219701,-0.114643,-0.00887947
1,1.75207e+09,-0.219701,-0.114643,-0.00887947
0,1.75207e+09,-0.219701,-0.114643,-0.00887947
2,1.75207e+09,-0.219701,-0.114643,-0.00887947
1,1.75207e+09,-0.530517,0.00536628,0.431237
2,1.75207e+09,-0.530517,0.00536628,0.431237
0,1.75207e+09,-0.574286,0.0245686,0.503347
1,1.75207e+09,-0.574286,0.0245686,0.503347
0,1.75207e+09,-0.544786,0.0173603,0.457615
2,1.75207e+09,-0.544786,0.0173603,0.457615
1,1.75207e+09,-0.515385,0.00956868,0.412222
2,1.75207e+09,-0.515385,0.00956868,0.412222
0,1.75207e+09,-0.510442,0.00983325,0.40531
1,1.75207e+09,-0.474612,0.0052809,0.349917
0,1.75207e+09,-0.474612,0.0052809,0.349917
2,1.75207e+09,-0.474612,0.0052809,0.349917
2,1.75207e+09,-0.498604,0.0126212,0.38132
1,1.75207e+09,-0.498604,0.0126212,0.38132
2,1.75207e+09,-0.498604,0.0126212,0.38132
1,1.75207e+09,-0.306729,-0.0286705,0.115381
1,1.75207e+09,-0.306729,-0.0286705,0.115381
2,1.75207e+09,0.22138,-0.135565,-0.65033
1,1.75207e+09,0.22138,-0.135565,-0.65033
1,1.75207e+09,0.22138,-0.135565,-0.65033
2,1.75207e+09,0.22138,-0.135565,-0.65033
0,1.75207e+09,0.219967,-0.135753,-0.648595
1,1.75207e+09,-0.120728,-0.0757637,-0.181264
2,1.75207e+09,-0.218251,-0.11518,0.0122928
1,1.75207e+09,-0.218251,-0.11518,0.0122928
2,1.75207e+09,-0.218251,-0.11518,0.0122928
0,1.75207e+09,-0.218251,-0.11518,0.0122928
1,1.75207e+09,-0.218251,-0.11518,0.0122928
2,1.75207e+09,-0.219113,-0.115067,0.0139989
0,1.75207e+09,-0.219113,-0.115067,0.0139989
1,1.75207e+09,-0.25508,-0.119725,0.0669538
0,1.75207e+09,-0.25508,-0.119725,0.0669538
2,1.75207e+09,-0.257302,-0.119478,0.0698192
1,1.75207e+09,0.0716679,-0.0334836,-0.538352
1,1.75207e+09,0.0716596,-0.0335227,-0.53828
2,1.75207e+09,-0.308669,-0.134663,0.108498
0,1.75207e+09,0.0714685,-0.0340413,-0.538196
1,1.75207e+09,0.0986623,-0.0641844,-0.456964
2,1.75207e+09,0.0724517,-0.0323634,-0.539265
2,1.75207e+09,0.0999622,-0.0671213,-0.462143
1,1.75207e+09,0.0999622,-0.0671213,-0.462143
2,1.75207e+09,-0.240507,-0.14288,-0.0170304
1,1.75207e+09,0.0725743,-0.0340653,-0.540239
1,1.75207e+09,0.0725743,-0.0340653,-0.540239
2,1.75207e+09,0.0725743,-0.0340653,-0.540239
1,1.75207e+09,0.0725743,-0.0340653,-0.540239
2,1.75207e+09,0.0711479,-0.0360141,-0.538485
1,1.75207e+09,0.0711479,-0.0360141,-0.538485
1,1.75207e+09,0.0711479,-0.0360141,-0.538485
2,1.75207e+09,0.0722625,-0.0361882,-0.540428
1,1.75207e+09,0.0722625,-0.0361882,-0.540428
2,1.75207e+09,0.072026,-0.0363663,-0.540073
1,1.75207e+09,0.072026,-0.0363663,-0.540073
1,1.75207e+09,0.102575,-0.0721373,-0.478298
2,1.75207e+09,0.102575,-0.0721373,-0.478298
1,1.75207e+09,0.0653948,-0.0354666,-0.528473
2,1.75207e+09,0.0994698,-0.07121,-0.470909
1,1.75207e+09,-0.246903,-0.149696,-0.00683748
2,1.75207e+09,-0.246903,-0.149696,-0.00683748
1,1.75207e+09,0.0993643,-0.0709313,-0.470514
2,1.75207e+09,-0.320306,-0.15194,0.11285
1,1.75207e+09,-0.320306,-0.15194,0.11285
2,1.75207e+09,-0.320362,-0.148272,0.115774
1,1.75207e+09,-0.320362,-0.148272,0.115774
2,1.75207e+09,-0.32651,-0.147564,0.126281
1,1.75207e+09,-0.32651,-0.147564,0.126281
2,1.75207e+09,-0.375477,-0.145488,0.218705
1,1.75207e+09,-0.375477,-0.145488,0.218705
2,1.75207e+09,0.0704698,-0.0377299,-0.525065
1,1.75207e+09,0.0704698,-0.0377299,-0.525065
2,1.75207e+09,-2.68782,0.226671,3.66279
1,1.75207e+09,-2.68782,0.226671,3.66279
0,1.75207e+09,0.0724499,-0.0327616,-0.539445
2,1.75207e+09,0.0724499,-0.0327616,-0.539445
1,1.75207e+09,0.0724499,-0.0327616,-0.539445
0,1.75207e+09,0.0724531,-0.0327483,-0.539471
1,1.75207e+09,0.0724531,-0.0327483,-0.539471
2,1.75207e+09,0.0719334,-0.0321564,-0.538215
1,1.75207e+09,0.0724531,-0.0327483,-0.539471
1,1.75207e+09,0.0719334,-0.0321564,-0.538215
2,1.75207e+09,0.0719336,-0.0321187,-0.538344
1,1.75207e+09,-0.171892,-0.114284,-0.113337
2,1.75207e+09,0.0715293,-0.0316431,-0.537201
1,1.75207e+09,0.0715293,-0.0316431,-0.537201
0,1.75207e+09,0.0715418,-0.0316285,-0.537182
0,1.75207e+09,-0.163374,-0.11101,-0.125679
2,1.75207e+09,-0.163374,-0.11101,-0.125679
1,1.75207e+09,-0.163374,-0.11101,-0.125679
0,1.75207e+09,-0.163374,-0.11101,-0.125679
1,1.75207e+09,0.221666,-0.137417,-0.649393
2,1.75207e+09,0.221666,-0.137417,-0.649393
0,1.75207e+09,0.13742,-0.126796,-0.530928
1,1.75207e+09,0.13742,-0.126796,-0.530928
0,1.75207e+09,-0.15054,-0.108252,-0.143273
1,1.75207e+09,-0.15054,-0.108252,-0.143273
2,1.75207e+09,-0.151746,-0.108258,-0.141617
0,1.75207e+09,-0.151746,-0.108258,-0.141617
1,1.75207e+09,-0.171772,-0.108237,-0.0977754
0,1.75207e+09,-0.170859,-0.108344,-0.0987518
2,1.75207e+09,-0.170859,-0.108344,-0.0987518
1,1.75207e+09,-0.18004,-0.109917,-0.0841557
2,1.75207e+09,-0.18004,-0.109917,-0.0841557
1,1.75207e+09,-0.181146,-0.109714,-0.0827691
2,1.75207e+09,-0.220971,-0.117168,-0.0202955
1,1.75207e+09,-0.220971,-0.117168,-0.0202955
2,1.75207e+09,-0.288511,-0.124618,0.108615
2,1.75207e+09,-0.288511,-0.124618,0.108615
1,1.75207e+09,-0.288511,-0.124618,0.108615
1,1.75207e+09,-0.288511,-0.124618,0.108615
2,1.75207e+09,-0.288511,-0.124618,0.108615
1,1.75207e+09,-0.333276,-0.131192,0.174065
2,1.75207e+09,-0.333276,-0.131192,0.174065
1,1.75207e+09,-0.326934,-0.131792,0.165231
2,1.75207e+09,-0.326934,-0.131792,0.165231
1,1.75207e+09,-0.356117,-0.136906,0.209458
2,1.75207e+09,-0.357665,-0.136643,0.212031
1,1.75207e+09,-0.410725,-0.145617,0.295561
2,1.75207e+09,-0.40816,-0.145862,0.291746
1,1.75207e+09,0.072371,-0.034293,-0.540133
2,1.75207e+09,0.072371,-0.034293,-0.540133
1,1.75207e+09,0.0726268,-0.0338056,-0.540282
2,1.75207e+09,0.0726268,-0.0338056,-0.540282
1,1.75207e+09,0.0726268,-0.0338056,-0.540282
2,1.75207e+09,0.0726268,-0.0338056,-0.540282
1,1.75207e+09,-0.688673,-0.118282,0.717442
2,1.75207e+09,-0.688673,-0.118282,0.717442
2,1.75207e+09,-0.688673,-0.118282,0.717442
1,1.75207e+09,-0.688673,-0.118282,0.717442
2,1.75207e+09,-0.688673,-0.118282,0.717442
1,1.75207e+09,44.5172,-4.80763,-66.741
2,1.75207e+09,44.5172,-4.80763,-66.741
1,1.75207e+09,-3.69226,0.311853,5.18205
1,1.75207e+09,0.0707818,-0.0379029,-0.526341
2,1.75207e+09,0.107281,-0.0613011,-0.438993
1,1.75207e+09,0.0716612,-0.0355209,-0.535333
2,1.75207e+09,0.0716999,-0.034647,-0.534716
1,1.75207e+09,0.0716999,-0.034647,-0.534716
1,1.75207e+09,0.106644,-0.0585963,-0.430696
2,1.75207e+09,0.0724772,-0.0329482,-0.539674
1,1.75207e+09,0.106644,-0.0585963,-0.430696
2,1.75207e+09,0.0729326,-0.0329543,-0.540474
2,1.75207e+09,0.0729326,-0.0329543,-0.540474
1,1.75207e+09,0.107658,-0.0586931,-0.427983
2,1.75207e+09,0.0703145,-0.0368154,-0.522352
2,1.75207e+09,0.107658,-0.0586931,-0.427983
1,1.75207e+09,0.0701089,-0.036473,-0.521592
0,1.75207e+09,0.0701089,-0.036473,-0.521592
2,1.75207e+09,0.0702526,-0.0363826,-0.522835
1,1.75207e+09,-0.632522,-0.0122368,0.588327
1,1.75207e+09,-0.632522,-0.0122368,0.588327
2,1.75207e+09,-0.632128,-0.0129249,0.587845
1,1.75207e+09,-0.241865,-0.118058,0.0219642
2,1.75207e+09,-0.223157,-0.115273,-0.00958976
1,1.75207e+09,-0.186399,-0.109115,-0.0640307
2,1.75207e+09,-0.223157,-0.115273,-0.00958976
1,1.75207e+09,-0.186399,-0.109115,-0.0640307
2,1.75207e+09,-0.186399,-0.109115,-0.0640307
1,1.75207e+09,-0.330509,-0.0234235,0.154121
2,1.75207e+09,-0.330509,-0.0234235,0.154121
0,1.75207e+09,-0.330509,-0.0234235,0.154121
2,1.75207e+09,-0.420059,-0.00931614,0.264689
1,1.75207e+09,-0.420059,-0.00931614,0.264689
2,1.75207e+09,-0.314265,-0.0286713,0.126058
1,1.75207e+09,-0.314265,-0.0286713,0.126058
2,1.75207e+09,-0.3194,-0.0263618,0.133625
1,1.75207e+09,-0.3194,-0.0263618,0.133625
2,1.75207e+09,-0.305268,-0.027688,0.113942
2,1.75207e+09,-0.351606,-0.00782726,0.182106
0,1.75207e+09,-0.351606,-0.00782726,0.182106
1,1.75207e+09,-0.351606,-0.00782726,0.182106
2,1.75207e+09,-0.351606,-0.00782726,0.182106
1,1.75207e+09,-0.359812,-0.00636621,0.193018
2,1.75207e+09,-0.359812,-0.00636621,0.193018
1,1.75207e+09,-0.118938,-0.066803,-0.187043
2,1.75207e+09,-0.118938,-0.066803,-0.187043
1,1.75207e+09,-0.148187,-0.0583628,-0.152506
2,1.75207e+09,-0.132981,-0.0644943,-0.172276
0,1.75207e+09,-0.132981,-0.0644943,-0.172276
1,1.75207e+09,-0.142411,-0.105889,-0.155446
1,1.75207e+09,-0.142411,-0.105889,-0.155446
2,1.75207e+09,-0.373664,-0.00679399,0.193486
1,1.75207e+09,-0.373664,-0.00679399,0.193486
2,1.75207e+09,-0.156576,-0.108822,-0.133607
1,1.75207e+09,-0.156576,-0.108822,-0.133607
2,1.75207e+09,-0.174759,-0.113322,-0.107412
1,1.75207e+09,-0.174759,-0.113322,-0.107412
2,1.75207e+09,-0.159124,-0.109088,-0.1295
1,1.75207e+09,-0.186224,-0.108658,-0.0582555
2,1.75207e+09,-0.186224,-0.108658,-0.0582555
1,1.75207e+09,-0.186224,-0.108658,-0.0582555
2,1.75207e+09,-0.186224,-0.108658,-0.0582555
1,1.75207e+09,-0.204797,-0.113121,-0.043751
2,1.75207e+09,-0.201901,-0.113549,-0.0473217
1,1.75207e+09,-0.220261,-0.115192,0.0089245
1,1.75207e+09,0.104551,-0.0537753,-0.418989
2,1.75207e+09,0.104551,-0.0537753,-0.418989
2,1.75207e+09,-0.388068,-0.140919,0.267848
1,1.75207e+09,-0.388068,-0.140919,0.267848
2,1.75207e+09,1.75806,-0.354805,-2.93685
1,1.75207e+09,-8.80124,1.2929,12.7395
2,1.75207e+09,-8.80124,1.2929,12.7395
1,1.75207e+09,-0.316893,-0.127609,0.15723
2,1.75207e+09,-0.335508,-0.131716,0.182803
1,1.75207e+09,-0.335508,-0.131716,0.182803
2,1.75207e+09,-0.335508,-0.131716,0.182803
1,1.75207e+09,0.0719243,-0.0338365,-0.539014
2,1.75207e+09,0.0719243,-0.0338365,-0.539014
1,1.75207e+09,0.0719243,-0.0338365,-0.539014
2,1.75207e+09,0.0719243,-0.0338365,-0.539014
2,1.75207e+09,-0.381821,-0.139309,0.254544
1,1.75207e+09,-0.398286,-0.141555,0.282801
1,1.75207e+09,-7.18938,0.720485,10.4086
2,1.75207e+09,108.028,-12.4483,-161.652
1,1.75207e+09,108.028,-12.4483,-161.652
2,1.75207e+09,0.0721768,-0.0338985,-0.539479
1,1.75207e+09,0.0721768,-0.0338985,-0.539479
2,1.75207e+09,0.0721698,-0.033888,-0.53955
1,1.75207e+09,0.0721698,-0.033888,-0.53955
1,1.75207e+09,22.2786,-3.54527,-33.145
2,1.75207e+09,22.2786,-3.54527,-33.145
1,1.75207e+09,22.2786,-3.54527,-33.145
2,1.75207e+09,22.2786,-3.54527,-33.145
1,1.75207e+09,22.2786,-3.54527,-33.145
2,1.75207e+09,22.2786,-3.54527,-33.145
1,1.75207e+09,0.0705115,-0.0367822,-0.523896
2,1.75207e+09,0.0705115,-0.0367822,-0.523896
1,1.75207e+09,0.0705115,-0.0367822,-0.523896
1,1.75207e+09,-0.490172,-0.0375959,0.37374
2,1.75207e+09,-0.488567,-0.0368814,0.370942
1,1.75207e+09,-0.361898,-0.0511679,0.183725
2,1.75207e+09,-0.361898,-0.0511679,0.183725
1,1.75207e+09,-0.210526,-0.113235,-0.0272747
2,1.75207e+09,-0.210526,-0.113235,-0.0272747
1,1.75207e+09,-0.210526,-0.113235,-0.0272747
1,1.75207e+09,-0.410763,-0.0195772,0.251165
2,1.75207e+09,-0.410763,-0.0195772,0.251165
1,1.75207e+09,-0.375301,-0.0145063,0.195331
2,1.75207e+09,-0.375301,-0.0145063,0.195331
1,1.75207e+09,-0.375301,-0.0145063,0.195331
2,1.75207e+09,-0.375301,-0.0145063,0.195331
1,1.75207e+09,-0.121177,-0.0708816,-0.183495
2,1.75207e+09,-0.121177,-0.0708816,-0.183495
1,1.75207e+09,-0.121022,-0.0685538,-0.184203
1,1.75207e+09,-0.121022,-0.0685538,-0.184203
2,1.75207e+09,-0.0971216,-0.0952667,-0.196888
1,1.75207e+09,-0.0971216,-0.0952667,-0.196888
2,1.75207e+09,-0.0971216,-0.0952667,-0.196888
1,1.75207e+09,-0.0971216,-0.0952667,-0.196888
1,1.75207e+09,-0.0956358,-0.0954461,-0.197537
2,1.75207e+09,-0.0956358,-0.0954461,-0.197537
1,1.75207e+09,-0.0984492,-0.0957587,-0.194526
2,1.75207e+09,-0.0995665,-0.0959203,-0.192955
1,1.75207e+09,-0.0995665,-0.0959203,-0.192955
2,1.75207e+09,-0.100187,-0.0957478,-0.192082
1,1.75207e+09,-0.10046,-0.0957471,-0.192215
1,1.75207e+09,-0.149413,-0.103737,-0.120334
2,1.75207e+09,-0.149413,-0.103737,-0.120334
2,1.75207e+09,-0.149413,-0.103737,-0.120334
1,1.75207e+09,-0.1003,-0.0960009,-0.192249
2,1.75207e+09,-0.101233,-0.0957417,-0.190938
1,1.75207e+09,-0.101233,-0.0957417,-0.190938
1,1.75207e+09,-0.102208,-0.0961607,-0.189395
2,1.75207e+09,-0.102208,-0.0961607,-0.189395
1,1.75207e+09,-0.101802,-0.0960783,-0.190278
2,1.75207e+09,-0.101802,-0.0960783,-0.190278
1,1.75207e+09,-0.0972055,-0.095266,-0.196926
2,1.75207e+09,-0.0972055,-0.095266,-0.196926
1,1.75207e+09,-0.0972055,-0.095266,-0.196926
2,1.75207e+09,-0.0961515,-0.0953581,-0.197135
1,1.75207e+09,-0.0961515,-0.0953581,-0.197135
2,1.75207e+09,-0.096547,-0.0960527,-0.219334
2,1.75207e+09,-0.096547,-0.0960527,-0.219334
1,1.75207e+09,-0.186877,-0.0372982,-0.102663
2,1.75207e+09,-0.322747,0.00377971,0.107749
1,1.75207e+09,-0.10152,-0.0959973,-0.191239
2,1.75207e+09,-0.10152,-0.0959973,-0.191239
1,1.75207e+09,-0.10152,-0.0959973,-0.191239
2,1.75207e+09,-0.100736,-0.0959146,-0.191859
2,1.75207e+09,-0.100736,-0.0959146,-0.191859
1,1.75207e+09,-0.101091,-0.0958283,-0.191473
2,1.75207e+09,-0.101158,-0.0959963,-0.190993
1,1.75207e+09,-0.101158,-0.0959963,-0.190993
2,1.75207e+09,-0.102021,-0.0961609,-0.1893
1,1.75207e+09,-0.102021,-0.0961609,-0.1893
2,1.75207e+09,-0.101495,-0.0959934,-0.18954
1,1.75207e+09,-0.101495,-0.0959934,-0.18954
2,1.75207e+09,-0.102197,-0.0959916,-0.189894
1,1.75207e+09,-0.102197,-0.0959916,-0.189894
2,1.75207e+09,-0.102197,-0.0959916,-0.189894
1,1.75207e+09,-0.0970019,-0.0959493,-0.218253
2,1.75207e+09,-0.0970019,-0.0959493,-0.218253
1,1.75207e+09,-0.0970019,-0.0959493,-0.218253
2,1.75207e+09,-0.0970019,-0.0959493,-0.218253
1,1.75207e+09,-0.0964896,-0.0961073,-0.219092
2,1.75207e+09,-0.0964896,-0.0961073,-0.219092
1,1.75207e+09,-0.0964896,-0.0961073,-0.219092
2,1.75207e+09,-0.0996626,-0.0968719,-0.215912
1,1.75207e+09,-0.0996626,-0.0968719,-0.215912
2,1.75207e+09,-0.0996626,-0.0968719,-0.215912
1,1.75207e+09,-0.0996626,-0.0968719,-0.215912
2,1.75207e+09,-0.101146,-0.0965854,-0.213921
1,1.75207e+09,-0.101146,-0.0965854,-0.213921
2,1.75207e+09,-0.0985287,-0.0958367,-0.21649
1,1.75207e+09,-0.0985287,-0.0958367,-0.21649
2,1.75207e+09,-0.0983103,-0.0959117,-0.21678
1,1.75207e+09,-0.0966126,-0.0961441,-0.218781
2,1.75207e+09,-0.0966126,-0.0961441,-0.218781
1,1.75207e+09,-0.0966126,-0.0961441,-0.218781
2,1.75207e+09,-0.0966126,-0.0961441,-0.218781
1,1.75207e+09,-0.0966126,-0.0961441,-0.218781
2,1.75207e+09,-0.0962088,-0.0960608,-0.219345
1,1.75207e+09,-0.100471,-0.0966823,-0.214199
2,1.75207e+09,-0.100471,-0.0966823,-0.214199
1,1.75207e+09,-0.100564,-0.0966721,-0.213915
2,1.75207e+09,-0.100564,-0.0966721,-0.213915
2,1.75207e+09,-0.100564,-0.0966721,-0.213915
1,1.75207e+09,-0.100564,-0.0966721,-0.213915
2,1.75207e+09,-0.100564,-0.0966721,-0.213915
1,1.75207e+09,-0.100564,-0.0966721,-0.213915
2,1.75207e+09,-0.102518,-0.096183,-0.19192
1,1.75207e+09,-0.102518,-0.096183,-0.19192
2,1.75207e+09,-0.0997784,-0.0970102,-0.214807
2,1.75207e+09,-0.0997784,-0.0970102,-0.214807
1,1.75207e+09,-0.0997784,-0.0970102,-0.214807
2,1.75207e+09,-0.0997784,-0.0970102,-0.214807
1,1.75207e+09,-0.0964961,-0.0961945,-0.218365
2,1.75207e+09,-0.0964961,-0.0961945,-0.218365
1,1.75207e+09,-0.0992244,-0.0969307,-0.215476
2,1.75207e+09,-0.100471,-0.0966823,-0.214199
1,1.75207e+09,-0.100471,-0.0966823,-0.214199
2,1.75207e+09,-0.100471,-0.0966823,-0.214199
1,1.75207e+09,-0.100253,-0.096757,-0.214488
2,1.75207e+09,-0.0971797,-0.096208,-0.217681
1,1.75207e+09,-0.0971797,-0.096208,-0.217681
2,1.75207e+09,-0.0991562,-0.0964376,-0.216186
1,1.75207e+09,-0.0991562,-0.0964376,-0.216186
2,1.75207e+09,-0.0980712,-0.0966785,-0.217344
1,1.75207e+09,-0.0980712,-0.0966785,-0.217344
2,1.75207e+09,-0.0987836,-0.0968586,-0.216504
1,1.75207e+09,-0.0998755,-0.0966174,-0.215338
2,1.75207e+09,-0.102737,-0.0958302,-0.190973
1,1.75207e+09,-0.102737,-0.0958302,-0.190973
1,1.75207e+09,-0.0996593,-0.0966917,-0.215624
2,1.75207e+09,-0.0996593,-0.0966917,-0.215624
0,1.75207e+09,-0.0991556,-0.0968869,-0.216049
1,1.75207e+09,-0.0991556,-0.0968869,-0.216049
2,1.75207e+09,-0.0989426,-0.0969606,-0.216331
1,1.75207e+09,-0.0989426,-0.0969606,-0.216331
1,1.75207e+09,-0.0990374,-0.0969506,-0.216045
2,1.75207e+09,-0.0991868,-0.0969443,-0.215941
1,1.75207e+09,-0.097981,-0.0966885,-0.217623
2,1.75207e+09,-0.097981,-0.0966885,-0.217623
1,1.75207e+09,-0.0974173,-0.0961787,-0.216886
2,1.75207e+09,-0.0974173,-0.0961787,-0.216886
0,1.75207e+09,-0.0970597,-0.0962591,-0.217268
1,1.75207e+09,-0.0970597,-0.0962591,-0.217268
2,1.75207e+09,-0.0982341,-0.0967796,-0.217167
1,1.75207e+09,-0.0983816,-0.0967733,-0.217064
0,1.75207e+09,-0.0981415,-0.0967896,-0.217449
1,1.75207e+09,-0.0981415,-0.0967896,-0.217449
2,1.75207e+09,-0.179718,-0.117091,-0.104034
1,1.75207e+09,-0.179718,-0.117091,-0.104034
2,1.75207e+09,-0.179718,-0.117091,-0.104034
2,1.75207e+09,-0.177604,-0.117262,-0.106327
1,1.75207e+09,-0.176176,-0.116811,-0.108344
2,1.75207e+09,-0.176881,-0.115929,-0.107874
1,1.75207e+09,-0.176881,-0.115929,-0.107874
2,1.75207e+09,-0.176881,-0.115929,-0.107874
1,1.75207e+09,-0.176881,-0.115929,-0.107874
2,1.75207e+09,-0.167587,-0.106886,-0.100488
2,1.75207e+09,-0.167587,-0.106886,-0.100488
1,1.75207e+09,-0.167587,-0.106886,-0.100488
2,1.75207e+09,-0.167587,-0.106886,-0.100488
1,1.75207e+09,-0.167587,-0.106886,-0.100488
1,1.75207e+09,-0.167996,-0.106787,-0.0999185
2,1.75207e+09,-0.167996,-0.106787,-0.0999185
2,1.75207e+09,-0.200684,-0.111043,-0.0245
1,1.75207e+09,-0.195805,-0.110792,-0.0277817
1,1.75207e+09,-0.195805,-0.110792,-0.0277817
2,1.75207e+09,-0.195069,-0.110908,-0.0286849
1,1.75207e+09,-0.211328,-0.112594,-0.0123874
0,1.75207e+09,-0.211699,-0.112483,-0.0114639
1,1.75207e+09,-0.227242,-0.115323,0.0139067
2,1.75207e+09,-0.180766,-0.115415,-0.0982674
1,1.75207e+09,-0.180766,-0.115415,-0.0982674
2,1.75207e+09,-0.180988,-0.115593,-0.0982368
1,1.75207e+09,-0.234642,-0.116854,0.0249335
1,1.75207e+09,-0.262875,-0.121184,0.0701662
2,1.75207e+09,-0.262875,-0.121184,0.0701662
1,1.75207e+09,0.0711386,-0.0326632,-0.537106
0,1.75207e+09,0.0711386,-0.0326632,-0.537106
2,1.75207e+09,0.0711386,-0.0326632,-0.537106
1,1.75207e+09,0.106879,-0.0617344,-0.436874
0,1.75207e+09,-1.993,0.184167,2.58493
2,1.75207e+09,-1.993,0.184167,2.58493
1,1.75207e+09,-1.993,0.184167,2.58493
0,1.75207e+09,-1.993,0.184167,2.58493
2,1.75207e+09,-1.993,0.184167,2.58493
1,1.75207e+09,-1.1837,0.0556854,1.40566
1,1.75207e+09,-1.20356,0.057616,1.43447
2,1.75207e+09,-0.317581,-0.130262,0.145788
1,1.75207e+09,0.072072,-0.0330481,-0.538926
2,1.75207e+09,0.072072,-0.0330481,-0.538926
1,1.75207e+09,0.072072,-0.0330481,-0.538926
2,1.75207e+09,-0.323375,-0.13021,0.159425
1,1.75207e+09,0.0723352,-0.033267,-0.539497
2,1.75207e+09,0.0723352,-0.033267,-0.539497
1,1.75207e+09,-0.325071,-0.130366,0.160782
2,1.75207e+09,-0.325071,-0.130366,0.160782
1,1.75207e+09,-0.320131,-0.130049,0.153883
2,1.75207e+09,-0.320131,-0.130049,0.153883
1,1.75207e+09,-0.320131,-0.130049,0.153883
1,1.75207e+09,-0.320131,-0.130049,0.153883
2,1.75207e+09,-0.320654,-0.129781,0.15509
1,1.75207e+09,-0.320654,-0.129781,0.15509
0,1.75207e+09,-0.320654,-0.129781,0.15509
1,1.75207e+09,-0.329527,-0.131698,0.166733
2,1.75207e+09,-0.329527,-0.131698,0.166733
0,1.75207e+09,-0.329527,-0.131698,0.166733
1,1.75207e+09,-0.329527,-0.131698,0.166733
2,1.75207e+09,-0.316053,-0.128372,0.157363
0,1.75207e+09,-0.316053,-0.128372,0.157363
1,1.75207e+09,-0.316053,-0.128372,0.157363
2,1.75207e+09,-0.316053,-0.128372,0.157363
1,1.75207e+09,-0.354909,-0.135653,0.207056
0,1.75207e+09,-0.354909,-0.135653,0.207056
0,1.75207e+09,0.0717919,-0.0332214,-0.538641
1,1.75207e+09,0.0717919,-0.0332214,-0.538641
2,1.75207e+09,0.0717919,-0.0332214,-0.538641
1,1.75207e+09,0.0717919,-0.0332214,-0.538641
0,1.75207e+09,0.106108,-0.0606635,-0.437791
1,1.75207e+09,-0.356093,-0.136889,0.20949
2,1.75207e+09,-0.346217,-0.135002,0.199761
0,1.75207e+09,-0.346217,-0.135002,0.199761
1,1.75207e+09,-0.348632,-0.135185,0.205295
2,1.75207e+09,-0.348632,-0.135185,0.205295
1,1.75207e+09,-0.348632,-0.135185,0.205295
2,1.75207e+09,0.0730352,-0.033078,-0.540885
1,1.75207e+09,0.0730352,-0.033078,-0.540885
0,1.75207e+09,0.0730352,-0.033078,-0.540885
1,1.75207e+09,-0.359413,-0.137198,0.221087
2,1.75207e+09,0.0712449,-0.0367071,-0.528017
1,1.75207e+09,0.0712449,-0.0367071,-0.528017
0,1.75207e+09,0.0716077,-0.0367103,-0.528574
0,1.75207e+09,0.0716077,-0.0367103,-0.528574
2,1.75207e+09,0.0713726,-0.036941,-0.526893
1,1.75207e+09,-3.23015,0.256274,4.58516
0,1.75207e+09,-2.22394,0.119158,3.06011
2,1.75207e+09,-2.22394,0.119158,3.06011
0,1.75207e+09,-1.98672,0.105181,2.70156
2,1.75207e+09,-1.98672,0.105181,2.70156
1,1.75207e+09,-2.12849,0.048553,2.91831
0,1.75207e+09,-2.12849,0.048553,2.91831
1,1.75207e+09,-2.12849,0.048553,2.91831
2,1.75207e+09,-2.12849,0.048553,2.91831
1,1.75207e+09,-2.12849,0.048553,2.91831
0,1.75207e+09,-1.20922,-0.0226269,1.47542
1,1.75207e+09,-1.20922,-0.0226269,1.47542
0,1.75207e+09,-0.995677,-0.0474281,1.16419
2,1.75207e+09,-0.995677,-0.0474281,1.16419
2,1.75207e+09,-1.08917,-0.0384653,1.31913
1,1.75207e+09,-1.08917,-0.0384653,1.31913
0,1.75207e+09,0.0745448,-0.0371623,-0.533815
1,1.75207e+09,0.0745448,-0.0371623,-0.533815
2,1.75207e+09,0.107813,-0.0616704,-0.436915
0,1.75207e+09,0.0751583,-0.0372362,-0.535643
1,1.75207e+09,0.108165,-0.0619074,-0.43793
2,1.75207e+09,0.108165,-0.0619074,-0.43793
0,1.75207e+09,0.0740246,-0.0379145,-0.542989
2,1.75207e+09,0.0740246,-0.0379145,-0.542989
0,1.75207e+09,0.0740246,-0.0379145,-0.542989
1,1.75207e+09,-0.554801,-0.0680644,0.585091
1,1.75207e+09,0.0753717,-0.0372235,-0.535654
2,1.75207e+09,0.0753717,-0.0372235,-0.535654
1,1.75207e+09,0.0759045,-0.0373829,-0.536046
2,1.75207e+09,0.0759045,-0.0373829,-0.536046
1,1.75207e+09,-2.6721,0.129895,3.75876
2,1.75207e+09,0.0759045,-0.0373829,-0.536046
1,1.75207e+09,0.0759045,-0.0373829,-0.536046
2,1.75207e+09,0.0754127,-0.0384235,-0.544985
1,1.75207e+09,0.0754127,-0.0384235,-0.544985
2,1.75207e+09,0.109146,-0.0598955,-0.429849
0,1.75207e+09,0.109146,-0.0598955,-0.429849
1,1.75207e+09,-0.781597,-0.0299516,0.982442
2,1.75207e+09,0.0759729,-0.0385649,-0.546016
0,1.75207e+09,0.0759729,-0.0385649,-0.546016
1,1.75207e+09,0.0759729,-0.0385649,-0.546016
2,1.75207e+09,0.0759729,-0.0385649,-0.546016
0,1.75207e+09,0.0763103,-0.0381892,-0.542745
2,1.75207e+09,0.0763103,-0.0381892,-0.542745
1,1.75207e+09,0.109956,-0.057836,-0.421703
2,1.75207e+09,0.0760722,-0.0381154,-0.542265
0,1.75207e+09,0.109956,-0.057836,-0.421703
2,1.75207e+09,0.0762025,-0.0379725,-0.540954
1,1.75207e+09,-1.55786,0.0679686,2.20171
2,1.75207e+09,-1.55786,0.0679686,2.20171
1,1.75207e+09,0.0765659,-0.0380982,-0.541218
2,1.75207e+09,0.0765659,-0.0380982,-0.541218
1,1.75207e+09,0.0765659,-0.0380982,-0.541218
2,1.75207e+09,-1.7027,0.0833028,2.42625
1,1.75207e+09,0.109882,-0.0574574,-0.420896
2,1.75207e+09,0.109882,-0.0574574,-0.420896
1,1.75207e+09,0.0764417,-0.0382197,-0.542523
2,1.75207e+09,0.0764417,-0.0382197,-0.542523
1,1.75207e+09,0.0764417,-0.0382197,-0.542523
2,1.75207e+09,0.0753208,-0.038521,-0.545942
0,1.75207e+09,0.0753208,-0.038521,-0.545942
1,1.75207e+09,0.108468,-0.0588781,-0.427911
2,1.75207e+09,0.0762955,-0.0374861,-0.536109
0,1.75207e+09,0.0762955,-0.0374861,-0.536109
1,1.75207e+09,0.0752599,-0.0382474,-0.541927
2,1.75207e+09,0.109097,-0.0606603,-0.43253
0,1.75207e+09,0.0752599,-0.0382474,-0.541927
1,1.75207e+09,0.109137,-0.0606648,-0.432624
2,1.75207e+09,0.10905,-0.0619276,-0.436872
0,1.75207e+09,0.0755194,-0.0374059,-0.535141
2,1.75207e+09,0.108557,-0.0632085,-0.441588
1,1.75207e+09,0.108557,-0.0632085,-0.441588
0,1.75207e+09,-2.70999,0.097259,3.77277
2,1.75207e+09,0.0754213,-0.0371316,-0.536297
0,1.75207e+09,-3.80421,0.250048,5.68737
1,1.75207e+09,-3.80421,0.250048,5.68737
0,1.75207e+09,-4.70163,0.335175,6.90056
2,1.75207e+09,-4.70163,0.335175,6.90056
1,1.75207e+09,-3.13007,0.215448,4.4989
0,1.75207e+09,-3.13007,0.215448,4.4989
2,1.75207e+09,-1.43022,0.0424759,1.82706
1,1.75207e+09,-1.43022,0.0424759,1.82706
0,1.75207e+09,-0.569198,-0.0996868,0.538169
2,1.75207e+09,-0.569198,-0.0996868,0.538169
0,1.75207e+09,0.0711847,-0.0349858,-0.534129
1,1.75207e+09,0.0711847,-0.0349858,-0.534129
2,1.75207e+09,0.0708932,-0.0333953,-0.537066
0,1.75207e+09,0.0708932,-0.0333953,-0.537066
1,1.75207e+09,0.0708932,-0.0333953,-0.537066
2,1.75207e+09,-0.341706,-0.136429,0.171884
0,1.75207e+09,0.0713176,-0.033516,-0.537869
1,1.75207e+09,-0.262997,-0.131562,0.0294737
2,1.75207e+09,0.0713176,-0.033516,-0.537869
2,1.75207e+09,0.0707907,-0.0334681,-0.536866
0,1.75207e+09,0.0707907,-0.0334681,-0.536866
1,1.75207e+09,-0.206629,-0.12773,-0.0672224
0,1.75207e+09,-0.206629,-0.12773,-0.0672224
2,1.75207e+09,-0.284381,-0.131472,0.0697424
1,1.75207e+09,-0.284381,-0.131472,0.0697424
0,1.75207e+09,-0.279777,-0.131277,0.0612402
1,1.75207e+09,-0.275279,-0.130235,0.0544988
2,1.75207e+09,-0.275279,-0.130235,0.0544988
0,1.75207e+09,-0.274628,-0.13022,0.0537877
1,1.75207e+09,-0.271104,-0.1307,0.046218
2,1.75207e+09,-0.271104,-0.1307,0.046218
0,1.75207e+09,-0.270506,-0.130395,0.0451723
1,1.75207e+09,-0.28586,-0.131985,0.0716808
2,1.75207e+09,-0.28586,-0.131985,0.0716808
0,1.75207e+09,0.0699407,-0.0319887,-0.534455
2,1.75207e+09,0.069931,-0.0319905,-0.534499
1,1.75207e+09,-0.211919,-0.127288,-0.0575765
0,1.75207e+09,-0.211919,-0.127288,-0.0575765
1,1.75207e+09,0.0978018,-0.0624825,-0.452099
0,1.75207e+09,0.0685806,-0.0324534,-0.532494
2,1.75207e+09,0.0685806,-0.0324534,-0.532494
1,1.75207e+09,-0.217601,-0.129272,-0.0486996
0,1.75207e+09,0.0685806,-0.0324534,-0.532494
2,1.75207e+09,0.0685778,-0.0322739,-0.532285
0,1.75207e+09,0.0685778,-0.0322739,-0.532285
1,1.75207e+09,-0.233586,-0.133203,-0.0243662
2,1.75207e+09,0.0698505,-0.0321535,-0.534464
0,1.75207e+09,0.0698505,-0.0321535,-0.534464
2,1.75207e+09,-0.266846,-0.13222,0.0356805
1,1.75207e+09,0.0698505,-0.0321535,-0.534464
0,1.75207e+09,0.0698249,-0.0332355,-0.535039
2,1.75207e+09,0.0698249,-0.0332355,-0.535039
1,1.75207e+09,-0.231785,-0.133355,-0.0277144
1,1.75207e+09,0.0699516,-0.0332959,-0.535294
2,1.75207e+09,0.0701565,-0.0333693,-0.535769
0,1.75207e+09,0.069958,-0.0333593,-0.53533
2,1.75207e+09,0.069958,-0.0333593,-0.53533
0,1.75207e+09,0.069958,-0.0333593,-0.53533
2,1.75207e+09,0.069958,-0.0333593,-0.53533
2,1.75207e+09,0.069958,-0.0333593,-0.53533
1,1.75207e+09,-0.222366,-0.132087,-0.0431902
2,1.75207e+09,0.0697918,-0.0333676,-0.535044
1,1.75207e+09,0.0697918,-0.0333676,-0.535044
2,1.75207e+09,0.0697918,-0.0333676,-0.535044
1,1.75207e+09,0.100397,-0.0632096,-0.452796
2,1.75207e+09,0.100339,-0.0636095,-0.453758
1,1.75207e+09,-0.26146,-0.134157,0.023513
2,1.75207e+09,-0.254313,-0.131864,0.0134265
1,1.75207e+09,0.0699104,-0.0335139,-0.535354
2,1.75207e+09,0.065315,-0.0331147,-0.527048
1,1.75207e+09,0.065315,-0.0331147,-0.527048
2,1.75207e+09,0.0652937,-0.0331189,-0.527121
1,1.75207e+09,0.0653796,-0.0329669,-0.527282
2,1.75207e+09,0.0653796,-0.0329669,-0.527282
1,1.75207e+09,0.0653796,-0.0329669,-0.527282
1,1.75207e+09,-0.256131,-0.134309,0.0159145
2,1.75207e+09,-0.256131,-0.134309,0.0159145
1,1.75207e+09,0.0653796,-0.0329669,-0.527282
2,1.75207e+09,-0.256131,-0.134309,0.0159145
1,1.75207e+09,0.0686101,-0.0331508,-0.533082
2,1.75207e+09,0.0686101,-0.0331508,-0.533082
1,1.75207e+09,0.0686101,-0.0331508,-0.533082
2,1.75207e+09,0.0686101,-0.0331508,-0.533082
1,1.75207e+09,0.0686101,-0.0331508,-0.533082
2,1.75207e+09,0.0689255,-0.0332317,-0.533604
1,1.75207e+09,0.0691382,-0.0326737,-0.533651
2,1.75207e+09,0.0691382,-0.0326737,-0.533651
1,1.75207e+09,0.0691382,-0.0326737,-0.533651
1,1.75207e+09,0.100066,-0.0611872,-0.446752
2,1.75207e+09,0.0723656,-0.0330247,-0.539347
1,1.75207e+09,0.0723656,-0.0330247,-0.539347
1,1.75207e+09,0.0723595,-0.0330512,-0.539296
2,1.75207e+09,0.0723595,-0.0330512,-0.539296
1,1.75207e+09,0.0723595,-0.0330512,-0.539296
2,1.75207e+09,0.0698052,-0.032429,-0.534444
1,1.75207e+09,0.0698073,-0.0324636,-0.534323
2,1.75207e+09,0.0698073,-0.0324636,-0.534323
1,1.75207e+09,0.0695696,-0.0329749,-0.534384
1,1.75207e+09,0.0691661,-0.0342269,-0.528662
2,1.75207e+09,0.0691661,-0.0342269,-0.528662
1,1.75207e+09,0.0691661,-0.0342269,-0.528662
2,1.75207e+09,0.0691661,-0.0342269,-0.528662
1,1.75207e+09,0.0691661,-0.0342269,-0.528662
2,1.75207e+09,0.0982014,-0.0559948,-0.43827
2,1.75207e+09,0.0953869,-0.0563046,-0.443061
1,1.75207e+09,0.0953869,-0.0563046,-0.443061
2,1.75207e+09,-0.221833,-0.09177,-0.0304157
1,1.75207e+09,-0.221833,-0.09177,-0.0304157
2,1.75207e+09,-0.221833,-0.09177,-0.0304157
2,1.75207e+09,-0.221833,-0.09177,-0.0304157
1,1.75207e+09,-0.221833,-0.09177,-0.0304157
2,1.75207e+09,-0.221833,-0.09177,-0.0304157
2,1.75207e+09,-0.103859,-0.0962425,-0.193082
1,1.75207e+09,-0.103859,-0.0962425,-0.193082
2,1.75207e+09,-0.0999959,-0.0972255,-0.214757
1,1.75207e+09,-0.100758,-0.0971938,-0.214217
2,1.75207e+09,-0.100758,-0.0971938,-0.214217
2,1.75207e+09,-0.103465,-0.0962273,-0.194038
1,1.75207e+09,-0.104338,-0.0959741,-0.192831
2,1.75207e+09,-0.10172,-0.095823,-0.190106
2,1.75207e+09,-0.103528,-0.0962363,-0.194383
1,1.75207e+09,-0.103528,-0.0962363,-0.194383
2,1.75207e+09,-0.103528,-0.0962363,-0.194383
1,1.75207e+09,-0.101778,-0.0955611,-0.196539
2,1.75207e+09,-0.101778,-0.0955611,-0.196539
1,1.75207e+09,-0.102626,-0.0960909,-0.196653
2,1.75207e+09,-0.102626,-0.0960909,-0.196653
2,1.75207e+09,-0.102626,-0.0960909,-0.196653
1,1.75207e+09,-0.102626,-0.0960909,-0.196653
2,1.75207e+09,-0.10261,-0.0960871,-0.196515
1,1.75207e+09,-0.10261,-0.0960871,-0.196515
2,1.75207e+09,-0.100571,-0.0957496,-0.199181
1,1.75207e+09,-0.100571,-0.0957496,-0.199181
2,1.75207e+09,-0.100647,-0.0957637,-0.199683
0,1.75207e+09,-0.100647,-0.0957637,-0.199683
1,1.75207e+09,-0.100647,-0.0957637,-0.199683
2,1.75207e+09,-0.100676,-0.0957703,-0.199917
1,1.75207e+09,-0.100676,-0.0957703,-0.199917
2,1.75207e+09,-0.100895,-0.0958098,-0.197629
1,1.75207e+09,-0.100895,-0.0958098,-0.197629
2,1.75207e+09,-0.100895,-0.0958098,-0.197629
2,1.75207e+09,-0.100895,-0.0958098,-0.197629
1,1.75207e+09,-0.102645,-0.0959669,-0.194763
1,1.75207e+09,-0.102645,-0.0959669,-0.194763
2,1.75207e+09,-0.102355,-0.096051,-0.195165
1,1.75207e+09,-0.102355,-0.096051,-0.195165
2,1.75207e+09,-0.102627,-0.0959653,-0.194683
1,1.75207e+09,-0.101634,-0.095803,-0.196285
2,1.75207e+09,-0.101346,-0.0958868,-0.196684
1,1.75207e+09,-0.101346,-0.0958868,-0.196684
2,1.75207e+09,-0.101816,-0.0958247,-0.197104
1,1.75207e+09,-0.101816,-0.0958247,-0.197104
2,1.75207e+09,-0.102356,-0.0959135,-0.196602
1,1.75207e+09,-0.102072,-0.0959969,-0.196994
2,1.75207e+09,-0.102544,-0.0960744,-0.196054
1,1.75207e+09,-0.102544,-0.0960744,-0.196054
2,1.75207e+09,-0.102514,-0.0960698,-0.195883
1,1.75207e+09,-0.102514,-0.0960698,-0.195883
1,1.75207e+09,-0.102514,-0.0960698,-0.195883
2,1.75207e+09,-0.103031,-0.0961546,-0.195201
1,1.75207e+09,-0.103031,-0.0961546,-0.195201
2,1.75207e+09,-0.102533,-0.0960726,-0.19599
1,1.75207e+09,-0.102533,-0.0960726,-0.19599
2,1.75207e+09,-0.102533,-0.0960726,-0.19599
2,1.75207e+09,-0.103368,-0.0960803,-0.195161
1,1.75207e+09,-0.103368,-0.0960803,-0.195161
2,1.75207e+09,-0.102864,-0.0959973,-0.195899
1,1.75207e+09,-0.102864,-0.0959973,-0.195899
2,1.75207e+09,-0.102864,-0.0959973,-0.195899
1,1.75207e+09,-0.102887,-0.0960022,-0.196066
0,1.75207e+09,-0.102887,-0.0960022,-0.196066
2,1.75207e+09,-0.102887,-0.0960022,-0.196066
0,1.75207e+09,-0.0993789,-0.096723,-0.216475
1,1.75207e+09,-0.0993789,-0.096723,-0.216475
2,1.75207e+09,-0.0993789,-0.096723,-0.216475
0,1.75207e+09,-0.10167,-0.0956723,-0.197917
1,1.75207e+09,-0.10167,-0.0956723,-0.197917
2,1.75207e+09,-0.101659,-0.09567,-0.197838
0,1.75207e+09,-0.101659,-0.09567,-0.197838
2,1.75207e+09,0.0709217,-0.0296562,-0.534546
1,1.75207e+09,0.0709217,-0.0296562,-0.534546
0,1.75207e+09,0.0709217,-0.0296562,-0.534546
2,1.75207e+09,0.0952636,-0.0444155,-0.413081
0,1.75207e+09,-0.102807,-0.0956117,-0.197234
1,1.75207e+09,-0.102807,-0.0956117,-0.197234
2,1.75207e+09,-0.102046,-0.0956207,-0.198605
1,1.75207e+09,-0.102046,-0.0956207,-0.198605
0,1.75207e+09,-0.102046,-0.0956207,-0.198605
2,1.75207e+09,-0.102046,-0.0956207,-0.198605
1,1.75207e+09,-0.150104,-0.0803545,-0.132044
0,1.75207e+09,-0.150104,-0.0803545,-0.132044
2,1.75207e+09,-0.150104,-0.0803545,-0.132044
2,1.75207e+09,-0.150038,-0.080173,-0.131577
0,1.75207e+09,-0.150038,-0.080173,-0.131577
1,1.75207e+09,-0.150038,-0.080173,-0.131577
2,1.75207e+09,-0.15239,-0.0799506,-0.128005
0,1.75207e+09,-0.15239,-0.0799506,-0.128005
1,1.75207e+09,-0.106097,-0.0960144,-0.192059
0,1.75207e+09,-0.106097,-0.0960144,-0.192059
2,1.75207e+09,-0.106097,-0.0960144,-0.192059
1,1.75207e+09,-0.106615,-0.0961111,-0.191747
1,1.75207e+09,-0.151672,-0.0804913,-0.129386
2,1.75207e+09,-0.151672,-0.0804913,-0.129386
0,1.75207e+09,-0.151672,-0.0804913,-0.129386
1,1.75207e+09,-0.129151,-0.0835724,-0.177838
2,1.75207e+09,-0.129151,-0.0835724,-0.177838
0,1.75207e+09,-0.129151,-0.0835724,-0.177838
2,1.75207e+09,-0.0968376,-0.0961335,-0.220952
1,1.75207e+09,-0.0968376,-0.0961335,-0.220952
0,1.75207e+09,-0.0968376,-0.0961335,-0.220952
2,1.75207e+09,-0.142085,-0.107284,-0.157426
1,1.75207e+09,-0.142085,-0.107284,-0.157426
0,1.75207e+09,-0.142085,-0.107284,-0.157426
0,1.75207e+09,-0.142085,-0.107284,-0.157426
2,1.75207e+09,-0.14093,-0.10691,-0.158874
1,1.75207e+09,-0.0262559,-0.100037,-0.282558
2,1.75207e+09,-0.0262559,-0.100037,-0.282558
0,1.75207e+09,0.0694415,-0.0318751,-0.533701
1,1.75207e+09,0.0694415,-0.0318751,-0.533701
2,1.75207e+09,-0.168281,-0.107921,-0.0715668
0,1.75207e+09,0.0694415,-0.0318751,-0.533701
1,1.75207e+09,0.0694415,-0.0318751,-0.533701
0,1.75207e+09,-0.167651,-0.114187,-0.121358
2,1.75207e+09,0.0695152,-0.0322091,-0.533876
1,1.75207e+09,0.0695152,-0.0322091,-0.533876
0,1.75207e+09,-0.169108,-0.113675,-0.119428
2,1.75207e+09,0.0626624,-0.0335681,-0.562602
0,1.75207e+09,0.0626624,-0.0335681,-0.562602
1,1.75207e+09,-0.0830342,-0.114304,-0.129245
2,1.75207e+09,0.0695567,-0.0327909,-0.534401
0,1.75207e+09,0.0695567,-0.0327909,-0.534401
1,1.75207e+09,-0.214746,-0.113287,0.000422959
2,1.75207e+09,0.0695567,-0.0327909,-0.534401
1,1.75207e+09,0.0625899,-0.0342689,-0.562793
2,1.75207e+09,0.0625899,-0.0342689,-0.562793
0,1.75207e+09,0.0625899,-0.0342689,-0.562793
1,1.75207e+09,0.105449,-0.0535202,-0.422092
2,1.75207e+09,0.0693713,-0.0329382,-0.534019
1,1.75207e+09,0.0693713,-0.0329382,-0.534019
2,1.75207e+09,0.106075,-0.0562723,-0.426951
0,1.75207e+09,0.0697903,-0.0329071,-0.534793
1,1.75207e+09,0.0697903,-0.0329071,-0.534793
2,1.75207e+09,0.0703393,-0.0328335,-0.535743
0,1.75207e+09,-0.295142,-0.124885,0.122866
1,1.75207e+09,0.0703393,-0.0328335,-0.535743
2,1.75207e+09,0.0703393,-0.0328335,-0.535743
0,1.75207e+09,-0.28733,-0.123692,0.112
1,1.75207e+09,0.0708605,-0.0330418,-0.536713
2,1.75207e+09,-0.28733,-0.123692,0.112
0,1.75207e+09,0.0708605,-0.0330418,-0.536713
1,1.75207e+09,0.069896,-0.0329756,-0.534984
2,1.75207e+09,0.0708605,-0.0330418,-0.536713
1,1.75207e+09,0.069896,-0.0329756,-0.534984
0,1.75207e+09,0.069896,-0.0329756,-0.534984
2,1.75207e+09,0.069896,-0.0329756,-0.534984
2,1.75207e+09,0.069896,-0.0329756,-0.534984
0,1.75207e+09,0.0697903,-0.0333139,-0.534935
1,1.75207e+09,0.0697903,-0.0333139,-0.534935
2,1.75207e+09,0.0697903,-0.0333139,-0.534935
0,1.75207e+09,0.0974504,-0.061929,-0.454371
1,1.75207e+09,0.0699043,-0.033221,-0.535144
0,1.75207e+09,0.0699043,-0.033221,-0.535144
2,1.75207e+09,0.0699043,-0.033221,-0.535144
1,1.75207e+09,-0.208168,-0.127686,-0.0647479
0,1.75207e+09,-0.208168,-0.127686,-0.0647479
1,1.75207e+09,0.0977973,-0.062848,-0.456014
2,1.75207e+09,0.0704342,-0.0331994,-0.535973
0,1.75207e+09,0.0709469,-0.0328829,-0.536749
1,1.75207e+09,0.0704393,-0.0331744,-0.536021
2,1.75207e+09,0.0704393,-0.0331744,-0.536021
1,1.75207e+09,0.0709469,-0.0328829,-0.536749
0,1.75207e+09,0.106503,-0.05835,-0.430195
2,1.75207e+09,0.0717905,-0.0330303,-0.538307
1,1.75207e+09,0.071331,-0.0330262,-0.537501
0,1.75207e+09,0.0713185,-0.0330415,-0.537523
2,1.75207e+09,0.0713185,-0.0330415,-0.537523
1,1.75207e+09,0.0713185,-0.0330415,-0.537523
0,1.75207e+09,-0.304724,-0.125628,0.14118
2,1.75207e+09,0.106437,-0.0576853,-0.429469
1,1.75207e+09,0.0721027,-0.0331605,-0.538958
0,1.75207e+09,0.0721151,-0.0331449,-0.538935
1,1.75207e+09,0.106455,-0.0576945,-0.429574
2,1.75207e+09,0.0721151,-0.0331449,-0.538935
0,1.75207e+09,0.0714952,-0.0331938,-0.537851
1,1.75207e+09,0.0714952,-0.0331938,-0.537851
2,1.75207e+09,0.0714952,-0.0331938,-0.537851
0,1.75207e+09,0.0715008,-0.0331679,-0.5379
2,1.75207e+09,0.0715008,-0.0331679,-0.5379
1,1.75207e+09,0.0715093,-0.0330671,-0.537835
2,1.75207e+09,0.0715093,-0.0330671,-0.537835
1,1.75207e+09,0.0715093,-0.0330671,-0.537835
0,1.75207e+09,0.0713678,-0.0330283,-0.537567
2,1.75207e+09,0.0715093,-0.0330671,-0.537835
1,1.75207e+09,0.0715093,-0.0330671,-0.537835
0,1.75207e+09,0.0976637,-0.0619211,-0.454611
2,1.75207e+09,0.0712836,-0.0331594,-0.537463
1,1.75207e+09,0.0712836,-0.0331594,-0.537463
0,1.75207e+09,0.0712836,-0.0331594,-0.537463
2,1.75207e+09,0.0712836,-0.0331594,-0.537463
2,1.75207e+09,-0.204532,-0.126186,-0.0702891
0,1.75207e+09,0.0712307,-0.033229,-0.537381
1,1.75207e+09,0.072187,-0.0330821,-0.538974
2,1.75207e+09,0.0978504,-0.0621645,-0.455153
0,1.75207e+09,0.072193,-0.0330557,-0.539024
1,1.75207e+09,-0.204682,-0.126247,-0.0700765
2,1.75207e+09,0.072193,-0.0330557,-0.539024
0,1.75207e+09,0.0713825,-0.0330983,-0.537604
1,1.75207e+09,0.0713825,-0.0330983,-0.537604
2,1.75207e+09,0.0713825,-0.0330983,-0.537604
0,1.75207e+09,0.0719125,-0.0319838,-0.537914
1,1.75207e+09,0.0719125,-0.0319838,-0.537914
2,1.75207e+09,-0.202134,-0.125391,-0.0736754
1,1.75207e+09,0.0712553,-0.0330052,-0.537366
0,1.75207e+09,0.0712553,-0.0330052,-0.537366
2,1.75207e+09,-0.327683,-0.128738,0.174407
1,1.75207e+09,0.0718353,-0.0319995,-0.537728
0,1.75207e+09,0.0718353,-0.0319995,-0.537728
2,1.75207e+09,0.0718353,-0.0319995,-0.537728
1,1.75207e+09,0.0719031,-0.0329562,-0.538492
2,1.75207e+09,0.0719031,-0.0329562,-0.538492
1,1.75207e+09,0.0715983,-0.0331312,-0.538051
2,1.75207e+09,0.0715983,-0.0331312,-0.538051
1,1.75207e+09,0.0715983,-0.0331312,-0.538051
2,1.75207e+09,0.106448,-0.0580907,-0.430618
1,1.75207e+09,0.0716011,-0.0331182,-0.538076
2,1.75207e+09,0.0716011,-0.0331182,-0.538076
1,1.75207e+09,0.0714316,-0.0330909,-0.537659
2,1.75207e+09,0.0714316,-0.0330909,-0.537659
1,1.75207e+09,0.0716479,-0.0319485,-0.537364
2,1.75207e+09,0.0716479,-0.0319485,-0.537364
1,1.75207e+09,0.0716479,-0.0319485,-0.537364
2,1.75207e+09,0.0716479,-0.0319485,-0.537364
1,1.75207e+09,0.0716479,-0.0319485,-0.537364
2,1.75207e+09,-0.306505,-0.125605,0.141679
1,1.75207e+09,0.0713282,-0.0333443,-0.53769
2,1.75207e+09,0.0713282,-0.0333443,-0.53769
1,1.75207e+09,-0.313395,-0.127617,0.150337
2,1.75207e+09,0.0710564,-0.0320836,-0.536404
1,1.75207e+09,0.0710564,-0.0320836,-0.536404
2,1.75207e+09,0.0710438,-0.0320982,-0.536424
1,1.75207e+09,0.0709975,-0.0331441,-0.536964
2,1.75207e+09,0.0709975,-0.0331441,-0.536964
1,1.75207e+09,0.0709975,-0.0331441,-0.536964
2,1.75207e+09,0.10618,-0.0583912,-0.431706
1,1.75207e+09,0.0699367,-0.0333863,-0.535133
2,1.75207e+09,0.0699367,-0.0333863,-0.535133
1,1.75207e+09,0.106462,-0.0574337,-0.430047
1,1.75207e+09,0.0697504,-0.0331788,-0.534656
2,1.75207e+09,0.0697504,-0.0331788,-0.534656
1,1.75207e+09,0.069738,-0.0331934,-0.534676
2,1.75207e+09,0.0696321,-0.0329549,-0.534318
1,1.75207e+09,0.0696321,-0.0329549,-0.534318
2,1.75207e+09,0.069625,-0.0328327,-0.534232
1,1.75207e+09,0.0696394,-0.0327131,-0.534523
2,1.75207e+09,0.0696394,-0.0327131,-0.534523
2,1.75207e+09,0.0696394,-0.0327131,-0.534523
1,1.75207e+09,0.0696862,-0.0325867,-0.534358
2,1.75207e+09,0.0696862,-0.0325867,-0.534358
1,1.75207e+09,0.0696862,-0.0325867,-0.534358
2,1.75207e+09,0.069706,-0.0326166,-0.534383
1,1.75207e+09,0.069706,-0.0326166,-0.534383
2,1.75207e+09,0.069706,-0.0326166,-0.534383
1,1.75207e+09,0.0966239,-0.0588928,-0.44812
2,1.75207e+09,-0.176596,-0.115514,-0.109091
1,1.75207e+09,0.0699077,-0.0318227,-0.534193
1,1.75207e+09,0.0699077,-0.0318227,-0.534193
2,1.75207e+09,-0.176596,-0.115514,-0.109091
1,1.75207e+09,-0.176934,-0.115457,-0.108635
2,1.75207e+09,-0.176934,-0.115457,-0.108635
1,1.75207e+09,-0.153195,-0.10911,-0.140047
2,1.75207e+09,-0.153195,-0.10911,-0.140047
1,1.75207e+09,-0.171683,-0.107938,-0.0991573
2,1.75207e+09,-0.171683,-0.107938,-0.0991573
1,1.75207e+09,-0.171683,-0.107938,-0.0991573
2,1.75207e+09,-0.171683,-0.107938,-0.0991573
1,1.75207e+09,-0.16509,-0.106384,-0.107314
2,1.75207e+09,0.235476,-0.115627,-0.666976
1,1.75207e+09,0.234223,-0.115979,-0.665403
2,1.75207e+09,0.234223,-0.115979,-0.665403
1,1.75207e+09,-0.175861,-0.0913345,-0.110132
2,1.75207e+09,-0.175141,-0.0914933,-0.110957
1,1.75207e+09,-0.0964925,-0.095832,-0.219592
2,1.75207e+09,-0.0964925,-0.095832,-0.219592
1,1.75207e+09,-0.0977002,-0.095249,-0.201559
2,1.75207e+09,-0.0977002,-0.095249,-0.201559
1,1.75207e+09,-0.104137,-0.0961043,-0.190961
2,1.75207e+09,-0.104137,-0.0961043,-0.190961
2,1.75207e+09,-0.104137,-0.0961043,-0.190961
1,1.75207e+09,-0.104137,-0.0961043,-0.190961
2,1.75207e+09,-0.101926,-0.0957192,-0.195901
2,1.75207e+09,-0.101926,-0.0957192,-0.195901
1,1.75207e+09,-0.101926,-0.0957192,-0.195901
2,1.75207e+09,-0.101926,-0.0957192,-0.195901
1,1.75207e+09,-0.101926,-0.0957192,-0.195901
2,1.75207e+09,-0.0998605,-0.0956439,-0.199012
1,1.75207e+09,-0.0998605,-0.0956439,-0.199012
2,1.75207e+09,-0.0998605,-0.0956439,-0.199012
1,1.75207e+09,-0.100235,-0.0955695,-0.198963
2,1.75207e+09,-0.100235,-0.0955695,-0.198963
1,1.75207e+09,-0.100568,-0.0957491,-0.199177
2,1.75207e+09,-0.100568,-0.0957491,-0.199177
1,1.75207e+09,-0.0998141,-0.0954978,-0.20004
1,1.75207e+09,-0.0998141,-0.0954978,-0.20004
2,1.75207e+09,-0.100126,-0.0954192,-0.19981
1,1.75207e+09,-0.100126,-0.0954192,-0.19981
2,1.75207e+09,-0.100126,-0.0954192,-0.19981
1,1.75207e+09,-0.100126,-0.0954192,-0.19981
2,1.75207e+09,-0.0990715,-0.0952498,-0.200985
0,1.75207e+09,-0.0990715,-0.0952498,-0.200985
2,1.75207e+09,-0.0990715,-0.0952498,-0.200985
1,1.75207e+09,-0.100701,-0.0955147,-0.19958
0,1.75207e+09,-0.100701,-0.0955147,-0.19958
2,1.75207e+09,-0.100701,-0.0955147,-0.19958
1,1.75207e+09,-0.102695,-0.0955778,-0.196088
0,1.75207e+09,-0.102695,-0.0955778,-0.196088
1,1.75207e+09,-0.102695,-0.0955778,-0.196088
2,1.75207e+09,-0.102695,-0.0955778,-0.196088
0,1.75207e+09,-0.103239,-0.0956687,-0.195654
1,1.75207e+09,-0.103239,-0.0956687,-0.195654
0,1.75207e+09,-0.102138,-0.0954245,-0.196564
1,1.75207e+09,-0.102138,-0.0954245,-0.196564
2,1.75207e+09,-0.102138,-0.0954245,-0.196564
0,1.75207e+09,-0.102427,-0.0956192,-0.197175
1,1.75207e+09,-0.102427,-0.0956192,-0.197175
0,1.75207e+09,-0.100764,-0.0956893,-0.19944
1,1.75207e+09,-0.100764,-0.0956893,-0.19944
2,1.75207e+09,-0.102931,-0.0957109,-0.196753
0,1.75207e+09,-0.102931,-0.0957109,-0.196753
1,1.75207e+09,-0.102931,-0.0957109,-0.196753
2,1.75207e+09,-0.103428,-0.0957959,-0.196099
0,1.75207e+09,-0.103428,-0.0957959,-0.196099
1,1.75207e+09,-0.10315,-0.0958792,-0.196482
2,1.75207e+09,-0.103131,-0.0958616,-0.195898
1,1.75207e+09,-0.104189,-0.0957726,-0.194254
0,1.75207e+09,-0.103529,-0.0959436,-0.195057
2,1.75207e+09,-0.103529,-0.0959436,-0.195057
1,1.75207e+09,-0.0985382,-0.0967136,-0.217602
0,1.75207e+09,-0.148292,-0.0817302,-0.132892
2,1.75207e+09,-0.148292,-0.0817302,-0.132892
1,1.75207e+09,-0.125435,-0.0848029,-0.182933
2,1.75207e+09,-0.125435,-0.0848029,-0.182933
0,1.75207e+09,-0.125435,-0.0848029,-0.182933
1,1.75207e+09,-0.125781,-0.0849784,-0.182894
0,1.75207e+09,-0.125781,-0.0849784,-0.182894
2,1.75207e+09,-0.138107,-0.105891,-0.163103
1,1.75207e+09,-0.138107,-0.105891,-0.163103
1,1.75207e+09,-0.0471846,-0.109827,-0.231853
0,1.75207e+09,-0.0471846,-0.109827,-0.231853
2,1.75207e+09,-0.0365129,-0.109503,-0.263288
1,1.75207e+09,-0.037937,-0.109425,-0.261745
0,1.75207e+09,-0.0270779,-0.100114,-0.281097
2,1.75207e+09,-0.0270779,-0.100114,-0.281097
1,1.75207e+09,-0.0406429,-0.112854,-0.256507
0,1.75207e+09,-0.0410451,-0.112602,-0.256045
2,1.75207e+09,-0.0410451,-0.112602,-0.256045
1,1.75207e+09,-0.0418764,-0.113748,-0.254465
0,1.75207e+09,0.0625452,-0.0333171,-0.561476
2,1.75207e+09,0.0625452,-0.0333171,-0.561476
2,1.75207e+09,-0.0433086,-0.115807,-0.25129
1,1.75207e+09,0.104093,-0.0533181,-0.423557
2,1.75207e+09,0.104093,-0.0533181,-0.423557
1,1.75207e+09,0.0623902,-0.0338836,-0.561516
2,1.75207e+09,0.0621112,-0.0337151,-0.560418
1,1.75207e+09,0.0969077,-0.0607962,-0.451414
2,1.75207e+09,0.0621112,-0.0337151,-0.560418
1,1.75207e+09,0.0968195,-0.0607245,-0.450903
2,1.75207e+09,0.0971456,-0.0618155,-0.452536
1,1.75207e+09,0.0616814,-0.0354007,-0.560015
2,1.75207e+09,0.097555,-0.0624476,-0.456325
0,1.75207e+09,0.066468,-0.0343089,-0.541671
1,1.75207e+09,0.0632472,-0.0353104,-0.564547
1,1.75207e+09,0.0632472,-0.0353104,-0.564547
2,1.75207e+09,0.0632472,-0.0353104,-0.564547
0,1.75207e+09,0.0632472,-0.0353104,-0.564547
1,1.75207e+09,0.0709923,-0.0337197,-0.537577
2,1.75207e+09,0.0709923,-0.0337197,-0.537577
1,1.75207e+09,0.0709923,-0.0337197,-0.537577
1,1.75207e+09,0.0709594,-0.0335539,-0.537353
2,1.75207e+09,0.0709594,-0.0335539,-0.537353
1,1.75207e+09,-0.213041,-0.130136,-0.0569639
2,1.75207e+09,0.0709594,-0.0335539,-0.537353
0,1.75207e+09,0.0709151,-0.0335626,-0.537305
1,1.75207e+09,0.0709151,-0.0335626,-0.537305
2,1.75207e+09,0.0709151,-0.0335626,-0.537305
1,1.75207e+09,0.0709151,-0.0335626,-0.537305
2,1.75207e+09,0.0709151,-0.0335626,-0.537305
2,1.75207e+09,0.105132,-0.0622695,-0.444236
1,1.75207e+09,0.0712159,-0.033631,-0.5379
2,1.75207e+09,0.0712159,-0.033631,-0.5379
1,1.75207e+09,0.105705,-0.0616769,-0.442202
2,1.75207e+09,0.0715894,-0.0336798,-0.538549
1,1.75207e+09,0.0715894,-0.0336798,-0.538549
2,1.75207e+09,0.0715894,-0.0336798,-0.538549
2,1.75207e+09,0.0716799,-0.0339092,-0.538813
1,1.75207e+09,0.0716799,-0.0339092,-0.538813
2,1.75207e+09,0.0716799,-0.0339092,-0.538813
1,1.75207e+09,0.105253,-0.0631489,-0.447427
2,1.75207e+09,0.0719791,-0.0340492,-0.539219
1,1.75207e+09,0.0719791,-0.0340492,-0.539219
2,1.75207e+09,0.0719791,-0.0340492,-0.539219
1,1.75207e+09,0.0719791,-0.0340492,-0.539219
1,1.75207e+09,0.0719791,-0.0340492,-0.539219
2,1.75207e+09,0.0993665,-0.0652904,-0.462229
1,1.75207e+09,0.0722607,-0.034082,-0.539809
2,1.75207e+09,0.0722607,-0.034082,-0.539809
1,1.75207e+09,0.105099,-0.0636391,-0.449608
2,1.75207e+09,-0.359789,-0.140897,0.199892
1,1.75207e+09,-0.359814,-0.140745,0.200195
2,1.75207e+09,-0.353871,-0.138251,0.192181
2,1.75207e+09,-0.353871,-0.138251,0.192181
1,1.75207e+09,-0.353871,-0.138251,0.192181
1,1.75207e+09,-0.353871,-0.138251,0.192181
2,1.75207e+09,-0.353871,-0.138251,0.192181
1,1.75207e+09,-0.36908,-0.140634,0.215409
1,1.75207e+09,-0.36908,-0.140634,0.215409
2,1.75207e+09,-0.36908,-0.140634,0.215409
1,1.75207e+09,0.0712935,-0.0339189,-0.538154
1,1.75207e+09,0.0712935,-0.0339189,-0.538154
2,1.75207e+09,0.0712935,-0.0339189,-0.538154
1,1.75207e+09,-0.330855,-0.136811,0.154466
2,1.75207e+09,0.0711501,-0.0338746,-0.537798
1,1.75207e+09,0.104471,-0.0620502,-0.445845
2,1.75207e+09,0.0711501,-0.0338746,-0.537798
1,1.75207e+09,-0.321153,-0.131873,0.149194
2,1.75207e+09,-0.304472,-0.129106,0.114609
1,1.75207e+09,-0.304472,-0.129106,0.114609
2,1.75207e+09,-0.304472,-0.129106,0.114609
2,1.75207e+09,-0.192622,-0.12062,-0.0850353
1,1.75207e+09,-0.192622,-0.12062,-0.0850353
2,1.75207e+09,0.0691735,-0.0338447,-0.529942
1,1.75207e+09,0.0691735,-0.0338447,-0.529942
2,1.75207e+09,-0.189649,-0.0953098,-0.0921006
1,1.75207e+09,-0.189649,-0.0953098,-0.0921006
2,1.75207e+09,-0.189253,-0.0957273,-0.0927465
1,1.75207e+09,-0.189253,-0.0957273,-0.0927465
2,1.75207e+09,-0.180246,-0.0946504,-0.103776
1,1.75207e+09,-0.180246,-0.0946504,-0.103776
2,1.75207e+09,-0.180246,-0.0946504,-0.103776
2,1.75207e+09,0.236459,-0.115025,-0.668436
1,1.75207e+09,0.236459,-0.115025,-0.668436
2,1.75207e+09,-0.0993097,-0.0966512,-0.215634
1,1.75207e+09,-0.0993097,-0.0966512,-0.215634
1,1.75207e+09,-0.0993097,-0.0966512,-0.215634
2,1.75207e+09,-0.145056,-0.103218,-0.131432
1,1.75207e+09,-0.145056,-0.103218,-0.131432
1,1.75207e+09,-0.145056,-0.103218,-0.131432
2,1.75207e+09,-0.145215,-0.103214,-0.131344
1,1.75207e+09,-0.102743,-0.0961804,-0.192024
2,1.75207e+09,-0.0989495,-0.0966915,-0.216752
1,1.75207e+09,-0.0989495,-0.0966915,-0.216752
2,1.75207e+09,-0.0987351,-0.0967653,-0.217035
2,1.75207e+09,-0.098546,-0.0966066,-0.217314
1,1.75207e+09,-0.098546,-0.0966066,-0.217314
2,1.75207e+09,-0.0981262,-0.0952364,-0.201522
2,1.75207e+09,-0.0981262,-0.0952364,-0.201522
0,1.75207e+09,-0.100134,-0.0953054,-0.198328
1,1.75207e+09,-0.100134,-0.0953054,-0.198328
2,1.75207e+09,-0.0996028,-0.0952229,-0.198989
1,1.75207e+09,-0.0996028,-0.0952229,-0.198989
0,1.75207e+09,-0.10361,-0.0958679,-0.192706
2,1.75207e+09,-0.10361,-0.0958679,-0.192706
1,1.75207e+09,-0.101988,-0.0957356,-0.189644
0,1.75207e+09,-0.101988,-0.0957356,-0.189644
1,1.75207e+09,-0.101988,-0.0957356,-0.189644
2,1.75207e+09,-0.104127,-0.0959601,-0.192232
0,1.75207e+09,-0.104127,-0.0959601,-0.192232
1,1.75207e+09,-0.104127,-0.0959601,-0.192232
2,1.75207e+09,-0.103646,-0.0958711,-0.192831
0,1.75207e+09,-0.103646,-0.0958711,-0.192831
2,1.75207e+09,-0.103646,-0.0958711,-0.192831
1,1.75207e+09,-0.0968972,-0.0959149,-0.219028
2,1.75207e+09,-0.0993072,-0.0965006,-0.216758
1,1.75207e+09,-0.0993072,-0.0965006,-0.216758
0,1.75207e+09,-0.0993072,-0.0965006,-0.216758
2,1.75207e+09,-0.0993072,-0.0965006,-0.216758
0,1.75207e+09,-0.0998062,-0.0965747,-0.21591
1,1.75207e+09,-0.0998062,-0.0965747,-0.21591
2,1.75207e+09,-0.0987318,-0.0966547,-0.217426
1,1.75207e+09,-0.0987318,-0.0966547,-0.217426
0,1.75207e+09,-0.0977219,-0.0965587,-0.218817
2,1.75207e+09,-0.0977219,-0.0965587,-0.218817
1,1.75207e+09,-0.0977219,-0.0965587,-0.218817
0,1.75207e+09,-0.0971615,-0.0966404,-0.219122
2,1.75207e+09,-0.0971615,-0.0966404,-0.219122
1,1.75207e+09,-0.0971615,-0.0966404,-0.219122
0,1.75207e+09,-0.0965815,-0.0965764,-0.220235
2,1.75207e+09,-0.0965815,-0.0965764,-0.220235
0,1.75207e+09,0.230518,-0.116231,-0.660139
1,1.75207e+09,0.230518,-0.116231,-0.660139
2,1.75207e+09,0.230518,-0.116231,-0.660139
0,1.75207e+09,0.147408,-0.124955,-0.544735
1,1.75207e+09,0.147408,-0.124955,-0.544735
2,1.75207e+09,-0.185504,-0.0937826,-0.096444
0,1.75207e+09,-0.185504,-0.0937826,-0.096444
1,1.75207e+09,-0.185504,-0.0937826,-0.096444
2,1.75207e+09,-0.26929,-0.0943379,0.0390306
0,1.75207e+09,-0.26929,-0.0943379,0.0390306
0,1.75207e+09,-0.26929,-0.0943379,0.0390306
1,1.75207e+09,-0.26929,-0.0943379,0.0390306
2,1.75207e+09,-0.198401,-0.11449,-0.0588405
0,1.75207e+09,-0.222089,-0.115666,-0.00569222
1,1.75207e+09,-0.0705131,-0.115618,-0.167844
2,1.75207e+09,-0.0705131,-0.115618,-0.167844
1,1.75207e+09,0.0631402,-0.0333489,-0.564841
2,1.75207e+09,0.0631402,-0.0333489,-0.564841
0,1.75207e+09,0.0630221,-0.0336876,-0.564156
2,1.75207e+09,0.0630221,-0.0336876,-0.564156
1,1.75207e+09,0.0630221,-0.0336876,-0.564156
2,1.75207e+09,0.0628126,-0.0338894,-0.562227
1,1.75207e+09,0.0628126,-0.0338894,-0.562227
1,1.75207e+09,0.0628532,-0.0339006,-0.562047
2,1.75207e+09,0.0626693,-0.0340902,-0.561621
1,1.75207e+09,0.0626693,-0.0340902,-0.561621
2,1.75207e+09,0.0626335,-0.0364439,-0.557375
0,1.75207e+09,0.0626335,-0.0364439,-0.557375
1,1.75207e+09,-0.0979293,-0.102821,-0.10531
0,1.75207e+09,0.0628597,-0.0340281,-0.561966
2,1.75207e+09,0.0628597,-0.0340281,-0.561966
1,1.75207e+09,-0.0736966,-0.122665,-0.173005
0,1.75207e+09,0.068727,-0.0330291,-0.533047
2,1.75207e+09,0.068727,-0.0330291,-0.533047
1,1.75207e+09,0.068727,-0.0330291,-0.533047
2,1.75207e+09,-0.307663,-0.133348,0.1157
1,1.75207e+09,-0.307663,-0.133348,0.1157
2,1.75207e+09,0.0687252,-0.0329839,-0.533183
1,1.75207e+09,-0.30762,-0.133482,0.115408
2,1.75207e+09,-0.30762,-0.133482,0.115408
1,1.75207e+09,0.0685188,-0.0336094,-0.53313
0,1.75207e+09,0.103414,-0.061637,-0.44506
2,1.75207e+09,-0.310773,-0.134568,0.11903
1,1.75207e+09,0.0700742,-0.0339736,-0.536022
2,1.75207e+09,0.0690861,-0.0338104,-0.534223
0,1.75207e+09,-0.21248,-0.131193,-0.0585966
1,1.75207e+09,0.0690861,-0.0338104,-0.534223
2,1.75207e+09,0.0981427,-0.0641439,-0.459179
0,1.75207e+09,0.0699609,-0.0338677,-0.535714
1,1.75207e+09,0.0699609,-0.0338677,-0.535714
2,1.75207e+09,0.0699609,-0.0338677,-0.535714
0,1.75207e+09,0.0699609,-0.0338677,-0.535714
1,1.75207e+09,0.0699609,-0.0338677,-0.535714
2,1.75207e+09,-0.218845,-0.133943,-0.0496834
1,1.75207e+09,0.0691855,-0.0339645,-0.534411
0,1.75207e+09,0.0691855,-0.0339645,-0.534411
2,1.75207e+09,0.0691855,-0.0339645,-0.534411
1,1.75207e+09,0.0984684,-0.06481,-0.460463
2,1.75207e+09,0.0984705,-0.0647955,-0.4604
0,1.75207e+09,0.0692359,-0.033935,-0.534485
1,1.75207e+09,-0.218213,-0.133035,-0.05025
2,1.75207e+09,0.0690053,-0.0352096,-0.532085
1,1.75207e+09,0.0690053,-0.0352096,-0.532085
2,1.75207e+09,-0.228839,-0.124876,-0.0360999
1,1.75207e+09,0.0693088,-0.0350507,-0.53243
2,1.75207e+09,0.0693088,-0.0350507,-0.53243
2,1.75207e+09,0.0693088,-0.0350507,-0.53243
1,1.75207e+09,0.0693088,-0.0350507,-0.53243
2,1.75207e+09,-0.396038,-0.124152,0.236933
1,1.75207e+09,-0.397516,-0.12772,0.237677
2,1.75207e+09,-0.397516,-0.12772,0.237677
1,1.75207e+09,-0.383829,-0.124097,0.217959
2,1.75207e+09,-0.383829,-0.124097,0.217959
1,1.75207e+09,0.0718604,-0.0342283,-0.539293
2,1.75207e+09,0.0718604,-0.0342283,-0.539293
1,1.75207e+09,0.10266,-0.0638312,-0.454966
2,1.75207e+09,0.0718604,-0.0342283,-0.539293
1,1.75207e+09,0.0718604,-0.0342283,-0.539293
2,1.75207e+09,0.0700268,-0.0339546,-0.535991
1,1.75207e+09,0.0700268,-0.0339546,-0.535991
2,1.75207e+09,0.0700268,-0.0339546,-0.535991
1,1.75207e+09,0.0984284,-0.0640974,-0.459602
1,1.75207e+09,-0.211768,-0.130842,-0.0588698
2,1.75207e+09,-0.305268,-0.136193,0.104982
1,1.75207e+09,-0.208372,-0.129604,-0.064267
2,1.75207e+09,-0.208372,-0.129604,-0.064267
1,1.75207e+09,-0.207805,-0.129588,-0.0648815
2,1.75207e+09,0.103082,-0.0611257,-0.444138
1,1.75207e+09,0.103082,-0.0611257,-0.444138
2,1.75207e+09,0.0702502,-0.0349398,-0.533606
1,1.75207e+09,0.0702502,-0.0349398,-0.533606
1,1.75207e+09,0.0702502,-0.0349398,-0.533606
2,1.75207e+09,0.0705721,-0.0335909,-0.536497
1,1.75207e+09,0.0705721,-0.0335909,-0.536497
2,1.75207e+09,-0.255185,-0.130786,0.0157237
2,1.75207e+09,0.0703134,-0.0331329,-0.535962
1,1.75207e+09,-0.255185,-0.130786,0.0157237
1,1.75207e+09,0.0703134,-0.0331329,-0.535962
2,1.75207e+09,-0.206639,-0.128415,-0.067122
2,1.75207e+09,0.0977452,-0.062724,-0.455353
1,1.75207e+09,0.105428,-0.054618,-0.424338
1,1.75207e+09,0.0706423,-0.0328492,-0.536353
2,1.75207e+09,0.105333,-0.0545757,-0.423812
1,1.75207e+09,0.0706423,-0.0328492,-0.536353
2,1.75207e+09,0.102496,-0.057594,-0.435468
2,1.75207e+09,-0.185993,-0.118127,-0.0940592
1,1.75207e+09,0.070831,-0.0322581,-0.536332
1,1.75207e+09,0.0966424,-0.0585896,-0.446649
2,1.75207e+09,0.096049,-0.0571744,-0.444866
1,1.75207e+09,-0.173459,-0.115008,-0.112872
2,1.75207e+09,-0.173459,-0.115008,-0.112872
0,1.75207e+09,-0.228404,-0.0949479,-0.0179949
1,1.75207e+09,-0.228404,-0.0949479,-0.0179949
2,1.75207e+09,-0.148249,-0.108457,-0.148026
1,1.75207e+09,-0.148249,-0.108457,-0.148026
1,1.75207e+09,-0.148249,-0.108457,-0.148026
2,1.75207e+09,-0.148249,-0.108457,-0.148026
1,1.75207e+09,-0.148249,-0.108457,-0.148026
2,1.75207e+09,0.149135,-0.124609,-0.547108
1,1.75207e+09,0.149135,-0.124609,-0.547108
0,1.75207e+09,0.268246,-0.137552,-0.713767
2,1.75207e+09,0.268246,-0.137552,-0.713767
1,1.75207e+09,0.268246,-0.137552,-0.713767
2,1.75207e+09,0.268246,-0.137552,-0.713767
0,1.75207e+09,0.231455,-0.138802,-0.659847
1,1.75207e+09,0.231455,-0.138802,-0.659847
2,1.75207e+09,0.231455,-0.138802,-0.659847
0,1.75207e+09,-0.181107,-0.0404504,-0.111559
1,1.75207e+09,-0.181107,-0.0404504,-0.111559
2,1.75207e+09,-0.181821,-0.0405408,-0.110577
1,1.75207e+09,-0.182786,-0.0402745,-0.109091
2,1.75207e+09,-0.182786,-0.0402745,-0.109091
1,1.75207e+09,-0.182266,-0.0406421,-0.109749
2,1.75207e+09,-0.182266,-0.0406421,-0.109749
1,1.75207e+09,-0.18251,-0.0406726,-0.109413
2,1.75207e+09,-0.0977491,-0.0966156,-0.218714
1,1.75207e+09,-0.0977491,-0.0966156,-0.218714
0,1.75207e+09,-0.145955,-0.103581,-0.133216
2,1.75207e+09,-0.145955,-0.103581,-0.133216
1,1.75207e+09,-0.141414,-0.102873,-0.14098
0,1.75207e+09,-0.141414,-0.102873,-0.14098
1,1.75207e+09,-0.0970393,-0.0964371,-0.21955
2,1.75207e+09,-0.0970393,-0.0964371,-0.21955
1,1.75207e+09,-0.171286,-0.0932053,-0.118784
1,1.75207e+09,-0.171286,-0.0932053,-0.118784
2,1.75207e+09,-0.171286,-0.0932053,-0.118784
0,1.75207e+09,-0.171286,-0.0932053,-0.118784
1,1.75207e+09,-0.163804,-0.107773,-0.113049
2,1.75207e+09,-0.163804,-0.107773,-0.113049
1,1.75207e+09,-0.162405,-0.107885,-0.114426
0,1.75207e+09,-0.162405,-0.107885,-0.114426
1,1.75207e+09,-0.162405,-0.107885,-0.114426
2,1.75207e+09,-0.146832,-0.108187,-0.148949
2,1.75207e+09,-0.0416734,-0.110083,-0.255214
1,1.75207e+09,-0.0436204,-0.111837,-0.252038
2,1.75207e+09,-0.0436204,-0.111837,-0.252038
1,1.75207e+09,-0.0436204,-0.111837,-0.252038
1,1.75207e+09,0.063388,-0.0342279,-0.562006
2,1.75207e+09,0.063388,-0.0342279,-0.562006
1,1.75207e+09,0.096677,-0.0590228,-0.44914
2,1.75207e+09,0.063388,-0.0342279,-0.562006
1,1.75207e+09,-0.0460279,-0.115391,-0.248651
1,1.75207e+09,-0.289098,-0.128817,0.0882156
2,1.75207e+09,-0.289098,-0.128817,0.0882156
1,1.75207e+09,-0.219069,-0.134009,-0.048606
1,1.75207e+09,-0.219069,-0.134009,-0.048606
2,1.75207e+09,-0.219069,-0.134009,-0.048606
1,1.75207e+09,-0.377053,-0.151588,0.215978
2,1.75207e+09,-0.377053,-0.151588,0.215978
2,1.75207e+09,0.0706097,-0.0352485,-0.537522
1,1.75207e+09,-0.237456,-0.144235,-0.0215336
2,1.75207e+09,-0.237456,-0.144235,-0.0215336
1,1.75207e+09,0.100607,-0.069343,-0.471109
2,1.75207e+09,0.070386,-0.0354226,-0.537137
2,1.75207e+09,-0.412293,-0.159981,0.268322
0,1.75207e+09,0.0711248,-0.0351565,-0.53825
1,1.75207e+09,0.0711248,-0.0351565,-0.53825
0,1.75207e+09,-0.349128,-0.158827,0.157346
2,1.75207e+09,-0.349128,-0.158827,0.157346
2,1.75207e+09,0.0712133,-0.0356435,-0.538561
1,1.75207e+09,0.0712133,-0.0356435,-0.538561
1,1.75207e+09,0.0712133,-0.0356435,-0.538561
2,1.75207e+09,0.0712133,-0.0356435,-0.538561
2,1.75207e+09,0.0712133,-0.0356435,-0.538561
1,1.75207e+09,0.0712133,-0.0356435,-0.538561
0,1.75207e+09,0.0711574,-0.0349158,-0.538262
2,1.75207e+09,0.0711574,-0.0349158,-0.538262
1,1.75207e+09,0.0711574,-0.0349158,-0.538262
0,1.75207e+09,0.0711574,-0.0349158,-0.538262
1,1.75207e+09,0.105174,-0.0664993,-0.458141
2,1.75207e+09,-0.37658,-0.151313,0.215656
0,1.75207e+09,-0.3136,-0.134011,0.126885
2,1.75207e+09,-0.3136,-0.134011,0.126885
1,1.75207e+09,0.069599,-0.033668,-0.534984
2,1.75207e+09,0.103835,-0.0613282,-0.444032
1,1.75207e+09,0.0701699,-0.0326458,-0.535429
2,1.75207e+09,0.0701699,-0.0326458,-0.535429
1,1.75207e+09,0.0701699,-0.0326458,-0.535429
2,1.75207e+09,0.0701699,-0.0326458,-0.535429
2,1.75207e+09,-0.174376,-0.108573,-0.094015
1,1.75207e+09,-0.174376,-0.108573,-0.094015
0,1.75207e+09,-0.145404,-0.10709,-0.150831
2,1.75207e+09,-0.145404,-0.10709,-0.150831
1,1.75207e+09,-0.143546,-0.103232,-0.137597
2,1.75207e+09,-0.143546,-0.103232,-0.137597
0,1.75207e+09,0.232434,-0.137983,-0.661227
1,1.75207e+09,0.232434,-0.137983,-0.661227
2,1.75207e+09,0.232434,-0.137983,-0.661227
2,1.75207e+09,0.232434,-0.137983,-0.661227
1,1.75207e+09,0.232434,-0.137983,-0.661227
1,1.75207e+09,0.139381,-0.126468,-0.533767
2,1.75207e+09,0.139381,-0.126468,-0.533767
1,1.75207e+09,-0.0985512,-0.0967854,-0.217598
2,1.75207e+09,-0.0985512,-0.0967854,-0.217598
1,1.75207e+09,-0.0985512,-0.0967854,-0.217598
2,1.75207e+09,-0.137021,-0.105522,-0.163582
1,1.75207e+09,-0.137021,-0.105522,-0.163582
2,1.75207e+09,-0.140536,-0.106598,-0.159167
1,1.75207e+09,-0.140536,-0.106598,-0.159167
2,1.75207e+09,-0.141467,-0.106443,-0.156849
1,1.75207e+09,-0.141467,-0.106443,-0.156849
2,1.75207e+09,0.0700291,-0.0328368,-0.535498
1,1.75207e+09,0.0700291,-0.0328368,-0.535498
1,1.75207e+09,0.0700291,-0.0328368,-0.535498
0,1.75207e+09,0.0700291,-0.0328368,-0.535498
2,1.75207e+09,0.0697657,-0.0326931,-0.534794
1,1.75207e+09,0.0697657,-0.0326931,-0.534794
0,1.75207e+09,-0.231892,-0.140292,-0.02954
2,1.75207e+09,-0.231892,-0.140292,-0.02954
2,1.75207e+09,-0.231892,-0.140292,-0.02954
1,1.75207e+09,-0.231892,-0.140292,-0.02954
0,1.75207e+09,-0.33357,-0.151562,0.137074
2,1.75207e+09,-0.33357,-0.151562,0.137074
1,1.75207e+09,0.0714965,-0.0366564,-0.539327
2,1.75207e+09,0.0714965,-0.0366564,-0.539327
1,1.75207e+09,0.0714965,-0.0366564,-0.539327
0,1.75207e+09,0.0714965,-0.0366564,-0.539327
1,1.75207e+09,0.0714965,-0.0366564,-0.539327
2,1.75207e+09,-0.242573,-0.149525,-0.0141153
0,1.75207e+09,0.0703671,-0.0342656,-0.536568
1,1.75207e+09,0.0703671,-0.0342656,-0.536568
2,1.75207e+09,-0.376137,-0.162481,0.201597
0,1.75207e+09,-0.302887,-0.152533,0.0832829
1,1.75207e+09,-0.302887,-0.152533,0.0832829
2,1.75207e+09,-0.313026,-0.145791,0.104615
1,1.75207e+09,-0.313026,-0.145791,0.104615
1,1.75207e+09,-0.313026,-0.145791,0.104615
2,1.75207e+09,-0.313026,-0.145791,0.104615
1,1.75207e+09,0.100989,-0.0614537,-0.448961
0,1.75207e+09,0.100989,-0.0614537,-0.448961
1,1.75207e+09,0.100989,-0.0614537,-0.448961
2,1.75207e+09,0.100832,-0.0612046,-0.447251
1,1.75207e+09,-0.199845,-0.113056,-0.0533726
2,1.75207e+09,-0.199845,-0.113056,-0.0533726
1,1.75207e+09,-0.199845,-0.113056,-0.0533726
1,1.75207e+09,-0.199845,-0.113056,-0.0533726
2,1.75207e+09,0.234643,-0.136013,-0.664345
1,1.75207e+09,0.234643,-0.136013,-0.664345
1,1.75207e+09,0.234643,-0.136013,-0.664345
2,1.75207e+09,0.234643,-0.136013,-0.664345
1,1.75207e+09,-0.142685,-0.10216,-0.128371
2,1.75207e+09,-0.142685,-0.10216,-0.128371
1,1.75207e+09,-0.16782,-0.106385,-0.0949053
1,1.75207e+09,-0.341431,-0.017538,0.144514
2,1.75207e+09,-0.27278,-0.0378785,0.0548846
2,1.75207e+09,-0.27278,-0.0378785,0.0548846
1,1.75207e+09,-0.27278,-0.0378785,0.0548846
2,1.75207e+09,-0.240197,-0.125079,-0.000435442
1,1.75207e+09,-0.240197,-0.125079,-0.000435442
2,1.75207e+09,-0.242124,-0.124327,0.00258592
1,1.75207e+09,-0.242124,-0.124327,0.00258592
2,1.75207e+09,-0.352493,-0.107765,0.172124
2,1.75207e+09,-0.352493,-0.107765,0.172124
1,1.75207e+09,0.070121,-0.033583,-0.535975
2,1.75207e+09,-0.30832,-0.116964,0.0923999
1,1.75207e+09,-0.30832,-0.116964,0.0923999
1,1.75207e+09,0.070121,-0.033583,-0.535975
2,1.75207e+09,0.0720287,-0.0347866,-0.539818
1,1.75207e+09,0.0720287,-0.0347866,-0.539818
2,1.75207e+09,0.0652399,-0.0355812,-0.528228
1,1.75207e+09,0.0652399,-0.0355812,-0.528228
0,1.75207e+09,0.0652399,-0.0355812,-0.528228
2,1.75207e+09,0.0652399,-0.0355812,-0.528228
0,1.75207e+09,0.0702571,-0.0374426,-0.537389
1,1.75207e+09,0.0702571,-0.0374426,-0.537389
1,1.75207e+09,0.0701147,-0.0373199,-0.537673
0,1.75207e+09,0.0701147,-0.0373199,-0.537673
2,1.75207e+09,0.070177,-0.0374259,-0.5378
1,1.75207e+09,0.0701147,-0.0373199,-0.537673
1,1.75207e+09,0.0701039,-0.0373242,-0.537717
2,1.75207e+09,0.107628,-0.0731633,-0.474627
0,1.75207e+09,0.0701039,-0.0373242,-0.537717
1,1.75207e+09,-0.243794,-0.149998,-0.0121296
2,1.75207e+09,-0.243794,-0.149998,-0.0121296
0,1.75207e+09,0.0705964,-0.0344339,-0.537077
1,1.75207e+09,0.0705964,-0.0344339,-0.537077
0,1.75207e+09,0.105736,-0.060199,-0.441229
2,1.75207e+09,-0.325213,-0.131449,0.158933
1,1.75207e+09,0.105736,-0.060199,-0.441229
0,1.75207e+09,-0.25756,-0.0983378,0.0216605
1,1.75207e+09,-0.25756,-0.0983378,0.0216605
0,1.75207e+09,-0.25756,-0.0983378,0.0216605
2,1.75207e+09,-0.476695,0.0040265,0.347832
1,1.75207e+09,-0.476695,0.0040265,0.347832
0,1.75207e+09,0.215643,-0.137689,-0.642095
2,1.75207e+09,-0.476695,0.0040265,0.347832
1,1.75207e+09,0.215643,-0.137689,-0.642095
0,1.75207e+09,0.215643,-0.137689,-0.642095
1,1.75207e+09,-0.314102,-0.0110197,0.129219
2,1.75207e+09,-0.314102,-0.0110197,0.129219
1,1.75207e+09,-0.31509,-0.0106732,0.130767
0,1.75207e+09,-0.31509,-0.0106732,0.130767
2,1.75207e+09,-0.312654,-0.0123871,0.128512
1,1.75207e+09,-0.217579,-0.0444902,-0.0183688
2,1.75207e+09,-0.217579,-0.0444902,-0.0183688
0,1.75207e+09,-0.335414,-0.0224675,0.135369
0,1.75207e+09,-0.335414,-0.0224675,0.135369
1,1.75207e+09,-0.267986,-0.0337285,0.0518982
2,1.75207e+09,-0.267986,-0.0337285,0.0518982
1,1.75207e+09,-0.432853,-0.022086,0.282048
2,1.75207e+09,-0.432853,-0.022086,0.282048
1,1.75207e+09,-0.432853,-0.022086,0.282048
2,1.75207e+09,-0.206771,-0.115064,-0.0431369
1,1.75207e+09,-0.206771,-0.115064,-0.0431369
2,1.75207e+09,-0.327974,-0.110698,0.127584
1,1.75207e+09,-0.327974,-0.110698,0.127584
2,1.75207e+09,-0.327974,-0.110698,0.127584
2,1.75207e+09,0.0717846,-0.0331968,-0.538437
1,1.75207e+09,0.0717846,-0.0331968,-0.538437
2,1.75207e+09,0.0717846,-0.0331968,-0.538437
1,1.75207e+09,0.0717846,-0.0331968,-0.538437
2,1.75207e+09,0.0717846,-0.0331968,-0.538437
1,1.75207e+09,0.0717846,-0.0331968,-0.538437
2,1.75207e+09,0.0705703,-0.0355192,-0.537918
1,1.75207e+09,0.0705703,-0.0355192,-0.537918
2,1.75207e+09,0.0705703,-0.0355192,-0.537918
1,1.75207e+09,-0.342344,-0.163244,0.148422
2,1.75207e+09,0.0705703,-0.0355192,-0.537918
2,1.75207e+09,0.0705703,-0.0355192,-0.537918
1,1.75207e+09,0.101987,-0.0730636,-0.478279
2,1.75207e+09,0.101987,-0.0730636,-0.478279
1,1.75207e+09,0.0698318,-0.0358165,-0.53662
0,1.75207e+09,0.101726,-0.0732454,-0.478472
2,1.75207e+09,0.0686603,-0.0358531,-0.534857
1,1.75207e+09,0.0686603,-0.0358531,-0.534857
2,1.75207e+09,0.101779,-0.0748328,-0.480505
1,1.75207e+09,-0.229579,-0.159302,-0.028853
2,1.75207e+09,0.0690794,-0.0356909,-0.535526
1,1.75207e+09,0.0706197,-0.0372791,-0.538647
2,1.75207e+09,0.0706197,-0.0372791,-0.538647
1,1.75207e+09,0.103123,-0.075377,-0.484669
1,1.75207e+09,0.0702983,-0.0349952,-0.536832
0,1.75207e+09,0.0702983,-0.0349952,-0.536832
1,1.75207e+09,0.0702983,-0.0349952,-0.536832
2,1.75207e+09,0.0702983,-0.0349952,-0.536832
1,1.75207e+09,-0.302163,-0.151506,0.0830637
0,1.75207e+09,0.0720095,-0.0321327,-0.538369
2,1.75207e+09,0.0720095,-0.0321327,-0.538369
1,1.75207e+09,0.0720095,-0.0321327,-0.538369
2,1.75207e+09,0.0720095,-0.0321327,-0.538369
0,1.75207e+09,0.103717,-0.0613514,-0.439404
1,1.75207e+09,0.0698239,-0.033745,-0.535316
2,1.75207e+09,0.0698239,-0.033745,-0.535316
1,1.75207e+09,0.0698329,-0.0336957,-0.535407
0,1.75207e+09,0.0711923,-0.0325447,-0.537167
2,1.75207e+09,0.0711923,-0.0325447,-0.537167
1,1.75207e+09,-0.245505,-0.0924548,0.00625876
2,1.75207e+09,-0.245505,-0.0924548,0.00625876
1,1.75207e+09,-0.177031,-0.109327,-0.0871004
1,1.75207e+09,-0.177031,-0.109327,-0.0871004
1,1.75207e+09,-0.167748,-0.106615,-0.0977537
2,1.75207e+09,-0.167748,-0.106615,-0.0977537
1,1.75207e+09,-0.150589,-0.0481986,-0.146219
1,1.75207e+09,-0.150589,-0.0481986,-0.146219
2,1.75207e+09,-0.150589,-0.0481986,-0.146219
1,1.75207e+09,-0.313511,0.0059618,0.124195
2,1.75207e+09,-0.313511,0.0059618,0.124195
1,1.75207e+09,-0.0978117,-0.0956883,-0.192517
2,1.75207e+09,-0.0978117,-0.0956883,-0.192517
1,1.75207e+09,-0.316258,0.00449664,0.128421
2,1.75207e+09,-0.316258,0.00449664,0.128421
1,1.75207e+09,-0.298129,-0.0158704,0.104357
2,1.75207e+09,-0.332621,-0.0103934,0.151359
1,1.75207e+09,-0.154465,-0.0476975,-0.140521
2,1.75207e+09,-0.427356,-0.00643075,0.273832
1,1.75207e+09,-0.427356,-0.00643075,0.273832
2,1.75207e+09,-0.182678,-0.108249,-0.0687378
2,1.75207e+09,-0.182678,-0.108249,-0.0687378
1,1.75207e+09,0.0690393,-0.0362974,-0.518685
2,1.75207e+09,0.0690393,-0.0362974,-0.518685
2,1.75207e+09,0.06949,-0.0360513,-0.519443
1,1.75207e+09,0.06949,-0.0360513,-0.519443
1,1.75207e+09,-2.22249,0.257516,2.98275
2,1.75207e+09,-1.94658,0.114024,2.58846
1,1.75207e+09,-1.94658,0.114024,2.58846
2,1.75207e+09,-1.94658,0.114024,2.58846
1,1.75207e+09,-1.94658,0.114024,2.58846
1,1.75207e+09,-0.52253,-0.160503,0.482386
2,1.75207e+09,-0.52253,-0.160503,0.482386
1,1.75207e+09,0.0732884,-0.0357976,-0.542335
2,1.75207e+09,0.0732884,-0.0357976,-0.542335
0,1.75207e+09,0.073308,-0.03579,-0.542236
1,1.75207e+09,0.0734274,-0.0391246,-0.538391
0,1.75207e+09,0.0734274,-0.0391246,-0.538391
2,1.75207e+09,0.0734274,-0.0391246,-0.538391
1,1.75207e+09,0.0741642,-0.0391161,-0.53952
2,1.75207e+09,0.0741642,-0.0391161,-0.53952
1,1.75207e+09,0.0735632,-0.0396367,-0.542879
0,1.75207e+09,0.0735632,-0.0396367,-0.542879
1,1.75207e+09,0.0738957,-0.0375297,-0.541901
0,1.75207e+09,0.0738957,-0.0375297,-0.541901
1,1.75207e+09,0.108398,-0.0669073,-0.455573
2,1.75207e+09,2.66746,-0.36514,-4.55574
1,1.75207e+09,-1.11855,0.028208,1.34545
2,1.75207e+09,-1.11855,0.028208,1.34545
2,1.75207e+09,-1.11855,0.028208,1.34545
2,1.75207e+09,-0.45144,-0.0436084,0.386256
1,1.75207e+09,-1.30049,0.094134,1.63325
2,1.75207e+09,-1.30049,0.094134,1.63325
1,1.75207e+09,-3.50374,0.530484,4.91379
2,1.75207e+09,-1.5818,0.209939,2.04969
2,1.75207e+09,-1.5818,0.209939,2.04969
2,1.75207e+09,-0.61082,0.0386189,0.640473
0,1.75207e+09,-0.61082,0.0386189,0.640473
2,1.75207e+09,-0.61082,0.0386189,0.640473
0,1.75207e+09,-0.574567,0.0261649,0.584593
2,1.75207e+09,-0.574567,0.0261649,0.584593
2,1.75207e+09,-0.574567,0.0261649,0.584593
2,1.75207e+09,-0.754506,0.0578657,0.861711
2,1.75207e+09,-0.754506,0.0578657,0.861711
2,1.75207e+09,-0.619864,0.0210466,0.658346
0,1.75207e+09,-0.700623,0.0316705,0.790485
2,1.75207e+09,-0.700623,0.0316705,0.790485
0,1.75207e+09,-2.11265,0.28343,2.85779
1,1.75207e+09,-2.08823,0.267966,2.83539
2,1.75207e+09,-2.42387,0.284398,3.29111
1,1.75207e+09,-2.42387,0.284398,3.29111
2,1.75207e+09,-1.58907,0.0973653,2.0674
0,1.75207e+09,-1.58907,0.0973653,2.0674
1,1.75207e+09,-1.58907,0.0973653,2.0674
2,1.75207e+09,-1.45921,-0.0305801,1.87205
0,1.75207e+09,-1.45921,-0.0305801,1.87205
2,1.75207e+09,-1.718,-0.0244685,2.26485
0,1.75207e+09,-1.718,-0.0244685,2.26485
2,1.75207e+09,-1.51581,-0.0434254,1.96296
0,1.75207e+09,-2.08689,-0.107137,2.83563
0,1.75207e+09,-2.08689,-0.107137,2.83563
2,1.75207e+09,0.0750143,-0.0390219,-0.549571
2,1.75207e+09,0.0750143,-0.0390219,-0.549571
2,1.75207e+09,0.0750143,-0.0390219,-0.549571
2,1.75207e+09,0.0750143,-0.0390219,-0.549571
2,1.75207e+09,0.0779433,-0.0385222,-0.544006
0,1.75207e+09,0.0779433,-0.0385222,-0.544006
2,1.75207e+09,-3.71477,-0.0216358,5.38568
2,1.75207e+09,0.076718,-0.039328,-0.55561
1,1.75207e+09,0.076718,-0.039328,-0.55561
1,1.75207e+09,0.0768422,-0.0391805,-0.548886
2,1.75207e+09,0.0768422,-0.0391805,-0.548886
1,1.75207e+09,-0.626262,0.00913897,0.869825
1,1.75207e+09,-0.626262,0.00913897,0.869825
2,1.75207e+09,-0.626262,0.00913897,0.869825
1,1.75207e+09,-0.626262,0.00913897,0.869825
1,1.75207e+09,-0.606314,0.0102555,0.833022
1,1.75207e+09,-0.690515,0.0781169,0.967499
2,1.75207e+09,-0.690515,0.0781169,0.967499
1,1.75207e+09,-0.690515,0.0781169,0.967499
2,1.75207e+09,-0.690515,0.0781169,0.967499
1,1.75207e+09,-0.690515,0.0781169,0.967499
1,1.75207e+09,-0.690515,0.0781169,0.967499
2,1.75207e+09,0.10385,-0.0435998,-0.358705
1,1.75207e+09,0.10385,-0.0435998,-0.358705
2,1.75207e+09,0.10385,-0.0435998,-0.358705
1,1.75207e+09,0.10385,-0.0435998,-0.358705
1,1.75207e+09,0.103644,-0.0435845,-0.358051
1,1.75207e+09,0.103644,-0.0435845,-0.358051
1,1.75207e+09,0.104098,-0.0448974,-0.357856
1,1.75207e+09,0.104098,-0.0448974,-0.357856
1,1.75207e+09,0.104098,-0.0448974,-0.357856
1,1.75207e+09,0.104098,-0.0448974,-0.357856
1,1.75207e+09,0.104098,-0.0448974,-0.357856
1,1.75207e+09,0.105122,-0.0461814,-0.358747
1,1.75207e+09,0.105621,-0.0461762,-0.361364
1,1.75207e+09,0.106193,-0.0472645,-0.363369
1,1.75207e+09,0.0756586,-0.0370052,-0.550612
1,1.75207e+09,0.0756586,-0.0370052,-0.550612
1,1.75207e+09,0.0756586,-0.0370052,-0.550612
1,1.75207e+09,0.0758162,-0.0369439,-0.548299
1,1.75207e+09,0.0755528,-0.0375758,-0.548922
1,1.75207e+09,0.0755528,-0.0375758,-0.548922
1,1.75207e+09,0.109776,-0.0507416,-0.381738
1,1.75207e+09,0.100508,-0.0578185,-0.431195
1,1.75207e+09,0.100508,-0.0578185,-0.431195
1,1.75207e+09,0.115295,-0.0535487,-0.389623
1,1.75207e+09,0.115295,-0.0535487,-0.389623
1,1.75207e+09,0.115295,-0.0535487,-0.389623
0,1.75207e+09,0.114498,-0.0546397,-0.398071
1,1.75207e+09,0.119727,-0.0620792,-0.426342
1,1.75207e+09,0.119727,-0.0620792,-0.426342
1,1.75207e+09,0.119727,-0.0620792,-0.426342
1,1.75207e+09,0.119727,-0.0620792,-0.426342
2,1.75207e+09,0.119727,-0.0620792,-0.426342
1,1.75207e+09,0.119727,-0.0620792,-0.426342
1,1.75207e+09,-1.01634,-0.0454949,1.92021
1,1.75207e+09,-1.01634,-0.0454949,1.92021
1,1.75207e+09,-0.0490863,-0.116207,-0.245685
1,1.75207e+09,-0.0490863,-0.116207,-0.245685
2,1.75207e+09,-0.0490863,-0.116207,-0.245685
1,1.75207e+09,-0.043963,-0.117941,-0.251055
1,1.75207e+09,-0.043963,-0.117941,-0.251055
2,1.75207e+09,-1.36903,-0.0247981,2.73199
1,1.75207e+09,-1.36903,-0.0247981,2.73199
2,1.75207e+09,-1.36903,-0.0247981,2.73199
1,1.75207e+09,-1.06144,-0.034192,2.12707
1,1.75207e+09,-1.27589,-0.0143658,2.67466
2,1.75207e+09,-1.27589,-0.0143658,2.67466
1,1.75207e+09,-1.27589,-0.0143658,2.67466
2,1.75207e+09,-1.01682,-0.0299455,2.06045
1,1.75207e+09,-1.01682,-0.0299455,2.06045
1,1.75207e+09,-1.01682,-0.0299455,2.06045
2,1.75207e+09,0.0828872,-0.0456873,-0.611958
1,1.75207e+09,0.0828872,-0.0456873,-0.611958
1,1.75207e+09,0.0828872,-0.0456873,-0.611958
1,1.75207e+09,0.0828872,-0.0456873,-0.611958
1,1.75207e+09,0.0828872,-0.0456873,-0.611958
1,1.75207e+09,0.0828872,-0.0456873,-0.611958
1,1.75207e+09,0.0828872,-0.0456873,-0.611958
1,1.75207e+09,0.0828872,-0.0456873,-0.611958
1,1.75207e+09,0.0828872,-0.0456873,-0.611958
2,1.75207e+09,0.0828872,-0.0456873,-0.611958
1,1.75207e+09,0.0828872,-0.0456873,-0.611958
1,1.75207e+09,0.0828872,-0.0456873,-0.611958
1,1.75207e+09,0.0828872,-0.0456873,-0.611958
1,1.75207e+09,0.0828872,-0.0456873,-0.611958
1,1.75207e+09,0.0828872,-0.0456873,-0.611958
1,1.75207e+09,0.0828872,-0.0456873,-0.611958
1,1.75207e+09,0.0828872,-0.0456873,-0.611958
1,1.75207e+09,0.0828872,-0.0456873,-0.611958
2,1.75207e+09,0.0828872,-0.0456873,-0.611958
1,1.75207e+09,0.0828872,-0.0456873,-0.611958
2,1.75207e+09,0.0828872,-0.0456873,-0.611958
1,1.75207e+09,0.0828872,-0.0456873,-0.611958
1,1.75207e+09,0.0828872,-0.0456873,-0.611958
1,1.75207e+09,0.0828872,-0.0456873,-0.611958
1,1.75207e+09,0.0828872,-0.0456873,-0.611958
1,1.75207e+09,0.0828872,-0.0456873,-0.611958
2,1.75207e+09,-0.543142,-0.0344926,1.0753
2,1.75207e+09,-0.543142,-0.0344926,1.0753
1,1.75207e+09,-0.543142,-0.0344926,1.0753
1,1.75207e+09,-0.543142,-0.0344926,1.0753
2,1.75207e+09,-0.543142,-0.0344926,1.0753
1,1.75207e+09,0.685594,-0.188531,-1.51288
1,1.75207e+09,0.685594,-0.188531,-1.51288
2,1.75207e+09,0.685594,-0.188531,-1.51288
2,1.75207e+09,0.685594,-0.188531,-1.51288
1,1.75207e+09,0.685594,-0.188531,-1.51288
2,1.75207e+09,0.685594,-0.188531,-1.51288
1,1.75207e+09,-0.882292,0.0348215,1.99456
2,1.75207e+09,0.692848,-0.185944,-1.52617
1,1.75207e+09,-0.882292,0.0348215,1.99456
1,1.75207e+09,0.692848,-0.185944,-1.52617
2,1.75207e+09,-1.67102,0.135698,3.72694
1,1.75207e+09,-1.67102,0.135698,3.72694
2,1.75207e+09,-1.67102,0.135698,3.72694
1,1.75207e+09,-1.28415,0.0856437,2.86032
2,1.75207e+09,-1.28415,0.0856437,2.86032
1,1.75207e+09,-1.42355,0.107953,3.2072
2,1.75207e+09,-1.42355,0.107953,3.2072
1,1.75207e+09,-1.42355,0.107953,3.2072
2,1.75207e+09,-1.42355,0.107953,3.2072
1,1.75207e+09,0.691142,-0.187191,-1.52506
2,1.75207e+09,0.691142,-0.187191,-1.52506
1,1.75207e+09,0.691142,-0.187191,-1.52506
2,1.75207e+09,0.691142,-0.187191,-1.52506
1,1.75207e+09,0.691142,-0.187191,-1.52506
2,1.75207e+09,0.691142,-0.187191,-1.52506
1,1.75207e+09,0.691142,-0.187191,-1.52506
2,1.75207e+09,0.691142,-0.187191,-1.52506
2,1.75207e+09,0.691142,-0.187191,-1.52506
1,1.75207e+09,0.69178,-0.183726,-1.52393
2,1.75207e+09,0.69178,-0.183726,-1.52393
1,1.75207e+09,0.69178,-0.183726,-1.52393
1,1.75207e+09,0.69178,-0.183726,-1.52393
2,1.75207e+09,0.69178,-0.183726,-1.52393
1,1.75207e+09,0.69178,-0.183726,-1.52393
2,1.75207e+09,0.69178,-0.183726,-1.52393
1,1.75207e+09,0.69178,-0.183726,-1.52393
2,1.75207e+09,0.69178,-0.183726,-1.52393
2,1.75207e+09,0.689666,-0.180676,-1.52099
1,1.75207e+09,0.689696,-0.182809,-1.5215
1,1.75207e+09,0.67168,-0.174577,-1.49314
2,1.75207e+09,0.67168,-0.174577,-1.49314
1,1.75207e+09,0.67168,-0.174577,-1.49314
1,1.75207e+09,0.67168,-0.174577,-1.49314
2,1.75207e+09,0.67168,-0.174577,-1.49314
2,1.75207e+09,0.546394,-0.160942,-1.28781
1,1.75207e+09,0.546394,-0.160942,-1.28781
1,1.75207e+09,0.543965,-0.164305,-1.28332
2,1.75207e+09,0.543965,-0.164305,-1.28332
1,1.75207e+09,0.543965,-0.164305,-1.28332
2,1.75207e+09,0.796653,-0.186361,-1.69775
2,1.75207e+09,0.796653,-0.186361,-1.69775
1,1.75207e+09,0.796653,-0.186361,-1.69775
2,1.75207e+09,0.796653,-0.186361,-1.69775
1,1.75207e+09,0.668448,-0.17653,-1.48651
2,1.75207e+09,0.668448,-0.17653,-1.48651
2,1.75207e+09,0.679297,-0.180907,-1.5037
1,1.75207e+09,0.679297,-0.180907,-1.5037
1,1.75207e+09,0.679297,-0.180907,-1.5037
2,1.75207e+09,0.679297,-0.180907,-1.5037
2,1.75207e+09,0.687081,-0.180063,-1.51863
1,1.75207e+09,0.687081,-0.180063,-1.51863
1,1.75207e+09,0.686793,-0.182559,-1.51682
2,1.75207e+09,0.686793,-0.182559,-1.51682
1,1.75207e+09,0.68464,-0.181634,-1.51341
2,1.75207e+09,0.68464,-0.181634,-1.51341
1,1.75207e+09,0.687095,-0.180417,-1.51858
2,1.75207e+09,0.687095,-0.180417,-1.51858
2,1.75207e+09,0.683303,-0.178683,-1.51239
1,1.75207e+09,0.683303,-0.178683,-1.51239
2,1.75207e+09,0.683303,-0.178683,-1.51239
0,1.75207e+09,0.683303,-0.178683,-1.51239
2,1.75207e+09,0.682448,-0.181324,-1.51069
1,1.75207e+09,0.689769,-0.184936,-1.52312
2,1.75207e+09,0.694325,-0.184449,-1.53081
1,1.75207e+09,0.694325,-0.184449,-1.53081
0,1.75207e+09,0.691511,-0.186583,-1.52574
0,1.75207e+09,0.691511,-0.186583,-1.52574
2,1.75207e+09,0.691511,-0.186583,-1.52574
1,1.75207e+09,0.691511,-0.186583,-1.52574
1,1.75207e+09,0.468517,-0.105288,-1.12152
0,1.75207e+09,0.468517,-0.105288,-1.12152
2,1.75207e+09,0.476809,-0.102766,-1.13582
1,1.75207e+09,0.476809,-0.102766,-1.13582
2,1.75207e+09,0.473472,-0.10287,-1.13161
1,1.75207e+09,0.473472,-0.10287,-1.13161
2,1.75207e+09,-2.22239,0.164411,5.02014
0,1.75207e+09,-2.22239,0.164411,5.02014
2,1.75207e+09,-2.07843,0.153166,4.67825
1,1.75207e+09,-1.87432,0.130839,4.16815
0,1.75207e+09,-1.87432,0.130839,4.16815
2,1.75207e+09,-1.87432,0.130839,4.16815
0,1.75207e+09,-2.37748,0.182167,5.36651
1,1.75207e+09,-2.39729,0.190046,5.41909
2,1.75207e+09,-2.39729,0.190046,5.41909
0,1.75207e+09,0.83899,-0.189482,-1.76798
2,1.75207e+09,0.83899,-0.189482,-1.76798
0,1.75207e+09,0.83899,-0.189482,-1.76798
1,1.75207e+09,0.83899,-0.189482,-1.76798
2,1.75207e+09,0.686365,-0.181958,-1.51246
0,1.75207e+09,0.686365,-0.181958,-1.51246
2,1.75207e+09,0.686365,-0.181958,-1.51246
0,1.75207e+09,0.701188,-0.186089,-1.54062
1,1.75207e+09,0.701188,-0.186089,-1.54062
2,1.75207e+09,0.711177,-0.186983,-1.5561
0,1.75207e+09,0.711177,-0.186983,-1.5561
2,1.75207e+09,0.711177,-0.186983,-1.5561
0,1.75207e+09,0.711177,-0.186983,-1.5561
1,1.75207e+09,0.437111,-0.0990987,-1.21964
2,1.75207e+09,0.437111,-0.0990987,-1.21964
2,1.75207e+09,0.437111,-0.0990987,-1.21964
0,1.75207e+09,-1.73385,0.132165,3.81859
1,1.75207e+09,-1.73385,0.132165,3.81859
2,1.75207e+09,-1.73385,0.132165,3.81859
0,1.75207e+09,0.409038,-0.107043,-1.14523
1,1.75207e+09,0.409038,-0.107043,-1.14523
2,1.75207e+09,-1.10173,0.0684671,2.24114
0,1.75207e+09,-1.10173,0.0684671,2.24114
1,1.75207e+09,-1.10173,0.0684671,2.24114
1,1.75207e+09,0.0785319,-0.0409831,-0.575268
0,1.75207e+09,0.0785319,-0.0409831,-0.575268
2,1.75207e+09,-0.672575,0.0326138,1.30919
1,1.75207e+09,0.0785319,-0.0409831,-0.575268
0,1.75207e+09,0.0785319,-0.0409831,-0.575268
2,1.75207e+09,0.0785319,-0.0409831,-0.575268
0,1.75207e+09,0.141097,-0.0830362,-0.543247
2,1.75207e+09,0.0796458,-0.0362105,-0.534461
1,1.75207e+09,0.434062,-0.117353,-1.04946
0,1.75207e+09,0.0796458,-0.0362105,-0.534461
2,1.75207e+09,0.0796458,-0.0362105,-0.534461
1,1.75207e+09,0.141488,-0.0818598,-0.540085
0,1.75207e+09,0.355918,-0.122928,-1.00238
1,1.75207e+09,0.355918,-0.122928,-1.00238
2,1.75207e+09,0.0756653,-0.0370535,-0.551191
0,1.75207e+09,0.0756653,-0.0370535,-0.551191
2,1.75207e+09,0.101347,-0.0266584,-0.289489
1,1.75207e+09,0.101347,-0.0266584,-0.289489
0,1.75207e+09,0.0744598,-0.0364495,-0.54008
2,1.75207e+09,0.0744598,-0.0364495,-0.54008
1,1.75207e+09,0.0744598,-0.0364495,-0.54008
0,1.75207e+09,0.0744598,-0.0364495,-0.54008
2,1.75207e+09,0.0744598,-0.0364495,-0.54008
1,1.75207e+09,0.103498,-0.0364421,-0.298434
2,1.75207e+09,0.103498,-0.0364421,-0.298434
0,1.75207e+09,0.0732479,-0.0355387,-0.535839
1,1.75207e+09,0.0732479,-0.0355387,-0.535839
2,1.75207e+09,0.0732479,-0.0355387,-0.535839
0,1.75207e+09,0.0727513,-0.0356962,-0.537908
1,1.75207e+09,0.0727513,-0.0356962,-0.537908
2,1.75207e+09,0.0727513,-0.0356962,-0.537908
0,1.75207e+09,0.0727513,-0.0356962,-0.537908
2,1.75207e+09,0.0727513,-0.0356962,-0.537908
1,1.75207e+09,0.0726416,-0.0356384,-0.537555
0,1.75207e+09,0.0726416,-0.0356384,-0.537555
2,1.75207e+09,0.102929,-0.0394024,-0.30981
2,1.75207e+09,0.0726944,-0.0356536,-0.537898
1,1.75207e+09,0.0726944,-0.0356536,-0.537898
0,1.75207e+09,0.0725222,-0.0354583,-0.536967
2,1.75207e+09,0.0725222,-0.0354583,-0.536967
1,1.75207e+09,0.102889,-0.0386224,-0.306334
0,1.75207e+09,0.0725222,-0.0354583,-0.536967
2,1.75207e+09,0.0725245,-0.0353384,-0.536236
1,1.75207e+09,0.0725245,-0.0353384,-0.536236
0,1.75207e+09,0.0725245,-0.0353384,-0.536236
2,1.75207e+09,-0.448063,0.0757242,0.749176
1,1.75207e+09,0.0725281,-0.0354607,-0.537066
0,1.75207e+09,0.0725281,-0.0354607,-0.537066
2,1.75207e+09,0.072625,-0.0356714,-0.537934
0,1.75207e+09,0.0721111,-0.0352141,-0.535669
1,1.75207e+09,0.103623,-0.0389628,-0.309293
2,1.75207e+09,0.103899,-0.0388403,-0.306876
1,1.75207e+09,0.0721111,-0.0352141,-0.535669
2,1.75207e+09,0.103899,-0.0388403,-0.306876
0,1.75207e+09,0.0718202,-0.0349843,-0.534003
1,1.75207e+09,0.0718202,-0.0349843,-0.534003
2,1.75207e+09,0.0718202,-0.0349843,-0.534003
2,1.75207e+09,0.0718202,-0.0349843,-0.534003
0,1.75207e+09,0.0722206,-0.0350712,-0.534513
1,1.75207e+09,0.0722206,-0.0350712,-0.534513
2,1.75207e+09,0.0722206,-0.0350712,-0.534513
0,1.75207e+09,0.0722206,-0.0350712,-0.534513
2,1.75207e+09,-0.436784,0.0781234,0.73477
1,1.75207e+09,0.0722989,-0.0352441,-0.534681
2,1.75207e+09,0.0722989,-0.0352441,-0.534681
0,1.75207e+09,0.072104,-0.0349753,-0.533473
1,1.75207e+09,0.072104,-0.0349753,-0.533473
0,1.75207e+09,0.072104,-0.0349753,-0.533473
2,1.75207e+09,0.0721233,-0.0352412,-0.534024
1,1.75207e+09,0.0721233,-0.0352412,-0.534024
2,1.75207e+09,0.0721233,-0.0352412,-0.534024
0,1.75207e+09,-0.433283,0.0773473,0.730233
1,1.75207e+09,0.0721233,-0.0352412,-0.534024
0,1.75207e+09,0.0721233,-0.0352412,-0.534024
2,1.75207e+09,0.0721233,-0.0352412,-0.534024
1,1.75207e+09,0.0726297,-0.0350923,-0.53433
0,1.75207e+09,0.0726297,-0.0350923,-0.53433
2,1.75207e+09,0.0726297,-0.0350923,-0.53433
0,1.75207e+09,0.0726297,-0.0350923,-0.53433
1,1.75207e+09,0.102897,-0.0396123,-0.308211
0,1.75207e+09,-0.460981,0.0845789,0.776749
2,1.75207e+09,-0.460981,0.0845789,0.776749
1,1.75207e+09,0.0720908,-0.0351123,-0.533306
1,1.75207e+09,0.0720908,-0.0351123,-0.533306
0,1.75207e+09,0.0720908,-0.0351123,-0.533306
2,1.75207e+09,0.103272,-0.0387962,-0.30659
0,1.75207e+09,0.0722296,-0.0353167,-0.534615
1,1.75207e+09,0.0722296,-0.0353167,-0.534615
1,1.75207e+09,0.0722296,-0.0353167,-0.534615
0,1.75207e+09,0.0722296,-0.0353167,-0.534615
2,1.75207e+09,0.103448,-0.0383709,-0.306996
1,1.75207e+09,-0.590518,0.127517,1.03681
0,1.75207e+09,-0.590518,0.127517,1.03681
2,1.75207e+09,0.0727836,-0.0350453,-0.535527
1,1.75207e+09,-0.515901,0.098919,0.890451
0,1.75207e+09,0.0727836,-0.0350453,-0.535527
0,1.75207e+09,0.103073,-0.0391409,-0.30787
2,1.75207e+09,0.07316,-0.0353506,-0.537265
1,1.75207e+09,0.07316,-0.0353506,-0.537265
1,1.75207e+09,0.07316,-0.0353506,-0.537265
0,1.75207e+09,0.07316,-0.0353506,-0.537265
2,1.75207e+09,0.07316,-0.0353506,-0.537265
1,1.75207e+09,0.0729391,-0.0351919,-0.535443
2,1.75207e+09,0.0729391,-0.0351919,-0.535443
0,1.75207e+09,0.0729391,-0.0351919,-0.535443
1,1.75207e+09,0.103127,-0.0392085,-0.307386
2,1.75207e+09,0.0733313,-0.0352985,-0.53617
0,1.75207e+09,0.0733313,-0.0352985,-0.53617
1,1.75207e+09,0.0733313,-0.0352985,-0.53617
2,1.75207e+09,0.0733313,-0.0352985,-0.53617
0,1.75207e+09,0.0733313,-0.0352985,-0.53617
2,1.75207e+09,0.0727686,-0.0350831,-0.535037
0,1.75207e+09,0.0727686,-0.0350831,-0.535037
1,1.75207e+09,0.0727686,-0.0350831,-0.535037
0,1.75207e+09,0.0727686,-0.0350831,-0.535037
2,1.75207e+09,0.0727686,-0.0350831,-0.535037
1,1.75207e+09,0.0727686,-0.0350831,-0.535037
2,1.75207e+09,0.0728159,-0.0351187,-0.534088
1,1.75207e+09,0.0728375,-0.0351653,-0.534862
0,1.75207e+09,0.0728375,-0.0351653,-0.534862
2,1.75207e+09,0.0728375,-0.0351653,-0.534862
1,1.75207e+09,0.103694,-0.0384868,-0.306505
0,1.75207e+09,0.103694,-0.0384868,-0.306505
0,1.75207e+09,0.103694,-0.0384868,-0.306505
1,1.75207e+09,0.072652,-0.0352767,-0.534648
2,1.75207e+09,0.072652,-0.0352767,-0.534648
2,1.75207e+09,0.072652,-0.0352767,-0.534648
0,1.75207e+09,0.072652,-0.0352767,-0.534648
1,1.75207e+09,-0.538838,0.108077,0.938773
1,1.75207e+09,0.0725555,-0.0350834,-0.534155
0,1.75207e+09,0.0727146,-0.0352887,-0.535662
2,1.75207e+09,0.0727146,-0.0352887,-0.535662
1,1.75207e+09,0.0727146,-0.0352887,-0.535662
0,1.75207e+09,0.0727146,-0.0352887,-0.535662
2,1.75207e+09,-0.535521,0.105344,0.935143
1,1.75207e+09,0.0727146,-0.0352887,-0.535662
2,1.75207e+09,0.0723061,-0.0349416,-0.53306
0,1.75207e+09,0.0723061,-0.0349416,-0.53306
1,1.75207e+09,0.103649,-0.038764,-0.307875
2,1.75207e+09,0.0723061,-0.0349416,-0.53306
0,1.75207e+09,0.0723061,-0.0349416,-0.53306
1,1.75207e+09,0.104034,-0.0383905,-0.306185
2,1.75207e+09,0.0723963,-0.0349508,-0.533315
1,1.75207e+09,0.0723963,-0.0349508,-0.533315
2,1.75207e+09,0.0723963,-0.0349508,-0.533315
1,1.75207e+09,0.103343,-0.0380821,-0.303827
2,1.75207e+09,-0.546381,0.112685,0.95694
1,1.75207e+09,0.072983,-0.035189,-0.536002
2,1.75207e+09,0.072983,-0.035189,-0.536002
1,1.75207e+09,0.072983,-0.035189,-0.536002
2,1.75207e+09,0.072983,-0.035189,-0.536002
0,1.75207e+09,0.072971,-0.0351938,-0.536003
2,1.75207e+09,0.072983,-0.035189,-0.536002
1,1.75207e+09,0.072983,-0.035189,-0.536002
2,1.75207e+09,0.0730732,-0.035104,-0.535069
1,1.75207e+09,0.0728016,-0.035064,-0.534566
2,1.75207e+09,0.0730732,-0.035104,-0.535069
1,1.75207e+09,0.0730732,-0.035104,-0.535069
0,1.75207e+09,0.0726817,-0.0350967,-0.534566
2,1.75207e+09,0.0724104,-0.0352717,-0.536243
1,1.75207e+09,0.0724104,-0.0352717,-0.536243
1,1.75207e+09,0.0726362,-0.0352299,-0.536412
2,1.75207e+09,0.072588,-0.0353199,-0.536466
1,1.75207e+09,0.072588,-0.0353199,-0.536466
2,1.75207e+09,0.072588,-0.0353199,-0.536466
1,1.75207e+09,0.072588,-0.0353199,-0.536466
2,1.75207e+09,0.072588,-0.0353199,-0.536466
1,1.75207e+09,0.072588,-0.0353199,-0.536466
2,1.75207e+09,0.0724218,-0.0351826,-0.535428
1,1.75207e+09,0.0724218,-0.0351826,-0.535428
0,1.75207e+09,0.0731688,-0.0353709,-0.535452
2,1.75207e+09,0.103387,-0.0400542,-0.312854
1,1.75207e+09,0.0728636,-0.0353978,-0.535121
2,1.75207e+09,0.0728636,-0.0353978,-0.535121
1,1.75207e+09,0.0729325,-0.0354133,-0.535671
0,1.75207e+09,0.0729325,-0.0354133,-0.535671
2,1.75207e+09,0.0729325,-0.0354133,-0.535671
2,1.75207e+09,0.0734708,-0.0363877,-0.53979
1,1.75207e+09,0.0734708,-0.0363877,-0.53979
0,1.75207e+09,0.0734708,-0.0363877,-0.53979
1,1.75207e+09,0.0734708,-0.0363877,-0.53979
2,1.75207e+09,0.0734708,-0.0363877,-0.53979
0,1.75207e+09,0.10564,-0.0412343,-0.334242
1,1.75207e+09,0.0735391,-0.0362029,-0.539493
2,1.75207e+09,0.0735391,-0.0362029,-0.539493
1,1.75207e+09,0.0736742,-0.0361195,-0.539231
0,1.75207e+09,0.0736742,-0.0361195,-0.539231
1,1.75207e+09,0.0736742,-0.0361195,-0.539231
2,1.75207e+09,0.0736742,-0.0361195,-0.539231
0,1.75207e+09,0.0736742,-0.0361195,-0.539231
1,1.75207e+09,-1.28332,0.237963,2.14463
0,1.75207e+09,-1.28332,0.237963,2.14463
2,1.75207e+09,-0.955345,0.136334,1.42022
2,1.75207e+09,-0.955345,0.136334,1.42022
0,1.75207e+09,-0.955345,0.136334,1.42022
1,1.75207e+09,-0.852361,0.113903,1.22689
2,1.75207e+09,-0.852361,0.113903,1.22689
1,1.75207e+09,-0.900755,0.124976,1.3058
0,1.75207e+09,-0.856663,0.123914,1.26436
2,1.75207e+09,0.0720394,-0.0353538,-0.529657
1,1.75207e+09,0.0720394,-0.0353538,-0.529657
2,1.75207e+09,-0.819225,0.117582,1.19482
1,1.75207e+09,-0.656122,0.0857677,0.925299
2,1.75207e+09,-0.656122,0.0857677,0.925299
0,1.75207e+09,-0.677149,0.0992955,0.963549
1,1.75207e+09,-0.582793,0.0692453,0.775668
2,1.75207e+09,-0.582793,0.0692453,0.775668
1,1.75207e+09,0.0721281,-0.0347002,-0.524697
2,1.75207e+09,-0.99184,0.170418,1.44491
1,1.75207e+09,-0.897507,0.149744,1.27403
2,1.75207e+09,-0.920053,0.160695,1.31385
1,1.75207e+09,-0.986386,0.182136,1.43923
2,1.75207e+09,-0.986386,0.182136,1.43923
1,1.75207e+09,-0.74879,0.114271,1.02725
1,1.75207e+09,-0.74879,0.114271,1.02725
2,1.75207e+09,-0.738253,0.111062,1.00207
2,1.75207e+09,-0.738253,0.111062,1.00207
1,1.75207e+09,0.0718365,-0.0347594,-0.525013
2,1.75207e+09,0.0718365,-0.0347594,-0.525013
0,1.75207e+09,0.0717858,-0.0347101,-0.523676
1,1.75207e+09,-0.769447,0.121612,1.04288
2,1.75207e+09,-0.769447,0.121612,1.04288
0,1.75207e+09,0.0719318,-0.0346991,-0.524577
1,1.75207e+09,0.0719318,-0.0346991,-0.524577
1,1.75207e+09,0.0719318,-0.0346991,-0.524577
0,1.75207e+09,-0.773231,0.112135,1.04406
2,1.75207e+09,-0.773231,0.112135,1.04406
1,1.75207e+09,0.0713574,-0.0344831,-0.521961
0,1.75207e+09,0.0713574,-0.0344831,-0.521961
2,1.75207e+09,0.0713574,-0.0344831,-0.521961
1,1.75207e+09,0.0713574,-0.0344831,-0.521961
2,1.75207e+09,0.0713574,-0.0344831,-0.521961
1,1.75207e+09,-0.828212,0.137349,1.15239
2,1.75207e+09,0.0713573,-0.0344914,-0.522613
1,1.75207e+09,0.0713573,-0.0344914,-0.522613
1,1.75207e+09,0.0715127,-0.0344488,-0.521911
2,1.75207e+09,0.0715127,-0.0344488,-0.521911
1,1.75207e+09,0.0713028,-0.0344038,-0.521534
2,1.75207e+09,0.0713028,-0.0344038,-0.521534
2,1.75207e+09,0.0713028,-0.0344038,-0.521534
1,1.75207e+09,0.0713538,-0.0343144,-0.522081
2,1.75207e+09,0.103724,-0.0447822,-0.365806
1,1.75207e+09,-0.825393,0.136556,1.15278
2,1.75207e+09,0.0713538,-0.0343144,-0.522081
1,1.75207e+09,0.0712409,-0.0343949,-0.521922
2,1.75207e+09,0.0712409,-0.0343949,-0.521922
1,1.75207e+09,0.103429,-0.0442584,-0.366234
2,1.75207e+09,0.103429,-0.0442584,-0.366234
1,1.75207e+09,-0.696997,0.103601,0.922526
2,1.75207e+09,0.071177,-0.0347297,-0.526164
1,1.75207e+09,0.071177,-0.0347297,-0.526164
2,1.75207e+09,0.071177,-0.0347297,-0.526164
1,1.75207e+09,0.0714316,-0.0345285,-0.523905
2,1.75207e+09,-0.7771,0.108855,1.05865
2,1.75207e+09,-0.7771,0.108855,1.05865
1,1.75207e+09,-0.67998,0.0725124,0.874729
1,1.75207e+09,-0.67998,0.0725124,0.874729
2,1.75207e+09,-0.67998,0.0725124,0.874729
1,1.75207e+09,-0.67998,0.0725124,0.874729
2,1.75207e+09,-0.660038,0.0655503,0.764675
2,1.75207e+09,-0.660038,0.0655503,0.764675
1,1.75207e+09,-0.660038,0.0655503,0.764675
2,1.75207e+09,-0.54505,0.0478266,0.586223
1,1.75207e+09,-0.54505,0.0478266,0.586223
1,1.75207e+09,-0.54505,0.0478266,0.586223
2,1.75207e+09,-0.54505,0.0478266,0.586223
1,1.75207e+09,0.0706881,-0.0344867,-0.521482
1,1.75207e+09,0.0707701,-0.0342954,-0.519273
2,1.75207e+09,0.070613,-0.0345041,-0.521148
1,1.75207e+09,0.0707701,-0.0342954,-0.519273
2,1.75207e+09,0.0707701,-0.0342954,-0.519273
1,1.75207e+09,0.0707701,-0.0342954,-0.519273
2,1.75207e+09,0.0701804,-0.0342145,-0.518022
1,1.75207e+09,0.0701804,-0.0342145,-0.518022
2,1.75207e+09,0.101855,-0.0449724,-0.383344
1,1.75207e+09,0.0701804,-0.0342145,-0.518022
1,1.75207e+09,0.0701804,-0.0342145,-0.518022
2,1.75207e+09,0.102764,-0.0455535,-0.384255
1,1.75207e+09,-0.682644,0.0858412,0.792562
2,1.75207e+09,-0.718547,0.0954164,0.831345
1,1.75207e+09,-0.718547,0.0954164,0.831345
2,1.75207e+09,-0.703574,0.0912545,0.809195
1,1.75207e+09,-0.703574,0.0912545,0.809195
1,1.75207e+09,-0.651703,0.0752985,0.726594
2,1.75207e+09,-0.651703,0.0752985,0.726594
1,1.75207e+09,-0.650223,0.0786696,0.725375
2,1.75207e+09,-0.650223,0.0786696,0.725375
1,1.75207e+09,-0.628403,0.0766306,0.691944
2,1.75207e+09,-0.628403,0.0766306,0.691944
1,1.75207e+09,-0.628403,0.0766306,0.691944
2,1.75207e+09,-0.628403,0.0766306,0.691944
0,1.75207e+09,-0.638608,0.0788355,0.707129
2,1.75207e+09,-0.638608,0.0788355,0.707129
1,1.75207e+09,-0.638339,0.0776594,0.706571
0,1.75207e+09,-0.638339,0.0776594,0.706571
2,1.75207e+09,-0.603632,0.0682503,0.647553
1,1.75207e+09,-0.641207,0.08012,0.702905
0,1.75207e+09,-0.661102,0.0857692,0.736489
1,1.75207e+09,-0.747315,0.105737,0.862764
2,1.75207e+09,-0.675076,0.0873901,0.750168
0,1.75207e+09,-0.675076,0.0873901,0.750168
1,1.75207e+09,-0.691395,0.0930818,0.777999
2,1.75207e+09,-0.652167,0.0804409,0.718412
2,1.75207e+09,-0.652167,0.0804409,0.718412
0,1.75207e+09,-0.624713,0.074219,0.678277
1,1.75207e+09,-0.624713,0.074219,0.678277
0,1.75207e+09,-0.568262,0.0617444,0.595765
2,1.75207e+09,-0.568262,0.0617444,0.595765
1,1.75207e+09,-0.574087,0.0611079,0.605287
1,1.75207e+09,-0.574087,0.0611079,0.605287
1,1.75207e+09,-0.550614,0.0546279,0.56534
2,1.75207e+09,-0.550614,0.0546279,0.56534
1,1.75207e+09,-0.557345,0.0564866,0.576827
1,1.75207e+09,-1.46223,0.260465,1.88073
0,1.75207e+09,-1.46223,0.260465,1.88073
1,1.75207e+09,-1.46223,0.260465,1.88073
1,1.75207e+09,-0.140155,-0.106063,-0.104626
1,1.75207e+09,-0.140155,-0.106063,-0.104626
2,1.75207e+09,-0.140155,-0.106063,-0.104626
1,1.75207e+09,-0.134557,-0.104662,-0.1144
1,1.75207e+09,-0.134557,-0.104662,-0.1144
2,1.75207e+09,-1.07084,0.161827,1.27916
2,1.75207e+09,-0.142881,-0.104882,-0.105083
1,1.75207e+09,-0.142881,-0.104882,-0.105083
1,1.75207e+09,-0.154465,-0.104533,-0.100127
2,1.75207e+09,-0.154465,-0.104533,-0.100127
1,1.75207e+09,-0.0985304,-0.0955072,-0.192936
1,1.75207e+09,-0.0985304,-0.0955072,-0.192936
2,1.75207e+09,-0.150907,-0.0802745,-0.118652
1,1.75207e+09,-0.164764,-0.0920118,-0.127875
1,1.75207e+09,-0.176804,-0.0864103,-0.112226
0,1.75207e+09,0.228117,-0.116703,-0.656773
2,1.75207e+09,0.228117,-0.116703,-0.656773
1,1.75207e+09,0.228117,-0.116703,-0.656773
0,1.75207e+09,-0.102862,-0.0961337,-0.194386
2,1.75207e+09,-0.102862,-0.0961337,-0.194386
1,1.75207e+09,-0.102862,-0.0961337,-0.194386
0,1.75207e+09,0.0710672,-0.0284662,-0.533746
1,1.75207e+09,0.0710672,-0.0284662,-0.533746
2,1.75207e+09,0.0705885,-0.027696,-0.532002
0,1.75207e+09,0.0705885,-0.027696,-0.532002
1,1.75207e+09,0.0705885,-0.027696,-0.532002
0,1.75207e+09,0.0705885,-0.027696,-0.532002
2,1.75207e+09,0.105133,-0.0810248,-0.482456
0,1.75207e+09,0.105133,-0.0810248,-0.482456
2,1.75207e+09,-0.586259,-0.220887,0.952837
0,1.75207e+09,0.0606501,-0.0395687,-0.54307
1,1.75207e+09,0.0606501,-0.0395687,-0.54307
0,1.75207e+09,0.121326,-0.0706434,-0.454063
1,1.75207e+09,0.0681735,-0.0248078,-0.547264
0,1.75207e+09,0.0681735,-0.0248078,-0.547264
1,1.75207e+09,0.112898,-0.0368961,-0.317173
2,1.75207e+09,1.07406,0.0943298,-2.13582
0,1.75207e+09,0.0712859,-0.0254726,-0.530316
1,1.75207e+09,0.0686964,-0.0248736,-0.54393
2,1.75207e+09,0.0686964,-0.0248736,-0.54393
1,1.75207e+09,0.439277,-0.0573035,-1.20167
0,1.75207e+09,3.36749,0.748608,-6.907
2,1.75207e+09,3.36749,0.748608,-6.907
1,1.75207e+09,3.36749,0.748608,-6.907
0,1.75207e+09,3.36749,0.748608,-6.907
0,1.75207e+09,0.0686496,-0.0246996,-0.542868
1,1.75207e+09,0.0686496,-0.0246996,-0.542868
2,1.75207e+09,0.024324,-0.151155,-0.357757
0,1.75207e+09,0.024324,-0.151155,-0.357757
1,1.75207e+09,0.024324,-0.151155,-0.357757
2,1.75207e+09,0.024324,-0.151155,-0.357757
0,1.75207e+09,0.024324,-0.151155,-0.357757
2,1.75207e+09,0.024324,-0.151155,-0.357757
1,1.75207e+09,0.024324,-0.151155,-0.357757
0,1.75207e+09,0.0244542,-0.151264,-0.357412
2,1.75207e+09,0.0244542,-0.151264,-0.357412
2,1.75207e+09,0.0244542,-0.151264,-0.357412
1,1.75207e+09,0.0244542,-0.151264,-0.357412
0,1.75207e+09,0.0244542,-0.151264,-0.357412
2,1.75207e+09,1.10018,0.0985372,-2.18042
1,1.75207e+09,1.10018,0.0985372,-2.18042
2,1.75207e+09,1.09393,0.096215,-2.16952
1,1.75207e+09,1.11548,0.10015,-2.20391
2,1.75207e+09,0.0715472,-0.0253029,-0.530566
1,1.75207e+09,0.0715472,-0.0253029,-0.530566
2,1.75207e+09,1.10565,0.100156,-2.18637
1,1.75207e+09,1.10565,0.100156,-2.18637
2,1.75207e+09,0.0656895,-0.0241811,-0.560977
2,1.75207e+09,0.0659715,-0.0242993,-0.562546
1,1.75207e+09,0.0659715,-0.0242993,-0.562546
1,1.75207e+09,0.0659715,-0.0242993,-0.562546
2,1.75207e+09,0.0659715,-0.0242993,-0.562546
2,1.75207e+09,0.122835,-0.0383443,-0.338554
2,1.75207e+09,0.122561,-0.0387205,-0.339525
1,1.75207e+09,0.0580025,-0.0253405,-0.536657
2,1.75207e+09,0.122561,-0.0387205,-0.339525
1,1.75207e+09,0.11418,-0.0363781,-0.319304
1,1.75207e+09,0.11418,-0.0363781,-0.319304
2,1.75207e+09,0.0703629,-0.0255776,-0.528728
2,1.75207e+09,0.0703629,-0.0255776,-0.528728
1,1.75207e+09,0.0702804,-0.025532,-0.528492
2,1.75207e+09,0.0706216,-0.0276649,-0.532028
0,1.75207e+09,0.0706216,-0.0276649,-0.532028
2,1.75207e+09,0.0706216,-0.0276649,-0.532028
1,1.75207e+09,-0.0960034,-0.0964227,-0.222052
0,1.75207e+09,0.0908528,-0.0458007,-0.418533
1,1.75207e+09,0.0908052,-0.0457554,-0.418597
2,1.75207e+09,0.0666521,-0.0278186,-0.553593
0,1.75207e+09,0.0910307,-0.0457513,-0.420316
2,1.75207e+09,0.0666521,-0.0278186,-0.553593
0,1.75207e+09,0.0698129,-0.0279592,-0.53805
1,1.75207e+09,0.0698129,-0.0279592,-0.53805
2,1.75207e+09,-0.0862886,-0.0960166,-0.212184
2,1.75207e+09,0.0699279,-0.0286213,-0.538743
1,1.75207e+09,0.0699279,-0.0286213,-0.538743
0,1.75207e+09,0.0699279,-0.0286213,-0.538743
2,1.75207e+09,0.0699279,-0.0286213,-0.538743
0,1.75207e+09,0.0699279,-0.0286213,-0.538743
1,1.75207e+09,-0.114543,-0.102426,-0.169375
0,1.75207e+09,0.0709536,-0.0285067,-0.533701
2,1.75207e+09,0.0709536,-0.0285067,-0.533701
1,1.75207e+09,0.0711258,-0.0287967,-0.534149
0,1.75207e+09,0.0711258,-0.0287967,-0.534149
2,1.75207e+09,0.0711258,-0.0287967,-0.534149
1,1.75207e+09,-0.100066,-0.0955864,-0.203036
2,1.75207e+09,-0.100066,-0.0955864,-0.203036
1,1.75207e+09,0.0711606,-0.0287734,-0.534606
2,1.75207e+09,0.0711606,-0.0287734,-0.534606
1,1.75207e+09,-0.099693,-0.0957623,-0.20267
2,1.75207e+09,-0.0993133,-0.0956521,-0.202532
1,1.75207e+09,-0.0993133,-0.0956521,-0.202532
2,1.75207e+09,-0.0993133,-0.0956521,-0.202532
1,1.75207e+09,-0.0995926,-0.095643,-0.20246
2,1.75207e+09,-0.100084,-0.0957323,-0.201991
2,1.75207e+09,0.372701,-0.0796608,-0.865116
1,1.75207e+09,0.372701,-0.0796608,-0.865116
0,1.75207e+09,0.383311,-0.0776734,-0.879975
2,1.75207e+09,0.138374,-0.126678,-0.532445
1,1.75207e+09,0.249891,-0.121011,-0.686175
0,1.75207e+09,0.249891,-0.121011,-0.686175
2,1.75207e+09,0.249891,-0.121011,-0.686175
1,1.75207e+09,0.249891,-0.121011,-0.686175
0,1.75207e+09,-0.190356,-0.0824757,-0.0923865
2,1.75207e+09,-0.247197,-0.0787094,7.35452e-05
1,1.75207e+09,-0.247197,-0.0787094,7.35452e-05
0,1.75207e+09,-0.247197,-0.0787094,7.35452e-05
2,1.75207e+09,-0.247197,-0.0787094,7.35452e-05
1,1.75207e+09,-0.151521,-0.103736,-0.117117
0,1.75207e+09,-0.151521,-0.103736,-0.117117
1,1.75207e+09,-0.0968232,-0.0956999,-0.192223
2,1.75207e+09,-0.0968232,-0.0956999,-0.192223
0,1.75207e+09,0.101897,-0.0418806,-0.39928
2,1.75207e+09,0.0684373,-0.0297518,-0.530517
1,1.75207e+09,0.0683353,-0.0294889,-0.530077
0,1.75207e+09,0.0683353,-0.0294889,-0.530077
2,1.75207e+09,0.0683353,-0.0294889,-0.530077
1,1.75207e+09,0.104703,-0.0402353,-0.387305
0,1.75207e+09,0.105109,-0.0402001,-0.386278
2,1.75207e+09,0.0708049,-0.0390488,-0.538763
2,1.75207e+09,0.0708049,-0.0390488,-0.538763
0,1.75207e+09,-0.0406531,-0.0983779,-0.247707
1,1.75207e+09,-0.0246669,-0.0994558,-0.268112
0,1.75207e+09,-0.0246669,-0.0994558,-0.268112
2,1.75207e+09,0.0615008,-0.0284516,-0.554295
1,1.75207e+09,0.0615008,-0.0284516,-0.554295
0,1.75207e+09,0.0610661,-0.0284462,-0.552888
2,1.75207e+09,0.0675838,-0.0284956,-0.527284
1,1.75207e+09,0.0677126,-0.0282002,-0.527352
0,1.75207e+09,0.0677126,-0.0282002,-0.527352
2,1.75207e+09,0.131648,-0.108776,-0.499058
1,1.75207e+09,0.132987,-0.108898,-0.501237
2,1.75207e+09,0.0677126,-0.0282002,-0.527352
0,1.75207e+09,0.131853,-0.108819,-0.499346
1,1.75207e+09,-0.0216295,-0.0963803,-0.164446
2,1.75207e+09,-0.0216295,-0.0963803,-0.164446
0,1.75207e+09,-0.0217543,-0.0963608,-0.163797
1,1.75207e+09,-0.0217543,-0.0963608,-0.163797
2,1.75207e+09,-0.0225153,-0.0963221,-0.162912
0,1.75207e+09,-0.0225153,-0.0963221,-0.162912
1,1.75207e+09,0.133952,-0.108992,-0.502798
2,1.75207e+09,0.133952,-0.108992,-0.502798
0,1.75207e+09,0.133952,-0.108992,-0.502798
1,1.75207e+09,0.133952,-0.108992,-0.502798
2,1.75207e+09,0.0677153,-0.0278452,-0.526756
0,1.75207e+09,0.0677153,-0.0278452,-0.526756
0,1.75207e+09,0.0678216,-0.0278317,-0.526941
1,1.75207e+09,0.0677153,-0.0278452,-0.526756
0,1.75207e+09,0.0678216,-0.0278317,-0.526941
2,1.75207e+09,0.0678216,-0.0278317,-0.526941
2,1.75207e+09,0.0678216,-0.0278317,-0.526941
0,1.75207e+09,0.0678216,-0.0278317,-0.526941
1,1.75207e+09,0.121524,-0.0337875,-0.328441
2,1.75207e+09,0.0678099,-0.0278641,-0.527016
0,1.75207e+09,0.0678099,-0.0278641,-0.527016
1,1.75207e+09,0.0678099,-0.0278641,-0.527016
2,1.75207e+09,0.067806,-0.0278219,-0.526956
0,1.75207e+09,0.067806,-0.0278219,-0.526956
1,1.75207e+09,0.0678131,-0.0278578,-0.526957
2,1.75207e+09,0.0677718,-0.0278792,-0.526905
0,1.75207e+09,0.121402,-0.0340152,-0.329657
1,1.75207e+09,0.121402,-0.0340152,-0.329657
1,1.75207e+09,0.121402,-0.0340152,-0.329657
0,1.75207e+09,0.0677498,-0.0278829,-0.526982
2,1.75207e+09,0.0677498,-0.0278829,-0.526982
1,1.75207e+09,0.0677498,-0.0278829,-0.526982
0,1.75207e+09,0.067752,-0.0278939,-0.526999
2,1.75207e+09,0.121617,-0.0340031,-0.329204
1,1.75207e+09,0.121617,-0.0340031,-0.329204
0,1.75207e+09,0.126766,-0.108519,-0.49117
2,1.75207e+09,0.0677583,-0.027903,-0.526966
1,1.75207e+09,0.0677583,-0.027903,-0.526966
2,1.75207e+09,0.0677583,-0.027903,-0.526966
1,1.75207e+09,0.0677583,-0.027903,-0.526966
0,1.75207e+09,0.0677583,-0.027903,-0.526966
2,1.75207e+09,0.0677583,-0.027903,-0.526966
1,1.75207e+09,-0.0323984,-0.0986655,-0.258909
0,1.75207e+09,0.126485,-0.108431,-0.490703
2,1.75207e+09,0.0677563,-0.0278697,-0.526921
1,1.75207e+09,0.126485,-0.108431,-0.490703
0,1.75207e+09,0.067763,-0.0279035,-0.526975
2,1.75207e+09,0.067763,-0.0279035,-0.526975
1,1.75207e+09,0.0677563,-0.0278697,-0.526921
0,1.75207e+09,0.121444,-0.0341294,-0.330257
1,1.75207e+09,0.121444,-0.0341294,-0.330257
2,1.75207e+09,0.0677424,-0.0279156,-0.526895
0,1.75207e+09,0.0677424,-0.0279156,-0.526895
1,1.75207e+09,0.0677424,-0.0279156,-0.526895
2,1.75207e+09,0.0677575,-0.0279467,-0.526962
1,1.75207e+09,0.0677424,-0.0279156,-0.526895
0,1.75207e+09,0.0612189,-0.0277019,-0.552623
2,1.75207e+09,0.0612886,-0.0276844,-0.552823
1,1.75207e+09,0.0612886,-0.0276844,-0.552823
0,1.75207e+09,0.121372,-0.0340941,-0.330264
2,1.75207e+09,0.0612503,-0.0276829,-0.552969
1,1.75207e+09,0.0612503,-0.0276829,-0.552969
2,1.75207e+09,0.0612501,-0.0276503,-0.552915
0,1.75207e+09,0.0612501,-0.0276503,-0.552915
1,1.75207e+09,-0.0252379,-0.0962141,-0.16085
2,1.75207e+09,0.121253,-0.0341298,-0.330236
0,1.75207e+09,0.0612487,-0.0276217,-0.553278
1,1.75207e+09,0.0612487,-0.0276217,-0.553278
2,1.75207e+09,0.0612487,-0.0276217,-0.553278
0,1.75207e+09,0.0612487,-0.0276217,-0.553278
1,1.75207e+09,-0.0324182,-0.0990251,-0.258108
2,1.75207e+09,0.0678257,-0.0278725,-0.527113
0,1.75207e+09,0.0678257,-0.0278725,-0.527113
1,1.75207e+09,0.121309,-0.0341561,-0.329587
2,1.75207e+09,0.121309,-0.0341561,-0.329587
0,1.75207e+09,0.0613054,-0.0276104,-0.553447
2,1.75207e+09,0.0612345,-0.0276135,-0.553217
1,1.75207e+09,0.0612345,-0.0276135,-0.553217
0,1.75207e+09,0.0612345,-0.0276135,-0.553217
2,1.75207e+09,0.0612345,-0.0276135,-0.553217
1,1.75207e+09,0.0612345,-0.0276135,-0.553217
0,1.75207e+09,0.121448,-0.0342191,-0.329776
2,1.75207e+09,0.061192,-0.0275848,-0.553028
1,1.75207e+09,0.061192,-0.0275848,-0.553028
2,1.75207e+09,0.121522,-0.0342749,-0.329654
0,1.75207e+09,0.0612485,-0.0275891,-0.553223
1,1.75207e+09,0.0612485,-0.0275891,-0.553223
0,1.75207e+09,0.0612292,-0.0275883,-0.553296
2,1.75207e+09,0.0612292,-0.0275883,-0.553296
2,1.75207e+09,0.0612246,-0.027603,-0.553306
0,1.75207e+09,0.0612246,-0.027603,-0.553306
1,1.75207e+09,0.0677151,-0.0278473,-0.526928
2,1.75207e+09,0.0677151,-0.0278473,-0.526928
0,1.75207e+09,0.0677151,-0.0278473,-0.526928
1,1.75207e+09,0.0677151,-0.0278473,-0.526928
0,1.75207e+09,0.127199,-0.108545,-0.491821
1,1.75207e+09,0.127199,-0.108545,-0.491821
2,1.75207e+09,0.121294,-0.0341824,-0.330111
0,1.75207e+09,0.121294,-0.0341824,-0.330111
2,1.75207e+09,0.0611627,-0.0275896,-0.553216
1,1.75207e+09,0.0611627,-0.0275896,-0.553216
0,1.75207e+09,0.0611627,-0.0275896,-0.553216
2,1.75207e+09,0.0612434,-0.0276261,-0.553407
1,1.75207e+09,0.0612434,-0.0276261,-0.553407
0,1.75207e+09,0.0612434,-0.0276261,-0.553407
0,1.75207e+09,0.121287,-0.0341051,-0.32988
2,1.75207e+09,0.0612434,-0.0276261,-0.553407
1,1.75207e+09,0.0612434,-0.0276261,-0.553407
0,1.75207e+09,0.121225,-0.0342159,-0.330181
1,1.75207e+09,-0.0253298,-0.0961974,-0.160277
2,1.75207e+09,-0.047194,-0.0968935,-0.187565
0,1.75207e+09,0.0612728,-0.0275952,-0.552898
0,1.75207e+09,0.0612774,-0.0275985,-0.552918
2,1.75207e+09,0.104693,-0.0409906,-0.381497
1,1.75207e+09,0.104693,-0.0409906,-0.381497
2,1.75207e+09,0.104693,-0.0409906,-0.381497
0,1.75207e+09,0.061325,-0.0275473,-0.552852
1,1.75207e+09,0.061325,-0.0275473,-0.552852
2,1.75207e+09,0.061325,-0.0275473,-0.552852
0,1.75207e+09,-0.0252447,-0.0961172,-0.161593
1,1.75207e+09,0.0613058,-0.0275465,-0.552925
2,1.75207e+09,0.0613058,-0.0275465,-0.552925
1,1.75207e+09,-0.0252895,-0.0961089,-0.16131
2,1.75207e+09,0.0612496,-0.0275816,-0.552798
0,1.75207e+09,0.0612496,-0.0275816,-0.552798
1,1.75207e+09,0.121301,-0.0341357,-0.330485
0,1.75207e+09,0.121301,-0.0341357,-0.330485
1,1.75207e+09,0.121301,-0.0341357,-0.330485
2,1.75207e+09,0.0611553,-0.0276151,-0.552818
0,1.75207e+09,0.0612253,-0.0276301,-0.553076
1,1.75207e+09,0.107437,-0.0397058,-0.373135
2,1.75207e+09,0.0612253,-0.0276301,-0.553076
0,1.75207e+09,0.0612253,-0.0276301,-0.553076
1,1.75207e+09,0.0612253,-0.0276301,-0.553076
0,1.75207e+09,-0.0259887,-0.0961729,-0.159818
2,1.75207e+09,-0.0259887,-0.0961729,-0.159818
1,1.75207e+09,0.0612868,-0.0275726,-0.553045
0,1.75207e+09,-0.0259887,-0.0961729,-0.159818
1,1.75207e+09,0.0612868,-0.0275726,-0.553045
2,1.75207e+09,0.0612968,-0.0275919,-0.552972
2,1.75207e+09,0.0612968,-0.0275919,-0.552972
1,1.75207e+09,0.0612968,-0.0275919,-0.552972
0,1.75207e+09,0.0612968,-0.0275919,-0.552972
2,1.75207e+09,0.0612968,-0.0275919,-0.552972
0,1.75207e+09,0.0613341,-0.0275829,-0.553219
1,1.75207e+09,0.0613341,-0.0275829,-0.553219
0,1.75207e+09,0.12118,-0.0342778,-0.330295
2,1.75207e+09,0.0613341,-0.0275829,-0.553219
0,1.75207e+09,0.0613341,-0.0275829,-0.553219
1,1.75207e+09,0.0613341,-0.0275829,-0.553219
0,1.75207e+09,0.121185,-0.0342357,-0.329922
1,1.75207e+09,0.0612631,-0.0276082,-0.553164
2,1.75207e+09,0.0612631,-0.0276082,-0.553164
1,1.75207e+09,0.0612722,-0.0275515,-0.553099
0,1.75207e+09,0.0612722,-0.0275515,-0.553099
2,1.75207e+09,-0.0263644,-0.0964583,-0.157615
1,1.75207e+09,0.0612722,-0.0275515,-0.553099
2,1.75207e+09,0.0612722,-0.0275515,-0.553099
0,1.75207e+09,-0.0263645,-0.0964582,-0.157614
1,1.75207e+09,0.061201,-0.0275387,-0.552979
0,1.75207e+09,0.061201,-0.0275387,-0.552979
2,1.75207e+09,0.061201,-0.0275387,-0.552979
1,1.75207e+09,0.0612202,-0.0275395,-0.552906
0,1.75207e+09,0.061201,-0.0275387,-0.552979
1,1.75207e+09,0.061201,-0.0275387,-0.552979
2,1.75207e+09,0.061201,-0.0275387,-0.552979
0,1.75207e+09,-0.025749,-0.0963776,-0.158553
2,1.75207e+09,0.0612104,-0.0275707,-0.553065
1,1.75207e+09,0.0612104,-0.0275707,-0.553065
0,1.75207e+09,0.0612104,-0.0275707,-0.553065
2,1.75207e+09,-0.0253263,-0.0962944,-0.159525
0,1.75207e+09,0.0612104,-0.0275707,-0.553065
1,1.75207e+09,-0.0253263,-0.0962944,-0.159525
2,1.75207e+09,0.0612852,-0.0274538,-0.553254
0,1.75207e+09,0.0612852,-0.0274538,-0.553254
1,1.75207e+09,0.0612852,-0.0274538,-0.553254
0,1.75207e+09,0.0612852,-0.0274538,-0.553254
1,1.75207e+09,0.0612852,-0.0274538,-0.553254
2,1.75207e+09,0.0612852,-0.0274538,-0.553254
0,1.75207e+09,-0.0253712,-0.0962864,-0.159238
2,1.75207e+09,0.0612149,-0.0275359,-0.55316
1,1.75207e+09,0.0612149,-0.0275359,-0.55316
2,1.75207e+09,0.0612149,-0.0275359,-0.55316
1,1.75207e+09,0.0612534,-0.0275376,-0.553013
0,1.75207e+09,0.0677755,-0.0279289,-0.5271
2,1.75207e+09,0.0677755,-0.0279289,-0.5271
0,1.75207e+09,0.0677755,-0.0279289,-0.5271
1,1.75207e+09,0.133142,-0.108887,-0.501458
0,1.75207e+09,0.0678078,-0.0281708,-0.527341
2,1.75207e+09,0.0678078,-0.0281708,-0.527341
0,1.75207e+09,0.0678078,-0.0281708,-0.527341
1,1.75207e+09,0.0678639,-0.0284192,-0.527778
2,1.75207e+09,0.0678639,-0.0284192,-0.527778
1,1.75207e+09,0.0677984,-0.0288864,-0.528174
2,1.75207e+09,0.0677984,-0.0288864,-0.528174
1,1.75207e+09,0.122098,-0.0331479,-0.333774
2,1.75207e+09,0.0675828,-0.0292272,-0.52819
1,1.75207e+09,0.0675828,-0.0292272,-0.52819
2,1.75207e+09,0.0672458,-0.0308602,-0.529086
1,1.75207e+09,0.0672458,-0.0308602,-0.529086
2,1.75207e+09,0.128333,-0.10879,-0.493717
2,1.75207e+09,0.00082771,-0.100494,-0.302638
1,1.75207e+09,0.00082771,-0.100494,-0.302638
2,1.75207e+09,0.110085,-0.0385581,-0.382377
1,1.75207e+09,0.00082771,-0.100494,-0.302638
2,1.75207e+09,0.0671761,-0.0325625,-0.530269
1,1.75207e+09,0.111659,-0.0375698,-0.385792
1,1.75207e+09,0.1114,-0.0435784,-0.403723
2,1.75207e+09,0.0669263,-0.0343179,-0.530908
2,1.75207e+09,0.1114,-0.0435784,-0.403723
1,1.75207e+09,0.0670135,-0.0341813,-0.530913
2,1.75207e+09,0.0670135,-0.0341813,-0.530913
1,1.75207e+09,0.0670135,-0.0341813,-0.530913
1,1.75207e+09,0.0670135,-0.0341813,-0.530913
2,1.75207e+09,0.111971,-0.0465749,-0.406217
1,1.75207e+09,0.0653474,-0.0383982,-0.514654
2,1.75207e+09,0.0653474,-0.0383982,-0.514654
1,1.75207e+09,0.0654797,-0.04317,-0.518338
2,1.75207e+09,0.0653474,-0.0383982,-0.514654
2,1.75207e+09,0.0653474,-0.0383982,-0.514654
1,1.75207e+09,0.0653474,-0.0383982,-0.514654
1,1.75207e+09,0.0648321,-0.0381603,-0.51418
2,1.75207e+09,0.0648321,-0.0381603,-0.51418
1,1.75207e+09,0.0648321,-0.0381603,-0.51418
2,1.75207e+09,0.0647431,-0.0382296,-0.514551
1,1.75207e+09,0.0647431,-0.0382296,-0.514551
2,1.75207e+09,7.12175,-1.73891,-11.8181
2,1.75207e+09,0.0650647,-0.038583,-0.515697
1,1.75207e+09,0.0650647,-0.038583,-0.515697
1,1.75207e+09,0.0650647,-0.038583,-0.515697
2,1.75207e+09,0.0650647,-0.038583,-0.515697
1,1.75207e+09,0.114067,-0.0515637,-0.413661
1,1.75207e+09,0.0646558,-0.0384937,-0.511588
2,1.75207e+09,0.0646558,-0.0384937,-0.511588
1,1.75207e+09,0.0646558,-0.0384937,-0.511588
2,1.75207e+09,0.0646558,-0.0384937,-0.511588
1,1.75207e+09,1.30853,-0.425698,-2.41431
2,1.75207e+09,0.0649687,-0.0391799,-0.516108
2,1.75207e+09,0.0649687,-0.0391799,-0.516108
1,1.75207e+09,0.0649687,-0.0391799,-0.516108
2,1.75207e+09,3.62319,-0.883644,-6.12967
1,1.75207e+09,3.62319,-0.883644,-6.12967
2,1.75207e+09,-0.146925,-0.116876,-0.0561939
1,1.75207e+09,-0.146925,-0.116876,-0.0561939
2,1.75207e+09,-0.150396,-0.116936,-0.0511452
1,1.75207e+09,1.44277,-0.465668,-2.59903
1,1.75207e+09,1.44277,-0.465668,-2.59903
2,1.75207e+09,1.76301,-0.554908,-3.07765
2,1.75207e+09,1.76301,-0.554908,-3.07765
1,1.75207e+09,1.67031,-0.529546,-2.9379
1,1.75207e+09,1.67031,-0.529546,-2.9379
1,1.75207e+09,19.8416,-4.70638,-31.9287
2,1.75207e+09,19.8416,-4.70638,-31.9287
2,1.75207e+09,19.8416,-4.70638,-31.9287
1,1.75207e+09,-20.6851,4.5602,32.5168
2,1.75207e+09,-20.6851,4.5602,32.5168
1,1.75207e+09,-20.6851,4.5602,32.5168
2,1.75207e+09,-20.6851,4.5602,32.5168
1,1.75207e+09,-20.6851,4.5602,32.5168
1,1.75207e+09,3.37365,-0.830009,-5.61165
2,1.75207e+09,3.37365,-0.830009,-5.61165
1,1.75207e+09,-0.125291,-0.115752,-0.101229
2,1.75207e+09,-0.125291,-0.115752,-0.101229
1,1.75207e+09,4.10901,-1.0056,-6.74368
2,1.75207e+09,4.10901,-1.0056,-6.74368
1,1.75207e+09,4.10901,-1.0056,-6.74368
2,1.75207e+09,4.10901,-1.0056,-6.74368
1,1.75207e+09,-0.138174,-0.114734,-0.0830534
1,1.75207e+09,-0.138174,-0.114734,-0.0830534
2,1.75207e+09,-0.142221,-0.115072,-0.0761175
1,1.75207e+09,-0.142221,-0.115072,-0.0761175
2,1.75207e+09,-0.142221,-0.115072,-0.0761175
1,1.75207e+09,-0.142221,-0.115072,-0.0761175
2,1.75207e+09,1.58288,-0.479208,-2.78706
1,1.75207e+09,1.58288,-0.479208,-2.78706
2,1.75207e+09,1.49292,-0.453731,-2.646
1,1.75207e+09,1.56242,-0.467326,-2.75546
2,1.75207e+09,-0.161566,-0.116136,-0.0468448
1,1.75207e+09,-0.161566,-0.116136,-0.0468448
2,1.75207e+09,-0.161566,-0.116136,-0.0468448
1,1.75207e+09,-0.163115,-0.117319,-0.0423643
2,1.75207e+09,-0.163115,-0.117319,-0.0423643
1,1.75207e+09,-0.163115,-0.117319,-0.0423643
2,1.75207e+09,3.36387,-0.791748,-5.56027
1,1.75207e+09,3.36387,-0.791748,-5.56027
2,1.75207e+09,3.36387,-0.791748,-5.56027
1,1.75207e+09,2.96245,-0.716279,-4.96236
2,1.75207e+09,2.96245,-0.716279,-4.96236
1,1.75207e+09,-0.155442,-0.116821,-0.0538566
2,1.75207e+09,-0.155442,-0.116821,-0.0538566
1,1.75207e+09,3.38965,-0.803078,-5.64858
2,1.75207e+09,3.41579,-0.799595,-5.67494
1,1.75207e+09,3.41579,-0.799595,-5.67494
1,1.75207e+09,-0.225298,-0.117714,0.0407908
2,1.75207e+09,-0.225298,-0.117714,0.0407908
1,1.75207e+09,-0.224128,-0.11783,0.0389868
1,1.75207e+09,-0.236259,-0.118776,0.0564892
2,1.75207e+09,-0.236259,-0.118776,0.0564892
1,1.75207e+09,3.83353,-0.871792,-6.27726
1,1.75207e+09,3.83353,-0.871792,-6.27726
2,1.75207e+09,3.83353,-0.871792,-6.27726
1,1.75207e+09,4.39236,-0.968705,-7.14042
1,1.75207e+09,4.39236,-0.968705,-7.14042
2,1.75207e+09,4.39236,-0.968705,-7.14042
1,1.75207e+09,4.39236,-0.968705,-7.14042
2,1.75207e+09,28.9045,-5.88465,-44.4675
1,1.75207e+09,28.9045,-5.88465,-44.4675
2,1.75207e+09,-19.4013,3.89741,29.2436
1,1.75207e+09,-19.4013,3.89741,29.2436
1,1.75207e+09,3.74375,-0.860053,-6.15373
2,1.75207e+09,3.74375,-0.860053,-6.15373
2,1.75207e+09,3.74375,-0.860053,-6.15373
1,1.75207e+09,-11.3827,2.15957,16.9842
2,1.75207e+09,-11.3827,2.15957,16.9842
1,1.75207e+09,-11.3827,2.15957,16.9842
2,1.75207e+09,-0.233733,-0.117191,0.0465239
1,1.75207e+09,-0.233733,-0.117191,0.0465239
2,1.75207e+09,-0.233733,-0.117191,0.0465239
1,1.75207e+09,-5.03031,0.919858,7.30318
1,1.75207e+09,-5.03031,0.919858,7.30318
2,1.75207e+09,-3.95408,0.70994,5.67101
2,1.75207e+09,-3.95408,0.70994,5.67101
1,1.75207e+09,-4.11846,0.72001,5.92722
2,1.75207e+09,-4.11846,0.72001,5.92722
1,1.75207e+09,-3.4448,0.582309,4.91894
1,1.75207e+09,-2.76141,0.441271,3.85449
2,1.75207e+09,-2.76141,0.441271,3.85449
1,1.75207e+09,-4.33741,0.720865,6.25347
1,1.75207e+09,-4.33741,0.720865,6.25347
2,1.75207e+09,-4.33741,0.720865,6.25347
1,1.75207e+09,-5.08492,0.857016,7.39513
2,1.75207e+09,-5.08492,0.857016,7.39513
1,1.75207e+09,-5.82221,1.00523,8.51174
2,1.75207e+09,-7.41729,1.308,10.9612
1,1.75207e+09,-5.3491,0.896491,7.81984
2,1.75207e+09,2776.21,-516.877,-4284.77
1,1.75207e+09,10.5376,-2.07554,-16.7223
1,1.75207e+09,10.5376,-2.07554,-16.7223
2,1.75207e+09,7.31416,-1.50564,-11.7122
1,1.75207e+09,13.2221,-2.63862,-21.2876
1,1.75207e+09,-3.71609,0.605328,5.41629
2,1.75207e+09,-3.71609,0.605328,5.41629
2,1.75207e+09,-6.54622,1.11636,9.64757
1,1.75207e+09,-0.213419,-0.114882,0.0179936
1,1.75207e+09,-0.213419,-0.114882,0.0179936
1,1.75207e+09,-0.213419,-0.114882,0.0179936
2,1.75207e+09,-0.241351,-0.117075,0.056866
1,1.75207e+09,-0.241351,-0.117075,0.056866
1,1.75207e+09,-0.241351,-0.117075,0.056866
2,1.75207e+09,6.3916,-1.32058,-10.3177
1,1.75207e+09,6.3916,-1.32058,-10.3177
2,1.75207e+09,6.3916,-1.32058,-10.3177
1,1.75207e+09,6.3916,-1.32058,-10.3177
1,1.75207e+09,6.3916,-1.32058,-10.3177
2,1.75207e+09,6.41324,-1.32441,-10.3516
1,1.75207e+09,5.12078,-1.07376,-8.34772
2,1.75207e+09,5.36842,-1.12441,-8.73336
1,1.75207e+09,5.36842,-1.12441,-8.73336
2,1.75207e+09,5.36842,-1.12441,-8.73336
1,1.75207e+09,5.36842,-1.12441,-8.73336
1,1.75207e+09,-5.42449,0.874028,7.88842
2,1.75207e+09,-5.42449,0.874028,7.88842
2,1.75207e+09,-5.42449,0.874028,7.88842
1,1.75207e+09,-5.42449,0.874028,7.88842
2,1.75207e+09,-5.261,0.842782,7.64141
1,1.75207e+09,-5.38178,0.861427,7.82072
2,1.75207e+09,5.95329,-1.19163,-9.66741
2,1.75207e+09,5.95329,-1.19163,-9.66741
1,1.75207e+09,5.95329,-1.19163,-9.66741
2,1.75207e+09,5.95329,-1.19163,-9.66741
1,1.75207e+09,5.95329,-1.19163,-9.66741
2,1.75207e+09,-1.8549,0.218626,2.42372
1,1.75207e+09,-1.8549,0.218626,2.42372
2,1.75207e+09,-1.8549,0.218626,2.42372
1,1.75207e+09,-1.8549,0.218626,2.42372
2,1.75207e+09,-1.80103,0.207891,2.3442
2,1.75207e+09,-9.5873,1.58693,14.3406
1,1.75207e+09,-7.99432,1.3072,11.8714
2,1.75207e+09,-7.99432,1.3072,11.8714
1,1.75207e+09,-7.99432,1.3072,11.8714
1,1.75207e+09,-18.4707,3.19007,27.9852
2,1.75207e+09,-18.4707,3.19007,27.9852
1,1.75207e+09,-11.5253,1.95343,17.3079
2,1.75207e+09,-11.5253,1.95343,17.3079
1,1.75207e+09,-11.2828,1.90588,16.946
2,1.75207e+09,-11.2828,1.90588,16.946
1,1.75207e+09,-11.2828,1.90588,16.946
2,1.75207e+09,-10.764,1.81438,16.1599
1,1.75207e+09,-10.764,1.81438,16.1599
2,1.75207e+09,-12.3141,2.08796,18.5456
1,1.75207e+09,-7.17088,1.1437,10.6732
1,1.75207e+09,-7.17088,1.1437,10.6732
2,1.75207e+09,-10.3267,1.72182,15.4813
1,1.75207e+09,-10.3267,1.72182,15.4813
1,1.75207e+09,-10.3267,1.72182,15.4813
1,1.75207e+09,-6.85374,1.15889,10.4129
0,1.75207e+09,-6.85374,1.15889,10.4129
2,1.75207e+09,-6.85374,1.15889,10.4129
1,1.75207e+09,262.541,-47.1039,-403.446
0,1.75207e+09,-86.4103,15.3922,132.246
2,1.75207e+09,32.5305,-5.90363,-50.3346
1,1.75207e+09,32.5305,-5.90363,-50.3346
0,1.75207e+09,71.734,-12.7995,-110.662
2,1.75207e+09,71.734,-12.7995,-110.662
1,1.75207e+09,71.734,-12.7995,-110.662
0,1.75207e+09,28.8628,-5.25371,-44.7055
2,1.75207e+09,-120.475,21.4463,184.947
1,1.75207e+09,-120.475,21.4463,184.947
0,1.75207e+09,-120.475,21.4463,184.947
1,1.75207e+09,-120.475,21.4463,184.947
0,1.75207e+09,30.72,-5.58204,-47.5392
2,1.75207e+09,30.72,-5.58204,-47.5392
1,1.75207e+09,16.378,-3.00103,-25.5284
1,1.75207e+09,5.34141,-1.05179,-8.6368
2,1.75207e+09,5.34141,-1.05179,-8.6368
1,1.75207e+09,5.62818,-1.09857,-9.08459
2,1.75207e+09,19.5881,-3.5867,-30.5401
1,1.75207e+09,23.9386,-4.30421,-37.0989
2,1.75207e+09,23.9386,-4.30421,-37.0989
1,1.75207e+09,23.9386,-4.30421,-37.0989
2,1.75207e+09,11.8495,-2.18965,-18.5956
1,1.75207e+09,11.8495,-2.18965,-18.5956
2,1.75207e+09,11.8495,-2.18965,-18.5956
1,1.75207e+09,11.8495,-2.18965,-18.5956
0,1.75207e+09,10.9753,-2.04465,-17.253
2,1.75207e+09,10.1752,-1.89681,-16.0151
1,1.75207e+09,7.41256,-1.34431,-11.7379
0,1.75207e+09,7.41256,-1.34431,-11.7379
2,1.75207e+09,6.74619,-1.2368,-10.7053
1,1.75207e+09,6.74619,-1.2368,-10.7053
0,1.75207e+09,16.6013,-2.94416,-25.7969
1,1.75207e+09,16.6013,-2.94416,-25.7969
1,1.75207e+09,14.043,-2.52091,-21.8774
2,1.75207e+09,9.12358,-1.66092,-14.3426
2,1.75207e+09,4.03174,-0.810366,-6.56531
1,1.75207e+09,4.03174,-0.810366,-6.56531
1,1.75207e+09,6.11655,-1.40093,-9.84123
2,1.75207e+09,6.11655,-1.40093,-9.84123
1,1.75207e+09,6.11655,-1.40093,-9.84123
2,1.75207e+09,6.11655,-1.40093,-9.84123
1,1.75207e+09,6.11655,-1.40093,-9.84123
2,1.75207e+09,3.07439,-0.827618,-5.13961
1,1.75207e+09,3.07439,-0.827618,-5.13961
2,1.75207e+09,3.07439,-0.827618,-5.13961
2,1.75207e+09,0.0665148,-0.0356486,-0.527109
1,1.75207e+09,0.0665148,-0.0356486,-0.527109
2,1.75207e+09,0.0665148,-0.0356486,-0.527109
1,1.75207e+09,0.0665148,-0.0356486,-0.527109
2,1.75207e+09,0.110808,-0.046436,-0.408367
2,1.75207e+09,0.0590304,-0.0334277,-0.553477
2,1.75207e+09,0.0590304,-0.0334277,-0.553477
2,1.75207e+09,0.0589887,-0.0311314,-0.551312
1,1.75207e+09,0.0589887,-0.0311314,-0.551312
2,1.75207e+09,0.0661957,-0.0303396,-0.526649
1,1.75207e+09,0.0661957,-0.0303396,-0.526649
2,1.75207e+09,0.0661957,-0.0303396,-0.526649
1,1.75207e+09,0.0661957,-0.0303396,-0.526649
2,1.75207e+09,0.0671048,-0.0293653,-0.527502
2,1.75207e+09,0.124142,-0.0329215,-0.33516
1,1.75207e+09,0.0671048,-0.0293653,-0.527502
2,1.75207e+09,0.139104,-0.10951,-0.511266
2,1.75207e+09,0.139104,-0.10951,-0.511266
2,1.75207e+09,0.139104,-0.10951,-0.511266
1,1.75207e+09,0.142915,-0.109671,-0.517488
2,1.75207e+09,0.142915,-0.109671,-0.517488
1,1.75207e+09,0.142915,-0.109671,-0.517488
2,1.75207e+09,0.146405,-0.109847,-0.523214
1,1.75207e+09,0.146405,-0.109847,-0.523214
2,1.75207e+09,0.14368,-0.109749,-0.518759
1,1.75207e+09,0.00605058,-0.0985882,-0.242924
1,1.75207e+09,0.00605058,-0.0985882,-0.242924
2,1.75207e+09,0.062192,-0.0273544,-0.538599
1,1.75207e+09,0.0621261,-0.0273302,-0.538371
2,1.75207e+09,0.062061,-0.0292552,-0.531346
2,1.75207e+09,0.062061,-0.0292552,-0.531346
1,1.75207e+09,0.0593392,-0.0271335,-0.548428
2,1.75207e+09,0.0592252,-0.0272574,-0.548275
2,1.75207e+09,0.0592252,-0.0272574,-0.548275
1,1.75207e+09,0.0592252,-0.0272574,-0.548275
2,1.75207e+09,0.0593577,-0.0272315,-0.547898
2,1.75207e+09,-0.0227732,-0.0963699,-0.157294
2,1.75207e+09,0.00400938,-0.0991649,-0.241475
2,1.75207e+09,-0.0557583,-0.0823273,-0.116167
2,1.75207e+09,-0.0557583,-0.0823273,-0.116167
2,1.75207e+09,-0.0462062,-0.0835229,-0.135926
1,1.75207e+09,-0.0462062,-0.0835229,-0.135926
2,1.75207e+09,-0.0462062,-0.0835229,-0.135926
2,1.75207e+09,-0.0567804,-0.0824597,-0.116558
2,1.75207e+09,-0.0567804,-0.0824597,-0.116558
2,1.75207e+09,-0.0537501,-0.0833727,-0.123065
2,1.75207e+09,-0.0537501,-0.0833727,-0.123065
2,1.75207e+09,-0.0596159,-0.0820089,-0.109818
2,1.75207e+09,-0.0588071,-0.0820025,-0.111526
2,1.75207e+09,-0.0588071,-0.0820025,-0.111526
2,1.75207e+09,-0.0510337,-0.0841802,-0.128161
1,1.75207e+09,-0.0510337,-0.0841802,-0.128161
2,1.75207e+09,-0.0510337,-0.0841802,-0.128161
1,1.75207e+09,-0.0765721,-0.0773722,-0.0432249
2,1.75207e+09,-0.0765721,-0.0773722,-0.0432249
1,1.75207e+09,-0.0765721,-0.0773722,-0.0432249
2,1.75207e+09,-0.0765721,-0.0773722,-0.0432249
1,1.75207e+09,-0.0765721,-0.0773722,-0.0432249
2,1.75207e+09,-0.0759151,-0.0776298,-0.0447022
1,1.75207e+09,-0.0759151,-0.0776298,-0.0447022
2,1.75207e+09,-0.0747818,-0.0780912,-0.0475061
1,1.75207e+09,-0.0747818,-0.0780912,-0.0475061
1,1.75207e+09,-0.0747807,-0.0780912,-0.0475068
2,1.75207e+09,-0.0747807,-0.0780912,-0.0475068
1,1.75207e+09,-0.0523108,-0.0916064,-0.251177
2,1.75207e+09,-0.0523108,-0.0916064,-0.251177
1,1.75207e+09,-0.0523108,-0.0916064,-0.251177
2,1.75207e+09,-0.0523108,-0.0916064,-0.251177
1,1.75207e+09,-0.0523108,-0.0916064,-0.251177
2,1.75207e+09,-0.0523108,-0.0916064,-0.251177
2,1.75207e+09,-0.0311414,-0.0933772,-0.273138
2,1.75207e+09,-0.0312649,-0.0933514,-0.272766
2,1.75207e+09,-0.0312649,-0.0933514,-0.272766
2,1.75207e+09,-0.0458995,-0.0991067,-0.261696
2,1.75207e+09,-0.0262171,-0.100033,-0.280559
1,1.75207e+09,-0.0262171,-0.100033,-0.280559
2,1.75207e+09,-0.0262171,-0.100033,-0.280559
1,1.75207e+09,-0.0262759,-0.0998811,-0.279975
2,1.75207e+09,-0.0262759,-0.0998811,-0.279975
2,1.75207e+09,-0.0262759,-0.0998811,-0.279975
1,1.75207e+09,-0.0256328,-0.0999331,-0.281287
1,1.75207e+09,-0.0256328,-0.0999331,-0.281287
2,1.75207e+09,-0.0256328,-0.0999331,-0.281287
1,1.75207e+09,0.0236373,-0.150568,-0.361437
2,1.75207e+09,0.0236373,-0.150568,-0.361437
1,1.75207e+09,0.0236373,-0.150568,-0.361437
2,1.75207e+09,0.0236373,-0.150568,-0.361437
1,1.75207e+09,0.0236373,-0.150568,-0.361437
2,1.75207e+09,0.0236373,-0.150568,-0.361437
2,1.75207e+09,0.0236373,-0.150568,-0.361437
1,1.75207e+09,0.0236373,-0.150568,-0.361437
1,1.75207e+09,0.0710255,-0.13973,-0.437741
2,1.75207e+09,0.0710255,-0.13973,-0.437741
1,1.75207e+09,0.0710255,-0.13973,-0.437741
2,1.75207e+09,0.0710255,-0.13973,-0.437741
2,1.75207e+09,0.0710255,-0.13973,-0.437741
1,1.75207e+09,0.0710255,-0.13973,-0.437741
1,1.75207e+09,0.0710255,-0.13973,-0.437741
2,1.75207e+09,0.0710255,-0.13973,-0.437741
1,1.75207e+09,0.0710255,-0.13973,-0.437741
1,1.75207e+09,0.0705104,-0.139831,-0.436829
2,1.75207e+09,0.0705104,-0.139831,-0.436829
1,1.75207e+09,0.0705104,-0.139831,-0.436829
2,1.75207e+09,0.0709123,-0.139716,-0.437411
1,1.75207e+09,0.0709123,-0.139716,-0.437411
2,1.75207e+09,0.0242428,-0.150583,-0.362415
1,1.75207e+09,0.0242428,-0.150583,-0.362415
2,1.75207e+09,0.0242428,-0.150583,-0.362415
1,1.75207e+09,0.0693425,-0.139993,-0.434995
2,1.75207e+09,0.0693425,-0.139993,-0.434995
2,1.75207e+09,0.0683965,-0.140046,-0.433097
2,1.75207e+09,0.0683965,-0.140046,-0.433097
2,1.75207e+09,0.0683965,-0.140046,-0.433097
2,1.75207e+09,0.0683965,-0.140046,-0.433097
2,1.75207e+09,0.0690492,-0.13988,-0.434063
2,1.75207e+09,0.0690492,-0.13988,-0.434063
2,1.75207e+09,0.0690492,-0.13988,-0.434063
2,1.75207e+09,0.0690492,-0.13988,-0.434063
2,1.75207e+09,-0.0539073,-0.0911433,-0.250167
2,1.75207e+09,-0.0539073,-0.0911433,-0.250167
2,1.75207e+09,-0.0539073,-0.0911433,-0.250167
2,1.75207e+09,-0.0539073,-0.0911433,-0.250167
2,1.75207e+09,-0.0539073,-0.0911433,-0.250167
2,1.75207e+09,-0.0539073,-0.0911433,-0.250167
2,1.75207e+09,-0.0248947,-0.0998121,-0.283068
2,1.75207e+09,-0.0248947,-0.0998121,-0.283068
2,1.75207e+09,-0.0299033,-0.0934984,-0.275302
2,1.75207e+09,-0.0299033,-0.0934984,-0.275302
2,1.75207e+09,-0.0298747,-0.0936041,-0.2755
2,1.75207e+09,-0.0301654,-0.0933303,-0.275121
2,1.75207e+09,-0.0301654,-0.0933303,-0.275121
2,1.75207e+09,-0.0301654,-0.0933303,-0.275121
2,1.75207e+09,-0.0302545,-0.0934111,-0.274958
2,1.75207e+09,-0.0302545,-0.0934111,-0.274958
2,1.75207e+09,-0.0302545,-0.0934111,-0.274958
2,1.75207e+09,-0.0302865,-0.0933048,-0.274755
2,1.75207e+09,-0.0302865,-0.0933048,-0.274755
2,1.75207e+09,-0.0302059,-0.0934455,-0.274879
2,1.75207e+09,-0.0302059,-0.0934455,-0.274879
2,1.75207e+09,-0.0256156,-0.100021,-0.281417
2,1.75207e+09,-0.0256156,-0.100021,-0.281417
2,1.75207e+09,-0.0309387,-0.0931482,-0.272903
2,1.75207e+09,-0.0309387,-0.0931482,-0.272903
2,1.75207e+09,-0.0310486,-0.092949,-0.272734
2,1.75207e+09,-0.0310486,-0.092949,-0.272734
2,1.75207e+09,-0.0305408,-0.0931217,-0.273308
2,1.75207e+09,-0.0305408,-0.0931217,-0.273308
2,1.75207e+09,-0.0547874,-0.0909965,-0.248218
2,1.75207e+09,-0.0547874,-0.0909965,-0.248218
2,1.75207e+09,-0.0547874,-0.0909965,-0.248218
2,1.75207e+09,-0.0542892,-0.091163,-0.2489
2,1.75207e+09,-0.0542892,-0.091163,-0.2489
2,1.75207e+09,-0.0533162,-0.0911125,-0.249482
2,1.75207e+09,-0.0533162,-0.0911125,-0.249482
2,1.75207e+09,-0.024846,-0.100053,-0.281957
2,1.75207e+09,-0.024846,-0.100053,-0.281957
1,1.75207e+09,-0.0979302,-0.0965958,-0.218157
2,1.75207e+09,-0.0979302,-0.0965958,-0.218157
2,1.75207e+09,-0.0979302,-0.0965958,-0.218157
1,1.75207e+09,-0.0979302,-0.0965958,-0.218157
2,1.75207e+09,-0.0979302,-0.0965958,-0.218157
2,1.75207e+09,-0.0979302,-0.0965958,-0.218157
2,1.75207e+09,-0.0979302,-0.0965958,-0.218157
1,1.75207e+09,-0.0979302,-0.0965958,-0.218157
1,1.75207e+09,-0.0979302,-0.0965958,-0.218157
2,1.75207e+09,-0.0979302,-0.0965958,-0.218157
1,1.75207e+09,-0.0979302,-0.0965958,-0.218157
2,1.75207e+09,-0.0979302,-0.0965958,-0.218157
0,1.75207e+09,-0.0979302,-0.0965958,-0.218157
1,1.75207e+09,-0.0979302,-0.0965958,-0.218157
2,1.75207e+09,-0.0979302,-0.0965958,-0.218157
1,1.75207e+09,-0.0979302,-0.0965958,-0.218157
2,1.75207e+09,-0.0979302,-0.0965958,-0.218157
0,1.75207e+09,-0.0979302,-0.0965958,-0.218157
1,1.75207e+09,-0.0979302,-0.0965958,-0.218157
2,1.75207e+09,-0.0979302,-0.0965958,-0.218157
0,1.75207e+09,-0.0979302,-0.0965958,-0.218157
1,1.75207e+09,-0.0979302,-0.0965958,-0.218157
0,1.75207e+09,-0.0979302,-0.0965958,-0.218157
2,1.75207e+09,-0.0979302,-0.0965958,-0.218157
1,1.75207e+09,-0.0979302,-0.0965958,-0.218157
2,1.75207e+09,-0.0979302,-0.0965958,-0.218157
1,1.75207e+09,-0.0979302,-0.0965958,-0.218157
2,1.75207e+09,-0.0979302,-0.0965958,-0.218157
1,1.75207e+09,-0.0979302,-0.0965958,-0.218157
1,1.75207e+09,-0.0979302,-0.0965958,-0.218157
1,1.75207e+09,-0.0979302,-0.0965958,-0.218157
2,1.75207e+09,-0.0979302,-0.0965958,-0.218157
1,1.75207e+09,-0.0979302,-0.0965958,-0.218157
2,1.75207e+09,-0.0979302,-0.0965958,-0.218157
2,1.75207e+09,-0.0979302,-0.0965958,-0.218157
1,1.75207e+09,-0.0979302,-0.0965958,-0.218157
2,1.75207e+09,-0.0979302,-0.0965958,-0.218157
1,1.75207e+09,-0.0979302,-0.0965958,-0.218157
1,1.75207e+09,-0.0979302,-0.0965958,-0.218157
2,1.75207e+09,-0.0979302,-0.0965958,-0.218157
2,1.75207e+09,-0.0979302,-0.0965958,-0.218157
1,1.75207e+09,-0.0979302,-0.0965958,-0.218157
1,1.75207e+09,-0.0979302,-0.0965958,-0.218157
1,1.75207e+09,-0.0979302,-0.0965958,-0.218157
2,1.75207e+09,-0.0979302,-0.0965958,-0.218157
1,1.75207e+09,-0.0979302,-0.0965958,-0.218157
1,1.75207e+09,-0.0979302,-0.0965958,-0.218157
2,1.75207e+09,-0.0979302,-0.0965958,-0.218157
1,1.75207e+09,-0.0979302,-0.0965958,-0.218157
2,1.75207e+09,-0.0549578,-0.0908356,-0.248088
1,1.75207e+09,-0.0549578,-0.0908356,-0.248088
2,1.75207e+09,-0.0549578,-0.0908356,-0.248088
2,1.75207e+09,-0.0618463,-0.0967326,-0.193753
1,1.75207e+09,-0.0618463,-0.0967326,-0.193753
2,1.75207e+09,-0.0618463,-0.0967326,-0.193753
2,1.75207e+09,-0.0618463,-0.0967326,-0.193753
1,1.75207e+09,-0.0618463,-0.0967326,-0.193753
2,1.75207e+09,-0.0848685,-0.0962836,-0.200269
1,1.75207e+09,0.059503,-0.0297279,-0.549576
2,1.75207e+09,0.059503,-0.0297279,-0.549576
1,1.75207e+09,0.059503,-0.0297279,-0.549576
2,1.75207e+09,0.059503,-0.0297279,-0.549576
1,1.75207e+09,-0.0497104,-0.096613,-0.171749
1,1.75207e+09,-0.0259126,-0.0996546,-0.266088
2,1.75207e+09,-0.0259126,-0.0996546,-0.266088
1,1.75207e+09,0.0663684,-0.0300987,-0.52681
2,1.75207e+09,0.0663684,-0.0300987,-0.52681
1,1.75207e+09,-0.0143377,-0.0999505,-0.281869
1,1.75207e+09,0.0621848,-0.0323543,-0.545275
2,1.75207e+09,0.0621848,-0.0323543,-0.545275
1,1.75207e+09,0.0599542,-0.0326378,-0.552868
2,1.75207e+09,0.0599542,-0.0326378,-0.552868
2,1.75207e+09,-0.0479952,-0.0966347,-0.191104
1,1.75207e+09,-0.060131,-0.103524,-0.179954
2,1.75207e+09,-3.15828,0.815909,4.53694
1,1.75207e+09,-3.15828,0.815909,4.53694
2,1.75207e+09,-3.15828,0.815909,4.53694
1,1.75207e+09,-2.4216,0.490477,3.46839
2,1.75207e+09,-2.4216,0.490477,3.46839
1,1.75207e+09,-2.4216,0.490477,3.46839
2,1.75207e+09,-6.95326,1.46766,10.5199
1,1.75207e+09,-6.95326,1.46766,10.5199
2,1.75207e+09,-4.98304,0.900651,7.4609
1,1.75207e+09,-4.98304,0.900651,7.4609
2,1.75207e+09,-7.84547,1.38783,11.954
1,1.75207e+09,-7.84547,1.38783,11.954
2,1.75207e+09,3.49866,-0.696604,-5.815
2,1.75207e+09,3.49866,-0.696604,-5.815
1,1.75207e+09,3.49866,-0.696604,-5.815
2,1.75207e+09,3.49866,-0.696604,-5.815
2,1.75207e+09,-42.8853,6.40787,67.8414
1,1.75207e+09,-42.8853,6.40787,67.8414
1,1.75207e+09,-42.8853,6.40787,67.8414
2,1.75207e+09,-0.395644,-0.141077,0.313751
2,1.75207e+09,-0.395644,-0.141077,0.313751
1,1.75207e+09,-0.395644,-0.141077,0.313751
1,1.75207e+09,-0.395644,-0.141077,0.313751
2,1.75207e+09,-0.395644,-0.141077,0.313751
1,1.75207e+09,-0.422805,-0.144527,0.361194
1,1.75207e+09,-0.422805,-0.144527,0.361194
2,1.75207e+09,-0.445986,-0.147304,0.401579
2,1.75207e+09,-0.445986,-0.147304,0.401579
1,1.75207e+09,-0.445986,-0.147304,0.401579
2,1.75207e+09,2.67074,-0.435683,-4.51119
2,1.75207e+09,2.67074,-0.435683,-4.51119
1,1.75207e+09,2.67074,-0.435683,-4.51119
2,1.75207e+09,2.67074,-0.435683,-4.51119
1,1.75207e+09,1.93916,-0.362813,-3.3526
2,1.75207e+09,1.93916,-0.362813,-3.3526
2,1.75207e+09,1.93916,-0.362813,-3.3526
1,1.75207e+09,1.93916,-0.362813,-3.3526
1,1.75207e+09,1.75752,-0.327981,-3.08416
2,1.75207e+09,1.75752,-0.327981,-3.08416
1,1.75207e+09,1.75752,-0.327981,-3.08416
2,1.75207e+09,1.75752,-0.327981,-3.08416
1,1.75207e+09,1.83313,-0.327852,-3.22193
2,1.75207e+09,1.83313,-0.327852,-3.22193
1,1.75207e+09,1.83313,-0.327852,-3.22193
2,1.75207e+09,1.70273,-0.308189,-3.01707
1,1.75207e+09,1.70273,-0.308189,-3.01707
2,1.75207e+09,1.68665,-0.304687,-2.98123
1,1.75207e+09,1.68665,-0.304687,-2.98123
1,1.75207e+09,1.51631,-0.291574,-2.71595
2,1.75207e+09,1.51631,-0.291574,-2.71595
1,1.75207e+09,1.57996,-0.298575,-2.80152
2,1.75207e+09,1.60098,-0.303216,-2.83906
1,1.75207e+09,1.60098,-0.303216,-2.83906
2,1.75207e+09,1.69441,-0.309728,-2.98656
1,1.75207e+09,1.59452,-0.293322,-2.82606
2,1.75207e+09,1.79231,-0.312256,-3.13881
1,1.75207e+09,1.79231,-0.312256,-3.13881
2,1.75207e+09,1.72884,-0.301471,-3.03385
1,1.75207e+09,1.72884,-0.301471,-3.03385
2,1.75207e+09,1.9408,-0.322644,-3.36844
1,1.75207e+09,2.02477,-0.327773,-3.49876
2,1.75207e+09,2.02477,-0.327773,-3.49876
1,1.75207e+09,1.85669,-0.306704,-3.24125
2,1.75207e+09,2.03202,-0.316952,-3.51697
1,1.75207e+09,2.03202,-0.316952,-3.51697
2,1.75207e+09,-0.656525,-0.171637,0.748988
1,1.75207e+09,-0.656525,-0.171637,0.748988
1,1.75207e+09,-0.656525,-0.171637,0.748988
2,1.75207e+09,2.44409,-0.356995,-4.14634
1,1.75207e+09,2.44409,-0.356995,-4.14634
2,1.75207e+09,2.61621,-0.369065,-4.41754
1,1.75207e+09,2.61621,-0.369065,-4.41754
2,1.75207e+09,-0.667977,-0.174846,0.754623
2,1.75207e+09,-0.667977,-0.174846,0.754623
1,1.75207e+09,-0.667977,-0.174846,0.754623
2,1.75207e+09,2.00058,-0.305066,-3.44283
1,1.75207e+09,2.00058,-0.305066,-3.44283
1,1.75207e+09,1.99781,-0.303439,-3.44407
2,1.75207e+09,1.99781,-0.303439,-3.44407
1,1.75207e+09,2.27216,-0.328198,-3.86836
2,1.75207e+09,2.27216,-0.328198,-3.86836
0,1.75207e+09,2.27216,-0.328198,-3.86836
1,1.75207e+09,2.98516,-0.403426,-5.10647
1,1.75207e+09,2.99463,-0.40319,-5.11339
2,1.75207e+09,2.99463,-0.40319,-5.11339
0,1.75207e+09,4.34444,-0.548132,-7.27282
1,1.75207e+09,4.34444,-0.548132,-7.27282
0,1.75207e+09,4.02525,-0.519487,-6.76308
2,1.75207e+09,4.02525,-0.519487,-6.76308
1,1.75207e+09,4.02525,-0.519487,-6.76308
0,1.75207e+09,4.02525,-0.519487,-6.76308
2,1.75207e+09,3.71536,-0.494064,-6.27024
1,1.75207e+09,3.71536,-0.494064,-6.27024
1,1.75207e+09,3.71536,-0.494064,-6.27024
2,1.75207e+09,3.43145,-0.467794,-5.8082
1,1.75207e+09,3.43145,-0.467794,-5.8082
0,1.75207e+09,3.42253,-0.469831,-5.81094
2,1.75207e+09,3.11057,-0.445181,-5.322
1,1.75207e+09,4.49088,-0.628388,-7.59677
2,1.75207e+09,4.49088,-0.628388,-7.59677
1,1.75207e+09,4.96284,-0.695009,-8.39811
2,1.75207e+09,4.96284,-0.695009,-8.39811
1,1.75207e+09,4.58766,-0.64919,-7.74974
2,1.75207e+09,4.58766,-0.64919,-7.74974
2,1.75207e+09,5.24272,-0.728476,-8.79214
1,1.75207e+09,5.24272,-0.728476,-8.79214
2,1.75207e+09,4.92084,-0.679312,-8.21379
2,1.75207e+09,-0.531808,-0.157521,0.540499
1,1.75207e+09,-0.531808,-0.157521,0.540499
2,1.75207e+09,4.02862,-0.615626,-6.79113
2,1.75207e+09,4.02862,-0.615626,-6.79113
2,1.75207e+09,4.02862,-0.615626,-6.79113
2,1.75207e+09,2.38474,-0.406354,-4.04255
1,1.75207e+09,2.29669,-0.396135,-3.91433
2,1.75207e+09,3.05054,-0.507637,-5.24242
2,1.75207e+09,3.05054,-0.507637,-5.24242
1,1.75207e+09,3.05054,-0.507637,-5.24242
2,1.75207e+09,2.84655,-0.486949,-4.94393
2,1.75207e+09,2.84655,-0.486949,-4.94393
1,1.75207e+09,3.30746,-0.567899,-5.69764
1,1.75207e+09,3.30746,-0.567899,-5.69764
2,1.75207e+09,3.30746,-0.567899,-5.69764
1,1.75207e+09,3.30746,-0.567899,-5.69764
2,1.75207e+09,0.0656549,-0.038938,-0.516087
1,1.75207e+09,0.0656549,-0.038938,-0.516087
2,1.75207e+09,0.0656549,-0.038938,-0.516087
2,1.75207e+09,0.0656549,-0.038938,-0.516087
1,1.75207e+09,0.0656549,-0.038938,-0.516087
2,1.75207e+09,0.0656549,-0.038938,-0.516087
1,1.75207e+09,0.065568,-0.0389839,-0.514593
1,1.75207e+09,2.26358,-0.590238,-3.85543
2,1.75207e+09,2.26358,-0.590238,-3.85543
2,1.75207e+09,0.0671298,-0.0340493,-0.531016
1,1.75207e+09,0.0669816,-0.0305529,-0.528367
2,1.75207e+09,0.0669816,-0.0305529,-0.528367
1,1.75207e+09,0.0669816,-0.0305529,-0.528367
2,1.75207e+09,0.111181,-0.0452266,-0.389095
1,1.75207e+09,0.0669675,-0.0305763,-0.52835
2,1.75207e+09,0.0669675,-0.0305763,-0.52835
1,1.75207e+09,0.000360509,-0.100759,-0.301758
2,1.75207e+09,0.000360509,-0.100759,-0.301758
2,1.75207e+09,0.0610387,-0.0273159,-0.555789
1,1.75207e+09,0.0610387,-0.0273159,-0.555789
1,1.75207e+09,0.0610387,-0.0273159,-0.555789
2,1.75207e+09,0.0610387,-0.0273159,-0.555789
1,1.75207e+09,0.0919066,-0.0461346,-0.419754
2,1.75207e+09,-0.0823576,-0.0962859,-0.202586
1,1.75207e+09,-0.0823576,-0.0962859,-0.202586
2,1.75207e+09,-0.0843814,-0.096395,-0.19994
1,1.75207e+09,-0.0843814,-0.096395,-0.19994
2,1.75207e+09,0.147774,-0.110147,-0.525651
1,1.75207e+09,0.147774,-0.110147,-0.525651
1,1.75207e+09,0.147774,-0.110147,-0.525651
2,1.75207e+09,0.147774,-0.110147,-0.525651
1,1.75207e+09,0.138394,-0.10932,-0.510102
2,1.75207e+09,0.138394,-0.10932,-0.510102
1,1.75207e+09,0.138394,-0.10932,-0.510102
2,1.75207e+09,-0.0974072,-0.0961654,-0.218456
1,1.75207e+09,-0.0974072,-0.0961654,-0.218456
2,1.75207e+09,-0.0974072,-0.0961654,-0.218456
1,1.75207e+09,-0.0974072,-0.0961654,-0.218456
2,1.75207e+09,-0.0974072,-0.0961654,-0.218456
2,1.75207e+09,-0.0974072,-0.0961654,-0.218456
1,1.75207e+09,-0.0979837,-0.0962295,-0.217345
2,1.75207e+09,-0.0974072,-0.0961654,-0.218456
1,1.75207e+09,-0.0979144,-0.0961676,-0.21725
2,1.75207e+09,-0.0979144,-0.0961676,-0.21725
1,1.75207e+09,-0.0987565,-0.0965725,-0.216302
2,1.75207e+09,-0.0987565,-0.0965725,-0.216302
1,1.75207e+09,-0.0987565,-0.0965725,-0.216302
1,1.75207e+09,-0.0778523,-0.0964876,-0.20663
2,1.75207e+09,-0.0778523,-0.0964876,-0.20663
2,1.75207e+09,0.135861,-0.109072,-0.5059
1,1.75207e+09,0.135861,-0.109072,-0.5059
1,1.75207e+09,-0.0973971,-0.0963257,-0.218096
2,1.75207e+09,0.135861,-0.109072,-0.5059
2,1.75207e+09,-0.0964795,-0.096182,-0.219937
2,1.75207e+09,-0.0964795,-0.096182,-0.219937
1,1.75207e+09,-0.0989188,-0.0964546,-0.216567
1,1.75207e+09,-0.0989188,-0.0964546,-0.216567
2,1.75207e+09,-0.0990664,-0.0964482,-0.216465
2,1.75207e+09,-0.0990664,-0.0964482,-0.216465
1,1.75207e+09,-0.0988403,-0.0963432,-0.216473
2,1.75207e+09,-0.0981178,-0.096504,-0.217244
1,1.75207e+09,-0.0959946,-0.0961087,-0.220765
2,1.75207e+09,-0.0959946,-0.0961087,-0.220765
2,1.75207e+09,-0.0978716,-0.0965915,-0.217982
1,1.75207e+09,-0.0978716,-0.0965915,-0.217982
2,1.75207e+09,-0.0432773,-0.0990925,-0.264254
1,1.75207e+09,-0.0432773,-0.0990925,-0.264254
2,1.75207e+09,-0.0754706,-0.0962312,-0.209703
1,1.75207e+09,-0.0754706,-0.0962312,-0.209703
2,1.75207e+09,-0.0754706,-0.0962312,-0.209703
1,1.75207e+09,-0.0974664,-0.0963873,-0.21819
2,1.75207e+09,-0.0974664,-0.0963873,-0.21819
1,1.75207e+09,-0.0974664,-0.0963873,-0.21819
2,1.75207e+09,-0.0974664,-0.0963873,-0.21819
1,1.75207e+09,-0.0970613,-0.0963034,-0.218755
2,1.75207e+09,-0.0970613,-0.0963034,-0.218755
2,1.75207e+09,-0.0969203,-0.0963095,-0.218849
1,1.75207e+09,-0.0969203,-0.0963095,-0.218849
1,1.75207e+09,-0.0969203,-0.0963095,-0.218849
2,1.75207e+09,-0.0967303,-0.0961519,-0.219129
2,1.75207e+09,-0.0967303,-0.0961519,-0.219129
1,1.75207e+09,-0.0967303,-0.0961519,-0.219129
1,1.75207e+09,-0.0970487,-0.0962451,-0.218838
2,1.75207e+09,-0.0967513,-0.0963288,-0.219391
1,1.75207e+09,-0.0969646,-0.0962553,-0.219108
2,1.75207e+09,-0.0969646,-0.0962553,-0.219108
1,1.75207e+09,-0.097367,-0.0963391,-0.218547
2,1.75207e+09,-0.0973817,-0.096397,-0.218462
2,1.75207e+09,-0.0973817,-0.096397,-0.218462
1,1.75207e+09,-0.0973817,-0.096397,-0.218462
2,1.75207e+09,-0.0967528,-0.0963291,-0.219389
2,1.75207e+09,-0.0967528,-0.0963291,-0.219389
2,1.75207e+09,-0.0967528,-0.0963291,-0.219389
1,1.75207e+09,-0.0967528,-0.0963291,-0.219389
2,1.75207e+09,-0.096779,-0.0963962,-0.220027
1,1.75207e+09,-0.096779,-0.0963962,-0.220027
2,1.75207e+09,0.139307,-0.126499,-0.533697
1,1.75207e+09,0.139307,-0.126499,-0.533697
1,1.75207e+09,0.139307,-0.126499,-0.533697
2,1.75207e+09,0.139307,-0.126499,-0.533697
1,1.75207e+09,0.140506,-0.126285,-0.535359
2,1.75207e+09,0.137595,-0.109382,-0.508766
1,1.75207e+09,0.137595,-0.109382,-0.508766
2,1.75207e+09,0.137595,-0.109382,-0.508766
1,1.75207e+09,0.137595,-0.109382,-0.508766
2,1.75207e+09,0.137595,-0.109382,-0.508766
1,1.75207e+09,0.146118,-0.109906,-0.522778
2,1.75207e+09,0.146118,-0.109906,-0.522778
2,1.75207e+09,-0.0910856,-0.0962578,-0.193926
1,1.75207e+09,-0.0910856,-0.0962578,-0.193926
1,1.75207e+09,-0.0560279,-0.0973559,-0.230012
2,1.75207e+09,-0.0560279,-0.0973559,-0.230012
1,1.75207e+09,-0.060485,-0.0976125,-0.223773
2,1.75207e+09,-0.0472457,-0.109098,-0.223381
2,1.75207e+09,-0.0472457,-0.109098,-0.223381
1,1.75207e+09,-0.0472457,-0.109098,-0.223381
1,1.75207e+09,-0.136422,-0.11364,-0.0742914
2,1.75207e+09,-0.136422,-0.11364,-0.0742914
1,1.75207e+09,2.0003,-0.439926,-3.55979
2,1.75207e+09,2.0003,-0.439926,-3.55979
1,1.75207e+09,2.29669,-0.484835,-3.99987
2,1.75207e+09,2.29669,-0.484835,-3.99987
1,1.75207e+09,-0.321954,-0.135422,0.212591
1,1.75207e+09,-0.347177,-0.143365,0.274266
2,1.75207e+09,1.69591,-0.330037,-3.04161
1,1.75207e+09,1.3657,-0.272656,-2.5138
2,1.75207e+09,1.64591,-0.262116,-2.93629
1,1.75207e+09,1.64591,-0.262116,-2.93629
2,1.75207e+09,1.60193,-0.254672,-2.85954
1,1.75207e+09,1.60193,-0.254672,-2.85954
2,1.75207e+09,1.77853,-0.273266,-3.17331
1,1.75207e+09,1.77853,-0.273266,-3.17331
2,1.75207e+09,1.88235,-0.282637,-3.32456
1,1.75207e+09,1.88235,-0.282637,-3.32456
1,1.75207e+09,1.97023,-0.289199,-3.47471
2,1.75207e+09,1.98795,-0.289628,-3.49377
2,1.75207e+09,1.74601,-0.252498,-3.06676
1,1.75207e+09,1.74601,-0.252498,-3.06676
2,1.75207e+09,1.74601,-0.252498,-3.06676
2,1.75207e+09,1.82904,-0.253537,-3.24236
2,1.75207e+09,1.82904,-0.253537,-3.24236
2,1.75207e+09,1.82904,-0.253537,-3.24236
2,1.75207e+09,1.82904,-0.253537,-3.24236
2,1.75207e+09,1.79254,-0.251363,-3.17901
2,1.75207e+09,1.95615,-0.269834,-3.45071
2,1.75207e+09,2.03223,-0.273348,-3.5735
2,1.75207e+09,2.05061,-0.273605,-3.59255
2,1.75207e+09,2.04868,-0.273414,-3.5724
2,1.75207e+09,2.04868,-0.273414,-3.5724
2,1.75207e+09,2.04868,-0.273414,-3.5724
2,1.75207e+09,1.90662,-0.260829,-3.34263
2,1.75207e+09,1.90662,-0.260829,-3.34263
1,1.75207e+09,1.77818,-0.248087,-3.14189
2,1.75207e+09,1.77818,-0.248087,-3.14189
1,1.75207e+09,1.851,-0.250983,-3.25151
2,1.75207e+09,1.851,-0.250983,-3.25151
1,1.75207e+09,1.94379,-0.261273,-3.40573
2,1.75207e+09,1.94379,-0.261273,-3.40573
1,1.75207e+09,1.69142,-0.239859,-2.97883
2,1.75207e+09,1.69142,-0.239859,-2.97883
2,1.75207e+09,1.68092,-0.239772,-2.96328
1,1.75207e+09,1.68092,-0.239772,-2.96328
1,1.75207e+09,1.93779,-0.261575,-3.35451
2,1.75207e+09,1.93779,-0.261575,-3.35451
1,1.75207e+09,1.81794,-0.247415,-3.21263
2,1.75207e+09,1.81794,-0.247415,-3.21263
1,1.75207e+09,1.7829,-0.244513,-3.16164
2,1.75207e+09,1.7829,-0.244513,-3.16164
1,1.75207e+09,1.8106,-0.250814,-3.20707
1,1.75207e+09,1.8106,-0.250814,-3.20707
1,1.75207e+09,1.79498,-0.251212,-3.1896
2,1.75207e+09,2.03063,-0.272731,-3.55237
1,1.75207e+09,2.03063,-0.272731,-3.55237
2,1.75207e+09,1.9712,-0.264829,-3.48273
1,1.75207e+09,1.9712,-0.264829,-3.48273
2,1.75207e+09,1.9712,-0.264829,-3.48273
2,1.75207e+09,1.9712,-0.264829,-3.48273
2,1.75207e+09,1.9712,-0.264829,-3.48273
1,1.75207e+09,1.95846,-0.280586,-3.46382
2,1.75207e+09,1.95846,-0.280586,-3.46382
2,1.75207e+09,1.95846,-0.280586,-3.46382
1,1.75207e+09,1.70892,-0.270865,-3.08677
1,1.75207e+09,1.70892,-0.270865,-3.08677
2,1.75207e+09,1.96826,-0.296728,-3.47592
1,1.75207e+09,3.01824,-0.424004,-5.18669
2,1.75207e+09,3.01824,-0.424004,-5.18669
1,1.75207e+09,3.01824,-0.424004,-5.18669
2,1.75207e+09,3.01824,-0.424004,-5.18669
1,1.75207e+09,3.01824,-0.424004,-5.18669
2,1.75207e+09,3.01824,-0.424004,-5.18669
1,1.75207e+09,3.01824,-0.424004,-5.18669
2,1.75207e+09,3.01824,-0.424004,-5.18669
1,1.75207e+09,3.01824,-0.424004,-5.18669
1,1.75207e+09,3.01824,-0.424004,-5.18669
2,1.75207e+09,3.01824,-0.424004,-5.18669
2,1.75207e+09,3.01824,-0.424004,-5.18669
1,1.75207e+09,3.01824,-0.424004,-5.18669
2,1.75207e+09,3.01824,-0.424004,-5.18669
2,1.75207e+09,3.01824,-0.424004,-5.18669
1,1.75207e+09,3.01824,-0.424004,-5.18669
2,1.75207e+09,3.01824,-0.424004,-5.18669
1,1.75207e+09,3.01824,-0.424004,-5.18669
1,1.75207e+09,2.05852,-0.328991,-3.57098
2,1.75207e+09,2.05852,-0.328991,-3.57098
1,1.75207e+09,1.49982,-0.251751,-2.69924
2,1.75207e+09,1.49982,-0.251751,-2.69924
2,1.75207e+09,1.49982,-0.251751,-2.69924
1,1.75207e+09,1.49982,-0.251751,-2.69924
2,1.75207e+09,1.49802,-0.262586,-2.68608
1,1.75207e+09,1.49802,-0.262586,-2.68608
1,1.75207e+09,1.77938,-0.321292,-3.21175
2,1.75207e+09,1.77938,-0.321292,-3.21175
1,1.75207e+09,1.69646,-0.313752,-3.098
2,1.75207e+09,1.69646,-0.313752,-3.098
1,1.75207e+09,1.60624,-0.316051,-3.0202
1,1.75207e+09,1.60624,-0.316051,-3.0202
2,1.75207e+09,1.60624,-0.316051,-3.0202
1,1.75207e+09,1.22298,-0.274857,-2.29551
2,1.75207e+09,1.22298,-0.274857,-2.29551
1,1.75207e+09,1.22298,-0.274857,-2.29551
2,1.75207e+09,1.22298,-0.274857,-2.29551
1,1.75207e+09,1.22298,-0.274857,-2.29551
2,1.75207e+09,1.22216,-0.278089,-2.29781
1,1.75207e+09,1.22216,-0.278089,-2.29781
2,1.75207e+09,1.52874,-0.36772,-2.85835
1,1.75207e+09,1.52874,-0.36772,-2.85835
2,1.75207e+09,1.52874,-0.36772,-2.85835
2,1.75207e+09,1.52874,-0.36772,-2.85835
2,1.75207e+09,1.81652,-0.4178,-3.30344
2,1.75207e+09,1.81652,-0.4178,-3.30344
2,1.75207e+09,-0.142323,-0.113912,-0.0811046
2,1.75207e+09,-0.142323,-0.113912,-0.0811046
2,1.75207e+09,-0.142323,-0.113912,-0.0811046
2,1.75207e+09,-0.126756,-0.103509,-0.179409
1,1.75207e+09,-0.0975258,-0.0965108,-0.21872
2,1.75207e+09,-0.0975258,-0.0965108,-0.21872
1,1.75207e+09,-0.0975258,-0.0965108,-0.21872
2,1.75207e+09,-0.0975258,-0.0965108,-0.21872
1,1.75207e+09,-0.098273,-0.0965548,-0.217065
2,1.75207e+09,-0.098273,-0.0965548,-0.217065
1,1.75207e+09,-0.0982357,-0.0966891,-0.217884
2,1.75207e+09,-0.0982357,-0.0966891,-0.217884
1,1.75207e+09,-0.0767882,-0.0971457,-0.205905
2,1.75207e+09,0.154947,-0.110507,-0.537471
2,1.75207e+09,0.154947,-0.110507,-0.537471
1,1.75207e+09,0.154947,-0.110507,-0.537471
2,1.75207e+09,-0.0805904,-0.0968718,-0.202544
2,1.75207e+09,-0.0805904,-0.0968718,-0.202544
1,1.75207e+09,-0.0807088,-0.096862,-0.202257
2,1.75207e+09,-0.0807088,-0.096862,-0.202257
1,1.75207e+09,-0.0761256,-0.0967682,-0.207632
1,1.75207e+09,-0.0760867,-0.0961325,-0.207994
2,1.75207e+09,-0.0759162,-0.0963039,-0.207828
1,1.75207e+09,-0.0759162,-0.0963039,-0.207828
2,1.75207e+09,-0.0759162,-0.0963039,-0.207828
1,1.75207e+09,-0.075403,-0.0964602,-0.208474
2,1.75207e+09,-0.0981532,-0.0964503,-0.217516
1,1.75207e+09,-0.0978412,-0.096356,-0.217798
2,1.75207e+09,-0.0978412,-0.096356,-0.217798
1,1.75207e+09,0.143161,-0.109695,-0.51793
2,1.75207e+09,0.143161,-0.109695,-0.51793
1,1.75207e+09,0.143161,-0.109695,-0.51793
2,1.75207e+09,-0.0790387,-0.0965211,-0.203815
1,1.75207e+09,-0.0790387,-0.0965211,-0.203815
2,1.75207e+09,-0.0787078,-0.096606,-0.204302
1,1.75207e+09,-0.075662,-0.0967165,-0.207751
2,1.75207e+09,-0.075662,-0.0967165,-0.207751
1,1.75207e+09,-0.0971473,-0.0965332,-0.219195
2,1.75207e+09,-0.0971473,-0.0965332,-0.219195
1,1.75207e+09,-0.0971473,-0.0965332,-0.219195
1,1.75207e+09,-0.0972351,-0.0965229,-0.21892
2,1.75207e+09,-0.0973798,-0.0965167,-0.218821
1,1.75207e+09,-0.0981817,-0.0966857,-0.217703
2,1.75207e+09,-0.0984619,-0.0967236,-0.21753
1,1.75207e+09,-0.0984619,-0.0967236,-0.21753
2,1.75207e+09,-0.0740158,-0.096938,-0.209013
1,1.75207e+09,-0.0740158,-0.096938,-0.209013
2,1.75207e+09,-0.0740158,-0.096938,-0.209013
1,1.75207e+09,-0.0740158,-0.096938,-0.209013
2,1.75207e+09,-0.0740158,-0.096938,-0.209013
1,1.75207e+09,-0.0740158,-0.096938,-0.209013
2,1.75207e+09,-0.0740158,-0.096938,-0.209013
1,1.75207e+09,-0.0740158,-0.096938,-0.209013
2,1.75207e+09,-0.0740158,-0.096938,-0.209013
1,1.75207e+09,0.158771,-0.110787,-0.543905
2,1.75207e+09,0.158771,-0.110787,-0.543905
1,1.75207e+09,0.160024,-0.110891,-0.546027
1,1.75207e+09,-0.0996593,-0.0966917,-0.215624
2,1.75207e+09,0.157985,-0.110756,-0.542598
1,1.75207e+09,0.157985,-0.110756,-0.542598
1,1.75207e+09,0.157985,-0.110756,-0.542598
2,1.75207e+09,0.157985,-0.110756,-0.542598
1,1.75207e+09,-0.0992567,-0.096786,-0.216477
2,1.75207e+09,-0.0992567,-0.096786,-0.216477
2,1.75207e+09,-0.0991603,-0.0966167,-0.216473
1,1.75207e+09,-0.0991603,-0.0966167,-0.216473
2,1.75207e+09,-0.0988537,-0.0967009,-0.217038
1,1.75207e+09,-0.0988537,-0.0967009,-0.217038
2,1.75207e+09,-0.0988537,-0.0967009,-0.217038
1,1.75207e+09,-0.09864,-0.0967746,-0.217321
1,1.75207e+09,-0.09864,-0.0967746,-0.217321
2,1.75207e+09,-0.04178,-0.0993078,-0.265604
1,1.75207e+09,-0.04178,-0.0993078,-0.265604
2,1.75207e+09,-0.04178,-0.0993078,-0.265604
1,1.75207e+09,-0.0416245,-0.0992234,-0.265865
2,1.75207e+09,-0.0416245,-0.0992234,-0.265865
1,1.75207e+09,-0.0416245,-0.0992234,-0.265865
2,1.75207e+09,-0.0987327,-0.0967648,-0.217039
1,1.75207e+09,-0.0987327,-0.0967648,-0.217039
2,1.75207e+09,-0.0987327,-0.0967648,-0.217039
1,1.75207e+09,-0.0747792,-0.0969361,-0.208837
2,1.75207e+09,-0.0991356,-0.0968498,-0.216478
1,1.75207e+09,-0.0991356,-0.0968498,-0.216478
2,1.75207e+09,-0.0991356,-0.0968498,-0.216478
1,1.75207e+09,-0.0991356,-0.0968498,-0.216478
2,1.75207e+09,-0.0991348,-0.0968496,-0.216479
1,1.75207e+09,-0.0991348,-0.0968496,-0.216479
2,1.75207e+09,-0.076583,-0.0969525,-0.206733
1,1.75207e+09,-0.076583,-0.0969525,-0.206733
2,1.75207e+09,-0.076583,-0.0969525,-0.206733
1,1.75207e+09,-0.076583,-0.0969525,-0.206733
2,1.75207e+09,-0.0760175,-0.0969787,-0.207294
2,1.75207e+09,-0.0760175,-0.0969787,-0.207294
1,1.75207e+09,-0.0727262,-0.0971333,-0.210635
2,1.75207e+09,-0.0727262,-0.0971333,-0.210635
1,1.75207e+09,-0.0727262,-0.0971333,-0.210635
2,1.75207e+09,-0.0727262,-0.0971333,-0.210635
1,1.75207e+09,-0.0780711,-0.0969847,-0.204956
2,1.75207e+09,-0.0780711,-0.0969847,-0.204956
1,1.75207e+09,-0.0772049,-0.0969187,-0.205944
2,1.75207e+09,-0.0772049,-0.0969187,-0.205944
1,1.75207e+09,-0.0772049,-0.0969187,-0.205944
1,1.75207e+09,-0.0772049,-0.0969187,-0.205944
2,1.75207e+09,-0.0709401,-0.0973142,-0.212039
1,1.75207e+09,-0.0709401,-0.0973142,-0.212039
2,1.75207e+09,-0.0707686,-0.0973273,-0.212404
1,1.75207e+09,-0.0707686,-0.0973273,-0.212404
1,1.75207e+09,-0.0993476,-0.0969546,-0.216489
2,1.75207e+09,-0.0993476,-0.0969546,-0.216489
2,1.75207e+09,-0.0993476,-0.0969546,-0.216489
1,1.75207e+09,-0.0989472,-0.0968695,-0.217046
1,1.75207e+09,-0.0989472,-0.0968695,-0.217046
2,1.75207e+09,-0.0989472,-0.0968695,-0.217046
1,1.75207e+09,-0.0989472,-0.0968695,-0.217046
2,1.75207e+09,-0.0985457,-0.0967843,-0.217605
2,1.75207e+09,-0.0985457,-0.0967843,-0.217605
1,1.75207e+09,-0.0985457,-0.0967843,-0.217605
1,1.75207e+09,-0.0985457,-0.0967843,-0.217605
2,1.75207e+09,-0.0985457,-0.0967843,-0.217605
1,1.75207e+09,-0.0985457,-0.0967843,-0.217605
2,1.75207e+09,-0.0986392,-0.0967744,-0.217322
1,1.75207e+09,-0.0986392,-0.0967744,-0.217322
2,1.75207e+09,-0.0985465,-0.0967844,-0.217604
1,1.75207e+09,-0.0985465,-0.0967844,-0.217604
2,1.75207e+09,-0.0986385,-0.0967742,-0.217323
1,1.75207e+09,-0.0986385,-0.0967742,-0.217323
2,1.75207e+09,-0.0985473,-0.0967846,-0.217603
1,1.75207e+09,-0.0986385,-0.0967742,-0.217323
0,1.75207e+09,-0.0985473,-0.0967846,-0.217603
2,1.75207e+09,-0.0985473,-0.0967846,-0.217603
1,1.75207e+09,-0.0749714,-0.0969267,-0.208646
0,1.75207e+09,-0.0749714,-0.0969267,-0.208646
0,1.75207e+09,-0.0755501,-0.0968996,-0.208069
1,1.75207e+09,-0.0755501,-0.0968996,-0.208069
2,1.75207e+09,-0.0979063,-0.096716,-0.218545
0,1.75207e+09,-0.0979063,-0.096716,-0.218545
2,1.75207e+09,-0.0979063,-0.096716,-0.218545
1,1.75207e+09,-0.0979063,-0.096716,-0.218545
0,1.75207e+09,-0.0750542,-0.096918,-0.208383
2,1.75207e+09,-0.0750542,-0.096918,-0.208383
1,1.75207e+09,-0.0750542,-0.096918,-0.208383
2,1.75207e+09,-0.0756251,-0.0968913,-0.207815
1,1.75207e+09,-0.0756251,-0.0968913,-0.207815
1,1.75207e+09,-0.0756251,-0.0968913,-0.207815
2,1.75207e+09,-0.0983984,-0.0967907,-0.217707
1,1.75207e+09,-0.0990751,-0.0967352,-0.216691
2,1.75207e+09,-0.0990751,-0.0967352,-0.216691
2,1.75207e+09,-0.0990751,-0.0967352,-0.216691
1,1.75207e+09,-0.0990751,-0.0967352,-0.216691
1,1.75207e+09,-0.0991075,-0.0967924,-0.216581
2,1.75207e+09,-0.0991075,-0.0967924,-0.216581
1,1.75207e+09,-0.0991075,-0.0967924,-0.216581
2,1.75207e+09,-0.0991067,-0.0967922,-0.216582
1,1.75207e+09,-0.0991067,-0.0967922,-0.216582
1,1.75207e+09,-0.0989573,-0.0967986,-0.216687
0,1.75207e+09,-0.0754843,-0.0969026,-0.208134
2,1.75207e+09,-0.0754843,-0.0969026,-0.208134
1,1.75207e+09,-0.0986392,-0.0967744,-0.217322
1,1.75207e+09,-0.0986392,-0.0967744,-0.217322
2,1.75207e+09,-0.0986392,-0.0967744,-0.217322
1,1.75207e+09,-0.0986392,-0.0967744,-0.217322
2,1.75207e+09,-0.0978526,-0.0967124,-0.218364
1,1.75207e+09,-0.0978526,-0.0967124,-0.218364
2,1.75207e+09,-0.0757137,-0.0966819,-0.208175
1,1.75207e+09,-0.0757137,-0.0966819,-0.208175
2,1.75207e+09,-0.0757137,-0.0966819,-0.208175
1,1.75207e+09,-0.0729326,-0.0969231,-0.211005
1,1.75207e+09,-0.0729326,-0.0969231,-0.211005
2,1.75207e+09,-0.0729326,-0.0969231,-0.211005
1,1.75207e+09,-0.0770909,-0.0968185,-0.206197
2,1.75207e+09,-0.0770909,-0.0968185,-0.206197
1,1.75207e+09,-0.0981464,-0.0966996,-0.218161
2,1.75207e+09,-0.0981464,-0.0966996,-0.218161
2,1.75207e+09,-0.0982631,-0.0968148,-0.218456
1,1.75207e+09,-0.0982631,-0.0968148,-0.218456
2,1.75207e+09,0.0664434,-0.0292711,-0.526339
1,1.75207e+09,0.0664434,-0.0292711,-0.526339
2,1.75207e+09,0.0664434,-0.0292711,-0.526339
1,1.75207e+09,0.0657666,-0.029295,-0.528929
2,1.75207e+09,0.0657666,-0.029295,-0.528929
1,1.75207e+09,0.0657666,-0.029295,-0.528929
1,1.75207e+09,0.0653678,-0.0301332,-0.529015
2,1.75207e+09,-0.0413553,-0.0982706,-0.233436
1,1.75207e+09,0.0660426,-0.0322048,-0.527976
2,1.75207e+09,0.0660426,-0.0322048,-0.527976
1,1.75207e+09,0.0660426,-0.0322048,-0.527976
2,1.75207e+09,0.0660426,-0.0322048,-0.527976
1,1.75207e+09,0.0660426,-0.0322048,-0.527976
2,1.75207e+09,-0.0493333,-0.116737,-0.212469
1,1.75207e+09,-0.0493333,-0.116737,-0.212469
2,1.75207e+09,-0.0493333,-0.116737,-0.212469
1,1.75207e+09,3.05166,-0.551305,-5.23949
2,1.75207e+09,3.05166,-0.551305,-5.23949
2,1.75207e+09,1.05672,-0.21415,-2.03894
1,1.75207e+09,1.05672,-0.21415,-2.03894
2,1.75207e+09,-2.56108,-0.436728,4.05561
1,1.75207e+09,-2.56108,-0.436728,4.05561
1,1.75207e+09,-2.06701,-0.400712,3.17323
1,1.75207e+09,-2.06701,-0.400712,3.17323
1,1.75207e+09,0.0725994,-0.0397741,-0.544695
2,1.75207e+09,0.0725994,-0.0397741,-0.544695
2,1.75207e+09,0.0725994,-0.0397741,-0.544695
1,1.75207e+09,0.0725994,-0.0397741,-0.544695
1,1.75207e+09,0.0725994,-0.0397741,-0.544695
2,1.75207e+09,0.124382,-0.0807415,-0.491679
1,1.75207e+09,-9.12332,-1.72354,14.9852
2,1.75207e+09,-9.12332,-1.72354,14.9852
1,1.75207e+09,-9.12332,-1.72354,14.9852
2,1.75207e+09,3.93466,0.526875,-7.13287
1,1.75207e+09,3.93466,0.526875,-7.13287
1,1.75207e+09,5.40481,0.810001,-9.56854
2,1.75207e+09,1.64213,0.0543852,-3.09729
1,1.75207e+09,1.64213,0.0543852,-3.09729
2,1.75207e+09,3.98778,0.299516,-6.68724
2,1.75207e+09,3.60736,0.250668,-6.09471
1,1.75207e+09,7.14066,0.621301,-11.7517
1,1.75207e+09,7.14066,0.621301,-11.7517
2,1.75207e+09,-3.60861,-0.756783,5.7494
1,1.75207e+09,-3.60861,-0.756783,5.7494
2,1.75207e+09,-3.60861,-0.756783,5.7494
1,1.75207e+09,-1.22332,-0.330566,1.65878
2,1.75207e+09,10.7252,1.63288,-19.3396
1,1.75207e+09,10.7252,1.63288,-19.3396
2,1.75207e+09,10.7252,1.63288,-19.3396
1,1.75207e+09,11.9065,1.84436,-21.4247
2,1.75207e+09,10.7252,1.63288,-19.3396
1,1.75207e+09,11.9065,1.84436,-21.4247
2,1.75207e+09,11.9065,1.84436,-21.4247
1,1.75207e+09,12.0593,1.86548,-21.705
2,1.75207e+09,-1.83842,-0.409229,2.57929
1,1.75207e+09,-1.83842,-0.409229,2.57929
1,1.75207e+09,-1.83842,-0.409229,2.57929
2,1.75207e+09,-1.576,-0.373729,2.13213
2,1.75207e+09,-1.58661,-0.375168,2.14744
1,1.75207e+09,-1.56961,-0.370049,2.12492
2,1.75207e+09,-3.23522,-0.505075,4.68289
1,1.75207e+09,-3.23522,-0.505075,4.68289
2,1.75207e+09,-1.62292,-0.383776,2.19815
1,1.75207e+09,-1.62292,-0.383776,2.19815
1,1.75207e+09,-14.7214,-2.38229,23.8342
2,1.75207e+09,-14.7214,-2.38229,23.8342
2,1.75207e+09,-1.73531,-0.396239,2.4017
1,1.75207e+09,-1.73531,-0.396239,2.4017
2,1.75207e+09,1.27219,0.00442591,-2.47717
1,1.75207e+09,1.27219,0.00442591,-2.47717
2,1.75207e+09,1.81573,0.10822,-3.40881
1,1.75207e+09,1.81573,0.10822,-3.40881
2,1.75207e+09,1.81573,0.10822,-3.40881
1,1.75207e+09,57.4712,8.78924,-95.1403
1,1.75207e+09,49.3717,7.50984,-81.7716
2,1.75207e+09,49.3717,7.50984,-81.7716
1,1.75207e+09,-1.69564,-0.389411,2.32834
2,1.75207e+09,-1.69564,-0.389411,2.32834
1,1.75207e+09,-3850.74,-591.189,6344.86
2,1.75207e+09,-3850.74,-591.189,6344.86
1,1.75207e+09,-10.5725,-1.74429,17.002
2,1.75207e+09,-10.5725,-1.74429,17.002
1,1.75207e+09,-1.58653,-0.3683,2.15714
2,1.75207e+09,-1.58653,-0.3683,2.15714
1,1.75207e+09,-1.58653,-0.3683,2.15714
2,1.75207e+09,-15.6625,-2.53625,25.3827
1,1.75207e+09,-15.6625,-2.53625,25.3827
2,1.75207e+09,-1.42019,-0.343497,1.88013
2,1.75207e+09,-1.42019,-0.343497,1.88013
2,1.75207e+09,-1.42019,-0.343497,1.88013
2,1.75207e+09,-1.42019,-0.343497,1.88013
1,1.75207e+09,-1.45321,-0.353598,1.93383
2,1.75207e+09,-1.45321,-0.353598,1.93383
1,1.75207e+09,-1.45321,-0.353598,1.93383
2,1.75207e+09,-1.57229,-0.373379,2.12846
1,1.75207e+09,-1.70137,-0.39223,2.34552
1,1.75207e+09,-1.70137,-0.39223,2.34552
2,1.75207e+09,-1.4729,-0.349745,1.9713
1,1.75207e+09,-1.4729,-0.349745,1.9713
2,1.75207e+09,-1.6059,-0.368457,2.19244
1,1.75207e+09,-1.6059,-0.368457,2.19244
2,1.75207e+09,-1.6059,-0.368457,2.19244
2,1.75207e+09,-1.6059,-0.368457,2.19244
2,1.75207e+09,-2.51152,-0.512405,3.6769
1,1.75207e+09,-2.51152,-0.512405,3.6769
2,1.75207e+09,-1.02899,-0.257613,1.28003
1,1.75207e+09,-1.01909,-0.256578,1.26626
2,1.75207e+09,-1.01909,-0.256578,1.26626
1,1.75207e+09,-1.0791,-0.267209,1.36108
2,1.75207e+09,-1.0791,-0.267209,1.36108
2,1.75207e+09,-1.79482,-0.391334,2.51726
1,1.75207e+09,-1.79482,-0.391334,2.51726
1,1.75207e+09,-1.59543,-0.366164,2.17926
2,1.75207e+09,-1.59543,-0.366164,2.17926
1,1.75207e+09,-1.70848,-0.386891,2.35659
2,1.75207e+09,-1.70848,-0.386891,2.35659
1,1.75207e+09,-1.45467,-0.337009,1.95889
2,1.75207e+09,-1.45467,-0.337009,1.95889
1,1.75207e+09,-1.45467,-0.337009,1.95889
2,1.75207e+09,-1.43738,-0.335368,1.93306
1,1.75207e+09,-1.42498,-0.333784,1.90948
1,1.75207e+09,-1.42498,-0.333784,1.90948
2,1.75207e+09,-1.38481,-0.337266,1.82569
2,1.75207e+09,-1.38481,-0.337266,1.82569
1,1.75207e+09,-1.49284,-0.353882,2.00458
2,1.75207e+09,-1.49284,-0.353882,2.00458
1,1.75207e+09,-1.47352,-0.350849,1.97781
2,1.75207e+09,-1.34924,-0.32871,1.78028
1,1.75207e+09,-1.34924,-0.32871,1.78028
2,1.75207e+09,-2.49614,-0.506026,3.67979
1,1.75207e+09,-2.49614,-0.506026,3.67979
2,1.75207e+09,-1.60701,-0.366011,2.216
1,1.75207e+09,-1.60701,-0.366011,2.216
2,1.75207e+09,-1.60701,-0.366011,2.216
2,1.75207e+09,-1.60701,-0.366011,2.216
1,1.75207e+09,-8.58933,-1.42374,13.7012
2,1.75207e+09,-8.58933,-1.42374,13.7012
2,1.75207e+09,-8.58933,-1.42374,13.7012
2,1.75207e+09,-8.58933,-1.42374,13.7012
2,1.75207e+09,-8.58933,-1.42374,13.7012
2,1.75207e+09,-1.03932,-0.302158,1.39652
2,1.75207e+09,-1.03932,-0.302158,1.39652
2,1.75207e+09,-1.03932,-0.302158,1.39652
1,1.75207e+09,-1.03932,-0.302158,1.39652
2,1.75207e+09,-3.34478,-0.684266,5.5111
2,1.75207e+09,-3.34478,-0.684266,5.5111
2,1.75207e+09,9.32892,1.29706,-15.7791
2,1.75207e+09,9.32892,1.29706,-15.7791
2,1.75207e+09,-2.76157,-0.591963,4.49491
2,1.75207e+09,-2.76157,-0.591963,4.49491
1,1.75207e+09,47.3061,7.10819,-78.2676
2,1.75207e+09,47.3061,7.10819,-78.2676
1,1.75207e+09,47.3061,7.10819,-78.2676
2,1.75207e+09,47.3061,7.10819,-78.2676
1,1.75207e+09,-2.2101,-0.460311,3.17591
2,1.75207e+09,-2.2101,-0.460311,3.17591
2,1.75207e+09,-2.2101,-0.460311,3.17591
2,1.75207e+09,-2.2101,-0.460311,3.17591
1,1.75207e+09,-2.2101,-0.460311,3.17591
1,1.75207e+09,-2.2101,-0.460311,3.17591
2,1.75207e+09,-2.29338,-0.480925,3.31622
2,1.75207e+09,-2.29338,-0.480925,3.31622
1,1.75207e+09,-2.85689,-0.561693,4.26322
1,1.75207e+09,-2.85689,-0.561693,4.26322
2,1.75207e+09,-1.93771,-0.448875,3.02884
1,1.75207e+09,-1.93771,-0.448875,3.02884
2,1.75207e+09,-1.93771,-0.448875,3.02884
2,1.75207e+09,-2.14156,-0.485601,3.39091
1,1.75207e+09,-16.8928,-2.70008,27.3806
2,1.75207e+09,-3.97894,-0.734724,6.10934
1,1.75207e+09,-3.97894,-0.734724,6.10934
2,1.75207e+09,-1.35644,-0.350645,1.96476
1,1.75207e+09,-1.35644,-0.350645,1.96476
0,1.75207e+09,-1.11,-0.311846,1.53058
2,1.75207e+09,-1.11,-0.311846,1.53058
1,1.75207e+09,-2.1522,-0.452863,3.08841
2,1.75207e+09,-2.1522,-0.452863,3.08841
1,1.75207e+09,-2.0467,-0.435798,2.91247
2,1.75207e+09,-2.0467,-0.435798,2.91247
1,1.75207e+09,-1.05942,-0.30304,1.44682
2,1.75207e+09,-1.05942,-0.30304,1.44682
1,1.75207e+09,-1.16135,-0.316648,1.6306
1,1.75207e+09,-1.16135,-0.316648,1.6306
2,1.75207e+09,-1.16135,-0.316648,1.6306
2,1.75207e+09,-1.16135,-0.316648,1.6306
1,1.75207e+09,6.51052,0.859242,-11.1924
2,1.75207e+09,6.51052,0.859242,-11.1924
2,1.75207e+09,6.51052,0.859242,-11.1924
1,1.75207e+09,6.51052,0.859242,-11.1924
2,1.75207e+09,6.51052,0.859242,-11.1924
2,1.75207e+09,6.51052,0.859242,-11.1924
1,1.75207e+09,6.51052,0.859242,-11.1924
2,1.75207e+09,6.51052,0.859242,-11.1924
1,1.75207e+09,1.47042,0.019201,-2.8064
2,1.75207e+09,1.47042,0.019201,-2.8064
1,1.75207e+09,1.47042,0.019201,-2.8064
2,1.75207e+09,1.47042,0.019201,-2.8064
1,1.75207e+09,1.47042,0.019201,-2.8064
2,1.75207e+09,1.33889,0.00935022,-2.59063
1,1.75207e+09,1.22884,0.00652813,-2.40517
2,1.75207e+09,1.22884,0.00652813,-2.40517
1,1.75207e+09,1.33313,0.0143198,-2.57587
2,1.75207e+09,2.00931,0.0583645,-3.68098
1,1.75207e+09,2.00931,0.0583645,-3.68098
2,1.75207e+09,-15.4549,-2.21448,25.1621
2,1.75207e+09,-15.4549,-2.21448,25.1621
1,1.75207e+09,-15.4549,-2.21448,25.1621
1,1.75207e+09,-15.4549,-2.21448,25.1621
2,1.75207e+09,-2.99618,-0.552473,4.51792
1,1.75207e+09,-2.99618,-0.552473,4.51792
1,1.75207e+09,-2.99618,-0.552473,4.51792
2,1.75207e+09,-0.430226,-0.16456,0.298337
1,1.75207e+09,-0.430226,-0.16456,0.298337
1,1.75207e+09,-0.430226,-0.16456,0.298337
1,1.75207e+09,-0.430226,-0.16456,0.298337
2,1.75207e+09,-1.1554,-0.301234,1.46429
2,1.75207e+09,-1.1554,-0.301234,1.46429
1,1.75207e+09,-1.08687,-0.292599,1.36766
2,1.75207e+09,-1.08687,-0.292599,1.36766
1,1.75207e+09,-0.854442,-0.256703,0.981346
2,1.75207e+09,0.0717462,-0.0391664,-0.540119
1,1.75207e+09,0.0717462,-0.0391664,-0.540119
2,1.75207e+09,0.0717462,-0.0391664,-0.540119
2,1.75207e+09,-0.22092,-0.167246,-0.038769
1,1.75207e+09,-0.463479,-0.194798,0.334609
2,1.75207e+09,-0.463479,-0.194798,0.334609
2,1.75207e+09,-0.463479,-0.194798,0.334609
1,1.75207e+09,-0.463479,-0.194798,0.334609
2,1.75207e+09,-0.463479,-0.194798,0.334609
2,1.75207e+09,-0.0281699,-0.144393,-0.271626
1,1.75207e+09,-0.0281699,-0.144393,-0.271626
1,1.75207e+09,-0.0631638,-0.135078,-0.198083
2,1.75207e+09,-0.0634165,-0.135093,-0.197767
1,1.75207e+09,-0.0634165,-0.135093,-0.197767
1,1.75207e+09,-0.216688,-0.165165,-0.0459226
2,1.75207e+09,-0.216688,-0.165165,-0.0459226
1,1.75207e+09,-0.216688,-0.165165,-0.0459226
2,1.75207e+09,-0.0279424,-0.145403,-0.271915
2,1.75207e+09,-0.0279424,-0.145403,-0.271915
1,1.75207e+09,-0.0279424,-0.145403,-0.271915
2,1.75207e+09,-0.0270384,-0.14616,-0.273525
1,1.75207e+09,-0.0270384,-0.14616,-0.273525
1,1.75207e+09,-0.0270384,-0.14616,-0.273525
2,1.75207e+09,-0.0270384,-0.14616,-0.273525
1,1.75207e+09,-0.0260898,-0.146338,-0.275221
2,1.75207e+09,-0.0260898,-0.146338,-0.275221
1,1.75207e+09,-0.0195558,-0.14759,-0.286326
2,1.75207e+09,-0.0195558,-0.14759,-0.286326
1,1.75207e+09,-0.0195558,-0.14759,-0.286326
2,1.75207e+09,-0.02245,-0.146958,-0.281908
1,1.75207e+09,-0.02245,-0.146958,-0.281908
2,1.75207e+09,-0.0284023,-0.145156,-0.272429
1,1.75207e+09,-0.0284023,-0.145156,-0.272429
1,1.75207e+09,-0.0284023,-0.145156,-0.272429
2,1.75207e+09,-0.0284023,-0.145156,-0.272429
1,1.75207e+09,-0.216891,-0.164794,-0.0466938
2,1.75207e+09,-0.216891,-0.164794,-0.0466938
2,1.75207e+09,-0.20393,-0.165905,-0.064041
1,1.75207e+09,-0.20393,-0.165905,-0.064041
1,1.75207e+09,-0.0258523,-0.146159,-0.276211
2,1.75207e+09,-0.0252949,-0.14654,-0.276741
2,1.75207e+09,-0.0252949,-0.14654,-0.276741
1,1.75207e+09,-0.0252949,-0.14654,-0.276741
2,1.75207e+09,-0.0252949,-0.14654,-0.276741
2,1.75207e+09,-0.0252949,-0.14654,-0.276741
1,1.75207e+09,-0.0254376,-0.146285,-0.276872
2,1.75207e+09,-0.0273283,-0.145553,-0.27372
1,1.75207e+09,-0.0273283,-0.145553,-0.27372
2,1.75207e+09,-0.0273352,-0.145606,-0.273619
1,1.75207e+09,-0.0273352,-0.145606,-0.273619
2,1.75207e+09,-0.0240455,-0.146611,-0.278867
1,1.75207e+09,-0.0255828,-0.146456,-0.276281
2,1.75207e+09,-0.0255828,-0.146456,-0.276281
1,1.75207e+09,-0.0255828,-0.146456,-0.276281
2,1.75207e+09,-0.0255828,-0.146456,-0.276281
1,1.75207e+09,-0.0255828,-0.146456,-0.276281
2,1.75207e+09,-0.0340553,-0.143169,-0.262884
1,1.75207e+09,-0.0340553,-0.143169,-0.262884
2,1.75207e+09,-0.0340553,-0.143169,-0.262884
2,1.75207e+09,-0.0343814,-0.143252,-0.262421
1,1.75207e+09,-0.0343814,-0.143252,-0.262421
2,1.75207e+09,-0.0343814,-0.143252,-0.262421
1,1.75207e+09,-0.0343814,-0.143252,-0.262421
2,1.75207e+09,-0.0289323,-0.145301,-0.270878
2,1.75207e+09,-0.0289323,-0.145301,-0.270878
1,1.75207e+09,-0.0289323,-0.145301,-0.270878
2,1.75207e+09,-0.0301604,-0.144932,-0.269001
1,1.75207e+09,-0.0301604,-0.144932,-0.269001
1,1.75207e+09,-0.0303301,-0.144949,-0.268802
1,1.75207e+09,-0.0303301,-0.144949,-0.268802
2,1.75207e+09,-0.0306952,-0.144812,-0.268225
1,1.75207e+09,-0.0300707,-0.144922,-0.269399
1,1.75207e+09,-0.0300707,-0.144922,-0.269399
1,1.75207e+09,-0.0300707,-0.144922,-0.269399
2,1.75207e+09,-0.0310003,-0.144694,-0.267742
1,1.75207e+09,-0.0310003,-0.144694,-0.267742
1,1.75207e+09,-0.0310003,-0.144694,-0.267742
1,1.75207e+09,-0.0293096,-0.145439,-0.270235
1,1.75207e+09,-0.0293096,-0.145439,-0.270235
1,1.75207e+09,-0.0278947,-0.145774,-0.272344
1,1.75207e+09,-0.0278947,-0.145774,-0.272344
1,1.75207e+09,-0.0274517,-0.145962,-0.272797
1,1.75207e+09,-0.0251633,-0.146453,-0.276813
1,1.75207e+09,-0.0253201,-0.14647,-0.276631
1,1.75207e+09,-0.0253201,-0.14647,-0.276631
1,1.75207e+09,-0.0275508,-0.145659,-0.273257
2,1.75207e+09,-0.0275508,-0.145659,-0.273257
2,1.75207e+09,-0.0275508,-0.145659,-0.273257
1,1.75207e+09,-0.0275508,-0.145659,-0.273257
1,1.75207e+09,-0.0273883,-0.145642,-0.273446
2,1.75207e+09,-0.0287924,-0.145034,-0.271399
1,1.75207e+09,-0.0286299,-0.144966,-0.271677
2,1.75207e+09,-0.0286299,-0.144966,-0.271677
1,1.75207e+09,-0.0285375,-0.145119,-0.271639
2,1.75207e+09,-0.0278773,-0.14534,-0.272525
1,1.75207e+09,-0.0278773,-0.14534,-0.272525
2,1.75207e+09,-0.0278773,-0.14534,-0.272525
1,1.75207e+09,-0.0278773,-0.14534,-0.272525
2,1.75207e+09,-0.0278773,-0.14534,-0.272525
1,1.75207e+09,-0.0275507,-0.145306,-0.272905
2,1.75207e+09,-0.0267456,-0.145589,-0.27435
2,1.75207e+09,-0.0267456,-0.145589,-0.27435
1,1.75207e+09,-0.0458258,-0.133297,-0.244821
2,1.75207e+09,-0.0458258,-0.133297,-0.244821
1,1.75207e+09,-0.0458258,-0.133297,-0.244821
2,1.75207e+09,-0.0458258,-0.133297,-0.244821
1,1.75207e+09,-0.0458258,-0.133297,-0.244821
2,1.75207e+09,-0.0282965,-0.145396,-0.271908
2,1.75207e+09,-0.0282965,-0.145396,-0.271908
1,1.75207e+09,-0.0282965,-0.145396,-0.271908
2,1.75207e+09,-0.0284614,-0.145413,-0.271716
1,1.75207e+09,-0.0285491,-0.1455,-0.271393
1,1.75207e+09,-0.0281559,-0.145527,-0.272364
2,1.75207e+09,-0.0281559,-0.145527,-0.272364
1,1.75207e+09,-0.0281559,-0.145527,-0.272364
2,1.75207e+09,-0.0283204,-0.145545,-0.272173
1,1.75207e+09,-0.0288021,-0.14554,-0.270971
1,1.75207e+09,-0.0288021,-0.14554,-0.270971
2,1.75207e+09,-0.0288021,-0.14554,-0.270971
0,1.75207e+09,-0.0288021,-0.14554,-0.270971
1,1.75207e+09,-0.029891,-0.144661,-0.269984
2,1.75207e+09,-0.029891,-0.144661,-0.269984
0,1.75207e+09,-0.029891,-0.144661,-0.269984
2,1.75207e+09,-0.029891,-0.144661,-0.269984
1,1.75207e+09,-0.0300654,-0.14517,-0.269036
1,1.75207e+09,-0.0300654,-0.14517,-0.269036
2,1.75207e+09,-0.0300654,-0.14517,-0.269036
2,1.75207e+09,-0.0300654,-0.14517,-0.269036
1,1.75207e+09,-0.0300654,-0.14517,-0.269036
2,1.75207e+09,-0.0300654,-0.14517,-0.269036
1,1.75207e+09,-0.0300654,-0.14517,-0.269036
2,1.75207e+09,-0.0300654,-0.14517,-0.269036
1,1.75207e+09,-0.0300654,-0.14517,-0.269036
2,1.75207e+09,-0.0300654,-0.14517,-0.269036
1,1.75207e+09,-0.0300654,-0.14517,-0.269036
0,1.75207e+09,-0.030609,-0.144969,-0.268174
2,1.75207e+09,-0.030609,-0.144969,-0.268174
0,1.75207e+09,-0.0445403,-0.135347,-0.247131
1,1.75207e+09,-0.0445403,-0.135347,-0.247131
1,1.75207e+09,-0.0445403,-0.135347,-0.247131
2,1.75207e+09,-0.0445403,-0.135347,-0.247131
0,1.75207e+09,-0.0448539,-0.135252,-0.246455
1,1.75207e+09,-0.0448539,-0.135252,-0.246455
2,1.75207e+09,-0.0450546,-0.135265,-0.246217
0,1.75207e+09,-0.0450546,-0.135265,-0.246217
1,1.75207e+09,-0.0451992,-0.134849,-0.246319
2,1.75207e+09,-0.0451992,-0.134849,-0.246319
1,1.75207e+09,-0.0451992,-0.134849,-0.246319
2,1.75207e+09,-0.044999,-0.134836,-0.246556
2,1.75207e+09,-0.0456009,-0.133945,-0.245719
1,1.75207e+09,-0.0456009,-0.133945,-0.245719
2,1.75207e+09,-0.0465028,-0.133242,-0.243728
0,1.75207e+09,-0.0465028,-0.133242,-0.243728
1,1.75207e+09,-0.0456872,-0.134882,-0.244885
2,1.75207e+09,-0.0456872,-0.134882,-0.244885
0,1.75207e+09,-0.0455021,-0.134804,-0.24538
1,1.75207e+09,-0.0455021,-0.134804,-0.24538
2,1.75207e+09,-0.02889,-0.145221,-0.271289
0,1.75207e+09,-0.0276507,-0.145572,-0.273187
1,1.75207e+09,-0.0276507,-0.145572,-0.273187
2,1.75207e+09,-0.0293579,-0.145778,-0.269604
1,1.75207e+09,-0.0293579,-0.145778,-0.269604
1,1.75207e+09,-0.0391611,-0.140226,-0.255587
2,1.75207e+09,-0.0391611,-0.140226,-0.255587
1,1.75207e+09,-0.0394054,-0.140433,-0.254807
2,1.75207e+09,-0.0394054,-0.140433,-0.254807
1,1.75207e+09,-0.0395966,-0.140449,-0.25458
2,1.75207e+09,0.0652748,-0.0379835,-0.529314
1,1.75207e+09,0.0652748,-0.0379835,-0.529314
2,1.75207e+09,-0.233635,-0.141868,-0.0265366
1,1.75207e+09,0.0650009,-0.0343772,-0.527588
2,1.75207e+09,0.0650009,-0.0343772,-0.527588
1,1.75207e+09,-0.232222,-0.141815,-0.0289136
2,1.75207e+09,0.120756,-0.129946,-0.508265
1,1.75207e+09,0.120756,-0.129946,-0.508265
2,1.75207e+09,-0.0980686,-0.0969446,-0.218977
1,1.75207e+09,-0.0980686,-0.0969446,-0.218977
1,1.75207e+09,-0.0980686,-0.0969446,-0.218977
2,1.75207e+09,-0.0980686,-0.0969446,-0.218977
1,1.75207e+09,-0.0983715,-0.0969317,-0.218762
2,1.75207e+09,-0.0983715,-0.0969317,-0.218762
1,1.75207e+09,-0.0986659,-0.0970275,-0.218505
2,1.75207e+09,0.0649307,-0.0321542,-0.525816
2,1.75207e+09,0.0649307,-0.0321542,-0.525816
1,1.75207e+09,0.0936022,-0.0468891,-0.432123
2,1.75207e+09,0.0651368,-0.0314206,-0.525672
1,1.75207e+09,0.0651368,-0.0314206,-0.525672
1,1.75207e+09,-0.0977272,-0.0968633,-0.219706
2,1.75207e+09,0.0587143,-0.0304054,-0.54754
1,1.75207e+09,0.0933548,-0.0466678,-0.429427
2,1.75207e+09,0.0931499,-0.0462235,-0.427811
1,1.75207e+09,0.0654001,-0.0299847,-0.524916
2,1.75207e+09,0.0931499,-0.0462235,-0.427811
1,1.75207e+09,-0.0963983,-0.0966144,-0.221451
2,1.75207e+09,-0.0963983,-0.0966144,-0.221451
2,1.75207e+09,0.131967,-0.127875,-0.523642
1,1.75207e+09,0.131967,-0.127875,-0.523642
1,1.75207e+09,0.130744,-0.128096,-0.521946
2,1.75207e+09,-0.0961761,-0.0963857,-0.220852
1,1.75207e+09,0.0654466,-0.0284866,-0.523359
2,1.75207e+09,0.0654466,-0.0284866,-0.523359
1,1.75207e+09,0.0655318,-0.028356,-0.52336
1,1.75207e+09,0.0655223,-0.0283559,-0.523395
2,1.75207e+09,0.0655223,-0.0283559,-0.523395
1,1.75207e+09,0.0655223,-0.0283559,-0.523395
2,1.75207e+09,-0.0958972,-0.0964148,-0.221695
1,1.75207e+09,0.065216,-0.0283333,-0.522733
2,1.75207e+09,0.065216,-0.0283333,-0.522733
1,1.75207e+09,-0.0961684,-0.096384,-0.220863
2,1.75207e+09,-0.0961684,-0.096384,-0.220863
1,1.75207e+09,0.120327,-0.129941,-0.507448
2,1.75207e+09,0.120327,-0.129941,-0.507448
2,1.75207e+09,-0.095556,-0.0961976,-0.221412
1,1.75207e+09,-0.095556,-0.0961976,-0.221412
2,1.75207e+09,-0.0953808,-0.0962173,-0.22196
1,1.75207e+09,-0.095523,-0.0962111,-0.221863
1,1.75207e+09,-0.095523,-0.0962111,-0.221863
2,1.75207e+09,0.123553,-0.129349,-0.511887
2,1.75207e+09,0.126231,-0.128877,-0.515626
1,1.75207e+09,0.121946,-0.129672,-0.509822
1,1.75207e+09,-0.0962164,-0.0962799,-0.221431
2,1.75207e+09,-0.0962164,-0.0962799,-0.221431
1,1.75207e+09,-0.0960101,-0.0963525,-0.221704
2,1.75207e+09,-0.0962719,-0.0961069,-0.221319
1,1.75207e+09,-0.0962719,-0.0961069,-0.221319
2,1.75207e+09,-0.0975441,-0.0965256,-0.219687
1,1.75207e+09,-0.0975441,-0.0965256,-0.219687
2,1.75207e+09,-0.0975441,-0.0965256,-0.219687
1,1.75207e+09,-0.0976024,-0.0964591,-0.219518
1,1.75207e+09,-0.0976024,-0.0964591,-0.219518
2,1.75207e+09,-0.0967066,-0.0961759,-0.220309
1,1.75207e+09,-0.0969165,-0.0961027,-0.220032
2,1.75207e+09,-0.0969165,-0.0961027,-0.220032
2,1.75207e+09,-0.0968948,-0.0963331,-0.220033
2,1.75207e+09,-0.0968948,-0.0963331,-0.220033
1,1.75207e+09,-0.0249949,-0.0998624,-0.283294
2,1.75207e+09,-0.0249949,-0.0998624,-0.283294
1,1.75207e+09,-0.0252698,-0.0998916,-0.282907
2,1.75207e+09,-0.0252698,-0.0998916,-0.282907
1,1.75207e+09,-0.0256004,-0.0999057,-0.282021
1,1.75207e+09,-0.0256004,-0.0999057,-0.282021
2,1.75207e+09,-0.0249841,-0.0999509,-0.283214
1,1.75207e+09,-0.0249841,-0.0999509,-0.283214
2,1.75207e+09,-0.0249841,-0.0999509,-0.283214
1,1.75207e+09,-0.0249841,-0.0999509,-0.283214
2,1.75207e+09,-0.0249727,-0.100039,-0.283136
2,1.75207e+09,-0.0249727,-0.100039,-0.283136
2,1.75207e+09,-0.024973,-0.100039,-0.283136
2,1.75207e+09,-0.024973,-0.100039,-0.283136
2,1.75207e+09,-0.0976269,-0.0965687,-0.219101
1,1.75207e+09,-0.0978357,-0.0964951,-0.218825
1,1.75207e+09,-0.0978357,-0.0964951,-0.218825
2,1.75207e+09,-0.0968333,-0.0964001,-0.220206
1,1.75207e+09,-0.0968333,-0.0964001,-0.220206
2,1.75207e+09,0.136326,-0.127055,-0.529612
1,1.75207e+09,0.136326,-0.127055,-0.529612
2,1.75207e+09,0.136369,-0.127031,-0.52964
2,1.75207e+09,-0.0968593,-0.0964567,-0.220105
1,1.75207e+09,-0.0966225,-0.0964727,-0.220484
2,1.75207e+09,-0.0966225,-0.0964727,-0.220484
1,1.75207e+09,-0.0959206,-0.0961865,-0.221692
2,1.75207e+09,-0.0959206,-0.0961865,-0.221692
1,1.75207e+09,-0.0974053,-0.0963545,-0.219489
2,1.75207e+09,-0.0974053,-0.0963545,-0.219489
2,1.75207e+09,-0.0977483,-0.0964346,-0.218756
1,1.75207e+09,-0.0977483,-0.0964346,-0.218756
1,1.75207e+09,0.133341,-0.12764,-0.525586
2,1.75207e+09,0.133341,-0.12764,-0.525586
1,1.75207e+09,0.133341,-0.12764,-0.525586
2,1.75207e+09,0.142425,-0.12595,-0.538045
1,1.75207e+09,0.142425,-0.12595,-0.538045
2,1.75207e+09,0.142425,-0.12595,-0.538045
1,1.75207e+09,0.137532,-0.12684,-0.531282
2,1.75207e+09,0.137532,-0.12684,-0.531282
1,1.75207e+09,0.137532,-0.12684,-0.531282
1,1.75207e+09,0.137532,-0.12684,-0.531282
2,1.75207e+09,0.137532,-0.12684,-0.531282
2,1.75207e+09,0.137532,-0.12684,-0.531282
1,1.75207e+09,0.137532,-0.12684,-0.531282
2,1.75207e+09,-0.097439,-0.0964109,-0.219378
1,1.75207e+09,-0.097439,-0.0964109,-0.219378
2,1.75207e+09,-0.098047,-0.0964218,-0.218546
1,1.75207e+09,-0.098047,-0.0964218,-0.218546
2,1.75207e+09,-0.098047,-0.0964218,-0.218546
1,1.75207e+09,-0.096855,-0.0961699,-0.220205
1,1.75207e+09,-0.096855,-0.0961699,-0.220205
2,1.75207e+09,-0.096855,-0.0961699,-0.220205
1,1.75207e+09,-0.096855,-0.0961699,-0.220205
2,1.75207e+09,-0.096855,-0.0961699,-0.220205
1,1.75207e+09,-0.0974627,-0.0961804,-0.219374
2,1.75207e+09,-0.0968136,-0.0960068,-0.220379
1,1.75207e+09,-0.0968136,-0.0960068,-0.220379
2,1.75207e+09,-0.0968136,-0.0960068,-0.220379
1,1.75207e+09,-0.0968136,-0.0960068,-0.220379
2,1.75207e+09,-0.0223273,-0.0997748,-0.285731
1,1.75207e+09,-0.0223273,-0.0997748,-0.285731
2,1.75207e+09,-0.0223273,-0.0997748,-0.285731
1,1.75207e+09,-0.0223273,-0.0997748,-0.285731
2,1.75207e+09,-0.0223273,-0.0997748,-0.285731
1,1.75207e+09,-0.0223273,-0.0997748,-0.285731
2,1.75207e+09,-0.0221092,-0.0998793,-0.286081
2,1.75207e+09,-0.022124,-0.0997917,-0.286153
1,1.75207e+09,-0.022124,-0.0997917,-0.286153
1,1.75207e+09,-0.022124,-0.0997917,-0.286153
2,1.75207e+09,-0.022124,-0.0997917,-0.286153
1,1.75207e+09,-0.022124,-0.0997917,-0.286153
2,1.75207e+09,-0.022124,-0.0997917,-0.286153
2,1.75207e+09,0.0255578,-0.151108,-0.35731
1,1.75207e+09,0.0255578,-0.151108,-0.35731
2,1.75207e+09,-0.0223269,-0.0997745,-0.285732
1,1.75207e+09,-0.0223269,-0.0997745,-0.285732
1,1.75207e+09,-0.0224456,-0.0997683,-0.285614
2,1.75207e+09,-0.0224456,-0.0997683,-0.285614
1,1.75207e+09,-0.0968542,-0.0961697,-0.220206
1,1.75207e+09,-0.0968542,-0.0961697,-0.220206
2,1.75207e+09,-0.0968542,-0.0961697,-0.220206
2,1.75207e+09,-0.0966456,-0.0962431,-0.220482
1,1.75207e+09,-0.0966456,-0.0962431,-0.220482
2,1.75207e+09,-0.0962497,-0.0961595,-0.221032
1,1.75207e+09,-0.0962497,-0.0961595,-0.221032
1,1.75207e+09,-0.0968558,-0.0961701,-0.220204
2,1.75207e+09,-0.0968558,-0.0961701,-0.220204
1,1.75207e+09,-0.0968566,-0.0961702,-0.220203
2,1.75207e+09,-0.0968566,-0.0961702,-0.220203
2,1.75207e+09,-0.0968566,-0.0961702,-0.220203
1,1.75207e+09,-0.0968566,-0.0961702,-0.220203
2,1.75207e+09,-0.0968566,-0.0961702,-0.220203
1,1.75207e+09,-0.0971898,-0.0963208,-0.219826
2,1.75207e+09,-0.0971898,-0.0963208,-0.219826
1,1.75207e+09,-0.0969797,-0.096394,-0.220104
2,1.75207e+09,-0.0969797,-0.096394,-0.220104
1,1.75207e+09,-0.0965828,-0.0963101,-0.220656
2,1.75207e+09,-0.0967396,-0.0962334,-0.220199
1,1.75207e+09,-0.0967396,-0.0962334,-0.220199
2,1.75207e+09,-0.0965298,-0.0963065,-0.220476
1,1.75207e+09,-0.0964388,-0.0963166,-0.220755
2,1.75207e+09,-0.0964388,-0.0963166,-0.220755
2,1.75207e+09,-0.0964388,-0.0963166,-0.220755
1,1.75207e+09,-0.0964388,-0.0963166,-0.220755
2,1.75207e+09,-0.0963742,-0.0963832,-0.220932
1,1.75207e+09,-0.0959225,-0.0962954,-0.221307
2,1.75207e+09,0.136999,-0.126927,-0.530538
1,1.75207e+09,0.136999,-0.126927,-0.530538
2,1.75207e+09,-0.0965828,-0.0963101,-0.220656
1,1.75207e+09,-0.0965828,-0.0963101,-0.220656
2,1.75207e+09,-0.0961856,-0.0962263,-0.221208
1,1.75207e+09,-0.0961856,-0.0962263,-0.221208
2,1.75207e+09,-0.0966718,-0.0962997,-0.22038
1,1.75207e+09,-0.0966718,-0.0962997,-0.22038
1,1.75207e+09,-0.0964625,-0.0963729,-0.220657
2,1.75207e+09,-0.0964625,-0.0963729,-0.220657
1,1.75207e+09,-0.0961517,-0.096279,-0.220938
1,1.75207e+09,-0.0961517,-0.096279,-0.220938
2,1.75207e+09,-0.0961517,-0.096279,-0.220938
1,1.75207e+09,-0.0961525,-0.0962791,-0.220936
2,1.75207e+09,-0.0965506,-0.0963628,-0.220382
1,1.75207e+09,-0.0965506,-0.0963628,-0.220382
1,1.75207e+09,-0.0250167,-0.0998061,-0.282948
2,1.75207e+09,-0.0250167,-0.0998061,-0.282948
1,1.75207e+09,-0.0246968,-0.0997411,-0.283575
2,1.75207e+09,-0.0246968,-0.0997411,-0.283575
1,1.75207e+09,-0.0960646,-0.096289,-0.221211
2,1.75207e+09,-0.0960646,-0.096289,-0.221211
2,1.75207e+09,-0.0964617,-0.0963727,-0.220658
1,1.75207e+09,-0.0964617,-0.0963727,-0.220658
2,1.75207e+09,-0.0964617,-0.0963727,-0.220658
1,1.75207e+09,-0.0964617,-0.0963727,-0.220658
2,1.75207e+09,-0.0968593,-0.0964567,-0.220105
1,1.75207e+09,-0.0968593,-0.0964567,-0.220105
2,1.75207e+09,-0.0968593,-0.0964567,-0.220105
1,1.75207e+09,0.138204,-0.126711,-0.532207
2,1.75207e+09,0.138204,-0.126711,-0.532207
2,1.75207e+09,0.138204,-0.126711,-0.532207
1,1.75207e+09,0.138204,-0.126711,-0.532207
2,1.75207e+09,0.138204,-0.126711,-0.532207
1,1.75207e+09,0.138204,-0.126711,-0.532207
2,1.75207e+09,-0.0960426,-0.0962328,-0.221306
1,1.75207e+09,-0.0960426,-0.0962328,-0.221306
1,1.75207e+09,0.139399,-0.126498,-0.533861
2,1.75207e+09,0.139399,-0.126498,-0.533861
1,1.75207e+09,0.139399,-0.126498,-0.533861
2,1.75207e+09,0.139399,-0.126498,-0.533861
1,1.75207e+09,0.139399,-0.126498,-0.533861
2,1.75207e+09,0.139399,-0.126498,-0.533861
0,1.75207e+09,0.139399,-0.126498,-0.533861
1,1.75207e+09,0.139474,-0.126467,-0.533932
2,1.75207e+09,0.139474,-0.126467,-0.533932
1,1.75207e+09,-0.0963411,-0.0961495,-0.220753
0,1.75207e+09,-0.0963411,-0.0961495,-0.220753
2,1.75207e+09,0.137417,-0.126846,-0.531086
1,1.75207e+09,0.137417,-0.126846,-0.531086
0,1.75207e+09,0.137417,-0.126846,-0.531086
1,1.75207e+09,0.137417,-0.126846,-0.531086
2,1.75207e+09,0.137417,-0.126846,-0.531086
1,1.75207e+09,0.137417,-0.126846,-0.531086
2,1.75207e+09,0.137417,-0.126846,-0.531086
1,1.75207e+09,0.137417,-0.126846,-0.531086
2,1.75207e+09,0.136739,-0.126975,-0.530154
1,1.75207e+09,0.136739,-0.126975,-0.530154
2,1.75207e+09,0.136739,-0.126975,-0.530154
1,1.75207e+09,0.136739,-0.126975,-0.530154
2,1.75207e+09,0.136739,-0.126975,-0.530154
1,1.75207e+09,0.135515,-0.127194,-0.528458
2,1.75207e+09,0.135515,-0.127194,-0.528458
1,1.75207e+09,0.135515,-0.127194,-0.528458
1,1.75207e+09,0.135515,-0.127194,-0.528458
2,1.75207e+09,0.135515,-0.127194,-0.528458
1,1.75207e+09,0.135515,-0.127194,-0.528458
2,1.75207e+09,0.135515,-0.127194,-0.528458
1,1.75207e+09,0.135515,-0.127194,-0.528458
2,1.75207e+09,0.136739,-0.126975,-0.530154
1,1.75207e+09,0.136739,-0.126975,-0.530154
2,1.75207e+09,0.136739,-0.126975,-0.530154
1,1.75207e+09,0.136739,-0.126975,-0.530154
2,1.75207e+09,0.136739,-0.126975,-0.530154
1,1.75207e+09,0.136739,-0.126975,-0.530154
1,1.75207e+09,0.136739,-0.126975,-0.530154
2,1.75207e+09,0.136739,-0.126975,-0.530154
1,1.75207e+09,0.136739,-0.126975,-0.530154
2,1.75207e+09,0.136739,-0.126975,-0.530154
1,1.75207e+09,-0.0956597,-0.09599,-0.222536
2,1.75207e+09,-0.0956597,-0.09599,-0.222536
1,1.75207e+09,-0.0956597,-0.09599,-0.222536
2,1.75207e+09,-0.0956597,-0.09599,-0.222536
1,1.75207e+09,-0.0976666,-0.0963941,-0.219341
1,1.75207e+09,-0.0976666,-0.0963941,-0.219341
2,1.75207e+09,-0.0976666,-0.0963941,-0.219341
2,1.75207e+09,-0.0976666,-0.0963941,-0.219341
1,1.75207e+09,0.132772,-0.127769,-0.524901
2,1.75207e+09,0.132772,-0.127769,-0.524901
1,1.75207e+09,-0.0974459,-0.0966461,-0.219922
2,1.75207e+09,-0.0974459,-0.0966461,-0.219922
1,1.75207e+09,0.0650883,-0.0304633,-0.524822
2,1.75207e+09,0.0650883,-0.0304633,-0.524822
1,1.75207e+09,-0.101022,-0.0962541,-0.187892
2,1.75207e+09,0.0652065,-0.029754,-0.524201
1,1.75207e+09,0.0652196,-0.0297325,-0.524222
2,1.75207e+09,0.109327,-0.0474349,-0.395889
1,1.75207e+09,0.0652702,-0.0319671,-0.526285
1,1.75207e+09,0.0652702,-0.0319671,-0.526285
2,1.75207e+09,0.10907,-0.0499714,-0.409994
1,1.75207e+09,-0.15639,-0.110469,-0.072251
2,1.75207e+09,-0.322792,-0.130776,0.181943
1,1.75207e+09,-0.322792,-0.130776,0.181943
2,1.75207e+09,-0.524219,-0.158098,0.494915
1,1.75207e+09,-0.524219,-0.158098,0.494915
2,1.75207e+09,-0.591828,-0.170403,0.597271
1,1.75207e+09,-0.591828,-0.170403,0.597271
2,1.75207e+09,-0.595887,-0.1704,0.603018
2,1.75207e+09,-0.937199,-0.220308,1.16325
1,1.75207e+09,-0.924147,-0.220299,1.14287
1,1.75207e+09,-0.357515,-0.159186,0.1732
2,1.75207e+09,-0.354887,-0.159615,0.16978
2,1.75207e+09,-0.0800643,-0.150582,-0.146673
1,1.75207e+09,-0.0800643,-0.150582,-0.146673
2,1.75207e+09,-0.528066,-0.195331,0.441812
1,1.75207e+09,-0.528066,-0.195331,0.441812
1,1.75207e+09,-0.880795,-0.248125,1.01443
2,1.75207e+09,-0.880795,-0.248125,1.01443
1,1.75207e+09,-0.660394,-0.224811,0.646082
2,1.75207e+09,-0.660394,-0.224811,0.646082
1,1.75207e+09,-0.374251,-0.188478,0.195558
2,1.75207e+09,-0.374251,-0.188478,0.195558
2,1.75207e+09,-0.374251,-0.188478,0.195558
1,1.75207e+09,-0.336447,-0.184916,0.138692
2,1.75207e+09,-0.336447,-0.184916,0.138692
2,1.75207e+09,-0.315176,-0.184137,0.107379
1,1.75207e+09,-0.315176,-0.184137,0.107379
1,1.75207e+09,-0.313222,-0.183894,0.104852
2,1.75207e+09,-0.298037,-0.181031,0.0813502
1,1.75207e+09,-0.298037,-0.181031,0.0813502
1,1.75207e+09,-0.314677,-0.183024,0.106783
2,1.75207e+09,-0.314677,-0.183024,0.106783
2,1.75207e+09,-0.314677,-0.183024,0.106783
1,1.75207e+09,-0.314677,-0.183024,0.106783
1,1.75207e+09,-0.33006,-0.185082,0.129865
2,1.75207e+09,-0.33006,-0.185082,0.129865
1,1.75207e+09,-0.33006,-0.185082,0.129865
1,1.75207e+09,-0.33006,-0.185082,0.129865
2,1.75207e+09,-0.330314,-0.184683,0.130054
1,1.75207e+09,-0.330314,-0.184683,0.130054
2,1.75207e+09,-0.36437,-0.190279,0.182848
1,1.75207e+09,-0.36437,-0.190279,0.182848
2,1.75207e+09,-0.366695,-0.190567,0.185889
1,1.75207e+09,-0.366695,-0.190567,0.185889
2,1.75207e+09,-0.38297,-0.19112,0.210841
1,1.75207e+09,-0.38297,-0.19112,0.210841
2,1.75207e+09,-0.38297,-0.19112,0.210841
2,1.75207e+09,-0.220733,-0.162688,-0.0414118
1,1.75207e+09,-0.220733,-0.162688,-0.0414118
2,1.75207e+09,-0.220733,-0.162688,-0.0414118
1,1.75207e+09,-0.389604,-0.188827,0.220595
1,1.75207e+09,-0.389604,-0.188827,0.220595
2,1.75207e+09,-0.389604,-0.188827,0.220595
1,1.75207e+09,-0.118858,-0.162353,-0.179521
2,1.75207e+09,-0.389604,-0.188827,0.220595
1,1.75207e+09,-0.118858,-0.162353,-0.179521
2,1.75207e+09,-0.118858,-0.162353,-0.179521
1,1.75207e+09,-0.118858,-0.162353,-0.179521
2,1.75207e+09,-0.215371,-0.163628,-0.0488296
1,1.75207e+09,-0.215371,-0.163628,-0.0488296
1,1.75207e+09,-0.114514,-0.162188,-0.185524
2,1.75207e+09,-0.114514,-0.162188,-0.185524
1,1.75207e+09,-0.114514,-0.162188,-0.185524
2,1.75207e+09,-0.114514,-0.162188,-0.185524
1,1.75207e+09,-0.114514,-0.162188,-0.185524
2,1.75207e+09,-0.114514,-0.162188,-0.185524
2,1.75207e+09,-0.815684,-0.245295,0.8979
1,1.75207e+09,-0.815684,-0.245295,0.8979
2,1.75207e+09,-0.815684,-0.245295,0.8979
1,1.75207e+09,-0.858583,-0.253311,0.965234
2,1.75207e+09,-1.21777,-0.287459,1.58833
1,1.75207e+09,-1.21777,-0.287459,1.58833
2,1.75207e+09,-1.21179,-0.287236,1.57907
1,1.75207e+09,-1.21179,-0.287236,1.57907
2,1.75207e+09,-0.625909,-0.170622,0.68
1,1.75207e+09,-0.625909,-0.170622,0.68
2,1.75207e+09,-0.625909,-0.170622,0.68
1,1.75207e+09,-1.14255,-0.209829,1.57156
2,1.75207e+09,-1.14255,-0.209829,1.57156
1,1.75207e+09,-1.14255,-0.209829,1.57156
2,1.75207e+09,-0.939818,-0.25201,1.11739
1,1.75207e+09,-0.939818,-0.25201,1.11739
2,1.75207e+09,-0.939818,-0.25201,1.11739
1,1.75207e+09,-0.939818,-0.25201,1.11739
2,1.75207e+09,-0.939818,-0.25201,1.11739
2,1.75207e+09,-0.939818,-0.25201,1.11739
1,1.75207e+09,-0.867175,-0.237863,1.00316
2,1.75207e+09,-0.87028,-0.237859,1.00785
1,1.75207e+09,-0.87028,-0.237859,1.00785
2,1.75207e+09,-0.98818,-0.264345,1.19294
1,1.75207e+09,-0.98818,-0.264345,1.19294
2,1.75207e+09,-0.98818,-0.264345,1.19294
2,1.75207e+09,-0.98818,-0.264345,1.19294
1,1.75207e+09,-2.21159,-0.508165,3.06952
1,1.75207e+09,-2.21159,-0.508165,3.06952
0,1.75207e+09,-2.21159,-0.508165,3.06952
2,1.75207e+09,-2.80886,-0.621726,3.98893
1,1.75207e+09,-2.80886,-0.621726,3.98893
0,1.75207e+09,-1.231,-0.315043,1.56458
2,1.75207e+09,-1.231,-0.315043,1.56458
2,1.75207e+09,-1.231,-0.315043,1.56458
1,1.75207e+09,-1.231,-0.315043,1.56458
0,1.75207e+09,-1.231,-0.315043,1.56458
2,1.75207e+09,-0.511181,-0.163604,0.456289
1,1.75207e+09,-0.511181,-0.163604,0.456289
2,1.75207e+09,-0.308547,-0.150448,0.0958177
1,1.75207e+09,-0.308547,-0.150448,0.0958177
1,1.75207e+09,-1.40955,-0.341785,1.86269
2,1.75207e+09,-1.40955,-0.341785,1.86269
1,1.75207e+09,-1.40955,-0.341785,1.86269
2,1.75207e+09,-1.41839,-0.342936,1.8753
1,1.75207e+09,-3.31887,-0.713719,4.79764
2,1.75207e+09,-1.55021,-0.330902,2.15416
2,1.75207e+09,-1.55021,-0.330902,2.15416
1,1.75207e+09,-1.185,-0.295565,1.51362
2,1.75207e+09,-1.185,-0.295565,1.51362
1,1.75207e+09,-0.37268,-0.178385,0.193184
2,1.75207e+09,-0.37268,-0.178385,0.193184
1,1.75207e+09,-0.37268,-0.178385,0.193184
2,1.75207e+09,-0.37268,-0.178385,0.193184
1,1.75207e+09,-0.37268,-0.178385,0.193184
2,1.75207e+09,-0.372619,-0.178219,0.19308
1,1.75207e+09,-0.372312,-0.178468,0.19259
2,1.75207e+09,-0.363746,-0.176406,0.179665
1,1.75207e+09,-0.363746,-0.176406,0.179665
2,1.75207e+09,-0.363746,-0.176406,0.179665
1,1.75207e+09,-0.240976,-0.163071,-0.0111085
2,1.75207e+09,-0.240976,-0.163071,-0.0111085
1,1.75207e+09,-0.240976,-0.163071,-0.0111085
2,1.75207e+09,-0.240976,-0.163071,-0.0111085
0,1.75207e+09,-1.17237,-0.294566,1.49479
1,1.75207e+09,-0.866722,-0.214208,1.04361
2,1.75207e+09,-0.866722,-0.214208,1.04361
1,1.75207e+09,-0.866722,-0.214208,1.04361
0,1.75207e+09,-0.866722,-0.214208,1.04361
2,1.75207e+09,-0.378011,-0.151827,0.221111
1,1.75207e+09,-0.378011,-0.151827,0.221111
2,1.75207e+09,-0.380953,-0.151817,0.224804
1,1.75207e+09,-0.380953,-0.151817,0.224804
2,1.75207e+09,-0.455048,-0.177867,0.331821
1,1.75207e+09,-0.151724,-0.128738,-0.103002
2,1.75207e+09,-0.151724,-0.128738,-0.103002
1,1.75207e+09,-1.53195,-0.14284,1.97507
2,1.75207e+09,-1.53195,-0.14284,1.97507
1,1.75207e+09,0.0697424,-0.0424955,-0.536852
1,1.75207e+09,-0.0667977,-0.128526,-0.22161
2,1.75207e+09,0.0697424,-0.0424955,-0.536852
1,1.75207e+09,0.0697424,-0.0424955,-0.536852
2,1.75207e+09,-0.0882,-0.128761,-0.1885
1,1.75207e+09,0.108899,-0.0722962,-0.469018
2,1.75207e+09,-0.588431,-0.19469,0.556941
1,1.75207e+09,-0.588431,-0.19469,0.556941
2,1.75207e+09,-0.588431,-0.19469,0.556941
1,1.75207e+09,-0.688459,-0.210611,0.717674
2,1.75207e+09,-0.688459,-0.210611,0.717674
1,1.75207e+09,-0.688692,-0.208087,0.719297
2,1.75207e+09,-0.688692,-0.208087,0.719297
1,1.75207e+09,-0.893111,-0.249886,1.04197
2,1.75207e+09,-0.893111,-0.249886,1.04197
1,1.75207e+09,-0.893111,-0.249886,1.04197
2,1.75207e+09,-0.893111,-0.249886,1.04197
1,1.75207e+09,-0.731073,-0.214624,0.791399
2,1.75207e+09,-0.731073,-0.214624,0.791399
2,1.75207e+09,1.76874,-0.1166,-2.98078
2,1.75207e+09,1.76874,-0.1166,-2.98078
2,1.75207e+09,6.08166,-0.0981826,-9.36854
2,1.75207e+09,6.08166,-0.0981826,-9.36854
2,1.75207e+09,0.146452,-0.126225,-0.540959
2,1.75207e+09,-0.505735,-0.189542,0.411454
2,1.75207e+09,-0.405391,-0.163576,0.255543
2,1.75207e+09,-0.405391,-0.163576,0.255543
2,1.75207e+09,-1.17484,-0.279828,1.51944
2,1.75207e+09,-1.17484,-0.279828,1.51944
2,1.75207e+09,-1.15206,-0.278605,1.48498
2,1.75207e+09,-1.15206,-0.278605,1.48498
2,1.75207e+09,-0.313989,-0.172959,0.101559
2,1.75207e+09,-0.494864,-0.198511,0.385003
0,1.75207e+09,-0.494864,-0.198511,0.385003
2,1.75207e+09,0.0619341,-0.0387738,-0.561487
2,1.75207e+09,0.0619341,-0.0387738,-0.561487
2,1.75207e+09,-0.0289451,-0.144161,-0.270879
2,1.75207e+09,-0.0353814,-0.141153,-0.260591
2,1.75207e+09,-0.0353814,-0.141153,-0.260591
2,1.75207e+09,0.0711662,-0.0387843,-0.539298
2,1.75207e+09,-0.22029,-0.162277,-0.0423813
2,1.75207e+09,-0.22029,-0.162277,-0.0423813
2,1.75207e+09,-0.22029,-0.162277,-0.0423813
2,1.75207e+09,-0.0345821,-0.125451,-0.265414
2,1.75207e+09,-0.0345821,-0.125451,-0.265414
2,1.75207e+09,0.0538603,-0.14315,-0.408297
2,1.75207e+09,0.0538603,-0.14315,-0.408297
2,1.75207e+09,0.0538603,-0.14315,-0.408297
2,1.75207e+09,0.0653816,-0.140616,-0.429349
2,1.75207e+09,0.0653816,-0.140616,-0.429349
2,1.75207e+09,0.0653816,-0.140616,-0.429349
2,1.75207e+09,0.0653816,-0.140616,-0.429349
2,1.75207e+09,0.0653816,-0.140616,-0.429349
2,1.75207e+09,0.0653816,-0.140616,-0.429349
2,1.75207e+09,0.0653816,-0.140616,-0.429349
2,1.75207e+09,0.0648903,-0.140716,-0.428623
2,1.75207e+09,0.0643437,-0.140764,-0.427787
1,1.75207e+09,0.0610756,-0.141412,-0.422737
2,1.75207e+09,0.0610756,-0.141412,-0.422737
1,1.75207e+09,0.0621387,-0.141311,-0.424446
2,1.75207e+09,0.0621387,-0.141311,-0.424446
2,1.75207e+09,0.0631273,-0.141115,-0.425983
1,1.75207e+09,0.0636722,-0.141082,-0.426767
1,1.75207e+09,0.0636722,-0.141082,-0.426767
2,1.75207e+09,0.0631065,-0.141134,-0.425904
2,1.75207e+09,0.0598761,-0.141837,-0.420969
1,1.75207e+09,0.0598761,-0.141837,-0.420969
2,1.75207e+09,0.130701,-0.0924324,-0.55221
1,1.75207e+09,0.130701,-0.0924324,-0.55221
2,1.75207e+09,0.130701,-0.0924324,-0.55221
2,1.75207e+09,0.130701,-0.0924324,-0.55221
1,1.75207e+09,0.130701,-0.0924324,-0.55221
2,1.75207e+09,0.130701,-0.0924324,-0.55221
1,1.75207e+09,0.130701,-0.0924324,-0.55221
2,1.75207e+09,0.130701,-0.0924324,-0.55221
1,1.75207e+09,0.130701,-0.0924324,-0.55221
2,1.75207e+09,0.130701,-0.0924324,-0.55221
1,1.75207e+09,0.130701,-0.0924324,-0.55221
2,1.75207e+09,0.130701,-0.0924324,-0.55221
1,1.75207e+09,0.130701,-0.0924324,-0.55221
1,1.75207e+09,0.130701,-0.0924324,-0.55221
2,1.75207e+09,0.130701,-0.0924324,-0.55221
0,1.75207e+09,-0.124888,-0.139802,-0.136541
1,1.75207e+09,-0.124888,-0.139802,-0.136541
2,1.75207e+09,-0.124888,-0.139802,-0.136541
0,1.75207e+09,-0.124888,-0.139802,-0.136541
1,1.75207e+09,-0.124888,-0.139802,-0.136541
2,1.75207e+09,-0.124888,-0.139802,-0.136541
0,1.75207e+09,-0.124888,-0.139802,-0.136541
1,1.75207e+09,-0.124888,-0.139802,-0.136541
2,1.75207e+09,-0.124888,-0.139802,-0.136541
0,1.75207e+09,-0.124888,-0.139802,-0.136541
1,1.75207e+09,-0.124888,-0.139802,-0.136541
2,1.75207e+09,-0.124888,-0.139802,-0.136541
0,1.75207e+09,-0.124888,-0.139802,-0.136541
1,1.75207e+09,-0.124888,-0.139802,-0.136541
2,1.75207e+09,-0.124888,-0.139802,-0.136541
0,1.75207e+09,-0.124888,-0.139802,-0.136541
1,1.75207e+09,-0.124888,-0.139802,-0.136541
2,1.75207e+09,-0.124888,-0.139802,-0.136541
0,1.75207e+09,-0.124888,-0.139802,-0.136541
1,1.75207e+09,-0.124888,-0.139802,-0.136541
2,1.75207e+09,-0.124888,-0.139802,-0.136541
0,1.75207e+09,-0.124888,-0.139802,-0.136541
1,1.75207e+09,-0.124888,-0.139802,-0.136541
1,1.75207e+09,-0.124888,-0.139802,-0.136541
2,1.75207e+09,-0.124888,-0.139802,-0.136541
0,1.75207e+09,-0.0627236,-0.138788,-0.238329
2,1.75207e+09,-0.0627236,-0.138788,-0.238329
1,1.75207e+09,-0.0893738,-0.14833,-0.196642
0,1.75207e+09,-0.0893738,-0.14833,-0.196642
2,1.75207e+09,-0.0893738,-0.14833,-0.196642
1,1.75207e+09,-0.0890142,-0.148436,-0.197162
0,1.75207e+09,-0.0886436,-0.1484,-0.197604
2,1.75207e+09,-0.0886436,-0.1484,-0.197604
1,1.75207e+09,-0.0612876,-0.138795,-0.239207
0,1.75207e+09,-0.0612876,-0.138795,-0.239207
2,1.75207e+09,-0.0612876,-0.138795,-0.239207
1,1.75207e+09,-0.0612876,-0.138795,-0.239207
0,1.75207e+09,-0.0625774,-0.138373,-0.237665
2,1.75207e+09,-0.0940437,-0.147734,-0.189153
0,1.75207e+09,-0.0940437,-0.147734,-0.189153
1,1.75207e+09,-0.0910553,-0.148513,-0.193683
0,1.75207e+09,-0.0895512,-0.147533,-0.196362
2,1.75207e+09,-0.0895512,-0.147533,-0.196362
0,1.75207e+09,-0.0895512,-0.147533,-0.196362
1,1.75207e+09,-0.0951995,-0.146549,-0.187142
2,1.75207e+09,-0.0878116,-0.147899,-0.199221
0,1.75207e+09,-0.0878116,-0.147899,-0.199221
1,1.75207e+09,-0.0869259,-0.147815,-0.200276
2,1.75207e+09,0.0652524,-0.0398279,-0.545906
0,1.75207e+09,0.0652524,-0.0398279,-0.545906
2,1.75207e+09,-0.0873131,-0.148102,-0.199288
1,1.75207e+09,0.0657531,-0.0398891,-0.54649
2,1.75207e+09,0.0657531,-0.0398891,-0.54649
1,1.75207e+09,0.0657531,-0.0398891,-0.54649
2,1.75207e+09,0.0657531,-0.0398891,-0.54649
1,1.75207e+09,0.0657531,-0.0398891,-0.54649
2,1.75207e+09,-0.103457,-0.140195,-0.178361
1,1.75207e+09,0.0657363,-0.0399565,-0.546819
2,1.75207e+09,0.0690817,-0.0387139,-0.536137
1,1.75207e+09,0.0690817,-0.0387139,-0.536137
2,1.75207e+09,0.0690817,-0.0387139,-0.536137
1,1.75207e+09,0.0690817,-0.0387139,-0.536137
2,1.75207e+09,-0.228617,-0.14364,-0.0333446
0,1.75207e+09,0.0662398,-0.0399884,-0.547349
1,1.75207e+09,0.0662398,-0.0399884,-0.547349
0,1.75207e+09,-0.0984987,-0.144452,-0.185225
2,1.75207e+09,0.102358,-0.0758215,-0.485925
1,1.75207e+09,0.0687905,-0.0386686,-0.535629
0,1.75207e+09,0.0687905,-0.0386686,-0.535629
2,1.75207e+09,0.0687905,-0.0386686,-0.535629
1,1.75207e+09,0.0687905,-0.0386686,-0.535629
0,1.75207e+09,-0.111721,-0.136863,-0.168279
2,1.75207e+09,-0.111721,-0.136863,-0.168279
0,1.75207e+09,0.0689787,-0.0387551,-0.536016
1,1.75207e+09,0.0689787,-0.0387551,-0.536016
0,1.75207e+09,0.0689787,-0.0387551,-0.536016
2,1.75207e+09,0.0689787,-0.0387551,-0.536016
0,1.75207e+09,0.10226,-0.0758441,-0.4857
1,1.75207e+09,0.0689841,-0.0387433,-0.536036
0,1.75207e+09,0.0689841,-0.0387433,-0.536036
2,1.75207e+09,0.0689841,-0.0387433,-0.536036
1,1.75207e+09,-0.23069,-0.144717,-0.0297289
0,1.75207e+09,0.0694359,-0.0388606,-0.536737
2,1.75207e+09,0.0694359,-0.0388606,-0.536737
1,1.75207e+09,-0.232193,-0.155232,-0.0265803
0,1.75207e+09,0.0687076,-0.0387342,-0.535544
2,1.75207e+09,0.0687076,-0.0387342,-0.535544
1,1.75207e+09,0.0687831,-0.0387286,-0.535671
1,1.75207e+09,0.0687659,-0.038746,-0.535644
2,1.75207e+09,-0.232347,-0.150249,-0.0270117
2,1.75207e+09,0.0687659,-0.038746,-0.535644
1,1.75207e+09,-0.232347,-0.150249,-0.0270117
2,1.75207e+09,0.0690318,-0.0387749,-0.536072
1,1.75207e+09,-0.231212,-0.154831,-0.0278032
2,1.75207e+09,0.0690318,-0.0387749,-0.536072
1,1.75207e+09,0.0690318,-0.0387749,-0.536072
2,1.75207e+09,0.0687359,-0.03696,-0.535229
1,1.75207e+09,0.0687359,-0.03696,-0.535229
1,1.75207e+09,0.0687359,-0.03696,-0.535229
2,1.75207e+09,-0.233429,-0.15063,-0.0256623
1,1.75207e+09,-0.233006,-0.154928,-0.02554
2,1.75207e+09,-0.233006,-0.154928,-0.02554
1,1.75207e+09,-0.23236,-0.154548,-0.0264604
2,1.75207e+09,-0.23236,-0.154548,-0.0264604
1,1.75207e+09,-0.222883,-0.160531,-0.0383482
2,1.75207e+09,-0.222883,-0.160531,-0.0383482
1,1.75207e+09,-0.202609,-0.164181,-0.0653975
2,1.75207e+09,-0.202609,-0.164181,-0.0653975
1,1.75207e+09,-0.315796,-0.169321,0.105557
2,1.75207e+09,-0.315796,-0.169321,0.105557
1,1.75207e+09,0.0677846,-0.0385095,-0.533865
2,1.75207e+09,0.101911,-0.0770214,-0.486531
1,1.75207e+09,0.101911,-0.0770214,-0.486531
2,1.75207e+09,0.0680654,-0.0385866,-0.53435
1,1.75207e+09,0.0680645,-0.0385988,-0.534337
2,1.75207e+09,0.0680645,-0.0385988,-0.534337
1,1.75207e+09,0.0680645,-0.0385988,-0.534337
2,1.75207e+09,0.104277,-0.0769625,-0.484785
1,1.75207e+09,-0.322985,-0.171528,0.117066
1,1.75207e+09,0.103485,-0.0748071,-0.480592
2,1.75207e+09,0.103485,-0.0748071,-0.480592
2,1.75207e+09,0.0677136,-0.0384694,-0.53381
1,1.75207e+09,0.0676437,-0.0384349,-0.533687
1,1.75207e+09,0.0676437,-0.0384349,-0.533687
2,1.75207e+09,0.101302,-0.075215,-0.483309
1,1.75207e+09,0.0674725,-0.0384399,-0.533443
1,1.75207e+09,0.0674725,-0.0384399,-0.533443
2,1.75207e+09,-0.316384,-0.163807,0.107334
1,1.75207e+09,0.0670953,-0.0369527,-0.53248
1,1.75207e+09,-0.316384,-0.163807,0.107334
2,1.75207e+09,0.102783,-0.0732827,-0.475603
1,1.75207e+09,0.102783,-0.0732827,-0.475603
0,1.75207e+09,-0.314228,-0.162358,0.103491
2,1.75207e+09,-0.233696,-0.15381,-0.0249366
1,1.75207e+09,0.0674982,-0.0384761,-0.53335
1,1.75207e+09,-0.233696,-0.15381,-0.0249366
2,1.75207e+09,-0.320221,-0.163423,0.112534
1,1.75207e+09,-0.320221,-0.163423,0.112534
1,1.75207e+09,-0.331748,-0.164441,0.131087
2,1.75207e+09,-0.331748,-0.164441,0.131087
1,1.75207e+09,-0.333721,-0.165013,0.134595
2,1.75207e+09,-0.333721,-0.165013,0.134595
1,1.75207e+09,-0.333664,-0.165154,0.134529
2,1.75207e+09,-0.333664,-0.165154,0.134529
1,1.75207e+09,-0.232381,-0.154037,-0.0265084
2,1.75207e+09,-0.232381,-0.154037,-0.0265084
1,1.75207e+09,-0.232381,-0.154037,-0.0265084
2,1.75207e+09,-0.232381,-0.154037,-0.0265084
1,1.75207e+09,-0.232837,-0.152392,-0.0261525
2,1.75207e+09,-0.232837,-0.152392,-0.0261525
1,1.75207e+09,-0.233028,-0.151015,-0.0261178
2,1.75207e+09,-0.233028,-0.151015,-0.0261178
1,1.75207e+09,-0.233166,-0.151133,-0.0259174
2,1.75207e+09,-0.316731,-0.161506,0.107568
0,1.75207e+09,-0.317266,-0.162086,0.108399
1,1.75207e+09,-0.317266,-0.162086,0.108399
1,1.75207e+09,-0.317266,-0.162086,0.108399
2,1.75207e+09,-0.311698,-0.162066,0.0994099
1,1.75207e+09,-0.312891,-0.162574,0.100903
2,1.75207e+09,-0.307822,-0.161822,0.0923409
1,1.75207e+09,-0.307822,-0.161822,0.0923409
2,1.75207e+09,-0.233819,-0.15515,-0.0245699
1,1.75207e+09,-0.233819,-0.15515,-0.0245699
2,1.75207e+09,-0.233819,-0.15515,-0.0245699
0,1.75207e+09,-0.233819,-0.15515,-0.0245699
1,1.75207e+09,-0.234359,-0.153914,-0.0240391
2,1.75207e+09,-0.234359,-0.153914,-0.0240391
1,1.75207e+09,-0.233293,-0.153723,-0.025341
2,1.75207e+09,-0.233293,-0.153723,-0.025341
0,1.75207e+09,-0.234378,-0.153851,-0.0240243
0,1.75207e+09,-0.234378,-0.153851,-0.0240243
1,1.75207e+09,-0.23542,-0.153115,-0.0229007
2,1.75207e+09,-0.23542,-0.153115,-0.0229007
1,1.75207e+09,-0.23542,-0.153115,-0.0229007
0,1.75207e+09,-0.234543,-0.153049,-0.0239313
1,1.75207e+09,-0.234543,-0.153049,-0.0239313
0,1.75207e+09,-0.23387,-0.154542,-0.0245942
1,1.75207e+09,-0.23387,-0.154542,-0.0245942
0,1.75207e+09,-0.23387,-0.154542,-0.0245942
2,1.75207e+09,-0.233913,-0.154452,-0.0245497
1,1.75207e+09,-0.233913,-0.154452,-0.0245497
0,1.75207e+09,0.0691413,-0.0387898,-0.536198
1,1.75207e+09,-0.221538,-0.160929,-0.0401071
2,1.75207e+09,-0.221538,-0.160929,-0.0401071
0,1.75207e+09,-0.221538,-0.160929,-0.0401071
2,1.75207e+09,-0.232585,-0.151514,-0.0264876
1,1.75207e+09,-0.232585,-0.151514,-0.0264876
0,1.75207e+09,-0.232585,-0.151514,-0.0264876
2,1.75207e+09,-0.232585,-0.151514,-0.0264876
1,1.75207e+09,-0.232585,-0.151514,-0.0264876
2,1.75207e+09,-0.300192,-0.158375,0.081751
0,1.75207e+09,-0.300192,-0.158375,0.081751
1,1.75207e+09,-0.310499,-0.157297,0.0990035
2,1.75207e+09,-0.310499,-0.157297,0.0990035
0,1.75207e+09,-0.310499,-0.157297,0.0990035
2,1.75207e+09,-0.310499,-0.157297,0.0990035
1,1.75207e+09,-0.310499,-0.157297,0.0990035
2,1.75207e+09,0.0682619,-0.0360878,-0.534228
2,1.75207e+09,0.0682619,-0.0360878,-0.534228
1,1.75207e+09,0.0682619,-0.0360878,-0.534228
0,1.75207e+09,0.0682619,-0.0360878,-0.534228
2,1.75207e+09,0.0683459,-0.0360827,-0.533863
1,1.75207e+09,0.0683459,-0.0360827,-0.533863
0,1.75207e+09,0.0683459,-0.0360827,-0.533863
2,1.75207e+09,-0.564648,-0.202092,0.497768
0,1.75207e+09,-0.564648,-0.202092,0.497768
1,1.75207e+09,-0.564648,-0.202092,0.497768
2,1.75207e+09,-0.44061,-0.172713,0.312742
0,1.75207e+09,-0.44061,-0.172713,0.312742
1,1.75207e+09,-0.44061,-0.172713,0.312742
2,1.75207e+09,0.0664497,-0.0382617,-0.531694
0,1.75207e+09,0.0664497,-0.0382617,-0.531694
1,1.75207e+09,0.0665269,-0.0382654,-0.531391
2,1.75207e+09,0.0665269,-0.0382654,-0.531391
1,1.75207e+09,-0.235549,-0.145063,-0.0244803
2,1.75207e+09,0.0626511,-0.035804,-0.539442
1,1.75207e+09,0.0626511,-0.035804,-0.539442
0,1.75207e+09,0.105577,-0.0654928,-0.452048
2,1.75207e+09,0.0626511,-0.035804,-0.539442
1,1.75207e+09,0.0621145,-0.0356594,-0.538208
0,1.75207e+09,-0.100596,-0.122878,-0.184452
2,1.75207e+09,0.0652481,-0.0348636,-0.52815
1,1.75207e+09,0.0652481,-0.0348636,-0.52815
0,1.75207e+09,0.0642546,-0.0338007,-0.541111
2,1.75207e+09,0.0642546,-0.0338007,-0.541111
0,1.75207e+09,0.0642546,-0.0338007,-0.541111
1,1.75207e+09,-0.1267,-0.109967,-0.110987
2,1.75207e+09,0.0671579,-0.0331578,-0.530603
0,1.75207e+09,-0.184631,-0.109452,-0.0613093
0,1.75207e+09,0.0674109,-0.0325122,-0.530654
1,1.75207e+09,0.0678169,-0.0319378,-0.530877
2,1.75207e+09,0.068132,-0.0318219,-0.531359
0,1.75207e+09,0.068132,-0.0318219,-0.531359
2,1.75207e+09,0.0678169,-0.0319378,-0.530877
1,1.75207e+09,0.068132,-0.0318219,-0.531359
0,1.75207e+09,0.0681075,-0.0318485,-0.53139
2,1.75207e+09,0.0681075,-0.0318485,-0.53139
1,1.75207e+09,0.0684758,-0.0315144,-0.53181
0,1.75207e+09,0.0684758,-0.0315144,-0.53181
2,1.75207e+09,0.0682151,-0.0326472,-0.528874
2,1.75207e+09,-0.18411,-0.103399,-0.100664
0,1.75207e+09,-0.18411,-0.103399,-0.100664
1,1.75207e+09,0.0952256,-0.0559272,-0.441967
0,1.75207e+09,-0.175462,-0.0848962,-0.112925
2,1.75207e+09,-0.175462,-0.0848962,-0.112925
1,1.75207e+09,0.0668108,-0.0343453,-0.517726
0,1.75207e+09,0.0668108,-0.0343453,-0.517726
2,1.75207e+09,0.0668108,-0.0343453,-0.517726
1,1.75207e+09,0.0668108,-0.0343453,-0.517726
0,1.75207e+09,0.0656522,-0.034276,-0.519846
2,1.75207e+09,0.0656522,-0.034276,-0.519846
1,1.75207e+09,0.0656522,-0.034276,-0.519846
0,1.75207e+09,0.0656522,-0.034276,-0.519846
1,1.75207e+09,0.0654913,-0.0355591,-0.521034
2,1.75207e+09,0.0643704,-0.0360805,-0.524718
0,1.75207e+09,0.0654913,-0.0355591,-0.521034
2,1.75207e+09,0.0658273,-0.0357834,-0.52125
1,1.75207e+09,0.0643704,-0.0360805,-0.524718
0,1.75207e+09,0.0658273,-0.0357834,-0.52125
2,1.75207e+09,0.0658085,-0.0360233,-0.521677
1,1.75207e+09,0.0658085,-0.0360233,-0.521677
2,1.75207e+09,0.0658085,-0.0360233,-0.521677
0,1.75207e+09,0.0657881,-0.0360373,-0.521719
1,1.75207e+09,0.0657881,-0.0360373,-0.521719
0,1.75207e+09,0.066364,-0.0363003,-0.523145
1,1.75207e+09,0.0667969,-0.0366445,-0.523596
2,1.75207e+09,0.0667969,-0.0366445,-0.523596
1,1.75207e+09,0.0667969,-0.0366445,-0.523596
0,1.75207e+09,0.066364,-0.0363003,-0.523145
2,1.75207e+09,0.0667969,-0.0366445,-0.523596
0,1.75207e+09,0.0667969,-0.0366445,-0.523596
2,1.75207e+09,0.0667969,-0.0366445,-0.523596
1,1.75207e+09,0.0673162,-0.0369809,-0.524677
2,1.75207e+09,0.0673162,-0.0369809,-0.524677
0,1.75207e+09,0.0677468,-0.0369531,-0.525846
1,1.75207e+09,0.0677468,-0.0369531,-0.525846
0,1.75207e+09,0.0677468,-0.0369531,-0.525846
1,1.75207e+09,0.0677468,-0.0369531,-0.525846
0,1.75207e+09,-0.159217,-0.110269,-0.131984
2,1.75207e+09,-0.159217,-0.110269,-0.131984
1,1.75207e+09,0.0688988,-0.037208,-0.528707
0,1.75207e+09,0.0688988,-0.037208,-0.528707
1,1.75207e+09,-0.179866,-0.113931,-0.09784
0,1.75207e+09,-0.179866,-0.113931,-0.09784
2,1.75207e+09,0.0684155,-0.0373046,-0.528004
0,1.75207e+09,-0.179866,-0.113931,-0.09784
1,1.75207e+09,0.0684245,-0.0373207,-0.52782
0,1.75207e+09,0.0684245,-0.0373207,-0.52782
2,1.75207e+09,-0.155586,-0.113188,-0.137137
0,1.75207e+09,0.0679817,-0.037113,-0.526923
0,1.75207e+09,0.0678197,-0.0372227,-0.526865
0,1.75207e+09,0.0678197,-0.0372227,-0.526865
0,1.75207e+09,0.0678197,-0.0372227,-0.526865
0,1.75207e+09,-0.162774,-0.113427,-0.126181
1,1.75207e+09,0.0676437,-0.0374045,-0.526923
0,1.75207e+09,0.0676437,-0.0374045,-0.526923
2,1.75207e+09,-0.236474,-0.112828,-0.0125855
1,1.75207e+09,-0.239458,-0.113067,-0.00840482
2,1.75207e+09,0.0669872,-0.0378334,-0.526201
0,1.75207e+09,-0.143574,-0.117701,-0.152351
1,1.75207e+09,-0.143574,-0.117701,-0.152351
0,1.75207e+09,0.0659993,-0.0383918,-0.529789
1,1.75207e+09,-0.0892331,-0.11925,-0.217344
2,1.75207e+09,0.0652485,-0.0384586,-0.528152
0,1.75207e+09,0.0652485,-0.0384586,-0.528152
2,1.75207e+09,-0.0943245,-0.119313,-0.210821
1,1.75207e+09,0.0652485,-0.0384586,-0.528152
0,1.75207e+09,0.0993644,-0.0700991,-0.470427
2,1.75207e+09,0.0643114,-0.0385619,-0.528024
1,1.75207e+09,0.0643114,-0.0385619,-0.528024
2,1.75207e+09,0.0991002,-0.0701371,-0.470204
1,1.75207e+09,0.0640337,-0.0359476,-0.525094
0,1.75207e+09,0.0640337,-0.0359476,-0.525094
1,1.75207e+09,0.0647725,-0.0356764,-0.522406
2,1.75207e+09,-0.70261,-0.0946977,0.736843
0,1.75207e+09,0.0645418,-0.0357617,-0.522201
0,1.75207e+09,0.0645418,-0.0357617,-0.522201
1,1.75207e+09,0.10487,-0.0642162,-0.446491
2,1.75207e+09,0.10487,-0.0642162,-0.446491
2,1.75207e+09,0.10487,-0.0642162,-0.446491
0,1.75207e+09,0.0653016,-0.0404146,-0.525175
1,1.75207e+09,0.0653016,-0.0404146,-0.525175
2,1.75207e+09,0.104877,-0.0642325,-0.446616
1,1.75207e+09,0.064713,-0.0357731,-0.520603
0,1.75207e+09,0.064713,-0.0357731,-0.520603
2,1.75207e+09,0.0647136,-0.0357706,-0.520614
1,1.75207e+09,0.0647136,-0.0357706,-0.520614
2,1.75207e+09,0.0647136,-0.0357706,-0.520614
0,1.75207e+09,-0.30797,-0.108174,0.0928534
1,1.75207e+09,0.0647129,-0.0357636,-0.520606
0,1.75207e+09,0.0646706,-0.0358694,-0.520239
2,1.75207e+09,0.0651122,-0.0402853,-0.525071
0,1.75207e+09,0.0651122,-0.0402853,-0.525071
1,1.75207e+09,0.0651122,-0.0402853,-0.525071
2,1.75207e+09,0.0651122,-0.0402853,-0.525071
0,1.75207e+09,0.105307,-0.0723619,-0.470777
2,1.75207e+09,0.105307,-0.0723619,-0.470777
1,1.75207e+09,0.105307,-0.0723619,-0.470777
0,1.75207e+09,0.0646348,-0.0352451,-0.518836
2,1.75207e+09,0.0646348,-0.0352451,-0.518836
0,1.75207e+09,0.0646348,-0.0352451,-0.518836
2,1.75207e+09,0.0646348,-0.0352451,-0.518836
1,1.75207e+09,0.0646348,-0.0352451,-0.518836
0,1.75207e+09,0.0646348,-0.0352451,-0.518836
2,1.75207e+09,0.0646348,-0.0352451,-0.518836
0,1.75207e+09,0.565491,-0.087683,-1.19843
2,1.75207e+09,0.0641243,-0.036148,-0.522497
1,1.75207e+09,0.0641243,-0.036148,-0.522497
0,1.75207e+09,0.0617225,-0.0366343,-0.530176
2,1.75207e+09,0.0641041,-0.036139,-0.522453
1,1.75207e+09,0.0641041,-0.036139,-0.522453
0,1.75207e+09,0.0641041,-0.036139,-0.522453
2,1.75207e+09,0.108345,-0.0677944,-0.449117
0,1.75207e+09,0.108504,-0.0674501,-0.448218
2,1.75207e+09,-0.514134,-0.118182,0.506212
1,1.75207e+09,0.0639791,-0.0369171,-0.528333
0,1.75207e+09,0.0639791,-0.0369171,-0.528333
2,1.75207e+09,-0.798545,-0.113142,1.02225
1,1.75207e+09,0.0647422,-0.0368975,-0.532853
0,1.75207e+09,0.0647422,-0.0368975,-0.532853
1,1.75207e+09,0.0647422,-0.0368975,-0.532853
2,1.75207e+09,0.0647422,-0.0368975,-0.532853
1,1.75207e+09,0.0647422,-0.0368975,-0.532853
2,1.75207e+09,0.0647461,-0.0368942,-0.534569
0,1.75207e+09,0.0647461,-0.0368942,-0.534569
1,1.75207e+09,0.0647461,-0.0368942,-0.534569
1,1.75207e+09,-0.0948254,-0.106316,-0.197784
0,1.75207e+09,0.0965886,-0.0594033,-0.450915
2,1.75207e+09,0.0965886,-0.0594033,-0.450915
1,1.75207e+09,0.067334,-0.0330339,-0.530818
0,1.75207e+09,0.067334,-0.0330339,-0.530818
1,1.75207e+09,0.067334,-0.0330339,-0.530818
2,1.75207e+09,0.067334,-0.0330339,-0.530818
0,1.75207e+09,0.0674471,-0.0330311,-0.530986
1,1.75207e+09,0.0674471,-0.0330311,-0.530986
0,1.75207e+09,0.0674471,-0.0330311,-0.530986
2,1.75207e+09,0.0673808,-0.0326719,-0.530562
2,1.75207e+09,0.0636378,-0.0332006,-0.54321
0,1.75207e+09,0.0636378,-0.0332006,-0.54321
1,1.75207e+09,0.0636378,-0.0332006,-0.54321
2,1.75207e+09,0.0672087,-0.0322403,-0.529771
1,1.75207e+09,0.0636378,-0.0332006,-0.54321
0,1.75207e+09,0.0672087,-0.0322403,-0.529771
1,1.75207e+09,0.0672087,-0.0322403,-0.529771
2,1.75207e+09,0.0672087,-0.0322403,-0.529771
0,1.75207e+09,0.0673497,-0.0322547,-0.530032
2,1.75207e+09,0.0673172,-0.0322715,-0.530126
0,1.75207e+09,0.0673172,-0.0322715,-0.530126
1,1.75207e+09,-0.228557,-0.136737,-0.0341723
2,1.75207e+09,0.0934659,-0.0464924,-0.431773
0,1.75207e+09,-0.228557,-0.136737,-0.0341723
1,1.75207e+09,0.0628276,-0.032717,-0.549085
2,1.75207e+09,0.0628276,-0.032717,-0.549085
0,1.75207e+09,-0.0413046,-0.0988296,-0.266847
1,1.75207e+09,0.0676952,-0.0319578,-0.53061
2,1.75207e+09,-0.0413046,-0.0988296,-0.266847
0,1.75207e+09,0.0680336,-0.0320297,-0.531266
1,1.75207e+09,0.0680336,-0.0320297,-0.531266
2,1.75207e+09,0.0680336,-0.0320297,-0.531266
0,1.75207e+09,0.0680113,-0.0320447,-0.531323
1,1.75207e+09,0.0680113,-0.0320447,-0.531323
2,1.75207e+09,-0.204367,-0.125203,-0.0677795
0,1.75207e+09,0.093699,-0.0464924,-0.431301
2,1.75207e+09,-0.0986545,-0.0959821,-0.216118
1,1.75207e+09,0.0617904,-0.0357643,-0.549944
0,1.75207e+09,0.0617904,-0.0357643,-0.549944
2,1.75207e+09,-0.038007,-0.090377,-0.264437
0,1.75207e+09,0.0618268,-0.0357906,-0.550077
1,1.75207e+09,0.0943246,-0.0461719,-0.42956
2,1.75207e+09,0.0595283,-0.036562,-0.559376
0,1.75207e+09,0.0595283,-0.036562,-0.559376
2,1.75207e+09,0.0595283,-0.036562,-0.559376
1,1.75207e+09,-0.021365,-0.0923439,-0.280117
0,1.75207e+09,0.059343,-0.0365289,-0.559107
2,1.75207e+09,0.059343,-0.0365289,-0.559107
1,1.75207e+09,0.059343,-0.0365289,-0.559107
2,1.75207e+09,0.094079,-0.0462611,-0.430397
1,1.75207e+09,0.0681108,-0.0321239,-0.531994
0,1.75207e+09,0.0681108,-0.0321239,-0.531994
1,1.75207e+09,0.0941069,-0.0462348,-0.430221
2,1.75207e+09,0.0682795,-0.0321791,-0.532336
0,1.75207e+09,0.0940628,-0.0462054,-0.42994
2,1.75207e+09,0.067266,-0.0353352,-0.519985
0,1.75207e+09,0.067266,-0.0353352,-0.519985
1,1.75207e+09,-0.185835,-0.0557461,-0.0991938
2,1.75207e+09,-0.185835,-0.0557461,-0.0991938
0,1.75207e+09,-0.185835,-0.0557461,-0.0991938
0,1.75207e+09,0.0682606,-0.035803,-0.521929
2,1.75207e+09,0.0685072,-0.0359717,-0.522086
1,1.75207e+09,0.0685072,-0.0359717,-0.522086
0,1.75207e+09,0.0682606,-0.035803,-0.521929
2,1.75207e+09,0.0686502,-0.0360751,-0.52243
1,1.75207e+09,0.0686502,-0.0360751,-0.52243
0,1.75207e+09,0.0965719,-0.0591056,-0.448894
2,1.75207e+09,0.0693275,-0.0359312,-0.524868
0,1.75207e+09,0.0693275,-0.0359312,-0.524868
1,1.75207e+09,0.0688128,-0.0358549,-0.523985
2,1.75207e+09,0.0693275,-0.0359312,-0.524868
0,1.75207e+09,0.0697676,-0.0359289,-0.526745
1,1.75207e+09,0.0697676,-0.0359289,-0.526745
0,1.75207e+09,0.0697676,-0.0359289,-0.526745
1,1.75207e+09,0.0700274,-0.036262,-0.527529
2,1.75207e+09,0.0700274,-0.036262,-0.527529
0,1.75207e+09,0.0700274,-0.036262,-0.527529
1,1.75207e+09,-0.177873,-0.0965762,-0.10629
2,1.75207e+09,-0.177873,-0.0965762,-0.10629
0,1.75207e+09,-0.177873,-0.0965762,-0.10629
1,1.75207e+09,0.070487,-0.0366236,-0.528674
2,1.75207e+09,0.0707295,-0.0369279,-0.527431
1,1.75207e+09,0.0707295,-0.0369279,-0.527431
0,1.75207e+09,0.0707295,-0.0369279,-0.527431
1,1.75207e+09,0.0707295,-0.0369279,-0.527431
0,1.75207e+09,0.0711661,-0.0368951,-0.528974
2,1.75207e+09,0.0711661,-0.0368951,-0.528974
1,1.75207e+09,0.0711661,-0.0368951,-0.528974
0,1.75207e+09,0.0715206,-0.0369086,-0.529538
2,1.75207e+09,0.0715206,-0.0369086,-0.529538
1,1.75207e+09,-0.196936,-0.0978816,-0.0719036
0,1.75207e+09,0.0719712,-0.0372871,-0.529676
2,1.75207e+09,0.0719712,-0.0372871,-0.529676
1,1.75207e+09,-0.22187,-0.0954328,-0.0337304
2,1.75207e+09,0.0719712,-0.0372871,-0.529676
0,1.75207e+09,0.0719712,-0.0372871,-0.529676
1,1.75207e+09,-0.200198,-0.0954795,-0.0639571
2,1.75207e+09,0.0726493,-0.037157,-0.531198
1,1.75207e+09,0.0726493,-0.037157,-0.531198
2,1.75207e+09,0.0723354,-0.0371811,-0.53074
1,1.75207e+09,0.0723354,-0.0371811,-0.53074
0,1.75207e+09,0.0726493,-0.037157,-0.531198
2,1.75207e+09,0.0726725,-0.0371262,-0.531463
1,1.75207e+09,0.0726725,-0.0371262,-0.531463
2,1.75207e+09,0.0731271,-0.0373994,-0.532457
0,1.75207e+09,0.10311,-0.062808,-0.45086
1,1.75207e+09,0.10311,-0.062808,-0.45086
2,1.75207e+09,0.10311,-0.062808,-0.45086
2,1.75207e+09,0.103148,-0.0626913,-0.450487
1,1.75207e+09,0.0735557,-0.0373323,-0.533725
0,1.75207e+09,-0.367169,-0.0836859,0.186648
2,1.75207e+09,0.0736658,-0.037477,-0.534046
1,1.75207e+09,0.0736658,-0.037477,-0.534046
0,1.75207e+09,0.0736658,-0.037477,-0.534046
2,1.75207e+09,0.10346,-0.0630416,-0.450985
1,1.75207e+09,0.10346,-0.0630416,-0.450985
2,1.75207e+09,-0.375813,-0.0853433,0.201045
1,1.75207e+09,0.0736911,-0.0376083,-0.534355
2,1.75207e+09,0.073623,-0.0376004,-0.534063
1,1.75207e+09,0.073623,-0.0376004,-0.534063
2,1.75207e+09,0.0736203,-0.0375638,-0.534022
1,1.75207e+09,0.0736203,-0.0375638,-0.534022
2,1.75207e+09,0.103325,-0.0630578,-0.451487
1,1.75207e+09,0.0735863,-0.0375867,-0.534623
2,1.75207e+09,0.0735451,-0.037498,-0.534471
1,1.75207e+09,0.0735451,-0.037498,-0.534471
2,1.75207e+09,0.0735863,-0.0375867,-0.534623
1,1.75207e+09,0.0735971,-0.0375803,-0.534495
0,1.75207e+09,0.0735971,-0.0375803,-0.534495
2,1.75207e+09,-0.335,-0.0919586,0.137155
1,1.75207e+09,-0.335,-0.0919586,0.137155
2,1.75207e+09,0.0732812,-0.0374743,-0.533934
1,1.75207e+09,0.0730336,-0.0375716,-0.533003
0,1.75207e+09,0.0730336,-0.0375716,-0.533003
2,1.75207e+09,0.102981,-0.0640483,-0.454666
1,1.75207e+09,0.103032,-0.0638429,-0.454064
2,1.75207e+09,-0.319119,-0.0916561,0.113157
1,1.75207e+09,0.103032,-0.0638429,-0.454064
0,1.75207e+09,0.0729172,-0.0374988,-0.533105
2,1.75207e+09,0.0729172,-0.0374988,-0.533105
1,1.75207e+09,0.0729172,-0.0374988,-0.533105
0,1.75207e+09,0.0729172,-0.0374988,-0.533105
2,1.75207e+09,0.0729172,-0.0374988,-0.533105
0,1.75207e+09,0.10315,-0.0638196,-0.453754
2,1.75207e+09,-0.372173,-0.0887349,0.192793
1,1.75207e+09,-0.372173,-0.0887349,0.192793
2,1.75207e+09,-0.415603,-0.0858662,0.258883
0,1.75207e+09,-0.415603,-0.0858662,0.258883
2,1.75207e+09,-0.415603,-0.0858662,0.258883
1,1.75207e+09,0.0742632,-0.0377645,-0.535727
0,1.75207e+09,0.0742632,-0.0377645,-0.535727
2,1.75207e+09,-0.512913,-0.0800397,0.409524
1,1.75207e+09,0.0742632,-0.0377645,-0.535727
2,1.75207e+09,0.0742632,-0.0377645,-0.535727
0,1.75207e+09,0.0742632,-0.0377645,-0.535727
2,1.75207e+09,-0.678833,-0.0674476,0.697587
1,1.75207e+09,-0.678833,-0.0674476,0.697587
2,1.75207e+09,0.0748525,-0.0377398,-0.539509
1,1.75207e+09,0.075257,-0.0377316,-0.540166
0,1.75207e+09,0.075257,-0.0377316,-0.540166
1,1.75207e+09,0.0751078,-0.0378831,-0.540707
1,1.75207e+09,0.075257,-0.0377316,-0.540166
0,1.75207e+09,0.0751078,-0.0378831,-0.540707
2,1.75207e+09,-0.684337,-0.0623434,0.731412
1,1.75207e+09,-0.628724,-0.0623026,0.670829
2,1.75207e+09,-0.628724,-0.0623026,0.670829
0,1.75207e+09,-0.680249,-0.0560426,0.762986
1,1.75207e+09,-0.680249,-0.0560426,0.762986
0,1.75207e+09,-0.728189,-0.052171,0.863619
2,1.75207e+09,-0.728189,-0.052171,0.863619
1,1.75207e+09,-0.682081,-0.0559919,0.794827
0,1.75207e+09,-0.682081,-0.0559919,0.794827
2,1.75207e+09,-0.714462,-0.0549354,0.849777
1,1.75207e+09,-0.686974,-0.0575902,0.808327
2,1.75207e+09,-0.701046,-0.0569499,0.83243
0,1.75207e+09,0.109352,-0.061298,-0.436856
1,1.75207e+09,0.0764866,-0.0387783,-0.548791
2,1.75207e+09,-0.70603,-0.0559903,0.851249
2,1.75207e+09,-0.70603,-0.0559903,0.851249
1,1.75207e+09,-0.70603,-0.0559903,0.851249
0,1.75207e+09,-0.718886,-0.0547629,0.87089
1,1.75207e+09,0.076675,-0.0387796,-0.549065
2,1.75207e+09,0.109572,-0.06161,-0.437263
0,1.75207e+09,0.0767372,-0.0387039,-0.54922
1,1.75207e+09,0.076825,-0.0386031,-0.54891
2,1.75207e+09,0.076825,-0.0386031,-0.54891
0,1.75207e+09,-0.6769,-0.0617713,0.788493
1,1.75207e+09,0.0764973,-0.0384965,-0.547381
0,1.75207e+09,0.0764973,-0.0384965,-0.547381
2,1.75207e+09,0.0760365,-0.0382486,-0.545689
1,1.75207e+09,0.1089,-0.0613793,-0.437605
0,1.75207e+09,0.0760365,-0.0382486,-0.545689
1,1.75207e+09,0.0760365,-0.0382486,-0.545689
2,1.75207e+09,-0.656295,-0.0609585,0.732556
1,1.75207e+09,0.0751696,-0.0379337,-0.542008
0,1.75207e+09,0.0751696,-0.0379337,-0.542008
2,1.75207e+09,0.0751696,-0.0379337,-0.542008
0,1.75207e+09,0.0747377,-0.0378689,-0.541212
2,1.75207e+09,0.0747377,-0.0378689,-0.541212
1,1.75207e+09,0.106669,-0.0621574,-0.443023
2,1.75207e+09,-0.694711,-0.0664549,0.724336
0,1.75207e+09,-0.539913,-0.0782298,0.477066
1,1.75207e+09,0.105733,-0.062722,-0.446556
2,1.75207e+09,0.0735298,-0.0375321,-0.534016
0,1.75207e+09,-0.318189,-0.0910532,0.112523
0,1.75207e+09,0.072453,-0.0374944,-0.532194
2,1.75207e+09,0.072453,-0.0374944,-0.532194
1,1.75207e+09,0.072453,-0.0374944,-0.532194
2,1.75207e+09,0.102079,-0.0644492,-0.456758
0,1.75207e+09,0.071626,-0.0376508,-0.529423
1,1.75207e+09,0.071626,-0.0376508,-0.529423
0,1.75207e+09,0.101919,-0.0643811,-0.456215
2,1.75207e+09,0.0707458,-0.0378531,-0.528513
1,1.75207e+09,0.0707458,-0.0378531,-0.528513
1,1.75207e+09,0.0993441,-0.0646919,-0.461231
2,1.75207e+09,0.0991922,-0.0642427,-0.460111
0,1.75207e+09,0.0706613,-0.0374204,-0.529644
1,1.75207e+09,0.0992231,-0.0645201,-0.460694
2,1.75207e+09,-0.158894,-0.103641,-0.132268
0,1.75207e+09,0.0702307,-0.0376344,-0.529172
1,1.75207e+09,0.0699467,-0.0376396,-0.528589
2,1.75207e+09,0.0695446,-0.0375915,-0.527953
0,1.75207e+09,0.0695446,-0.0375915,-0.527953
1,1.75207e+09,0.0981511,-0.0621469,-0.457399
2,1.75207e+09,0.0981511,-0.0621469,-0.457399
1,1.75207e+09,0.0695446,-0.0375915,-0.527953
0,1.75207e+09,0.0980736,-0.0621485,-0.45733
2,1.75207e+09,0.0980736,-0.0621485,-0.45733
1,1.75207e+09,-0.177488,-0.102577,-0.108793
2,1.75207e+09,-0.177488,-0.102577,-0.108793
1,1.75207e+09,-0.177488,-0.102577,-0.108793
2,1.75207e+09,0.0979802,-0.0635892,-0.45871
0,1.75207e+09,0.0681261,-0.0370749,-0.525265
1,1.75207e+09,-0.162452,-0.103201,-0.127943
0,1.75207e+09,0.0679936,-0.0378252,-0.525632
2,1.75207e+09,0.0679936,-0.0378252,-0.525632
0,1.75207e+09,0.067726,-0.0372214,-0.52582
1,1.75207e+09,0.067722,-0.0375439,-0.526101
2,1.75207e+09,-0.162867,-0.0679698,-0.133107
1,1.75207e+09,0.067722,-0.0375439,-0.526101
0,1.75207e+09,0.06741,-0.0379349,-0.525706
2,1.75207e+09,-0.162033,-0.0648289,-0.131793
1,1.75207e+09,0.0650034,-0.0388754,-0.532698
0,1.75207e+09,0.0650034,-0.0388754,-0.532698
2,1.75207e+09,0.0650034,-0.0388754,-0.532698
0,1.75207e+09,0.0650034,-0.0388754,-0.532698
1,1.75207e+09,0.0650034,-0.0388754,-0.532698
2,1.75207e+09,-0.0941343,-0.0742312,-0.204193
0,1.75207e+09,0.0646856,-0.0387283,-0.532688
1,1.75207e+09,0.0646856,-0.0387283,-0.532688
2,1.75207e+09,0.0646326,-0.0387758,-0.532638
1,1.75207e+09,0.0646326,-0.0387758,-0.532638
2,1.75207e+09,0.0995985,-0.0662672,-0.46223
2,1.75207e+09,0.0649265,-0.0388704,-0.53182
2,1.75207e+09,0.0649265,-0.0388704,-0.53182
1,1.75207e+09,-0.0663697,-0.111759,-0.237537
2,1.75207e+09,-0.0659067,-0.111655,-0.238733
1,1.75207e+09,0.0645631,-0.0387912,-0.531912
2,1.75207e+09,0.0645473,-0.0387446,-0.531166
1,1.75207e+09,0.0645473,-0.0387446,-0.531166
2,1.75207e+09,0.0645473,-0.0387446,-0.531166
0,1.75207e+09,-0.0639729,-0.111141,-0.243745
1,1.75207e+09,0.0988622,-0.0665077,-0.463582
0,1.75207e+09,0.0988622,-0.0665077,-0.463582
2,1.75207e+09,0.0988622,-0.0665077,-0.463582
0,1.75207e+09,0.0988622,-0.0665077,-0.463582
2,1.75207e+09,0.064507,-0.0390759,-0.530659
1,1.75207e+09,0.064507,-0.0390759,-0.530659
2,1.75207e+09,0.064507,-0.0390759,-0.530659
2,1.75207e+09,-0.0605457,-0.111981,-0.249713
1,1.75207e+09,0.0642155,-0.0390291,-0.531615
1,1.75207e+09,0.0642155,-0.0390291,-0.531615
2,1.75207e+09,0.0642155,-0.0390291,-0.531615
1,1.75207e+09,0.098609,-0.0667224,-0.464441
2,1.75207e+09,-0.0601938,-0.11225,-0.251741
1,1.75207e+09,-0.0695229,-0.112852,-0.238188
2,1.75207e+09,-0.0695229,-0.112852,-0.238188
1,1.75207e+09,-0.0701817,-0.112845,-0.236902
1,1.75207e+09,-0.0769201,-0.112671,-0.227
2,1.75207e+09,-0.0769201,-0.112671,-0.227
1,1.75207e+09,0.0642151,-0.038619,-0.530819
2,1.75207e+09,0.0642151,-0.038619,-0.530819
1,1.75207e+09,0.0641463,-0.0385686,-0.530641
1,1.75207e+09,0.0641463,-0.0385686,-0.530641
2,1.75207e+09,0.0641463,-0.0385686,-0.530641
1,1.75207e+09,0.0641463,-0.0385686,-0.530641
1,1.75207e+09,-0.0827952,-0.112849,-0.215621
2,1.75207e+09,0.0641711,-0.0384343,-0.530062
1,1.75207e+09,0.0641711,-0.0384343,-0.530062
1,1.75207e+09,0.0991835,-0.066389,-0.462418
2,1.75207e+09,0.0642425,-0.0384008,-0.529271
2,1.75207e+09,0.0642425,-0.0384008,-0.529271
1,1.75207e+09,0.0992346,-0.0663846,-0.462363
2,1.75207e+09,0.0638717,-0.0385243,-0.529886
1,1.75207e+09,0.0638146,-0.0386238,-0.529874
2,1.75207e+09,0.0639651,-0.0385419,-0.529382
1,1.75207e+09,0.0639651,-0.0385419,-0.529382
2,1.75207e+09,-0.0862391,-0.113581,-0.21206
2,1.75207e+09,-0.0862391,-0.113581,-0.21206
1,1.75207e+09,-0.0862391,-0.113581,-0.21206
2,1.75207e+09,-0.0811685,-0.113612,-0.217699
1,1.75207e+09,-0.0811685,-0.113612,-0.217699
2,1.75207e+09,-0.0811685,-0.113612,-0.217699
1,1.75207e+09,-0.0811685,-0.113612,-0.217699
2,1.75207e+09,-0.0812243,-0.113585,-0.217695
2,1.75207e+09,-0.0812243,-0.113585,-0.217695
1,1.75207e+09,-0.0797792,-0.113875,-0.219951
1,1.75207e+09,-0.0798339,-0.113816,-0.220032
2,1.75207e+09,-0.0830558,-0.113147,-0.215045
1,1.75207e+09,0.0990268,-0.0660808,-0.460588
2,1.75207e+09,0.0651456,-0.0361246,-0.524799
1,1.75207e+09,0.0653542,-0.0370866,-0.526226
2,1.75207e+09,0.099059,-0.0658487,-0.45982
2,1.75207e+09,0.0651781,-0.0373533,-0.525603
1,1.75207e+09,0.0651781,-0.0373533,-0.525603
2,1.75207e+09,-0.0853149,-0.110433,-0.219234
1,1.75207e+09,-0.0892046,-0.112797,-0.210503
2,1.75207e+09,-0.0892046,-0.112797,-0.210503
1,1.75207e+09,-0.0892046,-0.112797,-0.210503
1,1.75207e+09,-0.0931262,-0.112138,-0.204399
2,1.75207e+09,-0.164888,-0.109044,-0.120642
1,1.75207e+09,-0.164934,-0.108899,-0.120798
1,1.75207e+09,-0.164934,-0.108899,-0.120798
2,1.75207e+09,-0.144413,-0.110008,-0.152874
1,1.75207e+09,-0.144413,-0.110008,-0.152874
1,1.75207e+09,-0.144413,-0.110008,-0.152874
2,1.75207e+09,-0.16227,-0.108675,-0.125914
1,1.75207e+09,-0.160656,-0.108599,-0.128126
2,1.75207e+09,-0.158994,-0.108221,-0.130707
1,1.75207e+09,-0.158994,-0.108221,-0.130707
2,1.75207e+09,-0.144433,-0.109274,-0.152831
2,1.75207e+09,-0.144433,-0.109274,-0.152831
1,1.75207e+09,-0.145072,-0.109248,-0.152089
2,1.75207e+09,-0.695711,-0.0779761,0.790892
1,1.75207e+09,-0.695711,-0.0779761,0.790892
2,1.75207e+09,-0.695711,-0.0779761,0.790892
2,1.75207e+09,-0.159031,-0.109707,-0.132254
1,1.75207e+09,-0.159031,-0.109707,-0.132254
2,1.75207e+09,-0.159031,-0.109707,-0.132254
1,1.75207e+09,-0.729735,-0.0770561,0.739735
2,1.75207e+09,-0.729735,-0.0770561,0.739735
2,1.75207e+09,-0.729735,-0.0770561,0.739735
1,1.75207e+09,-0.745382,-0.075752,0.764132
2,1.75207e+09,-0.745382,-0.075752,0.764132
1,1.75207e+09,-0.745176,-0.0779934,0.764161
2,1.75207e+09,-0.745176,-0.0779934,0.764161
1,1.75207e+09,-0.955363,-0.0629781,1.09279
2,1.75207e+09,-0.955363,-0.0629781,1.09279
1,1.75207e+09,-0.940417,-0.0645794,1.07141
2,1.75207e+09,-0.940417,-0.0645794,1.07141
1,1.75207e+09,-0.968496,-0.0636856,1.11489
2,1.75207e+09,-0.947871,-0.066869,1.08455
1,1.75207e+09,-0.920427,-0.0689598,1.04076
2,1.75207e+09,-1.01312,-0.0658013,1.18208
1,1.75207e+09,-1.01312,-0.0658013,1.18208
2,1.75207e+09,-0.468959,-0.0916969,0.410197
1,1.75207e+09,-0.468959,-0.0916969,0.410197
2,1.75207e+09,-0.468959,-0.0916969,0.410197
1,1.75207e+09,-0.468959,-0.0916969,0.410197
2,1.75207e+09,-0.9857,-0.0686067,1.13868
1,1.75207e+09,-0.9857,-0.0686067,1.13868
2,1.75207e+09,-0.9857,-0.0686067,1.13868
1,1.75207e+09,-1.2421,-0.053618,1.54597
2,1.75207e+09,-1.12869,-0.058869,1.38616
1,1.75207e+09,-1.12869,-0.058869,1.38616
2,1.75207e+09,-1.18208,-0.0591621,1.46508
2,1.75207e+09,-0.92115,-0.067935,1.05486
1,1.75207e+09,-0.92115,-0.067935,1.05486
2,1.75207e+09,-1.27803,-0.0566232,1.62038
1,1.75207e+09,-1.27803,-0.0566232,1.62038
0,1.75207e+09,-1.27803,-0.0566232,1.62038
2,1.75207e+09,-0.979784,-0.0724927,1.14458
1,1.75207e+09,-0.979784,-0.0724927,1.14458
0,1.75207e+09,-0.979784,-0.0724927,1.14458
2,1.75207e+09,-0.87728,-0.0740272,0.98434
1,1.75207e+09,-0.94458,-0.0707108,1.07785
0,1.75207e+09,-0.94458,-0.0707108,1.07785
0,1.75207e+09,-1.28245,-0.0578967,1.60838
2,1.75207e+09,-1.28245,-0.0578967,1.60838
1,1.75207e+09,-1.05958,-0.0652505,1.25126
1,1.75207e+09,-1.05958,-0.0652505,1.25126
0,1.75207e+09,-0.989611,-0.0678526,1.14273
2,1.75207e+09,-0.989611,-0.0678526,1.14273
1,1.75207e+09,-0.978366,-0.0644781,1.12827
2,1.75207e+09,-1.04769,-0.0658766,1.23173
1,1.75207e+09,-1.04769,-0.0658766,1.23173
0,1.75207e+09,-0.984984,-0.0673431,1.13806
2,1.75207e+09,-0.984984,-0.0673431,1.13806
1,1.75207e+09,-0.94757,-0.0668877,1.08166
2,1.75207e+09,-0.911413,-0.072857,1.02051
0,1.75207e+09,-0.911413,-0.072857,1.02051
1,1.75207e+09,-0.913121,-0.0725929,1.02301
1,1.75207e+09,-0.913121,-0.0725929,1.02301
2,1.75207e+09,-0.83924,-0.0745689,0.909444
0,1.75207e+09,-0.83924,-0.0745689,0.909444
2,1.75207e+09,-1.40002,-0.0497171,1.78888
1,1.75207e+09,-1.40002,-0.0497171,1.78888
2,1.75207e+09,-1.40002,-0.0497171,1.78888
0,1.75207e+09,-1.40002,-0.0497171,1.78888
1,1.75207e+09,-1.40002,-0.0497171,1.78888
2,1.75207e+09,-0.931784,-0.0713172,1.05207
0,1.75207e+09,-0.931784,-0.0713172,1.05207
1,1.75207e+09,-0.931784,-0.0713172,1.05207
2,1.75207e+09,-0.931784,-0.0713172,1.05207
0,1.75207e+09,-0.925571,-0.071498,1.04353
2,1.75207e+09,-0.762556,-0.0791304,0.790404
1,1.75207e+09,-0.902204,-0.0727851,1.00697
0,1.75207e+09,-0.902204,-0.0727851,1.00697
2,1.75207e+09,-0.740981,-0.0903042,0.757024
1,1.75207e+09,-0.740981,-0.0903042,0.757024
0,1.75207e+09,-0.701404,-0.0900771,0.696885
2,1.75207e+09,-0.701404,-0.0900771,0.696885
1,1.75207e+09,-0.0993465,-0.112959,-0.19763
2,1.75207e+09,-0.0993465,-0.112959,-0.19763
0,1.75207e+09,-0.0993465,-0.112959,-0.19763
2,1.75207e+09,-0.0993465,-0.112959,-0.19763
0,1.75207e+09,-0.177649,-0.109019,-0.10283
1,1.75207e+09,-0.177649,-0.109019,-0.10283
1,1.75207e+09,0.0651288,-0.0405797,-0.524273
2,1.75207e+09,0.0994461,-0.0683015,-0.469605
2,1.75207e+09,0.0631756,-0.0417945,-0.53069
1,1.75207e+09,0.0631756,-0.0417945,-0.53069
0,1.75207e+09,0.0632215,-0.0418798,-0.530832
2,1.75207e+09,0.0632215,-0.0418798,-0.530832
0,1.75207e+09,0.0632215,-0.0418798,-0.530832
2,1.75207e+09,0.0632402,-0.0418166,-0.530941
1,1.75207e+09,0.063035,-0.0376239,-0.527036
0,1.75207e+09,-0.0862462,-0.112638,-0.211783
2,1.75207e+09,-0.0931673,-0.112709,-0.203754
1,1.75207e+09,-0.0931673,-0.112709,-0.203754
0,1.75207e+09,0.0984783,-0.0658954,-0.460343
2,1.75207e+09,0.0641433,-0.0397104,-0.529557
1,1.75207e+09,0.0641433,-0.0397104,-0.529557
0,1.75207e+09,0.0642017,-0.0397041,-0.529659
2,1.75207e+09,-0.0924741,-0.113034,-0.205711
0,1.75207e+09,0.0640945,-0.0397543,-0.530063
1,1.75207e+09,0.0640945,-0.0397543,-0.530063
2,1.75207e+09,0.0640945,-0.0397543,-0.530063
1,1.75207e+09,-0.084117,-0.113302,-0.215172
0,1.75207e+09,0.0640749,-0.0395046,-0.530321
1,1.75207e+09,0.0640749,-0.0395046,-0.530321
0,1.75207e+09,0.0640749,-0.0395046,-0.530321
2,1.75207e+09,0.0993702,-0.0675878,-0.466041
2,1.75207e+09,0.0640749,-0.0395046,-0.530321
1,1.75207e+09,0.0642729,-0.0392719,-0.530488
0,1.75207e+09,0.0644323,-0.0391802,-0.529761
2,1.75207e+09,0.0644323,-0.0391802,-0.529761
1,1.75207e+09,0.0644193,-0.0391578,-0.529948
0,1.75207e+09,0.0644193,-0.0391578,-0.529948
2,1.75207e+09,-0.0837428,-0.113983,-0.217383
2,1.75207e+09,-0.0837428,-0.113983,-0.217383
0,1.75207e+09,-0.0837428,-0.113983,-0.217383
2,1.75207e+09,0.0645835,-0.0393226,-0.530004
0,1.75207e+09,0.0645835,-0.0393226,-0.530004
0,1.75207e+09,-0.0776944,-0.112805,-0.225055
0,1.75207e+09,0.0650934,-0.0376964,-0.527917
0,1.75207e+09,0.0650934,-0.0376964,-0.527917
0,1.75207e+09,0.0650934,-0.0376964,-0.527917
0,1.75207e+09,0.0646002,-0.0389374,-0.528326
