1752672555331,0.237573,-0.058190,-0.858599
1752672555374,0.238760,-0.058481,-0.862892
1752672555414,0.239162,-0.058579,-0.864341
1752672555454,0.239365,-0.058629,-0.865075
1752672555495,0.239488,-0.058659,-0.865521
1752672555534,0.239571,-0.058680,-0.865822
1752672555575,0.239632,-0.058695,-0.866041
1752672555613,0.239678,-0.058706,-0.866207
1752672555653,0.239714,-0.058715,-0.866339
1752672555693,0.239744,-0.058722,-0.866446
1752672555734,0.239768,-0.058728,-0.866534
1752672555773,0.239789,-0.058733,-0.866609
1752672555811,0.239807,-0.058737,-0.866673
1752672555850,0.239822,-0.058741,-0.866728
1752672555889,0.239835,-0.058744,-0.866776
1752672555930,0.239847,-0.058747,-0.866819
1752672555965,0.239857,-0.058750,-0.866856
1752672556000,0.239867,-0.058752,-0.866889
1752672556035,0.239875,-0.058754,-0.866919
1752672556070,0.239882,-0.058756,-0.866945
1752672556105,0.239888,-0.058757,-0.866968
1752672556140,0.239894,-0.058759,-0.866989
1752672556173,0.239899,-0.058760,-0.867008
1752672556206,0.239904,-0.058761,-0.867025
1752672556241,0.239908,-0.058762,-0.867041
1752672556274,0.239912,-0.058763,-0.867054
1752672556306,0.239916,-0.058764,-0.867067
1752672556340,0.239919,-0.058765,-0.867078
1752672556371,0.239922,-0.058765,-0.867088
1752672556401,0.239924,-0.058766,-0.867097
1752672556433,0.239926,-0.058767,-0.867106
1752672556462,0.239929,-0.058767,-0.867113
1752672556492,0.239930,-0.058768,-0.867120
1752672556521,0.239932,-0.058768,-0.867126
1752672556550,0.239934,-0.058768,-0.867132
1752672556579,0.239935,-0.058769,-0.867137
1752672556606,0.239936,-0.058769,-0.867141
1752672556635,0.239937,-0.058769,-0.867145
1752672556664,0.239938,-0.058770,-0.867149
1752672556692,0.239939,-0.058770,-0.867152
1752672556719,0.239940,-0.058770,-0.867155
1752672556745,0.239941,-0.058770,-0.867158
1752672556772,0.239942,-0.058770,-0.867161
1752672556799,0.239942,-0.058771,-0.867163
1752672556823,0.239943,-0.058771,-0.867165
1752672556848,0.239943,-0.058771,-0.867167
1752672556873,0.239944,-0.058771,-0.867168
1752672556898,0.239944,-0.058771,-0.867170
1752672556921,0.239945,-0.058771,-0.867171
1752672556945,0.239945,-0.058771,-0.867172
1752672556972,0.239945,-0.058771,-0.867174
1752672556997,0.239946,-0.058771,-0.867175
1752672557019,0.239946,-0.058771,-0.867176
1752672557039,0.239946,-0.058771,-0.867176
1752672557059,0.239946,-0.058771,-0.867177
1752672557079,0.239946,-0.058772,-0.867178
1752672557098,0.239947,-0.058772,-0.867178
1752672557116,0.239947,-0.058772,-0.867179
1752672557135,0.239947,-0.058772,-0.867179
1752672557153,0.239947,-0.058772,-0.867180
1752672557170,0.239947,-0.058772,-0.867180
1752672557187,0.239947,-0.058772,-0.867181
1752672557204,0.239947,-0.058772,-0.867181
1752672557219,0.239947,-0.058772,-0.867181
1752672557239,0.239947,-0.058772,-0.867182
1752672557257,0.239947,-0.058772,-0.867182
1752672557273,0.239948,-0.058772,-0.867182
1752672557287,0.239948,-0.058772,-0.867182
1752672557302,0.239948,-0.058772,-0.867182
1752672557315,0.239948,-0.058772,-0.867183
1752672557329,0.239948,-0.058772,-0.867183
1752672557342,0.239948,-0.058772,-0.867183
1752672557357,0.239948,-0.058772,-0.867183
1752672557370,0.239948,-0.058772,-0.867183
1752672557382,0.239948,-0.058772,-0.867183
1752672557394,0.239948,-0.058772,-0.867183
1752672557408,0.239948,-0.058772,-0.867183
1752672557419,0.239948,-0.058772,-0.867183
1752672557430,0.239948,-0.058772,-0.867183
1752672557440,0.239948,-0.058772,-0.867184
1752672557449,0.239948,-0.058772,-0.867184
1752672557458,0.239948,-0.058772,-0.867184
1752672557467,0.239948,-0.058772,-0.867184
1752672557477,0.239948,-0.058772,-0.867184
1752672557485,0.239948,-0.058772,-0.867184
1752672557493,0.239948,-0.058772,-0.867184
1752672557501,0.239948,-0.058772,-0.867184
1752672557508,0.239948,-0.058772,-0.867184
1752672557514,0.239948,-0.058772,-0.867184
1752672557525,0.239948,-0.058772,-0.867184
1752672557541,0.239948,-0.058772,-0.867184
1752672557546,0.239948,-0.058772,-0.867184
1752672557556,0.239948,-0.058772,-0.867184
1752672557571,0.239948,-0.058772,-0.867184
1752672557574,0.239948,-0.058772,-0.867184
1752672557587,0.239948,-0.058772,-0.867184
1752672557605,0.239948,-0.058772,-0.867184
1752672557607,0.239948,-0.058772,-0.867184
1752672557620,0.239948,-0.058772,-0.867184
1752672557641,0.240213,-0.059023,-0.866766
1752672557652,0.240452,-0.059251,-0.866388
1752672557659,0.240669,-0.059456,-0.866047
1752672557675,0.240865,-0.059642,-0.865737
1752672557685,0.241043,-0.059811,-0.865457
1752672557690,0.241203,-0.059963,-0.865204
1752672557705,0.241349,-0.060101,-0.864975
1752672557708,0.241480,-0.060226,-0.864767
1752672557722,0.241599,-0.060339,-0.864580
1752672557740,0.241707,-0.060441,-0.864410
1752672557742,0.241804,-0.060533,-0.864256
1752672557755,0.241893,-0.060617,-0.864117
1752672580542,0.239480,-0.059653,-0.860057
1752672580577,0.237296,-0.058781,-0.856382
1752672580613,0.235321,-0.057992,-0.853058
1752672580648,0.233533,-0.057278,-0.850049
1752672580685,0.231915,-0.056632,-0.847327
1752672580720,0.230451,-0.056048,-0.844864
1752672580756,0.229127,-0.055519,-0.842635
1752672580793,0.227928,-0.055040,-0.840618
1752672580829,0.226844,-0.054607,-0.838793
1752672580870,0.225862,-0.054215,-0.837141
1752672580907,0.224974,-0.053860,-0.835647
1752672580941,0.224171,-0.053539,-0.834294
1752672580976,0.223444,-0.053249,-0.833071
1752672581013,0.222786,-0.052986,-0.831964
1752672581048,0.222190,-0.052748,-0.830962
1752672581083,0.221651,-0.052533,-0.830055
1752672581119,0.221164,-0.052338,-0.829235
1752672581155,0.220723,-0.052162,-0.828492
1752672581194,0.220324,-0.052003,-0.827821
1752672581230,0.219963,-0.051858,-0.827213
1752672581266,0.219636,-0.051728,-0.826663
1752672581301,0.219340,-0.051610,-0.826165
1752672581337,0.219072,-0.051503,-0.825715
1752672581373,0.218830,-0.051406,-0.825307
1752672581410,0.218611,-0.051319,-0.824939
1752672581445,0.218413,-0.051240,-0.824605
1752672581479,0.218233,-0.051168,-0.824303
1752672581512,0.218071,-0.051103,-0.824030
1752672581545,0.217924,-0.051044,-0.823783
1752672581578,0.217791,-0.050991,-0.823559
1752672581639,0.217671,-0.050943,-0.823357
1752672581675,0.217562,-0.050900,-0.823174
1752672581704,0.217464,-0.050860,-0.823008
1752672581734,0.217375,-0.050825,-0.822858
1752672581764,0.217294,-0.050793,-0.822722
1752672581794,0.217221,-0.050763,-0.822599
1752672581828,0.217155,-0.050737,-0.822488
1752672581857,0.217095,-0.050713,-0.822388
1752672581884,0.217041,-0.050692,-0.822297
1752672581912,0.216992,-0.050672,-0.822214
1752672581941,0.216948,-0.050654,-0.822140
1752672581968,0.216908,-0.050638,-0.822072
1752672581995,0.216872,-0.050624,-0.822011
1752672582021,0.216839,-0.050611,-0.821956
1752672582046,0.216809,-0.050599,-0.821906
1752672582071,0.216782,-0.050588,-0.821861
1752672582096,0.216758,-0.050579,-0.821820
1752672582122,0.216736,-0.050570,-0.821783
1752672582145,0.216716,-0.050562,-0.821750
1752672582169,0.216698,-0.050555,-0.821719
1752672582191,0.216682,-0.050548,-0.821692
1752672582213,0.216667,-0.050542,-0.821667
1752672582235,0.216654,-0.050537,-0.821645
1752672582256,0.216642,-0.050532,-0.821624
1752672582278,0.216631,-0.050528,-0.821606
1752672582299,0.216621,-0.050524,-0.821589
1752672582319,0.216612,-0.050520,-0.821574
1752672582338,0.216604,-0.050517,-0.821561
1752672582358,0.216596,-0.050514,-0.821548
1752672582377,0.216590,-0.050511,-0.821537
1752672582397,0.216584,-0.050509,-0.821527
1752672582415,0.216578,-0.050507,-0.821518
1752672582435,0.216573,-0.050505,-0.821510
1752672582452,0.216569,-0.050503,-0.821502
1752672582469,0.216565,-0.050502,-0.821496
1752672582486,0.216561,-0.050500,-0.821489
1752672582503,0.216558,-0.050499,-0.821484
1752672582519,0.216555,-0.050498,-0.821479
1752672582534,0.216552,-0.050496,-0.821474
1752672582549,0.216550,-0.050496,-0.821470
1752672582563,0.216548,-0.050495,-0.821467
1752672582577,0.216546,-0.050494,-0.821463
1752672582591,0.216544,-0.050493,-0.821460
1752672582604,0.216542,-0.050492,-0.821457
1752672582616,0.216541,-0.050492,-0.821455
1752672582628,0.216540,-0.050491,-0.821453
1752672582640,0.216538,-0.050491,-0.821451
1752672582651,0.216537,-0.050490,-0.821449
1752672582662,0.216536,-0.050490,-0.821447
1752672582674,0.216535,-0.050490,-0.821446
1752672582684,0.216535,-0.050489,-0.821444
1752672582695,0.216534,-0.050489,-0.821443
1752672582703,0.216533,-0.050489,-0.821442
1752672582711,0.216533,-0.050489,-0.821441
1752672582719,0.216532,-0.050488,-0.821440
1752672582726,0.216531,-0.050488,-0.821439
1752672582735,0.216531,-0.050488,-0.821438
1752672582742,0.216531,-0.050488,-0.821438
1752672582748,0.216530,-0.050488,-0.821437
1752672582754,0.216530,-0.050487,-0.821437
1752672582762,0.216530,-0.050487,-0.821436
1752672582768,0.216529,-0.050487,-0.821436
1752672582771,0.216529,-0.050487,-0.821435
1752672582775,0.216529,-0.050487,-0.821435
1752672582779,0.216529,-0.050487,-0.821434
1752672582786,0.216529,-0.050487,-0.821434
1752672582803,0.216528,-0.050487,-0.821434
1752672582804,0.216528,-0.050487,-0.821434
1752672582808,0.216528,-0.050487,-0.821433
1752672584340,0.216173,-0.052487,-0.826216
1752672584385,0.215852,-0.054297,-0.830543
1752672584427,0.215561,-0.055936,-0.834458
1752672584471,0.215298,-0.057418,-0.838002
1752672584514,0.215060,-0.058759,-0.841208
1752672584558,0.214844,-0.059973,-0.844109
1752672584601,0.214649,-0.061071,-0.846734
1752672584644,0.214473,-0.062064,-0.849109
1752672584685,0.214313,-0.062964,-0.851259
1752672584726,0.214169,-0.063777,-0.853204
1752672584768,0.214038,-0.064514,-0.854964
1752672584808,0.213920,-0.065180,-0.856557
1752672584849,0.213813,-0.065783,-0.857998
1752672584891,0.213716,-0.066328,-0.859302
1752672584930,0.213629,-0.066822,-0.860482
1752672584968,0.213549,-0.067268,-0.861549
1752672585007,0.213478,-0.067673,-0.862515
1752672585044,0.213413,-0.068038,-0.863390
1752672585081,0.213354,-0.068369,-0.864181
1752672585119,0.213301,-0.068669,-0.864897
1752672585157,0.213253,-0.068940,-0.865544
1752672585193,0.213209,-0.069185,-0.866130
1752672585229,0.213170,-0.069407,-0.866661
1752672585271,0.213134,-0.069607,-0.867141
1752672585306,0.213102,-0.069789,-0.867575
1752672585340,0.213073,-0.069954,-0.867968
1752672585374,0.213046,-0.070102,-0.868324
1752672585408,0.213022,-0.070237,-0.868645
1752672585442,0.213001,-0.070359,-0.868936
1752672585474,0.212981,-0.070469,-0.869200
1752672585506,0.212963,-0.070569,-0.869438
1752672585538,0.212947,-0.070659,-0.869654
1752672585569,0.212933,-0.070740,-0.869849
1752672585599,0.212920,-0.070814,-0.870026
1752672585630,0.212908,-0.070881,-0.870186
1752672585660,0.212897,-0.070942,-0.870330
1752672585690,0.212888,-0.070996,-0.870461
1752672585718,0.212879,-0.071046,-0.870580
1752672585746,0.212871,-0.071091,-0.870687
1752672585773,0.212864,-0.071131,-0.870784
1752672585800,0.212857,-0.071168,-0.870871
1752672585826,0.212851,-0.071201,-0.870951
1752672585852,0.212846,-0.071231,-0.871023
1752672585878,0.212841,-0.071259,-0.871088
1752672585903,0.212837,-0.071283,-0.871147
1752672585928,0.212833,-0.071305,-0.871200
1752672585953,0.212829,-0.071326,-0.871248
1752672585977,0.212826,-0.071344,-0.871291
1752672586002,0.212823,-0.071360,-0.871331
1752672586026,0.212820,-0.071375,-0.871367
1752672586049,0.212818,-0.071389,-0.871399
1752672586072,0.212816,-0.071401,-0.871428
1752672586094,0.212814,-0.071412,-0.871454
1752672586117,0.212812,-0.071422,-0.871478
1752672586139,0.212810,-0.071431,-0.871500
1752672586160,0.212809,-0.071439,-0.871520
1752672586179,0.212808,-0.071447,-0.871537
1752672586198,0.212806,-0.071453,-0.871553
1752672586217,0.212805,-0.071459,-0.871568
1752672586236,0.212804,-0.071465,-0.871581
1752672586254,0.212803,-0.071470,-0.871593
1752672586272,0.212803,-0.071474,-0.871604
1752672586288,0.212802,-0.071479,-0.871613
1752672586304,0.212801,-0.071482,-0.871622
1752672586319,0.212801,-0.071486,-0.871630
1752672586333,0.212800,-0.071489,-0.871637
1752672586348,0.212800,-0.071491,-0.871644
1752672586362,0.212799,-0.071494,-0.871650
1752672586380,0.212799,-0.071496,-0.871655
1752672586394,0.212799,-0.071498,-0.871660
1752672586410,0.212798,-0.071500,-0.871664
1752672586421,0.212798,-0.071501,-0.871668
1752672586432,0.212798,-0.071503,-0.871672
1752672586443,0.212797,-0.071504,-0.871675
1752672586455,0.212797,-0.071506,-0.871678
1752672586466,0.212797,-0.071507,-0.871681
1752672586476,0.212797,-0.071508,-0.871683
1752672586486,0.212797,-0.071509,-0.871685
1752672586495,0.212796,-0.071509,-0.871687
1752672586504,0.212796,-0.071510,-0.871689
1752672586513,0.212796,-0.071511,-0.871691
1752672586522,0.212796,-0.071511,-0.871692
1752672586532,0.212796,-0.071512,-0.871693
1752672586539,0.212796,-0.071512,-0.871695
1752672586546,0.212796,-0.071513,-0.871696
1752672586552,0.212796,-0.071513,-0.871697
1752672586563,0.212796,-0.071514,-0.871697
1752672586570,0.212796,-0.071514,-0.871698
1752672586576,0.212796,-0.071514,-0.871699
1752672586586,0.212796,-0.071515,-0.871700
1752672586590,0.212796,-0.071515,-0.871700
1752672586603,0.212795,-0.071515,-0.871701
1752672586607,0.212795,-0.071515,-0.871701
1752672586640,0.212795,-0.071516,-0.871702
1752672586643,0.212795,-0.071516,-0.871702
1752672586645,0.212795,-0.071516,-0.871702
1752672586656,0.212795,-0.071516,-0.871703
1752672586673,0.212795,-0.071516,-0.871703
1752672586675,0.212795,-0.071516,-0.871703
1752672589834,0.214348,-0.070220,-0.870222
1752672589876,0.215754,-0.069047,-0.868881
1752672589916,0.217025,-0.067986,-0.867668
1752672589957,0.218176,-0.067025,-0.866570
1752672589996,0.219217,-0.066156,-0.865577
1752672590037,0.220159,-0.065370,-0.864678
1752672590076,0.221012,-0.064658,-0.863865
1752672590115,0.221783,-0.064014,-0.863129
1752672590152,0.222481,-0.063432,-0.862463
1752672590190,0.223113,-0.062905,-0.861860
1752672590228,0.223685,-0.062428,-0.861315
1752672590267,0.224202,-0.061996,-0.860821
1752672590305,0.224670,-0.061605,-0.860375
1752672590341,0.225093,-0.061252,-0.859971
1752672590377,0.225477,-0.060932,-0.859605
1752672590412,0.225823,-0.060643,-0.859275
1752672590446,0.226137,-0.060381,-0.858975
1752672590482,0.226421,-0.060144,-0.858704
1752672590515,0.226678,-0.059929,-0.858459
1752672590549,0.226910,-0.059735,-0.858237
1752672590580,0.227121,-0.059560,-0.858037
1752672590612,0.227311,-0.059401,-0.857855
1752672590643,0.227483,-0.059257,-0.857691
1752672590673,0.227639,-0.059127,-0.857542
1752672590705,0.227780,-0.059009,-0.857408
1752672590742,0.227908,-0.058903,-0.857286
1752672590771,0.228023,-0.058806,-0.857176
1752672590800,0.228128,-0.058719,-0.857076
1752672590828,0.228222,-0.058640,-0.856986
1752672590856,0.228308,-0.058569,-0.856904
1752672590883,0.228385,-0.058504,-0.856830
1752672590912,0.228455,-0.058446,-0.856763
1752672590939,0.228519,-0.058393,-0.856703
1752672590966,0.228576,-0.058345,-0.856648
1752672590992,0.228628,-0.058302,-0.856599
1752672591017,0.228675,-0.058262,-0.856554
1752672591041,0.228718,-0.058227,-0.856513
1752672591065,0.228756,-0.058195,-0.856477
1752672591090,0.228791,-0.058166,-0.856443
1752672591114,0.228822,-0.058140,-0.856413
1752672591139,0.228851,-0.058116,-0.856386
1752672591163,0.228877,-0.058094,-0.856362
1752672591185,0.228900,-0.058075,-0.856339
1752672591208,0.228921,-0.058057,-0.856319
1752672591230,0.228940,-0.058041,-0.856301
1752672591250,0.228957,-0.058027,-0.856284
1752672591272,0.228973,-0.058014,-0.856270
1752672591293,0.228987,-0.058002,-0.856256
1752672591313,0.229000,-0.057991,-0.856244
1752672591335,0.229012,-0.057982,-0.856233
1752672591355,0.229022,-0.057973,-0.856223
1752672591374,0.229032,-0.057965,-0.856214
1752672591393,0.229040,-0.057958,-0.856206
1752672591415,0.229048,-0.057951,-0.856198
1752672591433,0.229055,-0.057945,-0.856192
1752672591451,0.229061,-0.057940,-0.856185
1752672591469,0.229067,-0.057935,-0.856180
1752672591486,0.229072,-0.057931,-0.856175
1752672591504,0.229077,-0.057927,-0.856170
1752672591522,0.229081,-0.057923,-0.856166
1752672591538,0.229085,-0.057920,-0.856163
1752672591555,0.229089,-0.057917,-0.856159
1752672591571,0.229092,-0.057915,-0.856156
1752672591586,0.229095,-0.057912,-0.856154
1752672591601,0.229097,-0.057910,-0.856151
1752672591642,0.229100,-0.057908,-0.856149
1752672591657,0.229102,-0.057906,-0.856147
1752672591672,0.229104,-0.057905,-0.856145
1752672591687,0.229105,-0.057903,-0.856143
1752672591702,0.229107,-0.057902,-0.856142
1752672591716,0.229108,-0.057901,-0.856141
1752672591731,0.229110,-0.057900,-0.856139
1752672591748,0.229111,-0.057899,-0.856138
1752672591761,0.229112,-0.057898,-0.856137
1752672591773,0.229113,-0.057897,-0.856136
1752672591785,0.229114,-0.057896,-0.856135
1752672591796,0.229114,-0.057896,-0.856135
1752672591808,0.229115,-0.057895,-0.856134
1752672591818,0.229116,-0.057895,-0.856133
1752672591842,0.229116,-0.057894,-0.856133
1752672591851,0.229117,-0.057894,-0.856132
1752672591874,0.229117,-0.057893,-0.856132
1752672591882,0.229118,-0.057893,-0.856132
1752672591905,0.229118,-0.057893,-0.856131
1752672591912,0.229118,-0.057892,-0.856131
1752672591937,0.229119,-0.057892,-0.856131
1752672591944,0.229119,-0.057892,-0.856130
1752672591950,0.229119,-0.057892,-0.856130
1752672591972,0.229120,-0.057891,-0.856130
1752672591977,0.229120,-0.057891,-0.856130
1752672591981,0.229120,-0.057891,-0.856129
1752672592001,0.229120,-0.057891,-0.856129
1752672592005,0.229120,-0.057891,-0.856129
1752672592035,0.229120,-0.057891,-0.856129
1752672592038,0.229121,-0.057891,-0.856129
1752672592066,0.229121,-0.057890,-0.856129
1752672592068,0.229121,-0.057890,-0.856129
1752672592073,0.229121,-0.057890,-0.856129
1752672592081,0.229121,-0.057890,-0.856128
1752672592151,0.230588,-0.053940,-0.841392
1752672592201,0.231915,-0.050366,-0.828057
1752672592250,0.233115,-0.047132,-0.815991
1752672592297,0.234202,-0.044205,-0.805073
1752672592343,0.235185,-0.041557,-0.795193
1752672592388,0.236075,-0.039161,-0.786253
1752672592433,0.236880,-0.036992,-0.778164
1752672592478,0.237608,-0.035030,-0.770844
1752672592520,0.238267,-0.033255,-0.764220
1752672592561,0.238864,-0.031648,-0.758226
1752672592602,0.239404,-0.030195,-0.752803
1752672592643,0.239892,-0.028879,-0.747895
1752672592684,0.240334,-0.027689,-0.743455
1752672592723,0.240734,-0.026612,-0.739436
1752672592762,0.241096,-0.025637,-0.735800
1752672592800,0.241423,-0.024755,-0.732510
1752672592838,0.241719,-0.023957,-0.729533
1752672592877,0.241988,-0.023235,-0.726839
1752672592915,0.242230,-0.022582,-0.724401
1752672592954,0.242450,-0.021990,-0.722195
1752672592994,0.242648,-0.021455,-0.720199
1752672593033,0.242828,-0.020971,-0.718393
1752672593073,0.242991,-0.020533,-0.716759
1752672593114,0.243138,-0.020137,-0.715280
1752672593154,0.243271,-0.019778,-0.713942
1752672593193,0.243392,-0.019453,-0.712731
1752672593230,0.243501,-0.019160,-0.711635
1752672593267,0.243599,-0.018894,-0.710644
1752672593310,0.243689,-0.018653,-0.709746
1752672593345,0.243769,-0.018436,-0.708935
1752672593379,0.243842,-0.018239,-0.708200
1752672593412,0.243909,-0.018061,-0.707535
1752672593445,0.243968,-0.017900,-0.706934
1752672593478,0.244023,-0.017754,-0.706390
1752672593510,0.244072,-0.017622,-0.705897
1752672593541,0.244116,-0.017502,-0.705451
1752672593572,0.244156,-0.017394,-0.705048
1752672593603,0.244192,-0.017296,-0.704683
1752672593634,0.244225,-0.017208,-0.704353
1752672593663,0.244255,-0.017128,-0.704054
1752672593692,0.244282,-0.017055,-0.703784
1752672593719,0.244306,-0.016990,-0.703539
1752672593746,0.244328,-0.016930,-0.703318
1752672593773,0.244348,-0.016877,-0.703117
1752672593800,0.244366,-0.016828,-0.702936
1752672593826,0.244383,-0.016784,-0.702772
1752672593852,0.244397,-0.016744,-0.702624
1752672593877,0.244411,-0.016708,-0.702489
1752672593903,0.244423,-0.016676,-0.702368
1752672593927,0.244434,-0.016646,-0.702258
1752672593951,0.244444,-0.016620,-0.702159
1752672593976,0.244453,-0.016595,-0.702069
1752672593999,0.244461,-0.016574,-0.701987
1752672594021,0.244468,-0.016554,-0.701913
1752672594042,0.244475,-0.016536,-0.701847
1752672594063,0.244481,-0.016520,-0.701786
1752672594083,0.244486,-0.016505,-0.701732
1752672594103,0.244491,-0.016492,-0.701682
1752672594123,0.244496,-0.016480,-0.701638
1752672594142,0.244500,-0.016469,-0.701597
1752672594160,0.244503,-0.016459,-0.701560
1752672594177,0.244507,-0.016450,-0.701527
1752672594196,0.244509,-0.016442,-0.701497
1752672594214,0.244512,-0.016435,-0.701470
1752672594231,0.244515,-0.016429,-0.701446
1752672594248,0.244517,-0.016423,-0.701423
1752672594264,0.244519,-0.016417,-0.701403
1752672594280,0.244521,-0.016412,-0.701385
1752672594296,0.244522,-0.016408,-0.701369
1752672594312,0.244524,-0.016404,-0.701354
1752672594327,0.244525,-0.016400,-0.701340
1752672594342,0.244526,-0.016397,-0.701328
1752672594359,0.244527,-0.016394,-0.701317
1752672594373,0.244528,-0.016391,-0.701307
1752672594386,0.244529,-0.016389,-0.701298
1752672594398,0.244530,-0.016387,-0.701290
1752672594409,0.244531,-0.016385,-0.701282
1752672594420,0.244532,-0.016383,-0.701276
1752672594431,0.244532,-0.016381,-0.701270
1752672594441,0.244533,-0.016380,-0.701264
1752672594451,0.244533,-0.016379,-0.701259
1752672594460,0.244534,-0.016377,-0.701255
1752672594469,0.244534,-0.016376,-0.701251
1752672594477,0.244534,-0.016375,-0.701247
1752672594485,0.244535,-0.016374,-0.701244
1752672594493,0.244535,-0.016374,-0.701241
1752672594503,0.244535,-0.016373,-0.701238
1752672594509,0.244536,-0.016372,-0.701236
1752672594515,0.244536,-0.016372,-0.701233
1752672594521,0.244536,-0.016371,-0.701231
1752672594526,0.244536,-0.016371,-0.701229
1752672594535,0.244536,-0.016370,-0.701228
1752672594539,0.244536,-0.016370,-0.701226
1752672594543,0.244537,-0.016369,-0.701225
1752672594545,0.244537,-0.016369,-0.701224
1752672594554,0.244537,-0.016369,-0.701223
1752672594556,0.244537,-0.016368,-0.701222
1752672594567,0.244537,-0.016368,-0.701221
1752672594569,0.244537,-0.016368,-0.701220
1752672632764,0.496202,-0.162603,-1.409454
1752672632800,0.723928,-0.294927,-2.050317
1752672632835,0.929991,-0.414663,-2.630219
1752672632870,1.116453,-0.523010,-3.154957
1752672632904,1.285177,-0.621050,-3.629779
1752672632939,1.437851,-0.709765,-4.059434
1752672632972,1.576003,-0.790040,-4.448219
1752672633006,1.701012,-0.862679,-4.800020
1752672633038,1.814131,-0.928408,-5.118356
1752672633071,1.916488,-0.987885,-5.406410
1752672633103,2.009109,-1.041704,-5.667064
1752672633135,2.092920,-1.090404,-5.902922
1752672633169,2.168758,-1.134471,-6.116345
1752672633200,2.237382,-1.174346,-6.309466
1752672633230,2.299478,-1.210428,-6.484216
1752672633260,2.355667,-1.243078,-6.642343
1752672633291,2.406511,-1.272622,-6.785428
1752672633322,2.452519,-1.299355,-6.914902
1752672633352,2.494150,-1.323546,-7.032060
1752672633381,2.531821,-1.345435,-7.138073
1752672633410,2.565909,-1.365243,-7.234003
1752672633438,2.596754,-1.383166,-7.320806
1752672633468,2.624665,-1.399384,-7.399353
1752672633496,2.649920,-1.414059,-7.470428
1752672633524,2.672774,-1.427338,-7.534741
1752672633551,2.693453,-1.439355,-7.592937
1752672633577,2.712166,-1.450228,-7.645597
1752672633603,2.729098,-1.460066,-7.693248
1752672633629,2.744419,-1.468969,-7.736366
1752672633654,2.758283,-1.477025,-7.775383
1752672633679,2.770829,-1.484315,-7.810688
1752672633704,2.782181,-1.490911,-7.842634
1752672633731,2.792453,-1.496880,-7.871542
1752672633755,2.801748,-1.502281,-7.897700
1752672633778,2.810158,-1.507168,-7.921370
1752672633807,2.817769,-1.511591,-7.942788
1752672633831,2.824656,-1.515592,-7.962168
1752672633856,2.830888,-1.519213,-7.979705
1752672633879,2.836526,-1.522490,-7.995574
1752672633902,2.841629,-1.525455,-8.009933
1752672633924,2.846246,-1.528137,-8.022926
1752672633945,2.850424,-1.530565,-8.034683
1752672633965,2.854204,-1.532762,-8.045322
1752672633985,2.857625,-1.534750,-8.054950
1752672634006,2.860720,-1.536548,-8.063661
1752672634025,2.863521,-1.538176,-8.071543
1752672634043,2.866056,-1.539649,-8.078675
1752672634062,2.868350,-1.540981,-8.085130
1752672634079,2.870425,-1.542187,-8.090970
1752672634097,2.872303,-1.543278,-8.096254
1752672634114,2.874002,-1.544266,-8.101036
1752672634131,2.875539,-1.545159,-8.105363
1752672634148,2.876931,-1.545968,-8.109279
1752672634165,2.878190,-1.546699,-8.112822
1752672634181,2.879329,-1.547361,-8.116028
1752672634198,2.880360,-1.547960,-8.118929
1752672634215,2.881293,-1.548502,-8.121554
1752672634230,2.882137,-1.548993,-8.123930
1752672634245,2.882900,-1.549436,-8.126080
1752672634261,2.883592,-1.549838,-8.128024
1752672634282,2.884217,-1.550201,-8.129784
1752672634297,2.884783,-1.550530,-8.131376
1752672634311,2.885295,-1.550828,-8.132817
1752672634324,2.885758,-1.551097,-8.134121
1752672634337,2.886178,-1.551341,-8.135301
1752672634349,2.886557,-1.551561,-8.136369
1752672634360,2.886900,-1.551761,-8.137335
1752672634372,2.887211,-1.551941,-8.138209
1752672634383,2.887492,-1.552104,-8.139000
1752672634394,2.887747,-1.552252,-8.139716
1752672634405,2.887977,-1.552386,-8.140364
1752672634416,2.888185,-1.552507,-8.140950
1752672634427,2.888373,-1.552616,-8.141480
1752672634438,2.888544,-1.552716,-8.141960
1752672634449,2.888698,-1.552805,-8.142394
1752672634459,2.888838,-1.552886,-8.142787
1752672634468,2.888964,-1.552960,-8.143143
1752672634477,2.889079,-1.553026,-8.143464
1752672634486,2.889182,-1.553086,-8.143755
1752672634494,2.889276,-1.553141,-8.144018
1752672634507,2.889360,-1.553190,-8.144257
1752672634514,2.889437,-1.553234,-8.144472
1752672634521,2.889506,-1.553275,-8.144668
1752672634528,2.889569,-1.553311,-8.144844
1752672634537,2.889626,-1.553344,-8.145004
1752672634542,2.889677,-1.553374,-8.145149
1752672634548,2.889724,-1.553401,-8.145280
1752672634555,2.889766,-1.553426,-8.145398
1752672634567,2.889804,-1.553448,-8.145505
1752672634572,2.889838,-1.553468,-8.145602
1752672634576,2.889869,-1.553486,-8.145690
1752672634581,2.889898,-1.553502,-8.145769
1752672634601,2.889923,-1.553517,-8.145841
1752672634605,2.889946,-1.553530,-8.145905
1752672634607,2.889967,-1.553543,-8.145965
1752672634611,2.889986,-1.553554,-8.146018
1752672634629,2.890003,-1.553563,-8.146067
1752672634630,2.890019,-1.553573,-8.146111
1752672634632,2.890033,-1.553581,-8.146150
1752672783652,0.138885,0.245770,-0.980561
1752672783689,0.139580,0.246999,-0.985463
1752672783726,0.139814,0.247414,-0.987119
1752672783766,0.139933,0.247624,-0.987957
1752672783802,0.140005,0.247752,-0.988466
1752672783840,0.140054,0.247838,-0.988810
1752672783875,0.140089,0.247900,-0.989060
1752672783909,0.430606,0.798887,-2.676239
1752672783943,0.391492,0.724701,-2.449116
1752672783978,0.359732,0.664463,-2.264693
1752672784014,0.572736,1.068441,-3.501711
1752672784045,0.522968,0.974050,-3.212701
1752672784078,0.480422,0.893356,-2.965632
1752672784110,0.443659,0.823631,-2.752147
1752672784142,0.411619,0.762864,-2.566087
1752672784174,0.383500,0.709533,-2.402798
1752672784202,0.358682,0.662464,-2.258681
1752672784231,0.537547,1.001695,-3.297426
1752672784261,0.497937,0.926570,-3.067400
1752672784295,0.462579,0.859510,-2.862065
1752672784321,0.626673,1.170727,-3.815030
1752672784346,0.579194,1.080679,-3.539304
1752672784371,0.730262,1.367192,-4.416620
1752672784401,0.673159,1.258891,-4.085005
1752672784428,0.621744,1.161379,-3.786423
1752672784455,0.575410,1.073501,-3.517342
1752672784481,0.533622,0.994247,-3.274668
1752672784504,0.495912,0.922727,-3.055675
1752672784528,0.461866,0.858155,-2.857956
1752672784551,0.431114,0.799832,-2.679372
1752672784574,0.403330,0.747136,-2.518017
1752672784594,0.568543,1.060476,-3.477476
1752672784616,0.717891,1.343726,-4.344797
1752672784638,0.662816,1.239272,-4.024957
1752672784656,0.803037,1.505214,-4.839280
1752672784677,0.739893,1.385455,-4.472576
1752672784698,0.682781,1.277137,-4.140904
1752672784721,0.631120,1.179159,-3.840893
1752672784740,0.584388,1.090527,-3.569503
1752672784764,0.542112,1.010347,-3.323989
1752672784784,0.503865,0.937808,-3.101875
1752672784802,0.469262,0.872181,-2.900922
1752672784821,0.627688,1.172648,-3.820963
1752672784843,0.581308,1.084685,-3.551617
1752672784862,0.539344,1.005096,-3.307914
1752672784883,0.501374,0.933084,-3.087411
1752672784901,0.656711,1.227693,-3.989512
1752672784918,0.607578,1.134508,-3.704178
1752672784938,0.563120,1.050191,-3.445996
1752672784961,0.522893,0.973897,-3.212382
1752672784983,0.486494,0.904862,-3.000997
1752672785000,0.453558,0.842396,-2.809723
1752672785016,0.423755,0.785873,-2.636648
1752672785032,0.396788,0.734727,-2.480038
1752672785055,0.372386,0.688447,-2.338328
1752672785070,0.350306,0.646570,-2.210100
1752672785121,0.519990,0.968390,-3.195521
1752672785139,0.483868,0.899883,-2.985752
1752672785153,0.451184,0.837893,-2.795938
1752672785167,0.421608,0.781801,-2.624181
1752672785180,0.394846,0.731044,-2.468762
1752672785195,0.370629,0.685116,-2.328129
1752672785209,0.348717,0.643557,-2.200873
1752672785225,0.328889,0.605951,-2.085723
1752672785239,0.310946,0.571922,-1.981527
1752672785254,0.294711,0.541131,-1.887242
1752672785263,0.469680,0.872974,-2.903355
1752672785274,0.438345,0.813545,-2.721382
1752672785289,0.409991,0.759769,-2.556719
1752672785298,0.384334,0.711108,-2.407719
1752672785311,0.361118,0.667077,-2.272893
1752672785321,0.340110,0.627234,-2.150893
1752672785330,0.321101,0.591181,-2.040498
1752672785340,0.303900,0.558557,-1.940604
1752672785353,0.288335,0.529037,-1.850212
1752672785361,0.274251,0.502325,-1.768419
1752672785370,0.261506,0.478154,-1.694407
1752672785377,0.249974,0.456282,-1.627435
1752672785391,0.239539,0.436491,-1.566834
1752672785398,0.230096,0.418583,-1.511997
1752672785406,0.411211,0.762082,-2.563802
1752672785419,0.575097,1.072906,-3.515554
1752672785423,0.723394,1.354163,-4.376771
1752672785441,0.667925,1.248961,-4.054639
1752672785454,0.617732,1.153766,-3.763150
1752672785460,0.572314,1.067627,-3.499389
1752672785474,0.531216,0.989681,-3.260719
1752672785490,0.494028,0.919151,-3.044751
1752672785495,0.460377,0.855329,-2.849328
1752672785507,0.429927,0.797579,-2.672494
1752672785519,0.402374,0.745322,-2.512482
1752672785523,0.377442,0.698036,-2.367691
1752672785539,0.354881,0.655248,-2.236673
1752672785551,0.334467,0.616530,-2.118118
1752672785553,0.315994,0.581495,-2.010841
1752672785555,0.299279,0.549793,-1.913768
1752672785570,0.284153,0.521107,-1.825929
1752672785584,0.270467,0.495149,-1.746446
1752672785586,0.258082,0.471661,-1.674524
1752672785606,0.245422,0.447829,-1.601138
1752672785618,0.233966,0.426265,-1.534732
1752672785620,0.223599,0.406751,-1.474643
1752672785638,0.214219,0.389094,-1.420270
1752673015889,0.250553,-0.056953,-0.925603
1752673015928,0.251806,-0.057238,-0.930231
1752673015967,0.252229,-0.057334,-0.931794
1752673016005,0.252443,-0.057383,-0.932584
1752673016043,0.252573,-0.057412,-0.933065
1752673016081,0.252661,-0.057432,-0.933390
1752673016118,0.252725,-0.057447,-0.933626
1752673016159,0.252773,-0.057458,-0.933805
1752673016196,0.252812,-0.057466,-0.933947
1752673016232,0.252843,-0.057473,-0.934062
1752673016268,0.252869,-0.057479,-0.934158
1752673016304,0.252891,-0.057484,-0.934238
1752673016339,0.252909,-0.057489,-0.934307
1752673016375,0.252925,-0.057492,-0.934367
1752673016411,0.252939,-0.057495,-0.934419
1752673016445,0.252952,-0.057498,-0.934464
1752673016479,0.252963,-0.057501,-0.934504
1752673016511,0.252972,-0.057503,-0.934540
1752673016544,0.252981,-0.057505,-0.934572
1752673016577,0.252989,-0.057507,-0.934600
1752673016609,0.252995,-0.057508,-0.934625
1752673016641,0.253002,-0.057510,-0.934648
1752673016672,0.253007,-0.057511,-0.934668
1752673016704,0.253012,-0.057512,-0.934687
1752673016735,0.253017,-0.057513,-0.934703
1752673016766,0.253021,-0.057514,-0.934718
1752673016796,0.253024,-0.057515,-0.934732
1752673016825,0.253027,-0.057515,-0.934744
1752673016857,0.253030,-0.057516,-0.934755
1752673016886,0.253033,-0.057517,-0.934765
1752673016914,0.253035,-0.057517,-0.934773
1752673016942,0.253038,-0.057518,-0.934781
1752673016970,0.253040,-0.057518,-0.934789
1752673017004,0.253041,-0.057519,-0.934795
1752673017032,0.253043,-0.057519,-0.934801
1752673017059,0.253044,-0.057519,-0.934807
1752673017086,0.253046,-0.057520,-0.934812
1752673017112,0.253047,-0.057520,-0.934816
1752673017137,0.253048,-0.057520,-0.934820
1752673017162,0.253049,-0.057520,-0.934824
1752673017188,0.253050,-0.057521,-0.934827
1752673017214,0.253051,-0.057521,-0.934830
1752673017239,0.253051,-0.057521,-0.934833
1752673017264,0.253052,-0.057521,-0.934835
1752673017289,0.253053,-0.057521,-0.934837
1752673017311,0.253053,-0.057521,-0.934839
1752673017334,0.253054,-0.057521,-0.934841
1752673017357,0.253054,-0.057521,-0.934843
1752673017379,0.253055,-0.057522,-0.934844
1752673017400,0.253055,-0.057522,-0.934845
1752673017421,0.253055,-0.057522,-0.934847
1752673017440,0.253056,-0.057522,-0.934848
1752673017461,0.253056,-0.057522,-0.934849
1752673017480,0.253056,-0.057522,-0.934850
1752673017500,0.253056,-0.057522,-0.934850
1752673017520,0.253056,-0.057522,-0.934851
1752673017538,0.253057,-0.057522,-0.934852
1752673017560,0.253057,-0.057522,-0.934852
1752673017577,0.253057,-0.057522,-0.934853
1752673017595,0.253057,-0.057522,-0.934853
1752673017612,0.253057,-0.057522,-0.934854
1752673017630,0.253057,-0.057522,-0.934854
1752673017648,0.253057,-0.057522,-0.934855
1752673017664,0.253058,-0.057522,-0.934855
1752673017681,0.253058,-0.057522,-0.934855
1752673017697,0.253058,-0.057522,-0.934855
1752673017713,0.253058,-0.057522,-0.934856
1752673017728,0.253058,-0.057522,-0.934856
1752673017742,0.253058,-0.057522,-0.934856
1752673017756,0.253058,-0.057522,-0.934856
1752673017769,0.253058,-0.057522,-0.934856
1752673017782,0.253058,-0.057522,-0.934857
1752673017798,0.253058,-0.057522,-0.934857
1752673017810,0.253058,-0.057522,-0.934857
1752673017822,0.253058,-0.057522,-0.934857
1752673017833,0.253058,-0.057522,-0.934857
1752673017844,0.253058,-0.057522,-0.934857
1752673017855,0.253058,-0.057522,-0.934857
1752673017865,0.253058,-0.057522,-0.934857
1752673017876,0.253058,-0.057522,-0.934857
1752673017886,0.253058,-0.057522,-0.934857
1752673017895,0.253058,-0.057522,-0.934857
1752673017904,0.253058,-0.057522,-0.934857
1752673017912,0.253058,-0.057522,-0.934858
1752673017921,0.253058,-0.057522,-0.934858
1752673017929,0.253058,-0.057522,-0.934858
1752673017936,0.253058,-0.057522,-0.934858
1752673017942,0.253058,-0.057522,-0.934858
1752673017949,0.253058,-0.057522,-0.934858
1752673017954,0.253058,-0.057522,-0.934858
1752673017960,0.253058,-0.057522,-0.934858
1752673017966,0.253058,-0.057522,-0.934858
1752673017974,0.253058,-0.057522,-0.934858
1752673017978,0.253058,-0.057522,-0.934858
1752673017982,0.253058,-0.057522,-0.934858
1752673017996,0.253058,-0.057522,-0.934858
1752673017999,0.253058,-0.057522,-0.934858
1752673018004,0.253058,-0.057522,-0.934858
1752673018027,0.253058,-0.057522,-0.934858
1752673018059,0.253814,-0.059701,-0.947587
1752673018087,0.254498,-0.061672,-0.959105
1752673018116,0.255118,-0.063456,-0.969528
1752673018143,0.255678,-0.065070,-0.978959
1752673018169,0.256185,-0.066531,-0.987493
1752673018194,0.256643,-0.067853,-0.995215
1752673018218,0.257058,-0.069049,-1.002202
1752673018241,0.257434,-0.070131,-1.008525
1752673018264,0.257774,-0.071110,-1.014247
1752673018286,0.258081,-0.071996,-1.019424
1752673018308,0.258359,-0.072798,-1.024109
1752673018330,0.258611,-0.073523,-1.028348
1752673018350,0.258839,-0.074180,-1.032184
1752673018370,0.259045,-0.074774,-1.035655
1752673018390,0.259232,-0.075312,-1.038795
1752673018409,0.259401,-0.075798,-1.041637
1752673018429,0.259553,-0.076238,-1.044209
1752673018448,0.259692,-0.076636,-1.046536
1752673018467,0.259817,-0.076997,-1.048642
1752673018484,0.259930,-0.077323,-1.050547
1752673018502,0.260032,-0.077618,-1.052271
1752673018519,0.260125,-0.077885,-1.053831
1752673018535,0.260209,-0.078127,-1.055243
1752673018551,0.260285,-0.078345,-1.056521
1752673018567,0.260353,-0.078543,-1.057676
1752673018582,0.260415,-0.078722,-1.058722
1752673018597,0.260472,-0.078884,-1.059669
1752673018612,0.260523,-0.079031,-1.060525
1752673018626,0.260569,-0.079163,-1.061300
1752673018640,0.260610,-0.079283,-1.062001
1752673018653,0.260648,-0.079392,-1.062636
1752673018666,0.260682,-0.079490,-1.063210
1752673018678,0.260713,-0.079579,-1.063730
1752673018690,0.260741,-0.079660,-1.064200
1752673018701,0.260766,-0.079732,-1.064625
1752673018711,0.260789,-0.079798,-1.065010
1752673018721,0.260810,-0.079858,-1.065359
1752673018731,0.260828,-0.079912,-1.065674
1752673018742,0.260845,-0.079961,-1.065959
1752673018751,0.260861,-0.080005,-1.066217
1752673018759,0.260874,-0.080045,-1.066451
1752673018767,0.260887,-0.080081,-1.066662
1752673018777,0.260898,-0.080114,-1.066853
1752673018784,0.260909,-0.080143,-1.067026
1752673018790,0.260918,-0.080170,-1.067183
1752673018796,0.260926,-0.080194,-1.067324
1752673018811,0.260934,-0.080216,-1.067452
1752673018815,0.260941,-0.080236,-1.067568
1752673018819,0.260947,-0.080254,-1.067673
1752673018828,0.260953,-0.080270,-1.067768
1752673018837,0.260958,-0.080285,-1.067854
1752673018839,0.260962,-0.080298,-1.067932
1752673018839,0.260967,-0.080310,-1.068002
1752673018860,0.260970,-0.080321,-1.068066
1752673060418,0.272978,-0.091384,-1.073331
1752673060450,0.283843,-0.101394,-1.078096
1752673060482,0.293674,-0.110452,-1.082407
1752673060514,0.302571,-0.118648,-1.086308
1752673060546,0.310621,-0.126065,-1.089838
1752673060578,0.317905,-0.132776,-1.093032
1752673060608,0.324497,-0.138849,-1.095923
1752673060641,0.330461,-0.144344,-1.098538
1752673060672,0.335858,-0.149316,-1.100905
1752673060704,0.340742,-0.153815,-1.103046
1752673060735,0.345161,-0.157887,-1.104984
1752673060765,0.349160,-0.161571,-1.106737
1752673060796,0.352778,-0.164905,-1.108324
1752673060826,0.356052,-0.167921,-1.109760
1752673060856,0.359015,-0.170651,-1.111059
1752673060886,0.361696,-0.173120,-1.112234
1752673060918,0.364122,-0.175355,-1.113298
1752673060948,0.366317,-0.177378,-1.114261
1752673060978,0.368303,-0.179208,-1.115132
1752673061008,0.370100,-0.180864,-1.115920
1752673061042,0.371727,-0.182362,-1.116633
1752673061074,0.373198,-0.183718,-1.117278
1752673061108,0.374530,-0.184945,-1.117862
1752673061139,0.375735,-0.186055,-1.118391
1752673061171,0.376825,-0.187060,-1.118869
1752673061202,0.377812,-0.187969,-1.119301
1752673061234,0.378705,-0.188791,-1.119693
1752673061265,0.379513,-0.189535,-1.120047
1752673061296,0.380244,-0.190209,-1.120368
1752673061327,0.380905,-0.190818,-1.120658
1752673061358,0.381504,-0.191370,-1.120920
1752673061389,0.382045,-0.191869,-1.121158
1752673061419,0.382535,-0.192320,-1.121373
1752673061450,0.382979,-0.192729,-1.121567
1752673061480,0.383380,-0.193099,-1.121743
1752673061510,0.383743,-0.193433,-1.121902
1752673061543,0.384072,-0.193736,-1.122046
1752673061572,0.384369,-0.194010,-1.122177
1752673061602,0.384638,-0.194258,-1.122295
1752673061635,0.384882,-0.194482,-1.122402
1752673061664,0.385102,-0.194685,-1.122498
1752673061697,0.385301,-0.194869,-1.122586
1752673061724,0.385482,-0.195035,-1.122665
1752673061752,0.385645,-0.195185,-1.122736
1752673061780,0.385793,-0.195321,-1.122801
1752673061806,0.385926,-0.195444,-1.122859
1752673061833,0.386047,-0.195556,-1.122913
1752673061860,0.386157,-0.195656,-1.122961
1752673061886,0.386256,-0.195748,-1.123004
1752673061910,0.386345,-0.195830,-1.123043
1752673061935,0.386426,-0.195905,-1.123079
1752673061960,0.386500,-0.195973,-1.123111
1752673061984,0.386566,-0.196034,-1.123140
1752673062006,0.386626,-0.196089,-1.123166
1752673062029,0.386681,-0.196139,-1.123190
1752673062051,0.386730,-0.196184,-1.123212
1752673062073,0.386774,-0.196225,-1.123231
1752673062094,0.386814,-0.196263,-1.123249
1752673062116,0.386851,-0.196296,-1.123265
1752673062138,0.386884,-0.196327,-1.123279
1752673062161,0.386914,-0.196354,-1.123293
1752673062181,0.386941,-0.196379,-1.123304
1752673062201,0.386965,-0.196401,-1.123315
1752673062220,0.386987,-0.196422,-1.123325
1752673062238,0.387007,-0.196440,-1.123334
1752673062256,0.387025,-0.196457,-1.123342
1752673062274,0.387042,-0.196472,-1.123349
1752673062291,0.387057,-0.196486,-1.123355
1752673062307,0.387070,-0.196498,-1.123361
1752673062324,0.387082,-0.196509,-1.123366
1752673062340,0.387093,-0.196519,-1.123371
1752673062355,0.387103,-0.196528,-1.123376
1752673062369,0.387112,-0.196537,-1.123380
1752673062384,0.387120,-0.196544,-1.123383
1752673062401,0.387127,-0.196551,-1.123386
1752673062416,0.387134,-0.196557,-1.123389
1752673062429,0.387140,-0.196563,-1.123392
1752673062441,0.387146,-0.196568,-1.123394
1752673062459,0.387151,-0.196572,-1.123396
1752673062472,0.387155,-0.196576,-1.123398
1752673062484,0.387159,-0.196580,-1.123400
1752673062496,0.387163,-0.196583,-1.123402
1752673062505,0.387166,-0.196586,-1.123403
1752673062517,0.387169,-0.196589,-1.123405
1752673062527,0.387172,-0.196592,-1.123406
1752673062535,0.387174,-0.196594,-1.123407
1752673062542,0.387176,-0.196596,-1.123408
1752673062551,0.387178,-0.196598,-1.123409
1752673062560,0.387180,-0.196600,-1.123409
1752673062566,0.387182,-0.196601,-1.123410
1752673062573,0.387183,-0.196602,-1.123411
1752673062581,0.387185,-0.196604,-1.123411
1752673062593,0.387186,-0.196605,-1.123412
1752673062597,0.387187,-0.196606,-1.123412
1752673062601,0.387188,-0.196607,-1.123413
1752673062604,0.387189,-0.196608,-1.123413
1752673062617,0.387190,-0.196608,-1.123414
1752673062623,0.387190,-0.196609,-1.123414
1752673062624,0.387191,-0.196610,-1.123414
1752673065994,0.370146,-0.189839,-1.092551
1752673066027,0.354722,-0.183712,-1.064624
1752673066060,0.340766,-0.178168,-1.039353
1752673066093,0.328137,-0.173151,-1.016487
1752673066126,0.316709,-0.168612,-0.995795
1752673066157,0.306368,-0.164504,-0.977072
1752673066188,0.297011,-0.160788,-0.960130
1752673066219,0.288545,-0.157424,-0.944799
1752673066249,0.280883,-0.154381,-0.930927
1752673066278,0.273950,-0.151627,-0.918374
1752673066307,0.267677,-0.149135,-0.907016
1752673066336,0.262001,-0.146880,-0.896738
1752673066365,0.256864,-0.144840,-0.887437
1752673066393,0.252216,-0.142994,-0.879022
1752673066421,0.248011,-0.141323,-0.871407
1752673066447,0.244205,-0.139811,-0.864516
1752673066473,0.240761,-0.138443,-0.858281
1752673066499,0.237645,-0.137206,-0.852638
1752673066525,0.234826,-0.136086,-0.847533
1752673066550,0.232274,-0.135072,-0.842913
1752673066574,0.229965,-0.134155,-0.838733
1752673066599,0.227876,-0.133325,-0.834950
1752673066622,0.225986,-0.132574,-0.831527
1752673066644,0.224275,-0.131895,-0.828430
1752673066667,0.222727,-0.131280,-0.825628
1752673066689,0.221327,-0.130723,-0.823092
1752673066711,0.220059,-0.130220,-0.820797
1752673066733,0.218913,-0.129764,-0.818720
1752673066755,0.217875,-0.129352,-0.816841
1752673066776,0.216936,-0.128979,-0.815141
1752673066797,0.216086,-0.128642,-0.813603
1752673066818,0.215317,-0.128336,-0.812210
1752673066839,0.214622,-0.128060,-0.810951
1752673066865,0.213992,-0.127810,-0.809811
1752673066884,0.213422,-0.127584,-0.808779
1752673066902,0.212907,-0.127379,-0.807846
1752673066922,0.212440,-0.127194,-0.807001
1752673066940,0.212018,-0.127026,-0.806237
1752673066960,0.211636,-0.126874,-0.805546
1752673066981,0.211291,-0.126737,-0.804920
1752673066998,0.210978,-0.126613,-0.804354
1752673067015,0.210695,-0.126500,-0.803841
1752673067033,0.210439,-0.126399,-0.803378
1752673067051,0.210207,-0.126307,-0.802958
1752673067068,0.209998,-0.126223,-0.802579
1752673067085,0.209808,-0.126148,-0.802235
1752673067101,0.209636,-0.126080,-0.801924
1752673067118,0.209481,-0.126018,-0.801643
1752673067134,0.209341,-0.125962,-0.801389
1752673067151,0.209213,-0.125912,-0.801158
1752673067167,0.209098,-0.125866,-0.800950
1752673067182,0.208994,-0.125825,-0.800761
1752673067196,0.208900,-0.125787,-0.800591
1752673067211,0.208815,-0.125753,-0.800436
1752673067227,0.208737,-0.125723,-0.800297
1752673067241,0.208668,-0.125695,-0.800170
1752673067255,0.208604,-0.125670,-0.800056
1752673067270,0.208547,-0.125647,-0.799952
1752673067284,0.208496,-0.125627,-0.799859
1752673067297,0.208449,-0.125608,-0.799774
1752673067311,0.208406,-0.125591,-0.799697
1752673067324,0.208368,-0.125576,-0.799628
1752673067337,0.208333,-0.125562,-0.799565
1752673067356,0.208302,-0.125550,-0.799508
1752673067369,0.208274,-0.125538,-0.799457
1752673067382,0.208248,-0.125528,-0.799410
1752673067393,0.208225,-0.125519,-0.799368
1752673067405,0.208204,-0.125511,-0.799330
1752673067417,0.208185,-0.125503,-0.799295
1752673067429,0.208167,-0.125496,-0.799264
1752673067440,0.208152,-0.125490,-0.799236
1752673067451,0.208138,-0.125484,-0.799211
1752673067464,0.208125,-0.125479,-0.799187
1752673067476,0.208113,-0.125475,-0.799167
1752673067486,0.208103,-0.125471,-0.799148
1752673067497,0.208093,-0.125467,-0.799130
1752673067508,0.208085,-0.125463,-0.799115
1752673067520,0.208077,-0.125460,-0.799101
1752673067531,0.208070,-0.125458,-0.799088
1752673067541,0.208064,-0.125455,-0.799077
1752673067550,0.208058,-0.125453,-0.799066
1752673067559,0.208053,-0.125451,-0.799057
1752673067567,0.208048,-0.125449,-0.799048
1752673067577,0.208044,-0.125447,-0.799041
1752673067585,0.208040,-0.125446,-0.799034
1752673067592,0.208037,-0.125444,-0.799028
1752673067599,0.208033,-0.125443,-0.799022
1752673067605,0.208031,-0.125442,-0.799017
1752673067611,0.208028,-0.125441,-0.799012
1752673067619,0.208026,-0.125440,-0.799008
1752673067628,0.208024,-0.125439,-0.799004
1752673067634,0.208022,-0.125438,-0.799001
1752673067638,0.208020,-0.125438,-0.798997
1752673067643,0.208018,-0.125437,-0.798995
1752673067661,0.208017,-0.125436,-0.798992
1752673067665,0.208016,-0.125436,-0.798990
1752673067669,0.208015,-0.125435,-0.798988
1752673067671,0.208013,-0.125435,-0.798986
1752673067694,0.208013,-0.125435,-0.798984
1752673067717,0.209391,-0.124228,-0.796388
1752673067739,0.210638,-0.123136,-0.794039
1752673067765,0.211766,-0.122148,-0.791914
1752673067786,0.212787,-0.121254,-0.789990
1752673067809,0.213711,-0.120444,-0.788250
1752673067827,0.214547,-0.119712,-0.786675
1752673067843,0.215304,-0.119050,-0.785250
1752673067859,0.215989,-0.118450,-0.783961
1752673067876,0.216608,-0.117908,-0.782794
1752673067891,0.217169,-0.117417,-0.781738
1752673067911,0.217676,-0.116973,-0.780783
1752673067926,0.218135,-0.116571,-0.779919
1752673067939,0.218550,-0.116207,-0.779136
1752673067956,0.218926,-0.115878,-0.778429
1752673067969,0.219266,-0.115581,-0.777788
1752673067982,0.219574,-0.115311,-0.777208
1752673067994,0.219852,-0.115067,-0.776684
1752673068005,0.220104,-0.114847,-0.776209
1752673068017,0.220332,-0.114647,-0.775780
1752673068026,0.220538,-0.114466,-0.775391
1752673068036,0.220725,-0.114303,-0.775040
1752673068046,0.220894,-0.114155,-0.774722
1752673068055,0.221047,-0.114021,-0.774434
1752673068067,0.221185,-0.113900,-0.774173
1752673068074,0.221310,-0.113790,-0.773938
1752673068084,0.221423,-0.113691,-0.773724
1752673068093,0.221526,-0.113602,-0.773531
1752673068099,0.221619,-0.113520,-0.773357
1752673068105,0.221703,-0.113447,-0.773199
1752673068111,0.221778,-0.113380,-0.773056
1752673068117,0.221847,-0.113320,-0.772926
1752673068132,0.221909,-0.113266,-0.772809
1752673068136,0.221966,-0.113217,-0.772703
1752673068141,0.222016,-0.113172,-0.772607
1752673068144,0.222063,-0.113132,-0.772520
1752673068161,0.222104,-0.113095,-0.772442
1752673068163,0.222142,-0.113062,-0.772371
1752673068220,0.221266,-0.112986,-0.772557
1752673068270,0.220473,-0.112917,-0.772725
1752673068319,0.219755,-0.112855,-0.772877
1752673068366,0.219106,-0.112799,-0.773014
1752673068411,0.218518,-0.112748,-0.773139
1752673068454,0.217987,-0.112702,-0.773251
1752673068495,0.217505,-0.112660,-0.773353
1752673068538,0.217070,-0.112622,-0.773445
1752673068604,0.216676,-0.112588,-0.773529
1752673068645,0.216320,-0.112557,-0.773604
1752673068685,0.215997,-0.112529,-0.773673
1752673068723,0.215705,-0.112504,-0.773735
1752673068762,0.215441,-0.112481,-0.773790
1752673068800,0.215202,-0.112460,-0.773841
1752673068840,0.214986,-0.112442,-0.773887
1752673068877,0.214790,-0.112425,-0.773928
1752673068915,0.214613,-0.112409,-0.773966
1752673068952,0.214453,-0.112396,-0.774000
1752673068987,0.214308,-0.112383,-0.774031
1752673069023,0.214177,-0.112372,-0.774058
1752673069058,0.214058,-0.112361,-0.774083
1752673069093,0.213951,-0.112352,-0.774106
1752673069127,0.213854,-0.112344,-0.774127
1752673069128,0.213863,-0.112118,-0.773560
1752673069162,0.213774,-0.112131,-0.773633
1752673069196,0.213693,-0.112144,-0.773698
1752673069230,0.213621,-0.112155,-0.773758
1752673069263,0.213555,-0.112166,-0.773811
1752673069296,0.213495,-0.112175,-0.773860
1752673069328,0.213442,-0.112183,-0.773904
1752673069358,0.213393,-0.112191,-0.773944
1752673069390,0.213349,-0.112198,-0.773980
1752673069421,0.213309,-0.112204,-0.774013
1752673069451,0.213273,-0.112210,-0.774042
1752673069480,0.213240,-0.112215,-0.774069
1752673069507,0.213210,-0.112219,-0.774093
1752673069536,0.213184,-0.112224,-0.774115
1752673069563,0.213160,-0.112227,-0.774135
1752673069591,0.213138,-0.112231,-0.774152
1752673069617,0.213118,-0.112234,-0.774169
1752673069643,0.213100,-0.112237,-0.774183
1752673069669,0.213084,-0.112239,-0.774197
1752673069694,0.213069,-0.112242,-0.774209
1752673069719,0.213056,-0.112244,-0.774219
1752673069744,0.213044,-0.112246,-0.774229
1752673069768,0.213033,-0.112247,-0.774238
1752673069793,0.213023,-0.112249,-0.774246
1752673069817,0.213014,-0.112250,-0.774253
1752673069839,0.213006,-0.112251,-0.774260
1752673069860,0.212999,-0.112253,-0.774266
1752673069882,0.212992,-0.112254,-0.774271
1752673069903,0.212986,-0.112254,-0.774276
1752673069923,0.212981,-0.112255,-0.774281
1752673069944,0.212976,-0.112256,-0.774285
1752673069962,0.212971,-0.112257,-0.774288
1752673069981,0.212967,-0.112257,-0.774292
1752673069999,0.212964,-0.112258,-0.774295
1752673070025,0.212960,-0.112259,-0.774297
1752673070026,0.212798,-0.111893,-0.773524
1752673070027,0.212651,-0.111562,-0.772824
1752673070042,0.212678,-0.111629,-0.772967
1752673070058,0.212701,-0.111689,-0.773096
1752673070072,0.212723,-0.111744,-0.773212
1752673070087,0.212743,-0.111793,-0.773318
1752673070101,0.212760,-0.111838,-0.773414
1752673070114,0.212776,-0.111879,-0.773500
1752673070127,0.212791,-0.111915,-0.773578
1752673070140,0.212804,-0.111948,-0.773649
1752673070153,0.212816,-0.111978,-0.773713
1752673070164,0.212827,-0.112005,-0.773771
1752673070175,0.212837,-0.112030,-0.773824
1752673070188,0.212845,-0.112052,-0.773871
1752673070198,0.212853,-0.112072,-0.773914
1752673070208,0.212861,-0.112090,-0.773953
1752673070219,0.212867,-0.112107,-0.773988
1752673070227,0.212873,-0.112122,-0.774020
1752673070238,0.212878,-0.112135,-0.774049
1752673070246,0.212883,-0.112147,-0.774075
1752673070255,0.212888,-0.112158,-0.774098
1752673070261,0.212892,-0.112168,-0.774120
1752673070266,0.212895,-0.112177,-0.774139
1752673070271,0.212898,-0.112186,-0.774157
1752673070276,0.212901,-0.112193,-0.774172
1752673070293,0.212904,-0.112200,-0.774187
1752673070297,0.212906,-0.112206,-0.774200
1752673070300,0.212909,-0.112211,-0.774211
1752673070304,0.212910,-0.112216,-0.774222
1752673070323,0.212912,-0.112221,-0.774231
1752673070334,0.212896,-0.112141,-0.774080
1752673070344,0.212882,-0.112069,-0.773943
1752673070354,0.212869,-0.112003,-0.773818
1752673070363,0.212857,-0.111944,-0.773706
1752673070371,0.212846,-0.111891,-0.773604
1752673070379,0.212837,-0.111842,-0.773512
1752673070388,0.212828,-0.111798,-0.773429
1752673070394,0.212820,-0.111759,-0.773354
1752673070400,0.212813,-0.111723,-0.773285
1752673070405,0.212806,-0.111690,-0.773224
1752673070411,0.212800,-0.111661,-0.773168
1752673070426,0.212795,-0.111634,-0.773117
1752673070430,0.212790,-0.111610,-0.773072
1752673070433,0.212786,-0.111588,-0.773030
1752673070436,0.212782,-0.111569,-0.772993
1752673070457,0.212778,-0.111551,-0.772959
1752673070459,0.212775,-0.111535,-0.772928
1752673070460,0.212772,-0.111520,-0.772901
1752673070463,0.212770,-0.111507,-0.772875
1752673070493,0.212767,-0.111495,-0.772853
1752673076550,0.212124,-0.111238,-0.772497
1752673076588,0.211542,-0.111006,-0.772174
1752673076625,0.211015,-0.110796,-0.771882
1752673076664,0.210538,-0.110606,-0.771619
1752673076702,0.210107,-0.110434,-0.771380
1752673076739,0.209716,-0.110278,-0.771164
1752673076775,0.209363,-0.110137,-0.770968
1752673076812,0.209044,-0.110010,-0.770791
1752673076848,0.208754,-0.109894,-0.770631
1752673076883,0.208493,-0.109790,-0.770486
1752673076919,0.208256,-0.109695,-0.770355
1752673076953,0.208042,-0.109610,-0.770236
1752673076988,0.207848,-0.109533,-0.770129
1752673077022,0.207672,-0.109463,-0.770032
1752673077056,0.207514,-0.109399,-0.769944
1752673077089,0.207370,-0.109342,-0.769864
1752673077126,0.207240,-0.109290,-0.769792
1752673077159,0.207122,-0.109243,-0.769727
1752673077192,0.207016,-0.109201,-0.769668
1752673077224,0.206920,-0.109162,-0.769615
1752673077256,0.206832,-0.109128,-0.769567
1752673077287,0.206754,-0.109096,-0.769523
1752673077318,0.206682,-0.109068,-0.769484
1752673077348,0.206618,-0.109042,-0.769448
1752673077378,0.206559,-0.109019,-0.769415
1752673077408,0.206506,-0.108997,-0.769386
1752673077438,0.206459,-0.108978,-0.769360
1752673077467,0.206415,-0.108961,-0.769336
1752673077497,0.206376,-0.108945,-0.769314
1752673077526,0.206341,-0.108931,-0.769294
1752673077555,0.206309,-0.108919,-0.769277
1752673077583,0.206280,-0.108907,-0.769261
1752673077611,0.206253,-0.108896,-0.769246
1752673077639,0.206230,-0.108887,-0.769233
1752673077666,0.206208,-0.108878,-0.769221
1752673077692,0.206189,-0.108871,-0.769210
1752673077717,0.206171,-0.108864,-0.769200
1752673077744,0.206155,-0.108857,-0.769192
1752673077769,0.206141,-0.108852,-0.769184
1752673077793,0.206128,-0.108846,-0.769176
1752673077818,0.206116,-0.108842,-0.769170
1752673077842,0.206105,-0.108837,-0.769164
1752673077866,0.206095,-0.108833,-0.769159
1752673077891,0.206087,-0.108830,-0.769154
1752673077915,0.206079,-0.108827,-0.769149
1752673077937,0.206072,-0.108824,-0.769145
1752673077960,0.206065,-0.108821,-0.769142
1752673077983,0.206059,-0.108819,-0.769139
1752673078004,0.206054,-0.108817,-0.769136
1752673078026,0.206049,-0.108815,-0.769133
1752673078047,0.206045,-0.108813,-0.769131
1752673078068,0.206041,-0.108812,-0.769128
1752673078088,0.206037,-0.108810,-0.769126
1752673078108,0.206034,-0.108809,-0.769125
1752673078127,0.206031,-0.108808,-0.769123
1752673078147,0.206029,-0.108807,-0.769122
1752673078166,0.206026,-0.108806,-0.769120
1752673078184,0.206024,-0.108805,-0.769119
1752673078202,0.206022,-0.108804,-0.769118
1752673078220,0.206020,-0.108804,-0.769117
1752673078237,0.206019,-0.108803,-0.769116
1752673078255,0.206017,-0.108802,-0.769115
1752673078271,0.206016,-0.108802,-0.769115
1752673078287,0.206015,-0.108801,-0.769114
1752673078303,0.206014,-0.108801,-0.769113
1752673078318,0.206013,-0.108800,-0.769113
1752673078333,0.206012,-0.108800,-0.769112
1752673078347,0.206011,-0.108800,-0.769112
1752673078363,0.206010,-0.108800,-0.769112
1752673078376,0.206010,-0.108799,-0.769111
1752673078389,0.206009,-0.108799,-0.769111
1752673078401,0.206009,-0.108799,-0.769111
1752673078414,0.206008,-0.108799,-0.769110
1752673078425,0.206008,-0.108798,-0.769110
1752673078436,0.206007,-0.108798,-0.769110
1752673078447,0.206007,-0.108798,-0.769110
1752673078458,0.206007,-0.108798,-0.769109
1752673078468,0.206006,-0.108798,-0.769109
1752673078478,0.206006,-0.108798,-0.769109
1752673078487,0.206006,-0.108798,-0.769109
1752673078496,0.206006,-0.108798,-0.769109
1752673078504,0.206005,-0.108798,-0.769109
1752673078512,0.206005,-0.108797,-0.769109
1752673078519,0.206005,-0.108797,-0.769109
1752673078527,0.206005,-0.108797,-0.769108
1752673078535,0.206005,-0.108797,-0.769108
1752673078548,0.206005,-0.108797,-0.769108
1752673078554,0.206005,-0.108797,-0.769108
1752673078560,0.206004,-0.108797,-0.769108
1752673078565,0.206004,-0.108797,-0.769108
1752673078570,0.206004,-0.108797,-0.769108
1752673078578,0.206004,-0.108797,-0.769108
1752673078583,0.206004,-0.108797,-0.769108
1752673078591,0.206004,-0.108797,-0.769108
1752673078595,0.206004,-0.108797,-0.769108
1752673078598,0.206004,-0.108797,-0.769108
1752673078602,0.206004,-0.108797,-0.769108
1752673078624,0.206004,-0.108797,-0.769108
1752673078626,0.206004,-0.108797,-0.769108
1752673079895,0.207195,-0.109338,-0.769845
1752673079937,0.208272,-0.109828,-0.770511
1752673079978,0.209247,-0.110271,-0.771114
1752673080021,0.210129,-0.110672,-0.771660
1752673080063,0.210927,-0.111035,-0.772154
1752673080109,0.211650,-0.111363,-0.772601
1752673080150,0.212303,-0.111660,-0.773005
1752673080190,0.212895,-0.111929,-0.773371
1752673080230,0.213430,-0.112172,-0.773702
1752673080268,0.213914,-0.112392,-0.774002
1752673080307,0.214353,-0.112592,-0.774273
1752673080346,0.214749,-0.112772,-0.774518
1752673080384,0.215108,-0.112935,-0.774740
1752673080423,0.215433,-0.113082,-0.774941
1752673080461,0.215726,-0.113216,-0.775123
1752673080500,0.215992,-0.113337,-0.775287
1752673080539,0.216233,-0.113446,-0.775436
1752673080580,0.216450,-0.113545,-0.775571
1752673080617,0.216647,-0.113635,-0.775693
1752673080653,0.216826,-0.113716,-0.775803
1752673080688,0.216987,-0.113789,-0.775903
1752673080723,0.217133,-0.113855,-0.775993
1752673080758,0.217265,-0.113915,-0.776075
1752673080792,0.217384,-0.113970,-0.776149
1752673080826,0.217493,-0.114019,-0.776215
1752673080859,0.217590,-0.114063,-0.776276
1752673080891,0.217679,-0.114103,-0.776331
1752673080922,0.217759,-0.114140,-0.776380
1752673080954,0.217832,-0.114173,-0.776425
1752673080984,0.217897,-0.114203,-0.776466
1752673081015,0.217956,-0.114230,-0.776502
1752673081045,0.218010,-0.114254,-0.776536
1752673081076,0.218059,-0.114276,-0.776566
1752673081105,0.218103,-0.114296,-0.776593
1752673081133,0.218143,-0.114314,-0.776618
1752673081161,0.218179,-0.114330,-0.776640
1752673081188,0.218211,-0.114345,-0.776660
1752673081216,0.218241,-0.114359,-0.776678
1752673081243,0.218267,-0.114371,-0.776695
1752673081270,0.218291,-0.114382,-0.776710
1752673081295,0.218313,-0.114392,-0.776723
1752673081320,0.218333,-0.114401,-0.776736
1752673081345,0.218351,-0.114409,-0.776747
1752673081368,0.218367,-0.114416,-0.776757
1752673081395,0.218382,-0.114423,-0.776766
1752673081418,0.218395,-0.114429,-0.776774
1752673081444,0.218407,-0.114434,-0.776781
1752673081465,0.218418,-0.114439,-0.776788
1752673081487,0.218428,-0.114444,-0.776794
1752673081508,0.218437,-0.114448,-0.776800
1752673081531,0.218445,-0.114451,-0.776805
1752673081554,0.218452,-0.114455,-0.776809
1752673081574,0.218458,-0.114458,-0.776813
1752673081592,0.218464,-0.114460,-0.776817
1752673081611,0.218470,-0.114463,-0.776820
1752673081628,0.218475,-0.114465,-0.776823
1752673081648,0.218479,-0.114467,-0.776826
1752673081665,0.218483,-0.114469,-0.776828
1752673081682,0.218487,-0.114471,-0.776831
1752673081697,0.218490,-0.114472,-0.776833
1752673081713,0.218493,-0.114473,-0.776834
1752673081727,0.218496,-0.114475,-0.776836
1752673081742,0.218498,-0.114476,-0.776838
1752673081756,0.218500,-0.114477,-0.776839
1752673081769,0.218502,-0.114478,-0.776840
1752673081783,0.218504,-0.114478,-0.776841
1752673081795,0.218506,-0.114479,-0.776842
1752673081810,0.218507,-0.114480,-0.776843
1752673081822,0.218508,-0.114480,-0.776844
1752673081833,0.218510,-0.114481,-0.776845
1752673081843,0.218511,-0.114481,-0.776845
1752673081853,0.218512,-0.114482,-0.776846
1752673081862,0.218513,-0.114482,-0.776847
1752673081870,0.218513,-0.114483,-0.776847
1752673081878,0.218514,-0.114483,-0.776848
1752673081885,0.218515,-0.114483,-0.776848
1752673081892,0.218515,-0.114484,-0.776848
1752673081899,0.218516,-0.114484,-0.776849
1752673081908,0.218516,-0.114484,-0.776849
1752673081914,0.218517,-0.114484,-0.776849
1752673081925,0.218517,-0.114484,-0.776850
1752673081932,0.218518,-0.114485,-0.776850
1752673081938,0.218518,-0.114485,-0.776850
1752673081944,0.218518,-0.114485,-0.776850
1752673081959,0.218519,-0.114485,-0.776850
1752673081964,0.218519,-0.114485,-0.776850
1752673081969,0.218519,-0.114485,-0.776851
1752673081975,0.218519,-0.114485,-0.776851
1752673081990,0.218519,-0.114485,-0.776851
1752673081993,0.218520,-0.114485,-0.776851
1752673081995,0.218520,-0.114486,-0.776851
1752673081999,0.218520,-0.114486,-0.776851
1752673082023,0.218520,-0.114486,-0.776851
1752673082026,0.218520,-0.114486,-0.776851
1752673082028,0.218520,-0.114486,-0.776851
1752673082030,0.218520,-0.114486,-0.776851
1752673082051,0.218520,-0.114486,-0.776851
1752673082055,0.218520,-0.114486,-0.776851
1752673082055,0.218520,-0.114486,-0.776851
1752673112807,0.248402,-0.132875,-0.894183
1752673112846,0.275441,-0.149515,-1.000354
1752673112885,0.299907,-0.164572,-1.096426
1752673112923,0.322047,-0.178196,-1.183358
1752673112961,0.342080,-0.190525,-1.262021
1752673112997,0.360208,-0.201681,-1.333201
1752673113034,0.376611,-0.211775,-1.397611
1752673113069,0.391454,-0.220909,-1.455893
1752673113104,0.404885,-0.229175,-1.508631
1752673113138,0.417038,-0.236654,-1.556352
1752673113173,0.428036,-0.243422,-1.599535
1752673113207,0.437987,-0.249546,-1.638609
1752673113240,0.446991,-0.255087,-1.673966
1752673113273,0.455139,-0.260102,-1.705960
1752673113306,0.462512,-0.264639,-1.734911
1752673113338,0.469184,-0.268745,-1.761107
1752673113368,0.475221,-0.272460,-1.784812
1752673113399,0.480683,-0.275822,-1.806262
1752673113431,0.485626,-0.278863,-1.825671
1752673113461,0.490099,-0.281616,-1.843234
1752673113492,0.494147,-0.284107,-1.859127
1752673113522,0.497809,-0.286361,-1.873507
1752673113552,0.501123,-0.288400,-1.886520
1752673113580,0.504122,-0.290246,-1.898295
1752673113609,0.506835,-0.291915,-1.908949
1752673113638,0.509291,-0.293426,-1.918591
1752673113665,0.511512,-0.294794,-1.927315
1752673113692,0.513523,-0.296031,-1.935209
1752673113718,0.515342,-0.297151,-1.942352
1752673113745,0.516988,-0.298164,-1.948816
1752673113770,0.518478,-0.299080,-1.954665
1752673113798,0.519826,-0.299910,-1.959957
1752673113823,0.521045,-0.300660,-1.964747
1752673113847,0.522149,-0.301339,-1.969080
1752673113871,0.523148,-0.301954,-1.973001
1752673113895,0.524051,-0.302510,-1.976550
1752673113918,0.524869,-0.303013,-1.979760
1752673113941,0.525609,-0.303469,-1.982666
1752673113964,0.526278,-0.303881,-1.985295
1752673113986,0.526884,-0.304254,-1.987674
1752673114008,0.527432,-0.304591,-1.989826
1752673114028,0.527928,-0.304896,-1.991774
1752673114049,0.528377,-0.305172,-1.993537
1752673114070,0.528783,-0.305422,-1.995131
1752673114094,0.529151,-0.305649,-1.996575
1752673114117,0.529484,-0.305853,-1.997881
1752673114139,0.529785,-0.306038,-1.999062
1752673114158,0.530057,-0.306206,-2.000131
1752673114178,0.530303,-0.306358,-2.001099
1752673114197,0.530526,-0.306495,-2.001974
1752673114217,0.530728,-0.306619,-2.002767
1752673114237,0.530911,-0.306731,-2.003484
1752673114255,0.531076,-0.306833,-2.004132
1752673114273,0.531225,-0.306925,-2.004719
1752673114292,0.531360,-0.307008,-2.005250
1752673114310,0.531483,-0.307084,-2.005731
1752673114328,0.531594,-0.307152,-2.006166
1752673114345,0.531694,-0.307213,-2.006560
1752673114362,0.531784,-0.307269,-2.006916
1752673114379,0.531867,-0.307320,-2.007238
1752673114395,0.531941,-0.307365,-2.007529
1752673114412,0.532008,-0.307407,-2.007793
1752673114427,0.532069,-0.307444,-2.008032
1752673114442,0.532124,-0.307478,-2.008248
1752673114457,0.532174,-0.307509,-2.008443
1752673114472,0.532219,-0.307536,-2.008620
1752673114485,0.532259,-0.307561,-2.008780
1752673114500,0.532296,-0.307584,-2.008925
1752673114513,0.532330,-0.307605,-2.009056
1752673114525,0.532360,-0.307623,-2.009175
1752673114541,0.532387,-0.307640,-2.009282
1752673114555,0.532412,-0.307655,-2.009379
1752673114569,0.532434,-0.307669,-2.009467
1752673114580,0.532455,-0.307682,-2.009547
1752673114592,0.532473,-0.307693,-2.009619
1752673114603,0.532489,-0.307703,-2.009684
1752673114614,0.532504,-0.307712,-2.009742
1752673114627,0.532518,-0.307721,-2.009796
1752673114640,0.532530,-0.307728,-2.009844
1752673114654,0.532541,-0.307735,-2.009888
1752673114665,0.532551,-0.307741,-2.009927
1752673114675,0.532561,-0.307747,-2.009963
1752673114683,0.532569,-0.307752,-2.009995
1752673114691,0.532576,-0.307757,-2.010025
1752673114698,0.532583,-0.307761,-2.010051
1752673114704,0.532589,-0.307764,-2.010075
1752673114711,0.532595,-0.307768,-2.010097
1752673114716,0.532600,-0.307771,-2.010116
1752673114721,0.532604,-0.307774,-2.010134
1752673114724,0.532608,-0.307776,-2.010150
1752673114729,0.532612,-0.307778,-2.010164
1752673114739,0.532615,-0.307780,-2.010178
1752673114744,0.532618,-0.307782,-2.010190
1752673114747,0.532621,-0.307784,-2.010200
1752673114748,0.532624,-0.307786,-2.010210
1752673114756,0.532626,-0.307787,-2.010219
1752673114758,0.532628,-0.307788,-2.010227
1752673114771,0.532630,-0.307789,-2.010234
1752673114793,0.525188,-0.299590,-1.991810
1752673114802,0.518454,-0.292170,-1.975139
1752673114811,0.512361,-0.285456,-1.960053
1752673114819,0.506848,-0.279381,-1.946403
1752673114827,0.501859,-0.273884,-1.934051
1752673114834,0.497344,-0.268910,-1.922874
1752673114843,0.493259,-0.264409,-1.912760
1752673114849,0.489563,-0.260336,-1.903608
1752673114854,0.486218,-0.256650,-1.895327
1752673114858,0.483191,-0.253315,-1.887834
1752673114864,0.480452,-0.250297,-1.881053
1752673114875,0.477974,-0.247567,-1.874918
1752673114886,0.475732,-0.245096,-1.869366
1752673114890,0.473702,-0.242860,-1.864342
1752673114906,0.471866,-0.240837,-1.859796
1752673114920,0.470205,-0.239006,-1.855682
1752673114921,0.468701,-0.237350,-1.851960
1752673120316,0.468139,-0.237580,-1.852859
1752673120356,0.467630,-0.237789,-1.853672
1752673120396,0.467169,-0.237977,-1.854408
1752673120436,0.466752,-0.238148,-1.855074
1752673120475,0.466375,-0.238302,-1.855676
1752673120513,0.466034,-0.238442,-1.856222
1752673120550,0.465725,-0.238569,-1.856715
1752673120590,0.465446,-0.238683,-1.857161
1752673120627,0.465193,-0.238787,-1.857565
1752673120663,0.464964,-0.238881,-1.857931
1752673120699,0.464757,-0.238965,-1.858262
1752673120734,0.464569,-0.239042,-1.858561
1752673120770,0.464400,-0.239112,-1.858832
1752673120807,0.464247,-0.239174,-1.859077
1752673120844,0.464108,-0.239231,-1.859299
1752673120880,0.463982,-0.239283,-1.859499
1752673120917,0.463868,-0.239329,-1.859681
1752673120951,0.463766,-0.239371,-1.859845
1752673120985,0.463672,-0.239410,-1.859994
1752673121019,0.463588,-0.239444,-1.860128
1752673121053,0.463512,-0.239475,-1.860250
1752673121086,0.463443,-0.239503,-1.860360
1752673121121,0.463381,-0.239529,-1.860460
1752673121161,0.463324,-0.239552,-1.860550
1752673121193,0.463273,-0.239573,-1.860632
1752673121225,0.463227,-0.239592,-1.860705
1752673121256,0.463185,-0.239609,-1.860772
1752673121287,0.463147,-0.239625,-1.860833
1752673121319,0.463113,-0.239639,-1.860887
1752673121349,0.463082,-0.239651,-1.860937
1752673121379,0.463054,-0.239663,-1.860982
1752673121410,0.463029,-0.239673,-1.861022
1752673121440,0.463006,-0.239683,-1.861059
1752673121469,0.462985,-0.239691,-1.861092
1752673121498,0.462966,-0.239699,-1.861122
1752673121527,0.462949,-0.239706,-1.861149
1752673121556,0.462934,-0.239712,-1.861174
1752673121584,0.462920,-0.239718,-1.861196
1752673121612,0.462907,-0.239723,-1.861216
1752673121639,0.462896,-0.239728,-1.861235
1752673121666,0.462885,-0.239732,-1.861251
1752673121692,0.462876,-0.239736,-1.861266
1752673121718,0.462868,-0.239739,-1.861279
1752673121744,0.462860,-0.239742,-1.861292
1752673121769,0.462853,-0.239745,-1.861303
1752673121793,0.462847,-0.239748,-1.861313
1752673121817,0.462841,-0.239750,-1.861322
1752673121841,0.462836,-0.239752,-1.861330
1752673121868,0.462831,-0.239754,-1.861337
1752673121891,0.462827,-0.239756,-1.861344
1752673121916,0.462823,-0.239757,-1.861350
1752673121939,0.462820,-0.239759,-1.861356
1752673121960,0.462817,-0.239760,-1.861361
1752673121982,0.462814,-0.239761,-1.861365
1752673122003,0.462811,-0.239762,-1.861369
1752673122027,0.462809,-0.239763,-1.861373
1752673122047,0.462807,-0.239764,-1.861376
1752673122066,0.462805,-0.239765,-1.861379
1752673122085,0.462804,-0.239765,-1.861382
1752673122104,0.462802,-0.239766,-1.861385
1752673122123,0.462801,-0.239767,-1.861387
1752673122141,0.462799,-0.239767,-1.861389
1752673122160,0.462798,-0.239768,-1.861391
1752673122178,0.462797,-0.239768,-1.861392
1752673122196,0.462796,-0.239768,-1.861394
1752673122214,0.462795,-0.239769,-1.861395
1752673122232,0.462795,-0.239769,-1.861396
1752673122249,0.462794,-0.239769,-1.861397
1752673122266,0.462793,-0.239770,-1.861398
1752673122282,0.462793,-0.239770,-1.861399
1752673122299,0.462792,-0.239770,-1.861400
1752673122314,0.462792,-0.239770,-1.861401
1752673122328,0.462791,-0.239770,-1.861401
1752673122342,0.462791,-0.239771,-1.861402
1752673122354,0.462791,-0.239771,-1.861403
1752673122366,0.462790,-0.239771,-1.861403
1752673122377,0.462790,-0.239771,-1.861404
1752673122391,0.462790,-0.239771,-1.861404
1752673122402,0.462789,-0.239771,-1.861404
1752673122414,0.462789,-0.239771,-1.861405
1752673122424,0.462789,-0.239771,-1.861405
1752673122433,0.462789,-0.239771,-1.861405
1752673122441,0.462789,-0.239772,-1.861405
1752673122450,0.462789,-0.239772,-1.861406
1752673122458,0.462788,-0.239772,-1.861406
1752673122466,0.462788,-0.239772,-1.861406
1752673122476,0.462788,-0.239772,-1.861406
1752673122483,0.462788,-0.239772,-1.861406
1752673122489,0.462788,-0.239772,-1.861407
1752673122496,0.462788,-0.239772,-1.861407
1752673122506,0.462788,-0.239772,-1.861407
1752673122512,0.462788,-0.239772,-1.861407
1752673122519,0.462788,-0.239772,-1.861407
1752673122522,0.462788,-0.239772,-1.861407
1752673122529,0.462788,-0.239772,-1.861407
1752673122540,0.462788,-0.239772,-1.861407
1752673122550,0.462788,-0.239772,-1.861407
1752673122552,0.462788,-0.239772,-1.861407
1752673122554,0.462788,-0.239772,-1.861407
1752673139829,0.478420,-0.251606,-1.995496
1752673139865,0.492565,-0.262313,-2.116829
1752673139902,0.505365,-0.272003,-2.226620
1752673139938,0.516947,-0.280770,-2.325967
1752673139974,0.527428,-0.288704,-2.415864
1752673140011,0.536911,-0.295883,-2.497210
1752673140047,0.545493,-0.302379,-2.570817
1752673140082,0.553258,-0.308257,-2.637423
1752673140117,0.560284,-0.313576,-2.697693
1752673140152,0.566642,-0.318389,-2.752229
1752673140188,0.572395,-0.322744,-2.801578
1752673140221,0.577601,-0.326685,-2.846233
1752673140254,0.582312,-0.330251,-2.886640
1752673140287,0.586575,-0.333477,-2.923203
1752673140319,0.590432,-0.336397,-2.956288
1752673140351,0.593922,-0.339039,-2.986226
1752673140387,0.597080,-0.341430,-3.013316
1752673140419,0.599938,-0.343593,-3.037829
1752673140452,0.602524,-0.345551,-3.060010
1752673140485,0.604864,-0.347322,-3.080081
1752673140516,0.606981,-0.348925,-3.098243
1752673140547,0.608897,-0.350375,-3.114678
1752673140577,0.610631,-0.351688,-3.129549
1752673140607,0.612200,-0.352875,-3.143005
1752673140637,0.613620,-0.353950,-3.155181
1752673140665,0.614904,-0.354922,-3.166199
1752673140693,0.616066,-0.355802,-3.176169
1752673140721,0.617118,-0.356598,-3.185191
1752673140749,0.618070,-0.357319,-3.193354
1752673140776,0.618931,-0.357971,-3.200741
1752673140804,0.619710,-0.358561,-3.207426
1752673140830,0.620415,-0.359094,-3.213474
1752673140856,0.621054,-0.359577,-3.218947
1752673140882,0.621631,-0.360014,-3.223899
1752673140908,0.622153,-0.360410,-3.228381
1752673140935,0.622626,-0.360768,-3.232436
1752673140960,0.623054,-0.361092,-3.236105
1752673140985,0.623441,-0.361385,-3.239425
1752673141010,0.623791,-0.361650,-3.242429
1752673141036,0.624108,-0.361890,-3.245148
1752673141060,0.624395,-0.362107,-3.247608
1752673141084,0.624654,-0.362303,-3.249834
1752673141110,0.624889,-0.362481,-3.251848
1752673141134,0.625102,-0.362642,-3.253671
1752673141157,0.625294,-0.362787,-3.255320
1752673141180,0.625468,-0.362919,-3.256813
1752673141204,0.625625,-0.363038,-3.258163
1752673141226,0.625768,-0.363146,-3.259385
1752673141247,0.625897,-0.363244,-3.260491
1752673141268,0.626013,-0.363332,-3.261492
1752673141289,0.626119,-0.363412,-3.262397
1752673141308,0.626214,-0.363484,-3.263216
1752673141330,0.626301,-0.363550,-3.263957
1752673141350,0.626379,-0.363609,-3.264628
1752673141369,0.626450,-0.363662,-3.265235
1752673141387,0.626514,-0.363711,-3.265785
1752673141405,0.626572,-0.363755,-3.266281
1752673141424,0.626624,-0.363794,-3.266731
1752673141442,0.626672,-0.363830,-3.267138
1752673141459,0.626715,-0.363863,-3.267506
1752673141476,0.626753,-0.363892,-3.267839
1752673141493,0.626789,-0.363919,-3.268141
1752673141509,0.626820,-0.363943,-3.268414
1752673141525,0.626849,-0.363965,-3.268661
1752673141541,0.626875,-0.363984,-3.268884
1752673141557,0.626899,-0.364002,-3.269086
1752673141573,0.626920,-0.364018,-3.269269
1752673141587,0.626939,-0.364033,-3.269434
1752673141602,0.626957,-0.364046,-3.269584
1752673141616,0.626973,-0.364058,-3.269720
1752673141631,0.626987,-0.364069,-3.269842
1752673141645,0.627000,-0.364079,-3.269953
1752673141659,0.627012,-0.364088,-3.270054
1752673141672,0.627022,-0.364096,-3.270144
1752673141684,0.627032,-0.364103,-3.270227
1752673141696,0.627041,-0.364109,-3.270301
1752673141709,0.627048,-0.364115,-3.270368
1752673141721,0.627055,-0.364121,-3.270429
1752673141732,0.627062,-0.364126,-3.270484
1752673141742,0.627068,-0.364130,-3.270534
1752673141751,0.627073,-0.364134,-3.270579
1752673141760,0.627078,-0.364138,-3.270620
1752673141769,0.627082,-0.364141,-3.270657
1752673141777,0.627086,-0.364144,-3.270690
1752673141787,0.627089,-0.364146,-3.270721
1752673141794,0.627093,-0.364149,-3.270748
1752673141801,0.627096,-0.364151,-3.270773
1752673141807,0.627098,-0.364153,-3.270795
1752673141813,0.627101,-0.364155,-3.270816
1752673141819,0.627103,-0.364156,-3.270834
1752673141829,0.627105,-0.364158,-3.270851
1752673141836,0.627106,-0.364159,-3.270866
1752673141841,0.627108,-0.364160,-3.270879
1752673141860,0.627109,-0.364162,-3.270892
1752673141863,0.627111,-0.364163,-3.270903
1752673141866,0.627112,-0.364163,-3.270913
1752673141869,0.627113,-0.364164,-3.270922
1752673141879,0.627114,-0.364165,-3.270930
1752673141883,0.637138,-0.371460,-3.322437
1752673141887,0.646209,-0.378060,-3.369044
1752673141898,0.654416,-0.384033,-3.411218
1752673141914,0.661843,-0.389438,-3.449380
1752673141916,0.668564,-0.394329,-3.483912
1752673141917,0.677526,-0.401966,-3.540953
1752673141935,0.685636,-0.408878,-3.592568
1752673141951,0.692974,-0.415131,-3.639273
1752673141990,0.715047,-0.433174,-3.744517
1752673142030,0.735022,-0.449499,-3.839750
1752673142067,0.753096,-0.464272,-3.925923
1752673142102,0.769450,-0.477640,-4.003899
1752673142138,0.784249,-0.489736,-4.074458
1752673142172,0.797641,-0.500681,-4.138305
1752673142206,0.809758,-0.510585,-4.196078
1752673142238,0.820723,-0.519547,-4.248356
1752673142270,0.830644,-0.527657,-4.295660
1752673142302,0.839622,-0.534995,-4.338466
1752673142333,0.847746,-0.541635,-4.377199
1752673142363,0.855097,-0.547644,-4.412247
1752673142393,0.861749,-0.553080,-4.443962
1752673142425,0.867768,-0.558000,-4.472660
1752673142456,0.873215,-0.562452,-4.498628
1752673142484,0.878143,-0.566480,-4.522125
1752673142513,0.882603,-0.570125,-4.543388
1752673142540,0.886638,-0.573424,-4.562628
1752673142567,0.890290,-0.576408,-4.580038
1752673142594,0.893594,-0.579109,-4.595791
1752673142620,0.896584,-0.581553,-4.610046
1752673142646,0.899289,-0.583764,-4.622945
1752673142672,0.901737,-0.585765,-4.634617
1752673142696,0.903952,-0.587575,-4.645179
1752673142721,0.905957,-0.589214,-4.654737
1752673142745,0.907771,-0.590696,-4.663384
1752673142768,0.909412,-0.592038,-4.671210
1752673142791,0.910897,-0.593252,-4.678291
1752673142813,0.912241,-0.594350,-4.684698
1752673142837,0.913457,-0.595344,-4.690496
1752673142860,0.914558,-0.596243,-4.695742
1752673142884,0.915553,-0.597057,-4.700490
1752673142906,0.916454,-0.597794,-4.704785
1752673142931,0.917269,-0.598460,-4.708673
1752673142952,0.918007,-0.599063,-4.712190
1752673142974,0.918675,-0.599609,-4.715373
1752673142993,0.919279,-0.600102,-4.718253
1752673143014,0.919825,-0.600549,-4.720859
1752673143034,0.920320,-0.600953,-4.723217
1752673143052,0.920767,-0.601319,-4.725350
1752673143069,0.921172,-0.601650,-4.727281
1752673143087,0.921539,-0.601950,-4.729028
1752673143103,0.921870,-0.602221,-4.730609
1752673143119,0.922170,-0.602466,-4.732039
1752673143134,0.922442,-0.602688,-4.733334
1752673143152,0.922688,-0.602889,-4.734505
1752673143169,0.922910,-0.603070,-4.735565
1752673143182,0.923111,-0.603235,-4.736524
1752673143195,0.923293,-0.603384,-4.737392
1752673143208,0.923458,-0.603518,-4.738177
1752673143220,0.923607,-0.603640,-4.738888
1752673143231,0.923742,-0.603750,-4.739531
1752673143242,0.923864,-0.603850,-4.740112
1752673143252,0.923974,-0.603940,-4.740639
1752673143262,0.924074,-0.604022,-4.741115
1752673143277,0.924165,-0.604096,-4.741546
1752673143286,0.924246,-0.604163,-4.741936
1752673143294,0.924320,-0.604223,-4.742289
1752673143303,0.924387,-0.604278,-4.742609
1752673143310,0.924448,-0.604327,-4.742898
1752673143317,0.924503,-0.604372,-4.743159
1752673143324,0.924553,-0.604413,-4.743396
1752673143339,0.924597,-0.604450,-4.743610
1752673143344,0.924638,-0.604483,-4.743804
1752673143349,0.924675,-0.604513,-4.743979
1752673143355,0.924708,-0.604540,-4.744138
1752673143367,0.924738,-0.604565,-4.744281
1752673143371,0.924765,-0.604587,-4.744411
1752673143374,0.924790,-0.604607,-4.744529
1752673143377,0.924812,-0.604625,-4.744636
1752673148172,0.880209,-0.562834,-4.426604
1752673148211,0.839848,-0.525017,-4.138825
1752673148251,0.803326,-0.490799,-3.878422
1752673148288,0.770279,-0.459835,-3.642789
1752673148325,0.740375,-0.431816,-3.429570
1752673148361,0.713316,-0.406463,-3.236634
1752673148397,0.688830,-0.383522,-3.062051
1752673148434,0.666674,-0.362762,-2.904076
1752673148469,0.646626,-0.343978,-2.761127
1752673148504,0.628484,-0.326980,-2.631777
1752673148539,0.612069,-0.311600,-2.514731
1752673148573,0.597215,-0.297682,-2.408819
1752673148606,0.583773,-0.285088,-2.312982
1752673148639,0.571611,-0.273693,-2.226261
1752673148671,0.560605,-0.263381,-2.147790
1752673148704,0.550647,-0.254050,-2.076783
1752673148737,0.541635,-0.245607,-2.012531
1752673148769,0.533481,-0.237967,-1.954391
1752673148801,0.526103,-0.231054,-1.901781
1752673148838,0.519426,-0.224798,-1.854176
1752673148869,0.513385,-0.219137,-1.811099
1752673148901,0.507918,-0.214015,-1.772120
1752673148931,0.502971,-0.209380,-1.736849
1752673148961,0.498495,-0.205186,-1.704933
1752673148994,0.494444,-0.201391,-1.676053
1752673149025,0.490779,-0.197957,-1.649920
1752673149055,0.487463,-0.194850,-1.626273
1752673149089,0.484462,-0.192038,-1.604875
1752673149122,0.481746,-0.189494,-1.585513
1752673149152,0.479289,-0.187192,-1.567993
1752673149180,0.477066,-0.185108,-1.552140
1752673149209,0.475054,-0.183223,-1.537794
1752673149237,0.473233,-0.181517,-1.524813
1752673149264,0.471586,-0.179974,-1.513067
1752673149290,0.470095,-0.178577,-1.502438
1752673149316,0.468746,-0.177313,-1.492820
1752673149340,0.467526,-0.176170,-1.484118
1752673149366,0.466421,-0.175135,-1.476243
1752673149390,0.465422,-0.174198,-1.469117
1752673149416,0.464517,-0.173351,-1.462669
1752673149441,0.463699,-0.172584,-1.456834
1752673149465,0.462959,-0.171891,-1.451554
1752673149490,0.462289,-0.171263,-1.446777
1752673149514,0.461682,-0.170695,-1.442454
1752673149537,0.461134,-0.170181,-1.438542
1752673149559,0.460637,-0.169716,-1.435003
1752673149583,0.460188,-0.169295,-1.431800
1752673149606,0.459781,-0.168914,-1.428902
1752673149629,0.459414,-0.168569,-1.426279
1752673149652,0.459081,-0.168257,-1.423906
1752673149673,0.458780,-0.167975,-1.421759
1752673149693,0.458507,-0.167720,-1.419815
1752673149714,0.458261,-0.167489,-1.418057
1752673149733,0.458037,-0.167280,-1.416466
1752673149755,0.457836,-0.167091,-1.415027
1752673149774,0.457653,-0.166919,-1.413724
1752673149793,0.457487,-0.166765,-1.412545
1752673149812,0.457338,-0.166624,-1.411478
1752673149831,0.457203,-0.166498,-1.410513
1752673149849,0.457080,-0.166383,-1.409640
1752673149866,0.456969,-0.166279,-1.408850
1752673149883,0.456869,-0.166185,-1.408135
1752673149900,0.456778,-0.166100,-1.407488
1752673149922,0.456696,-0.166023,-1.406902
1752673149938,0.456622,-0.165953,-1.406372
1752673149955,0.456555,-0.165890,-1.405893
1752673149978,0.456494,-0.165833,-1.405459
1752673149993,0.456439,-0.165782,-1.405066
1752673150007,0.456389,-0.165735,-1.404711
1752673150020,0.456344,-0.165693,-1.404390
1752673150033,0.456303,-0.165655,-1.404099
1752673150046,0.456266,-0.165620,-1.403836
1752673150060,0.456233,-0.165589,-1.403597
1752673150072,0.456202,-0.165560,-1.403382
1752673150084,0.456175,-0.165535,-1.403187
1752673150097,0.456150,-0.165512,-1.403010
1752673150108,0.456128,-0.165491,-1.402851
1752673150119,0.456108,-0.165472,-1.402706
1752673150129,0.456089,-0.165454,-1.402575
1752673150139,0.456073,-0.165439,-1.402457
1752673150149,0.456058,-0.165425,-1.402350
1752673150157,0.456044,-0.165412,-1.402253
1752673150166,0.456032,-0.165401,-1.402166
1752673150174,0.456021,-0.165390,-1.402086
1752673150180,0.456011,-0.165381,-1.402015
1752673150187,0.456001,-0.165372,-1.401950
1752673150195,0.455993,-0.165364,-1.401891
1752673150202,0.455986,-0.165358,-1.401838
1752673150207,0.455979,-0.165351,-1.401790
1752673150212,0.455973,-0.165345,-1.401746
1752673150216,0.455967,-0.165340,-1.401707
1752673150222,0.455962,-0.165336,-1.401671
1752673150236,0.455958,-0.165331,-1.401639
1752673150240,0.455954,-0.165328,-1.401610
1752673150245,0.455950,-0.165324,-1.401583
1752673150251,0.455947,-0.165321,-1.401559
1752673150256,0.455944,-0.165318,-1.401538
1752673150258,0.455941,-0.165315,-1.401518
1752673150265,0.455938,-0.165313,-1.401500
1752673152588,0.443695,-0.162250,-1.367275
1752673152633,0.432617,-0.159479,-1.336304
1752673152675,0.422592,-0.156971,-1.308280
1752673152723,0.413521,-0.154702,-1.282922
1752673152765,0.405313,-0.152648,-1.259975
1752673152806,0.397885,-0.150790,-1.239212
1752673152848,0.391164,-0.149109,-1.220424
1752673152889,0.385083,-0.147587,-1.203423
1752673152928,0.379580,-0.146211,-1.188039
1752673152968,0.374600,-0.144965,-1.174118
1752673153006,0.370094,-0.143838,-1.161522
1752673153045,0.366017,-0.142818,-1.150124
1752673153083,0.362327,-0.141895,-1.139810
1752673153120,0.358989,-0.141060,-1.130477
1752673153157,0.355968,-0.140304,-1.122033
1752673153193,0.353235,-0.139620,-1.114391
1752673153229,0.350761,-0.139001,-1.107476
1752673153264,0.348523,-0.138441,-1.101219
1752673153300,0.346498,-0.137935,-1.095557
1752673153335,0.344665,-0.137476,-1.090434
1752673153369,0.343007,-0.137061,-1.085799
1752673153406,0.341506,-0.136686,-1.081604
1752673153439,0.340148,-0.136346,-1.077808
1752673153473,0.338919,-0.136039,-1.074373
1752673153506,0.337808,-0.135761,-1.071265
1752673153538,0.336802,-0.135509,-1.068453
1752673153570,0.335891,-0.135281,-1.065908
1752673153601,0.335068,-0.135075,-1.063605
1752673153632,0.334322,-0.134889,-1.061521
1752673153662,0.333648,-0.134720,-1.059636
1752673153693,0.333037,-0.134567,-1.057930
1752673153722,0.332485,-0.134429,-1.056386
1752673153750,0.331985,-0.134304,-1.054989
1752673153778,0.331533,-0.134191,-1.053725
1752673153806,0.331124,-0.134089,-1.052581
1752673153833,0.330754,-0.133996,-1.051546
1752673153859,0.330419,-0.133912,-1.050609
1752673153885,0.330116,-0.133836,-1.049762
1752673153913,0.329841,-0.133768,-1.048995
1752673153937,0.329593,-0.133706,-1.048301
1752673153962,0.329368,-0.133650,-1.047673
1752673153985,0.329165,-0.133599,-1.047105
1752673154009,0.328981,-0.133553,-1.046591
1752673154033,0.328815,-0.133511,-1.046125
1752673154056,0.328664,-0.133473,-1.045704
1752673154082,0.328528,-0.133439,-1.045324
1752673154104,0.328405,-0.133408,-1.044979
1752673154125,0.328293,-0.133381,-1.044667
1752673154147,0.328192,-0.133355,-1.044385
1752673154167,0.328101,-0.133332,-1.044129
1752673154186,0.328018,-0.133312,-1.043898
1752673154205,0.327943,-0.133293,-1.043689
1752673154223,0.327876,-0.133276,-1.043500
1752673154242,0.327814,-0.133261,-1.043329
1752673154259,0.327759,-0.133247,-1.043174
1752673154277,0.327709,-0.133234,-1.043034
1752673154294,0.327663,-0.133223,-1.042907
1752673154312,0.327622,-0.133213,-1.042792
1752673154329,0.327585,-0.133203,-1.042688
1752673154346,0.327552,-0.133195,-1.042594
1752673154362,0.327521,-0.133187,-1.042509
1752673154380,0.327494,-0.133181,-1.042432
1752673154395,0.327469,-0.133174,-1.042362
1752673154411,0.327446,-0.133169,-1.042299
1752673154427,0.327426,-0.133164,-1.042242
1752673154442,0.327407,-0.133159,-1.042191
1752673154457,0.327391,-0.133155,-1.042144
1752673154471,0.327376,-0.133151,-1.042102
1752673154485,0.327362,-0.133148,-1.042064
1752673154498,0.327350,-0.133144,-1.042029
1752673154511,0.327338,-0.133142,-1.041998
1752673154524,0.327328,-0.133139,-1.041969
1752673154535,0.327319,-0.133137,-1.041944
1752673154548,0.327311,-0.133135,-1.041921
1752673154559,0.327303,-0.133133,-1.041900
1752673154571,0.327296,-0.133131,-1.041881
1752673154582,0.327290,-0.133130,-1.041863
1752673154592,0.327285,-0.133128,-1.041848
1752673154604,0.327280,-0.133127,-1.041834
1752673154614,0.327275,-0.133126,-1.041821
1752673154623,0.327271,-0.133125,-1.041810
1752673154631,0.327267,-0.133124,-1.041799
1752673154639,0.327264,-0.133123,-1.041790
1752673154647,0.327261,-0.133122,-1.041781
1752673154654,0.327258,-0.133122,-1.041773
1752673154661,0.327256,-0.133121,-1.041766
1752673154668,0.327253,-0.133120,-1.041760
1752673154679,0.327251,-0.133120,-1.041754
1752673154686,0.327249,-0.133119,-1.041749
1752673154699,0.327248,-0.133119,-1.041745
1752673154703,0.327246,-0.133119,-1.041740
1752673154709,0.327245,-0.133118,-1.041736
1752673154713,0.327244,-0.133118,-1.041733
1752673154722,0.327242,-0.133118,-1.041730
1752673154726,0.327241,-0.133117,-1.041727
1752673154729,0.327241,-0.133117,-1.041724
1752673154745,0.327240,-0.133117,-1.041722
1752673154746,0.327239,-0.133117,-1.041720
1752673154747,0.327238,-0.133117,-1.041718
1752673154760,0.325828,-0.131242,-1.037883
1752673154782,0.324552,-0.129546,-1.034412
1752673154785,0.323398,-0.128011,-1.031272
1752673154786,0.322353,-0.126622,-1.028430
1752673154790,0.321408,-0.125366,-1.025859
1752673154812,0.320552,-0.124228,-1.023533
1752673154817,0.318921,-0.122185,-1.020507
1752673154819,0.317444,-0.120335,-1.017769
1752673154825,0.316108,-0.118662,-1.015292
1752673260848,0.361530,-0.165773,-1.100864
1752673260887,0.363338,-0.166602,-1.106368
1752673260926,0.363948,-0.166882,-1.108227
1752673260967,0.364257,-0.167023,-1.109167
1752673261006,0.364445,-0.167109,-1.109739
1752673261046,0.364572,-0.167168,-1.110126
1752673261087,0.364664,-0.167210,-1.110406
1752673261130,0.364734,-0.167242,-1.110620
1752673261171,0.364789,-0.167267,-1.110788
1752673261211,0.364834,-0.167288,-1.110925
1752673261250,0.364872,-0.167305,-1.111039
1752673261289,0.364903,-0.167320,-1.111135
1752673261327,0.364930,-0.167332,-1.111217
1752673261363,0.364953,-0.167343,-1.111287
1752673261400,0.364973,-0.167352,-1.111349
1752673261445,0.364991,-0.167360,-1.111403
1752673261481,0.365007,-0.167367,-1.111451
1752673261517,0.365021,-0.167374,-1.111493
1752673261552,0.365033,-0.167379,-1.111531
1752673261586,0.365044,-0.167384,-1.111565
1752673261620,0.365054,-0.167389,-1.111595
1752673261654,0.365063,-0.167393,-1.111622
1752673261688,0.365071,-0.167397,-1.111646
1752673261722,0.365078,-0.167400,-1.111668
1752673261755,0.365085,-0.167403,-1.111688
1752673261786,0.365090,-0.167405,-1.111705
1752673261818,0.365096,-0.167408,-1.111721
1752673261848,0.365100,-0.167410,-1.111736
1752673261878,0.365105,-0.167412,-1.111749
1752673261909,0.365109,-0.167414,-1.111761
1752673261939,0.365112,-0.167415,-1.111771
1752673261974,0.365115,-0.167417,-1.111781
1752673262002,0.365118,-0.167418,-1.111789
1752673262030,0.365121,-0.167419,-1.111797
1752673262058,0.365123,-0.167420,-1.111804
1752673262087,0.365125,-0.167421,-1.111811
1752673262115,0.365127,-0.167422,-1.111817
1752673262142,0.365129,-0.167423,-1.111822
1752673262174,0.365130,-0.167424,-1.111827
1752673262203,0.365132,-0.167424,-1.111831
1752673262230,0.365133,-0.167425,-1.111835
1752673262255,0.365134,-0.167425,-1.111838
1752673262283,0.365135,-0.167426,-1.111842
1752673262308,0.365136,-0.167426,-1.111844
1752673262334,0.365137,-0.167427,-1.111847
1752673262360,0.365138,-0.167427,-1.111849
1752673262383,0.365138,-0.167427,-1.111852
1752673262410,0.365139,-0.167428,-1.111853
1752673262433,0.365140,-0.167428,-1.111855
1752673262456,0.365140,-0.167428,-1.111857
1752673262478,0.365141,-0.167428,-1.111858
1752673262501,0.365141,-0.167429,-1.111860
1752673262522,0.365141,-0.167429,-1.111861
1752673262544,0.365142,-0.167429,-1.111862
1752673262565,0.365142,-0.167429,-1.111863
1752673262585,0.365142,-0.167429,-1.111864
1752673262610,0.365143,-0.167429,-1.111864
1752673262631,0.365143,-0.167430,-1.111865
1752673262650,0.365143,-0.167430,-1.111866
1752673262670,0.365143,-0.167430,-1.111866
1752673262690,0.365143,-0.167430,-1.111867
1752673262708,0.365144,-0.167430,-1.111867
1752673262727,0.365144,-0.167430,-1.111868
1752673262751,0.365144,-0.167430,-1.111868
1752673262769,0.365144,-0.167430,-1.111868
1752673262788,0.365144,-0.167430,-1.111869
1752673262806,0.365144,-0.167430,-1.111869
1752673262822,0.365144,-0.167430,-1.111869
1752673262837,0.365144,-0.167430,-1.111869
1752673262854,0.365144,-0.167430,-1.111870
1752673262868,0.365144,-0.167430,-1.111870
1752673262882,0.365145,-0.167430,-1.111870
1752673262896,0.365145,-0.167430,-1.111870
1752673262909,0.365145,-0.167430,-1.111870
1752673262923,0.365145,-0.167430,-1.111870
1752673262935,0.365145,-0.167430,-1.111871
1752673262947,0.365145,-0.167430,-1.111871
1752673262963,0.365145,-0.167430,-1.111871
1752673262976,0.365145,-0.167430,-1.111871
1752673262987,0.365145,-0.167430,-1.111871
1752673262997,0.365145,-0.167430,-1.111871
1752673263006,0.365145,-0.167430,-1.111871
1752673263015,0.365145,-0.167430,-1.111871
1752673263024,0.365145,-0.167430,-1.111871
1752673263033,0.365145,-0.167430,-1.111871
1752673263041,0.365145,-0.167430,-1.111871
1752673263048,0.365145,-0.167430,-1.111871
1752673263056,0.365145,-0.167430,-1.111871
1752673263065,0.365145,-0.167430,-1.111871
1752673263071,0.365145,-0.167430,-1.111871
1752673263077,0.365145,-0.167430,-1.111871
1752673263082,0.365145,-0.167430,-1.111871
1752673263091,0.365145,-0.167430,-1.111871
1752673263099,0.365145,-0.167430,-1.111871
1752673263102,0.365145,-0.167430,-1.111871
1752673263105,0.365145,-0.167430,-1.111871
1752673263122,0.365145,-0.167430,-1.111871
1752673263129,0.365145,-0.167430,-1.111871
1752673263136,0.365145,-0.167430,-1.111871
1752673420356,0.363148,-0.158818,-1.085813
1752673420392,0.361341,-0.151024,-1.062234
1752673420431,0.359706,-0.143972,-1.040897
1752673420467,0.358226,-0.137591,-1.021591
1752673420502,0.356887,-0.131817,-1.004120
1752673420536,0.355676,-0.126592,-0.988312
1752673420570,0.354580,-0.121864,-0.974007
1752673420604,0.353588,-0.117586,-0.961064
1752673420637,0.352690,-0.113714,-0.949351
1752673420670,0.351878,-0.110211,-0.938753
1752673420704,0.351143,-0.107042,-0.929162
1752673420736,0.350478,-0.104173,-0.920484
1752673420768,0.349876,-0.101578,-0.912632
1752673420800,0.349332,-0.099229,-0.905526
1752673420831,0.348839,-0.097104,-0.899097
1752673420863,0.348393,-0.095181,-0.893279
1752673420894,0.347990,-0.093441,-0.888014
1752673420924,0.347624,-0.091867,-0.883250
1752673420954,0.347294,-0.090442,-0.878940
1752673420984,0.346995,-0.089153,-0.875039
1752673421014,0.346725,-0.087986,-0.871510
1752673421044,0.346480,-0.086931,-0.868316
1752673421073,0.346258,-0.085975,-0.865426
1752673421104,0.346058,-0.085111,-0.862811
1752673421132,0.345877,-0.084329,-0.860445
1752673421160,0.345713,-0.083621,-0.858303
1752673421188,0.345564,-0.082981,-0.856366
1752673421215,0.345430,-0.082401,-0.854613
1752673421242,0.345308,-0.081877,-0.853026
1752673421268,0.345198,-0.081403,-0.851591
1752673421293,0.345099,-0.080973,-0.850292
1752673421319,0.345009,-0.080585,-0.849116
1752673421346,0.344927,-0.080233,-0.848053
1752673421371,0.344853,-0.079915,-0.847090
1752673421406,0.344787,-0.079627,-0.846220
1752673421432,0.344726,-0.079367,-0.845432
1752673421457,0.344672,-0.079131,-0.844718
1752673421482,0.344622,-0.078918,-0.844073
1752673421506,0.344577,-0.078725,-0.843489
1752673421530,0.344537,-0.078550,-0.842961
1752673421554,0.344500,-0.078392,-0.842483
1752673421578,0.344467,-0.078249,-0.842050
1752673421602,0.344437,-0.078120,-0.841659
1752673421625,0.344410,-0.078003,-0.841305
1752673421648,0.344385,-0.077897,-0.840984
1752673421671,0.344363,-0.077801,-0.840694
1752673421692,0.344343,-0.077714,-0.840432
1752673421714,0.344325,-0.077636,-0.840194
1752673421737,0.344308,-0.077565,-0.839979
1752673421758,0.344293,-0.077501,-0.839785
1752673421780,0.344280,-0.077442,-0.839609
1752673421801,0.344268,-0.077390,-0.839450
1752673421822,0.344257,-0.077342,-0.839306
1752673421842,0.344247,-0.077299,-0.839175
1752673421862,0.344238,-0.077260,-0.839057
1752673421887,0.344230,-0.077225,-0.838951
1752673421909,0.344222,-0.077193,-0.838854
1752673421931,0.344215,-0.077164,-0.838767
1752673421950,0.344209,-0.077138,-0.838688
1752673421969,0.344204,-0.077114,-0.838616
1752673421987,0.344199,-0.077093,-0.838551
1752673422005,0.344194,-0.077073,-0.838493
1752673422021,0.344190,-0.077056,-0.838440
1752673422038,0.344187,-0.077040,-0.838392
1752673422054,0.344183,-0.077026,-0.838348
1752673422071,0.344180,-0.077013,-0.838309
1752673422085,0.344178,-0.077001,-0.838273
1752673422099,0.344175,-0.076990,-0.838241
1752673422113,0.344173,-0.076981,-0.838212
1752673422126,0.344171,-0.076972,-0.838186
1752673422138,0.344169,-0.076964,-0.838162
1752673422152,0.344167,-0.076957,-0.838140
1752673422164,0.344166,-0.076951,-0.838121
1752673422176,0.344165,-0.076945,-0.838103
1752673422187,0.344163,-0.076939,-0.838087
1752673422197,0.344162,-0.076935,-0.838073
1752673422209,0.344161,-0.076930,-0.838060
1752673422220,0.344160,-0.076926,-0.838048
1752673422230,0.344160,-0.076923,-0.838037
1752673422240,0.344159,-0.076920,-0.838027
1752673422253,0.344158,-0.076917,-0.838019
1752673422263,0.344158,-0.076914,-0.838011
1752673422275,0.344157,-0.076912,-0.838004
1752673422284,0.344156,-0.076910,-0.837997
1752673422292,0.344156,-0.076908,-0.837991
1752673422301,0.344156,-0.076906,-0.837986
1752673422319,0.344155,-0.076904,-0.837981
1752673422325,0.344155,-0.076903,-0.837977
1752673422332,0.344155,-0.076902,-0.837973
1752673422339,0.344154,-0.076900,-0.837969
1752673422348,0.344154,-0.076899,-0.837966
1752673422353,0.344154,-0.076898,-0.837963
1752673422357,0.344154,-0.076897,-0.837960
1752673422371,0.344153,-0.076897,-0.837958
1752673422381,0.344153,-0.076896,-0.837956
1752673422383,0.344153,-0.076895,-0.837954
1752673422385,0.344153,-0.076895,-0.837952
1752673422400,0.344153,-0.076894,-0.837951
1752673422415,0.344153,-0.076894,-0.837949
1752673472278,0.313677,0.203612,-0.040878
1752673472320,0.286100,0.457434,0.680372
1752673472362,0.261147,0.687111,1.333013
1752673472403,0.238567,0.894941,1.923572
1752673472443,0.218135,1.083000,2.457953
1752673472483,0.199647,1.253171,2.941502
1752673472524,0.182918,1.407154,3.379053
1752673472564,0.167779,1.546489,3.774982
1752673472604,0.154081,1.672570,4.133249
1752673472644,0.141686,1.786658,4.457435
1752673472683,0.130470,1.889893,4.750783
1752673472721,0.120321,1.983308,5.016227
1752673472762,0.111137,2.067837,5.256420
1752673472799,0.102827,2.144325,5.473765
1752673472835,0.095308,2.213537,5.670435
1752673472872,0.088503,2.276165,5.848397
1752673472909,0.082346,2.332836,6.009430
1752673472944,0.076775,2.384116,6.155145
1752673472979,0.071734,2.430518,6.286998
1752673473014,0.067172,2.472506,6.406310
1752673473049,0.063044,2.510499,6.514271
1752673473084,0.059309,2.544879,6.611963
1752673473118,0.055929,2.575989,6.700362
1752673473152,0.052870,2.604139,6.780352
1752673473184,0.050103,2.629611,6.852733
1752673473216,0.047599,2.652660,6.918229
1752673473250,0.045333,2.673517,6.977494
1752673473281,0.043282,2.692390,7.031122
1752673473317,0.041427,2.709467,7.079648
1752673473349,0.039748,2.724920,7.123559
1752673473380,0.038229,2.738903,7.163292
1752673473411,0.036854,2.751556,7.199246
1752673473441,0.035610,2.763005,7.231780
1752673473470,0.034485,2.773365,7.261219
1752673473499,0.033466,2.782740,7.287857
1752673473529,0.032545,2.791223,7.311962
1752673473557,0.031711,2.798899,7.333773
1752673473584,0.030956,2.805845,7.353510
1752673473610,0.030273,2.812130,7.371369
1752673473636,0.029655,2.817817,7.387530
1752673473663,0.029096,2.822963,7.402153
1752673473688,0.028590,2.827620,7.415385
1752673473713,0.028132,2.831833,7.427359
1752673473738,0.027718,2.835646,7.438193
1752673473763,0.027343,2.839096,7.447997
1752673473787,0.027004,2.842218,7.456868
1752673473811,0.026697,2.845043,7.464896
1752673473834,0.026419,2.847600,7.472159
1752673473858,0.026168,2.849913,7.478732
1752673473880,0.025941,2.852006,7.484680
1752673473903,0.025735,2.853900,7.490061
1752673473925,0.025549,2.855614,7.494931
1752673473947,0.025380,2.857164,7.499338
1752673473968,0.025228,2.858568,7.503325
1752673473988,0.025090,2.859838,7.506933
1752673474008,0.024965,2.860986,7.510198
1752673474027,0.024852,2.862026,7.513153
1752673474046,0.024750,2.862967,7.515826
1752673474064,0.024657,2.863818,7.518245
1752673474082,0.024574,2.864589,7.520434
1752673474100,0.024498,2.865286,7.522415
1752673474117,0.024429,2.865916,7.524207
1752673474134,0.024367,2.866487,7.525829
1752673474150,0.024311,2.867003,7.527297
1752673474166,0.024261,2.867471,7.528625
1752673474182,0.024215,2.867894,7.529826
1752673474196,0.024173,2.868276,7.530913
1752673474211,0.024135,2.868623,7.531897
1752673474226,0.024101,2.868936,7.532787
1752673474240,0.024071,2.869219,7.533593
1752673474254,0.024043,2.869476,7.534322
1752673474268,0.024018,2.869708,7.534981
1752673474281,0.023995,2.869918,7.535578
1752673474294,0.023974,2.870108,7.536119
1752673474308,0.023955,2.870280,7.536607
1752673474320,0.023938,2.870436,7.537049
1752673474332,0.023923,2.870577,7.537449
1752673474350,0.023909,2.870704,7.537811
1752673474360,0.023897,2.870819,7.538139
1752673474370,0.023885,2.870924,7.538435
1752673474379,0.023875,2.871018,7.538704
1752673474388,0.023866,2.871104,7.538947
1752673474398,0.023858,2.871181,7.539166
1752673474407,0.023850,2.871251,7.539365
1752673474414,0.023843,2.871314,7.539545
1752673474421,0.023837,2.871371,7.539708
1752673474428,0.023831,2.871423,7.539855
1752673474443,0.023826,2.871470,7.539988
1752673474449,0.023821,2.871512,7.540109
1752673474455,0.023817,2.871551,7.540218
1752673474476,0.023814,2.871585,7.540317
1752673474480,0.023810,2.871617,7.540406
1752673474489,0.023807,2.871645,7.540487
1752673474509,0.023804,2.871671,7.540560
1752673474512,0.023802,2.871694,7.540626
1752673474522,0.023799,2.871715,7.540686
1752673474547,0.023797,2.871734,7.540740
1752673474549,0.023795,2.871752,7.540790
1752673474553,0.023794,2.871767,7.540834
1752673477394,0.031014,2.636190,6.904033
1752673477438,0.037547,2.423023,6.327807
1752673477482,0.043458,2.230133,5.806396
1752673477524,0.048808,2.055591,5.334583
1752673477566,0.053648,1.897653,4.907651
1752673477609,0.058028,1.754739,4.521331
1752673477650,0.061991,1.625419,4.171760
1752673477691,0.065578,1.508401,3.855442
1752673477732,0.068823,1.402514,3.569213
1752673477772,0.071759,1.306700,3.310212
1752673477814,0.074416,1.220000,3.075849
1752673477853,0.076821,1.141547,2.863779
1752673477892,0.078996,1.070557,2.671882
1752673477931,0.080965,1.006320,2.498240
1752673477969,0.082747,0.948194,2.341115
1752673478006,0.084359,0.895597,2.198937
1752673478043,0.085817,0.848003,2.070283
1752673478079,0.087137,0.804936,1.953868
1752673478115,0.088331,0.765966,1.848527
1752673478151,0.089412,0.730704,1.753206
1752673478185,0.090390,0.698795,1.666952
1752673478220,0.091275,0.669922,1.588904
1752673478253,0.092076,0.643796,1.518280
1752673478291,0.092800,0.620154,1.454373
1752673478324,0.093456,0.598762,1.396546
1752673478356,0.094049,0.579404,1.344220
1752673478389,0.094586,0.561888,1.296872
1752673478421,0.095072,0.546039,1.254027
1752673478451,0.095511,0.531696,1.215258
1752673478481,0.095909,0.518719,1.180177
1752673478511,0.096269,0.506975,1.148432
1752673478540,0.096594,0.496349,1.119708
1752673478568,0.096889,0.486733,1.093716
1752673478596,0.097156,0.478033,1.070197
1752673478623,0.097397,0.470160,1.048914
1752673478650,0.097615,0.463035,1.029657
1752673478677,0.097813,0.456589,1.012231
1752673478703,0.097992,0.450756,0.996462
1752673478729,0.098154,0.445477,0.982194
1752673478754,0.098300,0.440701,0.969283
1752673478779,0.098432,0.436379,0.957600
1752673478804,0.098552,0.432468,0.947029
1752673478828,0.098661,0.428929,0.937463
1752673478855,0.098759,0.425727,0.928807
1752673478878,0.098848,0.422830,0.920974
1752673478900,0.098928,0.420208,0.913887
1752673478922,0.099001,0.417835,0.907474
1752673478943,0.099067,0.415688,0.901670
1752673478965,0.099126,0.413746,0.896419
1752673478986,0.099180,0.411988,0.891667
1752673479008,0.099229,0.410397,0.887368
1752673479028,0.099273,0.408958,0.883477
1752673479048,0.099313,0.407656,0.879956
1752673479068,0.099349,0.406477,0.876771
1752673479087,0.099382,0.405411,0.873888
1752673479106,0.099411,0.404446,0.871280
1752673479128,0.099438,0.403573,0.868919
1752673479146,0.099462,0.402783,0.866784
1752673479164,0.099484,0.402068,0.864851
1752673479182,0.099504,0.401421,0.863102
1752673479199,0.099522,0.400835,0.861520
1752673479217,0.099538,0.400306,0.860088
1752673479234,0.099553,0.399826,0.858792
1752673479250,0.099566,0.399393,0.857620
1752673479266,0.099578,0.399000,0.856559
1752673479282,0.099589,0.398645,0.855599
1752673479297,0.099599,0.398324,0.854730
1752673479312,0.099608,0.398033,0.853944
1752673479326,0.099616,0.397770,0.853233
1752673479341,0.099623,0.397532,0.852589
1752673479355,0.099630,0.397316,0.852007
1752673479368,0.099636,0.397121,0.851480
1752673479383,0.099641,0.396945,0.851003
1752673479399,0.099646,0.396785,0.850572
1752673479410,0.099650,0.396641,0.850181
1752673479422,0.099654,0.396510,0.849828
1752673479435,0.099658,0.396392,0.849508
1752673479445,0.099661,0.396285,0.849219
1752673479455,0.099664,0.396188,0.848957
1752673479466,0.099667,0.396100,0.848720
1752673479475,0.099669,0.396021,0.848506
1752673479484,0.099671,0.395949,0.848312
1752673479492,0.099673,0.395884,0.848137
1752673479500,0.099675,0.395826,0.847978
1752673479507,0.099677,0.395772,0.847834
1752673479514,0.099678,0.395724,0.847704
1752673479524,0.099680,0.395681,0.847586
1752673479550,0.099681,0.395641,0.847480
1752673479556,0.099682,0.395606,0.847384
1752673479581,0.099683,0.395573,0.847296
1752673479586,0.099684,0.395544,0.847218
1752673479614,0.099685,0.395518,0.847146
1752673479617,0.099685,0.395494,0.847082
1752673479620,0.099686,0.395472,0.847023
1752673479640,0.099687,0.395453,0.846970
1752673479649,0.099687,0.395435,0.846922
1752673479655,0.099688,0.395419,0.846879
1752673479672,0.099688,0.395405,0.846840
1752673479675,0.099689,0.395391,0.846804
1752673512717,0.100055,0.626866,1.549707
1752673512756,0.100387,0.836322,2.185745
1752673512796,0.100688,1.025853,2.761281
1752673512834,0.100959,1.197355,3.282069
1752673512872,0.101205,1.352543,3.753317
1752673512909,0.101428,1.492969,4.179737
1752673512945,0.101629,1.620037,4.565594
1752673512982,0.101811,1.735017,4.914747
1752673513018,0.101976,1.839060,5.230686
1752673513053,0.102125,1.933206,5.516572
1752673513089,0.102260,2.018396,5.775263
1752673513125,0.102382,2.095483,6.009346
1752673513164,0.102493,2.165236,6.221162
1752673513197,0.102593,2.228355,6.412829
1752673513231,0.102683,2.285469,6.586264
1752673513263,0.102765,2.337150,6.743200
1752673513296,0.102839,2.383915,6.885209
1752673513328,0.102906,2.426232,7.013708
1752673513360,0.102967,2.464523,7.129984
1752673513391,0.103022,2.499172,7.235199
1752673513422,0.103072,2.530524,7.330406
1752673513452,0.103117,2.558895,7.416556
1752673513482,0.103157,2.584567,7.494512
1752673513516,0.103194,2.607796,7.565051
1752673513545,0.103227,2.628816,7.628881
1752673513575,0.103258,2.647836,7.686638
1752673513604,0.103285,2.665048,7.738902
1752673513632,0.103310,2.680622,7.786194
1752673513661,0.103332,2.694714,7.828988
1752673513693,0.103352,2.707466,7.867710
1752673513722,0.103370,2.719005,7.902749
1752673513751,0.103387,2.729446,7.934455
1752673513789,0.103402,2.738894,7.963145
1752673513817,0.103415,2.747443,7.989106
1752673513848,0.103428,2.755179,8.012598
1752673513874,0.103439,2.762179,8.033854
1752673513900,0.103449,2.768514,8.053089
1752673513925,0.103458,2.774245,8.070494
1752673513951,0.103466,2.779432,8.086243
1752673513976,0.103474,2.784125,8.100494
1752673514002,0.103480,2.788372,8.113390
1752673514029,0.103486,2.792214,8.125059
1752673514053,0.103492,2.795691,8.135618
1752673514077,0.103497,2.798838,8.145173
1752673514103,0.103501,2.801685,8.153818
1752673514129,0.103505,2.804261,8.161641
1752673514154,0.103509,2.806592,8.168720
1752673514178,0.103513,2.808702,8.175126
1752673514201,0.103516,2.810611,8.180923
1752673514223,0.103518,2.812338,8.186168
1752673514245,0.103521,2.813901,8.190913
1752673514266,0.103523,2.815315,8.195208
1752673514288,0.103525,2.816595,8.199094
1752673514310,0.103527,2.817753,8.202610
1752673514331,0.103529,2.818800,8.205791
1752673514351,0.103530,2.819749,8.208671
1752673514371,0.103531,2.820606,8.211276
1752673514391,0.103533,2.821383,8.213634
1752673514410,0.103534,2.822085,8.215767
1752673514428,0.103535,2.822721,8.217697
1752673514446,0.103536,2.823296,8.219444
1752673514467,0.103536,2.823817,8.221025
1752673514484,0.103537,2.824287,8.222455
1752673514503,0.103538,2.824714,8.223749
1752673514519,0.103538,2.825099,8.224920
1752673514535,0.103539,2.825449,8.225980
1752673514551,0.103540,2.825764,8.226938
1752673514566,0.103540,2.826050,8.227806
1752673514580,0.103540,2.826308,8.228591
1752673514594,0.103541,2.826542,8.229301
1752673514609,0.103541,2.826754,8.229944
1752673514622,0.103541,2.826946,8.230526
1752673514635,0.103542,2.827119,8.231052
1752673514648,0.103542,2.827276,8.231528
1752673514661,0.103542,2.827418,8.231959
1752673514673,0.103542,2.827546,8.232349
1752673514685,0.103543,2.827662,8.232702
1752673514697,0.103543,2.827767,8.233022
1752673514708,0.103543,2.827863,8.233311
1752673514717,0.103543,2.827949,8.233572
1752673514727,0.103543,2.828027,8.233809
1752673514736,0.103543,2.828097,8.234022
1752673514744,0.103543,2.828161,8.234216
1752673514752,0.103543,2.828219,8.234391
1752673514761,0.103544,2.828271,8.234550
1752673514768,0.103544,2.828318,8.234694
1752673514779,0.103544,2.828361,8.234823
1752673514786,0.103544,2.828399,8.234941
1752673514795,0.103544,2.828434,8.235047
1752673514806,0.103544,2.828466,8.235144
1752673514817,0.103544,2.828495,8.235230
1752673514822,0.103544,2.828521,8.235310
1752673514839,0.103544,2.828544,8.235381
1752673514843,0.103544,2.828566,8.235446
1752673514846,0.103544,2.828585,8.235504
1752673514871,0.103544,2.828602,8.235557
1752673514877,0.103544,2.828618,8.235604
1752673514878,0.103544,2.828632,8.235647
1752673514902,0.103544,2.828645,8.235686
1752673514907,0.103305,2.784985,8.093074
1752673514911,0.103088,2.745477,7.964027
1752673514937,0.102892,2.709728,7.847257
1752673514968,0.101636,2.731984,7.909819
1752673514990,0.100500,2.752122,7.966430
1752673515012,0.099471,2.770345,8.017655
1752673515033,0.098541,2.786835,8.064009
1752673515053,0.097699,2.801756,8.105952
1752673515073,0.096937,2.815258,8.143906
1752673515092,0.096248,2.827475,8.178249
1752673515110,0.095624,2.838530,8.209326
1752673515131,0.095060,2.848533,8.237446
1752673515149,0.094549,2.857585,8.262891
1752673515167,0.094087,2.865776,8.285915
1752673515183,0.093668,2.873188,8.306750
1752673515200,0.093290,2.879894,8.325603
1752673515216,0.092947,2.885963,8.342663
1752673515232,0.092638,2.891455,8.358099
1752673515247,0.092357,2.896424,8.372067
1752673515261,0.092103,2.900920,8.384706
1752673515276,0.091874,2.904989,8.396144
1752673515289,0.091666,2.908670,8.406493
1752673515302,0.091478,2.912002,8.415858
1752673515314,0.091308,2.915016,8.424333
1752673515327,0.091154,2.917744,8.432000
1752673515338,0.091015,2.920213,8.438938
1752673515351,0.090889,2.922446,8.445216
1752673515362,0.090775,2.924467,8.450897
1752673515373,0.090672,2.926296,8.456038
1752673515383,0.090578,2.927951,8.460690
1752673515392,0.090494,2.929448,8.464900
1752673515401,0.090417,2.930803,8.468709
1752673515409,0.090348,2.932029,8.472156
1752673515417,0.090285,2.933138,8.475274
1752673515424,0.090229,2.934142,8.478096
1752673515430,0.090178,2.935050,8.480650
1752673515450,0.090131,2.935873,8.482961
1752673515454,0.090089,2.936616,8.485051
1752673515459,0.090051,2.937289,8.486943
1752673515471,0.090017,2.937898,8.488655
1752673515476,0.089986,2.938449,8.490204
1752673515479,0.089958,2.938948,8.491606
1752673515502,0.089932,2.939399,8.492874
1752673515508,0.089909,2.939808,8.494022
1752673515509,0.089888,2.940177,8.495061
1752673515542,0.088845,3.000064,8.676489
1752673515544,0.087901,3.054255,8.840658
1752673515545,0.087047,3.103290,8.989211
1752673515569,0.086514,3.131445,9.074840
1752673515579,0.085639,3.155351,9.148440
1752673515586,0.084847,3.176984,9.215040
1752673515608,0.084130,3.196558,9.275305
1752673515612,0.083482,3.214271,9.329837
1752673515616,0.082895,3.230299,9.379182
1752673515641,0.082364,3.244802,9.423833
1752673515643,0.081884,3.257925,9.464236
1752673515644,0.081449,3.269800,9.500796
1752673515678,0.081055,3.280546,9.533878
1752673515687,0.080049,3.251461,9.443955
1752673515698,0.079139,3.225143,9.362586
1752673515712,0.078315,3.201329,9.288957
1752673515725,0.077570,3.179780,9.222332
1752673515735,0.076895,3.160281,9.162045
1752673515747,0.076285,3.142637,9.107491
1752673515757,0.075732,3.126671,9.058128
1752673515764,0.075233,3.112224,9.013461
1752673515776,0.074780,3.099151,8.973042
1752673515781,0.074371,3.087322,8.936469
1752673515785,0.074001,3.076618,8.903375
1752673515805,0.073666,3.066932,8.873428
1752673515811,0.073363,3.058167,8.846331
1752673515813,0.073088,3.050237,8.821811
1752673515838,0.072840,3.043060,8.799623
1752673515840,0.072615,3.036567,8.779546
1752673515842,0.072412,3.030691,8.761378
1752673518537,0.073248,3.098742,8.965403
1752673540716,0.078489,2.819489,8.126482
1752673540760,0.083232,2.566801,7.367364
1752673540804,0.087523,2.338150,6.680457
1752673540847,0.091407,2.131248,6.058891
1752673540890,0.094921,1.944029,5.496452
1752673540932,0.098100,1.774619,4.987515
1752673540975,0.100977,1.621323,4.526991
1752673541016,0.103581,1.482610,4.110274
1752673541058,0.105937,1.357092,3.733197
1752673541098,0.108069,1.243514,3.391989
1752673541142,0.109998,1.140740,3.083239
1752673541181,0.111743,1.047743,2.803859
1752673541221,0.113323,0.963592,2.551055
1752673541260,0.114752,0.887445,2.322299
1752673541298,0.116045,0.818542,2.115303
1752673541337,0.117215,0.756194,1.927997
1752673541373,0.118274,0.699776,1.758510
1752673541412,0.119232,0.648725,1.605144
1752673541447,0.120099,0.602531,1.466367
1752673541484,0.120884,0.560730,1.340792
1752673541518,0.121594,0.522906,1.227162
1752673541553,0.122236,0.488680,1.124341
1752673541587,0.122818,0.457710,1.031301
1752673541621,0.123344,0.429685,0.947111
1752673541654,0.123820,0.404327,0.870930
1752673541686,0.124250,0.381380,0.801995
1752673541717,0.124640,0.360617,0.739618
1752673541748,0.124993,0.341829,0.683175
1752673541780,0.125312,0.324827,0.632101
1752673541811,0.125600,0.309444,0.585885
1752673541841,0.125862,0.295523,0.544065
1752673541872,0.126098,0.282927,0.506224
1752673541903,0.126312,0.271529,0.471982
1752673541932,0.126506,0.261215,0.440997
1752673541961,0.126681,0.251882,0.412960
1752673541990,0.126839,0.243437,0.387590
1752673542046,0.126983,0.235795,0.364633
1752673542074,0.127113,0.228881,0.343860
1752673542103,0.127230,0.222624,0.325063
1752673542130,0.127336,0.216962,0.308054
1752673542158,0.127432,0.211839,0.292663
1752673542184,0.127519,0.207203,0.278736
1752673542209,0.127598,0.203008,0.266134
1752673542234,0.127669,0.199212,0.254731
1752673542259,0.127734,0.195777,0.244412
1752673542286,0.127792,0.192669,0.235075
1752673542311,0.127845,0.189857,0.226626
1752673542334,0.127893,0.187312,0.218981
1752673542357,0.127936,0.185009,0.212063
1752673542386,0.127975,0.182926,0.205803
1752673542408,0.128011,0.181040,0.200139
1752673542429,0.128043,0.179334,0.195014
1752673542449,0.128072,0.177790,0.190376
1752673542469,0.128098,0.176393,0.186179
1752673542490,0.128121,0.175129,0.182381
1752673542510,0.128143,0.173985,0.178945
1752673542529,0.128162,0.172950,0.175835
1752673542549,0.128180,0.172013,0.173022
1752673542568,0.128196,0.171166,0.170476
1752673542586,0.128210,0.170399,0.168172
1752673542608,0.128223,0.169705,0.166087
1752673542625,0.128235,0.169077,0.164201
1752673542646,0.128246,0.168509,0.162494
1752673542663,0.128255,0.167995,0.160949
1752673542679,0.128264,0.167530,0.159552
1752673542695,0.128272,0.167109,0.158287
1752673542709,0.128279,0.166728,0.157143
1752673542724,0.128286,0.166383,0.156107
1752673542738,0.128291,0.166071,0.155170
1752673542752,0.128297,0.165789,0.154322
1752673542766,0.128302,0.165534,0.153555
1752673542779,0.128306,0.165302,0.152861
1752673542792,0.128310,0.165093,0.152233
1752673542807,0.128313,0.164904,0.151664
1752673542819,0.128317,0.164733,0.151150
1752673542845,0.128319,0.164578,0.150684
1752673542876,0.128322,0.164438,0.150263
1752673542887,0.128325,0.164311,0.149882
1752673542906,0.128327,0.164196,0.149537
1752673542918,0.128329,0.164092,0.149225
1752673542943,0.128330,0.163998,0.148943
1752673542952,0.128332,0.163913,0.148687
1752673542972,0.128333,0.163836,0.148456
1752673542980,0.128335,0.163767,0.148247
1752673543009,0.128336,0.163704,0.148057
1752673543015,0.128337,0.163647,0.147886
1752673543036,0.128338,0.163595,0.147731
1752673543042,0.128339,0.163548,0.147591
1752673543071,0.128340,0.163506,0.147464
1752673543076,0.128340,0.163468,0.147349
1752673543101,0.128341,0.163433,0.147245
1752673543104,0.128342,0.163402,0.147151
1752673543134,0.128342,0.163374,0.147066
1752673543136,0.128343,0.163348,0.146989
1752673543168,0.128343,0.163325,0.146919
1752673543171,0.128343,0.163304,0.146856
1752673543208,0.128344,0.163285,0.146799
1752673543211,0.128344,0.163268,0.146748
1752673543233,0.128344,0.163252,0.146701
1752673543243,0.128570,0.163482,0.147606
1752673543274,0.128773,0.163691,0.148425
1752673543282,0.128958,0.163880,0.149166
1752673543308,0.129125,0.164050,0.149836
1752673543315,0.129276,0.164205,0.150443
1752673543341,0.129413,0.164345,0.150992
1752673543348,0.129536,0.164471,0.151488
1752673543376,0.129648,0.164585,0.151938
1752673543382,0.129749,0.164689,0.152345
1752673543407,0.129841,0.164783,0.152713
1752673543412,0.129924,0.164868,0.153046
1752673543435,0.129999,0.164944,0.153347
1752673543439,0.130067,0.165014,0.153620
1752673543471,0.130128,0.165077,0.153867
1752673543474,0.130184,0.165133,0.154090
1752673543503,0.130234,0.165185,0.154292
1752673543505,0.130280,0.165231,0.154475
1752673543532,0.130321,0.165273,0.154640
1752673543541,0.130358,0.165312,0.154790
1752673543565,0.130392,0.165346,0.154925
1752673543577,0.130470,0.165159,0.154721
1752673543605,0.130540,0.164989,0.154537
1752673543611,0.130604,0.164836,0.154370
1752673543635,0.130662,0.164697,0.154218
1752673543641,0.130714,0.164571,0.154082
1752673543675,0.130761,0.164458,0.153958
1752673543679,0.130804,0.164355,0.153846
1752673543701,0.130843,0.164262,0.153744
1752673543706,0.130878,0.164178,0.153653
1752673543736,0.130910,0.164101,0.153570
1752673543738,0.130938,0.164033,0.153495
1752673543762,0.130964,0.163970,0.153427
1752673543771,0.130988,0.163914,0.153365
1752673543802,0.131183,0.164030,0.153800
1752673543803,0.131360,0.164135,0.154193
1752673543830,0.131506,0.164549,0.155594
1752673543838,0.131639,0.164924,0.156862
1752673543865,0.131758,0.165263,0.158010
1752673543875,0.131850,0.165551,0.159545
1752673543903,0.131932,0.165812,0.160934
1752673543912,0.132007,0.166048,0.162191
1752673543940,0.132075,0.166262,0.163329
1752673543945,0.132136,0.166455,0.164358
1752673543969,0.132192,0.166630,0.165289
1752673543975,0.132242,0.166788,0.166132
1752673544000,0.132287,0.166931,0.166894
1752673544004,0.132328,0.167061,0.167585
1752673544035,0.132365,0.167178,0.168209
1752673544037,0.132399,0.167284,0.168774
1752673544073,0.132429,0.167380,0.169285
1752673544100,0.132457,0.167467,0.169748
1752673544101,0.132482,0.167546,0.170166
1752673544132,0.132504,0.167617,0.170545
1752673544136,0.132399,0.167753,0.170488
1752673544168,0.132304,0.167877,0.170436
1752673544171,0.132218,0.167989,0.170389
1752673544203,0.132141,0.168090,0.170347
1752673544205,0.132070,0.168181,0.170309
1752673544233,0.132007,0.168264,0.170274
1752673544239,0.131949,0.168339,0.170242
1752673544265,0.131897,0.168407,0.170214
1752673544274,0.131804,0.168408,0.169809
1752673544303,0.131711,0.168294,0.169287
1752673544306,0.131626,0.168190,0.168815
1752673544334,0.131550,0.168096,0.168388
1752673544336,0.131481,0.168011,0.168001
1752673544368,0.131418,0.167934,0.167651
1752673544383,0.131600,0.168096,0.168505
1752673544406,0.131765,0.168242,0.169278
1752673544416,0.131914,0.168375,0.169977
1752673544443,0.132049,0.168495,0.170610
1752673544454,0.132171,0.168604,0.171182
1752673544470,0.132282,0.168702,0.171700
1752673544477,0.132382,0.168791,0.172169
1752673544504,0.132473,0.168872,0.172593
1752673544511,0.132554,0.168945,0.172977
1752673544538,0.132629,0.169010,0.173324
1752673544548,0.132696,0.169070,0.173639
1752673544569,0.132756,0.169124,0.173923
1752673544574,0.132811,0.169173,0.174180
1752673544601,0.132861,0.169217,0.174413
1752673544605,0.132906,0.169257,0.174624
1752673544636,0.132947,0.169293,0.174815
1752673544640,0.132983,0.169326,0.174987
1752673544664,0.133017,0.169356,0.175143
1752673544667,0.133047,0.169382,0.175285
1752673544701,0.132925,0.169226,0.174291
1752673544716,0.132806,0.168903,0.173081
1752673544743,0.132698,0.168611,0.171986
1752673544757,0.132600,0.168347,0.170996
1752673544772,0.132511,0.168109,0.170099
1752673544783,0.132431,0.167892,0.169288
1752673544807,0.132359,0.167697,0.168554
1752673544816,0.132293,0.167520,0.167890
1752673544839,0.132234,0.167360,0.167289
1752673544848,0.132180,0.167215,0.166746
1752673544871,0.132132,0.167084,0.166254
1752673544878,0.132088,0.166965,0.165808
1752673544901,0.132048,0.166857,0.165406
1752673544907,0.132012,0.166760,0.165041
1752673544933,0.131979,0.166672,0.164711
1752673544938,0.131950,0.166593,0.164413
1752673544965,0.131923,0.166521,0.164142
1752673544969,0.131899,0.166456,0.163898
1752673544996,0.131877,0.166397,0.163677
1752673544998,0.131857,0.166343,0.163477
1752673545030,0.131840,0.166295,0.163296
1752673545031,0.131823,0.166251,0.163132
1752673545063,0.131809,0.166212,0.162984
1752673545064,0.131772,0.166166,0.162849
1752673545119,0.131606,0.166091,0.162405
1752673545139,0.131456,0.166022,0.162003
1752673545160,0.131321,0.165960,0.161639
1752673545181,0.131198,0.165904,0.161310
1752673545201,0.131087,0.165853,0.161012
1752673545221,0.130986,0.165807,0.160742
1752673545240,0.130895,0.165766,0.160499
1752673545259,0.130813,0.165728,0.160278
1752673545277,0.130738,0.165694,0.160078
1752673545295,0.130671,0.165663,0.159897
1752673545311,0.130610,0.165635,0.159734
1752673545328,0.130555,0.165610,0.159586
1752673545356,0.130505,0.165587,0.159452
1752673545382,0.130460,0.165567,0.159331
1752673545418,0.130419,0.165548,0.159221
1752673545442,0.130382,0.165531,0.159122
1752673545456,0.130348,0.165516,0.159032
1752673545474,0.130318,0.165502,0.158951
1752673545487,0.130290,0.165490,0.158878
1752673545504,0.130266,0.165478,0.158811
1752673545515,0.130243,0.165468,0.158751
1752673545526,0.130223,0.165459,0.158697
1752673545536,0.130205,0.165450,0.158647
1752673545545,0.130188,0.165443,0.158603
1752673545555,0.130173,0.165436,0.158562
1752673545569,0.130159,0.165430,0.158526
1752673545576,0.130147,0.165424,0.158493
1752673545584,0.130136,0.165419,0.158463
1752673545605,0.130126,0.165414,0.158436
1752673545611,0.130117,0.165410,0.158411
1752673545617,0.130108,0.165406,0.158389
1752673545635,0.130101,0.165403,0.158369
1752673545639,0.130094,0.165400,0.158351
1752673545643,0.130088,0.165397,0.158335
1752673545668,0.130082,0.165394,0.158320
1752673545670,0.130077,0.165392,0.158306
1752673545671,0.130073,0.165390,0.158294
1752673545698,0.130069,0.165388,0.158283
1752673545702,0.130065,0.165387,0.158273
1752673545708,0.130159,0.165471,0.158425
1752673545739,0.130243,0.165548,0.158562
1752673545743,0.130320,0.165617,0.158686
1752673545748,0.130389,0.165680,0.158799
1752673545769,0.130452,0.165737,0.158900
1752673545771,0.130509,0.165789,0.158992
1752673545773,0.130560,0.165835,0.159076
1752673545799,0.130607,0.165877,0.159151
1752673545811,0.130491,0.165768,0.158395
1752673545821,0.130386,0.165669,0.157710
1752673545839,0.130291,0.165580,0.157091
1752673545847,0.130206,0.165499,0.156531
1752673545856,0.130128,0.165426,0.156024
1752673545879,0.130058,0.165360,0.155565
1752673545890,0.129994,0.165300,0.155150
1752673545897,0.129937,0.165245,0.154775
1752673545903,0.129884,0.165196,0.154435
1752673545911,0.129837,0.165152,0.154127
1752673545916,0.129795,0.165112,0.153849
1752673545940,0.129756,0.165075,0.153597
1752673545944,0.129721,0.165042,0.153369
1752673545947,0.129690,0.165013,0.153163
1752673545970,0.129661,0.164986,0.152976
1752673545973,0.129635,0.164961,0.152808
1752673545975,0.129612,0.164939,0.152655
1752673546002,0.129591,0.164919,0.152517
1752673546003,0.129640,0.164976,0.152834
1752673546008,0.129634,0.165005,0.153449
1752673546033,0.129629,0.165031,0.154005
1752673546039,0.129625,0.165055,0.154509
1752673546043,0.129621,0.165076,0.154964
1752673546066,0.129617,0.165096,0.155376
1752673546068,0.129614,0.165113,0.155749
1752673546098,0.129611,0.165129,0.156087
1752673546105,0.129608,0.165144,0.156392
1752673546106,0.129606,0.165157,0.156668
1752673546141,0.129967,0.165078,0.157148
1752673546151,0.130294,0.165007,0.157582
1752673546164,0.130590,0.164942,0.157974
1752673546174,0.130857,0.164883,0.158330
1752673546182,0.131099,0.164831,0.158651
1752673546190,0.131319,0.164783,0.158942
1752673546201,0.131517,0.164739,0.159205
1752673546208,0.131696,0.164700,0.159444
1752673546214,0.131859,0.164665,0.159659
1752673546236,0.132006,0.164633,0.159854
1752673546241,0.132139,0.164604,0.160031
1752673546246,0.132259,0.164577,0.160190
1752673546267,0.132368,0.164553,0.160335
1752673546271,0.132466,0.164532,0.160466
1752673546298,0.132555,0.164512,0.160584
1752673546303,0.132636,0.164495,0.160691
1752673546305,0.132709,0.164479,0.160788
1752673546332,0.132775,0.164464,0.160876
1752673546338,0.132941,0.164481,0.161074
1752673546339,0.133090,0.164495,0.161254
1752673546364,0.133226,0.164512,0.161449
1752673546367,0.133387,0.164653,0.161963
1752673546412,0.133971,0.168946,0.168694
1752673546430,0.134500,0.172832,0.174785
1752673546444,0.134978,0.176348,0.180296
1752673546458,0.135411,0.179529,0.185283
1752673546473,0.135803,0.182408,0.189796
1752673546486,0.136157,0.185012,0.193879
1752673546509,0.136478,0.187370,0.197574
1752673546521,0.136768,0.189502,0.200917
1752673546539,0.137031,0.191432,0.203943
1752673546551,0.137268,0.193179,0.206680
1752673546579,0.137483,0.194759,0.209158
1752673546608,0.137678,0.196189,0.211399
1752673546633,0.137436,0.194323,0.209640
1752673546673,0.137635,0.195795,0.211835
1752673546683,0.137815,0.197126,0.213822
1752673546709,0.137978,0.198331,0.215620
1752673546742,0.138126,0.199421,0.217247
1752673546774,0.138259,0.200408,0.218719
1752673546807,0.138380,0.201300,0.220051
1752673546840,0.138489,0.202108,0.221256
1752673546846,0.138588,0.202839,0.222347
1752673546872,0.138678,0.203500,0.223334
1752673546904,0.138759,0.204099,0.224227
1752673546939,0.138832,0.204640,0.225035
1752673546943,0.138898,0.205130,0.225766
1752673546963,0.138958,0.205573,0.226428
1752673546971,0.139012,0.205975,0.227027
1752673546973,0.139061,0.206338,0.227569
1752673547000,0.139106,0.206666,0.228059
1752673547002,0.139146,0.206963,0.228502
1752673547030,0.139183,0.207232,0.228904
1752673547032,0.139191,0.207276,0.228738
1752673587607,0.150805,0.197145,0.191142
1752673587647,0.161313,0.187978,0.157123
1752673587686,0.170822,0.179682,0.126340
1752673587726,0.179426,0.172176,0.098486
1752673587764,0.187212,0.165384,0.073281
1752673587804,0.194257,0.159238,0.050473
1752673587845,0.200632,0.153676,0.029835
1752673587884,0.206401,0.148644,0.011161
1752673587922,0.211621,0.144090,-0.005738
1752673587959,0.216344,0.139969,-0.021028
1752673587995,0.220618,0.136241,-0.034865
1752673588030,0.224486,0.132867,-0.047385
1752673588066,0.227985,0.129814,-0.058714
1752673588100,0.231152,0.127051,-0.068965
1752673588134,0.234017,0.124552,-0.078242
1752673588168,0.236610,0.122290,-0.086636
1752673588202,0.238956,0.120243,-0.094231
1752673588235,0.241079,0.118391,-0.101104
1752673588269,0.243000,0.116715,-0.107323
1752673588304,0.244739,0.115198,-0.112950
1752673588349,0.246312,0.113826,-0.118043
1752673588382,0.247735,0.112584,-0.122650
1752673588415,0.249023,0.111461,-0.126820
1752673588447,0.250188,0.110444,-0.130593
1752673588479,0.251243,0.109524,-0.134007
1752673588510,0.252197,0.108692,-0.137096
1752673588541,0.253061,0.107938,-0.139891
1752673588571,0.253842,0.107257,-0.142421
1752673588601,0.254549,0.106640,-0.144710
1752673588629,0.255189,0.106082,-0.146781
1752673588661,0.255768,0.105577,-0.148655
1752673588690,0.256292,0.105120,-0.150351
1752673588719,0.256766,0.104706,-0.151885
1752673588748,0.257195,0.104332,-0.153274
1752673588777,0.257583,0.103993,-0.154530
1752673588804,0.257934,0.103687,-0.155667
1752673588831,0.258252,0.103410,-0.156696
1752673588858,0.258539,0.103159,-0.157627
1752673588890,0.258800,0.102932,-0.158469
1752673588918,0.259035,0.102727,-0.159231
1752673588947,0.259248,0.102541,-0.159921
1752673588975,0.259441,0.102373,-0.160545
1752673589003,0.259615,0.102220,-0.161110
1752673589029,0.259773,0.102083,-0.161621
1752673589054,0.259916,0.101958,-0.162083
1752673589079,0.260045,0.101845,-0.162502
1752673589104,0.260162,0.101743,-0.162881
1752673589129,0.260268,0.101651,-0.163223
1752673589158,0.260364,0.101567,-0.163533
1752673589182,0.260450,0.101492,-0.163814
1752673589206,0.260529,0.101423,-0.164068
1752673589229,0.260600,0.101361,-0.164297
1752673589251,0.260664,0.101305,-0.164505
1752673589272,0.260722,0.101255,-0.164693
1752673589294,0.260775,0.101209,-0.164863
1752673589325,0.260822,0.101167,-0.165017
1752673589349,0.260865,0.101130,-0.165157
1752673589370,0.260904,0.101096,-0.165283
1752673589405,0.260939,0.101065,-0.165397
1752673589436,0.260971,0.101037,-0.165500
1752673589463,0.261000,0.101012,-0.165594
1752673589511,0.261026,0.100989,-0.165678
1752673589615,0.261050,0.100969,-0.165755
1752673589727,0.261071,0.100950,-0.165824
1752673589760,0.261091,0.100933,-0.165886
1752673589792,0.261108,0.100918,-0.165943
1752673589827,0.261124,0.100904,-0.165994
1752673589858,0.261138,0.100892,-0.166041
1752673589893,0.261151,0.100880,-0.166083
1752673589927,0.261163,0.100870,-0.166121
1752673589959,0.261174,0.100861,-0.166155
1752673589991,0.261183,0.100852,-0.166186
1752673590025,0.261192,0.100845,-0.166214
1752673590056,0.261200,0.100838,-0.166240
1752673590088,0.261207,0.100832,-0.166263
1752673590121,0.261213,0.100826,-0.166284
1752673590156,0.261219,0.100821,-0.166303
1752673590187,0.261225,0.100816,-0.166320
1752673590223,0.261229,0.100812,-0.166335
1752673590256,0.261234,0.100808,-0.166349
1752673590287,0.261238,0.100805,-0.166362
1752673590320,0.261241,0.100802,-0.166373
1752673590355,0.261244,0.100799,-0.166384
1752673590396,0.261247,0.100797,-0.166393
1752673590417,0.261250,0.100794,-0.166401
1752673590431,0.261252,0.100792,-0.166409
1752673590451,0.261254,0.100790,-0.166416
1752673590466,0.261256,0.100789,-0.166422
1752673590484,0.261258,0.100787,-0.166428
1752673590500,0.261260,0.100786,-0.166433
1752673590515,0.261261,0.100785,-0.166438
1752673590547,0.261262,0.100783,-0.166442
1752673590561,0.261264,0.100782,-0.166446
1752673590581,0.261265,0.100781,-0.166449
1752673590614,0.261266,0.100781,-0.166452
1752673590646,0.261266,0.100780,-0.166455
1752673590682,0.261267,0.100779,-0.166458
1752673590712,0.261268,0.100779,-0.166460
1752674062978,0.015756,0.058117,-0.741760
1752674063021,0.015835,0.058408,-0.745469
1752674063059,0.015861,0.058506,-0.746721
1752674063100,0.015875,0.058556,-0.747355
1752674063140,0.015883,0.058586,-0.747740
1752674063176,0.015888,0.058606,-0.748000
1752674063213,0.015892,0.058621,-0.748189
1752674063254,0.015895,0.058632,-0.748333
1752674063288,0.015898,0.058641,-0.748447
1752674063326,0.015900,0.058649,-0.748539
1752674063364,0.015901,0.058655,-0.748616
1752674063397,0.015903,0.058660,-0.748680
1752674063431,0.015904,0.058664,-0.748735
1752674063466,0.015905,0.058668,-0.748783
1752674063499,0.015906,0.058671,-0.748825
1752674063529,0.015907,0.058674,-0.748861
1752674063563,0.015907,0.058676,-0.748893
1752674063596,0.015908,0.058679,-0.748922
1752674063627,0.015908,0.058681,-0.748947
1752674063661,0.015909,0.058682,-0.748970
1752674063695,0.015909,0.058684,-0.748990
1752674063726,0.015910,0.058685,-0.749009
1752674063758,0.015910,0.058687,-0.749025
1752674063793,0.015910,0.058688,-0.749040
1752674063821,0.015911,0.058689,-0.749053
1752674063850,0.015911,0.058690,-0.749065
1752674063878,0.015911,0.058691,-0.749076
1752674063904,0.015911,0.058691,-0.749085
1752674063936,0.015912,0.058692,-0.749094
1752674063965,0.015912,0.058693,-0.749102
1752674063990,0.015912,0.058693,-0.749109
1752674064018,0.015912,0.058694,-0.749116
1752674064046,0.015912,0.058694,-0.749121
1752674064070,0.015912,0.058695,-0.749127
1752674064095,0.015912,0.058695,-0.749132
1752674064120,0.015912,0.058695,-0.749136
1752674064146,0.015913,0.058696,-0.749140
1752674064172,0.015913,0.058696,-0.749143
1752674064197,0.015913,0.058696,-0.749147
1752674064223,0.015913,0.058696,-0.749149
1752674064249,0.015913,0.058697,-0.749152
1752674064274,0.015913,0.058697,-0.749154
1752674064300,0.015913,0.058697,-0.749157
1752674064325,0.015913,0.058697,-0.749159
1752674064349,0.015913,0.058697,-0.749160
1752674064374,0.015913,0.058697,-0.749162
1752674064399,0.015913,0.058697,-0.749163
1752674064422,0.015913,0.058698,-0.749165
1752674064445,0.015913,0.058698,-0.749166
1752674064467,0.015913,0.058698,-0.749167
1752674064489,0.015913,0.058698,-0.749168
1752674064511,0.015913,0.058698,-0.749169
1752674064533,0.015913,0.058698,-0.749169
1752674064554,0.015913,0.058698,-0.749170
1752674064576,0.015913,0.058698,-0.749171
1752674064597,0.015913,0.058698,-0.749171
1752674064617,0.015913,0.058698,-0.749172
1752674064638,0.015913,0.058698,-0.749172
1752674064658,0.015913,0.058698,-0.749173
1752674064677,0.015913,0.058698,-0.749173
1752674064696,0.015913,0.058698,-0.749174
1752674064715,0.015913,0.058698,-0.749174
1752674064733,0.015913,0.058698,-0.749174
1752674064752,0.015913,0.058698,-0.749174
1752674064769,0.015913,0.058698,-0.749175
1752674064786,0.015913,0.058698,-0.749175
1752674064803,0.015913,0.058698,-0.749175
1752674064822,0.015913,0.058698,-0.749175
1752674064837,0.015913,0.058698,-0.749175
1752674064851,0.015913,0.058698,-0.749176
1752674064866,0.015913,0.058698,-0.749176
1752674064881,0.015913,0.058698,-0.749176
1752674064895,0.015913,0.058698,-0.749176
1752674064908,0.015913,0.058698,-0.749176
1752674064921,0.015913,0.058698,-0.749176
1752674064934,0.015913,0.058698,-0.749176
1752674064947,0.015913,0.058699,-0.749176
1752674064959,0.015913,0.058699,-0.749176
1752674064971,0.015913,0.058699,-0.749176
1752674064982,0.015913,0.058699,-0.749176
1752674064993,0.015913,0.058699,-0.749176
1752674065003,0.015913,0.058699,-0.749177
1752674065013,0.015913,0.058699,-0.749177
1752674065023,0.015913,0.058699,-0.749177
1752674065032,0.015913,0.058699,-0.749177
1752674065040,0.015913,0.058699,-0.749177
1752674065048,0.015913,0.058699,-0.749177
1752674065059,0.015913,0.058699,-0.749177
1752674065065,0.015913,0.058699,-0.749177
1752674065075,0.015913,0.058699,-0.749177
1752674065081,0.015913,0.058699,-0.749177
1752674065089,0.015913,0.058699,-0.749177
1752674065106,0.015913,0.058699,-0.749177
1752674065110,0.015913,0.058699,-0.749177
1752674065115,0.015913,0.058699,-0.749177
1752674065133,0.015913,0.058699,-0.749177
1752674065136,0.015913,0.058699,-0.749177
1752674065147,0.015913,0.058699,-0.749177
1752674065162,0.015913,0.058699,-0.749177
1752674095235,0.017226,0.059057,-0.745564
1752674095271,0.018413,0.059382,-0.742295
1752674095307,0.019488,0.059676,-0.739336
1752674095344,0.020460,0.059942,-0.736660
1752674095380,0.021340,0.060182,-0.734237
1752674095418,0.022136,0.060400,-0.732046
1752674095454,0.022856,0.060597,-0.730062
1752674095492,0.023508,0.060775,-0.728268
1752674095526,0.024098,0.060937,-0.726644
1752674095563,0.024632,0.061083,-0.725174
1752674095598,0.025115,0.061215,-0.723845
1752674095633,0.025552,0.061334,-0.722642
1752674095666,0.025947,0.061442,-0.721553
1752674095700,0.026305,0.061540,-0.720568
1752674095731,0.026629,0.061629,-0.719676
1752674095762,0.026922,0.061709,-0.718870
1752674095794,0.027187,0.061782,-0.718140
1752674095824,0.027427,0.061847,-0.717479
1752674095855,0.027644,0.061906,-0.716882
1752674095893,0.027840,0.061960,-0.716341
1752674095931,0.028018,0.062009,-0.715851
1752674095960,0.028179,0.062053,-0.715409
1752674095990,0.028325,0.062093,-0.715008
1752674096019,0.028456,0.062129,-0.714645
1752674096047,0.028575,0.062161,-0.714317
1752674096079,0.028683,0.062191,-0.714020
1752674096106,0.028781,0.062217,-0.713752
1752674096133,0.028869,0.062242,-0.713509
1752674096160,0.028949,0.062263,-0.713289
1752674096185,0.029021,0.062283,-0.713090
1752674096211,0.029087,0.062301,-0.712910
1752674096235,0.029146,0.062317,-0.712747
1752674096259,0.029199,0.062332,-0.712599
1752674096282,0.029248,0.062345,-0.712466
1752674096305,0.029292,0.062357,-0.712345
1752674096328,0.029331,0.062368,-0.712236
1752674096350,0.029367,0.062378,-0.712137
1752674096372,0.029400,0.062387,-0.712048
1752674096393,0.029429,0.062395,-0.711967
1752674096415,0.029456,0.062402,-0.711893
1752674096436,0.029480,0.062409,-0.711827
1752674096455,0.029502,0.062415,-0.711767
1752674096475,0.029521,0.062420,-0.711713
1752674096497,0.029539,0.062425,-0.711664
1752674096516,0.029555,0.062429,-0.711619
1752674096535,0.029570,0.062433,-0.711579
1752674096554,0.029583,0.062437,-0.711543
1752674096574,0.029595,0.062440,-0.711510
1752674096592,0.029606,0.062443,-0.711480
1752674096610,0.029616,0.062446,-0.711453
1752674096629,0.029625,0.062448,-0.711429
1752674096646,0.029633,0.062450,-0.711407
1752674096664,0.029640,0.062452,-0.711387
1752674096683,0.029647,0.062454,-0.711369
1752674096699,0.029652,0.062456,-0.711352
1752674096715,0.029658,0.062457,-0.711337
1752674096730,0.029663,0.062459,-0.711324
1752674096757,0.029667,0.062460,-0.711312
1752674096775,0.029671,0.062461,-0.711301
1752674096790,0.029675,0.062462,-0.711291
1752674096825,0.029678,0.062463,-0.711282
1752674096857,0.029681,0.062464,-0.711274
1752674096891,0.029684,0.062464,-0.711267
1752674096922,0.029686,0.062465,-0.711260
1752674096939,0.029688,0.062466,-0.711254
1752674096955,0.029690,0.062466,-0.711248
1752674096989,0.029692,0.062467,-0.711244
1752674097023,0.029694,0.062467,-0.711239
1752674097052,0.029695,0.062467,-0.711235
1752674097070,0.029696,0.062468,-0.711231
1752674097086,0.029698,0.062468,-0.711228
1752674097119,0.029699,0.062468,-0.711225
1752674097153,0.029700,0.062469,-0.711222
1752674097170,0.029701,0.062469,-0.711220
1752674097186,0.029701,0.062469,-0.711218
1752674097203,0.029702,0.062469,-0.711216
1752674097218,0.029703,0.062469,-0.711214
1752674097237,0.029703,0.062470,-0.711212
1752674097251,0.029704,0.062470,-0.711211
1752674097269,0.029704,0.062470,-0.711209
1752674097283,0.029705,0.062470,-0.711208
1752674097300,0.029705,0.062470,-0.711207
1752674097317,0.029706,0.062470,-0.711206
1752674097333,0.029706,0.062470,-0.711205
1752674097349,0.029706,0.062470,-0.711204
1752674097369,0.029706,0.062471,-0.711204
1752674097385,0.029707,0.062471,-0.711203
1752674097399,0.029707,0.062471,-0.711202
1752674097414,0.029707,0.062471,-0.711202
1752674097431,0.029707,0.062471,-0.711201
1752674097445,0.029707,0.062471,-0.711201
1752674097465,0.029708,0.062471,-0.711200
1752674097478,0.029708,0.062471,-0.711200
1752674097496,0.029708,0.062471,-0.711200
1752674097513,0.029708,0.062471,-0.711199
1752674097528,0.029708,0.062471,-0.711199
1752674097543,0.029708,0.062471,-0.711199
1752674097560,0.029708,0.062471,-0.711199
1752674097575,0.029708,0.062471,-0.711199
1752674117826,0.019370,0.072635,-0.753876
1752674117866,0.010016,0.081831,-0.792493
1752674117904,0.001551,0.090153,-0.827438
1752674117945,-0.006108,0.097684,-0.859058
1752674117983,-0.013039,0.104498,-0.887670
1752674118022,-0.019311,0.110664,-0.913560
1752674118058,-0.024986,0.116243,-0.936988
1752674118094,-0.030121,0.121291,-0.958187
1752674118128,-0.034768,0.125860,-0.977370
1752674118163,-0.038972,0.129994,-0.994727
1752674118198,-0.042777,0.133734,-1.010434
1752674118234,-0.046220,0.137119,-1.024647
1752674118271,-0.049335,0.140182,-1.037507
1752674118304,-0.052154,0.142953,-1.049144
1752674118375,-0.054705,0.145461,-1.059675
1752674118408,-0.057013,0.147730,-1.069203
1752674118440,-0.059101,0.149783,-1.077825
1752674118472,-0.060991,0.151641,-1.085627
1752674118506,-0.062701,0.153323,-1.092687
1752674118539,-0.064249,0.154844,-1.099075
1752674118612,-0.065649,0.156221,-1.104856
1752674118644,-0.066916,0.157466,-1.110086
1752674118676,-0.068063,0.158594,-1.114820
1752674118708,-0.069100,0.159614,-1.119102
1752674118780,-0.070039,0.160536,-1.122978
1752674118811,-0.070888,0.161372,-1.126485
1752674118841,-0.071657,0.162127,-1.129658
1752674118869,-0.072353,0.162811,-1.132529
1752674118899,-0.072982,0.163430,-1.135128
1752674118928,-0.073551,0.163990,-1.137479
1752674118956,-0.074067,0.164496,-1.139606
1752674118984,-0.074533,0.164955,-1.141531
1752674119012,-0.074955,0.165370,-1.143273
1752674119040,-0.075337,0.165745,-1.144849
1752674119067,-0.075682,0.166085,-1.146276
1752674119139,-0.075995,0.166392,-1.147566
1752674119165,-0.076278,0.166670,-1.148734
1752674119191,-0.076534,0.166922,-1.149791
1752674119217,-0.076766,0.167150,-1.150747
1752674119242,-0.076975,0.167356,-1.151612
1752674119358,-0.077165,0.167542,-1.152395
1752674119382,-0.077336,0.167711,-1.153104
1752674119404,-0.077492,0.167864,-1.153745
1752674119426,-0.077632,0.168002,-1.154325
1752674119450,-0.077759,0.168127,-1.154850
1752674119471,-0.077874,0.168240,-1.155325
1752674119536,-0.077979,0.168342,-1.155755
1752674119556,-0.078073,0.168435,-1.156144
1752674119576,-0.078158,0.168519,-1.156496
1752674119595,-0.078235,0.168595,-1.156814
1752674119614,-0.078305,0.168663,-1.157102
1752674119631,-0.078368,0.168725,-1.157363
1752674119649,-0.078425,0.168781,-1.157599
1752674119666,-0.078477,0.168832,-1.157812
1752674119683,-0.078524,0.168878,-1.158005
1752674119700,-0.078566,0.168920,-1.158180
1752674119716,-0.078604,0.168958,-1.158339
1752674119731,-0.078639,0.168992,-1.158482
1752674119747,-0.078671,0.169023,-1.158611
1752674119763,-0.078699,0.169050,-1.158728
1752674119778,-0.078725,0.169076,-1.158835
1752674119792,-0.078748,0.169099,-1.158931
1752674119806,-0.078769,0.169119,-1.159017
1752674119914,-0.078788,0.169138,-1.159096
1752674119927,-0.078805,0.169155,-1.159167
1752674119937,-0.078821,0.169170,-1.159231
1752674120043,-0.078835,0.169184,-1.159289
1752674120053,-0.078848,0.169197,-1.159342
1752674120062,-0.078859,0.169208,-1.159390
1752674120083,-0.078870,0.169218,-1.159433
1752674120091,-0.078879,0.169228,-1.159472
1752674120099,-0.078888,0.169236,-1.159507
1752674120114,-0.078895,0.169244,-1.159539
1752674120129,-0.078902,0.169250,-1.159568
1752674120147,-0.078909,0.169257,-1.159594
1752674120164,-0.078914,0.169262,-1.159618
1752674120220,-0.078920,0.169267,-1.159640
1752674120228,-0.078924,0.169272,-1.159659
1752674120233,-0.078929,0.169276,-1.159677
1752674120236,-0.078932,0.169280,-1.159692
1752674120245,-0.078936,0.169283,-1.159707
1752674120260,-0.078939,0.169286,-1.159720
1752674120263,-0.078942,0.169289,-1.159732
1752674120276,-0.078944,0.169292,-1.159742
1752674120291,-0.078947,0.169294,-1.159752
1752674120293,-0.078949,0.169296,-1.159760
1752674181117,-0.075265,0.044008,0.181453
1752674181148,-0.075642,0.044228,0.182360
1752674181182,-0.075769,0.044302,0.182666
1752674181216,-0.075833,0.044340,0.182821
1752674181246,-0.075872,0.044363,0.182916
1752674181279,-0.075899,0.044378,0.182979
1752674181311,-0.075918,0.044389,0.183025
1752674181341,-0.075932,0.044398,0.183061
1752674181372,-0.075944,0.044405,0.183088
1752674181402,-0.075953,0.044410,0.183111
1752674181429,-0.075961,0.044415,0.183130
1752674181456,-0.075968,0.044419,0.183146
1752674181487,-0.075973,0.044422,0.183159
1752674181517,-0.075978,0.044425,0.183171
1752674181543,-0.075982,0.044427,0.183181
1752674181572,-0.075986,0.044429,0.183190
1752674181601,-0.075989,0.044431,0.183198
1752674181636,-0.075992,0.044433,0.183205
1752674181666,-0.075995,0.044434,0.183211
1752674181693,-0.075997,0.044436,0.183216
1752674181720,-0.075999,0.044437,0.183221
1752674181749,-0.076001,0.044438,0.183226
1752674181775,-0.076002,0.044439,0.183230
1752674181799,-0.076004,0.044440,0.183233
1752674181823,-0.076005,0.044441,0.183237
1752674181851,-0.076007,0.044441,0.183240
1752674181880,-0.076008,0.044442,0.183242
1752674181905,-0.076009,0.044443,0.183245
1752674181929,-0.076009,0.044443,0.183247
1752674181953,-0.076010,0.044444,0.183249
1752674181977,-0.076011,0.044444,0.183250
1752674182001,-0.076012,0.044444,0.183252
1752674182022,-0.076012,0.044445,0.183253
1752674182046,-0.076013,0.044445,0.183255
1752674182069,-0.076013,0.044445,0.183256
1752674182090,-0.076014,0.044446,0.183257
1752674182115,-0.076014,0.044446,0.183258
1752674182136,-0.076014,0.044446,0.183259
1752674182155,-0.076015,0.044446,0.183260
1752674182177,-0.076015,0.044446,0.183260
1752674182199,-0.076015,0.044447,0.183261
1752674182227,-0.076016,0.044447,0.183262
1752674182247,-0.076016,0.044447,0.183262
1752674182265,-0.076016,0.044447,0.183263
1752674182284,-0.076016,0.044447,0.183263
1752674182302,-0.076016,0.044447,0.183263
1752674182318,-0.076017,0.044447,0.183264
1752674182336,-0.076017,0.044447,0.183264
1752674182353,-0.076017,0.044447,0.183264
1752674182369,-0.076017,0.044447,0.183265
1752674182383,-0.076017,0.044447,0.183265
1752674182398,-0.076017,0.044447,0.183265
1752674182416,-0.076017,0.044448,0.183265
1752674182431,-0.076017,0.044448,0.183265
1752674182445,-0.076017,0.044448,0.183266
1752674182459,-0.076017,0.044448,0.183266
1752674182475,-0.076017,0.044448,0.183266
1752674182489,-0.076017,0.044448,0.183266
1752674182503,-0.076017,0.044448,0.183266
1752674182517,-0.076018,0.044448,0.183266
1752674182528,-0.076018,0.044448,0.183266
1752674182541,-0.076018,0.044448,0.183266
1752674182552,-0.076018,0.044448,0.183266
1752674182564,-0.076018,0.044448,0.183266
1752674182575,-0.076018,0.044448,0.183267
1752674182588,-0.076018,0.044448,0.183267
1752674182598,-0.076018,0.044448,0.183267
1752674182609,-0.076018,0.044448,0.183267
1752674182620,-0.076018,0.044448,0.183267
1752674182630,-0.076018,0.044448,0.183267
1752674182640,-0.076018,0.044448,0.183267
1752674182649,-0.076018,0.044448,0.183267
1752674182659,-0.076018,0.044448,0.183267
1752674182669,-0.076018,0.044448,0.183267
1752674182677,-0.076018,0.044448,0.183267
1752674182685,-0.076018,0.044448,0.183267
1752674182695,-0.076018,0.044448,0.183267
1752674182703,-0.076018,0.044448,0.183267
1752674182711,-0.076018,0.044448,0.183267
1752674182720,-0.076018,0.044448,0.183267
1752674182727,-0.076018,0.044448,0.183267
1752674182734,-0.076018,0.044448,0.183267
1752674182753,-0.076018,0.044448,0.183267
1752674182758,-0.076018,0.044448,0.183267
1752674182764,-0.076018,0.044448,0.183267
1752674182784,-0.076018,0.044448,0.183267
1752674182788,-0.076018,0.044448,0.183267
1752674182794,-0.076018,0.044448,0.183267
1752674182799,-0.076018,0.044448,0.183267
1752674182814,-0.076018,0.044448,0.183267
1752674182818,-0.076018,0.044448,0.183267
1752674182821,-0.076018,0.044448,0.183267
1752674182825,-0.076018,0.044448,0.183267
1752674182847,-0.076018,0.044448,0.183267
1752674182849,-0.076018,0.044448,0.183267
1752674182851,-0.076018,0.044448,0.183267
1752674182878,-0.076018,0.044448,0.183267
1752674182879,-0.076018,0.044448,0.183267
1752674182880,-0.076018,0.044448,0.183267
1752674205794,-0.060374,0.043049,0.149123
1752674205816,-0.046218,0.041783,0.118227
1752674205839,-0.033409,0.040638,0.090270
1752674205862,-0.021819,0.039601,0.064973
1752674205884,-0.011331,0.038663,0.042082
1752674205907,-0.001840,0.037815,0.021368
1752674205929,0.006748,0.037047,0.002625
1752674205951,0.014518,0.036352,-0.014335
1752674205974,0.021550,0.035723,-0.029682
1752674205996,0.027913,0.035154,-0.043569
1752674206018,0.033670,0.034639,-0.056135
1752674206041,0.038880,0.034173,-0.067506
1752674206063,0.043594,0.033752,-0.077795
1752674206085,0.047860,0.033370,-0.087105
1752674206112,0.051720,0.033025,-0.095530
1752674206134,0.055212,0.032713,-0.103153
1752674206156,0.058373,0.032430,-0.110051
1752674206178,0.061233,0.032175,-0.116293
1752674206200,0.063821,0.031943,-0.121941
1752674206223,0.066162,0.031734,-0.127052
1752674206245,0.068281,0.031544,-0.131677
1752674206268,0.070199,0.031373,-0.135862
1752674206291,0.071934,0.031218,-0.139648
1752674206313,0.073503,0.031077,-0.143075
1752674206335,0.074924,0.030950,-0.146175
1752674206357,0.076209,0.030835,-0.148981
1752674206379,0.077373,0.030731,-0.151520
1752674206402,0.078425,0.030637,-0.153817
1752674206424,0.079378,0.030552,-0.155896
1752674206446,0.080239,0.030475,-0.157777
1752674206467,0.081019,0.030405,-0.159479
1752674206489,0.081725,0.030342,-0.161019
1752674206511,0.082363,0.030285,-0.162413
1752674206534,0.082941,0.030233,-0.163674
1752674206557,0.083464,0.030187,-0.164815
1752674206579,0.083937,0.030144,-0.165847
1752674206601,0.084365,0.030106,-0.166782
1752674206622,0.084753,0.030071,-0.167627
1752674206644,0.085103,0.030040,-0.168392
1752674206667,0.085420,0.030012,-0.169084
1752674206690,0.085707,0.029986,-0.169711
1752674206712,0.085967,0.029963,-0.170278
1752674206735,0.086202,0.029942,-0.170790
1752674206756,0.086415,0.029923,-0.171255
1752674206778,0.086607,0.029906,-0.171675
1752674206800,0.086781,0.029890,-0.172055
1752674206822,0.086939,0.029876,-0.172398
1752674206845,0.087081,0.029863,-0.172710
1752674206867,0.087210,0.029852,-0.172991
1752674206889,0.087327,0.029841,-0.173246
1752674206911,0.087433,0.029832,-0.173476
1752674206933,0.087528,0.029823,-0.173685
1752674206954,0.087615,0.029815,-0.173874
1752674206978,0.087693,0.029808,-0.174045
1752674207000,0.087764,0.029802,-0.174199
1752674207021,0.087828,0.029796,-0.174339
1752674207043,0.087886,0.029791,-0.174466
1752674207065,0.087938,0.029786,-0.174580
1752674207087,0.087986,0.029782,-0.174684
1752674207108,0.088029,0.029778,-0.174778
1752674207128,0.088068,0.029775,-0.174862
1752674207150,0.088103,0.029772,-0.174939
1752674207171,0.088135,0.029769,-0.175009
1752674207190,0.088163,0.029766,-0.175071
1752674207210,0.088189,0.029764,-0.175128
1752674207228,0.088213,0.029762,-0.175180
1752674207247,0.088234,0.029760,-0.175226
1752674207264,0.088254,0.029758,-0.175269
1752674207281,0.088271,0.029757,-0.175307
1752674207298,0.088287,0.029755,-0.175341
1752674207316,0.088301,0.029754,-0.175372
1752674207334,0.088314,0.029753,-0.175401
1752674207349,0.088326,0.029752,-0.175426
1752674207365,0.088337,0.029751,-0.175449
1752674207379,0.088346,0.029750,-0.175470
1752674207395,0.088355,0.029749,-0.175489
1752674207408,0.088363,0.029749,-0.175506
1752674207420,0.088370,0.029748,-0.175522
1752674207432,0.088376,0.029747,-0.175536
1752674207443,0.088382,0.029747,-0.175549
1752674207453,0.088387,0.029746,-0.175560
1752674207463,0.088392,0.029746,-0.175571
1752674207473,0.088396,0.029746,-0.175580
1752674207482,0.088400,0.029745,-0.175588
1752674207492,0.088404,0.029745,-0.175596
1752674207500,0.088407,0.029745,-0.175603
1752674207508,0.088410,0.029744,-0.175609
1752674207515,0.088413,0.029744,-0.175615
1752674207522,0.088415,0.029744,-0.175620
1752674207528,0.088417,0.029744,-0.175625
1752674207536,0.088419,0.029744,-0.175629
1752674207541,0.088421,0.029743,-0.175633
1752674207549,0.088422,0.029743,-0.175637
1752674207553,0.088424,0.029743,-0.175640
1752674207558,0.088425,0.029743,-0.175642
1752674207568,0.088426,0.029743,-0.175645
1752674207578,0.088427,0.029743,-0.175647
1752674207579,0.088428,0.029743,-0.175649
1752674207580,0.088429,0.029743,-0.175651
1752674260443,0.059318,0.039513,-0.165858
1752674260485,0.032976,0.048353,-0.156996
1752674260527,0.009140,0.056353,-0.148977
1752674260569,-0.012429,0.063592,-0.141721
1752674260609,-0.031946,0.070142,-0.135156
1752674260651,-0.049606,0.076069,-0.129215
1752674260693,-0.065587,0.081432,-0.123838
1752674260734,-0.080047,0.086285,-0.118974
1752674260775,-0.093132,0.090677,-0.114572
1752674260815,-0.104972,0.094650,-0.110589
1752674260854,-0.115686,0.098246,-0.106984
1752674260894,-0.125380,0.101500,-0.103723
1752674260933,-0.134153,0.104444,-0.100772
1752674260970,-0.142091,0.107108,-0.098101
1752674261008,-0.149274,0.109518,-0.095685
1752674261046,-0.155773,0.111700,-0.093498
1752674261084,-0.161655,0.113674,-0.091520
1752674261124,-0.166976,0.115460,-0.089730
1752674261163,-0.171792,0.117076,-0.088110
1752674261202,-0.176150,0.118538,-0.086644
1752674261241,-0.180093,0.119862,-0.085317
1752674261279,-0.183661,0.121059,-0.084117
1752674261317,-0.186889,0.122143,-0.083031
1752674261355,-0.189811,0.123123,-0.082048
1752674261391,-0.192454,0.124010,-0.081159
1752674261431,-0.194846,0.124813,-0.080354
1752674261467,-0.197011,0.125540,-0.079626
1752674261502,-0.198969,0.126197,-0.078967
1752674261537,-0.200742,0.126792,-0.078370
1752674261576,-0.202345,0.127330,-0.077831
1752674261611,-0.203797,0.127817,-0.077343
1752674261645,-0.205110,0.128258,-0.076901
1752674261679,-0.206298,0.128656,-0.076501
1752674261713,-0.207373,0.129017,-0.076140
1752674261746,-0.208346,0.129344,-0.075812
1752674261779,-0.209226,0.129639,-0.075516
1752674261812,-0.210023,0.129907,-0.075248
1752674261843,-0.210744,0.130148,-0.075006
1752674261874,-0.211396,0.130367,-0.074786
1752674261905,-0.211986,0.130565,-0.074588
1752674261935,-0.212520,0.130745,-0.074408
1752674261965,-0.213004,0.130907,-0.074245
1752674261993,-0.213441,0.131054,-0.074098
1752674262023,-0.213837,0.131186,-0.073965
1752674262051,-0.214195,0.131307,-0.073845
1752674262079,-0.214519,0.131415,-0.073736
1752674262106,-0.214812,0.131514,-0.073637
1752674262131,-0.215077,0.131603,-0.073548
1752674262156,-0.215317,0.131683,-0.073467
1752674262182,-0.215534,0.131756,-0.073394
1752674262205,-0.215731,0.131822,-0.073328
1752674262228,-0.215909,0.131882,-0.073268
1752674262250,-0.216070,0.131936,-0.073214
1752674262278,-0.216215,0.131985,-0.073165
1752674262298,-0.216347,0.132029,-0.073121
1752674262318,-0.216466,0.132069,-0.073080
1752674262340,-0.216574,0.132105,-0.073044
1752674262360,-0.216672,0.132138,-0.073011
1752674262379,-0.216760,0.132168,-0.072982
1752674262400,-0.216840,0.132195,-0.072955
1752674262418,-0.216913,0.132219,-0.072930
1752674262436,-0.216978,0.132241,-0.072908
1752674262453,-0.217037,0.132261,-0.072888
1752674262471,-0.217091,0.132279,-0.072870
1752674262488,-0.217139,0.132295,-0.072854
1752674262505,-0.217183,0.132310,-0.072839
1752674262520,-0.217223,0.132323,-0.072826
1752674262535,-0.217259,0.132335,-0.072814
1752674262550,-0.217291,0.132346,-0.072803
1752674262564,-0.217321,0.132356,-0.072793
1752674262577,-0.217347,0.132365,-0.072784
1752674262591,-0.217372,0.132373,-0.072776
1752674262605,-0.217393,0.132380,-0.072769
1752674262620,-0.217413,0.132387,-0.072762
1752674262636,-0.217431,0.132393,-0.072756
1752674262650,-0.217447,0.132398,-0.072751
1752674262667,-0.217462,0.132403,-0.072746
1752674262679,-0.217475,0.132408,-0.072741
1752674262690,-0.217487,0.132412,-0.072737
1752674262701,-0.217498,0.132415,-0.072734
1752674262711,-0.217508,0.132418,-0.072730
1752674262728,-0.217516,0.132421,-0.072727
1752674262738,-0.217524,0.132424,-0.072725
1752674262747,-0.217532,0.132427,-0.072722
1752674262756,-0.217538,0.132429,-0.072720
1752674262766,-0.217544,0.132431,-0.072718
1752674262774,-0.217550,0.132433,-0.072716
1752674262783,-0.217554,0.132434,-0.072714
1752674262790,-0.217559,0.132436,-0.072713
1752674262799,-0.217563,0.132437,-0.072712
1752674262814,-0.217566,0.132438,-0.072710
1752674262820,-0.217570,0.132439,-0.072709
1752674262825,-0.217573,0.132440,-0.072708
1752674262844,-0.217575,0.132441,-0.072707
1752674262847,-0.217578,0.132442,-0.072707
1752674262851,-0.217580,0.132443,-0.072706
1752674262877,-0.217582,0.132443,-0.072705
1752674262879,-0.217584,0.132444,-0.072705
1752674262884,-0.217585,0.132445,-0.072704
1752674275856,-0.205529,0.125208,-0.083155
1752674275899,-0.194620,0.118661,-0.092612
1752674275940,-0.184749,0.112736,-0.101170
1752674275982,-0.175816,0.107374,-0.108913
1752674276025,-0.167733,0.102523,-0.115920
1752674276070,-0.160420,0.098133,-0.122260
1752674276111,-0.153801,0.094161,-0.127997
1752674276152,-0.147813,0.090567,-0.133189
1752674276194,-0.142394,0.087314,-0.137886
1752674276236,-0.137490,0.084371,-0.142137
1752674276277,-0.133053,0.081708,-0.145983
1752674276317,-0.129038,0.079298,-0.149464
1752674276355,-0.125405,0.077118,-0.152613
1752674276392,-0.122118,0.075145,-0.155463
1752674276428,-0.119143,0.073359,-0.158042
1752674276464,-0.116452,0.071743,-0.160375
1752674276500,-0.114016,0.070282,-0.162486
1752674276536,-0.111812,0.068959,-0.164397
1752674276571,-0.109817,0.067762,-0.166126
1752674276606,-0.108013,0.066679,-0.167690
1752674276640,-0.106380,0.065698,-0.169106
1752674276675,-0.104902,0.064812,-0.170387
1752674276708,-0.103565,0.064009,-0.171546
1752674276741,-0.102355,0.063283,-0.172595
1752674276773,-0.101260,0.062626,-0.173544
1752674276805,-0.100270,0.062031,-0.174403
1752674276837,-0.099373,0.061493,-0.175180
1752674276871,-0.098562,0.061006,-0.175883
1752674276904,-0.097828,0.060566,-0.176519
1752674276936,-0.097164,0.060167,-0.177095
1752674276966,-0.096563,0.059806,-0.177616
1752674276997,-0.096019,0.059480,-0.178087
1752674277062,-0.095527,0.059185,-0.178514
1752674277089,-0.095082,0.058917,-0.178900
1752674277118,-0.094679,0.058676,-0.179249
1752674277146,-0.094314,0.058457,-0.179565
1752674277173,-0.093985,0.058259,-0.179851
1752674277200,-0.093686,0.058079,-0.180110
1752674277226,-0.093416,0.057917,-0.180344
1752674277252,-0.093171,0.057771,-0.180556
1752674277279,-0.092950,0.057638,-0.180748
1752674277304,-0.092750,0.057518,-0.180921
1752674277330,-0.092569,0.057409,-0.181078
1752674277354,-0.092405,0.057311,-0.181220
1752674277379,-0.092257,0.057222,-0.181349
1752674277403,-0.092123,0.057141,-0.181465
1752674277426,-0.092001,0.057068,-0.181570
1752674277449,-0.091891,0.057002,-0.181666
1752674277473,-0.091792,0.056943,-0.181752
1752674277498,-0.091702,0.056889,-0.181830
1752674277521,-0.091621,0.056840,-0.181900
1752674277544,-0.091547,0.056796,-0.181964
1752674277567,-0.091480,0.056756,-0.182022
1752674277589,-0.091420,0.056719,-0.182074
1752674277610,-0.091365,0.056687,-0.182122
1752674277632,-0.091316,0.056657,-0.182164
1752674277652,-0.091271,0.056630,-0.182203
1752674277672,-0.091231,0.056606,-0.182238
1752674277692,-0.091194,0.056584,-0.182270
1752674277710,-0.091161,0.056564,-0.182299
1752674277728,-0.091131,0.056546,-0.182325
1752674277746,-0.091104,0.056530,-0.182348
1752674277763,-0.091080,0.056515,-0.182369
1752674277780,-0.091057,0.056502,-0.182389
1752674277798,-0.091037,0.056490,-0.182406
1752674277814,-0.091019,0.056479,-0.182422
1752674277831,-0.091003,0.056469,-0.182436
1752674277848,-0.090988,0.056460,-0.182449
1752674277865,-0.090974,0.056452,-0.182461
1752674277880,-0.090962,0.056445,-0.182471
1752674277895,-0.090951,0.056438,-0.182481
1752674277909,-0.090941,0.056432,-0.182489
1752674277922,-0.090932,0.056427,-0.182497
1752674277935,-0.090924,0.056422,-0.182504
1752674277948,-0.090917,0.056417,-0.182511
1752674277961,-0.090910,0.056413,-0.182516
1752674277973,-0.090904,0.056410,-0.182522
1752674277984,-0.090898,0.056406,-0.182526
1752674277995,-0.090893,0.056403,-0.182531
1752674278005,-0.090889,0.056401,-0.182535
1752674278014,-0.090885,0.056398,-0.182538
1752674278023,-0.090881,0.056396,-0.182541
1752674278033,-0.090878,0.056394,-0.182544
1752674278041,-0.090875,0.056392,-0.182547
1752674278049,-0.090872,0.056391,-0.182549
1752674278057,-0.090870,0.056389,-0.182551
1752674278069,-0.090867,0.056388,-0.182553
1752674278075,-0.090865,0.056387,-0.182555
1752674278083,-0.090864,0.056385,-0.182557
1752674278090,-0.090862,0.056384,-0.182558
1752674278110,-0.090861,0.056384,-0.182559
1752674278114,-0.090859,0.056383,-0.182560
1752674278117,-0.090858,0.056382,-0.182562
1752674278138,-0.090857,0.056381,-0.182562
1752674278146,-0.090856,0.056381,-0.182563
1752674278148,-0.090855,0.056380,-0.182564
1752674278175,-0.090854,0.056380,-0.182565
1752674278176,-0.090853,0.056379,-0.182565
1752674314637,-0.078871,0.076074,-0.272290
1752674314735,-0.068029,0.093895,-0.353479
1752674315008,-0.058218,0.110021,-0.426946
1752674315069,-0.049340,0.124612,-0.493424
1752674315128,-0.041307,0.137816,-0.553578
1752674315434,-0.034038,0.149764,-0.608010
1752674315455,-0.027461,0.160575,-0.657264
1752674315684,-0.021509,0.170358,-0.701833
1752674315773,-0.016123,0.179210,-0.742162
1752674315899,-0.011250,0.187220,-0.778655
1752674316250,-0.006840,0.194469,-0.811676
1752674316596,-0.002849,0.201027,-0.841557
1752674317472,0.000761,0.206962,-0.868595
1752674317511,0.004029,0.212332,-0.893061
1752674336297,0.091352,0.104954,-0.654783
1752674336335,0.170369,0.007790,-0.439171
1752674336372,0.241870,-0.080132,-0.244070
1752674336418,0.306569,-0.159689,-0.067527
1752674336457,0.365114,-0.231679,0.092222
1752674336497,0.418089,-0.296821,0.236775
1752674336534,0.466025,-0.355766,0.367577
1752674336572,0.509402,-0.409105,0.485937
1752674336609,0.548652,-0.457369,0.593037
1752674336645,0.584168,-0.501042,0.689950
1752674336681,0.616306,-0.540561,0.777644
1752674336715,0.645387,-0.576320,0.856996
1752674336750,0.671702,-0.608678,0.928800
1752674336787,0.695513,-0.637958,0.993773
1752674336821,0.717059,-0.664453,1.052566
1752674336854,0.736556,-0.688427,1.105766
1752674336886,0.754198,-0.710121,1.153906
1752674336919,0.770162,-0.729751,1.197466
1752674336954,0.784607,-0.747514,1.236883
1752674336987,0.797679,-0.763587,1.272550
1752674337018,0.809506,-0.778131,1.304824
1752674337049,0.820209,-0.791292,1.334028
1752674337080,0.829894,-0.803201,1.360454
1752674337112,0.838657,-0.813977,1.384367
1752674337145,0.846587,-0.823727,1.406004
1752674337177,0.853762,-0.832551,1.425584
1752674337208,0.860255,-0.840535,1.443300
1752674337238,0.866130,-0.847759,1.459332
1752674337268,0.871447,-0.854297,1.473839
1752674337300,0.876257,-0.860212,1.486965
1752674337328,0.880610,-0.865565,1.498843
1752674337357,0.884549,-0.870408,1.509591
1752674337385,0.888113,-0.874791,1.519317
1752674337413,0.891339,-0.878757,1.528118
1752674337442,0.894257,-0.882346,1.536081
1752674337471,0.896898,-0.885593,1.543287
1752674337499,0.899287,-0.888531,1.549807
1752674337525,0.901450,-0.891190,1.555707
1752674337549,0.903406,-0.893596,1.561046
1752674337573,0.905177,-0.895773,1.565877
1752674337597,0.906779,-0.897743,1.570249
1752674337620,0.908229,-0.899526,1.574205
1752674337646,0.909540,-0.901139,1.577784
1752674337670,0.910727,-0.902599,1.581023
1752674337694,0.911801,-0.903919,1.583954
1752674337717,0.912773,-0.905114,1.586606
1752674337740,0.913653,-0.906196,1.589005
1752674337767,0.914448,-0.907174,1.591177
1752674337790,0.915169,-0.908060,1.593142
1752674337811,0.915820,-0.908861,1.594920
1752674337840,0.916410,-0.909586,1.596528
1752674337862,0.916943,-0.910242,1.597984
1752674337888,0.917426,-0.910836,1.599302
1752674337909,0.917863,-0.911373,1.600494
1752674337930,0.918258,-0.911859,1.601572
1752674337951,0.918616,-0.912299,1.602548
1752674337971,0.918940,-0.912697,1.603431
1752674337991,0.919232,-0.913057,1.604231
1752674338010,0.919497,-0.913383,1.604954
1752674338029,0.919737,-0.913678,1.605608
1752674338047,0.919954,-0.913944,1.606200
1752674338065,0.920151,-0.914186,1.606736
1752674338083,0.920328,-0.914404,1.607221
1752674338100,0.920489,-0.914602,1.607659
1752674338118,0.920635,-0.914781,1.608056
1752674338135,0.920766,-0.914943,1.608416
1752674338153,0.920885,-0.915089,1.608741
1752674338169,0.920993,-0.915222,1.609035
1752674338185,0.921091,-0.915342,1.609301
1752674338199,0.921179,-0.915450,1.609542
1752674338214,0.921259,-0.915549,1.609760
1752674338228,0.921331,-0.915637,1.609957
1752674338241,0.921396,-0.915718,1.610135
1752674338256,0.921456,-0.915791,1.610297
1752674338273,0.921509,-0.915856,1.610443
1752674338287,0.921557,-0.915916,1.610575
1752674338312,0.921601,-0.915970,1.610695
1752674338324,0.921641,-0.916019,1.610803
1752674338339,0.921677,-0.916063,1.610901
1752674338350,0.921709,-0.916103,1.610989
1752674338375,0.921739,-0.916139,1.611070
1752674338387,0.921765,-0.916172,1.611142
1752674338398,0.921789,-0.916201,1.611208
1752674338408,0.921811,-0.916228,1.611267
1752674338416,0.921831,-0.916252,1.611321
1752674338435,0.921849,-0.916274,1.611370
1752674338442,0.921865,-0.916294,1.611414
1752674338470,0.921879,-0.916312,1.611454
1752674338480,0.921893,-0.916328,1.611490
1752674338485,0.921905,-0.916343,1.611522
1752674338503,0.921915,-0.916356,1.611552
1752674338508,0.921925,-0.916368,1.611578
1752674338513,0.921934,-0.916379,1.611603
1752674338533,0.921942,-0.916389,1.611624
1752674338536,0.921949,-0.916398,1.611644
1752674338539,0.921956,-0.916406,1.611662
1752674338566,0.921962,-0.916413,1.611678
1752674338568,0.921967,-0.916420,1.611693
1752674338569,0.921972,-0.916426,1.611706
1752674341855,0.843266,-0.820927,1.399525
1752674341892,0.772046,-0.734513,1.207528
1752674341927,0.707602,-0.656319,1.033794
1752674341962,0.649287,-0.585563,0.876587
1752674341997,0.596520,-0.521537,0.734334
1752674342032,0.548772,-0.463602,0.605613
1752674342066,0.505566,-0.411178,0.489137
1752674342099,0.466470,-0.363741,0.383740
1752674342132,0.431094,-0.320817,0.288369
1752674342164,0.399082,-0.281975,0.202071
1752674342197,0.370115,-0.246829,0.123981
1752674342228,0.343904,-0.215025,0.053320
1752674342263,0.320187,-0.186247,-0.010620
1752674342293,0.298725,-0.160207,-0.068477
1752674342324,0.279305,-0.136643,-0.120831
1752674342354,0.261732,-0.115321,-0.168204
1752674342383,0.245831,-0.096028,-0.211072
1752674342413,0.231443,-0.078569,-0.249861
1752674342442,0.218423,-0.062772,-0.284961
1752674342474,0.206641,-0.048477,-0.316721
1752674342502,0.195981,-0.035542,-0.345461
1752674342529,0.186334,-0.023837,-0.371466
1752674342555,0.177605,-0.013246,-0.394998
1752674342582,0.169707,-0.003662,-0.416292
1752674342610,0.162560,0.005010,-0.435560
1752674342637,0.156092,0.012857,-0.452995
1752674342663,0.150240,0.019958,-0.468771
1752674342688,0.144945,0.026383,-0.483047
1752674342713,0.140153,0.032197,-0.495965
1752674342739,0.135817,0.037458,-0.507654
1752674342764,0.131894,0.042219,-0.518231
1752674342788,0.128343,0.046526,-0.527802
1752674342813,0.125131,0.050424,-0.536462
1752674342838,0.122224,0.053952,-0.544299
1752674342864,0.119593,0.057143,-0.551390
1752674342888,0.117213,0.060031,-0.557807
1752674342913,0.115059,0.062644,-0.563613
1752674342938,0.113111,0.065009,-0.568867
1752674342963,0.111347,0.067149,-0.573621
1752674342987,0.109751,0.069085,-0.577923
1752674343009,0.108307,0.070837,-0.581816
1752674343030,0.107001,0.072423,-0.585338
1752674343051,0.105818,0.073857,-0.588526
1752674343073,0.104749,0.075155,-0.591410
1752674343094,0.103781,0.076330,-0.594019
1752674343115,0.102905,0.077393,-0.596381
1752674343135,0.102112,0.078354,-0.598518
1752674343156,0.101395,0.079225,-0.600452
1752674343175,0.100746,0.080012,-0.602201
1752674343194,0.100158,0.080725,-0.603784
1752674343214,0.099627,0.081370,-0.605217
1752674343236,0.099146,0.081953,-0.606513
1752674343258,0.098711,0.082481,-0.607686
1752674343276,0.098317,0.082959,-0.608748
1752674343294,0.097961,0.083391,-0.609708
1752674343312,0.097638,0.083782,-0.610578
1752674343333,0.097347,0.084136,-0.611364
1752674343350,0.097083,0.084457,-0.612076
1752674343367,0.096844,0.084746,-0.612720
1752674343384,0.096628,0.085009,-0.613302
1752674343401,0.096432,0.085246,-0.613829
1752674343417,0.096255,0.085461,-0.614307
1752674343433,0.096095,0.085655,-0.614738
1752674343447,0.095950,0.085831,-0.615129
1752674343461,0.095819,0.085990,-0.615482
1752674343477,0.095700,0.086134,-0.615802
1752674343499,0.095593,0.086264,-0.616092
1752674343513,0.095496,0.086382,-0.616354
1752674343527,0.095408,0.086489,-0.616591
1752674343540,0.095328,0.086585,-0.616805
1752674343555,0.095256,0.086673,-0.616999
1752674343571,0.095191,0.086752,-0.617175
1752674343582,0.095132,0.086823,-0.617334
1752674343598,0.095079,0.086888,-0.617477
1752674343609,0.095031,0.086946,-0.617608
1752674343619,0.094987,0.086999,-0.617725
1752674343633,0.094948,0.087047,-0.617832
1752674343643,0.094912,0.087091,-0.617928
1752674343652,0.094879,0.087130,-0.618015
1752674343660,0.094850,0.087165,-0.618094
1752674343669,0.094824,0.087198,-0.618166
1752674343677,0.094800,0.087227,-0.618230
1752674343686,0.094778,0.087253,-0.618289
1752674343693,0.094758,0.087277,-0.618342
1752674343703,0.094741,0.087298,-0.618390
1752674343713,0.094725,0.087318,-0.618433
1752674343719,0.094710,0.087336,-0.618472
1752674343737,0.094697,0.087351,-0.618508
1752674343742,0.094685,0.087366,-0.618540
1752674343749,0.094674,0.087379,-0.618569
1752674343760,0.094664,0.087391,-0.618595
1752674343769,0.094656,0.087402,-0.618619
1752674343772,0.094648,0.087411,-0.618640
1752674343793,0.094640,0.087420,-0.618660
1752674343798,0.094634,0.087428,-0.618677
1752674343800,0.094628,0.087435,-0.618693
1752674343824,0.094623,0.087442,-0.618708
1752674343831,0.094618,0.087447,-0.618721
1752674343832,0.094613,0.087453,-0.618733
1752674386943,0.127593,0.063943,-0.519429
1752674386961,0.157436,0.042670,-0.429572
1752674386980,0.184440,0.023420,-0.348263
1752674386998,0.208875,0.006002,-0.274688
1752674387017,0.230986,-0.009760,-0.208112
1752674387035,0.250993,-0.024022,-0.147869
1752674387053,0.269098,-0.036927,-0.093357
1752674387070,0.285480,-0.048605,-0.044030
1752674387089,0.300303,-0.059172,0.000605
1752674387106,0.313717,-0.068734,0.040994
1752674387124,0.325855,-0.077386,0.077540
1752674387142,0.336838,-0.085216,0.110611
1752674387158,0.346776,-0.092300,0.140535
1752674387175,0.355769,-0.098711,0.167613
1752674387193,0.363906,-0.104512,0.192115
1752674387210,0.371270,-0.109761,0.214287
1752674387228,0.377933,-0.114510,0.234349
1752674387246,0.383962,-0.118808,0.252503
1752674387264,0.389418,-0.122697,0.268930
1752674387283,0.394354,-0.126216,0.283794
1752674387300,0.398821,-0.129400,0.297245
1752674387318,0.402863,-0.132282,0.309416
1752674387336,0.406521,-0.134889,0.320429
1752674387353,0.409831,-0.137248,0.330394
1752674387374,0.412826,-0.139383,0.339412
1752674387391,0.415536,-0.141315,0.347572
1752674387408,0.417988,-0.143063,0.354955
1752674387425,0.420207,-0.144645,0.361637
1752674387443,0.422215,-0.146076,0.367682
1752674387460,0.424031,-0.147371,0.373153
1752674387482,0.425675,-0.148543,0.378103
1752674387498,0.427163,-0.149604,0.382582
1752674387515,0.428509,-0.150563,0.386636
1752674387531,0.429727,-0.151432,0.390303
1752674387547,0.430829,-0.152217,0.393622
1752674387563,0.431827,-0.152928,0.396625
1752674387579,0.432729,-0.153572,0.399342
1752674387596,0.433546,-0.154154,0.401801
1752674387612,0.434285,-0.154680,0.404026
1752674387630,0.434954,-0.155157,0.406040
1752674387646,0.435559,-0.155588,0.407862
1752674387662,0.436106,-0.155979,0.409510
1752674387678,0.436602,-0.156332,0.411002
1752674387693,0.437050,-0.156651,0.412352
1752674387710,0.437455,-0.156941,0.413573
1752674387726,0.437823,-0.157202,0.414678
1752674387742,0.438155,-0.157439,0.415678
1752674387759,0.438455,-0.157653,0.416583
1752674387776,0.438727,-0.157847,0.417402
1752674387793,0.438973,-0.158023,0.418143
1752674387809,0.439196,-0.158181,0.418814
1752674387826,0.439397,-0.158325,0.419420
1752674387842,0.439580,-0.158455,0.419969
1752674387859,0.439745,-0.158573,0.420466
1752674387876,0.439894,-0.158679,0.420916
1752674387896,0.440029,-0.158775,0.421322
1752674387913,0.440151,-0.158862,0.421691
1752674387931,0.440262,-0.158941,0.422024
1752674387951,0.440362,-0.159013,0.422325
1752674387968,0.440453,-0.159077,0.422598
1752674387985,0.440535,-0.159136,0.422844
1752674388003,0.440609,-0.159188,0.423068
1752674388020,0.440676,-0.159236,0.423270
1752674388037,0.440737,-0.159280,0.423453
1752674388055,0.440792,-0.159319,0.423618
1752674388072,0.440841,-0.159354,0.423768
1752674388089,0.440886,-0.159386,0.423903
1752674388107,0.440927,-0.159415,0.424026
1752674388125,0.440964,-0.159441,0.424137
1752674388145,0.440997,-0.159465,0.424237
1752674388164,0.441027,-0.159487,0.424328
1752674388180,0.441055,-0.159506,0.424410
1752674388198,0.441079,-0.159524,0.424484
1752674388214,0.441102,-0.159540,0.424552
1752674388228,0.441122,-0.159554,0.424613
1752674388245,0.441140,-0.159567,0.424668
1752674388258,0.441157,-0.159579,0.424718
1752674388272,0.441172,-0.159590,0.424763
1752674388285,0.441185,-0.159599,0.424803
1752674388297,0.441198,-0.159608,0.424840
1752674388309,0.441209,-0.159616,0.424874
1752674388319,0.441219,-0.159623,0.424904
1752674388337,0.441228,-0.159630,0.424931
1752674388350,0.441236,-0.159635,0.424956
1752674388360,0.441243,-0.159641,0.424979
1752674388369,0.441250,-0.159646,0.424999
1752674388384,0.441256,-0.159650,0.425017
1752674388398,0.441262,-0.159654,0.425034
1752674388405,0.441267,-0.159657,0.425049
1752674388416,0.441271,-0.159661,0.425062
1752674388430,0.441275,-0.159664,0.425075
1752674388435,0.441279,-0.159666,0.425086
1752674388448,0.441282,-0.159669,0.425096
1752674388462,0.441285,-0.159671,0.425105
1752674388465,0.441288,-0.159673,0.425113
1752674388475,0.441291,-0.159674,0.425121
1752674388492,0.441293,-0.159676,0.425128
1752674388494,0.441295,-0.159678,0.425134
1752674388506,0.441297,-0.159679,0.425139
1752674397116,0.397054,-0.141801,0.458514
1752674397157,0.357020,-0.125623,0.488713
1752674397199,0.320794,-0.110985,0.516040
1752674397239,0.288015,-0.097738,0.540768
1752674397279,0.258353,-0.085752,0.563143
1752674397319,0.231513,-0.074906,0.583390
1752674397358,0.207226,-0.065092,0.601711
1752674397396,0.185249,-0.056212,0.618289
1752674397435,0.165363,-0.048176,0.633290
1752674397473,0.147369,-0.040904,0.646864
1752674397511,0.131086,-0.034325,0.659147
1752674397548,0.116352,-0.028371,0.670261
1752674397584,0.103020,-0.022983,0.680318
1752674397625,0.090956,-0.018108,0.689419
1752674397661,0.080040,-0.013697,0.697654
1752674397695,0.070162,-0.009705,0.705105
1752674397730,0.061223,-0.006093,0.711848
1752674397764,0.053135,-0.002825,0.717949
1752674397798,0.045816,0.000132,0.723470
1752674397830,0.039194,0.002808,0.728466
1752674397864,0.033201,0.005230,0.732986
1752674397896,0.027779,0.007421,0.737077
1752674397928,0.022872,0.009404,0.740778
1752674397959,0.018432,0.011198,0.744127
1752674397991,0.014415,0.012822,0.747158
1752674398027,0.010779,0.014291,0.749901
1752674398056,0.007489,0.015620,0.752382
1752674398085,0.004513,0.016823,0.754628
1752674398115,0.001819,0.017911,0.756659
1752674398144,-0.000618,0.018896,0.758498
1752674398172,-0.002823,0.019787,0.760162
1752674398200,-0.004819,0.020594,0.761667
1752674398228,-0.006625,0.021324,0.763029
1752674398256,-0.008259,0.021984,0.764262
1752674398283,-0.009738,0.022581,0.765377
1752674398312,-0.011076,0.023122,0.766387
1752674398338,-0.012286,0.023611,0.767300
1752674398364,-0.013382,0.024054,0.768126
1752674398391,-0.014373,0.024455,0.768874
1752674398416,-0.015270,0.024817,0.769551
1752674398440,-0.016082,0.025145,0.770163
1752674398465,-0.016816,0.025442,0.770717
1752674398488,-0.017481,0.025710,0.771218
1752674398512,-0.018082,0.025953,0.771672
1752674398535,-0.018626,0.026173,0.772083
1752674398560,-0.019119,0.026372,0.772454
1752674398583,-0.019564,0.026552,0.772790
1752674398607,-0.019968,0.026715,0.773094
1752674398630,-0.020332,0.026863,0.773369
1752674398652,-0.020663,0.026996,0.773619
1752674398673,-0.020961,0.027117,0.773844
1752674398695,-0.021232,0.027226,0.774048
1752674398716,-0.021476,0.027325,0.774232
1752674398737,-0.021698,0.027414,0.774399
1752674398757,-0.021898,0.027495,0.774550
1752674398777,-0.022079,0.027569,0.774687
1752674398796,-0.022243,0.027635,0.774811
1752674398815,-0.022391,0.027695,0.774923
1752674398833,-0.022526,0.027749,0.775024
1752674398851,-0.022647,0.027798,0.775116
1752674398868,-0.022757,0.027843,0.775199
1752674398885,-0.022857,0.027883,0.775274
1752674398902,-0.022947,0.027919,0.775342
1752674398919,-0.023028,0.027952,0.775403
1752674398937,-0.023102,0.027982,0.775459
1752674398954,-0.023168,0.028009,0.775509
1752674398969,-0.023229,0.028033,0.775554
1752674398984,-0.023283,0.028055,0.775596
1752674398998,-0.023333,0.028075,0.775633
1752674399015,-0.023378,0.028093,0.775667
1752674399030,-0.023418,0.028110,0.775697
1752674399044,-0.023455,0.028124,0.775725
1752674399060,-0.023488,0.028138,0.775750
1752674399074,-0.023518,0.028150,0.775772
1752674399085,-0.023545,0.028161,0.775793
1752674399127,-0.023569,0.028171,0.775811
1752674399144,-0.023592,0.028180,0.775828
1752674399154,-0.023612,0.028188,0.775843
1752674399164,-0.023630,0.028195,0.775857
1752674399175,-0.023646,0.028202,0.775869
1752674399184,-0.023661,0.028208,0.775881
1752674399191,-0.023675,0.028213,0.775891
1752674399198,-0.023687,0.028218,0.775900
1752674399205,-0.023698,0.028223,0.775908
1752674399216,-0.023708,0.028227,0.775916
1752674399223,-0.023717,0.028230,0.775923
1752674399229,-0.023725,0.028234,0.775929
1752674399234,-0.023733,0.028237,0.775934
1752674399243,-0.023739,0.028239,0.775939
1752674399261,-0.023745,0.028242,0.775944
1752674399265,-0.023751,0.028244,0.775948
1752674399274,-0.023756,0.028246,0.775952
1752674399295,-0.023760,0.028248,0.775955
1752674399297,-0.023764,0.028250,0.775958
1752674399307,-0.023768,0.028251,0.775961
1752674399324,-0.023771,0.028252,0.775964
1752674399326,-0.023774,0.028254,0.775966
1752674399338,-0.023777,0.028255,0.775968
1752674399356,-0.023779,0.028256,0.775970
1752674399357,-0.014483,0.033146,0.640721
1752674407535,-0.002216,0.037461,0.529789
1752674407899,0.008884,0.041365,0.429409
1752674408828,0.018928,0.044898,0.338578
1752674409541,0.028017,0.048095,0.256388
1752674409880,0.036241,0.050988,0.182015
1752674410012,0.043683,0.053606,0.114718
1752674410751,0.050417,0.055974,0.053822
1752674439852,0.053420,-0.061831,0.286149
1752674439889,0.056138,-0.168430,0.496376
1752674439926,0.058596,-0.264889,0.686605
1752674439963,0.060821,-0.352172,0.858738
1752674440007,0.062835,-0.431153,1.014498
1752674440045,0.064656,-0.502620,1.155441
1752674440082,0.066305,-0.567289,1.282976
1752674440117,0.067797,-0.625807,1.398380
1752674440152,0.069146,-0.678758,1.502806
1752674440187,0.070368,-0.726672,1.597299
1752674440222,0.071473,-0.770028,1.682802
1752674440257,0.072473,-0.809260,1.760173
1752674440291,0.073378,-0.844760,1.830183
1752674440326,0.074197,-0.876883,1.893534
1752674440360,0.074938,-0.905950,1.950859
1752674440394,0.075608,-0.932253,2.002730
1752674440426,0.076215,-0.956053,2.049667
1752674440458,0.076764,-0.977589,2.092140
1752674440489,0.077261,-0.997077,2.130572
1752674440520,0.077710,-1.014711,2.165348
1752674440551,0.078117,-1.030667,2.196816
1752674440581,0.078485,-1.045106,2.225291
1752674440610,0.078818,-1.058171,2.251057
1752674440640,0.079120,-1.069993,2.274372
1752674440671,0.079392,-1.080691,2.295470
1752674440699,0.079639,-1.090371,2.314560
1752674440727,0.079862,-1.099131,2.331835
1752674440755,0.080064,-1.107057,2.347466
1752674440785,0.080247,-1.114229,2.361610
1752674440813,0.080413,-1.120719,2.374409
1752674440841,0.080562,-1.126591,2.385990
1752674440868,0.080698,-1.131905,2.396470
1752674440894,0.080820,-1.136713,2.405953
1752674440923,0.080931,-1.141064,2.414534
1752674440949,0.081032,-1.145002,2.422298
1752674440974,0.081123,-1.148564,2.429324
1752674441000,0.081205,-1.151788,2.435682
1752674441024,0.081279,-1.154705,2.441434
1752674441049,0.081346,-1.157344,2.446640
1752674441074,0.081407,-1.159733,2.451350
1752674441098,0.081462,-1.161894,2.455613
1752674441121,0.081512,-1.163850,2.459470
1752674441145,0.081557,-1.165619,2.462960
1752674441169,0.081598,-1.167221,2.466117
1752674441192,0.081635,-1.168670,2.468975
1752674441214,0.081668,-1.169981,2.471561
1752674441235,0.081699,-1.171167,2.473901
1752674441257,0.081726,-1.172241,2.476018
1752674441277,0.081751,-1.173212,2.477933
1752674441299,0.081773,-1.174091,2.479667
1752674441319,0.081794,-1.174887,2.481236
1752674441339,0.081812,-1.175607,2.482655
1752674441360,0.081828,-1.176258,2.483940
1752674441380,0.081844,-1.176847,2.485102
1752674441399,0.081857,-1.177380,2.486154
1752674441419,0.081869,-1.177863,2.487105
1752674441437,0.081881,-1.178300,2.487966
1752674441455,0.081891,-1.178695,2.488745
1752674441473,0.081900,-1.179052,2.489450
1752674441494,0.081908,-1.179376,2.490088
1752674441517,0.081915,-1.179669,2.490666
1752674441534,0.081922,-1.179933,2.491188
1752674441551,0.081928,-1.180173,2.491661
1752674441568,0.081934,-1.180390,2.492089
1752674441584,0.081939,-1.180586,2.492476
1752674441598,0.081943,-1.180764,2.492826
1752674441613,0.081947,-1.180925,2.493143
1752674441627,0.081951,-1.181070,2.493430
1752674441641,0.081955,-1.181202,2.493689
1752674441654,0.081958,-1.181321,2.493924
1752674441667,0.081960,-1.181428,2.494136
1752674441683,0.081963,-1.181526,2.494328
1752674441697,0.081965,-1.181614,2.494503
1752674441709,0.081967,-1.181694,2.494660
1752674441720,0.081969,-1.181766,2.494802
1752674441731,0.081971,-1.181832,2.494931
1752674441741,0.081972,-1.181891,2.495048
1752674441752,0.081973,-1.181944,2.495154
1752674441762,0.081975,-1.181993,2.495249
1752674441772,0.081976,-1.182037,2.495336
1752674441782,0.081977,-1.182076,2.495414
1752674441796,0.081978,-1.182112,2.495485
1752674441805,0.081979,-1.182145,2.495549
1752674441815,0.081979,-1.182174,2.495607
1752674441829,0.081980,-1.182200,2.495659
1752674441838,0.081981,-1.182225,2.495707
1752674441846,0.081981,-1.182246,2.495749
1752674441854,0.081982,-1.182266,2.495788
1752674441861,0.081982,-1.182284,2.495823
1752674441867,0.081983,-1.182300,2.495855
1752674441874,0.081983,-1.182314,2.495884
1752674441893,0.081983,-1.182328,2.495910
1752674441898,0.081984,-1.182340,2.495934
1752674441904,0.081984,-1.182350,2.495955
1752674441909,0.081984,-1.182360,2.495974
1752674441926,0.081984,-1.182369,2.495991
1752674441928,0.081984,-1.182377,2.496007
1752674441929,0.081985,-1.182384,2.496022
1752674441952,0.081985,-1.182391,2.496034
1752674464613,0.076796,-1.063536,2.190260
1752674464648,0.072100,-0.955987,1.913573
1752674464682,0.067852,-0.858669,1.663206
1752674464715,0.064007,-0.770608,1.436654
1752674464748,0.060528,-0.690924,1.231654
1752674464782,0.057380,-0.618820,1.046154
1752674464817,0.054532,-0.553574,0.878300
1752674464850,0.051954,-0.494536,0.726413
1752674464883,0.049622,-0.441113,0.588974
1752674464915,0.047511,-0.392772,0.464609
1752674464947,0.045601,-0.349029,0.352074
1752674464980,0.043873,-0.309448,0.250244
1752674465012,0.042310,-0.273632,0.158101
1752674465042,0.040895,-0.241222,0.074722
1752674465073,0.039614,-0.211896,-0.000725
1752674465103,0.038456,-0.185359,-0.068995
1752674465133,0.037408,-0.161347,-0.130770
1752674465162,0.036459,-0.139619,-0.186670
1752674465191,0.035600,-0.119958,-0.237252
1752674465224,0.034824,-0.102166,-0.283022
1752674465252,0.034121,-0.086068,-0.324439
1752674465281,0.033485,-0.071501,-0.361915
1752674465346,0.032909,-0.058319,-0.395827
1752674465372,0.032389,-0.046391,-0.426513
1752674465401,0.031917,-0.035598,-0.454280
1752674465467,0.031491,-0.025832,-0.479406
1752674465493,0.031105,-0.016995,-0.502141
1752674465518,0.030756,-0.008998,-0.522714
1752674465546,0.030440,-0.001762,-0.541330
1752674465571,0.030154,0.004786,-0.558175
1752674465596,0.029896,0.010711,-0.573417
1752674465622,0.029662,0.016072,-0.587210
1752674465649,0.029450,0.020923,-0.599691
1752674465674,0.029258,0.025313,-0.610984
1752674465697,0.029085,0.029285,-0.621203
1752674465805,0.028928,0.032879,-0.630450
1752674465832,0.028786,0.036132,-0.638818
1752674465854,0.028657,0.039075,-0.646389
1752674465875,0.028541,0.041738,-0.653240
1752674465897,0.028436,0.044148,-0.659440
1752674465919,0.028341,0.046328,-0.665050
1752674465980,0.028255,0.048301,-0.670126
1752674466001,0.028177,0.050087,-0.674719
1752674466062,0.028106,0.051702,-0.678875
1752674466082,0.028042,0.053164,-0.682636
1752674466101,0.027984,0.054487,-0.686040
1752674466165,0.027932,0.055684,-0.689119
1752674466182,0.027885,0.056767,-0.691906
1752674466199,0.027842,0.057747,-0.694427
1752674466215,0.027803,0.058634,-0.696709
1752674466231,0.027768,0.059437,-0.698773
1752674466247,0.027737,0.060163,-0.700641
1752674466262,0.027708,0.060820,-0.702332
1752674466277,0.027682,0.061415,-0.703862
1752674466292,0.027659,0.061953,-0.705246
1752674466351,0.027637,0.062439,-0.706498
1752674466364,0.027618,0.062880,-0.707632
1752674466381,0.027601,0.063279,-0.708657
1752674466394,0.027585,0.063639,-0.709585
1752674466411,0.027571,0.063966,-0.710425
1752674466458,0.027558,0.064261,-0.711185
1752674466476,0.027546,0.064528,-0.711872
1752674466489,0.027536,0.064770,-0.712494
1752674466597,0.027526,0.064989,-0.713057
1752674466607,0.027517,0.065187,-0.713567
1752674466618,0.027510,0.065366,-0.714028
1752674466627,0.027502,0.065528,-0.714445
1752674466637,0.027496,0.065675,-0.714822
1752674466647,0.027490,0.065808,-0.715164
1752674466655,0.027485,0.065928,-0.715473
1752674466664,0.027480,0.066037,-0.715753
1752674466672,0.027476,0.066135,-0.716006
1752674466680,0.027472,0.066224,-0.716235
1752674466687,0.027469,0.066304,-0.716442
1752674466693,0.027465,0.066377,-0.716629
1752674466699,0.027462,0.066443,-0.716799
1752674466706,0.027460,0.066503,-0.716952
1752674466778,0.027458,0.066557,-0.717091
1752674466784,0.027455,0.066606,-0.717217
1752674466788,0.027453,0.066650,-0.717331
1752674466792,0.027452,0.066690,-0.717434
1752674466796,0.027450,0.066726,-0.717527
1752674466822,0.027449,0.066759,-0.717611
1752674466872,0.027447,0.066789,-0.717687
1752674466873,0.027446,0.066815,-0.717756
1752674466935,0.027445,0.066840,-0.717819
1752675546264,-0.106440,0.096183,-0.214183
1752675546289,-0.106973,0.096664,-0.215253
1752675546313,-0.107152,0.096827,-0.215615
1752675546338,-0.107243,0.096909,-0.215798
1752675546364,-0.107299,0.096959,-0.215909
1752675546388,-0.107336,0.096992,-0.215984
1752675546414,-0.107363,0.097017,-0.216039
1752675546442,-0.107384,0.097036,-0.216080
1752675546467,-0.107400,0.097050,-0.216113
1752675546493,-0.107413,0.097062,-0.216140
1752675546518,-0.107424,0.097072,-0.216162
1752675546542,-0.107433,0.097081,-0.216181
1752675546581,-0.107441,0.097088,-0.216197
1752675546606,-0.107448,0.097094,-0.216210
1752675546638,-0.107454,0.097099,-0.216222
1752675546665,-0.107459,0.097104,-0.216233
1752675546701,-0.107464,0.097108,-0.216242
1752675546726,-0.107468,0.097112,-0.216251
1752675546754,-0.107472,0.097115,-0.216258
1752675546778,-0.107475,0.097118,-0.216264
1752675546803,-0.107478,0.097121,-0.216270
1752675546832,-0.107481,0.097123,-0.216276
1752675546858,-0.107483,0.097125,-0.216280
1752675546885,-0.107485,0.097127,-0.216284
1752675546909,-0.107487,0.097129,-0.216288
1752675546934,-0.107489,0.097130,-0.216292
1752675546957,-0.107490,0.097132,-0.216295
1752675546984,-0.107492,0.097133,-0.216298
1752675547013,-0.107493,0.097134,-0.216300
1752675547039,-0.107494,0.097135,-0.216302
1752675547064,-0.107495,0.097136,-0.216305
1752675547091,-0.107496,0.097137,-0.216306
1752675547129,-0.107497,0.097138,-0.216308
1752675547157,-0.107498,0.097139,-0.216310
1752675547186,-0.107498,0.097139,-0.216311
1752675547214,-0.107499,0.097140,-0.216312
1752675547243,-0.107499,0.097140,-0.216313
1752675547271,-0.107500,0.097141,-0.216314
1752675547299,-0.107500,0.097141,-0.216315
1752675547327,-0.107501,0.097141,-0.216316
1752675547355,-0.107501,0.097142,-0.216317
1752675547383,-0.107501,0.097142,-0.216318
1752675547411,-0.107502,0.097142,-0.216318
1752675547435,-0.107502,0.097143,-0.216319
1752675547458,-0.107502,0.097143,-0.216319
1752675547483,-0.107503,0.097143,-0.216320
1752675547509,-0.107503,0.097143,-0.216320
1752675547535,-0.107503,0.097143,-0.216321
1752675547559,-0.107503,0.097144,-0.216321
1752675547586,-0.107503,0.097144,-0.216321
1752675547626,-0.107503,0.097144,-0.216321
1752675547655,-0.107504,0.097144,-0.216322
1752675547683,-0.107504,0.097144,-0.216322
1752675547715,-0.107504,0.097144,-0.216322
1752675547742,-0.107504,0.097144,-0.216322
1752675547770,-0.107504,0.097144,-0.216323
1752675547799,-0.107504,0.097144,-0.216323
1752675547826,-0.107504,0.097144,-0.216323
1752675547852,-0.107504,0.097144,-0.216323
1752675547875,-0.107504,0.097145,-0.216323
1752675547899,-0.107504,0.097145,-0.216323
1752675547933,-0.107504,0.097145,-0.216323
1752675547970,-0.107504,0.097145,-0.216323
1752675547996,-0.107504,0.097145,-0.216323
1752675548023,-0.107504,0.097145,-0.216323
1752675548051,-0.107504,0.097145,-0.216324
1752675548078,-0.107504,0.097145,-0.216324
1752675548105,-0.107504,0.097145,-0.216324
1752675548132,-0.107505,0.097145,-0.216324
1752675548158,-0.107505,0.097145,-0.216324
1752675548185,-0.107505,0.097145,-0.216324
1752675548209,-0.107505,0.097145,-0.216324
1752675548234,-0.107505,0.097145,-0.216324
1752675548259,-0.107505,0.097145,-0.216324
1752675548286,-0.107505,0.097145,-0.216324
1752675548313,-0.107505,0.097145,-0.216324
1752675548340,-0.107505,0.097145,-0.216324
1752675548367,-0.107505,0.097145,-0.216324
1752675548393,-0.107505,0.097145,-0.216324
1752675548419,-0.107505,0.097145,-0.216324
1752675548446,-0.107505,0.097145,-0.216324
1752675548474,-0.107505,0.097145,-0.216324
1752675548500,-0.107505,0.097145,-0.216324
1752675548528,-0.107505,0.097145,-0.216324
1752675548559,-0.107505,0.097145,-0.216324
1752675548586,-0.107505,0.097145,-0.216324
1752675548613,-0.107505,0.097145,-0.216324
1752675548644,-0.107505,0.097145,-0.216324
1752675548677,-0.107505,0.097145,-0.216324
1752675548708,-0.107505,0.097145,-0.216324
1752675548738,-0.107505,0.097145,-0.216324
1752675548764,-0.107505,0.097145,-0.216324
1752675548799,-0.107505,0.097145,-0.216324
1752675548828,-0.107505,0.097145,-0.216324
1752675548853,-0.107505,0.097145,-0.216324
1752675548876,-0.107505,0.097145,-0.216324
1752675548905,-0.107505,0.097145,-0.216324
1752675548929,-0.107505,0.097145,-0.216324
1752675548956,-0.107505,0.097145,-0.216324
1752675548981,-0.107505,0.097145,-0.216324
1752675549006,-0.107505,0.097145,-0.216324
1752675549032,-0.107505,0.097145,-0.216324
1752675549055,-0.107505,0.097145,-0.216324
1752675549076,-0.107505,0.097145,-0.216324
1752675549098,-0.107505,0.097145,-0.216324
1752675549124,-0.107505,0.097145,-0.216324
1752675549146,-0.107505,0.097145,-0.216324
1752675549166,-0.107505,0.097145,-0.216324
1752675549184,-0.107505,0.097145,-0.216324
1752675549202,-0.107505,0.097145,-0.216324
1752675549218,-0.107505,0.097145,-0.216324
1752675549244,-0.107505,0.097145,-0.216324
1752675549261,-0.107505,0.097145,-0.216324
1752675549277,-0.107505,0.097145,-0.216324
1752675549293,-0.107505,0.097145,-0.216324
1752675549309,-0.107505,0.097145,-0.216324
1752675549324,-0.107505,0.097145,-0.216324
1752675549339,-0.107505,0.097145,-0.216324
1752675549356,-0.107505,0.097145,-0.216324
1752675549370,-0.107505,0.097145,-0.216324
1752675549383,-0.107505,0.097145,-0.216324
1752675549395,-0.107505,0.097145,-0.216324
1752675549408,-0.107505,0.097145,-0.216324
1752675549422,-0.107505,0.097145,-0.216324
1752675549434,-0.107505,0.097145,-0.216324
1752675549455,-0.107505,0.097145,-0.216324
1752675549466,-0.107505,0.097145,-0.216324
1752675549485,-0.107505,0.097145,-0.216324
1752675549495,-0.107505,0.097145,-0.216324
1752675549518,-0.107505,0.097145,-0.216324
1752675549527,-0.107505,0.097145,-0.216324
1752675549553,-0.107505,0.097145,-0.216324
1752675549561,-0.107505,0.097145,-0.216324
1752675549616,-0.107505,0.097145,-0.216324
1752675549622,-0.107505,0.097145,-0.216324
1752675549639,-0.107505,0.097145,-0.216324
1752675549647,-0.107505,0.097145,-0.216324
1752675549652,-0.107505,0.097145,-0.216324
1752675549670,-0.107505,0.097145,-0.216324
1752675549679,-0.107505,0.097145,-0.216324
1752675549683,-0.107505,0.097145,-0.216324
1752675549711,-0.107505,0.097145,-0.216324
1752675549714,-0.107505,0.097145,-0.216324
1752675549718,-0.107505,0.097145,-0.216324
1752675549743,-0.107505,0.097145,-0.216324
1752675549746,-0.107505,0.097145,-0.216324
1752675549749,-0.107505,0.097145,-0.216324
1752675549780,-0.107505,0.097145,-0.216324
1752675549782,-0.107505,0.097145,-0.216324
1752675549824,-0.200771,0.161455,-0.068468
1752675549836,-0.285166,0.219648,0.065323
1752675549857,-0.361532,0.272306,0.186387
1752675549870,-0.430634,0.319954,0.295935
1752675549880,-0.493163,0.363070,0.395062
1752675549890,-0.549744,0.402084,0.484759
1752675549899,-0.600942,0.437387,0.565925
1752675549910,-0.647271,0.469332,0.639369
1752675549921,-0.689192,0.498238,0.705827
1752675549929,-0.727125,0.524394,0.765963
1752675549942,-0.761451,0.548063,0.820379
1752675549949,-0.792511,0.569480,0.869618
1752675549955,-0.820616,0.588859,0.914174
1752675549975,-0.846048,0.606395,0.954491
1752675549979,-0.869060,0.622263,0.990973
1752675549984,-0.889884,0.636622,1.023985
1752675550013,-0.908727,0.649615,1.053856
1752675550016,-0.925777,0.661371,1.080886
1752675550047,-0.941205,0.672010,1.105345
1752675550049,-0.955166,0.681636,1.127477
1752675550077,-0.967799,0.690347,1.147504
1752675550085,-0.979230,0.698229,1.165625
1752675550101,-0.989574,0.705361,1.182023
1752675550110,-0.998933,0.711815,1.196861
1752675550175,-0.827641,0.595136,0.944296
1752675550230,-0.672642,0.489556,0.715756
1752675550291,-0.532387,0.394019,0.508955
1752675550344,-0.405475,0.307571,0.321827
1752675550397,-0.290635,0.229345,0.152499
1752675550452,-0.186719,0.158561,-0.000722
1752675550505,-0.092688,0.094510,-0.139367
1752675550559,-0.007601,0.036552,-0.264824
1752675550612,0.069391,-0.015892,-0.378347
1752675550665,0.139060,-0.063348,-0.481071
1752675550724,0.202101,-0.106290,-0.574023
1752675550779,0.259146,-0.145147,-0.658134
1752675550833,0.310764,-0.180307,-0.734243
1752675550885,0.357472,-0.212123,-0.803112
1752675550933,0.399737,-0.240913,-0.865431
1752675550987,0.437981,-0.266964,-0.921821
1752675551046,0.472588,-0.290537,-0.972847
1752675551093,0.503902,-0.311867,-1.019019
1752675551147,0.532238,-0.331168,-1.060799
1752675551202,0.557878,-0.348634,-1.098605
1752675551250,0.581079,-0.364438,-1.132814
1752675551302,0.602074,-0.378738,-1.163770
1752675551352,0.621071,-0.391678,-1.191780
1752675551401,0.638261,-0.403388,-1.217127
1752675551449,0.653816,-0.413983,-1.240062
1752675551497,0.667891,-0.423571,-1.260815
1752675551546,0.680627,-0.432246,-1.279594
1752675551589,0.692152,-0.440097,-1.296587
1752675551634,0.702581,-0.447200,-1.311964
1752675551675,0.712017,-0.453628,-1.325877
1752675551719,0.720556,-0.459444,-1.338468
1752675551767,0.728282,-0.464707,-1.349860
1752675551809,0.735274,-0.469470,-1.360169
1752675551851,0.741601,-0.473779,-1.369497
1752675551901,0.747325,-0.477679,-1.377938
1752675551940,0.752505,-0.481207,-1.385576
1752675551981,0.757193,-0.484400,-1.392488
1752675552020,0.761434,-0.487289,-1.398741
1752675552059,0.765272,-0.489904,-1.404400
1752675552100,0.768745,-0.492269,-1.409521
1752675552142,0.771888,-0.494410,-1.414155
1752675552184,0.774731,-0.496347,-1.418348
1752675552224,0.777304,-0.498100,-1.422142
1752675552267,0.779633,-0.499686,-1.425575
1752675552305,0.781740,-0.501121,-1.428681
1752675552343,0.783646,-0.502419,-1.431492
1752675552382,0.785371,-0.503595,-1.434036
1752675552421,0.786932,-0.504658,-1.436337
1752675552460,0.788345,-0.505620,-1.438420
1752675552508,0.789623,-0.506491,-1.440305
1752675552539,0.790780,-0.507278,-1.442010
1752675552575,0.791826,-0.507991,-1.443553
1752675552608,0.792773,-0.508636,-1.444949
1752675552656,0.793630,-0.509220,-1.446213
1752675552690,0.794405,-0.509748,-1.447356
1752675552726,0.795107,-0.510226,-1.448391
1752675552760,0.795742,-0.510659,-1.449327
1752675552792,0.796316,-0.511050,-1.450174
1752675552828,0.796836,-0.511404,-1.450940
1752675552860,0.797307,-0.511725,-1.451634
1752675552890,0.797732,-0.512014,-1.452262
1752675552920,0.798118,-0.512277,-1.452830
1752675552952,0.798466,-0.512514,-1.453344
1752675552981,0.798781,-0.512729,-1.453809
1752675553012,0.799067,-0.512923,-1.454229
1752675553041,0.799325,-0.513099,-1.454610
1752675553070,0.799559,-0.513258,-1.454955
1752675553098,0.799770,-0.513402,-1.455266
1752675553130,0.799961,-0.513533,-1.455548
1752675553159,0.800135,-0.513651,-1.455804
1752675553203,0.800291,-0.513757,-1.456035
1752675553230,0.800433,-0.513854,-1.456244
1752675553256,0.800561,-0.513941,-1.456433
1752675553283,0.800677,-0.514020,-1.456604
1752675553308,0.800782,-0.514092,-1.456759
1752675553334,0.800877,-0.514157,-1.456899
1752675553358,0.800963,-0.514215,-1.457026
1752675553381,0.801041,-0.514268,-1.457140
1752675553405,0.801112,-0.514316,-1.457244
1752675553428,0.801175,-0.514360,-1.457338
1752675553452,0.801233,-0.514399,-1.457423
1752675553475,0.801285,-0.514434,-1.457500
1752675553497,0.801332,-0.514467,-1.457570
1752675553517,0.801375,-0.514496,-1.457633
1752675553536,0.801414,-0.514522,-1.457690
1752675553553,0.801449,-0.514546,-1.457741
1752675553572,0.801480,-0.514567,-1.457788
1752675553590,0.801509,-0.514587,-1.457830
1752675553609,0.801535,-0.514605,-1.457868
1752675553626,0.801558,-0.514621,-1.457903
1752675553643,0.801579,-0.514635,-1.457934
1752675553658,0.801599,-0.514648,-1.457963
1752675553681,0.801616,-0.514660,-1.457988
1752675553703,0.801632,-0.514671,-1.458011
1752675553718,0.801646,-0.514680,-1.458032
1752675553733,0.801659,-0.514689,-1.458051
1752675553748,0.801671,-0.514697,-1.458068
1752675553764,0.801681,-0.514704,-1.458084
1752675553776,0.801691,-0.514711,-1.458098
1752675553788,0.801699,-0.514717,-1.458111
1752675553800,0.801707,-0.514722,-1.458122
1752675553817,0.801714,-0.514727,-1.458133
1752675553828,0.801721,-0.514731,-1.458142
1752675553843,0.801726,-0.514735,-1.458151
1752675553858,0.801732,-0.514739,-1.458158
1752675553867,0.801736,-0.514742,-1.458165
1752675553876,0.801741,-0.514745,-1.458172
1752675553888,0.801744,-0.514747,-1.458177
1752675553896,0.801748,-0.514750,-1.458183
1752675553904,0.801751,-0.514752,-1.458187
1752675553911,0.801754,-0.514754,-1.458192
1752675553917,0.801757,-0.514756,-1.458195
1752675553926,0.801759,-0.514757,-1.458199
1752675553932,0.801761,-0.514759,-1.458202
1752675553937,0.801763,-0.514760,-1.458205
1752675553942,0.801765,-0.514761,-1.458207
1752675553946,0.801766,-0.514762,-1.458210
1752675553950,0.801768,-0.514763,-1.458212
1752675553959,0.801769,-0.514764,-1.458214
1752675553964,0.801770,-0.514765,-1.458215
1752675553968,0.801771,-0.514766,-1.458217
1752675553975,0.801772,-0.514766,-1.458218
1752675553979,0.801773,-0.514767,-1.458220
1752675553980,0.801774,-0.514767,-1.458221
1752675553998,0.801309,-0.514469,-1.457666
1752675554009,0.800889,-0.514200,-1.457163
1752675554014,0.800530,-0.514105,-1.456879
1752675554017,0.800205,-0.514020,-1.456622
1752675554035,0.799911,-0.513942,-1.456389
1752675554048,0.799664,-0.513968,-1.456289
1752675554049,0.798721,-0.513493,-1.455117
1752675554050,0.797868,-0.513063,-1.454056
1752675635443,-0.182252,0.157734,-0.096977
1752675635527,-0.183163,0.158523,-0.097462
1752675635612,-0.183471,0.158789,-0.097626
1752675635707,-0.183627,0.158924,-0.097709
1752675635803,-0.183722,0.159006,-0.097759
1752675635900,-0.183786,0.159061,-0.097793
1752675636008,-0.183832,0.159101,-0.097818
1752675636099,-0.183867,0.159132,-0.097837
1752675636193,-0.183895,0.159156,-0.097852
1752675636280,-0.183918,0.159176,-0.097864
1752675636367,-0.183937,0.159192,-0.097874
1752675636451,-0.183953,0.159206,-0.097882
1752675636544,-0.183966,0.159217,-0.097889
1752675636623,-0.183978,0.159227,-0.097896
1752675636710,-0.183988,0.159236,-0.097901
1752675636789,-0.183997,0.159244,-0.097906
1752675636893,-0.184005,0.159251,-0.097910
1752675636981,-0.184012,0.159257,-0.097914
1752675637070,-0.184018,0.159262,-0.097917
1752675637165,-0.184024,0.159267,-0.097920
1752675637263,-0.184029,0.159272,-0.097923
1752675637348,-0.184033,0.159275,-0.097925
1752675637436,-0.184037,0.159279,-0.097927
1752675637518,-0.184041,0.159282,-0.097929
1752675637598,-0.184044,0.159285,-0.097931
1752675637683,-0.184047,0.159287,-0.097932
1752675637765,-0.184050,0.159290,-0.097934
1752675637840,-0.184052,0.159292,-0.097935
1752675637921,-0.184054,0.159294,-0.097936
1752675637995,-0.184056,0.159295,-0.097937
1752675638072,-0.184058,0.159297,-0.097938
1752675638165,-0.184060,0.159298,-0.097939
1752675638245,-0.184061,0.159299,-0.097940
1752675638326,-0.184062,0.159301,-0.097940
1752675638407,-0.184063,0.159302,-0.097941
1752675638487,-0.184065,0.159302,-0.097942
1752675638562,-0.184065,0.159303,-0.097942
1752675638634,-0.184066,0.159304,-0.097943
1752675638712,-0.184067,0.159305,-0.097943
1752675638784,-0.184068,0.159305,-0.097943
1752675638855,-0.184068,0.159306,-0.097944
1752675638927,-0.184069,0.159306,-0.097944
1752675639000,-0.184070,0.159307,-0.097944
1752675639073,-0.184070,0.159307,-0.097945
1752675639138,-0.184070,0.159308,-0.097945
1752675639203,-0.184071,0.159308,-0.097945
1752675639265,-0.184071,0.159308,-0.097945
1752675639349,-0.184072,0.159309,-0.097945
1752675639415,-0.184072,0.159309,-0.097946
1752675639491,-0.184072,0.159309,-0.097946
1752675639560,-0.184072,0.159309,-0.097946
1752675639628,-0.184073,0.159309,-0.097946
1752675639696,-0.184073,0.159310,-0.097946
1752675639762,-0.184073,0.159310,-0.097946
1752675639828,-0.184073,0.159310,-0.097946
1752675639896,-0.184073,0.159310,-0.097946
1752675639958,-0.184073,0.159310,-0.097946
1752675640021,-0.184073,0.159310,-0.097946
1752675640082,-0.184074,0.159310,-0.097946
1752675640155,-0.184074,0.159310,-0.097947
1752675640220,-0.184074,0.159310,-0.097947
1752675640280,-0.184074,0.159311,-0.097947
1752675640338,-0.184074,0.159311,-0.097947
1752675640403,-0.184074,0.159311,-0.097947
1752675640457,-0.184074,0.159311,-0.097947
1752675640513,-0.184074,0.159311,-0.097947
1752675640573,-0.184074,0.159311,-0.097947
1752675640630,-0.184074,0.159311,-0.097947
1752675640688,-0.184074,0.159311,-0.097947
1752675640753,-0.184074,0.159311,-0.097947
1752675640818,-0.184074,0.159311,-0.097947
1752675640878,-0.184074,0.159311,-0.097947
1752675640936,-0.184074,0.159311,-0.097947
1752675640999,-0.184074,0.159311,-0.097947
1752675641052,-0.184074,0.159311,-0.097947
1752675641102,-0.184074,0.159311,-0.097947
1752675641155,-0.184074,0.159311,-0.097947
1752675641210,-0.184074,0.159311,-0.097947
1752675641260,-0.184074,0.159311,-0.097947
1752675641312,-0.184074,0.159311,-0.097947
1752675641361,-0.184074,0.159311,-0.097947
1752675641428,-0.184075,0.159311,-0.097947
1752675641476,-0.184075,0.159311,-0.097947
1752675641524,-0.184075,0.159311,-0.097947
1752675641570,-0.184075,0.159311,-0.097947
1752675641619,-0.184075,0.159311,-0.097947
1752675641662,-0.184075,0.159311,-0.097947
1752675641704,-0.184075,0.159311,-0.097947
1752675641750,-0.184075,0.159311,-0.097947
1752675641810,-0.184075,0.159311,-0.097947
1752675641858,-0.184075,0.159311,-0.097947
1752675641904,-0.184075,0.159311,-0.097947
1752675641948,-0.184075,0.159311,-0.097947
1752675641993,-0.184075,0.159311,-0.097947
1752675642038,-0.184075,0.159311,-0.097947
1752675642084,-0.184075,0.159311,-0.097947
1752675642127,-0.184075,0.159311,-0.097947
1752675642169,-0.184075,0.159311,-0.097947
1752675642209,-0.184075,0.159311,-0.097947
1752675642249,-0.184075,0.159311,-0.097947
1752675642288,-0.184075,0.159311,-0.097947
1752675642325,-0.184075,0.159311,-0.097947
1752675642361,-0.184075,0.159311,-0.097947
1752675642397,-0.184075,0.159311,-0.097947
1752675642437,-0.184075,0.159311,-0.097947
1752675642476,-0.184075,0.159311,-0.097947
1752675642513,-0.184075,0.159311,-0.097947
1752675642550,-0.184075,0.159311,-0.097947
1752675642588,-0.184075,0.159311,-0.097947
1752675642621,-0.184075,0.159311,-0.097947
1752675642653,-0.184075,0.159311,-0.097947
1752675642683,-0.184075,0.159311,-0.097947
1752675642713,-0.184075,0.159311,-0.097947
1752675642743,-0.184075,0.159311,-0.097947
1752675642773,-0.184075,0.159311,-0.097947
1752675642804,-0.184075,0.159311,-0.097947
1752675642834,-0.184075,0.159311,-0.097947
1752675642864,-0.184075,0.159311,-0.097947
1752675642903,-0.184075,0.159311,-0.097947
1752675642932,-0.184075,0.159311,-0.097947
1752675642961,-0.184075,0.159311,-0.097947
1752675642990,-0.184075,0.159311,-0.097947
1752675643021,-0.184075,0.159311,-0.097947
1752675643051,-0.184075,0.159311,-0.097947
1752675643081,-0.184075,0.159311,-0.097947
1752675643111,-0.184075,0.159311,-0.097947
1752675643141,-0.184075,0.159311,-0.097947
1752675643189,-0.184075,0.159311,-0.097947
1752675643219,-0.184075,0.159311,-0.097947
1752675643250,-0.184075,0.159311,-0.097947
1752675643281,-0.184075,0.159311,-0.097947
1752675643309,-0.184075,0.159311,-0.097947
1752675643336,-0.184075,0.159311,-0.097947
1752675643371,-0.184075,0.159311,-0.097947
1752675643400,-0.184075,0.159311,-0.097947
1752675643425,-0.184075,0.159311,-0.097947
1752675643449,-0.184075,0.159311,-0.097947
1752675643472,-0.184075,0.159311,-0.097947
1752675643495,-0.184075,0.159311,-0.097947
1752675643518,-0.184075,0.159311,-0.097947
1752675643539,-0.184075,0.159311,-0.097947
1752675643560,-0.184075,0.159311,-0.097947
1752675643581,-0.184075,0.159311,-0.097947
1752675643603,-0.184075,0.159311,-0.097947
1752675643623,-0.184075,0.159311,-0.097947
1752675643645,-0.184075,0.159311,-0.097947
1752675643664,-0.184075,0.159311,-0.097947
1752675643683,-0.184075,0.159311,-0.097947
1752675643702,-0.184075,0.159311,-0.097947
1752675643722,-0.184075,0.159311,-0.097947
1752675643741,-0.184075,0.159311,-0.097947
1752675643761,-0.184075,0.159311,-0.097947
1752675643786,-0.184075,0.159311,-0.097947
1752675643808,-0.184075,0.159311,-0.097947
1752675643828,-0.184075,0.159311,-0.097947
1752675643846,-0.184075,0.159311,-0.097947
1752675643867,-0.184075,0.159311,-0.097947
1752675643885,-0.184075,0.159311,-0.097947
1752675643902,-0.184075,0.159311,-0.097947
1752675643921,-0.184075,0.159311,-0.097947
1752675643938,-0.184075,0.159311,-0.097947
1752675643956,-0.184075,0.159311,-0.097947
1752675643973,-0.184075,0.159311,-0.097947
1752675643991,-0.184075,0.159311,-0.097947
1752675644008,-0.184075,0.159311,-0.097947
1752675644030,-0.184075,0.159311,-0.097947
1752675644049,-0.184075,0.159311,-0.097947
1752675644066,-0.184075,0.159311,-0.097947
1752675644082,-0.184075,0.159311,-0.097947
1752675644098,-0.184075,0.159311,-0.097947
1752675644113,-0.184075,0.159311,-0.097947
1752675644128,-0.184075,0.159311,-0.097947
1752675644144,-0.184075,0.159311,-0.097947
1752675644159,-0.184075,0.159311,-0.097947
1752675644172,-0.184075,0.159311,-0.097947
1752675644186,-0.184075,0.159311,-0.097947
1752675644198,-0.184075,0.159311,-0.097947
1752675644211,-0.184075,0.159311,-0.097947
1752675644224,-0.184075,0.159311,-0.097947
1752675644236,-0.184075,0.159311,-0.097947
1752675644249,-0.184075,0.159311,-0.097947
1752675644263,-0.184075,0.159311,-0.097947
1752675644273,-0.184075,0.159311,-0.097947
1752675644282,-0.184075,0.159311,-0.097947
1752675644292,-0.184075,0.159311,-0.097947
1752675644300,-0.184075,0.159311,-0.097947
1752675644313,-0.184075,0.159311,-0.097947
1752675644321,-0.184075,0.159311,-0.097947
1752675644332,-0.184075,0.159311,-0.097947
1752675644339,-0.184075,0.159311,-0.097947
1752675644348,-0.184075,0.159311,-0.097947
1752675644361,-0.184075,0.159311,-0.097947
1752675644367,-0.184075,0.159311,-0.097947
1752675644372,-0.184075,0.159311,-0.097947
1752675644378,-0.184075,0.159311,-0.097947
1752675644382,-0.184075,0.159311,-0.097947
1752675644391,-0.184075,0.159311,-0.097947
1752675644396,-0.184075,0.159311,-0.097947
1752675644399,-0.184075,0.159311,-0.097947
1752675661054,-0.152028,0.151123,-0.091541
1752675661149,-0.123030,0.143714,-0.085744
1752675661250,-0.096791,0.137009,-0.080498
1752675661353,-0.073048,0.130942,-0.075752
1752675661460,-0.051563,0.125453,-0.071457
1752675661575,-0.032122,0.120485,-0.067571
1752675661679,-0.014530,0.115990,-0.064054
1752675661779,0.001388,0.111923,-0.060872
1752675661875,0.015792,0.108242,-0.057992
1752675661979,0.028826,0.104912,-0.055387
1752675662073,0.040620,0.101898,-0.053029
1752675662172,0.051293,0.099172,-0.050896
1752675662260,0.060949,0.096704,-0.048965
1752675662353,0.069688,0.094471,-0.047218
1752675662453,0.077595,0.092451,-0.045638
1752675662570,0.084750,0.090623,-0.044207
1752675662673,0.091224,0.088968,-0.042913
1752675662779,0.097083,0.087472,-0.041742
1752675662877,0.102384,0.086117,-0.040682
1752675662975,0.107181,0.084891,-0.039723
1752675663073,0.111521,0.083782,-0.038856
1752675663163,0.115449,0.082779,-0.038070
1752675663261,0.119003,0.081871,-0.037360
1752675663358,0.122219,0.081049,-0.036717
1752675663448,0.125129,0.080305,-0.036135
1752675663536,0.127762,0.079632,-0.035609
1752675663618,0.130145,0.079024,-0.035133
1752675663704,0.132301,0.078473,-0.034702
1752675663807,0.134252,0.077974,-0.034312
1752675663896,0.136018,0.077523,-0.033959
1752675663998,0.137615,0.077115,-0.033639
1752675664109,0.139061,0.076746,-0.033350
1752675664195,0.140369,0.076411,-0.033089
1752675664280,0.141552,0.076109,-0.032852
1752675664363,0.142623,0.075835,-0.032638
1752675664444,0.143592,0.075588,-0.032444
1752675664533,0.144469,0.075364,-0.032269
1752675664614,0.145263,0.075161,-0.032111
1752675664692,0.145981,0.074977,-0.031967
1752675664767,0.146631,0.074811,-0.031837
1752675664841,0.147219,0.074661,-0.031720
1752675664924,0.147751,0.074525,-0.031613
1752675665009,0.148232,0.074402,-0.031517
1752675665092,0.148668,0.074291,-0.031430
1752675665190,0.149062,0.074190,-0.031351
1752675665270,0.149418,0.074099,-0.031280
1752675665354,0.149741,0.074017,-0.031215
1752675665432,0.150033,0.073942,-0.031157
1752675665510,0.150298,0.073874,-0.031104
1752675665585,0.150537,0.073813,-0.031056
1752675665658,0.150753,0.073758,-0.031013
1752675665732,0.150949,0.073708,-0.030974
1752675665806,0.151126,0.073663,-0.030938
1752675665883,0.151286,0.073622,-0.030906
1752675665951,0.151431,0.073585,-0.030877
1752675666019,0.151563,0.073551,-0.030851
1752675666091,0.151681,0.073521,-0.030827
1752675666159,0.151789,0.073493,-0.030806
1752675666241,0.151886,0.073468,-0.030786
1752675666317,0.151974,0.073446,-0.030769
1752675666393,0.152054,0.073426,-0.030753
1752675666467,0.152126,0.073407,-0.030739
1752675666537,0.152191,0.073391,-0.030726
1752675666609,0.152250,0.073376,-0.030714
1752675666676,0.152303,0.073362,-0.030703
1752675666741,0.152352,0.073350,-0.030693
1752675666807,0.152395,0.073338,-0.030685
1752675666872,0.152435,0.073328,-0.030677
1752675666937,0.152471,0.073319,-0.030670
1752675667002,0.152503,0.073311,-0.030663
1752675667073,0.152533,0.073303,-0.030657
1752675667142,0.152559,0.073297,-0.030652
1752675667203,0.152583,0.073290,-0.030647
1752675667268,0.152605,0.073285,-0.030643
1752675667326,0.152624,0.073280,-0.030639
1752675667383,0.152642,0.073275,-0.030635
1752675667451,0.152658,0.073271,-0.030632
1752675667516,0.152673,0.073267,-0.030629
1752675667580,0.152686,0.073264,-0.030627
1752675667644,0.152698,0.073261,-0.030624
1752675667709,0.152709,0.073258,-0.030622
1752675667772,0.152718,0.073256,-0.030620
1752675667838,0.152727,0.073254,-0.030618
1752675667902,0.152735,0.073252,-0.030617
1752675667965,0.152743,0.073250,-0.030615
1752675668024,0.152749,0.073248,-0.030614
1752675668088,0.152755,0.073247,-0.030613
1752675668145,0.152760,0.073245,-0.030612
1752675668199,0.152765,0.073244,-0.030611
1752675668257,0.152770,0.073243,-0.030610
1752675668313,0.152773,0.073242,-0.030609
1752675668368,0.152777,0.073241,-0.030608
1752675668426,0.152780,0.073240,-0.030608
1752675668478,0.152783,0.073239,-0.030607
1752675668530,0.152786,0.073239,-0.030607
1752675668582,0.152788,0.073238,-0.030606
1752675668632,0.152791,0.073237,-0.030606
1752675668685,0.152792,0.073237,-0.030605
1752675668741,0.152794,0.073236,-0.030605
1752675668789,0.152796,0.073236,-0.030605
1752675668839,0.152797,0.073236,-0.030604
1752675668908,0.152799,0.073235,-0.030604
1752675668961,0.152800,0.073235,-0.030604
1752675669013,0.152801,0.073235,-0.030604
1752675669068,0.152802,0.073234,-0.030603
1752675669118,0.152803,0.073234,-0.030603
1752675669170,0.152804,0.073234,-0.030603
1752675669224,0.152804,0.073234,-0.030603
1752675669271,0.152805,0.073234,-0.030603
1752675669335,0.152806,0.073234,-0.030603
1752675669382,0.152806,0.073233,-0.030603
1752675669429,0.152807,0.073233,-0.030602
1752675669476,0.152807,0.073233,-0.030602
1752675669520,0.152807,0.073233,-0.030602
1752675669569,0.152808,0.073233,-0.030602
1752675669617,0.152808,0.073233,-0.030602
1752675669661,0.152808,0.073233,-0.030602
1752675669705,0.152809,0.073233,-0.030602
1752675669745,0.152809,0.073233,-0.030602
1752675669790,0.152809,0.073233,-0.030602
1752675669829,0.152809,0.073233,-0.030602
1752675669867,0.152810,0.073233,-0.030602
1752675669907,0.152810,0.073233,-0.030602
1752675669943,0.152810,0.073232,-0.030602
1752675669979,0.152810,0.073232,-0.030602
1752675670022,0.152810,0.073232,-0.030602
1752675670060,0.152810,0.073232,-0.030602
1752675670117,0.152810,0.073232,-0.030602
1752675670159,0.152810,0.073232,-0.030602
1752675670196,0.152811,0.073232,-0.030602
1752675670232,0.152811,0.073232,-0.030602
1752675670272,0.152811,0.073232,-0.030602
1752675670310,0.152811,0.073232,-0.030602
1752675670348,0.152811,0.073232,-0.030602
1752675670383,0.152811,0.073232,-0.030602
1752675670421,0.152811,0.073232,-0.030602
1752675670454,0.152811,0.073232,-0.030602
1752675670490,0.152811,0.073232,-0.030602
1752675670527,0.152811,0.073232,-0.030602
1752675670559,0.152811,0.073232,-0.030602
1752675670590,0.152811,0.073232,-0.030602
1752675670622,0.152811,0.073232,-0.030602
1752675670654,0.152811,0.073232,-0.030602
1752675670683,0.152811,0.073232,-0.030602
1752675670716,0.152811,0.073232,-0.030602
1752675670745,0.152811,0.073232,-0.030602
1752675670773,0.152811,0.073232,-0.030602
1752675670800,0.152811,0.073232,-0.030602
1752675670829,0.152811,0.073232,-0.030602
1752675670855,0.152811,0.073232,-0.030602
1752675670883,0.152811,0.073232,-0.030602
1752675670909,0.152811,0.073232,-0.030602
1752675670933,0.152811,0.073232,-0.030602
1752675670958,0.152811,0.073232,-0.030602
1752675670980,0.152811,0.073232,-0.030602
1752675671002,0.152811,0.073232,-0.030602
1752675671028,0.152811,0.073232,-0.030602
1752675671050,0.152811,0.073232,-0.030602
1752675671072,0.152811,0.073232,-0.030602
1752675671093,0.152811,0.073232,-0.030602
1752675671113,0.152811,0.073232,-0.030602
1752675671133,0.152811,0.073232,-0.030602
1752675671153,0.152811,0.073232,-0.030602
1752675671173,0.152811,0.073232,-0.030602
1752675671192,0.152811,0.073232,-0.030602
1752675671211,0.152811,0.073232,-0.030602
1752675671231,0.152811,0.073232,-0.030602
1752675671250,0.152811,0.073232,-0.030602
1752675671279,0.152811,0.073232,-0.030602
1752675671303,0.152811,0.073232,-0.030602
1752675671323,0.152811,0.073232,-0.030602
1752675671341,0.152811,0.073232,-0.030602
1752675671360,0.152811,0.073232,-0.030602
1752675671376,0.152811,0.073232,-0.030602
1752675671392,0.152811,0.073232,-0.030602
1752675671412,0.152811,0.073232,-0.030602
1752675671428,0.152811,0.073232,-0.030602
1752675671443,0.152811,0.073232,-0.030602
1752675671457,0.152811,0.073232,-0.030602
1752675671471,0.152811,0.073232,-0.030602
1752675671492,0.152811,0.073232,-0.030602
1752675671504,0.152811,0.073232,-0.030602
1752675671520,0.152811,0.073232,-0.030602
1752675671532,0.152811,0.073232,-0.030602
1752675671543,0.152811,0.073232,-0.030602
1752675671553,0.152811,0.073232,-0.030602
1752675671563,0.152811,0.073232,-0.030602
1752675671572,0.152811,0.073232,-0.030602
1752675671580,0.152811,0.073232,-0.030602
1752675671588,0.152811,0.073232,-0.030602
1752675671597,0.152811,0.073232,-0.030602
1752675671607,0.152811,0.073232,-0.030602
1752675671615,0.152811,0.073232,-0.030602
1752675671621,0.152811,0.073232,-0.030602
1752675671625,0.152811,0.073232,-0.030602
1752675671639,0.152811,0.073232,-0.030602
1752675671642,0.152811,0.073232,-0.030602
1752675671646,0.152811,0.073232,-0.030602
1752675671661,0.152811,0.073232,-0.030602
1752675671756,0.165709,0.067951,0.081074
1752675671833,0.177380,0.063172,0.182127
1752675671903,0.187941,0.058848,0.273568
1752675671972,0.197497,0.054935,0.356310
1752675672048,0.206144,0.051394,0.431181
1752675672112,0.213969,0.048190,0.498930
1752675672175,0.221049,0.045291,0.560234
1752675672242,0.227456,0.042668,0.615707
1752675672304,0.233253,0.040294,0.665903
1752675672365,0.238499,0.038146,0.711324
1752675672429,0.243246,0.036202,0.752425
1752675672495,0.247541,0.034444,0.789615
1752675672553,0.251428,0.032852,0.823268
1752675672612,0.254945,0.031412,0.853720
1752675672677,0.258127,0.030109,0.881275
1752675672738,0.261007,0.028930,0.906209
1752675672796,0.263613,0.027863,0.928771
1752675672861,0.265970,0.026897,0.949187
1752675672925,0.268104,0.026024,0.967660
1752675672985,0.270035,0.025233,0.984377
1752675673050,0.271782,0.024518,0.999503
1752675673120,0.273363,0.023871,1.013191
1752675673184,0.274793,0.023285,1.025576
1752675673242,0.276087,0.022755,1.036783
1752675673357,0.264025,0.014664,0.967087
1752675673465,0.253110,0.007344,0.904021
1752675673519,0.256467,0.008330,0.926791
1752675673621,0.246271,0.001612,0.867558
1752675673675,0.250279,0.003143,0.893797
1752675673730,0.253905,0.004529,0.917539
1752675673780,0.257186,0.005783,0.939024
1752675673874,0.246922,-0.000693,0.878627
1752675673928,0.250867,0.001058,0.903813
1752675673997,0.254438,0.002643,0.926603
1752675674055,0.257668,0.004076,0.947225
1752675674106,0.260592,0.005373,0.965885
1752675674161,0.263237,0.006547,0.982771
1752675674216,0.265631,0.007609,0.998050
1752675674272,0.267797,0.008571,1.011875
1752675674323,0.269756,0.009440,1.024386
1752675674378,0.271530,0.010227,1.035706
1752675674544,0.273135,0.010939,1.045950
1752675674590,0.274587,0.011584,1.055219
1752675674637,0.275901,0.012167,1.063606
1752675674683,0.277090,0.012694,1.071196
1752675674757,0.278166,0.013172,1.078064
1752675674818,0.279139,0.013604,1.084278
1752675674865,0.280020,0.013995,1.089901
1752675674912,0.280817,0.014349,1.094990
1752675675006,0.268305,0.007058,1.019757
1752675675047,0.270216,0.008071,1.031518
1752675675087,0.271946,0.008988,1.042160
1752675675128,0.273511,0.009818,1.051789
1752675675221,0.261694,0.002959,0.980666
1752675675273,0.264234,0.004362,0.996145
1752675675316,0.266533,0.005632,1.010152
1752675675360,0.268613,0.006781,1.022826
1752675675402,0.270495,0.007821,1.034295
1752675675459,0.272199,0.008762,1.044673
1752675675507,0.273740,0.009614,1.054064
1752675675550,0.275134,0.010384,1.062561
1752675675591,0.276396,0.011081,1.070250
1752675675631,0.277538,0.011712,1.077208
1752675675669,0.278571,0.012283,1.083503
1752675675763,0.266273,0.005189,1.009363
1752675676028,0.268378,0.006380,1.022112
1752675676061,0.270282,0.007458,1.033649
1752675676095,0.272006,0.008434,1.044088
1752675676126,0.273565,0.009316,1.053535
1752675676167,0.274976,0.010115,1.062082
1752675676198,0.276253,0.010838,1.069817
1752675676230,0.277409,0.011492,1.076816
1752675676314,0.265221,0.004473,1.003312
1752675676397,0.254192,-0.001879,0.936800
1752675676430,0.257446,-0.000015,0.956452
1752675676462,0.260391,0.001672,0.974234
1752675676492,0.263055,0.003198,0.990325
1752675676522,0.265466,0.004578,1.004886
1752675676551,0.267647,0.005828,1.018061
1752675676582,0.269622,0.006958,1.029983
1752675676614,0.271408,0.007981,1.040771
1752675676646,0.273024,0.008907,1.050533
1752675676680,0.274487,0.009745,1.059366
1752675676712,0.275810,0.010503,1.067359
1752675676748,0.277008,0.011189,1.074592
1752675676778,0.278092,0.011809,1.081136
1752675676821,0.279072,0.012371,1.087059
1752675676850,0.279959,0.012879,1.092417
1752675676883,0.280762,0.013339,1.097266
1752675676911,0.281489,0.013755,1.101654
1752675676936,0.282146,0.014132,1.105624
1752675676963,0.282741,0.014472,1.109217
1752675676986,0.283279,0.014781,1.112468
1752675677009,0.283767,0.015060,1.115409
1752675677031,0.284207,0.015312,1.118071
1752675677053,0.284606,0.015541,1.120480
1752675677074,0.284967,0.015747,1.122659
1752675677161,0.272060,0.008323,1.044794
1752675677294,0.243149,0.012673,0.922710
1752675677311,0.247453,0.013152,0.943703
1752675677336,0.251348,0.013586,0.962698
1752675677352,0.254873,0.013979,0.979887
1752675677366,0.258062,0.014334,0.995440
1752675677380,0.260948,0.014655,1.009514
1752675677394,0.263559,0.014946,1.022249
1752675677407,0.265922,0.015209,1.033773
1752675677422,0.268060,0.015448,1.044200
1752675677441,0.269995,0.015663,1.053636
1752675677452,0.271746,0.015858,1.062174
1752675677462,0.273330,0.016035,1.069900
1752675677471,0.274764,0.016194,1.076891
1752675677482,0.276061,0.016339,1.083217
1752675677492,0.277235,0.016470,1.088941
1752675677562,0.265063,0.008977,1.014283
1752675677568,0.267283,0.009808,1.026565
1752675677576,0.269292,0.010560,1.037678
1752675677580,0.271109,0.011240,1.047734
1752675677590,0.272754,0.011856,1.056833
1752675677596,0.274243,0.012413,1.065067
1752675677599,0.275589,0.012918,1.072518
1752675677674,0.263574,0.005763,0.999423
1752675677732,0.252702,-0.000711,0.933280
1752675677789,0.242864,-0.006570,0.873430
1752675677847,0.233962,-0.011871,0.819273
1752675677903,0.225907,-0.016667,0.770268
1752675677962,0.218618,-0.021008,0.725924
1752675678027,0.212023,-0.024935,0.685798
1752675678086,0.206054,-0.028489,0.649490
1752675678143,0.200654,-0.031705,0.616635
1752675678208,0.195767,-0.034615,0.586905
1752675678266,0.191345,-0.037248,0.560004
1752675678329,0.187344,-0.039631,0.535662
1752675678441,0.166491,-0.030720,0.462009
1752675678498,0.164854,-0.033724,0.446988
1752675678597,0.146141,-0.025375,0.381770
1752675678648,0.146440,-0.028887,0.374382
1752675678700,0.146710,-0.032065,0.367697
1752675678795,0.129723,-0.023874,0.310022
1752675678840,0.131583,-0.027529,0.309459
1752675678935,0.116035,-0.019769,0.257323
1752675678986,0.119197,-0.023815,0.261773
1752675679027,0.122059,-0.027475,0.265800
1752675679068,0.124649,-0.030788,0.269444
1752675679109,0.126992,-0.033785,0.272741
1752675679149,0.129112,-0.036497,0.275724
1752675679188,0.131031,-0.038951,0.278424
1752675679228,0.132767,-0.041172,0.280867
1752675679265,0.134338,-0.043181,0.283077
1752675679304,0.135760,-0.045000,0.285077
1752675679395,0.119814,-0.035578,0.235261
1752675679495,0.105385,-0.027053,0.190184
1752675679536,0.109561,-0.030405,0.201021
1752675679578,0.113339,-0.033439,0.210826
1752675679618,0.116758,-0.036184,0.219699
1752675679658,0.119852,-0.038668,0.227728
1752675679697,0.122651,-0.040916,0.234994
1752675679735,0.125185,-0.042950,0.241568
1752675679773,0.127477,-0.044790,0.247517
1752675679810,0.129551,-0.046455,0.252899
1752675679847,0.131428,-0.047962,0.257770
1752675679932,0.115894,-0.038259,0.210552
1752675679964,0.119070,-0.040545,0.219451
1752675680059,0.104712,-0.031548,0.175878
1752675680138,0.091720,-0.023406,0.136449
1752676209756,0.126448,0.068989,-0.535210
1752676209770,0.127080,0.069334,-0.537886
1752676209791,0.127294,0.069451,-0.538789
1752676209804,0.127402,0.069510,-0.539247
1752676209813,0.127467,0.069545,-0.539524
1752676209823,0.127512,0.069570,-0.539712
1752676209830,0.127544,0.069587,-0.539849
1752676209842,0.127568,0.069601,-0.539953
1752676209849,0.127588,0.069611,-0.540035
1752676209865,0.127603,0.069620,-0.540101
1752676209882,0.127617,0.069627,-0.540156
1752676209898,0.127628,0.069633,-0.540203
1752676209911,0.127637,0.069638,-0.540243
1752676209929,0.127645,0.069642,-0.540277
1752676209943,0.127652,0.069646,-0.540307
1752676209944,0.127658,0.069650,-0.540334
1752676209959,0.127664,0.069653,-0.540357
1752676209976,0.127669,0.069655,-0.540377
1752676209978,0.127673,0.069658,-0.540396
1752676211316,0.301746,-0.017001,-0.776027
1752676211330,0.457521,-0.094550,-0.986888
1752676211342,0.597202,-0.164087,-1.175965
1752676211357,0.722661,-0.226544,-1.345790
1752676211368,0.835497,-0.282717,-1.498528
1752676211380,0.937093,-0.333294,-1.636052
1752676211395,1.028651,-0.378874,-1.759988
1752676211404,1.111224,-0.419981,-1.871761
1752676211415,1.185739,-0.457077,-1.972626
1752676211432,1.253015,-0.490569,-2.063694
1752676211444,1.313780,-0.520819,-2.145947
1752676211464,1.368683,-0.548151,-2.220266
1752676211479,1.418303,-0.572853,-2.287432
1752676211495,1.463157,-0.595183,-2.348149
1752676211510,1.503711,-0.615372,-2.403044
1752676214451,1.397512,-0.584082,-2.285615
1752676214464,1.301467,-0.555784,-2.179415
1752676214475,1.214598,-0.530190,-2.083360
1752676214486,1.136022,-0.507039,-1.996475
1752676214498,1.064941,-0.486096,-1.917878
1752676214509,1.000638,-0.467150,-1.846775
1752676214520,0.942463,-0.450010,-1.782449
1752676214531,0.889831,-0.434503,-1.724252
1752676214538,0.842212,-0.420473,-1.671598
1752676214545,0.799128,-0.407779,-1.623958
1752676214552,0.760146,-0.396293,-1.580853
1752676214559,0.724874,-0.385901,-1.541852
1752676214566,0.692960,-0.376498,-1.506563
1752676214575,0.664083,-0.367990,-1.474632
1752676214581,0.637954,-0.360291,-1.445740
1752676214587,0.614311,-0.353325,-1.419598
1752676214594,0.592918,-0.347022,-1.395942
1752676214599,0.573560,-0.341319,-1.374538
1752676214617,0.556044,-0.336158,-1.355169
1752676214621,0.540194,-0.331488,-1.337644
1752676214629,0.525853,-0.327263,-1.321786
1752676214631,0.512875,-0.323439,-1.307436
1752676214641,0.501132,-0.319979,-1.294452
1752676214643,0.490507,-0.316849,-1.282702
1752676214646,0.480892,-0.314016,-1.272071
1752676214678,0.470678,-0.310891,-1.259032
1752676214696,0.461436,-0.308064,-1.247234
1752676214713,0.453073,-0.305505,-1.236558
1752676214731,0.445505,-0.303190,-1.226897
1752676214748,0.438657,-0.301095,-1.218156
1752676214765,0.432461,-0.299199,-1.210246
1752676214780,0.426854,-0.297484,-1.203088
1752676214802,0.421781,-0.295932,-1.196612
1752676214814,0.417190,-0.294528,-1.190751
1752676214831,0.413036,-0.293257,-1.185448
1752676214850,0.409277,-0.292107,-1.180649
1752676214861,0.405875,-0.291066,-1.176307
1752676214870,0.402798,-0.290125,-1.172378
1752676214877,0.400013,-0.289273,-1.168823
1752676214883,0.397492,-0.288502,-1.165606
1752676214889,0.395212,-0.287804,-1.162695
1752676214898,0.393149,-0.287173,-1.160061
1752676214908,0.391281,-0.286601,-1.157677
1752676214912,0.389592,-0.286085,-1.155520
1752676214917,0.388063,-0.285617,-1.153568
1752676214920,0.386679,-0.285194,-1.151802
1752676214934,0.385529,-0.285007,-1.150538
1752676214941,0.384488,-0.284839,-1.149394
1752676214943,0.383545,-0.284687,-1.148359
1752676214945,0.382693,-0.284549,-1.147422
1752676214955,0.381404,-0.283922,-1.145132
1752676214957,0.380239,-0.283355,-1.143059
1752676214969,0.377336,-0.281985,-1.137704
1752676214977,0.374710,-0.280745,-1.132859
1752676214981,0.372334,-0.279623,-1.128474
1752676214986,0.370184,-0.278608,-1.124507
1752676214993,0.368238,-0.277689,-1.120917
1752676215008,0.366478,-0.276858,-1.117668
1752676215009,0.364885,-0.276106,-1.114729
1752676215010,0.363443,-0.275425,-1.112069
1752676215025,0.362139,-0.274809,-1.109662
1752676215041,0.360876,-0.274316,-1.107517
1752676215042,0.359733,-0.273869,-1.105577
1752676215044,0.358699,-0.273465,-1.103822
1752676215059,0.357763,-0.273100,-1.102233
1752676215073,0.356568,-0.272929,-1.100726
1752676215074,0.355486,-0.272774,-1.099363
1752676215076,0.354508,-0.272635,-1.098130
1752676215099,0.353622,-0.272508,-1.097014
1752676215107,0.352465,-0.272835,-1.096663
1752676215112,0.351419,-0.273131,-1.096345
1752676215118,0.350472,-0.273398,-1.096058
1752676215128,0.349615,-0.273640,-1.095798
1752676215142,0.348839,-0.273859,-1.095563
1752676215144,0.348137,-0.274057,-1.095350
1752676215148,0.347502,-0.274237,-1.095157
1752676215160,0.346928,-0.274399,-1.094983
1752676215175,0.346408,-0.274546,-1.094825
1752676216038,0.344066,-0.274092,-1.089660
1752676216052,0.341947,-0.273680,-1.084986
1752676216066,0.340030,-0.273308,-1.080756
1752676216078,0.338295,-0.272972,-1.076929
1752676216090,0.336726,-0.272667,-1.073466
1752676216100,0.335305,-0.272392,-1.070332
1752676216108,0.334020,-0.272142,-1.067497
1752676216118,0.332857,-0.271917,-1.064931
1752676216128,0.331804,-0.271712,-1.062609
1752676216136,0.330852,-0.271528,-1.060508
1752676216145,0.329990,-0.271360,-1.058607
1752676216156,0.329210,-0.271209,-1.056887
1752676216162,0.328505,-0.271072,-1.055331
1752676216169,0.327866,-0.270948,-1.053922
1752676216179,0.327288,-0.270836,-1.052648
1752676216186,0.326766,-0.270735,-1.051495
1752676216193,0.326293,-0.270643,-1.050451
1752676216200,0.325864,-0.270560,-1.049507
1752676216205,0.325477,-0.270485,-1.048652
1752676216211,0.325127,-0.270417,-1.047879
1752676216216,0.324809,-0.270355,-1.047179
1752676216223,0.324522,-0.270299,-1.046546
1752676216228,0.324263,-0.270249,-1.045973
1752676216229,0.324028,-0.270203,-1.045455
1752676216240,0.323815,-0.270162,-1.044986
1752676216241,0.323623,-0.270125,-1.044561
1752676216242,0.323449,-0.270091,-1.044177
1752676216257,0.323291,-0.270061,-1.043830
1752676217305,0.324739,-0.269765,-1.042727
1752676217324,0.326048,-0.269498,-1.041728
1752676217336,0.327233,-0.269256,-1.040825
1752676217347,0.328306,-0.269038,-1.040007
1752676217357,0.329276,-0.268840,-1.039268
1752676217368,0.330154,-0.268661,-1.038599
1752676217379,0.330949,-0.268499,-1.037993
1752676217387,0.331668,-0.268352,-1.037445
1752676217399,0.332318,-0.268219,-1.036949
1752676217408,0.332907,-0.268099,-1.036500
1752676217416,0.333440,-0.267990,-1.036094
1752676217425,0.333922,-0.267892,-1.035727
1752676217434,0.334358,-0.267803,-1.035394
1752676217440,0.334752,-0.267723,-1.035094
1752676217450,0.335110,-0.267650,-1.034822
1752676217457,0.335433,-0.267584,-1.034575
1752676217463,0.335725,-0.267524,-1.034352
1752676217469,0.335990,-0.267470,-1.034151
1752676217478,0.336229,-0.267421,-1.033968
1752676217481,0.336446,-0.267377,-1.033803
1752676217486,0.336642,-0.267337,-1.033653
1752676217503,0.336819,-0.267301,-1.033518
1752676217508,0.336980,-0.267268,-1.033396
1752676217511,0.337125,-0.267239,-1.033285
1752676217516,0.337256,-0.267212,-1.033185
1752676217528,0.337375,-0.267188,-1.033094
1752676217532,0.337483,-0.267166,-1.033012
1752676217535,0.337580,-0.267146,-1.032938
1752676217545,0.337734,-0.266987,-1.032733
1752676217547,0.337873,-0.266844,-1.032547
1752676217548,0.337999,-0.266714,-1.032379
1752676217562,0.338113,-0.266597,-1.032227
1752676218135,0.338425,-0.266168,-1.032140
1752676218148,0.338708,-0.265780,-1.032060
1752676218161,0.338964,-0.265429,-1.031988
1752676218178,0.339195,-0.265111,-1.031923
1752676218194,0.339405,-0.264824,-1.031864
1752676218204,0.339594,-0.264564,-1.031811
1752676218213,0.339766,-0.264328,-1.031762
1752676218226,0.339921,-0.264115,-1.031719
1752676218234,0.340062,-0.263923,-1.031679
1752676218248,0.340189,-0.263748,-1.031644
1752676218255,0.340304,-0.263590,-1.031611
1752676218263,0.340408,-0.263448,-1.031582
1752676218270,0.340502,-0.263318,-1.031556
1752676218276,0.340587,-0.263202,-1.031532
1752676218282,0.340664,-0.263096,-1.031510
1752676218286,0.340734,-0.263000,-1.031490
1752676218293,0.340797,-0.262913,-1.031472
1752676218299,0.340854,-0.262835,-1.031456
1752676218302,0.340906,-0.262764,-1.031442
1752676218306,0.340953,-0.262700,-1.031429
1752676218310,0.340995,-0.262642,-1.031417
1752676218312,0.341033,-0.262589,-1.031406
1752676218331,0.341068,-0.262542,-1.031396
1752676218337,0.341099,-0.262499,-1.031387
1752676218345,0.341128,-0.262460,-1.031379
1752676218347,0.341153,-0.262424,-1.031372
1752676218359,0.341177,-0.262393,-1.031366
1752676218372,0.341451,-0.262718,-1.031949
1752676218373,0.341699,-0.263013,-1.032477
1752676218375,0.341924,-0.263280,-1.032955
1752676218393,0.342127,-0.263521,-1.033388
1752676220205,0.351346,-0.271100,-1.057930
1752676220219,0.359689,-0.277958,-1.080137
1752676220232,0.367237,-0.284164,-1.100232
1752676220245,0.374068,-0.289779,-1.118415
1752676220263,0.380249,-0.294860,-1.134869
1752676220278,0.385842,-0.299458,-1.149758
1752676220289,0.390903,-0.303618,-1.163230
1752676220299,0.395482,-0.307383,-1.175421
1752676220308,0.399626,-0.310789,-1.186452
1752676220318,0.403376,-0.313872,-1.196434
1752676220332,0.406769,-0.316661,-1.205466
1752676220342,0.409839,-0.319185,-1.213639
1752676220350,0.412618,-0.321469,-1.221035
1752676220359,0.415131,-0.323536,-1.227727
1752676220369,0.417406,-0.325406,-1.233782
1752676220376,0.419465,-0.327098,-1.239262
1752676220383,0.421327,-0.328629,-1.244220
1752676220388,0.423013,-0.330014,-1.248706
1752676220395,0.424538,-0.331268,-1.252766
1752676220400,0.425918,-0.332403,-1.256440
1752676220407,0.427166,-0.333429,-1.259764
1752676220412,0.428296,-0.334358,-1.262772
1752676220415,0.429319,-0.335199,-1.265494
1752676220419,0.430244,-0.335959,-1.267956
1752676220439,0.430223,-0.336704,-1.269251
1752676220442,0.430203,-0.337377,-1.270422
1752676220446,0.430186,-0.337987,-1.271482
1752676220451,0.430170,-0.338539,-1.272441
1752676220465,0.430156,-0.339038,-1.273309
1752676220473,0.430143,-0.339490,-1.274094
1752676220475,0.430131,-0.339898,-1.274805
1752676220478,0.430120,-0.340268,-1.275448
1752676220492,0.430111,-0.340603,-1.276030
1752676220495,0.430102,-0.340906,-1.276556
1752676220498,0.429502,-0.341532,-1.277125
1752676220510,0.428960,-0.342099,-1.277640
1752676220511,0.428469,-0.342612,-1.278105
1752676220513,0.428025,-0.343076,-1.278527
1752676220527,0.427623,-0.343496,-1.278908
1752676220542,0.426513,-0.343812,-1.278486
1752676220543,0.425508,-0.344098,-1.278103
1752676220544,0.424599,-0.344357,-1.277757
1752676220560,0.423776,-0.344591,-1.277444
1752676220569,0.423032,-0.344803,-1.277161
1752676220581,0.421447,-0.346582,-1.279058
1752676220587,0.420013,-0.348191,-1.280775
1752676220599,0.418715,-0.349647,-1.282329
1752676220609,0.417540,-0.350965,-1.283735
1752676220614,0.416478,-0.352157,-1.285007
1752676220620,0.415516,-0.353236,-1.286158
1752676220629,0.414646,-0.354212,-1.287200
1752676232283,0.407560,-0.364330,-1.298244
1752676232298,0.401148,-0.373485,-1.308239
1752676232312,0.395346,-0.381770,-1.317282
1752676232332,0.390095,-0.389266,-1.325466
1752676232345,0.385345,-0.396049,-1.332870
1752676232363,0.381046,-0.402187,-1.339571
1752676232374,0.377156,-0.407741,-1.345634
1752676232387,0.373636,-0.412767,-1.351120
1752676232396,0.370451,-0.417315,-1.356085
1752676232405,0.367569,-0.421430,-1.360577
1752676232415,0.364961,-0.425154,-1.364642
1752676232423,0.362601,-0.428523,-1.368320
1752676232431,0.360466,-0.431572,-1.371648
1752676232436,0.358533,-0.434331,-1.374660
1752676232442,0.356785,-0.436827,-1.377385
1752676232446,0.355203,-0.439086,-1.379851
1752676232452,0.353771,-0.441130,-1.382083
1752676232461,0.352476,-0.442980,-1.384102
1752676232469,0.351304,-0.444654,-1.385929
1752676232475,0.350243,-0.446168,-1.387582
1752676232480,0.349283,-0.447539,-1.389078
1752676232494,0.348415,-0.448779,-1.390432
1752676232505,0.347629,-0.449901,-1.391657
1752676232506,0.346918,-0.450916,-1.392765
1752676232508,0.346274,-0.451835,-1.393768
1752676232536,0.345388,-0.452454,-1.394181
1752676249895,0.347504,-0.438048,-1.391522
1752676249907,0.349420,-0.425012,-1.389116
1752676249920,0.351153,-0.413217,-1.386939
1752676249933,0.352721,-0.402543,-1.384969
1752676249945,0.354140,-0.392885,-1.383186
1752676249955,0.355424,-0.384146,-1.381573
1752676249964,0.356586,-0.376238,-1.380114
1752676249974,0.357637,-0.369082,-1.378793
1752676249988,0.358589,-0.362607,-1.377598
1752676250001,0.359450,-0.356748,-1.376517
1752676250013,0.360229,-0.351446,-1.375538
1752676250025,0.360933,-0.346648,-1.374653
1752676250035,0.361571,-0.342307,-1.373851
1752676250046,0.362148,-0.338379,-1.373126
1752676250053,0.362671,-0.334824,-1.372470
1752676250063,0.363143,-0.331608,-1.371877
1752676250071,0.363571,-0.328698,-1.371340
1752676250075,0.363958,-0.326064,-1.370854
1752676250086,0.364308,-0.323681,-1.370414
1752676250089,0.364625,-0.321525,-1.370016
1752676250101,0.364911,-0.319573,-1.369655
1752676250108,0.365171,-0.317808,-1.369330
1752676250110,0.365406,-0.316210,-1.369035
1752676250129,0.365618,-0.314764,-1.368768
1752676250143,0.366953,-0.312971,-1.362560
1752676250148,0.368161,-0.311348,-1.356942
1752676250160,0.369255,-0.309879,-1.351858
1752676250169,0.370244,-0.308550,-1.347258
1752676250170,0.371139,-0.307348,-1.343096
1752676250196,0.372803,-0.305902,-1.335175
1752676250197,0.374309,-0.304595,-1.328007
1752676250209,0.375671,-0.303411,-1.321521
1752676250224,0.376904,-0.302341,-1.315652
1752676250250,0.372436,-0.294611,-1.281904
1752676250272,0.368393,-0.287617,-1.251366
1752676250291,0.364735,-0.281288,-1.223733
1752676250303,0.361424,-0.275561,-1.198729
1752676250318,0.358429,-0.270379,-1.176103
1752676250328,0.355718,-0.265690,-1.155629
1752676250339,0.353266,-0.261447,-1.137103
1752676250347,0.351046,-0.257608,-1.120339
1752676250354,0.349038,-0.254133,-1.105170
1752676250365,0.347221,-0.250990,-1.091444
1752676250370,0.345576,-0.248145,-1.079023
1752676250377,0.344089,-0.245571,-1.067785
1752676250383,0.342742,-0.243242,-1.057615
1752676250398,0.341524,-0.241134,-1.048412
1752676250401,0.340421,-0.239227,-1.040085
1752676250405,0.339424,-0.237501,-1.032550
1752676250425,0.339944,-0.237197,-1.028065
1752676250429,0.340415,-0.236922,-1.024006
1752676257796,0.346878,-0.246006,-1.051725
1752676257810,0.352726,-0.254226,-1.076808
1752676257822,0.358017,-0.261664,-1.099505
1752676257833,0.362806,-0.268395,-1.120042
1752676257845,0.367138,-0.274485,-1.138626
1752676257855,0.371059,-0.279996,-1.155442
1752676257867,0.374607,-0.284983,-1.170659
1752676257877,0.377817,-0.289495,-1.184428
1752676257887,0.380722,-0.293579,-1.196887
1752676257896,0.383350,-0.297273,-1.208161
1752676257904,0.385729,-0.300617,-1.218363
1752676257912,0.387881,-0.303642,-1.227594
1752676257919,0.389828,-0.306379,-1.235947
1752676257930,0.391590,-0.308856,-1.243506
1752676257937,0.393185,-0.311098,-1.250346
1752676257943,0.394628,-0.313126,-1.256534
1752676257948,0.395934,-0.314961,-1.262135
1752676257966,0.397115,-0.316622,-1.267202
1752676257970,0.398184,-0.318125,-1.271788
1752676257974,0.399151,-0.319485,-1.275937
1752676257978,0.400027,-0.320715,-1.279691
1752676257995,0.400819,-0.321828,-1.283089
1752676257999,0.401536,-0.322836,-1.286163
1752676258001,0.402184,-0.323748,-1.288945
1752676258002,0.402771,-0.324573,-1.291462
1752676258016,0.403302,-0.325319,-1.293740
1752676258027,0.402674,-0.325047,-1.293583
1752676258028,0.402106,-0.324802,-1.293441
1752676258037,0.401592,-0.324579,-1.293312
1752676258055,0.401127,-0.324378,-1.293196
1752676258066,0.401402,-0.325623,-1.297253
1752676258071,0.401651,-0.326749,-1.300925
1752676258501,0.403246,-0.330736,-1.304221
1752676258515,0.404690,-0.334343,-1.307204
1752676258533,0.405997,-0.337607,-1.309903
1752676258551,0.407179,-0.340560,-1.312345
1752676258562,0.408249,-0.343233,-1.314555
1752676258579,0.409217,-0.345651,-1.316555
1752676258589,0.410093,-0.347839,-1.318364
1752676258598,0.410885,-0.349820,-1.320001
1752676258606,0.411602,-0.351611,-1.321483
1752676258615,0.412251,-0.353233,-1.322824
1752676258623,0.412839,-0.354700,-1.324037
1752676258632,0.413370,-0.356027,-1.325134
1752676258639,0.413851,-0.357229,-1.326128
1752676258645,0.414286,-0.358316,-1.327026
1752676258658,0.414680,-0.359299,-1.327840
1752676258666,0.415036,-0.360189,-1.328576
1752676258671,0.415358,-0.360995,-1.329242
1752676258679,0.415650,-0.361723,-1.329844
1752676258684,0.415914,-0.362383,-1.330389
1752676258690,0.416153,-0.362980,-1.330883
1752676258706,0.416369,-0.363519,-1.331329
1752676258710,0.416564,-0.364008,-1.331733
1752676258713,0.416741,-0.364450,-1.332099
1752676258717,0.416902,-0.364850,-1.332430
1752676258723,0.417046,-0.365212,-1.332729
1752676258729,0.417178,-0.365540,-1.333000
1752676258741,0.417296,-0.365836,-1.333245
1752676258743,0.417404,-0.366104,-1.333467
1752676258756,0.417501,-0.366347,-1.333667
1752676258758,0.417460,-0.366564,-1.333766
1752676258769,0.416765,-0.366050,-1.331899
1752676258771,0.416136,-0.365585,-1.330209
1752676258790,0.415402,-0.364940,-1.328244
1752676258792,0.414576,-0.364072,-1.325763
1752676258805,0.413828,-0.363287,-1.323518
1752676258807,0.413152,-0.362576,-1.321487
1752676258826,0.412412,-0.361743,-1.319288
1752676258830,0.411743,-0.360990,-1.317299
1752676258842,0.411137,-0.360308,-1.315498
1752676258844,0.410589,-0.359691,-1.313869
1752676258858,0.410093,-0.359133,-1.312395
1752676258864,0.409645,-0.358627,-1.311061
1752676258869,0.409170,-0.358035,-1.309526
1752676258890,0.408741,-0.357498,-1.308137
1752676258891,0.408453,-0.356944,-1.307004
1752676258892,0.408193,-0.356442,-1.305978
1752676258903,0.407957,-0.355987,-1.305049
1752676258925,0.407744,-0.355577,-1.304209
1752676258926,0.407545,-0.355359,-1.303884
1752676258936,0.407365,-0.355163,-1.303589
1752676258938,0.407203,-0.354985,-1.303323
1752676258956,0.407056,-0.354824,-1.303082
1752676258957,0.406922,-0.354679,-1.302863
1752676258969,0.407127,-0.354897,-1.303482
1752676258991,0.407312,-0.355094,-1.304042
1752676258993,0.407195,-0.354984,-1.303889
1752676259002,0.407088,-0.354884,-1.303750
1752676259004,0.406992,-0.354794,-1.303625
1752676259030,0.406905,-0.354712,-1.303511
1752676259037,0.406631,-0.354182,-1.302399
1752676259039,0.406384,-0.353702,-1.301393
1752676259042,0.406161,-0.353267,-1.300482
1752676259065,0.406018,-0.353063,-1.299974
1752676259069,0.405543,-0.352489,-1.298448
1752676259070,0.405114,-0.351970,-1.297067
1752676259072,0.404725,-0.351500,-1.295817
1752676259092,0.404291,-0.350715,-1.293868
1752676259097,0.403899,-0.350005,-1.292105
1752676259104,0.403544,-0.349362,-1.290509
1752676259106,0.403222,-0.348780,-1.289065
1752676259125,0.402814,-0.348022,-1.287202
1752676259126,0.402445,-0.347337,-1.285516
1752676259137,0.402115,-0.346700,-1.283970
1752676259139,0.401817,-0.346123,-1.282572
1752676259158,0.401548,-0.345602,-1.281306
1752676259160,0.401556,-0.345393,-1.280794
1752676259169,0.401563,-0.345204,-1.280330
1752676259190,0.401570,-0.345033,-1.279911
1752676259198,0.401300,-0.344351,-1.277937
1752676259206,0.401056,-0.343735,-1.276150
1752676259213,0.400835,-0.343177,-1.274534
1752676259227,0.400635,-0.342672,-1.273071
1752676259231,0.400455,-0.342215,-1.271748
1752676259237,0.400291,-0.341801,-1.270550
1752676259242,0.400143,-0.341427,-1.269467
1752676259257,0.400009,-0.341089,-1.268486
1752676259262,0.399372,-0.340327,-1.266370
1752676259270,0.398796,-0.339638,-1.264454
1752676259273,0.398275,-0.339015,-1.262721
1752676259294,0.397803,-0.338450,-1.261153
1752676259295,0.397377,-0.337940,-1.259734
1752676259302,0.396990,-0.337478,-1.258449
1752676259304,0.396641,-0.337060,-1.257288
1752676259323,0.396645,-0.337117,-1.257068
1752676259325,0.396649,-0.337169,-1.256869
1752676259334,0.396657,-0.337156,-1.256573
1752676259336,0.396665,-0.337145,-1.256306
1752676259354,0.396672,-0.337135,-1.256064
1752676259361,0.396492,-0.336560,-1.254732
1752676259369,0.396328,-0.336041,-1.253527
1752676259371,0.396180,-0.335570,-1.252436
1752676259389,0.396046,-0.335144,-1.251450
1752676259390,0.395925,-0.334759,-1.250557
1752676259402,0.395984,-0.334605,-1.250446
1752676259404,0.396038,-0.334465,-1.250346
1752676259423,0.396087,-0.334339,-1.250256
1752676259424,0.396497,-0.334222,-1.250467
1752676259435,0.396721,-0.333850,-1.250185
1752676259436,0.396924,-0.333513,-1.249930
1752676259456,0.397108,-0.333208,-1.249699
1752676259457,0.396914,-0.332489,-1.248619
1752676259468,0.396933,-0.331794,-1.247719
1752676259470,0.396949,-0.331164,-1.246905
1752676259489,0.396965,-0.330595,-1.246169
1752676259490,0.396655,-0.329530,-1.244508
1752676259502,0.396320,-0.328661,-1.243148
1752676259504,0.396016,-0.327875,-1.241917
1752676259523,0.395742,-0.327164,-1.240804
1752676259524,0.395289,-0.326289,-1.239332
1752676259535,0.394970,-0.325410,-1.237903
1752676259537,0.394681,-0.324614,-1.236610
1752676259556,0.394420,-0.323894,-1.235440
1752676259557,0.393778,-0.322747,-1.233408
1752676259569,0.393130,-0.321520,-1.231135
1752676259571,0.392543,-0.320410,-1.229078
1752676259593,0.392013,-0.319405,-1.227216
1752676259595,0.391533,-0.318496,-1.225531
1752676259601,0.391315,-0.317686,-1.224304
1752676259602,0.391118,-0.316952,-1.223193
1752676259624,0.390875,-0.316213,-1.222036
1752676259625,0.390656,-0.315544,-1.220990
1752676259639,0.390680,-0.314886,-1.220004
1752676259645,0.390703,-0.314290,-1.219111
1752676259660,0.390723,-0.313750,-1.218303
1752676259667,0.390741,-0.313263,-1.217573
1752676259671,0.390758,-0.312821,-1.216911
1752676259677,0.390773,-0.312422,-1.216313
1752676259691,0.390787,-0.312060,-1.215771
1752676259696,0.390799,-0.311733,-1.215281
1752676259701,0.390810,-0.311437,-1.214838
1752676259703,0.390820,-0.311169,-1.214436
1752676259722,0.390829,-0.310927,-1.214073
1752676260150,0.391333,-0.311626,-1.215500
1752676260161,0.391788,-0.312259,-1.216792
1752676260172,0.392201,-0.312831,-1.217961
1752676260186,0.392574,-0.313349,-1.219018
1752676260196,0.392912,-0.313818,-1.219975
1752676260207,0.393217,-0.314242,-1.220841
1752676260216,0.393494,-0.314626,-1.221625
1752676260225,0.393744,-0.314973,-1.222334
1752676260234,0.393970,-0.315288,-1.222975
1752676260244,0.394175,-0.315572,-1.223556
1752676260254,0.394360,-0.315829,-1.224081
1752676260263,0.394528,-0.316062,-1.224557
1752676260271,0.394680,-0.316273,-1.224987
1752676260278,0.394817,-0.316464,-1.225376
1752676260284,0.394941,-0.316636,-1.225728
1752676260296,0.395054,-0.316792,-1.226047
1752676260303,0.395156,-0.316933,-1.226335
1752676260310,0.395248,-0.317061,-1.226596
1752676260317,0.395331,-0.317177,-1.226832
1752676260325,0.395406,-0.317282,-1.227046
1752676260332,0.395474,-0.317376,-1.227239
1752676260339,0.395536,-0.317462,-1.227414
1752676260341,0.395592,-0.317540,-1.227572
1752676260346,0.395643,-0.317610,-1.227716
1752676260360,0.395688,-0.317673,-1.227845
1752676260361,0.395730,-0.317731,-1.227962
1752676260368,0.395767,-0.317783,-1.228069
1752676260371,0.395801,-0.317830,-1.228165
1752676260410,0.395798,-0.317701,-1.227884
1752676260428,0.395795,-0.317584,-1.227631
1752676260446,0.395793,-0.317478,-1.227401
1752676260462,0.395790,-0.317382,-1.227194
1752676260478,0.395788,-0.317296,-1.227006
1752676260494,0.395786,-0.317217,-1.226836
1752676260508,0.395784,-0.317146,-1.226682
1752676260520,0.395783,-0.317082,-1.226543
1752676260533,0.395782,-0.317024,-1.226417
1752676260544,0.395780,-0.316972,-1.226303
1752676260554,0.395779,-0.316924,-1.226200
1752676260562,0.395778,-0.316881,-1.226106
1752676260569,0.395777,-0.316842,-1.226022
1752676260577,0.395776,-0.316807,-1.225945
1752676260584,0.395775,-0.316775,-1.225876
1752676260594,0.395775,-0.316746,-1.225814
1752676260605,0.395774,-0.316720,-1.225757
1752676260608,0.395774,-0.316696,-1.225706
1752676260612,0.395773,-0.316675,-1.225659
1752676260621,0.395773,-0.316656,-1.225618
1752676260626,0.395772,-0.316638,-1.225580
1752676260628,0.395772,-0.316622,-1.225545
1752676260642,0.395687,-0.316608,-1.225276
1752676260657,0.395610,-0.316595,-1.225033
1752676260667,0.395540,-0.316583,-1.224813
1752676260676,0.395477,-0.316572,-1.224614
1752676260683,0.395420,-0.316563,-1.224433
1752676260695,0.395368,-0.316554,-1.224270
1752676260699,0.395321,-0.316546,-1.224123
1752676260702,0.395279,-0.316539,-1.223989
1752676260707,0.395241,-0.316532,-1.223868
1752676260728,0.395206,-0.316526,-1.223759
1752676260731,0.395175,-0.316521,-1.223660
1752676260732,0.395146,-0.316516,-1.223571
1752676260734,0.395121,-0.316512,-1.223490
1752676260751,0.395097,-0.316508,-1.223416
1752676260754,0.395076,-0.316504,-1.223350
1752676260761,0.395057,-0.316501,-1.223290
1752676260762,0.395040,-0.316498,-1.223235
1752676260769,0.395001,-0.316518,-1.223209
1752676260771,0.394966,-0.316535,-1.223184
1752676260792,0.394691,-0.316317,-1.222669
1752676260793,0.394442,-0.316119,-1.222203
1752676260821,0.394384,-0.316110,-1.222104
1752676260843,0.394332,-0.316103,-1.222016
1752676260862,0.394284,-0.316096,-1.221935
1752676260881,0.394242,-0.316089,-1.221862
1752676260898,0.394203,-0.316084,-1.221796
1752676260914,0.394168,-0.316078,-1.221737
1752676260928,0.394136,-0.316074,-1.221683
1752676260942,0.394107,-0.316070,-1.221634
1752676260956,0.394081,-0.316066,-1.221590
1752676260966,0.394058,-0.316062,-1.221550
1752676260976,0.394037,-0.316059,-1.221513
1752676260986,0.394017,-0.316056,-1.221480
1752676260993,0.394000,-0.316054,-1.221451
1752676260999,0.393984,-0.316051,-1.221424
1752676261006,0.393970,-0.316049,-1.221400
1752676261012,0.393957,-0.316047,-1.221378
1752676261022,0.393945,-0.316046,-1.221358
1752676261028,0.393935,-0.316044,-1.221340
1752676261030,0.393925,-0.316043,-1.221324
1752676261032,0.393916,-0.316041,-1.221309
1752676261043,0.393909,-0.316040,-1.221296
1752676261044,0.393902,-0.316039,-1.221284
1752676261046,0.393895,-0.316038,-1.221273
1752676261061,0.393964,-0.316123,-1.221434
1752676261062,0.394027,-0.316200,-1.221580
1752676261069,0.394006,-0.316119,-1.221348
1752676261071,0.393986,-0.316045,-1.221138
1752676261092,0.394072,-0.316200,-1.221471
1752676261093,0.394149,-0.316339,-1.221771
1752676261102,0.394219,-0.316466,-1.222044
1752676261104,0.394283,-0.316580,-1.222290
1752676261123,0.394465,-0.316833,-1.222806
1752676261127,0.394550,-0.317190,-1.223458
1752676261135,0.394627,-0.317513,-1.224047
1752676261137,0.394697,-0.317806,-1.224581
1752676261158,0.394607,-0.317859,-1.224662
1752676261159,0.394526,-0.317907,-1.224735
1752676261171,0.394452,-0.317950,-1.224801
1752676261173,0.394385,-0.317989,-1.224860
1752676261190,0.394325,-0.318025,-1.224915
1752676261191,0.394271,-0.318057,-1.224964
1752676261207,0.393953,-0.317860,-1.224388
1752676261209,0.393665,-0.317682,-1.223867
1752676261222,0.393405,-0.317520,-1.223396
1752676261233,0.393506,-0.317371,-1.223063
1752676261237,0.393597,-0.317236,-1.222762
1752676261241,0.393679,-0.317114,-1.222489
1752676261255,0.393754,-0.317003,-1.222243
1752676261260,0.393848,-0.316930,-1.222096
1752676261268,0.393933,-0.316864,-1.221964
1752676261271,0.394010,-0.316804,-1.221844
1752676261291,0.394080,-0.316750,-1.221735
1752676261292,0.394143,-0.316701,-1.221637
1752676261325,0.394397,-0.317002,-1.222373
1752676261346,0.394627,-0.317273,-1.223039
1752676261362,0.394835,-0.317519,-1.223641
1752676261372,0.395023,-0.317742,-1.224187
1752676261384,0.395193,-0.317943,-1.224680
1752676261390,0.395347,-0.318126,-1.225126
1752676261394,0.395486,-0.318291,-1.225530
1752676261402,0.395613,-0.318440,-1.225896
1752676261404,0.395727,-0.318575,-1.226226
1752676261408,0.395830,-0.318697,-1.226525
1752676261417,0.395923,-0.318808,-1.226796
1752676261433,0.395974,-0.318951,-1.227139
1752676261441,0.396021,-0.319081,-1.227449
1752676261446,0.396062,-0.319198,-1.227730
1752676261461,0.396100,-0.319305,-1.227984
1752676261463,0.396134,-0.319401,-1.228214
1752676261477,0.396165,-0.319488,-1.228422
1752676261491,0.396237,-0.319701,-1.228698
1752676261492,0.396302,-0.319894,-1.228948
1752676261511,0.396360,-0.320069,-1.229175
1752676261513,0.396413,-0.320227,-1.229379
1752676261544,0.396247,-0.320002,-1.228765
1752676261556,0.396097,-0.319798,-1.228209
1752676261563,0.395960,-0.319614,-1.227706
1752676261573,0.395837,-0.319447,-1.227250
1752676261580,0.395726,-0.319296,-1.226838
1752676261588,0.395625,-0.319160,-1.226466
1752676261600,0.395534,-0.319036,-1.226128
1752676261605,0.395451,-0.318924,-1.225823
1752676261607,0.395376,-0.318823,-1.225547
1752676261621,0.395308,-0.318732,-1.225297
1752676261627,0.395247,-0.318649,-1.225071
1752676261648,0.395246,-0.318639,-1.224872
1752676261653,0.395245,-0.318630,-1.224692
1752676261664,0.395245,-0.318622,-1.224530
1752676261667,0.395527,-0.318894,-1.225179
1752676261680,0.395782,-0.319141,-1.225766
1752676261689,0.396013,-0.319364,-1.226297
1752676261699,0.395886,-0.318897,-1.225514
1752676261705,0.395771,-0.318475,-1.224805
1752676261724,0.395667,-0.318093,-1.224164
1752676261730,0.395573,-0.317748,-1.223583
1752676261736,0.395487,-0.317435,-1.223058
1752676261758,0.395410,-0.317152,-1.222583
1752676261762,0.395543,-0.317383,-1.223087
1752676261771,0.395663,-0.317592,-1.223543
1752676261793,0.395772,-0.317781,-1.223956
1752676261799,0.395870,-0.317952,-1.224329
1752676261808,0.395959,-0.318107,-1.224667
1752676261812,0.396039,-0.318247,-1.224972
1752676261823,0.396112,-0.318374,-1.225249
1752676261832,0.396178,-0.318489,-1.225499
1752676261846,0.395880,-0.318229,-1.224732
1752676261866,0.395610,-0.317995,-1.224038
1752676261883,0.395367,-0.317782,-1.223410
1752676261892,0.395146,-0.317590,-1.222842
1752676261901,0.394946,-0.317416,-1.222328
1752676261916,0.394766,-0.317259,-1.221863
1752676261927,0.394602,-0.317117,-1.221442
1752676261934,0.394454,-0.316988,-1.221061
1752676261940,0.394320,-0.316871,-1.220716
1752676261950,0.394199,-0.316766,-1.220404
1752676261954,0.394090,-0.316670,-1.220122
1752676261957,0.393990,-0.316584,-1.219866
1752676261960,0.393901,-0.316506,-1.219635
1752676261964,0.393820,-0.316435,-1.219426
1752676261976,0.393746,-0.316371,-1.219237
1752676261979,0.393680,-0.316313,-1.219066
1752676262006,0.393629,-0.316224,-1.218862
1752676262021,0.393584,-0.316143,-1.218678
1752676262034,0.393543,-0.316069,-1.218511
1752676262046,0.393506,-0.316003,-1.218361
1752676262058,0.393472,-0.315943,-1.218224
1752676262068,0.393441,-0.315889,-1.218101
1752676262078,0.393414,-0.315840,-1.217989
1752676262087,0.393389,-0.315795,-1.217888
1752676262096,0.393366,-0.315755,-1.217797
1752676262105,0.393346,-0.315719,-1.217714
1752676262113,0.393327,-0.315686,-1.217639
1752676262117,0.393311,-0.315656,-1.217571
1752676262127,0.393296,-0.315629,-1.217510
1752676262131,0.393282,-0.315604,-1.217454
1752676262136,0.393269,-0.315582,-1.217404
1752676262139,0.393258,-0.315562,-1.217359
1752676262155,0.393248,-0.315544,-1.217318
1752676262170,0.393221,-0.315394,-1.217004
1752676262193,0.393196,-0.315258,-1.216720
1752676262202,0.393174,-0.315134,-1.216464
1752676262205,0.393154,-0.315023,-1.216231
1752676262210,0.393136,-0.314922,-1.216021
1752676262233,0.393119,-0.314831,-1.215831
1752676262241,0.393078,-0.314736,-1.215611
1752676262242,0.393041,-0.314650,-1.215412
1752676262257,0.393007,-0.314572,-1.215232
1752676262258,0.393075,-0.314623,-1.215304
1752676262281,0.393190,-0.314808,-1.215725
1752676262303,0.393294,-0.314975,-1.216106
1752676262315,0.393389,-0.315126,-1.216451
1752676262326,0.393474,-0.315263,-1.216763
1752676262334,0.393551,-0.315387,-1.217045
1752676262342,0.393621,-0.315499,-1.217301
1752676262350,0.393684,-0.315600,-1.217532
1752676262361,0.393742,-0.315692,-1.217741
1752676262369,0.393793,-0.315775,-1.217930
1752676262374,0.393840,-0.315850,-1.218101
1752676262396,0.393882,-0.315918,-1.218256
1752676262401,0.393921,-0.315980,-1.218397
1752676262407,0.393956,-0.316036,-1.218523
1752676262424,0.393987,-0.316086,-1.218638
1752676262432,0.394015,-0.316132,-1.218742
1752676262438,0.394041,-0.316173,-1.218836
1752676262459,0.394053,-0.316153,-1.218833
1752676262460,0.394064,-0.316135,-1.218831
1752676262487,0.394069,-0.316303,-1.219127
1752676262509,0.394073,-0.316455,-1.219396
1752676262527,0.394077,-0.316593,-1.219638
1752676262544,0.394081,-0.316717,-1.219858
1752676262563,0.394084,-0.316830,-1.220057
1752676262580,0.394087,-0.316932,-1.220236
1752676262595,0.394090,-0.317024,-1.220399
1752676262607,0.394092,-0.317108,-1.220546
1752676262618,0.394094,-0.317183,-1.220680
1752676262630,0.394096,-0.317251,-1.220800
1752676262639,0.394098,-0.317313,-1.220909
1752676262648,0.394100,-0.317369,-1.221008
1752676262655,0.394101,-0.317420,-1.221097
1752676262662,0.394102,-0.317466,-1.221178
1752676262668,0.394103,-0.317507,-1.221251
1752676262680,0.394105,-0.317545,-1.221317
1752676262686,0.394106,-0.317579,-1.221377
1752676262702,0.394106,-0.317609,-1.221431
1752676262710,0.394107,-0.317637,-1.221480
1752676262713,0.394108,-0.317662,-1.221525
1752676262726,0.394109,-0.317685,-1.221565
1752676262730,0.394109,-0.317706,-1.221601
1752676262736,0.394110,-0.317724,-1.221634
1752676262738,0.394110,-0.317741,-1.221664
1752676262756,0.394111,-0.317756,-1.221691
1752676262757,0.394111,-0.317770,-1.221715
1752676262781,0.393753,-0.317130,-1.220393
1752676262803,0.393430,-0.316551,-1.219197
1752676262817,0.393137,-0.316027,-1.218114
1752676262828,0.392872,-0.315553,-1.217135
1752676262838,0.392632,-0.315123,-1.216248
1752676262848,0.392415,-0.314735,-1.215446
1752676262856,0.392219,-0.314384,-1.214721
1752676262864,0.392041,-0.314066,-1.214064
1752676262872,0.391880,-0.313778,-1.213470
1752676262880,0.391735,-0.313518,-1.212932
1752676262895,0.391603,-0.313282,-1.212445
1752676262901,0.391484,-0.313069,-1.212005
1752676262917,0.391376,-0.312876,-1.211607
1752676262926,0.391278,-0.312702,-1.211246
1752676262931,0.391190,-0.312544,-1.210920
1752676262946,0.391110,-0.312401,-1.210625
1752676262956,0.391038,-0.312272,-1.210358
1752676262967,0.390973,-0.312155,-1.210116
1752676262974,0.390914,-0.312049,-1.209897
1752676262995,0.391034,-0.311969,-1.209796
1752676262999,0.391144,-0.311896,-1.209704
1752676263009,0.391243,-0.311831,-1.209620
1752676263014,0.391332,-0.311771,-1.209545
1752676263023,0.391413,-0.311718,-1.209477
1752676263025,0.391487,-0.311669,-1.209415
1752676263043,0.391553,-0.311625,-1.209359
1752676263058,0.391610,-0.311615,-1.209348
1752676263060,0.391662,-0.311605,-1.209337
1752676263072,0.391754,-0.311657,-1.209439
1752676263097,0.391837,-0.311704,-1.209532
1752676263101,0.391913,-0.311747,-1.209615
1752676263111,0.391981,-0.311786,-1.209691
1752676263126,0.392043,-0.311821,-1.209759
1752676263135,0.392099,-0.311853,-1.209821
1752676263136,0.392150,-0.311881,-1.209877
1752676263176,0.391891,-0.311727,-1.209265
1752676263199,0.391658,-0.311588,-1.208712
1752676263221,0.391446,-0.311462,-1.208211
1752676263237,0.391255,-0.311348,-1.207758
1752676263251,0.391082,-0.311245,-1.207348
1752676263269,0.390925,-0.311152,-1.206977
1752676263279,0.390783,-0.311067,-1.206641
1752676263287,0.390655,-0.310991,-1.206337
1752676263297,0.390539,-0.310921,-1.206062
1752676263304,0.390434,-0.310859,-1.205813
1752676263315,0.390339,-0.310802,-1.205588
1752676263321,0.390253,-0.310751,-1.205384
1752676263325,0.390175,-0.310705,-1.205200
1752676263338,0.390105,-0.310663,-1.205033
1752676263339,0.390041,-0.310625,-1.204883
1752676263342,0.389983,-0.310590,-1.204746
1752676263356,0.389931,-0.310559,-1.204622
1752676263359,0.389884,-0.310531,-1.204510
1752676263373,0.389768,-0.310301,-1.204112
1752676263375,0.389664,-0.310093,-1.203752
1752676263377,0.389570,-0.309905,-1.203426
1752676263380,0.389484,-0.309735,-1.203131
1752676263402,0.389403,-0.309765,-1.203120
1752676263404,0.389329,-0.309792,-1.203110
1752676263410,0.389571,-0.310209,-1.204199
1752676263428,0.389790,-0.310587,-1.205184
1752676263439,0.389988,-0.310929,-1.206076
1752676263442,0.390167,-0.311239,-1.206882
1752676263446,0.390329,-0.311519,-1.207612
1752676263462,0.390476,-0.311773,-1.208273
1752676263471,0.390608,-0.312002,-1.208870
1752676263472,0.390729,-0.312210,-1.209411
1752676263474,0.390837,-0.312397,-1.209900
1752676263493,0.390936,-0.312567,-1.210343
1752676263494,0.391025,-0.312721,-1.210744
1752676263507,0.391102,-0.312434,-1.210448
1752676263512,0.391172,-0.312175,-1.210179
1752676263527,0.391236,-0.311940,-1.209937
1752676263531,0.391293,-0.311728,-1.209717
1752676263538,0.391345,-0.311536,-1.209519
1752676263556,0.391392,-0.311362,-1.209339
1752676263564,0.391434,-0.311204,-1.209177
1752676263572,0.391473,-0.311062,-1.209029
1752676263782,0.391935,-0.310587,-1.208719
1752676263804,0.392353,-0.310158,-1.208439
1752676263820,0.392731,-0.309770,-1.208184
1752676263834,0.393073,-0.309418,-1.207955
1752676263845,0.393383,-0.309100,-1.207747
1752676263855,0.393663,-0.308813,-1.207559
1752676263863,0.393916,-0.308552,-1.207388
1752676263869,0.394146,-0.308317,-1.207234
1752676263876,0.394353,-0.308103,-1.207095
1752676263881,0.394541,-0.307911,-1.206969
1752676263898,0.394711,-0.307736,-1.206854
1752676263903,0.394865,-0.307578,-1.206751
1752676263907,0.395004,-0.307435,-1.206658
1752676263917,0.395130,-0.307306,-1.206573
1752676263924,0.395244,-0.307189,-1.206497
1752676263931,0.395347,-0.307083,-1.206427
1752676263943,0.395441,-0.306987,-1.206365
1752676263958,0.395525,-0.306900,-1.206308
1752676263959,0.395601,-0.306822,-1.206257
1752676264929,0.398854,-0.308629,-1.209900
1752676264943,0.401797,-0.310265,-1.213197
1752676264956,0.404461,-0.311745,-1.216181
1752676264969,0.406871,-0.313084,-1.218881
1752676264981,0.409051,-0.314296,-1.221323
1752676264990,0.411025,-0.315392,-1.223534
1752676265004,0.412810,-0.316384,-1.225534
1752676265013,0.414426,-0.317282,-1.227344
1752676265021,0.415888,-0.318095,-1.228982
1752676265028,0.417211,-0.318830,-1.230464
1752676265036,0.418408,-0.319495,-1.231805
1752676265043,0.419491,-0.320097,-1.233018
1752676265051,0.420471,-0.320641,-1.234116
1752676265057,0.421358,-0.321134,-1.235110
1752676265064,0.422161,-0.321580,-1.236009
1752676265073,0.422887,-0.321984,-1.236822
1752676265077,0.423544,-0.322349,-1.237559
1752676265081,0.424139,-0.322679,-1.238225
1752676265094,0.424677,-0.322978,-1.238827
1752676265103,0.425164,-0.323249,-1.239373
1752676265106,0.425604,-0.323494,-1.239866
1752676265110,0.426003,-0.323715,-1.240313
1752676265524,0.424747,-0.326614,-1.237093
1752676265535,0.423611,-0.329237,-1.234180
1752676265546,0.422582,-0.331611,-1.231543
1752676265559,0.421652,-0.333759,-1.229158
1752676265569,0.420810,-0.335703,-1.226999
1752676265577,0.420048,-0.337461,-1.225046
1752676265587,0.419358,-0.339053,-1.223279
1752676265595,0.418735,-0.340493,-1.221679
1752676265604,0.418170,-0.341796,-1.220232
1752676265613,0.417659,-0.342975,-1.218923
1752676265620,0.417197,-0.344042,-1.217738
1752676265630,0.416779,-0.345007,-1.216665
1752676265637,0.416400,-0.345881,-1.215695
1752676265646,0.416058,-0.346671,-1.214817
1752676265653,0.415748,-0.347387,-1.214023
1752676265665,0.415468,-0.348034,-1.213304
1752676265671,0.415214,-0.348619,-1.212653
1752676265679,0.414984,-0.349149,-1.212065
1752676265688,0.414777,-0.349629,-1.211532
1752676265696,0.414589,-0.350063,-1.211050
1752676265705,0.414418,-0.350456,-1.210614
1752676265711,0.414264,-0.350811,-1.210220
1752676265713,0.414125,-0.351132,-1.209863
1752676265717,0.413999,-0.351423,-1.209540
1752676265737,0.413885,-0.351687,-1.209247
1752676265741,0.413782,-0.351925,-1.208983
1752676265743,0.413689,-0.352140,-1.208743
1752676265746,0.413604,-0.352335,-1.208527
1752676265760,0.413528,-0.352512,-1.208331
1752676265763,0.413458,-0.352672,-1.208153
1752676266301,0.553706,-0.471326,-1.560908
1752676266317,0.680613,-0.578693,-1.880107
1752676266332,0.795448,-0.675847,-2.168943
1752676266345,0.899359,-0.763759,-2.430303
1752676266357,0.993385,-0.843309,-2.666801
1752676266369,1.078468,-0.915291,-2.880802
1752676266383,1.155457,-0.980426,-3.074446
1752676266396,1.225122,-1.039365,-3.249671
1752676266413,1.288160,-1.092698,-3.408226
1752676266421,1.345202,-1.140957,-3.551699
1752676266433,1.396818,-1.184626,-3.681525
1752676266445,1.443524,-1.224141,-3.799001
1752676266453,1.485787,-1.259896,-3.905301
1752676266461,1.524029,-1.292251,-4.001490
1752676266474,1.558634,-1.321528,-4.088529
1752676266479,1.589947,-1.348020,-4.167289
1752676266484,1.618281,-1.371991,-4.238556
1752676266492,1.643921,-1.393683,-4.303044
1752676266501,1.667121,-1.413311,-4.361398
1752676266504,1.688114,-1.431072,-4.414201
1752676266510,1.707110,-1.447143,-4.461981
1752676266515,1.724300,-1.461686,-4.505216
1752676266524,1.739854,-1.474845,-4.544338
1752676266525,1.753928,-1.486753,-4.579739
1752676266528,1.766664,-1.497528,-4.611772
1752676266531,1.778188,-1.507278,-4.640758
1752676267161,1.689268,-1.432652,-4.419622
1752676267176,1.608806,-1.365126,-4.219523
1752676267192,1.535999,-1.304022,-4.038458
1752676267205,1.470117,-1.248731,-3.874617
1752676267219,1.410502,-1.198700,-3.726361
1752676267229,1.356558,-1.153428,-3.592208
1752676267240,1.307745,-1.112463,-3.470816
1752676267251,1.263576,-1.075394,-3.360971
1752676267260,1.223608,-1.041851,-3.261576
1752676267274,1.187442,-1.011500,-3.171636
1752676267283,1.154717,-0.984035,-3.090251
1752676267290,1.125104,-0.959183,-3.016608
1752676267301,1.098309,-0.936695,-2.949970
1752676267312,1.074062,-0.916346,-2.889671
1752676267318,1.052122,-0.897933,-2.835108
1752676267322,1.032269,-0.881271,-2.785735
1752676267328,1.014304,-0.866195,-2.741059
1752676267334,0.998048,-0.852552,-2.700633
1752676267338,0.983339,-0.840208,-2.664052
1752676267340,0.970029,-0.829037,-2.630951
1752676267343,0.957985,-0.818929,-2.600999
1752676267358,0.947086,-0.809783,-2.573896
1752676267359,0.937225,-0.801507,-2.549371
1752676267369,0.928301,-0.794018,-2.527179
1752676267371,0.920226,-0.787241,-2.507098
1752676267389,0.912920,-0.781109,-2.488927
1752676267390,0.906308,-0.775560,-2.472485
1752676267415,0.915826,-0.788291,-2.505798
1752676267428,0.924439,-0.799811,-2.535943
1752676267438,0.932232,-0.810235,-2.563220
1752676267445,0.939285,-0.819667,-2.587902
1752676267456,0.945666,-0.828202,-2.610236
1752676267462,0.951440,-0.835925,-2.630446
1752676267468,0.956665,-0.842914,-2.648733
1752676267474,0.961393,-0.849237,-2.665281
1752676267485,0.965671,-0.854960,-2.680254
1752676267493,0.969543,-0.860137,-2.693804
1752676267498,0.973046,-0.864823,-2.706064
1752676267503,0.976215,-0.869062,-2.717158
1752676267509,0.979084,-0.872899,-2.727197
1752676267515,0.981679,-0.876370,-2.736281
1752676267523,0.984028,-0.879511,-2.744501
1752676267527,0.986153,-0.882354,-2.751939
1752676267535,0.988076,-0.884926,-2.758669
1752676267537,0.989816,-0.887253,-2.764759
1752676267553,0.991390,-0.889359,-2.770270
1752676270167,0.955661,-0.858666,-2.709203
1752676270181,0.923330,-0.830893,-2.653946
1752676270196,0.894075,-0.805762,-2.603945
1752676270210,0.867603,-0.783021,-2.558700
1752676270223,0.843649,-0.762444,-2.517759
1752676270234,0.821973,-0.743824,-2.480713
1752676270246,0.802360,-0.726975,-2.447191
1752676270255,0.784612,-0.711729,-2.416857
1752676270265,0.768552,-0.697933,-2.389409
1752676270273,0.754020,-0.685449,-2.364572
1752676270285,0.740871,-0.674153,-2.342098
1752676270293,0.728972,-0.663932,-2.321761
1752676270301,0.718205,-0.654683,-2.303359
1752676270309,0.708462,-0.646313,-2.286707
1752676270315,0.699646,-0.638740,-2.271640
1752676270321,0.691669,-0.631888,-2.258006
1752676270330,0.684451,-0.625687,-2.245668
1752676270337,0.677919,-0.620076,-2.234505
1752676270344,0.672008,-0.614998,-2.224403
1752676270350,0.666660,-0.610404,-2.215262
1752676270359,0.661821,-0.606247,-2.206991
1752676270362,0.657442,-0.602485,-2.199507
1752676270363,0.653479,-0.599081,-2.192734
1752676270365,0.649893,-0.596001,-2.186606
1752676270382,0.646649,-0.593213,-2.181060
1752676270384,0.643713,-0.590691,-2.176043
1752676270392,0.641056,-0.588409,-2.171502
1752676270393,0.638652,-0.586344,-2.167393
1752676270402,0.636477,-0.584476,-2.163676
1752676270404,0.634509,-0.582785,-2.160311
1752676270422,0.632728,-0.581255,-2.157267
1752676270496,0.613435,-0.556369,-2.081177
1752676270521,0.595977,-0.533851,-2.012324
1752676270542,0.580180,-0.513475,-1.950021
1752676270561,0.565885,-0.495037,-1.893645
1752676270578,0.552951,-0.478353,-1.842631
1752676270594,0.541246,-0.463255,-1.796471
1752676270612,0.530655,-0.449595,-1.754701
1752676270624,0.521072,-0.437233,-1.716904
1752676270636,0.512400,-0.426048,-1.682703
1752676270649,0.504553,-0.415926,-1.651755
1752676270660,0.497453,-0.406767,-1.623752
1752676270672,0.491028,-0.398480,-1.598412
1752676270682,0.485214,-0.390981,-1.575482
1752676270690,0.479953,-0.384195,-1.554734
1752676270699,0.475193,-0.378055,-1.535959
1752676270704,0.470885,-0.372499,-1.518970
1752676270709,0.466987,-0.367471,-1.503598
1752676270714,0.463460,-0.362921,-1.489687
1752676270719,0.460269,-0.358805,-1.477100
1752676270722,0.457381,-0.355080,-1.465711
1752676270723,0.454767,-0.351709,-1.455404
1752676270739,0.449615,-0.347247,-1.438874
1752676270743,0.444953,-0.343209,-1.423916
1752676270784,0.434619,-0.334269,-1.391547
1752676270797,0.425269,-0.326179,-1.362257
1752676270810,0.416808,-0.318859,-1.335753
1752676270825,0.409151,-0.312235,-1.311770
1752676270837,0.402223,-0.306241,-1.290068
1752676270849,0.395955,-0.300817,-1.270431
1752676270862,0.390282,-0.295910,-1.252662
1752676270874,0.385149,-0.291469,-1.236583
1752676270885,0.380504,-0.287450,-1.222034
1752676270895,0.376301,-0.283814,-1.208869
1752676270906,0.372498,-0.280524,-1.196956
1752676270916,0.369057,-0.277546,-1.186176
1752676270926,0.365943,-0.274852,-1.176422
1752676270935,0.363125,-0.272414,-1.167595
1752676270943,0.360575,-0.270208,-1.159609
1752676270951,0.358268,-0.268212,-1.152382
1752676270959,0.356180,-0.266406,-1.145842
1752676270965,0.354291,-0.264772,-1.139924
1752676270971,0.352582,-0.263293,-1.134570
1752676270976,0.351035,-0.261954,-1.129725
1752676270982,0.349636,-0.260743,-1.125340
1752676270990,0.348369,-0.259648,-1.121373
1752676270994,0.347223,-0.258656,-1.117783
1752676271002,0.346186,-0.257759,-1.114534
1752676271005,0.345248,-0.256947,-1.111595
1752676271034,0.344974,-0.256461,-1.109700
1752676271039,0.344726,-0.256021,-1.107985
1752676271043,0.344502,-0.255623,-1.106434
1752676271048,0.344300,-0.255263,-1.105030
1752676271068,0.344116,-0.254937,-1.103759
1752676271071,0.343950,-0.254642,-1.102609
1752676271072,0.344447,-0.254933,-1.102768
1752676271077,0.344896,-0.255196,-1.102911
1752676271097,0.345524,-0.255349,-1.102968
1752676271098,0.346093,-0.255487,-1.103019
1752676271107,0.346608,-0.255612,-1.103066
1752676271110,0.347074,-0.255726,-1.103108
1752676271122,0.347866,-0.255738,-1.103295
1752676271129,0.348584,-0.255750,-1.103465
1752676271144,0.349233,-0.255760,-1.103619
1752676271147,0.349820,-0.255770,-1.103758
1752676271156,0.350351,-0.255779,-1.103883
1752676271814,0.349949,-0.253932,-1.097202
1752676271831,0.349586,-0.252260,-1.091157
1752676271845,0.349257,-0.250748,-1.085686
1752676271858,0.348959,-0.249379,-1.080736
1752676271870,0.348689,-0.248141,-1.076257
1752676271884,0.348445,-0.247020,-1.072204
1752676271893,0.348225,-0.246007,-1.068537
1752676271903,0.348025,-0.245089,-1.065218
1752676271911,0.347844,-0.244259,-1.062215
1752676271920,0.347681,-0.243508,-1.059498
1752676271929,0.347533,-0.242828,-1.057039
1752676271937,0.347399,-0.242213,-1.054814
1752676271945,0.347278,-0.241656,-1.052801
1752676271953,0.347168,-0.241152,-1.050979
1752676271961,0.347069,-0.240697,-1.049330
1752676271966,0.346979,-0.240284,-1.047839
1752676271997,0.346898,-0.239911,-1.046489
1752676272003,0.346825,-0.239573,-1.045267
1752676272007,0.346758,-0.239268,-1.044162
1752676272011,0.346698,-0.238991,-1.043162
1752676272014,0.346643,-0.238741,-1.042257
1752676272030,0.346594,-0.238515,-1.041438
1752676272513,0.345083,-0.237822,-1.037923
1752676272526,0.343716,-0.237195,-1.034743
1752676272545,0.342479,-0.236628,-1.031865
1752676272557,0.341359,-0.236115,-1.029260
1752676272569,0.340346,-0.235651,-1.026904
1752676272586,0.339430,-0.235231,-1.024771
1752676272596,0.338600,-0.234850,-1.022842
1752676272606,0.337850,-0.234506,-1.021096
1752676272615,0.337171,-0.234195,-1.019516
1752676272624,0.336556,-0.233913,-1.018086
1752676272632,0.336000,-0.233658,-1.016793
1752676272641,0.335497,-0.233428,-1.015622
1752676272653,0.335042,-0.233219,-1.014563
1752676272662,0.334630,-0.233030,-1.013604
1752676272674,0.334257,-0.232859,-1.012737
1752676272685,0.333920,-0.232705,-1.011952
1752676272692,0.333614,-0.232565,-1.011242
1752676272696,0.333338,-0.232438,-1.010599
1752676272700,0.333088,-0.232324,-1.010018
1752676272706,0.332862,-0.232220,-1.009492
1752676272712,0.332657,-0.232126,-1.009016
1752676272725,0.332472,-0.232041,-1.008585
1752676272729,0.332305,-0.231964,-1.008195
1752676273143,0.331651,-0.231544,-1.007596
1752676273155,0.331059,-0.231164,-1.007053
1752676273168,0.330523,-0.230820,-1.006563
1752676273178,0.330039,-0.230509,-1.006119
1752676273191,0.329601,-0.230227,-1.005717
1752676273200,0.329204,-0.229972,-1.005353
1752676273209,0.328845,-0.229741,-1.005025
1752676273218,0.328520,-0.229533,-1.004727
1752676273226,0.328226,-0.229344,-1.004458
1752676273234,0.327960,-0.229173,-1.004214
1752676273241,0.327719,-0.229018,-1.003993
1752676273248,0.327502,-0.228878,-1.003794
1752676273256,0.327305,-0.228752,-1.003613
1752676273263,0.327126,-0.228637,-1.003450
1752676273271,0.326965,-0.228534,-1.003302
1752676273276,0.326819,-0.228440,-1.003168
1752676273283,0.326687,-0.228355,-1.003047
1752676273292,0.326567,-0.228278,-1.002937
1752676273307,0.326459,-0.228209,-1.002838
1752676273314,0.326361,-0.228146,-1.002749
1752676273326,0.326273,-0.228089,-1.002668
1752676273330,0.326193,-0.228037,-1.002594
1752676273334,0.326120,-0.227991,-1.002528
1752676273343,0.326054,-0.227948,-1.002468
1752676273347,0.325995,-0.227910,-1.002413
1752676273358,0.325941,-0.227876,-1.002364
1752676273362,0.325893,-0.227845,-1.002319
1752676273370,0.325849,-0.227816,-1.002279
1752676273372,0.325809,-0.227791,-1.002242
1752676273390,0.325773,-0.227768,-1.002209
1752676273396,0.325602,-0.227707,-1.002048
1752676274037,0.327743,-0.228626,-1.005556
1752676274051,0.329680,-0.229457,-1.008731
1752676274064,0.331433,-0.230210,-1.011603
1752676274080,0.333019,-0.230891,-1.014202
1752676274092,0.334455,-0.231507,-1.016554
1752676274101,0.335754,-0.232065,-1.018682
1752676274112,0.336929,-0.232569,-1.020608
1752676274121,0.337992,-0.233026,-1.022350
1752676274136,0.338954,-0.233439,-1.023927
1752676274144,0.339825,-0.233813,-1.025354
1752676274152,0.340613,-0.234151,-1.026645
1752676274166,0.341326,-0.234457,-1.027813
1752676274174,0.341971,-0.234734,-1.028870
1752676274181,0.342555,-0.234985,-1.029827
1752676274185,0.343083,-0.235212,-1.030692
1752676274191,0.343561,-0.235417,-1.031475
1752676274196,0.343994,-0.235602,-1.032184
1752676274200,0.344385,-0.235770,-1.032825
1752676274205,0.344739,-0.235923,-1.033406
1752676274208,0.345060,-0.236060,-1.033931
1752676274212,0.345349,-0.236185,-1.034406
1752676274221,0.345612,-0.236297,-1.034836
1752676274224,0.345803,-0.236535,-1.035375
1752676274234,0.345975,-0.236750,-1.035863
1752676274236,0.346132,-0.236945,-1.036304
1752676274260,0.346273,-0.237121,-1.036703
1752676274793,0.345069,-0.236838,-1.033864
1752676274813,0.343979,-0.236581,-1.031294
1752676274828,0.342993,-0.236349,-1.028969
1752676274842,0.342101,-0.236139,-1.026866
1752676274853,0.341293,-0.235949,-1.024962
1752676274864,0.340562,-0.235777,-1.023239
1752676274875,0.339901,-0.235622,-1.021680
1752676274885,0.339303,-0.235481,-1.020270
1752676274895,0.338762,-0.235354,-1.018994
1752676274904,0.338272,-0.235238,-1.017839
1752676274913,0.337829,-0.235134,-1.016794
1752676274922,0.337428,-0.235040,-1.015848
1752676274927,0.337065,-0.234954,-1.014992
1752676274933,0.336736,-0.234877,-1.014218
1752676274938,0.336439,-0.234807,-1.013517
1752676274945,0.336170,-0.234744,-1.012884
1752676274958,0.335927,-0.234687,-1.012310
1752676274962,0.335707,-0.234635,-1.011791
1752676274969,0.335507,-0.234588,-1.011321
1752676274973,0.335327,-0.234545,-1.010896
1752676274989,0.335164,-0.234507,-1.010511
1752676274993,0.335016,-0.234472,-1.010163
1752676275000,0.334883,-0.234441,-1.009848
1752676275002,0.334762,-0.234412,-1.009564
1752676275021,0.334653,-0.234387,-1.009306
1752676275023,0.334554,-0.234363,-1.009072
1752676275037,0.334242,-0.233793,-1.008017
1752676275040,0.333960,-0.233277,-1.007062
1752676275053,0.334812,-0.232735,-1.007527
1752676275063,0.335582,-0.232244,-1.007949
1752676275074,0.336280,-0.231800,-1.008330
1752676275077,0.336911,-0.231399,-1.008676
1752676275093,0.337482,-0.231035,-1.008988
1752676275554,0.337652,-0.231450,-1.010345
1752676275568,0.337806,-0.231826,-1.011574
1752676275581,0.337946,-0.232166,-1.012686
1752676275593,0.338072,-0.232473,-1.013691
1752676275604,0.338187,-0.232752,-1.014602
1752676275618,0.338290,-0.233004,-1.015425
1752676275630,0.338384,-0.233231,-1.016170
1752676275641,0.338468,-0.233438,-1.016845
1752676275652,0.338545,-0.233624,-1.017455
1752676275660,0.338614,-0.233793,-1.018007
1752676275668,0.338677,-0.233946,-1.018507
1752676275678,0.338734,-0.234084,-1.018959
1752676275686,0.338785,-0.234209,-1.019368
1752676275694,0.338832,-0.234323,-1.019738
1752676275701,0.338874,-0.234425,-1.020073
1752676275709,0.338912,-0.234518,-1.020376
1752676275715,0.338946,-0.234602,-1.020651
1752676275726,0.338977,-0.234677,-1.020899
1752676275731,0.339005,-0.234746,-1.021123
1752676275737,0.339031,-0.234808,-1.021327
1752676275742,0.339054,-0.234864,-1.021510
1752676275748,0.339075,-0.234915,-1.021677
1752676275757,0.339094,-0.234961,-1.021827
1752676275760,0.339111,-0.235003,-1.021964
1752676275767,0.339126,-0.235041,-1.022087
1752676275770,0.339140,-0.235075,-1.022198
1752676275787,0.339153,-0.235106,-1.022299
1752676275791,0.339239,-0.235367,-1.022743
1752676275807,0.339316,-0.235603,-1.023145
1752676275811,0.339386,-0.235817,-1.023509
1752676275823,0.338735,-0.235869,-1.022642
1752676275826,0.338145,-0.235916,-1.021857
1752676275840,0.337612,-0.235958,-1.021147
1752676275842,0.337129,-0.235996,-1.020505
1752676275853,0.336693,-0.236031,-1.019923
1752676275870,0.334024,-0.235200,-1.014834
1752676275886,0.331609,-0.234449,-1.010230
1752676275910,0.329424,-0.233768,-1.006063
1752676275923,0.327447,-0.233153,-1.002293
1752676275941,0.325658,-0.232596,-0.998881
1752676275962,0.324039,-0.232092,-0.995794
1752676275975,0.322574,-0.231636,-0.993000
1752676275987,0.321249,-0.231223,-0.990472
1752676275999,0.320049,-0.230850,-0.988185
1752676276013,0.318964,-0.230512,-0.986115
1752676276022,0.317982,-0.230206,-0.984243
1752676276031,0.317093,-0.229930,-0.982548
1752676276036,0.316289,-0.229679,-0.981014
1752676276043,0.315561,-0.229453,-0.979627
1752676276047,0.314903,-0.229248,-0.978371
1752676276063,0.314307,-0.229063,-0.977235
1752676276065,0.313768,-0.228895,-0.976207
1752676276066,0.313280,-0.228743,-0.975277
1752676276067,0.312839,-0.228605,-0.974435
1752676276080,0.312439,-0.228481,-0.973673
1752676276086,0.312078,-0.228369,-0.972984
1752676276087,0.311751,-0.228267,-0.972360
1752676276121,0.311327,-0.228093,-0.971678
1752676276138,0.310944,-0.227935,-0.971060
1752676276160,0.310598,-0.227793,-0.970501
1752676276172,0.310284,-0.227664,-0.969995
1752676276183,0.310000,-0.227547,-0.969538
1752676276192,0.309743,-0.227442,-0.969124
1752676276200,0.309511,-0.227346,-0.968749
1752676276207,0.309301,-0.227260,-0.968410
1752676276216,0.309111,-0.227182,-0.968103
1752676276227,0.308938,-0.227111,-0.967826
1752676276234,0.308783,-0.227047,-0.967575
1752676276238,0.308642,-0.226989,-0.967347
1752676276240,0.308514,-0.226937,-0.967142
1752676276246,0.308399,-0.226889,-0.966955
1752676276248,0.308294,-0.226846,-0.966787
1752676276261,0.308200,-0.226808,-0.966635
1752676276262,0.308114,-0.226772,-0.966497
1752676276271,0.308037,-0.226741,-0.966372
1752676276274,0.307967,-0.226712,-0.966259
1752676276289,0.307903,-0.226686,-0.966157
1752676276290,0.307846,-0.226662,-0.966065
1752676276304,0.307859,-0.226647,-0.965988
1752676276310,0.307871,-0.226633,-0.965919
1752676276322,0.307881,-0.226621,-0.965856
1752676276324,0.307891,-0.226609,-0.965800
1752676276347,0.307858,-0.226346,-0.965252
1752676276366,0.307828,-0.226108,-0.964757
1752676276372,0.307801,-0.225892,-0.964309
1752676276378,0.307776,-0.225697,-0.963903
1752676276389,0.307754,-0.225520,-0.963537
1752676276398,0.307734,-0.225361,-0.963205
1752676276399,0.307716,-0.225216,-0.962904
1752676276416,0.307824,-0.224643,-0.961820
1752676276427,0.307921,-0.224125,-0.960839
1752676276436,0.308009,-0.223655,-0.959952
1752676276447,0.308088,-0.223231,-0.959148
1752676276458,0.308160,-0.222847,-0.958422
1752676276466,0.308226,-0.222499,-0.957764
1752676276470,0.308285,-0.222184,-0.957169
1752676276474,0.308338,-0.221900,-0.956630
1752676276478,0.308386,-0.221642,-0.956143
1752676276496,0.308430,-0.221409,-0.955702
1752676276497,0.308470,-0.221198,-0.955303
1752676276500,0.308506,-0.221008,-0.954942
1752676276502,0.308538,-0.220835,-0.954616
1752676276518,0.310641,-0.221449,-0.957880
1752676276526,0.312543,-0.222004,-0.960833
1752676276528,0.314265,-0.222506,-0.963506
1752676276530,0.315823,-0.222961,-0.965924
1752676276538,0.317233,-0.223373,-0.968113
1752676276541,0.318509,-0.223745,-0.970093
1752676276557,0.319663,-0.224082,-0.971885
1752676276558,0.320707,-0.224387,-0.973506
1752676276568,0.322082,-0.224748,-0.975630
1752676276570,0.323326,-0.225075,-0.977552
1752676276612,0.325012,-0.225364,-0.980752
1752676276635,0.326538,-0.225626,-0.983649
1752676276658,0.327918,-0.225863,-0.986269
1752676276677,0.329167,-0.226077,-0.988641
1752676276708,0.330297,-0.226270,-0.990787
1752676276730,0.331320,-0.226446,-0.992728
1752676276743,0.332246,-0.226604,-0.994485
1752676276755,0.333083,-0.226748,-0.996075
1752676276765,0.333841,-0.226878,-0.997514
1752676276774,0.334527,-0.226995,-0.998816
1752676276784,0.335147,-0.227102,-0.999994
1752676276793,0.335709,-0.227198,-1.001060
1752676276799,0.336217,-0.227285,-1.002024
1752676276805,0.336676,-0.227364,-1.002897
1752676276810,0.337092,-0.227435,-1.003687
1752676276815,0.337469,-0.227500,-1.004401
1752676276821,0.337809,-0.227558,-1.005048
1752676276822,0.338118,-0.227611,-1.005633
1752676276835,0.337808,-0.227544,-1.005481
1752676276838,0.337527,-0.227483,-1.005344
1752676276856,0.337273,-0.227428,-1.005220
1752676276858,0.337037,-0.227503,-1.005268
1752676276868,0.336823,-0.227572,-1.005311
1752676276870,0.336629,-0.227634,-1.005351
1752676276887,0.336454,-0.227690,-1.005387
1752676276893,0.335920,-0.227694,-1.005100
1752676276902,0.335437,-0.227698,-1.004841
1752676276904,0.334999,-0.227702,-1.004606
1752676276927,0.334604,-0.227705,-1.004394
1752676277368,0.333840,-0.227284,-1.002736
1752676277377,0.333149,-0.226902,-1.001235
1752676277386,0.332523,-0.226558,-0.999878
1752676277397,0.331958,-0.226246,-0.998649
1752676277407,0.331445,-0.225963,-0.997538
1752676277417,0.330982,-0.225708,-0.996532
1752676277431,0.330563,-0.225476,-0.995622
1752676277440,0.330183,-0.225267,-0.994798
1752676277448,0.329840,-0.225078,-0.994053
1752676277458,0.329529,-0.224907,-0.993379
1752676277467,0.329248,-0.224752,-0.992768
1752676277476,0.328994,-0.224611,-0.992216
1752676277484,0.328764,-0.224484,-0.991717
1752676277496,0.328555,-0.224370,-0.991264
1752676277503,0.328367,-0.224266,-0.990855
1752676277511,0.328196,-0.224172,-0.990485
1752676277517,0.328042,-0.224086,-0.990150
1752676277522,0.327903,-0.224009,-0.989847
1752676277528,0.327776,-0.223940,-0.989573
1752676277533,0.327662,-0.223877,-0.989325
1752676277542,0.327558,-0.223820,-0.989100
1752676277547,0.327465,-0.223768,-0.988897
1752676277558,0.327380,-0.223721,-0.988713
1752676277562,0.327303,-0.223679,-0.988546
1752676277568,0.327234,-0.223641,-0.988396
1752676277572,0.327171,-0.223606,-0.988260
1752676277597,0.327114,-0.223575,-0.988136
1752676277598,0.327300,-0.223783,-0.988467
1752676277601,0.327468,-0.223972,-0.988766
1752676277603,0.327619,-0.224143,-0.989037
1752676277620,0.327757,-0.224297,-0.989282
1752676277627,0.327876,-0.224349,-0.989385
1752676277634,0.328247,-0.224488,-0.989888
1752676277636,0.328583,-0.224615,-0.990344
1752676279376,0.329471,-0.224764,-0.991721
1752676279388,0.330275,-0.224898,-0.992967
1752676279402,0.331002,-0.225020,-0.994095
1752676279414,0.331661,-0.225130,-0.995116
1752676279428,0.332256,-0.225230,-0.996039
1752676279435,0.332795,-0.225320,-0.996874
1752676279443,0.333283,-0.225402,-0.997631
1752676279449,0.333724,-0.225476,-0.998315
1752676279456,0.334123,-0.225543,-0.998934
1752676279465,0.334485,-0.225603,-0.999494
1752676279474,0.334812,-0.225658,-1.000001
1752676279481,0.335107,-0.225708,-1.000460
1752676279487,0.335375,-0.225752,-1.000875
1752676279492,0.335617,-0.225793,-1.001250
1752676279497,0.335836,-0.225830,-1.001590
1752676279502,0.336035,-0.225863,-1.001898
1752676279514,0.336214,-0.225893,-1.002176
1752676279519,0.336377,-0.225920,-1.002428
1752676279521,0.336524,-0.225945,-1.002655
1752676279528,0.336657,-0.225967,-1.002861
1752676279537,0.336777,-0.225987,-1.003048
1752676279540,0.336886,-0.226005,-1.003217
1752676279556,0.336984,-0.226022,-1.003370
1752676279558,0.336775,-0.225935,-1.003198
1752676279569,0.336586,-0.225857,-1.003043
1752676279571,0.336414,-0.225787,-1.002902
1752676279587,0.336259,-0.225723,-1.002775
1752676279589,0.335854,-0.225411,-1.002171
1752676279600,0.335487,-0.225129,-1.001625
1752676279602,0.335155,-0.224873,-1.001131
1752676279619,0.334848,-0.224866,-1.001130
1752676279631,0.333957,-0.224327,-1.000068
1752676279641,0.333150,-0.223839,-0.999107
1752676279646,0.332420,-0.223397,-0.998238
1752676279657,0.331760,-0.222997,-0.997451
1752676279659,0.331162,-0.222636,-0.996740
1752676279666,0.330622,-0.222308,-0.996095
1752676279668,0.330132,-0.222012,-0.995512
1752676279690,0.329380,-0.221697,-0.994868
1752676279692,0.328699,-0.221413,-0.994286
1752676279712,0.328083,-0.221155,-0.993758
1752676279715,0.327525,-0.220922,-0.993281
1752676279727,0.326758,-0.220428,-0.992323
1752676279728,0.326064,-0.219982,-0.991456
1752676279740,0.325437,-0.219577,-0.990672
1752676279745,0.324869,-0.219212,-0.989962
1752676279759,0.323656,-0.218663,-0.988283
1752676279768,0.322560,-0.218167,-0.986764
1752676279769,0.321567,-0.217717,-0.985389
1752676279771,0.320669,-0.217311,-0.984145
1752676279788,0.319857,-0.216943,-0.983020
1752676279789,0.319121,-0.216610,-0.982001
1752676279819,0.317830,-0.215217,-0.978801
1752676279837,0.316662,-0.213957,-0.975905
1752676279855,0.315604,-0.212816,-0.973285
1752676279870,0.314647,-0.211784,-0.970913
1752676279884,0.313782,-0.210850,-0.968768
1752676279897,0.312998,-0.210005,-0.966826
1752676279910,0.312289,-0.209240,-0.965069
1752676279921,0.311648,-0.208548,-0.963480
1752676279931,0.311068,-0.207922,-0.962041
1752676279941,0.310542,-0.207356,-0.960740
1752676279953,0.310067,-0.206843,-0.959562
1752676279965,0.309637,-0.206379,-0.958496
1752676279974,0.309248,-0.205960,-0.957532
1752676279979,0.308896,-0.205580,-0.956659
1752676279984,0.308577,-0.205236,-0.955869
1752676279997,0.308289,-0.204925,-0.955155
1752676280000,0.308028,-0.204644,-0.954508
1752676280002,0.307792,-0.204389,-0.953923
1752676280006,0.307578,-0.204159,-0.953394
1752676280009,0.307141,-0.203539,-0.952241
1752676280022,0.306744,-0.202978,-0.951197
1752676280026,0.306386,-0.202471,-0.950253
1752676280027,0.306061,-0.202012,-0.949399
1752676280028,0.305947,-0.201532,-0.948802
1752676280037,0.305843,-0.201097,-0.948261
1752676280039,0.305750,-0.200704,-0.947772
1752676280052,0.305665,-0.200348,-0.947330
1752676280056,0.305588,-0.200026,-0.946929
1752676280072,0.305269,-0.199221,-0.945726
1752676280080,0.304979,-0.198492,-0.944637
1752676280087,0.304718,-0.197832,-0.943652
1752676280099,0.304481,-0.197235,-0.942761
1752676280102,0.304267,-0.196695,-0.941954
1752676280106,0.304073,-0.196207,-0.941224
1752676280124,0.303897,-0.195765,-0.940563
1752676280125,0.303693,-0.195301,-0.939856
1752676280137,0.303507,-0.194881,-0.939216
1752676280139,0.303339,-0.194501,-0.938637
1752676280152,0.303188,-0.194157,-0.938114
1752676281641,0.307089,-0.198186,-0.950935
1752676281652,0.310619,-0.201831,-0.962537
1752676281666,0.313814,-0.205130,-0.973036
1752676281679,0.316704,-0.208115,-0.982535
1752676281690,0.319320,-0.210816,-0.991131
1752676281702,0.321687,-0.213260,-0.998910
1752676281713,0.323828,-0.215472,-1.005948
1752676281724,0.325766,-0.217473,-1.012317
1752676281734,0.327520,-0.219284,-1.018080
1752676281748,0.329107,-0.220922,-1.023295
1752676281760,0.330543,-0.222405,-1.028014
1752676281767,0.331842,-0.223747,-1.032284
1752676281777,0.333018,-0.224961,-1.036148
1752676281785,0.334081,-0.226059,-1.039644
1752676281795,0.335044,-0.227054,-1.042807
1752676281801,0.335915,-0.227953,-1.045670
1752676281811,0.336703,-0.228767,-1.048261
1752676281822,0.337417,-0.229504,-1.050605
1752676281831,0.338062,-0.230170,-1.052726
1752676281835,0.338646,-0.230773,-1.054645
1752676281843,0.339174,-0.231319,-1.056381
1752676281857,0.339653,-0.231812,-1.057953
1752676283115,0.340910,-0.234865,-1.067918
1752676283129,0.342047,-0.237626,-1.076935
1752676283139,0.343076,-0.240126,-1.085094
1752676283150,0.344007,-0.242387,-1.092477
1752676283166,0.344850,-0.244433,-1.099158
1752676283176,0.345613,-0.246285,-1.105203
1752676283186,0.346303,-0.247960,-1.110673
1752676283196,0.346927,-0.249476,-1.115623
1752676283206,0.347492,-0.250848,-1.120102
1752676283215,0.348003,-0.252090,-1.124155
1752676283222,0.348466,-0.253213,-1.127822
1752676283228,0.348884,-0.254229,-1.131140
1752676283234,0.349263,-0.255149,-1.134143
1752676283242,0.349606,-0.255981,-1.136861
1752676283252,0.349916,-0.256734,-1.139319
1752676283259,0.350197,-0.257416,-1.141544
1752676283264,0.350451,-0.258033,-1.143557
1752676283272,0.350680,-0.258590,-1.145379
1752676283279,0.350888,-0.259095,-1.147027
1752676283287,0.351077,-0.259552,-1.148519
1752676283289,0.351247,-0.259966,-1.149869
1752676283291,0.351401,-0.260340,-1.151090
1752676283301,0.351540,-0.260678,-1.152195
1752676283304,0.351666,-0.260985,-1.153195
1752676283319,0.351781,-0.261262,-1.154100
1752676283324,0.351995,-0.261904,-1.155588
1752676283334,0.352189,-0.262485,-1.156934
1752676283336,0.352365,-0.263011,-1.158151
1752676283350,0.352524,-0.263487,-1.159253
1752676283983,0.351065,-0.263123,-1.157674
1752676283995,0.349744,-0.262794,-1.156244
1752676284015,0.348549,-0.262496,-1.154951
1752676284030,0.347468,-0.262226,-1.153781
1752676284045,0.346489,-0.261982,-1.152722
1752676284060,0.345604,-0.261761,-1.151763
1752676284073,0.344802,-0.261562,-1.150896
1752676284083,0.344078,-0.261381,-1.150111
1752676284097,0.343422,-0.261217,-1.149401
1752676284106,0.342828,-0.261069,-1.148759
1752676284117,0.342291,-0.260935,-1.148178
1752676284125,0.341805,-0.260814,-1.147651
1752676284133,0.341365,-0.260704,-1.147175
1752676284138,0.340967,-0.260605,-1.146745
1752676284146,0.340607,-0.260515,-1.146355
1752676284151,0.340281,-0.260434,-1.146002
1752676284156,0.339986,-0.260361,-1.145683
1752676284158,0.339719,-0.260294,-1.145394
1752676284167,0.339478,-0.260234,-1.145133
1752676284169,0.339259,-0.260179,-1.144896
1752676284172,0.339062,-0.260130,-1.144682
1752676284188,0.338883,-0.260086,-1.144489
1752676284190,0.338721,-0.260045,-1.144313
1752676284200,0.338575,-0.260009,-1.144155
1752676284202,0.338442,-0.259976,-1.144011
1752676284219,0.338322,-0.259946,-1.143882
1752676284522,0.341508,-0.261418,-1.152667
1752676284533,0.344391,-0.262749,-1.160616
1752676284543,0.347000,-0.263955,-1.167809
1752676284551,0.349361,-0.265045,-1.174318
1752676284560,0.351497,-0.266032,-1.180207
1752676284568,0.353430,-0.266925,-1.185537
1752676284576,0.355179,-0.267733,-1.190359
1752676284582,0.356762,-0.268464,-1.194723
1752676284592,0.358194,-0.269126,-1.198672
1752676284601,0.359490,-0.269724,-1.202245
1752676284610,0.360662,-0.270266,-1.205478
1752676284617,0.361723,-0.270756,-1.208403
1752676284622,0.362684,-0.271200,-1.211051
1752676284631,0.363552,-0.271601,-1.213446
1752676284638,0.364338,-0.271964,-1.215614
1752676284653,0.365050,-0.272293,-1.217575
1752676284658,0.365694,-0.272590,-1.219350
1752676284661,0.366276,-0.272859,-1.220956
1752676284666,0.366803,-0.273103,-1.222409
1752676284674,0.367280,-0.273323,-1.223724
1752676284678,0.367712,-0.273522,-1.224914
1752676284698,0.368102,-0.273703,-1.225991
1752676284700,0.368455,-0.273866,-1.226965
1752676284701,0.368775,-0.274014,-1.227847
1752676284703,0.369065,-0.274147,-1.228644
1752676284716,0.369326,-0.274268,-1.229366
1752676284726,0.369563,-0.274378,-1.230019
1752676284733,0.369778,-0.274477,-1.230610
1752676284735,0.369972,-0.274567,-1.231145
1752676284751,0.370147,-0.274648,-1.231629
1752676284753,0.370107,-0.274602,-1.231588
1752676284771,0.370224,-0.274688,-1.231866
1752676284773,0.370329,-0.274767,-1.232118
1752676284787,0.370424,-0.274837,-1.232346
1752676284789,0.370510,-0.274901,-1.232552
1752676284800,0.370588,-0.274959,-1.232739
1752676284802,0.370659,-0.275012,-1.232908
1752676284830,0.369967,-0.274484,-1.230363
1752676284848,0.369341,-0.274007,-1.228061
1752676284861,0.368775,-0.273576,-1.225977
1752676284874,0.368262,-0.273185,-1.224092
1752676284890,0.367799,-0.272832,-1.222385
1752676284906,0.367379,-0.272512,-1.220842
1752676284922,0.366999,-0.272223,-1.219445
1752676284931,0.366656,-0.271961,-1.218181
1752676284941,0.366345,-0.271724,-1.217037
1752676284948,0.366064,-0.271509,-1.216002
1752676284955,0.365809,-0.271315,-1.215065
1752676284962,0.365579,-0.271140,-1.214218
1752676284968,0.365370,-0.270981,-1.213451
1752676284972,0.365182,-0.270837,-1.212757
1752676284975,0.365011,-0.270707,-1.212129
1752676284982,0.364856,-0.270589,-1.211561
1752676284984,0.364717,-0.270483,-1.211047
1752676284985,0.364590,-0.270387,-1.210582
1752676285002,0.364133,-0.270217,-1.209387
1752676285005,0.363719,-0.270065,-1.208307
1752676285016,0.363345,-0.269926,-1.207329
1752676285021,0.363006,-0.269801,-1.206444
1752676285032,0.362812,-0.269860,-1.205991
1752676285034,0.362636,-0.269913,-1.205581
1752676285051,0.361992,-0.269665,-1.204050
1752676285052,0.361534,-0.269593,-1.202987
1752676285066,0.361119,-0.269527,-1.202025
1752676285068,0.360744,-0.269467,-1.201155
1752676285085,0.360405,-0.269413,-1.200367
1752676285086,0.360097,-0.269364,-1.199655
1752676285102,0.359411,-0.268984,-1.197791
1752676285106,0.358789,-0.268640,-1.196105
1752676285122,0.357859,-0.268012,-1.193608
1752676285125,0.357018,-0.267445,-1.191348
1752676285139,0.356256,-0.266931,-1.189304
1752676285143,0.355567,-0.266467,-1.187454
1752676285156,0.354855,-0.265789,-1.185370
1752676285157,0.354211,-0.265175,-1.183485
1752676285173,0.353628,-0.264620,-1.181779
1752676285177,0.353100,-0.264118,-1.180236
1752676285191,0.352724,-0.263646,-1.178842
1752676285192,0.352383,-0.263218,-1.177581
1752676285199,0.352074,-0.262832,-1.176440
1752676285201,0.351795,-0.262482,-1.175407
1752676285219,0.351543,-0.262165,-1.174473
1752676285221,0.351312,-0.261874,-1.173610
1752676285234,0.351104,-0.261611,-1.172829
1752676285237,0.350915,-0.261373,-1.172122
1752676285254,0.350744,-0.261157,-1.171483
1752676285255,0.350574,-0.260999,-1.170949
1752676285265,0.350421,-0.260855,-1.170466
1752676285267,0.350283,-0.260726,-1.170028
1752676285302,0.350420,-0.260991,-1.170203
1752676285317,0.350545,-0.261231,-1.170360
1752676285332,0.350657,-0.261448,-1.170503
1752676285345,0.350759,-0.261645,-1.170632
1752676285357,0.350851,-0.261822,-1.170749
1752676285370,0.350935,-0.261983,-1.170855
1752676285380,0.351010,-0.262129,-1.170951
1752676285390,0.351079,-0.262261,-1.171037
1752676285399,0.351140,-0.262380,-1.171115
1752676285404,0.351196,-0.262488,-1.171186
1752676285410,0.351247,-0.262585,-1.171250
1752676285416,0.351293,-0.262674,-1.171309
1752676285421,0.351334,-0.262754,-1.171361
1752676285425,0.351372,-0.262826,-1.171409
1752676285430,0.351406,-0.262891,-1.171452
1752676285435,0.351436,-0.262951,-1.171491
1752676285450,0.351464,-0.263004,-1.171526
1752676285455,0.351489,-0.263053,-1.171558
1752676285458,0.351512,-0.263097,-1.171586
1752676285459,0.351533,-0.263136,-1.171613
1752676285466,0.351420,-0.262993,-1.171269
1752676285468,0.351317,-0.262863,-1.170958
1752676285485,0.351224,-0.262746,-1.170677
1752676285486,0.351141,-0.262640,-1.170422
1752676285502,0.351134,-0.262502,-1.170340
1752676285505,0.351129,-0.262377,-1.170266
1752676285517,0.351124,-0.262265,-1.170198
1752676285518,0.351094,-0.262080,-1.169928
1752676286318,0.351438,-0.262810,-1.170874
1752676286330,0.351748,-0.263470,-1.171730
1752676286342,0.352030,-0.264067,-1.172505
1752676286354,0.352284,-0.264608,-1.173205
1752676286367,0.352514,-0.265097,-1.173840
1752676286376,0.352723,-0.265540,-1.174414
1752676286385,0.352911,-0.265941,-1.174933
1752676286394,0.353082,-0.266303,-1.175403
1752676286401,0.353236,-0.266631,-1.175828
1752676286409,0.353376,-0.266928,-1.176213
1752676286415,0.353502,-0.267196,-1.176561
1752676286424,0.353617,-0.267439,-1.176876
1752676286430,0.353720,-0.267659,-1.177161
1752676286435,0.353814,-0.267858,-1.177419
1752676286446,0.353899,-0.268038,-1.177653
1752676286456,0.353975,-0.268201,-1.177864
1752676286464,0.354045,-0.268349,-1.178055
1752676286471,0.354108,-0.268482,-1.178228
1752676286473,0.354164,-0.268603,-1.178384
1752676286477,0.354216,-0.268712,-1.178526
1752676286496,0.354262,-0.268811,-1.178654
1752676286501,0.354304,-0.268900,-1.178770
1752676286503,0.354342,-0.268981,-1.178875
1752676286507,0.354377,-0.269055,-1.178970
1752676286525,0.354408,-0.269121,-1.179056
1752676286527,0.354436,-0.269181,-1.179134
1752676286533,0.354462,-0.269235,-1.179204
1752676286536,0.354485,-0.269284,-1.179268
1752676286554,0.354506,-0.269329,-1.179325
1752676286555,0.354404,-0.269157,-1.178971
1752676286566,0.354312,-0.269002,-1.178651
1752676286568,0.354229,-0.268862,-1.178361
1752676286584,0.354154,-0.268735,-1.178098
1752676286586,0.353862,-0.268477,-1.177041
1752676286601,0.353598,-0.268243,-1.176084
1752676286604,0.353360,-0.268032,-1.175218
1752676286616,0.352709,-0.267631,-1.173553
1752676286623,0.352119,-0.267269,-1.172047
1752676286634,0.351586,-0.266941,-1.170684
1752676286636,0.351104,-0.266644,-1.169450
1752676286651,0.350668,-0.266376,-1.168334
1752676286675,0.350227,-0.266129,-1.166521
1752676286712,0.349827,-0.265905,-1.164880
1752676286734,0.349466,-0.265703,-1.163396
1752676286756,0.349140,-0.265520,-1.162053
1752676286782,0.348844,-0.265354,-1.160837
1752676286801,0.348576,-0.265204,-1.159737
1752676286816,0.348334,-0.265068,-1.158742
1752676286830,0.348115,-0.264946,-1.157841
1752676286844,0.347917,-0.264835,-1.157026
1752676286852,0.347737,-0.264734,-1.156289
1752676286861,0.347575,-0.264643,-1.155622
1752676286869,0.347428,-0.264561,-1.155018
1752676286876,0.347295,-0.264486,-1.154471
1752676286883,0.347175,-0.264419,-1.153977
1752676286887,0.347066,-0.264358,-1.153530
1752676286890,0.346968,-0.264303,-1.153125
1752676286896,0.346879,-0.264253,-1.152758
1752676286904,0.346798,-0.264208,-1.152427
1752676286908,0.346725,-0.264167,-1.152127
1752676286918,0.346659,-0.264130,-1.151856
1752676286919,0.346599,-0.264097,-1.151610
1752676286938,0.346480,-0.263691,-1.150878
1752676286941,0.346371,-0.263323,-1.150215
1752676286949,0.346273,-0.262991,-1.149615
1752676286952,0.346413,-0.263046,-1.149766
1752676286965,0.346539,-0.263095,-1.149902
1752676286967,0.346653,-0.263140,-1.150025
1752676286981,0.346757,-0.263181,-1.150137
1752676286985,0.346770,-0.263056,-1.149850
1752676286999,0.346782,-0.262943,-1.149590
1752676287000,0.346793,-0.262841,-1.149355
1752676287016,0.346598,-0.262559,-1.148528
1752676287023,0.346421,-0.262305,-1.147779
1752676287033,0.346261,-0.262074,-1.147101
1752676287035,0.346117,-0.261866,-1.146488
1752676287050,0.345986,-0.261677,-1.145934
1752676287051,0.345867,-0.261506,-1.145432
1752676287065,0.345812,-0.261379,-1.145053
1752676287067,0.345761,-0.261265,-1.144710
1752676287081,0.345715,-0.261161,-1.144399
1752676287087,0.345855,-0.261244,-1.144685
1752676287099,0.345980,-0.261320,-1.144943
1752676287100,0.346094,-0.261388,-1.145176
1752676287122,0.346401,-0.261685,-1.145879
1752676287126,0.346679,-0.261954,-1.146514
1752676287132,0.346930,-0.262197,-1.147089
1752676287134,0.347157,-0.262417,-1.147610
1752676287152,0.347327,-0.262476,-1.147733
1752676287152,0.347556,-0.262544,-1.147919
1752676287164,0.347763,-0.262607,-1.148087
1752676287166,0.347950,-0.262663,-1.148239
1752676287186,0.347900,-0.262655,-1.148082
1752676287187,0.347855,-0.262647,-1.147939
1752676287199,0.347815,-0.262640,-1.147811
1752676287201,0.347778,-0.262634,-1.147694
1752676287213,0.347744,-0.262629,-1.147589
1752676287222,0.347853,-0.262622,-1.147763
1752676287232,0.347951,-0.262615,-1.147922
1752676287234,0.348040,-0.262609,-1.148065
1752676287251,0.348091,-0.262468,-1.147857
1752676287252,0.348137,-0.262339,-1.147670
1752676287268,0.348217,-0.262310,-1.147657
1752676287270,0.348290,-0.262283,-1.147645
1752676287285,0.348207,-0.262224,-1.147420
1752676287286,0.348194,-0.262204,-1.147307
1752676287301,0.348183,-0.262186,-1.147205
1752676287303,0.348173,-0.262170,-1.147113
1752676287315,0.348164,-0.262155,-1.147030
1752676287320,0.348113,-0.261969,-1.146743
1752676287340,0.348068,-0.261799,-1.146483
1752676287344,0.348027,-0.261646,-1.146248
1752676287356,0.347990,-0.261508,-1.146035
1752676287357,0.347883,-0.261433,-1.145810
1752676287368,0.347786,-0.261365,-1.145607
1752676287371,0.347698,-0.261304,-1.145423
1752676287382,0.347709,-0.261180,-1.145183
1752676287393,0.347616,-0.260949,-1.144718
1752676287408,0.347533,-0.260740,-1.144298
1752676287414,0.347457,-0.260550,-1.143918
1752676287416,0.347389,-0.260379,-1.143574
1752676287421,0.347327,-0.260224,-1.143262
1752676287440,0.347358,-0.260349,-1.143431
1752676287445,0.347387,-0.260461,-1.143584
1752676287451,0.347413,-0.260563,-1.143723
1752676287455,0.347525,-0.260616,-1.143840
1752676287472,0.347756,-0.260873,-1.144346
1752676287474,0.347965,-0.261104,-1.144803
1752676287484,0.348154,-0.261314,-1.145218
1752676287485,0.348325,-0.261504,-1.145592
1752676287506,0.348254,-0.261167,-1.144977
1752676287509,0.348189,-0.260863,-1.144421
1752676287518,0.348128,-0.260567,-1.143869
1752676287520,0.348073,-0.260299,-1.143369
1752676287538,0.348108,-0.260178,-1.143158
1752676287542,0.348140,-0.260070,-1.142966
1752676287552,0.348169,-0.259971,-1.142793
1752676287553,0.348188,-0.259876,-1.142617
1752676287568,0.348203,-0.259736,-1.142374
1752676287571,0.348216,-0.259610,-1.142154
1752676287591,0.348228,-0.259495,-1.141955
1752676287604,0.348246,-0.259418,-1.141712
1752676287616,0.348261,-0.259348,-1.141492
1752676287617,0.348470,-0.259416,-1.141769
1752676287620,0.348658,-0.259477,-1.142019
1752676287631,0.349050,-0.259830,-1.142840
1752676287645,0.349404,-0.260150,-1.143582
1752676287651,0.349724,-0.260439,-1.144254
1752676287655,0.349687,-0.260523,-1.144158
1752676287659,0.349654,-0.260599,-1.144072
1752676287675,0.349430,-0.260422,-1.143497
1752676287677,0.349227,-0.260262,-1.142976
1752676287684,0.349043,-0.260117,-1.142505
1752676287685,0.349036,-0.260154,-1.142601
1752676287717,0.349134,-0.260366,-1.143027
1752676287720,0.349222,-0.260558,-1.143412
1752676287721,0.349286,-0.260654,-1.143574
1752676287722,0.349344,-0.260740,-1.143721
1752676287741,0.349301,-0.260607,-1.143473
1752676287748,0.349261,-0.260487,-1.143248
1752676287750,0.349225,-0.260378,-1.143045
1752676287754,0.349153,-0.260188,-1.142648
1752676287765,0.349087,-0.260017,-1.142288
1752676287767,0.349028,-0.259861,-1.141962
1752676287785,0.349228,-0.260000,-1.142529
1752676287786,0.349434,-0.260178,-1.143138
1752676287799,0.349621,-0.260338,-1.143689
1752676287801,0.349789,-0.260484,-1.144187
1752676287818,0.349942,-0.260616,-1.144638
1752676287821,0.350023,-0.260620,-1.144833
1752676287832,0.350095,-0.260623,-1.145009
1752676287834,0.350161,-0.260627,-1.145168
1752676287852,0.350221,-0.260630,-1.145313
1752676287853,0.350219,-0.260478,-1.145133
1752676287866,0.350217,-0.260341,-1.144971
1752676287869,0.350216,-0.260216,-1.144824
1752676287885,0.350214,-0.260104,-1.144691
1752676287886,0.350027,-0.259874,-1.144110
1752676287900,0.350108,-0.260103,-1.144406
1752676287902,0.350181,-0.260309,-1.144674
1752676287923,0.350167,-0.260399,-1.144626
1752676287924,0.350155,-0.260481,-1.144584
1752676287941,0.350001,-0.260310,-1.144084
1752676287946,0.349862,-0.260155,-1.143632
1752676287955,0.349736,-0.260015,-1.143224
1752676287960,0.349583,-0.259817,-1.142734
1752676287968,0.349444,-0.259638,-1.142292
1752676287971,0.349318,-0.259476,-1.141891
1752676287983,0.349229,-0.259418,-1.141749
1752676287993,0.349307,-0.259625,-1.142116
1752676287999,0.349377,-0.259813,-1.142449
1752676288001,0.349441,-0.259982,-1.142750
1752676288015,0.349498,-0.260136,-1.143022
1752676288024,0.349625,-0.260258,-1.143408
1752676288035,0.349740,-0.260368,-1.143758
1752676288037,0.349844,-0.260467,-1.144074
1752676288049,0.349938,-0.260558,-1.144360
1752676288055,0.349835,-0.260477,-1.144228
1752676288067,0.349742,-0.260403,-1.144109
1752676288069,0.349657,-0.260337,-1.144002
1752676288083,0.349581,-0.260277,-1.143905
1752676288087,0.349800,-0.260664,-1.144761
1752676288099,0.349998,-0.261013,-1.145536
1752676288101,0.350177,-0.261330,-1.146238
1752676288116,0.350339,-0.261616,-1.146873
1752676288120,0.350532,-0.261750,-1.147217
1752676288133,0.350713,-0.261852,-1.147505
1752676288135,0.350876,-0.261945,-1.147765
1752676288151,0.351024,-0.262030,-1.148001
1752676288152,0.351228,-0.262246,-1.148588
1752676288172,0.351469,-0.262422,-1.149128
1752676288175,0.351688,-0.262582,-1.149617
1752676288183,0.351886,-0.262726,-1.150059
1752676288200,0.352080,-0.262865,-1.150448
1752676288202,0.352256,-0.262991,-1.150801
1752676288207,0.352414,-0.263104,-1.151119
1752676288215,0.352558,-0.263207,-1.151408
1752676288227,0.352722,-0.263359,-1.151779
1752676288240,0.352797,-0.263407,-1.151851
1752676288243,0.352864,-0.263451,-1.151916
1752676288249,0.352926,-0.263491,-1.151975
1752676288259,0.353022,-0.263648,-1.152330
1752676288266,0.353105,-0.263784,-1.152641
1752676288268,0.353180,-0.263908,-1.152923
1752676288284,0.353248,-0.264020,-1.153177
1752676288285,0.353109,-0.263963,-1.152869
1752676288304,0.353043,-0.263963,-1.152707
1752676288308,0.352983,-0.263962,-1.152559
1752676288315,0.352929,-0.263962,-1.152426
1752676288321,0.352980,-0.263958,-1.152395
1752676288335,0.352973,-0.263873,-1.152209
1752676288337,0.352966,-0.263796,-1.152041
1752676288350,0.352960,-0.263727,-1.151889
1752676288351,0.353172,-0.263821,-1.152306
1752676288368,0.353658,-0.264076,-1.153139
1752676288370,0.354098,-0.264307,-1.153892
1752676288385,0.354648,-0.264503,-1.154695
1752676288386,0.355125,-0.264613,-1.155308
1752676288398,0.355556,-0.264713,-1.155862
1752676288400,0.355946,-0.264803,-1.156363
1752676290127,0.334069,-0.231981,-1.098407
1752676290133,0.314273,-0.202281,-1.045963
1752676290251,0.296361,-0.175406,-0.998508
1752676290252,0.280152,-0.151088,-0.955568
1752676290592,0.288492,-0.164149,-0.979638
1752676290607,0.296040,-0.175968,-1.001418
1752676290620,0.302869,-0.186663,-1.021126
1752676290639,0.309049,-0.196340,-1.038960
1752676290659,0.314641,-0.205097,-1.055097
1752676290670,0.319701,-0.213021,-1.069700
1752676290681,0.324280,-0.220191,-1.082913
1752676290692,0.328423,-0.226679,-1.094869
1752676290701,0.332172,-0.232550,-1.105688
1752676290710,0.335564,-0.237862,-1.115478
1752676290718,0.338634,-0.242669,-1.124336
1752676290727,0.341412,-0.247019,-1.132352
1752676290741,0.343925,-0.250955,-1.139605
1752676290752,0.346199,-0.254516,-1.146169
1752676290760,0.348258,-0.257739,-1.152108
1752676290771,0.350120,-0.260655,-1.157482
1752676290782,0.351805,-0.263294,-1.162345
1752676290787,0.353330,-0.265682,-1.166745
1752676290791,0.354709,-0.267843,-1.170727
1752676290798,0.355958,-0.269798,-1.174330
1752676290803,0.357088,-0.271567,-1.177590
1752676290824,0.357664,-0.272821,-1.179709
1752676290826,0.358186,-0.273956,-1.181627
1752676290828,0.358658,-0.274983,-1.183362
1752676290830,0.359086,-0.275913,-1.184932
1752676290844,0.359472,-0.276754,-1.186353
1752676290846,0.359822,-0.277514,-1.187639
1752676291592,0.359268,-0.276152,-1.184303
1752676291606,0.358767,-0.274918,-1.181285
1752676291617,0.358313,-0.273802,-1.178554
1752676291628,0.357903,-0.272792,-1.176082
1752676291639,0.357531,-0.271879,-1.173846
1752676291648,0.357195,-0.271052,-1.171822
1752676291658,0.356891,-0.270304,-1.169991
1752676291665,0.356616,-0.269627,-1.168334
1752676291672,0.356367,-0.269014,-1.166835
1752676291679,0.356142,-0.268460,-1.165478
1752676291686,0.355938,-0.267958,-1.164251
1752676291693,0.355753,-0.267504,-1.163140
1752676291701,0.355586,-0.267094,-1.162135
1752676291707,0.355435,-0.266722,-1.161225
1752676291712,0.355299,-0.266386,-1.160402
1752676291718,0.355175,-0.266081,-1.159658
1752676291724,0.355063,-0.265806,-1.158984
1752676291729,0.354962,-0.265557,-1.158374
1752676291734,0.354870,-0.265331,-1.157822
1752676291749,0.354787,-0.265127,-1.157323
1752676291751,0.354712,-0.264943,-1.156871
1752676291754,0.354644,-0.264776,-1.156462
1752676291755,0.354583,-0.264625,-1.156092
1752676291765,0.354527,-0.264488,-1.155757
1752676291767,0.354477,-0.264364,-1.155455
1752676291785,0.354431,-0.264252,-1.155180
1752676291786,0.354390,-0.264151,-1.154932
1752676291798,0.354353,-0.264059,-1.154708
1752676291800,0.354319,-0.263976,-1.154505
1752676404607,0.360985,-0.272651,-1.034311
1752676404628,0.362790,-0.274014,-1.039482
1752676404648,0.363400,-0.274475,-1.041228
1752676404666,0.363708,-0.274708,-1.042112
1752676404677,0.363896,-0.274849,-1.042649
1752676404691,0.364022,-0.274945,-1.043012
1752676404707,0.364114,-0.275014,-1.043275
1752676404717,0.364184,-0.275067,-1.043476
1752676404728,0.364240,-0.275109,-1.043635
1752676404735,0.364285,-0.275143,-1.043763
1752676404741,0.364322,-0.275171,-1.043870
1752676404746,0.364353,-0.275195,-1.043960
1752676404751,0.364380,-0.275215,-1.044037
1752676404754,0.364403,-0.275233,-1.044104
1752676404776,0.364424,-0.275248,-1.044162
1752676404779,0.364441,-0.275261,-1.044213
1752676404781,0.364457,-0.275273,-1.044258
1752676404785,0.364471,-0.275284,-1.044297
1752676404808,0.364483,-0.275293,-1.044333
1752676412844,0.370998,-0.281505,-1.072715
1752676412867,0.376829,-0.287065,-1.098113
1752676412898,0.382057,-0.292050,-1.120888
1752676412913,0.386752,-0.296528,-1.141343
1752676412929,0.390976,-0.300555,-1.159740
1752676412942,0.394778,-0.304181,-1.176305
1752676412952,0.398205,-0.307448,-1.191233
1752676412961,0.401295,-0.310395,-1.204696
1752676412966,0.404084,-0.313055,-1.216846
1752676412972,0.406602,-0.315456,-1.227815
1752676412977,0.408877,-0.317624,-1.237722
1752676412982,0.410932,-0.319584,-1.246674
1752676412986,0.412789,-0.321355,-1.254764
1752676415031,0.419078,-0.325787,-1.263367
1752676415056,0.424765,-0.329795,-1.271145
1752676415078,0.429907,-0.333419,-1.278178
1752676415097,0.434558,-0.336697,-1.284539
1752676415113,0.438764,-0.339661,-1.290292
1752676415126,0.442569,-0.342342,-1.295496
1752676415139,0.446011,-0.344768,-1.300204
1752676415148,0.449124,-0.346962,-1.304463
1752676415164,0.451941,-0.348947,-1.308315
1752676415173,0.454490,-0.350743,-1.311801
1752676415178,0.456795,-0.352368,-1.314955
1752676415181,0.458882,-0.353839,-1.317808
1752676415186,0.460769,-0.355169,-1.320390
1752676415191,0.462477,-0.356372,-1.322726
1752676415207,0.464022,-0.357462,-1.324839
1752676415210,0.465421,-0.358447,-1.326752
1752676415213,0.466686,-0.359339,-1.328482
1752676415236,0.467831,-0.360145,-1.330048
1752676415243,0.468867,-0.360875,-1.331465
1752676415262,0.485560,-0.377318,-1.395695
1752676415285,0.500665,-0.392196,-1.453814
1752676415301,0.514333,-0.405658,-1.506404
1752676415314,0.526701,-0.417840,-1.553990
1752676415328,0.537892,-0.428863,-1.597049
1752676415341,0.548018,-0.438837,-1.636013
1752676415352,0.557182,-0.447862,-1.671269
1752676415360,0.565473,-0.456029,-1.703171
1752676415369,0.572976,-0.463419,-1.732039
1752676415375,0.579765,-0.470106,-1.758161
1752676415381,0.585908,-0.476156,-1.781797
1752676415384,0.591467,-0.481631,-1.803185
1752676415388,0.596497,-0.486586,-1.822539
1752676415412,0.602583,-0.492549,-1.853687
1752676415418,0.608090,-0.497944,-1.881871
1752676415421,0.613074,-0.502826,-1.907375
1752676415446,0.641659,-0.530343,-2.017048
1752676415457,0.667525,-0.555242,-2.116289
1752676415468,0.690930,-0.577772,-2.206089
1752676415484,0.712109,-0.598159,-2.287347
1752676415486,0.731273,-0.616607,-2.360875
1752676415491,0.748614,-0.633300,-2.427409
1752676415511,0.774880,-0.659766,-2.536397
1752676415515,0.798646,-0.683714,-2.635017
1752676415518,0.820152,-0.705384,-2.724256
1752676415536,0.839613,-0.724993,-2.805007
1752676415547,0.857546,-0.741688,-2.884063
1752676415550,0.873773,-0.756795,-2.955600
1752676415571,0.888456,-0.770465,-3.020331
1752676415578,0.900110,-0.782361,-3.084014
1752676415582,0.910655,-0.793125,-3.141639
1752676415602,0.945843,-0.826531,-3.284765
1752676415613,0.962931,-0.842559,-3.364755
1752676415617,0.978394,-0.857062,-3.437137
1752676415635,1.019010,-0.894968,-3.598874
1752676415643,1.031373,-0.905838,-3.661772
1752676415649,1.042560,-0.915674,-3.718686
1752676415671,1.052683,-0.924575,-3.770186
1752676415676,1.071037,-0.941812,-3.856606
1752676415684,1.087644,-0.957410,-3.934806
1752676415702,1.102672,-0.971524,-4.005566
1752676415709,1.111042,-0.978783,-4.053015
1752676415716,1.118617,-0.985352,-4.095951
1752676415737,1.151726,-1.017119,-4.237528
1752676415742,1.175334,-1.039885,-4.343249
1752676415752,1.196696,-1.060484,-4.438913
1752676415780,1.234212,-1.096067,-4.594230
1752676415783,1.253870,-1.114363,-4.682738
1752676415787,1.271659,-1.130919,-4.762826
1752676415806,1.320431,-1.177623,-4.963416
1752676415819,1.364565,-1.219885,-5.144925
1752676415823,1.404500,-1.258126,-5.309168
1752676418773,1.317518,-1.194629,-5.024014
1752676418798,1.238810,-1.137172,-4.765984
1752676418813,1.167589,-1.085181,-4.532500
1752676418830,1.103143,-1.038135,-4.321226
1752676418846,1.044827,-0.995564,-4.130049
1752676418859,0.992059,-0.957043,-3.957058
1752676418867,0.944310,-0.922187,-3.800523
1752676418881,0.901103,-0.890646,-3.658878
1752676418891,0.862007,-0.862105,-3.530707
1752676418902,0.826629,-0.836279,-3.414729
1752676418913,0.794617,-0.812910,-3.309783
1752676418920,0.765650,-0.791764,-3.214819
1752676418930,0.739438,-0.772630,-3.128890
1752676418970,0.713641,-0.736452,-2.992294
1752676419008,0.690297,-0.703716,-2.868692
1752676419041,0.669175,-0.674094,-2.756847
1752676419071,0.650061,-0.647289,-2.655642
1752676419096,0.632766,-0.623035,-2.564064
1752676419123,0.617116,-0.601087,-2.481197
1752676419147,0.602955,-0.581228,-2.406213
1752676419159,0.590140,-0.563257,-2.338361
1752676419171,0.578545,-0.546996,-2.276964
1752676419176,0.568053,-0.532282,-2.221408
1752676419180,0.558559,-0.518967,-2.171136
1752676419201,0.550282,-0.506428,-2.123674
1752676419207,0.542794,-0.495081,-2.080727
1752676422831,0.539316,-0.486144,-2.036780
1752676422853,0.536169,-0.478058,-1.997013
1752676422878,0.533322,-0.470740,-1.961029
1752676422897,0.530746,-0.464119,-1.928468
1752676422912,0.528414,-0.458127,-1.899004
1752676422924,0.526305,-0.452706,-1.872343
1752676422937,0.524396,-0.447800,-1.848218
1752676422947,0.522668,-0.443361,-1.826388
1752676422956,0.521105,-0.439344,-1.806634
1752676422967,0.519691,-0.435709,-1.788760
1752676422974,0.518411,-0.432420,-1.772586
1752676422980,0.517253,-0.429444,-1.757950
1752676422992,0.516205,-0.426751,-1.744707
1752676422998,0.515257,-0.424314,-1.732723
1752676423004,0.514399,-0.422109,-1.721879
1752676423017,0.513623,-0.420113,-1.712067
1752676423023,0.512920,-0.418308,-1.703188
1752676423717,0.451036,-0.368690,-1.558867
1752676423748,0.395039,-0.323791,-1.428274
1752676423778,0.344368,-0.283164,-1.310104
1752676423798,0.298518,-0.246402,-1.203175
1752676423816,0.257029,-0.213136,-1.106417
1752676423844,0.219486,-0.183035,-1.018864
1752676423853,0.185515,-0.155797,-0.939639
1752676423868,0.154776,-0.131150,-0.867950
1752676423873,0.126960,-0.108848,-0.803080
1752676423886,0.101791,-0.088667,-0.744382
1752676423890,0.079015,-0.070406,-0.691267
1752676423895,0.058406,-0.053882,-0.643204
1752677144405,-0.030216,0.069581,-0.283043
1752677144420,-0.030206,0.069868,-0.284782
1752677144437,-0.030203,0.069965,-0.285369
1752677144452,-0.030201,0.070015,-0.285666
1752677144471,-0.030200,0.070044,-0.285847
1752677144487,-0.030200,0.070065,-0.285969
1752677144503,-0.030199,0.070079,-0.286058
1752677144519,-0.030199,0.070090,-0.286125
1752677144538,-0.030198,0.070099,-0.286179
1752677144554,-0.030198,0.070106,-0.286222
1752677144570,-0.030198,0.070112,-0.286258
1752677144586,-0.030198,0.070117,-0.286288
1752677144606,-0.030198,0.070121,-0.286314
1752677144621,-0.030198,0.070125,-0.286336
1752677144638,-0.030197,0.070128,-0.286356
1752677144660,-0.030197,0.070131,-0.286373
1752677144672,-0.030197,0.070134,-0.286388
1752677144686,-0.030197,0.070136,-0.286401
1752677144689,-0.030229,0.070150,-0.286349
1752677144696,-0.030210,0.070146,-0.286398
1752677144722,-0.030223,0.070139,-0.286422
1752677144724,-0.030265,0.070105,-0.286467
1752677144757,-0.030303,0.070075,-0.286508
1752677144767,-0.030206,0.070027,-0.286568
1752677144792,-0.030118,0.069984,-0.286621
1752677144794,-0.030039,0.069946,-0.286670
1752677144825,-0.029968,0.069911,-0.286713
1752677144827,-0.029903,0.069879,-0.286752
1752677144854,-0.029808,0.069855,-0.286796
1752677156084,0.003527,0.043792,-0.366121
1752677156113,0.033645,0.020244,-0.437792
1752677156135,0.060865,-0.001038,-0.502566
1752677156158,0.085471,-0.020277,-0.561119
1752677156181,0.107719,-0.037671,-0.614060
1752677156203,0.127836,-0.053400,-0.661932
1752677156225,0.146030,-0.067625,-0.705226
1752677156238,0.162486,-0.080490,-0.744385
1752677156254,0.177370,-0.092128,-0.779805
1752677156258,0.190835,-0.102656,-0.811847
1752677156262,0.203016,-0.112179,-0.840833
1752677156270,0.214036,-0.120795,-0.867057
1752677156278,0.224006,-0.128591,-0.890782
1752677158367,0.233338,-0.133705,-0.908310
1752677161676,0.253756,-0.150056,-0.976815
1752677161705,0.272229,-0.164850,-1.038798
1752677161730,0.288945,-0.178237,-1.094881
1752677161752,0.304069,-0.190349,-1.145626
1752677161770,0.317754,-0.201308,-1.191541
1752677161789,0.330136,-0.211224,-1.233087
1752677161805,0.341341,-0.220197,-1.270680
1752677161822,0.351479,-0.228316,-1.304695
1752677161832,0.360652,-0.235663,-1.335475
1752677161836,0.368953,-0.242311,-1.363326
1752677161849,0.378462,-0.251540,-1.406956
1752677161862,0.387066,-0.259891,-1.446434
1752677161876,0.394852,-0.267447,-1.482158
1752677161889,0.401897,-0.274285,-1.514482
1752677161899,0.408272,-0.280472,-1.543732
1752677161902,0.417313,-0.288474,-1.579124
1752677161907,0.425495,-0.295714,-1.611150
1752677161916,0.432897,-0.302266,-1.640128
1752677161920,0.439596,-0.308194,-1.666351
1752677161923,0.442385,-0.311156,-1.681153
1752677161930,0.444908,-0.313836,-1.694548
1752677161939,0.447191,-0.316260,-1.706668
1752677161957,0.449257,-0.318455,-1.717636
1752677161960,0.451127,-0.320440,-1.727560
1752677161980,0.459834,-0.330953,-1.777056
1752677161993,0.467713,-0.340466,-1.821844
1752677162001,0.474842,-0.349073,-1.862371
1752677162011,0.481293,-0.356862,-1.899043
1752677162021,0.487131,-0.363911,-1.932226
1752677162025,0.492413,-0.370288,-1.962253
1752677163112,0.478960,-0.370879,-1.950787
1752677163262,0.466788,-0.371413,-1.940412
1752677164146,0.467162,-0.367384,-1.902982
1752677164177,0.467501,-0.363738,-1.869113
1752677164205,0.467807,-0.360438,-1.838465
1752677164240,0.468085,-0.357453,-1.810733
1752677164261,0.468336,-0.354751,-1.785639
1752677164280,0.468563,-0.352307,-1.762932
1752677164296,0.468769,-0.350095,-1.742384
1752677164309,0.468955,-0.348093,-1.723792
1752677164319,0.469123,-0.346282,-1.706968
1752677164323,0.469275,-0.344643,-1.691744
1752677164339,0.466745,-0.348475,-1.704112
1752677164356,0.464455,-0.351941,-1.715304
1752677164369,0.462383,-0.355078,-1.725430
1752677164383,0.460508,-0.357917,-1.734594
1752677164393,0.458811,-0.360486,-1.742886
1752677164404,0.457276,-0.362810,-1.750389
1752677164407,0.455887,-0.364913,-1.757178
1752677164411,0.454630,-0.366816,-1.763322
1752677164425,0.453493,-0.368538,-1.768881
1752677164429,0.452463,-0.370096,-1.773911
1752677164433,0.451532,-0.371507,-1.778463
1752677164439,0.450689,-0.372782,-1.782582
1752677164454,0.449927,-0.373937,-1.786309
1752677164463,0.449237,-0.374982,-1.789681
1752677165021,0.450696,-0.372316,-1.767211
1752677165036,0.452016,-0.369905,-1.746878
1752677165050,0.453211,-0.367722,-1.728479
1752677165064,0.454292,-0.365748,-1.711830
1752677165078,0.455270,-0.363961,-1.696765
1752677165088,0.456156,-0.362344,-1.683133
1752677165099,0.456957,-0.360881,-1.670798
1752677165110,0.457682,-0.359557,-1.659636
1752677165126,0.458337,-0.358359,-1.649536
1752677165130,0.458931,-0.357275,-1.640397
1752677165135,0.459468,-0.356294,-1.632127
1752677165144,0.459954,-0.355406,-1.624643
1752677165148,0.460394,-0.354603,-1.617872
1752677165163,0.460791,-0.353876,-1.611745
1752677165167,0.461152,-0.353219,-1.606200
1752677165180,0.461477,-0.352624,-1.601183
1752677165195,0.461772,-0.352085,-1.596644
1752677165201,0.462039,-0.351598,-1.592536
1752677165236,0.462673,-0.351528,-1.594608
1752677165265,0.463247,-0.351465,-1.596483
1752677165301,0.463766,-0.351408,-1.598180
1752677165331,0.464236,-0.351357,-1.599715
1752677165355,0.464661,-0.351310,-1.601104
1752677165377,0.465046,-0.351268,-1.602362
1752677165381,0.466090,-0.351012,-1.598698
1752677165391,0.466339,-0.350999,-1.600184
1752677165399,0.466564,-0.350986,-1.601529
1752677165416,0.473502,-0.359029,-1.642949
1752677165434,0.479779,-0.366306,-1.680430
1752677165449,0.485460,-0.372891,-1.714345
1752677165463,0.490600,-0.378850,-1.745033
1752677165477,0.495251,-0.384242,-1.772803
1752677165485,0.499460,-0.389121,-1.797931
1752677165498,0.509551,-0.400418,-1.860164
1752677165502,0.518682,-0.410641,-1.916478
1752677165507,0.526944,-0.419891,-1.967435
1752677165522,0.553764,-0.452805,-2.149227
1752677165532,0.578033,-0.482588,-2.313726
1752677165548,0.599993,-0.509538,-2.462577
1752677165817,0.410682,-0.317417,-1.498764
1752677165874,0.239379,-0.143571,-0.626633
1752677165917,0.084371,0.013738,0.162536
1752677165949,-0.055891,0.156082,0.876636
1752677166012,-0.076502,0.163545,0.917030
1752677166024,-0.095152,0.170298,0.953581
1752677166037,-0.112028,0.176409,0.986656
1752677166054,-0.127299,0.181938,1.016584
1752677166063,-0.141117,0.186941,1.043666
1752677166073,-0.153620,0.191468,1.068171
1752677166083,-0.164935,0.195565,1.090345
1752677166092,-0.175172,0.199272,1.110410
1752677166099,-0.184437,0.202626,1.128566
1752677166107,-0.192819,0.205662,1.144995
1752677166114,-0.200405,0.208408,1.159862
1752677166121,-0.207269,0.210893,1.173314
1752677166125,-0.213479,0.213142,1.185486
1752677166130,-0.219100,0.215177,1.196501
1752677166136,-0.224185,0.217019,1.206468
1752677166140,-0.228787,0.218685,1.215487
1752677166157,-0.232951,0.220193,1.223647
1752677166160,-0.236719,0.221557,1.231032
1752677166174,-0.240128,0.222791,1.237714
1752677166699,-0.239755,0.223267,1.239241
1752677166712,-0.239418,0.223698,1.240623
1752677166722,-0.239112,0.224087,1.241873
1752677166726,-0.238836,0.224440,1.243004
1752677166730,-0.238586,0.224759,1.244028
1752677166738,-0.238360,0.225048,1.244954
1752677166742,-0.238155,0.225309,1.245792
1752677166757,-0.237970,0.225545,1.246551
1752677166761,-0.237802,0.225759,1.247237
1752677166774,-0.237651,0.225953,1.247858
1752677166788,-0.237513,0.226128,1.248420
1752677166792,-0.237389,0.226286,1.248929
1752677166807,-0.237277,0.226429,1.249389
1752677167130,-0.261594,0.264986,1.428706
1752677167176,-0.283599,0.299875,1.590965
1752677167214,-0.303510,0.331446,1.737790
1752677167239,-0.321527,0.360013,1.870647
1752677167412,-0.330240,0.368312,1.928775
1752677167432,-0.338124,0.375822,1.981373
1752677167452,-0.345259,0.382618,2.028968
1752677167472,-0.351714,0.388767,2.072036
1752677167490,-0.357556,0.394331,2.111006
1752677167508,-0.362842,0.399366,2.146270
1752677167526,-0.367625,0.403922,2.178179
1752677167548,-0.371953,0.408044,2.207053
1752677167573,-0.375869,0.411775,2.233180
1752677167586,-0.379413,0.415150,2.256822
1752677167597,-0.382620,0.418205,2.278215
1752677167605,-0.385521,0.420969,2.297573
1752677167610,-0.388147,0.423470,2.315089
1752677167614,-0.390523,0.425733,2.330940
1752677167675,-0.397161,0.435029,2.373672
1752677167900,-0.385540,0.417114,2.286394
1752677167949,-0.375024,0.400903,2.207417
1752677167990,-0.365509,0.386234,2.135954
1752677168020,-0.356899,0.372960,2.071288
1752677168036,-0.349108,0.360949,2.012774
1752677168475,-0.350834,0.356088,1.996138
1752677168504,-0.352396,0.351689,1.981085
1752677168527,-0.353809,0.347709,1.967463
1752677168545,-0.355088,0.344107,1.955137
1752677168564,-0.356245,0.340848,1.943984
1752677168576,-0.357292,0.337899,1.933892
1752677168588,-0.358240,0.335230,1.924760
1752677168597,-0.359097,0.332815,1.916496
1752677168606,-0.359873,0.330630,1.909019
1752677168610,-0.360575,0.328653,1.902252
1752677168613,-0.361211,0.326864,1.896130
1752677168622,-0.361785,0.325245,1.890590
1752677168626,-0.362306,0.323780,1.885577
1752677168629,-0.362776,0.322455,1.881040
1752677168639,-0.363202,0.321255,1.876936
1752677168657,-0.363588,0.320170,1.873221
1752677168660,-0.363936,0.319188,1.869860
1752677168697,-0.378782,0.342782,1.981652
1752677168723,-0.392216,0.364132,2.082810
1752677168746,-0.404372,0.383452,2.174345
1752677168770,-0.415371,0.400933,2.257172
1752677168792,-0.425324,0.416752,2.332121
1752677168813,-0.434331,0.431066,2.399940
1752677168833,-0.442480,0.444018,2.461308
1752677168849,-0.449855,0.455738,2.516839
1752677168862,-0.456528,0.466343,2.567086
1752677168875,-0.462566,0.475940,2.612555
1752677168881,-0.468029,0.484623,2.653697
1752677168889,-0.472973,0.492481,2.690927
1752677168892,-0.477447,0.499591,2.724615
1752677168896,-0.481495,0.506025,2.755098
1752677168906,-0.485158,0.511847,2.782681
1752677168995,-0.523089,0.557552,3.004426
1752677169001,-0.557412,0.598909,3.205076
1752677169324,-0.553331,0.580365,3.131806
1752677169363,-0.549639,0.563586,3.065506
1752677169388,-0.546298,0.548402,3.005513
1752677169402,-0.543275,0.534663,2.951227
1752677169409,-0.540539,0.522231,2.902105
1752677169413,-0.538064,0.510981,2.857655
1752677169416,-0.535824,0.500802,2.817434
1752677169427,-0.533797,0.491591,2.781038
1752677169556,-0.563201,0.519007,2.932190
1752677169590,-0.578745,0.537330,3.019162
1752677169619,-0.592811,0.553911,3.097860
1752677169648,-0.605538,0.568915,3.169073
1752677169681,-0.617055,0.582491,3.233511
1752677169712,-0.627477,0.594776,3.291820
1752677169740,-0.636907,0.605892,3.344582
1752677169764,-0.645439,0.615951,3.392325
1752677169784,-0.653161,0.625053,3.435526
1752677169791,-0.671210,0.639773,3.524420
1752677169795,-0.676480,0.646609,3.555056
1752677169799,-0.681249,0.652794,3.582777
1752677169815,-0.706517,0.687025,3.744340
1752677169821,-0.729381,0.718000,3.890535
1752677169825,-0.750070,0.746028,4.022822
1752677172646,-0.564722,0.556799,3.036914
1752677172670,-0.397004,0.385571,2.144790
1752677172696,-0.245241,0.230631,1.337530
1752677172713,-0.107915,0.090430,0.607060
1752677172733,0.016349,-0.036435,-0.053924
1752677172746,0.128791,-0.151232,-0.652032
1752677172759,0.230538,-0.255109,-1.193245
1752677172770,0.322606,-0.349104,-1.682976
1752677172780,0.405916,-0.434158,-2.126120
1752677172783,0.481302,-0.511122,-2.527111
1752677172816,3.559583,-3.245316,-17.014238
1752677172848,6.345043,-5.719419,-30.123280
1752677172879,8.865537,-7.958175,-41.985325
1752677172919,11.146269,-9.983969,-52.718994
1752677172949,13.210047,-11.817059,-62.431625
1752677172974,15.077507,-13.475776,-71.220345
1752677172994,16.767326,-14.976707,-79.173035
1752677173013,18.296402,-16.334864,-86.369225
1752677173016,16.865820,-15.077291,-79.691376
1752677173028,18.385525,-16.425879,-86.838257
1752677173039,19.760668,-17.646183,-93.305298
1752677173049,21.005001,-18.750406,-99.157158
1752677173059,22.130968,-19.749590,-104.452362
1752677173069,23.149826,-20.653727,-109.243858
1752677173076,24.071766,-21.471857,-113.579567
1752677173080,24.906006,-22.212162,-117.502838
1752677173092,25.660889,-22.882046,-121.052910
1752677173095,26.343964,-23.488207,-124.265282
1752677173099,24.553436,-21.867630,-115.779884
1752677173105,20.899525,-18.676365,-98.721321
1752677173123,17.593191,-15.788670,-83.285454
1752677173126,15.284894,-13.754027,-72.489639
1752677173156,13.087795,-11.769042,-62.117626
1752677173176,11.099695,-9.972878,-52.732250
1752677173196,9.300713,-8.347574,-44.239655
1752677173216,7.672858,-6.876877,-36.554920
1752677173235,6.199853,-5.546081,-29.601194
1752677173255,4.866968,-4.341876,-23.308941
1752677173259,5.624660,-4.930104,-26.568529
1752677173262,6.310277,-5.462378,-29.518049
1752677173284,4.966887,-4.266135,-23.233706
1752677173298,3.751288,-3.183684,-17.547159
1752677173309,2.651322,-2.204202,-12.401546
1752677173316,1.655990,-1.317893,-7.745408
1752677173349,1.722093,-1.388381,-8.033067
1752677173377,1.781908,-1.452164,-8.293363
1752677173402,1.836033,-1.509880,-8.528897
1752677173427,1.885009,-1.562105,-8.742027
1752677173448,1.929327,-1.609363,-8.934883
1752677173467,1.969429,-1.652125,-9.109393
1752677173470,1.984508,-1.672319,-9.175784
1752677173473,1.998152,-1.690592,-9.235860
1752677173483,2.012698,-1.706505,-9.291372
1752677173486,2.261302,-1.919258,-10.385576
1752677173491,2.486256,-2.111773,-11.375694
1752677173497,2.492024,-2.105667,-11.369385
1752677173523,2.558950,-2.132029,-11.585178
1752677173539,2.619510,-2.155884,-11.780444
1752677173560,2.674310,-2.177469,-11.957136
1752677173578,2.723896,-2.197000,-12.117020
1752677173591,2.768766,-2.214674,-12.261695
1752677173605,2.809367,-2.230667,-12.392608
1752677173617,2.846107,-2.245138,-12.511067
1752677173632,2.879351,-2.258233,-12.618258
1752677173635,2.886462,-2.248833,-12.607786
1752677173655,3.022004,-2.327131,-13.108686
1752677173671,3.144652,-2.397981,-13.561939
1752677173675,3.487596,-2.630093,-14.937037
1752677173678,3.565955,-2.672123,-15.216368
1752677173688,3.636861,-2.710156,-15.469127
1752677173692,3.701021,-2.744571,-15.697843
1752677173705,3.759078,-2.775712,-15.904801
1752677173710,3.811612,-2.803890,-16.092073
1752677173726,3.694124,-2.718279,-15.601306
1752677173739,3.587812,-2.640811,-15.157223
1752677173743,3.491613,-2.570712,-14.755383
1752677173757,3.404564,-2.507281,-14.391768
1752677173761,3.325797,-2.449884,-14.062742
1752677173773,3.184516,-2.352895,-13.492181
1752677173785,3.056676,-2.265131,-12.975894
1752677173791,2.940996,-2.185717,-12.508718
1752677173803,2.836320,-2.113856,-12.085983
1752677173820,2.764201,-2.071045,-11.810405
1752677173823,2.698943,-2.032306,-11.561041
1752677173836,2.538440,-1.914890,-10.888803
1752677173853,2.401179,-1.817336,-10.318770
1752677173857,2.276974,-1.729062,-9.802962
1752677173867,2.164584,-1.649185,-9.336221
1752677173886,2.062885,-1.576907,-8.913877
1752677173890,1.970860,-1.511503,-8.531710
1752677173923,1.886457,-1.453331,-8.190393
1752677173945,1.810082,-1.400693,-7.881545
1752677173961,1.740972,-1.353062,-7.602076
1752677173978,1.678437,-1.309961,-7.349192
1752677173994,1.621850,-1.270961,-7.120363
1752677174010,1.570646,-1.235670,-6.913301
1752677174026,1.524312,-1.203737,-6.725936
1752677174041,1.482387,-1.174841,-6.556394
1752677174050,1.441612,-1.146319,-6.391553
1752677180978,1.243650,-0.980273,-5.489851
1752677181002,1.064519,-0.830022,-4.673924
1752677181027,0.902428,-0.694064,-3.935612
1752677181050,0.755756,-0.571039,-3.267532
1752677181069,0.623036,-0.459716,-2.663002
1752677181086,0.502941,-0.358984,-2.115979
1752677181100,0.394270,-0.267833,-1.620991
1752677181111,0.295936,-0.185353,-1.173089
1752677181120,0.206957,-0.110719,-0.767793
1752677181129,0.126441,-0.043184,-0.401051
1752677181135,0.053585,0.017926,-0.069196
1752677181142,-0.012341,0.073223,0.231092
1752677181147,-0.071996,0.123260,0.502815
1752677181155,-0.125976,0.168538,0.748690
1752677181160,-0.174821,0.209508,0.971177
1752677181191,0.336500,-0.227356,-1.262669
1752677181216,0.799181,-0.622664,-3.284020
1752677181241,1.217849,-0.980367,-5.113091
1752677181266,1.596692,-1.304044,-6.768171
1752677181291,1.939498,-1.596932,-8.265812
1752677181317,2.249694,-1.861959,-9.620990
1752677181335,2.530383,-2.101774,-10.847257
1752677181353,2.784371,-2.318778,-11.956875
1752677181369,3.014199,-2.515139,-12.960940
1752677181375,2.961915,-2.465498,-12.747088
1752677181379,3.174854,-2.647902,-13.675985
1752677181382,3.367537,-2.812956,-14.516521
1752677181391,3.541891,-2.962308,-15.277102
1752677181610,3.436846,-2.870854,-14.807251
1752677181613,3.341794,-2.788100,-14.382095
1752677181974,3.234536,-2.667019,-13.810164
1752677182009,3.137481,-2.557456,-13.292639
1752677182031,3.049658,-2.458315,-12.824343
1752677182050,2.970189,-2.368605,-12.400593
1752677182068,2.898280,-2.287428,-12.017153
1752677182084,2.833211,-2.213974,-11.670187
1752677182099,2.774332,-2.147506,-11.356226
1752677182113,2.721054,-2.087362,-11.072131
1752677182125,2.672844,-2.032938,-10.815061
1752677182130,2.629220,-1.983692,-10.582444
1752677182144,2.488838,-1.876140,-10.007409
1752677182160,2.361811,-1.778819,-9.487074
1752677182174,2.246867,-1.690756,-9.016235
1752677182188,2.142857,-1.611070,-8.590185
1752677182199,2.048741,-1.538964,-8.204663
1752677182210,1.963578,-1.473717,-7.855814
1752677182222,1.886515,-1.414677,-7.540150
1752677182232,1.816784,-1.361253,-7.254512
1752677182238,1.753685,-1.312910,-6.996047
1752677182251,1.686972,-1.264661,-6.731308
1752677182262,1.626606,-1.221001,-6.491754
1752677182275,1.571981,-1.181494,-6.274986
1752677182287,1.522553,-1.145746,-6.078839
1752677182299,1.477826,-1.113398,-5.901350
1752677182303,1.437354,-1.084127,-5.740746
1752677182308,1.400732,-1.057640,-5.595418
1752677182322,1.367594,-1.033673,-5.463915
1752677182329,1.337608,-1.011986,-5.344921
1752677182350,1.306198,-0.990548,-5.222917
1752677182361,1.277776,-0.971148,-5.112519
1752677182366,1.249923,-0.951294,-5.003513
1752677182373,1.226854,-0.935629,-4.913986
1752677182381,1.205980,-0.921454,-4.832975
1752677182385,1.187091,-0.908627,-4.759670
1752677182395,1.169999,-0.897021,-4.693338
1752677182400,1.154533,-0.886518,-4.633317
1752677182404,1.150394,-0.885684,-4.620295
1752677182424,1.147180,-0.885648,-4.611204
1752677182430,1.144272,-0.885616,-4.602977
1752677182435,1.141640,-0.885586,-4.595533
1752677182453,1.140786,-0.886807,-4.594315
1752677182458,1.140013,-0.887911,-4.593212
1752677182476,1.131047,-0.881690,-4.557811
1752677182492,1.122934,-0.876061,-4.525777
1752677182500,1.115592,-0.870967,-4.496791
1752677182505,1.108949,-0.866358,-4.470562
1752677182566,1.105953,-0.868099,-4.469879
1752677182609,1.103242,-0.869675,-4.469260
1752677182645,1.100788,-0.871100,-4.468700
1752677182679,1.098569,-0.872390,-4.468193
1752677182708,1.096560,-0.873558,-4.467734
1752677182728,1.094742,-0.874614,-4.467319
1752677182738,1.093431,-0.875704,-4.467772
1752677182744,1.092244,-0.876691,-4.468183
1752677182748,1.089708,-0.876330,-4.462531
1752677182758,1.087239,-0.877421,-4.461895
1752677182765,1.085005,-0.878408,-4.461320
1752677182768,1.082983,-0.879301,-4.460800
1752677182785,1.080945,-0.879896,-4.459459
1752677182789,1.079100,-0.880435,-4.458246
1752677182801,1.071124,-0.874909,-4.429293
1752677182826,1.067693,-0.874412,-4.422490
1752677182835,1.064588,-0.873963,-4.416334
1752677182839,1.061778,-0.873557,-4.410763
1752677182864,1.095765,-0.913015,-4.587482
1752677182871,1.126519,-0.948719,-4.747390
1752677182875,1.154348,-0.981027,-4.892087
1752677182886,1.179529,-1.010261,-5.023020
1752677182890,1.202315,-1.036715,-5.141498
1752677182900,1.222934,-1.060652,-5.248706
1752677182920,1.241591,-1.082312,-5.345715
1752677182924,1.258473,-1.101912,-5.433496
1752677183232,1.478230,-1.345958,-6.536487
1752677183237,1.677083,-1.566788,-7.534554
1752677185494,1.465928,-1.357700,-6.532637
1752677185521,1.274858,-1.168502,-5.626027
1752677185551,1.101965,-0.997301,-4.805658
1752677185575,0.945517,-0.842385,-4.063327
1752677185589,0.803952,-0.702206,-3.391610
1752677185604,0.675853,-0.575362,-2.783790
1752677185607,0.559940,-0.460583,-2.233789
1752677185611,0.455053,-0.356723,-1.736107
1752677185619,0.360143,-0.262742,-1.285766
1752677185626,0.274261,-0.177702,-0.878265
1752677185630,0.196549,-0.100750,-0.509527
1752677185635,0.126229,-0.031119,-0.175865
1752677185647,0.062599,0.031888,0.126058
1752677185658,0.005021,0.088902,0.399260
1752677185664,-0.047079,0.140493,0.646474
1752677185669,-0.094224,0.187176,0.870171
1752677186715,-0.324884,0.355152,1.802896
1752677186738,-0.533603,0.507149,2.646895
1752677186755,-0.722467,0.644687,3.410609
1752677186775,-0.893365,0.769142,4.101675
1752677186789,-1.048007,0.881758,4.727003
1752677186808,-1.187939,0.983662,5.292847
1752677186832,-1.314559,1.075872,5.804865
1752677186845,-1.429135,1.159310,6.268177
1752677186856,-1.532812,1.234812,6.687417
1752677186862,-1.626626,1.303131,7.066776
1752677187221,-1.662522,1.322226,7.181231
1752677187260,-1.695003,1.339504,7.284798
1752677187288,-1.724394,1.355138,7.378513
1752677187300,-1.750989,1.369286,7.463314
1752677187307,-1.775054,1.382087,7.540048
1752677187351,-1.432949,1.103280,6.074178
1752677187371,-1.123386,0.850994,4.747748
1752677187396,-0.843271,0.622706,3.547495
1752677187421,-0.589801,0.416135,2.461416
1752677187438,-0.360443,0.229213,1.478650
1752677187455,-0.152902,0.060073,0.589369
1752677187472,0.034896,-0.092978,-0.215318
1752677187486,0.204830,-0.231471,-0.943460
1752677187495,0.358599,-0.356789,-1.602338
1752677187506,0.497741,-0.470186,-2.198539
1752677187516,0.623647,-0.572796,-2.738027
1752677187528,0.737576,-0.665646,-3.226197
1752677187540,0.840668,-0.749663,-3.667929
1752677187551,0.933953,-0.825688,-4.067642
1752677187562,1.018364,-0.894481,-4.429332
1752677187566,1.094746,-0.956730,-4.756616
1752677187570,1.163862,-1.013058,-5.052767
1752677187579,1.226403,-1.064028,-5.320747
1752677187583,1.282995,-1.110149,-5.563236
1752677187596,1.334204,-1.151883,-5.782658
1752677187601,1.464451,-1.263540,-6.324674
1752677187605,1.519085,-1.307250,-6.540729
1752677187618,1.568523,-1.346802,-6.736232
1752677187623,1.613257,-1.382591,-6.913137
1752677187632,1.653736,-1.414977,-7.073215
1752677187654,1.727515,-1.475849,-7.364632
1752677187658,1.794276,-1.530930,-7.628328
1752677187668,1.812421,-1.543262,-7.687589
1752677187687,1.828840,-1.554420,-7.741212
1752677187691,1.843698,-1.564517,-7.789735
1752677187698,1.857142,-1.573653,-7.833642
1752677187727,1.888885,-1.600668,-7.955976
1752677187734,1.917609,-1.625113,-8.066674
1752677187742,1.936442,-1.642212,-8.140780
1752677187755,1.953485,-1.657684,-8.207837
1752677187761,1.956511,-1.662677,-8.224590
1752677187771,2.006634,-1.711453,-8.447000
1752677187788,2.051990,-1.755590,-8.648252
1752677187795,2.113648,-1.819337,-8.938235
1752677187801,2.169441,-1.877020,-9.200634
1752677187821,2.200706,-1.911491,-9.357555
1752677187825,2.228997,-1.942682,-9.499550
1752677187832,2.250051,-1.966332,-9.607015
1752677187854,2.276304,-1.995053,-9.736378
1752677187857,2.300059,-2.021042,-9.853436
1752677187866,2.321554,-2.044559,-9.959358
1752677187883,2.341005,-2.065840,-10.055205
1752677187890,2.358605,-2.085095,-10.141934
1752677187899,2.563666,-2.280509,-11.056076
1752677187921,2.749220,-2.457333,-11.883261
1752677187969,2.931575,-2.597848,-12.605607
1752677188009,3.096583,-2.724997,-13.259240
1752677188046,3.245895,-2.840051,-13.850697
1752677188082,3.381004,-2.944160,-14.385890
1752677188110,3.503261,-3.038366,-14.870173
1752677188129,3.613888,-3.123610,-15.308390
1752677188139,4.530944,-3.891578,-19.018312
1752677188144,4.398753,-3.764603,-18.415459
1752677188148,4.279136,-3.649706,-17.869951
1752677188152,4.127310,-3.508263,-17.202505
1752677188163,3.987723,-3.378709,-16.590405
1752677188167,3.861414,-3.261479,-16.036530
1752677188176,3.775972,-3.179151,-15.652038
1752677188187,3.698658,-3.104654,-15.304120
1752677188201,3.589957,-3.016683,-14.881977
1752677188204,3.491596,-2.937079,-14.499990
1752677188218,3.402591,-2.865048,-14.154340
1752677188223,3.322054,-2.799869,-13.841569
1752677188229,3.249177,-2.740890,-13.558551
1752677188254,3.183233,-2.687521,-13.302455
1752677188278,3.423299,-2.926397,-14.394236
1752677188299,3.640529,-3.142550,-15.382160
1752677188316,3.837095,-3.338142,-16.276108
1752677188342,4.014963,-3.515128,-17.085020
1752677188364,4.175910,-3.675278,-17.816984
1752677188385,4.321548,-3.820194,-18.479321
1752677188404,4.453332,-3.951324,-19.078651
1752677188419,4.572580,-4.069982,-19.620972
1752677188430,4.680485,-4.177351,-20.111704
1752677188434,4.521161,-4.035315,-19.430548
1752677188438,4.633956,-4.145982,-19.939394
1752677188446,4.736022,-4.246122,-20.399836
1752677188482,2.705626,-2.507084,-12.042015
1752677188503,0.868372,-0.933471,-4.479232
1752677188523,-0.794114,0.490451,2.364142
1752677188541,-2.298456,1.778924,8.556541
1752677188556,-3.659698,2.944830,14.159889
1752677188560,-8.843978,7.309242,35.329185
1752677188583,-7.580761,6.249754,30.216846
1752677188600,-6.437708,5.291049,25.590818
1752677188616,-5.403388,4.423542,21.404842
1752677188621,-4.251045,3.432664,16.636860
1752677188626,-3.208318,2.536044,12.322432
1752677188855,-2.665959,2.090489,10.150116
1752677189006,-2.071166,1.597823,7.733005
1752677189010,-1.532952,1.152021,5.545821
1752677189320,-1.178511,0.863345,4.149768
1752677189349,-0.857786,0.602129,2.886514
1752677189372,-0.567570,0.365761,1.743428
1752677189398,-0.304960,0.151878,0.709077
1752677189416,-0.067332,-0.041660,-0.226881
1752677189431,0.147693,-0.216787,-1.073807
1752677189445,0.342263,-0.375255,-1.840168
1752677189459,0.518324,-0.518649,-2.533629
1752677189465,0.677638,-0.648403,-3.161125
1752677189470,0.821797,-0.765814,-3.728931
1752677189717,0.956553,-0.874333,-4.252172
1752677189760,1.078490,-0.972529,-4.725640
1752677189798,1.188828,-1.061385,-5.154070
1752677189833,1.288670,-1.141788,-5.541745
1752677189856,1.379015,-1.214542,-5.892543
1752677189869,1.460765,-1.280376,-6.209971
1752677189875,1.534739,-1.339948,-6.497204
1752677190662,2.967676,-2.557903,-12.232841
1752677190694,4.264305,-3.660000,-17.422876
1752677190723,5.437593,-4.657260,-22.119209
1752677190748,6.499271,-5.559657,-26.368805
1752677190767,7.459957,-6.376212,-30.214157
1752677190788,8.329258,-7.115093,-33.693722
1752677190801,9.115867,-7.783688,-36.842293
1752677190813,9.827649,-8.388682,-39.691357
1752677190824,10.471724,-8.936127,-42.269402
1752677190830,11.054531,-9.431496,-44.602211
1752677190834,11.581899,-9.879743,-46.713112
1752677190838,10.804805,-9.210520,-43.569176
1752677190849,10.101632,-8.604957,-40.724308
1752677190856,9.465348,-8.056998,-38.150055
1752677190864,8.889591,-7.561164,-35.820679
1752677190867,8.368603,-7.112496,-33.712883
1752677190898,7.737546,-6.584086,-31.186831
1752677190916,7.166519,-6.105942,-28.901068
1752677190930,6.649811,-5.673281,-26.832739
1752677190944,6.182254,-5.281776,-24.961159
1752677190954,5.759174,-4.927514,-23.267612
1752677190970,5.376340,-4.606951,-21.735165
1752677190983,5.029922,-4.316881,-20.348492
1752677190995,4.716458,-4.054404,-19.093725
1752677191005,4.432812,-3.816895,-17.958319
1752677191009,4.176147,-3.601980,-16.930918
1752677191013,3.943898,-3.407508,-16.001247
1752677191023,3.733742,-3.231535,-15.160012
1752677191027,3.543576,-3.072302,-14.398800
1752677191032,3.371500,-2.928216,-13.709997
1752677191777,5.210467,-4.573478,-20.832167
1752677191807,6.874503,-6.062234,-27.276840
1752677191835,8.380247,-7.409373,-33.108463
1752677191861,9.742758,-8.628366,-38.385357
1752677191884,10.975659,-9.731401,-43.160286
1752677191903,12.091281,-10.729511,-47.480999
1752677191919,13.100780,-11.632675,-51.390705
1752677191935,14.014250,-12.449926,-54.928501
1752677191951,14.840826,-13.189436,-58.129765
1752677191966,15.588775,-13.858601,-61.026508
1752677191987,16.265574,-14.464110,-63.647697
1752677191999,16.877993,-15.012021,-66.019547
1752677192003,17.432156,-15.507812,-68.165771
1752677192009,17.933603,-15.956441,-70.107841
1752677193114,26.065403,-22.520657,-101.528900
1752677193136,33.423664,-28.460451,-129.961029
1752677193155,40.081970,-33.835224,-155.688568
1752677193173,46.106907,-38.698723,-178.968765
1752677193185,51.558723,-43.099579,-200.034439
1752677193199,56.491936,-47.081806,-219.096237
1752677193214,60.955875,-50.685223,-236.344788
1752677193226,64.995186,-53.945866,-251.952576
1752677193238,68.650253,-56.896339,-266.075684
1752677193248,71.957634,-59.566151,-278.855316
1752677193258,74.950401,-61.981995,-290.419281
1752677193266,77.658478,-64.168030,-300.883240
1752677193269,80.108955,-66.146118,-310.351807
1752677193273,82.326324,-67.936043,-318.919678
1752677193291,84.332771,-69.555702,-326.672546
1752677195444,74.405869,-61.668896,-288.689697
1752677195468,65.423264,-54.532318,-254.319977
1752677195488,57.295128,-48.074608,-223.219666
1752677195504,49.940182,-42.231186,-195.077774
1752677195518,43.284874,-36.943623,-169.612885
1752677195528,37.262653,-32.159035,-146.570343
1752677195540,31.813295,-27.829582,-125.719711
1752677195551,26.882307,-23.911968,-106.852493
1752677195561,22.420380,-20.367018,-89.780022
1752677195566,18.382893,-17.159281,-74.331573
1752677195570,14.729470,-14.256680,-60.352654
1752677195575,11.423580,-11.630188,-47.703476
1752677195589,8.432162,-9.253541,-36.257553
1752677195593,5.725303,-7.102972,-25.900421
1752677196011,5.787902,-6.979908,-25.827387
1752677196040,5.844546,-6.868550,-25.761299
1752677196056,5.895802,-6.767786,-25.701498
1752677196060,5.942183,-6.676606,-25.647385
1752677196064,5.984152,-6.594100,-25.598419
1752677196070,6.022128,-6.519443,-25.554111
1752677196074,6.056492,-6.451887,-25.514019
1752677196086,6.087587,-6.390758,-25.477741
1752677196091,6.115724,-6.335443,-25.444914
1752677196094,6.141185,-6.285390,-25.415209
1752677196115,6.164223,-6.240099,-25.388330
1752677196118,6.185070,-6.199116,-25.364008
1752677196125,6.203934,-6.162031,-25.341999
1752677196149,6.221004,-6.128474,-25.322084
1752677196152,6.236449,-6.098109,-25.304064
1752677196372,5.746937,-5.608638,-23.304314
1752677196430,5.303990,-5.165727,-21.494789
1752677196482,4.903178,-4.764948,-19.857395
1752677196527,4.540493,-4.402294,-18.375759
1752677196565,4.212309,-4.074136,-17.035063
1752677196596,3.915344,-3.777195,-15.821900
1752677197137,3.179310,-3.174271,-13.093547
1752677197277,3.011891,-2.990383,-12.364091
1752677197309,2.860398,-2.823986,-11.704024
1752677197540,2.723316,-2.673419,-11.106747
1752677197544,2.599273,-2.537174,-10.566285
1752677197831,2.493286,-2.411457,-10.096460
1752677197862,2.397380,-2.297700,-9.671328
1752677197890,2.310597,-2.194764,-9.286635
1752677197918,2.232070,-2.101619,-8.938538
1752677197937,2.161012,-2.017335,-8.623552
1752677197954,2.096714,-1.941069,-8.338530
1752677197960,2.038532,-1.872057,-8.080620
1752677197970,1.985885,-1.809610,-7.847244
1752677197975,1.938246,-1.753103,-7.636067
1752677197978,1.895138,-1.701971,-7.444979
1752677197992,1.856131,-1.655704,-7.272069
1752677197996,1.820835,-1.613837,-7.115606
1752677198472,1.522113,-1.387411,-6.020206
1752677198605,1.251808,-1.182523,-5.029006
1752677198630,1.272352,-1.195117,-5.100819
1752677198656,1.290942,-1.206513,-5.165800
1752677198681,1.307764,-1.216824,-5.224600
1752677198706,1.322986,-1.226155,-5.277807
1752677198728,1.336759,-1.234598,-5.325952
1752677198747,1.349222,-1.242238,-5.369518
1752677198763,1.360500,-1.249152,-5.408939
1752677198779,1.370705,-1.255407,-5.444611
1752677198797,1.379939,-1.261068,-5.476889
1752677198813,1.388295,-1.266190,-5.506096
1752677198826,1.395856,-1.270825,-5.532526
1752677198836,1.402698,-1.275019,-5.556441
1752677198842,1.408889,-1.278814,-5.578081
1752677198845,1.414491,-1.282248,-5.597663
1752677198849,1.419560,-1.285355,-5.615382
1752677198863,1.424147,-1.288167,-5.631416
1752677198866,1.428298,-1.290711,-5.645924
1752677198880,1.385842,-1.250915,-5.477937
1752677198893,1.347425,-1.214905,-5.325930
1752677198904,1.312662,-1.182320,-5.188383
1752677198915,1.281206,-1.152835,-5.063920
1752677198919,1.252743,-1.126154,-4.951296
1752677198922,1.226987,-1.102012,-4.849386
1752677198928,1.189282,-1.065719,-4.698184
1752677198951,1.153393,-1.031093,-4.555000
1752677198955,1.120919,-0.999761,-4.425436
1752677198960,1.091533,-0.971409,-4.308198
1752677198987,1.064942,-0.945754,-4.202112
1752677198991,1.040882,-0.922539,-4.106117
1752677198995,1.019109,-0.901533,-4.019253
1752677199017,0.999408,-0.882525,-3.940653
1752677199021,0.981581,-0.865326,-3.869529
1752677199029,0.961243,-0.845953,-3.789071
1752677199054,0.943632,-0.829701,-3.720264
1752677199059,0.927697,-0.814994,-3.658001
1752677199063,0.909959,-0.797797,-3.586517
1752677199087,0.893910,-0.782236,-3.521833
1752677199092,0.879386,-0.768155,-3.463302
1752677199096,0.868179,-0.757474,-3.418584
1752677199120,0.858038,-0.747808,-3.378119
1752677199124,0.848861,-0.739062,-3.341504
1752677199128,0.842402,-0.733106,-3.316221
1752677199152,0.838287,-0.729657,-3.299984
1752677199157,0.834563,-0.726537,-3.285293
1752677199163,0.831193,-0.723713,-3.271998
1752677199187,0.828144,-0.721157,-3.259969
1752677199192,0.825659,-0.718956,-3.249664
1752677199206,0.821690,-0.715082,-3.232895
1752677199227,0.815722,-0.708133,-3.205595
1752677199231,0.810322,-0.701845,-3.180893
1752677199237,0.807889,-0.698803,-3.169080
1752677199254,0.805688,-0.696050,-3.158391
1752677199263,0.805529,-0.695152,-3.154623
1752677199267,0.809576,-0.698507,-3.168187
1752677199299,0.813237,-0.701543,-3.180462
1752677199305,0.813091,-0.700619,-3.178711
1752677199309,0.822316,-0.708736,-3.214305
1752677199340,0.860635,-0.741661,-3.363047
1752677199359,0.895309,-0.771453,-3.497639
1752677199376,0.926684,-0.798412,-3.619428
1752677199400,0.955075,-0.822806,-3.729632
1752677199416,0.980765,-0.844879,-3.829353
1752677199432,1.004012,-0.864853,-3.919588
1752677199451,1.093525,-0.938839,-4.254165
1752677199462,1.174524,-1.005788,-4.556915
1752677199816,0.822504,-0.782839,-3.326791
1752677199819,0.503970,-0.581098,-2.213683
1752677199944,0.735363,-0.759005,-3.073556
1752677199967,0.944745,-0.919990,-3.851634
1752677199990,1.134210,-1.065660,-4.555697
1752677200006,1.305652,-1.197474,-5.192787
1752677200021,1.460785,-1.316749,-5.769273
1752677200037,1.601162,-1.424678,-6.290921
1752677200053,1.728185,-1.522340,-6.762947
1752677200067,1.843125,-1.610713,-7.190072
1752677200080,1.947131,-1.690678,-7.576567
1752677200094,2.041244,-1.763037,-7.926296
1752677200108,2.126405,-1.828513,-8.242758
1752677200125,2.203464,-1.887761,-8.529116
1752677200139,2.273193,-1.941372,-8.788234
1752677200152,2.336289,-1.989884,-9.022703
1752677200163,2.393384,-2.033781,-9.234869
1752677200167,2.445047,-2.073503,-9.426852
1752677200172,2.491795,-2.109445,-9.600574
1752677200188,2.353454,-1.993529,-9.075714
1752677200199,2.228272,-1.888639,-8.600782
1752677200210,2.114999,-1.793727,-8.171028
1752677200217,2.012500,-1.707844,-7.782155
1752677200220,1.919752,-1.630130,-7.430273
1752677200224,1.835826,-1.559808,-7.111863
1752677200230,1.733759,-1.471970,-6.720180
1752677200250,1.641401,-1.392488,-6.365756
1752677200255,1.557828,-1.320566,-6.045046
1752677200260,1.482205,-1.255485,-5.754844
1752677200284,1.415049,-1.198143,-5.497507
1752677200288,1.354281,-1.146256,-5.264649
1752677200292,1.299294,-1.099304,-5.053942
1752677200315,1.250185,-1.057598,-4.865932
1752677200322,1.205748,-1.019859,-4.695807
1752677200326,1.162460,-0.983080,-4.530364
1752677200350,1.124213,-0.950963,-4.384549
1752677200355,1.089603,-0.921902,-4.252604
1752677200371,1.055678,-0.892500,-4.119730
1752677200395,1.024981,-0.865894,-3.999494
1752677200406,0.997203,-0.841820,-3.890696
1752677200420,0.972068,-0.820035,-3.792247
1752677200424,0.947801,-0.798268,-3.695403
1752677200428,0.925842,-0.778572,-3.607770
1752677200434,0.907495,-0.762804,-3.536235
1752677200451,0.891393,-0.749322,-3.473956
1752677200455,0.876823,-0.737122,-3.417602
1752677200459,0.862657,-0.725725,-3.364347
1752677200485,0.849838,-0.715412,-3.316158
1752677200489,0.838239,-0.706080,-3.272553
1752677200494,0.827752,-0.697578,-3.232939
1752677200516,0.819420,-0.690831,-3.200652
1752677200520,0.811881,-0.684726,-3.171437
1752677200528,0.804490,-0.678840,-3.143268
1752677200550,0.797801,-0.673514,-3.117780
1752677200554,0.791749,-0.668694,-3.094716
1752677200560,0.786273,-0.664333,-3.073845
1752677200584,0.782212,-0.661251,-3.058030
1752677200588,0.778537,-0.658461,-3.043720
1752677200592,0.775033,-0.655845,-3.030293
1752677200617,0.773095,-0.655121,-3.023496
1752677200621,0.771340,-0.654466,-3.017346
1752677200626,0.765604,-0.649059,-2.992971
1752677200650,0.760108,-0.644293,-2.970848
1752677200654,0.755134,-0.639979,-2.950829
1752677200658,0.751898,-0.637987,-2.939642
1752677200683,0.748639,-0.635751,-2.928124
1752677200687,0.745691,-0.633729,-2.917701
1752677200692,0.741998,-0.630482,-2.902995
1752677200715,0.741132,-0.629619,-2.897369
1752677200726,0.740350,-0.628839,-2.892279
1752677200730,0.739641,-0.628132,-2.887673
1752677200750,0.739000,-0.627493,-2.883505
1752677200763,0.738420,-0.626915,-2.879733
1752677200768,0.739291,-0.627893,-2.882289
1752677200787,0.739031,-0.627746,-2.880974
1752677200793,0.738796,-0.627612,-2.879785
1752677200799,0.736921,-0.625455,-2.870899
1752677200817,0.736318,-0.624820,-2.867183
1752677200831,0.735772,-0.624246,-2.863821
1752677200836,0.736765,-0.625570,-2.867790
1752677200849,0.736278,-0.625041,-2.865729
1752677200861,0.735838,-0.624563,-2.863865
1752677200866,0.738079,-0.626772,-2.872941
1752677200887,0.740274,-0.629043,-2.881999
1752677200891,0.742260,-0.631099,-2.890196
1752677200900,0.743640,-0.632649,-2.896220
1752677200942,0.743491,-0.630958,-2.891038
1752677200950,0.743356,-0.629428,-2.886349
1752677200962,0.743235,-0.628043,-2.882106
1752677200975,0.741761,-0.625278,-2.873163
1752677200983,0.740427,-0.622777,-2.865072
1752677200990,0.754998,-0.634874,-2.918196
1752677200994,0.765333,-0.642201,-2.954107
1752677201002,0.774685,-0.648832,-2.986601
1752677201022,0.846163,-0.709973,-3.252579
1752677201027,0.910840,-0.765299,-3.493255
1752677201032,0.937650,-0.784691,-3.592656
1752677201440,0.738103,-0.656406,-2.900274
1752677201443,0.557538,-0.540324,-2.273754
1752677202591,0.591343,-0.557830,-2.377035
1752677202619,0.621933,-0.573670,-2.470491
1752677202639,0.649612,-0.588003,-2.555058
1752677202656,0.674659,-0.600973,-2.631579
1752677202670,0.697323,-0.612710,-2.700822
1752677202680,0.717831,-0.623329,-2.763478
1752677202684,0.736388,-0.632939,-2.820174
1752677202690,0.753180,-0.641634,-2.871477
1752677202697,0.768375,-0.649503,-2.917899
1752677202701,0.782124,-0.656623,-2.959906
1752677202719,0.794566,-0.663065,-2.997916
1752677202723,0.805823,-0.668895,-3.032311
1752677203536,0.843324,-0.699794,-3.174325
1752677203567,0.877257,-0.727753,-3.302830
1752677203592,0.907962,-0.753053,-3.419111
1752677203614,0.935746,-0.775947,-3.524330
1752677203633,0.960887,-0.796662,-3.619541
1752677203649,0.983637,-0.815407,-3.705694
1752677203663,1.004223,-0.832369,-3.783653
1752677203679,1.022850,-0.847717,-3.854195
1752677203686,1.039706,-0.861606,-3.918027
1752677203690,1.054958,-0.874173,-3.975787
1752677203717,1.030170,-0.853753,-3.882659
1752677203745,1.007740,-0.835275,-3.798390
1752677203781,0.987443,-0.818555,-3.722137
1752677203809,0.969078,-0.803426,-3.653138
1752677203834,0.952459,-0.789735,-3.590702
1752677203855,0.937421,-0.777347,-3.534205
1752677203876,0.923814,-0.766138,-3.483083
1752677203893,0.911501,-0.755994,-3.436823
1752677203907,0.900359,-0.746816,-3.394964
1752677203911,0.890277,-0.738511,-3.357087
1752677203917,0.881155,-0.730995,-3.322813
1752677203924,0.872900,-0.724195,-3.291800
1752677203928,0.865430,-0.718042,-3.263736
1752677203940,0.858671,-0.712473,-3.238342
1752677203946,0.850146,-0.705036,-3.205746
1752677203968,0.842376,-0.698114,-3.175534
1752677203992,0.835346,-0.691851,-3.148196
1752677204012,0.828985,-0.686184,-3.123458
1752677204017,0.823228,-0.681055,-3.101073
1752677204023,0.818020,-0.676415,-3.080818
1752677204029,0.813206,-0.672145,-3.062166
1752677204036,0.807773,-0.667445,-3.042125
1752677204042,0.802856,-0.663193,-3.023991
1752677204059,0.798408,-0.659344,-3.007582
1752677204063,0.794382,-0.655863,-2.992734
1752677204069,0.790740,-0.652712,-2.979298
1752677204089,0.787444,-0.649861,-2.967140
1752677204093,0.784462,-0.647281,-2.956139
1752677204098,0.779256,-0.642617,-2.936604
1752677204115,0.774545,-0.638396,-2.918928
1752677204127,0.770282,-0.634577,-2.902933
1752677204132,0.766425,-0.631121,-2.888460
1752677204149,0.764315,-0.629330,-2.879998
1752677204159,0.762406,-0.627710,-2.872341
1752677204176,0.760316,-0.625606,-2.862970
1752677204189,0.758426,-0.623703,-2.854491
1752677204198,0.756715,-0.621981,-2.846818
1752677204203,0.755167,-0.620422,-2.839875
1752677204218,0.753766,-0.619012,-2.833593
1752677204223,0.752498,-0.617736,-2.827908
1752677204227,0.751351,-0.616581,-2.822764
1752677204254,0.749040,-0.614962,-2.816288
1752677204262,0.746949,-0.613496,-2.810428
1752677204266,0.745056,-0.612170,-2.805125
1752677204289,0.742860,-0.610205,-2.798019
1752677204294,0.740873,-0.608427,-2.791589
1752677204299,0.738213,-0.605719,-2.781653
1752677204587,0.736331,-0.603734,-2.774325
1752677204590,0.734628,-0.601938,-2.767695
1752677204637,0.796808,-0.635454,-2.964858
1752677204666,0.853073,-0.665782,-3.143266
1752677204687,0.903987,-0.693225,-3.304704
1752677204705,0.950057,-0.718057,-3.450784
1752677204710,0.991744,-0.740528,-3.582969
1752677204715,1.029467,-0.760860,-3.702579
1752677205769,0.998937,-0.741943,-3.598011
1752677205794,0.971311,-0.724824,-3.503389
1752677205817,0.946314,-0.709335,-3.417768
1752677205838,0.923694,-0.695318,-3.340292
1752677205857,0.903226,-0.682635,-3.270186
1752677205879,0.884705,-0.671159,-3.206748
1752677205896,0.867946,-0.660774,-3.149345
1752677205909,0.852781,-0.651377,-3.097403
1752677205919,0.839058,-0.642874,-3.050402
1752677205923,0.826641,-0.635179,-3.007871
1752677205936,0.813215,-0.628121,-2.963780
1752677205949,0.801066,-0.621734,-2.923883
1752677205963,0.790072,-0.615954,-2.887781
1752677205977,0.780125,-0.610724,-2.855114
1752677205991,0.771123,-0.605992,-2.825554
1752677206002,0.762978,-0.601710,-2.798805
1752677206012,0.755608,-0.597835,-2.774602
1752677206022,0.748939,-0.594329,-2.752700
1752677206033,0.742904,-0.591156,-2.732882
1752677206040,0.737443,-0.588286,-2.714949
1752677206047,0.732502,-0.585688,-2.698722
1752677206051,0.728031,-0.583337,-2.684039
1752677206056,0.723985,-0.581210,-2.670752
1752677206067,0.720324,-0.579285,-2.658730
1752677206071,0.712303,-0.573304,-2.630617
1752677206083,0.705046,-0.567891,-2.605179
1752677206086,0.698479,-0.562993,-2.582161
1752677206093,0.692537,-0.558561,-2.561332
1752677206118,0.688476,-0.555984,-2.547051
1752677206122,0.684801,-0.553651,-2.534128
1752677206126,0.680320,-0.550449,-2.518084
1752677206149,0.678607,-0.549249,-2.509722
1752677206154,0.677057,-0.548163,-2.502156
1752677206163,0.675654,-0.547180,-2.495310
1752677206184,0.674385,-0.546291,-2.489115
1752677206188,0.673237,-0.545487,-2.483509
1752677206193,0.672198,-0.544758,-2.478436
1752677206216,0.671257,-0.544100,-2.473846
1752677206220,0.670407,-0.543503,-2.469692
1752677206224,0.671591,-0.544102,-2.471288
1752677206249,0.670182,-0.542312,-2.464956
1752677206254,0.668907,-0.540693,-2.459226
1752677206258,0.671205,-0.541775,-2.465138
1752677206282,0.673285,-0.542753,-2.470487
1752677206286,0.675166,-0.543638,-2.475327
1752677207123,0.746798,-0.587968,-2.701750
1752677207167,0.811616,-0.628081,-2.906633
1752677207197,0.870268,-0.664379,-3.092027
1752677207221,0.923341,-0.697223,-3.259786
1752677207243,0.971366,-0.726943,-3.411586
1752677207262,1.014822,-0.753837,-3.548947
1752677207278,1.054144,-0.778171,-3.673241
1752677207291,1.089726,-0.800191,-3.785711
1752677207301,1.121923,-0.820117,-3.887483
1752677207305,1.151057,-0.838147,-3.979574
1752677207319,1.117084,-0.815479,-3.866354
1752677207333,1.086342,-0.794968,-3.763905
1752677207337,1.058524,-0.776408,-3.671200
1752677207341,1.033353,-0.759613,-3.587315
1752677207348,1.010576,-0.744416,-3.511409
1752677207357,0.989966,-0.730665,-3.442723
1752677207361,0.971316,-0.718222,-3.380571
1752677207366,0.954440,-0.706962,-3.324332
1752677207394,0.940175,-0.707991,-3.299756
1752677207408,0.927267,-0.708923,-3.277517
1752677207426,0.915586,-0.709765,-3.257395
1752677207439,0.905017,-0.710528,-3.239186
1752677207453,0.895453,-0.711218,-3.222709
1752677207463,0.886799,-0.711842,-3.207800
1752677207474,0.878968,-0.712407,-3.194309
1752677207484,0.871881,-0.712918,-3.182101
1752677207494,0.865470,-0.713381,-3.171055
1752677207499,0.859667,-0.713799,-3.161059
1752677207503,0.854417,-0.714178,-3.152014
1752677207510,0.849667,-0.714521,-3.143830
1752677207517,0.845368,-0.714831,-3.136424
1752677207523,0.841478,-0.715111,-3.129723
1752677207557,0.831021,-0.709431,-3.099044
1752677207587,0.821559,-0.704291,-3.071284
1752677207611,0.812997,-0.699640,-3.046164
1752677207634,0.805250,-0.695431,-3.023434
1752677207655,0.798239,-0.691623,-3.002866
1752677207673,0.791895,-0.688177,-2.984255
1752677207687,0.786155,-0.685059,-2.967414
1752677207697,0.778127,-0.678935,-2.941706
1752677207705,0.770863,-0.673393,-2.918443
1752677207739,0.758786,-0.662596,-2.877648
1752677207771,0.747858,-0.652825,-2.840734
1752677207795,0.737969,-0.643984,-2.807331
1752677207817,0.729021,-0.635984,-2.777105
1752677207829,0.720924,-0.628744,-2.749755
1752677207840,0.713597,-0.622194,-2.725007
1752677207862,0.706431,-0.615110,-2.698003
1752677207882,0.699947,-0.608701,-2.673568
1752677207892,0.694079,-0.602901,-2.651457
1752677207941,0.691157,-0.598556,-2.636849
1752677207977,0.688513,-0.594624,-2.623631
1752677208010,0.686120,-0.591066,-2.611670
1752677208044,0.683955,-0.587847,-2.600847
1752677208072,0.681996,-0.584934,-2.591054
1752677208095,0.680223,-0.582298,-2.582192
1752677208110,0.678618,-0.579913,-2.574173
1752677208114,0.677167,-0.577754,-2.566917
1752677208121,0.675853,-0.575801,-2.560351
1752677208128,0.674665,-0.574034,-2.554410
1752677208642,0.682401,-0.573754,-2.573436
1752677208663,0.689401,-0.573500,-2.590652
1752677208682,0.695735,-0.573270,-2.606230
1752677208698,0.701467,-0.573062,-2.620326
1752677208713,0.706653,-0.572874,-2.633081
1752677208729,0.711347,-0.572704,-2.644624
1752677208745,0.715593,-0.572550,-2.655068
1752677208757,0.719436,-0.572410,-2.664518
1752677208767,0.722913,-0.572284,-2.673070
1752677208771,0.726059,-0.572170,-2.680808
1752677208774,0.728907,-0.572067,-2.687810
1752677208784,0.731483,-0.571974,-2.694146
1752677208788,0.733814,-0.571889,-2.699879
1752677208791,0.735924,-0.571812,-2.705067
1752677208797,0.737832,-0.571743,-2.709762
1752677208814,0.739560,-0.571681,-2.714010
1752677208818,0.741122,-0.571624,-2.717854
1752677209340,0.809158,-0.608239,-2.914769
1752677209356,0.870721,-0.641370,-3.092954
1752677209367,0.926428,-0.671351,-3.254188
1752677209378,0.976836,-0.698479,-3.400085
1752677209394,1.022449,-0.723027,-3.532104
1752677209405,1.063723,-0.745239,-3.651564
1752677209409,1.101071,-0.765339,-3.759660
1752677209413,1.134866,-0.783526,-3.857475
1752677209420,1.165446,-0.799984,-3.945984
1752677209428,1.193118,-0.814876,-4.026074
1752677209439,1.159658,-0.798732,-3.922882
1752677209463,1.129382,-0.784125,-3.829505
1752677209474,1.101985,-0.770906,-3.745012
1752677209485,1.077195,-0.758945,-3.668555
1752677209497,1.054762,-0.748122,-3.599372
1752677209509,1.034464,-0.738328,-3.536770
1752677209528,1.016096,-0.729466,-3.480123
1752677209536,0.999476,-0.721447,-3.428864
1752677209549,0.984437,-0.714191,-3.382481
1752677209556,0.970828,-0.707625,-3.340511
1752677209560,0.958514,-0.701684,-3.302533
1752677209571,0.947371,-0.696308,-3.268167
1752677209575,0.937288,-0.691443,-3.237071
1752677209589,0.928164,-0.687041,-3.208932
1752677209609,0.913538,-0.683843,-3.171366
1752677209629,0.900303,-0.680950,-3.137373
1752677209650,0.888327,-0.678332,-3.106614
1752677209670,0.877490,-0.675963,-3.078780
1752677209695,0.867684,-0.673819,-3.053594
1752677209710,0.858811,-0.671879,-3.030804
1752677209721,0.854069,-0.673939,-3.022097
1752677209726,0.849779,-0.675804,-3.014218
1752677209730,0.845896,-0.677490,-3.007088
1752677209735,0.842383,-0.679017,-3.000637
1752677209741,0.832370,-0.674096,-2.970481
1752677209753,0.825923,-0.672399,-2.951929
1752677209758,0.820089,-0.670864,-2.935142
1752677209764,0.812679,-0.667478,-2.912337
1752677209784,0.805974,-0.664414,-2.891701
1752677209790,0.799907,-0.661641,-2.873028
1752677209805,0.788491,-0.653868,-2.835696
1752677209821,0.777194,-0.646083,-2.799317
1752677209827,0.766972,-0.639038,-2.766398
1752677209831,0.754761,-0.629844,-2.725893
1752677209864,0.744714,-0.623190,-2.693471
1752677209876,0.735622,-0.617169,-2.664133
1752677209887,0.727395,-0.611721,-2.637586
1752677209892,0.720835,-0.607207,-2.615654
1752677209896,0.714898,-0.603121,-2.595809
1752677209903,0.708643,-0.599010,-2.575761
1752677209919,0.702917,-0.595265,-2.557507
1752677209923,0.697736,-0.591876,-2.540990
1752677209928,0.690348,-0.585922,-2.515527
1752677209950,0.683662,-0.580534,-2.492485
1752677209954,0.677613,-0.575658,-2.471636
1752677209958,0.672139,-0.571247,-2.452770
1752677209983,0.667186,-0.567255,-2.435698
1752677209987,0.662704,-0.563642,-2.420251
1752677209991,0.658431,-0.560169,-2.405496
1752677210060,0.654656,-0.557683,-2.393688
1752677210103,0.651240,-0.555434,-2.383003
1752677210144,0.648149,-0.553399,-2.373335
1752677210179,0.645352,-0.551557,-2.364586
1752677210205,0.642821,-0.549891,-2.356670
1752677210209,0.639807,-0.547782,-2.347515
1752677210212,0.636837,-0.545644,-2.338506
1752677210220,0.634150,-0.543709,-2.330353
1752677210225,0.633058,-0.543255,-2.327857
1752677210229,0.631587,-0.542200,-2.323765
1752677210240,0.630996,-0.541926,-2.322672
1752677210250,0.631243,-0.542577,-2.324368
1752677210255,0.631466,-0.543167,-2.325903
1752677210261,0.631142,-0.543293,-2.325629
1752677210285,0.630848,-0.543407,-2.325380
1752677210290,0.631089,-0.544197,-2.327107
1752677210294,0.631308,-0.544912,-2.328669
1752677210314,0.631506,-0.545559,-2.330083
1752677210321,0.631685,-0.546144,-2.331362
1752677210325,0.632261,-0.547103,-2.334094
1752677210352,0.632272,-0.547258,-2.334556
1752677210356,0.632281,-0.547399,-2.334975
1752677210360,0.632290,-0.547527,-2.335353
1752677210382,0.632298,-0.547642,-2.335695
1752677210386,0.632305,-0.547746,-2.336005
1752677210390,0.632312,-0.547841,-2.336285
1752677210416,0.632317,-0.547926,-2.336539
1752677210420,0.632323,-0.548004,-2.336769
1752677210424,0.632328,-0.548074,-2.336976
1752677210450,0.632332,-0.548137,-2.337164
1752677210454,0.632336,-0.548194,-2.337334
1752677210464,0.633967,-0.549645,-2.342615
1752677210486,0.635443,-0.550958,-2.347394
1752677210494,0.636779,-0.552146,-2.351718
1752677210499,0.637988,-0.553220,-2.355630
1752677210514,0.639081,-0.554193,-2.359171
1752677210518,0.640071,-0.555073,-2.362375
1752677210524,0.640966,-0.555870,-2.365273
1752677210549,0.641758,-0.556004,-2.366631
1752677210553,0.642473,-0.556125,-2.367859
1752677210557,0.643305,-0.556365,-2.369514
1752677210582,0.644057,-0.556582,-2.371012
1752677210586,0.644737,-0.556778,-2.372367
1752677210589,0.646093,-0.558014,-2.377181
1752677210612,0.647603,-0.559756,-2.383168
1752677210620,0.648970,-0.561333,-2.388585
1752677210627,0.652704,-0.564736,-2.401433
1752677210649,0.654396,-0.566260,-2.408004
1752677210654,0.655926,-0.567638,-2.413950
1752677210659,0.657311,-0.568885,-2.419330
1752677210689,0.658565,-0.570014,-2.424198
1752677210695,0.659432,-0.570282,-2.426727
1752677210808,0.663018,-0.570799,-2.433636
1752677210814,0.666263,-0.571267,-2.439888
1752677210915,0.672848,-0.570884,-2.455006
1752677210919,0.678806,-0.570538,-2.468686
1752677211640,0.699244,-0.580921,-2.537479
1752677211668,0.717737,-0.590318,-2.599729
1752677211690,0.734472,-0.598820,-2.656057
1752677211707,0.749614,-0.606513,-2.707027
1752677211719,0.763316,-0.613475,-2.753148
1752677211733,0.775715,-0.619775,-2.794882
1752677211745,0.786934,-0.625475,-2.832646
1752677211758,0.797086,-0.630633,-2.866818
1752677211768,0.806273,-0.635300,-2.897739
1752677211773,0.814585,-0.639523,-2.925719
1752677211777,0.822107,-0.643345,-2.951038
1752677211782,0.828913,-0.646803,-2.973948
1752677211798,0.835072,-0.649932,-2.994678
1752677211809,0.816831,-0.638664,-2.935220
1752677211818,0.800325,-0.628468,-2.881417
1752677211826,0.785390,-0.619241,-2.832733
1752677211837,0.771875,-0.610893,-2.788680
1752677211844,0.759645,-0.603338,-2.748817
1752677211861,0.748579,-0.596502,-2.712746
1752677211868,0.738566,-0.590316,-2.680106
1752677211874,0.729505,-0.584719,-2.650572
1752677211882,0.721306,-0.579654,-2.623846
1752677211886,0.713887,-0.575071,-2.599663
1752677211890,0.707174,-0.570924,-2.577781
1752677211925,0.699542,-0.568492,-2.558657
1752677211935,0.692636,-0.566292,-2.541352
1752677211947,0.686387,-0.564300,-2.525694
1752677211958,0.680732,-0.562498,-2.511525
1752677211965,0.675615,-0.560868,-2.498704
1752677211969,0.670985,-0.559392,-2.487102
1752677211980,0.666795,-0.558057,-2.476604
1752677212013,0.663247,-0.557928,-2.469342
1752677212038,0.660036,-0.557810,-2.462771
1752677212055,0.657131,-0.557704,-2.456825
1752677212072,0.654501,-0.557608,-2.451444
1752677212086,0.652122,-0.557521,-2.446575
1752677212100,0.649970,-0.557442,-2.442170
1752677212104,0.647101,-0.556082,-2.434416
1752677212109,0.644506,-0.554851,-2.427401
1752677212384,0.642121,-0.554046,-2.421716
1752677212705,0.640905,-0.554524,-2.421140
1752677212730,0.639804,-0.554957,-2.420618
1752677212757,0.638808,-0.555349,-2.420146
1752677212778,0.637907,-0.555703,-2.419719
1752677212797,0.637092,-0.556024,-2.419332
1752677212816,0.636354,-0.556314,-2.418983
1752677212831,0.635686,-0.556577,-2.418666
1752677212846,0.635082,-0.556814,-2.418380
1752677212863,0.634535,-0.557029,-2.418121
1752677212880,0.634041,-0.557224,-2.417886
1752677212896,0.633593,-0.557400,-2.417674
1752677212911,0.633188,-0.557559,-2.417482
1752677212917,0.632822,-0.557703,-2.417308
1752677212921,0.632490,-0.557834,-2.417151
1752677212926,0.633394,-0.559066,-2.420672
1752677212940,0.634211,-0.560181,-2.423858
1752677212945,0.634951,-0.561189,-2.426740
1752677212949,0.635621,-0.562102,-2.429349
1752677212956,0.636226,-0.562928,-2.431710
1752677212979,0.633515,-0.560079,-2.420656
1752677212994,0.631061,-0.557500,-2.410655
1752677213008,0.628840,-0.555166,-2.401604
1752677213012,0.627050,-0.553251,-2.394061
1752677213015,0.625211,-0.551322,-2.386589
1752677213022,0.623547,-0.549576,-2.379828
1752677213027,0.622042,-0.547996,-2.373710
1752677213048,0.620679,-0.546567,-2.368174
1752677213052,0.619446,-0.545274,-2.363164
1752677213059,0.618331,-0.544103,-2.358632
1752677213086,0.617321,-0.543044,-2.354530
1752677213090,0.620450,-0.545738,-2.362780
1752677213096,0.623282,-0.548176,-2.370246
1752677213120,0.625844,-0.550381,-2.377002
1752677213124,0.632424,-0.557606,-2.398770
1752677213128,0.624591,-0.550727,-2.368251
1752677213148,0.617502,-0.544503,-2.340635
1752677213152,0.611088,-0.538870,-2.315645
1752677213156,0.605284,-0.533774,-2.293033
1752677214166,0.633906,-0.544456,-2.386289
1752677214194,0.663488,-0.557250,-2.482960
1752677214214,0.690256,-0.568827,-2.570434
1752677214233,0.714478,-0.579303,-2.649587
1752677214252,0.736396,-0.588782,-2.721211
1752677214275,0.756229,-0.597359,-2.786022
1752677214294,0.774175,-0.605120,-2.844667
1752677214311,0.790414,-0.612143,-2.897734
1752677214325,0.805108,-0.618499,-2.945753
1752677214328,0.814722,-0.621122,-2.976920
1752677214332,0.827104,-0.626623,-3.017406
1752677214343,0.838308,-0.631600,-3.054041
1752677214346,0.848447,-0.636105,-3.087192
1752677214350,0.857621,-0.640180,-3.117188
1752677214358,0.865922,-0.643868,-3.144332
1752677214362,0.873434,-0.647206,-3.168893
1752677214380,0.880231,-0.650225,-3.191118
1752677214760,1.234857,-0.965877,-4.513749
1752677214798,1.555750,-1.251503,-5.710564
1752677214828,1.846117,-1.509958,-6.793532
1752677214847,2.108864,-1.743828,-7.773483
1752677214856,2.346617,-1.955451,-8.660216
1752677214862,2.561753,-2.146943,-9.462599
1752677214866,2.756425,-2.320220,-10.188655
1752677214871,2.932579,-2.477013,-10.845645
1752677214877,3.024796,-2.565908,-11.212474
1752677214894,3.108242,-2.646348,-11.544408
1752677214898,3.183750,-2.719135,-11.844767
1752677214902,3.252076,-2.784999,-12.116554
1752677214919,3.313902,-2.844597,-12.362488
1752677214923,3.369846,-2.898526,-12.585027
1752677214929,3.273789,-2.818542,-12.238914
1752677214956,3.186870,-2.746167,-11.925725
1752677214960,3.108219,-2.680677,-11.642328
1752677214964,3.037049,-2.621416,-11.385889
1752677214985,2.972650,-2.567793,-11.153844
1752677214989,2.914376,-2.519270,-10.943872
1752677214994,2.861646,-2.475363,-10.753874
1752677215014,2.813932,-2.435633,-10.581949
1752677215018,2.770756,-2.399682,-10.426379
1752677215022,2.731688,-2.367151,-10.285607
1752677215047,2.696474,-2.336976,-10.156421
1752677215051,2.664610,-2.309672,-10.039523
1752677215055,2.564556,-2.219784,-9.660457
1752677215079,2.474019,-2.138446,-9.317449
1752677215084,2.392095,-2.064846,-9.007070
1752677215091,2.317964,-1.998246,-8.726215
1752677215114,2.250885,-1.937983,-8.472077
1752677215125,2.190186,-1.883451,-8.242114
1752677215132,2.135262,-1.834107,-8.034026
1752677215149,2.087466,-1.790601,-7.851015
1752677215159,2.044216,-1.751234,-7.685413
1752677215163,2.005081,-1.715611,-7.535564
1752677215187,1.969669,-1.683378,-7.399969
1752677215191,1.998131,-1.708094,-7.490083
1752677215573,2.130955,-1.791973,-7.824853
1752677215578,2.251144,-1.867873,-8.127779
1752677218083,2.090659,-1.731759,-7.560630
1752677218108,1.945440,-1.608593,-7.047432
1752677218133,1.814034,-1.497143,-6.583051
1752677218161,1.695129,-1.396295,-6.162845
1752677218191,1.587534,-1.305040,-5.782610
1752677218207,1.490175,-1.222465,-5.438546
1752677218223,1.402076,-1.147746,-5.127210
1752677218240,1.322359,-1.080134,-4.845490
1752677218249,1.250224,-1.018954,-4.590569
1752677218253,1.184951,-0.963593,-4.359898
1752677218258,1.125887,-0.913499,-4.151168
1752677218267,1.072442,-0.868170,-3.962295
1752677218270,1.024080,-0.827152,-3.791387
1752677218289,0.980319,-0.790037,-3.636738
1752677218294,0.940721,-0.756452,-3.496799
1752677219254,0.753880,-0.583796,-2.736745
1752677219283,0.584813,-0.427564,-2.048990
1752677219318,0.431828,-0.286193,-1.426659
1752677219341,0.293395,-0.158270,-0.863526
1752677219356,0.168132,-0.042516,-0.353962
1752677219366,0.054783,0.062227,0.107131
1752677219370,-0.047783,0.157006,0.524362
1752677219375,-0.140592,0.242770,0.901903
1752677219382,-0.224573,0.320375,1.243532
1752677219391,-0.300565,0.390598,1.552662
1752677219397,-0.369328,0.454141,1.832387
1752677219413,-0.554749,0.624242,2.649283
1752677219421,-0.722531,0.778162,3.388471
1752677219424,-0.874353,0.917440,4.057344
1752677219448,-1.011733,1.043469,4.662591
1752677219452,-1.136045,1.157510,5.210264
1752677219456,-1.147203,1.163944,5.248124
1752677219481,-1.157299,1.169765,5.282382
1752677219485,-1.166435,1.175033,5.313382
1752677219489,-1.174702,1.179800,5.341433
1752677219529,-1.182183,1.184113,5.366815
1752677219535,-1.188952,1.188016,5.389783
1752677219540,-1.195077,1.191547,5.410566
1752677219557,-1.200620,1.194743,5.429372
1752677219839,-1.203919,1.220249,5.494400
1752677219844,-1.206905,1.243329,5.553242
1752677220290,-1.249180,1.307043,5.794328
1752677220323,-1.287435,1.364697,6.012482
1752677220353,-1.322050,1.416867,6.209883
1752677220380,-1.353372,1.464074,6.388507
1752677220402,-1.381715,1.506790,6.550139
1752677220422,-1.407362,1.545443,6.696396
1752677220426,-1.421697,1.574246,6.795475
1752677220444,-1.353984,1.500176,6.475835
1752677220465,-1.292711,1.433152,6.186602
1752677220486,-1.237268,1.372504,5.924881
1752677220502,-1.187098,1.317625,5.688057
1752677220513,-1.141700,1.267966,5.473761
1752677220518,-1.091502,1.215690,5.238224
1752677220524,-1.055198,1.175727,5.066718
1752677220527,-1.022348,1.139567,4.911526
1752677220532,-0.992622,1.106846,4.771097
1752677220552,-0.965724,1.077237,4.644027
1752677220556,-0.941385,1.050445,4.529044
1752677220560,-0.919361,1.026202,4.424998
1752677220581,-0.899432,1.004265,4.330851
1752677220585,-0.881399,0.984414,4.245658
1752677220641,-0.849035,0.945500,4.088181
1752677220695,-0.819750,0.910288,3.945685
1752677220747,-0.793250,0.878425,3.816743
1752677220801,-0.769271,0.849594,3.700067
1752677220846,-0.747573,0.823504,3.594489
1752677220890,-0.727939,0.799897,3.498955
1752677220924,-0.710173,0.778535,3.412508
1752677220949,-0.694097,0.759206,3.334285
1752677220964,-0.679550,0.741714,3.263502
1752677220968,-0.662186,0.721933,3.178935
1752677220972,-0.648131,0.705403,3.110809
1752677220980,-0.635413,0.690445,3.049163
1752677220984,-0.620810,0.674846,2.981853
1752677220988,-0.607597,0.660730,2.920946
1752677220997,-0.595640,0.647958,2.865833
1752677221001,-0.584821,0.636400,2.815962
1752677221021,-0.574379,0.625262,2.766951
1752677221024,-0.564929,0.615184,2.722601
1752677221028,-0.556379,0.606064,2.682471
1752677221048,-0.548642,0.597812,2.646157
1752677221053,-0.541641,0.590345,2.613298
1752677221057,-0.535306,0.583589,2.583565
1752677221081,-0.529573,0.577475,2.556660
1752677221085,-0.524386,0.571942,2.532315
1752677221089,-0.519692,0.566936,2.510285
1752677221115,-0.515445,0.562406,2.490351
1752677221119,-0.511602,0.558307,2.472313
1752677221123,-0.510641,0.557316,2.468785
1752677221149,-0.509772,0.556419,2.465592
1752677221155,-0.509375,0.556387,2.466464
1752677221159,-0.509016,0.556358,2.467253
1752677221180,-0.508691,0.556332,2.467967
1752677221186,-0.508397,0.556309,2.468613
1752677221190,-0.508131,0.556287,2.469198
1752677221213,-0.507891,0.556268,2.469727
1752677221217,-0.507673,0.556251,2.470206
1752677221221,-0.507337,0.556489,2.471276
1752677221262,-0.504414,0.553947,2.456443
1752677221280,-0.501770,0.551647,2.443021
1752677221296,-0.499377,0.549566,2.430876
1752677221311,-0.497211,0.547682,2.419886
1752677221321,-0.495252,0.545978,2.409942
1752677221328,-0.493479,0.544436,2.400944
1752677221336,-0.490216,0.541669,2.384413
1752677221343,-0.487264,0.539164,2.369456
1752677221347,-0.484592,0.536898,2.355921
1752677221351,-0.482629,0.535223,2.345966
1752677221358,-0.480852,0.533706,2.336958
1752677221395,-0.479724,0.533603,2.333858
1752677221435,-0.478704,0.533510,2.331053
1752677221473,-0.477780,0.533425,2.328514
1752677221506,-0.476944,0.533349,2.326217
1752677221510,-0.480353,0.536941,2.343147
1752677221513,-0.483437,0.540192,2.358467
1752677221526,-0.485855,0.542653,2.370191
1752677221557,-0.487231,0.544461,2.378006
1752677221586,-0.488477,0.546098,2.385078
1752677221604,-0.489603,0.547578,2.391477
1752677221609,-0.490623,0.548918,2.397267
1752677221615,-0.491546,0.550130,2.402506
1752677221619,-0.492381,0.551227,2.407247
1752677221663,-0.492843,0.552011,2.409999
1752677221698,-0.493261,0.552720,2.412489
1752677221729,-0.493639,0.553362,2.414743
1752677221766,-0.493982,0.553943,2.416782
1752677221793,-0.494292,0.554469,2.418627
1752677221808,-0.494572,0.554944,2.420296
1752677221830,-0.495571,0.556267,2.424507
1752677221851,-0.496475,0.557464,2.428317
1752677221862,-0.497293,0.558548,2.431765
1752677221867,-0.494570,0.556149,2.418731
1752677221873,-0.495570,0.557357,2.423091
1752677221884,-0.496474,0.558451,2.427036
1752677221889,-0.498755,0.560703,2.438067
1752677221893,-0.501866,0.563462,2.451965
1752677221901,-0.504682,0.565958,2.464541
1752677221919,-0.507229,0.568217,2.475921
1752677221925,-0.512021,0.572878,2.498492
1752677221929,-0.516356,0.577096,2.518915
1752677221956,-0.517758,0.579414,2.527230
1752677221961,-0.519026,0.581512,2.534753
1752677221965,-0.520174,0.583410,2.541561
1752677221987,-0.521212,0.585127,2.547721
1752677221992,-0.522152,0.586681,2.553296
1752677221998,-0.518961,0.584637,2.541118
1752677222020,-0.516073,0.582787,2.530099
1752677222024,-0.513459,0.581114,2.520128
1752677222031,-0.511095,0.579599,2.511106
1752677222053,-0.508955,0.578229,2.502942
1752677222060,-0.507019,0.576989,2.495554
1752677222065,-0.505267,0.575867,2.488869
1752677222088,-0.503681,0.574851,2.482820
1752677222092,-0.502247,0.573932,2.477347
1752677222097,-0.501646,0.573411,2.474834
1752677222117,-0.500847,0.572478,2.470333
1752677222121,-0.504477,0.575979,2.486868
1752677222125,-0.507761,0.579147,2.501829
1752677222146,-0.510733,0.582013,2.515368
1752677222155,-0.513423,0.584607,2.527619
1752677222160,-0.515856,0.586954,2.538704
1752677222183,-0.518058,0.589078,2.548735
1752677222188,-0.520051,0.591000,2.557811
1752677222192,-0.519182,0.589805,2.552504
1752677222216,-0.517214,0.588021,2.542900
1752677222220,-0.515433,0.586405,2.534210
1752677222224,-0.515307,0.586501,2.533600
1752677222253,-0.515704,0.587103,2.535918
1752677222258,-0.516063,0.587649,2.538015
1752677222262,-0.521382,0.592670,2.562033
1752677222284,-0.523411,0.594741,2.569594
1752677222288,-0.525247,0.596614,2.576436
1752677222292,-0.525500,0.597336,2.577415
1752677222319,-0.527409,0.599207,2.585842
1752677222324,-0.529136,0.600900,2.593468
1752677222328,-0.536561,0.607109,2.624182
1752677222347,-0.547316,0.616187,2.671853
1752677222352,-0.557048,0.624400,2.714990
1752677222358,-0.569169,0.635343,2.770433
1752677222381,-0.580416,0.645144,2.820709
1752677222385,-0.590594,0.654012,2.866202
1752677222389,-0.604857,0.666089,2.928130
1752677222421,-0.617762,0.677016,2.984168
1752677222427,-0.626031,0.684381,3.019771
1752677222432,-0.624532,0.682473,3.010798
1752677222457,-0.625249,0.682839,3.012553
1752677222461,-0.629983,0.686789,3.034672
1752677222467,-0.634268,0.690364,3.054686
1752677222489,-0.636173,0.691803,3.062711
1752677222493,-0.635583,0.691387,3.060916
1752677222497,-0.635049,0.691010,3.059292
1752677222515,-0.634294,0.690533,3.056840
1752677222520,-0.633611,0.690102,3.054622
1752677222524,-0.628762,0.685745,3.033375
1752677222546,-0.624374,0.681802,3.014148
1752677222558,-0.620403,0.678234,2.996751
1752677222565,-0.616810,0.675005,2.981008
1752677222586,-0.613559,0.672084,2.966763
1752677222591,-0.609263,0.668060,2.946294
1752677222596,-0.613988,0.672147,2.965675
1752677222616,-0.620615,0.677844,2.994658
1752677222624,-0.626612,0.682998,3.020884
1752677222630,-0.624507,0.680789,3.010957
1752677222646,-0.622603,0.678790,3.001975
1752677222657,-0.620880,0.676981,2.993847
1752677222663,-0.619320,0.675345,2.986492
1752677222680,-0.618713,0.674734,2.984508
1752677222688,-0.630047,0.684887,3.035481
1752677222695,-0.640302,0.694075,3.081606
1752677222719,-0.645219,0.698449,3.101397
1752677222724,-0.648443,0.700906,3.112622
1752677222728,-0.651360,0.703129,3.122780
1752677222753,-0.654000,0.705141,3.131971
1752677222758,-0.647807,0.699345,3.102825
1752677222762,-0.642203,0.694101,3.076452
1752677222786,-0.636037,0.688638,3.047975
1752677222790,-0.630457,0.683694,3.022207
1752677222795,-0.623571,0.678006,2.992236
1752677222814,-0.617477,0.672719,2.964836
1752677222823,-0.613194,0.670083,2.948841
1752677222828,-0.609318,0.667698,2.934367
1752677222846,-0.605296,0.665291,2.919444
1752677222851,-0.601657,0.663113,2.905940
1752677222856,-0.596862,0.659440,2.885988
1752677222887,-0.599991,0.662364,2.898703
1752677222891,-0.602823,0.665009,2.910209
1752677222897,-0.605385,0.667403,2.920620
1752677222919,-0.607703,0.669569,2.930041
1752677222923,-0.609801,0.671529,2.938566
1752677222995,-0.687219,0.764359,3.360736
1752677223058,-0.757273,0.848358,3.742747
1752677223118,-0.820663,0.924367,4.088419
1752677223171,-0.878023,0.993146,4.401209
1752677223214,-0.929927,1.055382,4.684246
1752677223245,-0.976893,1.111697,4.940358
1752677223267,-1.017774,1.163700,5.174469
1752677223271,-1.068833,1.225723,5.460774
1752677223276,-1.115035,1.281847,5.719844
1752677223283,-1.126521,1.299521,5.799619
1752677223287,-1.151750,1.332178,5.954517
1752677223296,-1.174578,1.361728,6.094681
1752677223306,-1.172100,1.364885,6.114005
1752677223319,-1.169858,1.367741,6.131490
1752677223329,-1.167829,1.370326,6.147313
1752677223345,-1.165993,1.372665,6.161630
1752677223349,-1.164332,1.374781,6.174585
1752677223353,-1.162829,1.376696,6.186308
1752677223360,-1.161469,1.378429,6.196916
1752677223379,-1.160238,1.379997,6.206514
1752677223384,-1.159124,1.381416,6.215200
1752677223391,-1.158116,1.382700,6.223059
1752677223413,-1.157204,1.383861,6.230171
1752677223417,-1.156379,1.384913,6.236607
1752677223422,-1.155632,1.385864,6.242430
1752677223447,-1.154957,1.386725,6.247699
1752677223462,-1.154345,1.387504,6.252467
1752677223468,-1.153792,1.388208,6.256781
1752677223502,-1.153291,1.388846,6.260685
1752677223506,-1.122787,1.354588,6.101533
1752677223511,-1.095184,1.323589,5.957521
1752677223523,-1.069149,1.294448,5.821394
1752677223528,-1.045590,1.268079,5.698216
1752677223533,-1.024272,1.244218,5.586755
1752677223552,-1.004982,1.222627,5.485898
1752677223556,-0.972815,1.186806,5.317702
1752677223563,-0.943707,1.154393,5.165506
1752677224267,-0.914027,1.120646,4.998116
1752677224294,-0.887170,1.090109,4.846649
1752677224321,-0.862869,1.062476,4.709590
1752677224346,-0.840879,1.037472,4.585569
1752677224367,-0.820980,1.014847,4.473346
1752677224385,-0.802975,0.994374,4.371798
1752677224403,-0.786682,0.975848,4.279909
1752677224421,-0.771939,0.959085,4.196762
1752677224439,-0.758599,0.943916,4.121523
1752677224454,-0.746528,0.930190,4.053442
1752677224469,-0.735604,0.917770,3.991837
1752677224481,-0.725720,0.906531,3.936092
1752677224485,-0.709703,0.888787,3.850465
1752677224759,-0.678591,0.860292,3.692986
1752677224900,-0.617960,0.795826,3.391185
1752677224928,-0.563095,0.737493,3.118093
1752677225050,-0.513450,0.684709,2.870979
1752677225055,-0.468527,0.636946,2.647372
1752677225060,-0.427878,0.593727,2.445035
1752677225078,-0.391095,0.554619,2.261945
1752677225082,-0.357812,0.519230,2.096272
1752677227973,-0.319843,0.475715,1.872504
1752677228025,-0.285486,0.436338,1.670022
1752677228056,-0.254397,0.400708,1.486801
1752677228079,-0.226266,0.368466,1.321009
1752677228101,-0.200810,0.339292,1.170988
1752677228118,-0.177776,0.312893,1.035238
1752677228125,-0.156934,0.289005,0.912401
1752677228134,-0.138073,0.267390,0.801248
1752677228148,-0.121007,0.247830,0.700670
1752677231668,-0.089610,0.219507,0.647463
1752677231695,-0.061198,0.193877,0.599317
1752677231722,-0.035490,0.170686,0.555751
1752677231748,-0.012227,0.149701,0.516329
1752677231774,0.008823,0.130712,0.480658
1752677231792,0.027871,0.113529,0.448379
1752677231808,0.045107,0.097981,0.419172
1752677231821,0.060703,0.083912,0.392742
1752677231831,0.074815,0.071181,0.368827
1752677231836,0.087586,0.059661,0.347186
1752677231839,0.099141,0.049237,0.327604
1752677233109,0.101107,0.043312,0.317150
1752677233133,0.102887,0.037951,0.307691
1752677233160,0.104497,0.033100,0.299131
1752677233179,0.105954,0.028710,0.291385
1752677233189,0.107272,0.024738,0.284376
1752677233199,0.108465,0.021144,0.278034
1752677233214,0.109545,0.017891,0.272296
1752677233228,0.110521,0.014949,0.267103
1752677233239,0.111405,0.012285,0.262404
1752677233244,0.112205,0.009876,0.258152
1752677233249,0.112929,0.007695,0.254304
1752677233258,0.113584,0.005722,0.250823
1752677233262,0.114176,0.003937,0.247673
1752677233293,0.109339,0.010649,0.157661
1752677233323,0.104961,0.016723,0.076211
1752677233351,0.101000,0.022220,0.002509
1752677233377,0.097416,0.027193,-0.064182
1752677233400,0.094173,0.031693,-0.124529
1752677233422,0.091238,0.035765,-0.179135
1752677233442,0.088583,0.039450,-0.228547
1752677233445,0.084207,0.041452,-0.126723
1752677233449,0.080248,0.043263,-0.034584
1752677233465,0.078638,0.046235,-0.097747
1752677233475,0.077181,0.048924,-0.154901
1752677233478,0.075863,0.051357,-0.206618
1752677233482,0.074670,0.053559,-0.253416
1752677234249,0.057989,0.066306,-0.115019
1752677234279,0.042894,0.077841,0.010214
1752677234307,0.029236,0.088278,0.123533
1752677234331,0.016877,0.097723,0.226073
1752677234358,0.005693,0.106269,0.318859
1752677234375,-0.004426,0.114002,0.402819
1752677234387,-0.013583,0.121000,0.478792
1752677234397,-0.021869,0.127331,0.547538
1752677234407,-0.029367,0.133061,0.609745
1752677234411,-0.036152,0.138246,0.666034
1752677234415,-0.042291,0.142937,0.716969
1752677234421,-0.047846,0.147182,0.763058
1752677234426,-0.052873,0.151023,0.804764
1752677234429,-0.057421,0.154499,0.842502
1752677234452,-0.059072,0.153242,0.854616
1752677234463,-0.060566,0.152105,0.865578
1752677234469,-0.061918,0.151076,0.875497
1752677234480,-0.063142,0.150145,0.884472
1752677234492,-0.064248,0.149302,0.892594
1752677234498,-0.065250,0.148540,0.899943
1752677234515,-0.066156,0.147850,0.906593
1752677234528,-0.066977,0.147225,0.912611
1752677234539,-0.067880,0.145301,0.915322
1752677234549,-0.068697,0.143560,0.917775
1752677234555,-0.069437,0.141985,0.919995
1752677234559,-0.070106,0.140560,0.922003
1752677234581,-0.070712,0.139270,0.923821
1752677234585,-0.071260,0.138103,0.925466
1752677234591,-0.071756,0.137046,0.926954
1752677234620,-0.071962,0.136227,0.928415
1752677234626,-0.072149,0.135486,0.929738
1752677234630,-0.072254,0.134802,0.930428
1752677234651,-0.072348,0.134184,0.931053
1752677234655,-0.072434,0.133625,0.931619
1752677234660,-0.072511,0.133118,0.932131
1752677234686,-0.074151,0.134167,0.944747
1752677234691,-0.075634,0.135116,0.956163
1752677234695,-0.076977,0.135975,0.966493
1752677234710,-0.077630,0.136626,0.971644
1752677234729,-0.078917,0.139268,0.984811
1752677234739,-0.080082,0.141657,0.996725
1752677234746,-0.081135,0.143820,1.007507
1752677234750,-0.082089,0.145777,1.017262
1752677234754,-0.082952,0.147547,1.026090
1752677234779,-0.081919,0.148548,1.020190
1752677234790,-0.083298,0.152984,1.037728
1752677234795,-0.084546,0.156998,1.053598
1752677234811,-0.085675,0.160629,1.067958
1752677234819,-0.086696,0.163916,1.080952
1752677235390,-0.086204,0.168459,1.094965
1752677235403,-0.085758,0.172570,1.107645
1752677235413,-0.085355,0.176290,1.119119
1752677235423,-0.084990,0.179656,1.129501
1752677235440,-0.084660,0.182701,1.138896
1752677235450,-0.084361,0.185458,1.147397
1752677235461,-0.084090,0.187951,1.155089
1752677235472,-0.083846,0.190208,1.162050
1752677235482,-0.083624,0.192250,1.168349
1752677235493,-0.083424,0.194098,1.174048
1752677235504,-0.083243,0.195770,1.179205
1752677235514,-0.083079,0.197283,1.183872
1752677235526,-0.082930,0.198652,1.188095
1752677235537,-0.082796,0.199891,1.191916
1752677235549,-0.082675,0.201012,1.195373
1752677235553,-0.082565,0.202026,1.198502
1752677235576,-0.085495,0.197127,1.212699
1752677235591,-0.088146,0.192694,1.225546
1752677235607,-0.090546,0.188683,1.237170
1752677235623,-0.092717,0.185054,1.247689
1752677235634,-0.094681,0.181770,1.257207
1752677235638,-0.092437,0.177571,1.230618
1752677235643,-0.090406,0.173771,1.206558
1752677235657,-0.088569,0.170333,1.184786
1752677235662,-0.086906,0.167223,1.165086
1752677235667,-0.089423,0.165634,1.182462
1752677235682,-0.091701,0.164197,1.198184
1752677235689,-0.093762,0.162897,1.212412
1752677235693,-0.091833,0.157780,1.190600
1752677235718,-0.092363,0.153662,1.193653
1752677235794,-0.076536,0.138049,1.110717
1752677235863,-0.062214,0.123922,1.035671
1752677235932,-0.049255,0.111138,0.967764
1752677235991,-0.037529,0.099571,0.906316
1752677236042,-0.026918,0.089104,0.850713
1752677236074,-0.017317,0.079632,0.800400
1752677236090,-0.008629,0.071062,0.754873
1752677236096,-0.000767,0.063306,0.713676
1752677244189,0.013982,0.051672,0.642996
1752677244220,0.027328,0.041144,0.579040
1752677244247,0.039404,0.031618,0.521167
1752677244272,0.050332,0.022998,0.468800
1752677244295,0.060220,0.015198,0.421414
1752677244317,0.069168,0.008140,0.378535
1752677244330,0.077264,0.001753,0.339736
1752677244334,0.084591,-0.004026,0.304627
1752677244338,0.091220,-0.009255,0.272858
1752677244347,0.097219,-0.013987,0.244111
1752677244350,0.102647,-0.018269,0.218098
1752677244354,0.107559,-0.022143,0.194560
1752677244687,0.106829,-0.024592,0.181625
1752677244700,0.106169,-0.026808,0.169921
1752677244704,0.105161,-0.028233,0.156478
1752677244719,0.104248,-0.029523,0.144314
1752677245512,0.097154,-0.027530,0.147975
1752677245533,0.090734,-0.025726,0.151287
1752677245550,0.084926,-0.024094,0.154285
1752677245568,0.079669,-0.022617,0.156997
1752677245582,0.074913,-0.021280,0.159451
1752677245595,0.070609,-0.020071,0.161672
1752677245610,0.066715,-0.018977,0.163682
1752677245621,0.063191,-0.017987,0.165500
1752677245632,0.060002,-0.017091,0.167146
1752677245643,0.057116,-0.016280,0.168635
1752677245650,0.054505,-0.015546,0.169982
1752677245657,0.052143,-0.014882,0.171201
1752677245661,0.050005,-0.014281,0.172304
1752677245666,0.048070,-0.013738,0.173302
1752677245679,0.046320,-0.013246,0.174206
1752677245684,0.044736,-0.012801,0.175023
1752677245706,0.045005,-0.008996,0.179842
1752677245728,0.045249,-0.005552,0.184202
1752677245750,0.045469,-0.002436,0.188148
1752677245771,0.045669,0.000383,0.191718
1752677245792,0.045849,0.002935,0.194949
1752677245810,0.046012,0.005243,0.197872
1752677245828,0.046160,0.007332,0.200517
1752677245842,0.046294,0.009222,0.202911
1752677245852,0.046415,0.010933,0.205077
1752677245857,0.046524,0.012481,0.207037
1752677245860,0.046623,0.013881,0.208810
1752677245868,0.046713,0.015148,0.210415
1752677245880,0.046794,0.016295,0.211867
1752677245904,0.048223,0.022922,0.122475
1752677245914,0.049517,0.028919,0.041587
1752677245976,0.050509,0.033790,-0.029866
1752677246037,0.051406,0.038198,-0.094523
1752677246090,0.052218,0.042186,-0.153029
1752677246135,0.052953,0.045795,-0.205969
1752677246172,0.053618,0.049061,-0.253874
1752677246190,0.054219,0.052016,-0.297221
1752677246194,0.054764,0.054690,-0.336446
1752677246201,0.055256,0.057109,-0.371938
1752677246547,0.055403,0.059795,-0.408223
1752677246660,0.055097,0.062935,-0.442832
1752677246694,0.054839,0.065806,-0.473715
1752677246727,0.054605,0.068403,-0.501661
1752677246734,0.054813,0.070014,-0.525606
1752677246755,0.054582,0.072212,-0.548616
1752677246771,0.054373,0.074200,-0.569436
1752677246787,0.054184,0.075999,-0.588277
1752677246805,0.054012,0.077627,-0.605325
1752677246822,0.053857,0.079100,-0.620751
1752677246837,0.053717,0.080433,-0.634710
1752677246853,0.053590,0.081639,-0.647341
1752677246860,0.053475,0.082731,-0.658771
1752677248040,0.052785,0.083461,-0.671065
1752677248148,0.052401,0.084298,-0.681567
1752677248179,0.052052,0.085056,-0.691069
1752677248205,0.051737,0.085742,-0.699668
1752677248228,0.051452,0.086362,-0.707449
1752677248249,0.051194,0.086924,-0.714489
1752677248267,0.050961,0.087432,-0.720860
1752677248270,0.050510,0.087714,-0.727248
1752677248282,0.050342,0.088147,-0.732405
1752677248297,0.050190,0.088539,-0.737072
1752677248300,0.050052,0.088894,-0.741294
1752677248313,0.050384,0.089409,-0.744001
1752677248326,0.050685,0.089876,-0.746450
1752677248339,0.050958,0.090298,-0.748667
1752677248351,0.051204,0.090680,-0.750672
1752677248362,0.051427,0.091026,-0.752487
1752677248366,0.051629,0.091339,-0.754129
1752677248369,0.051812,0.091622,-0.755615
1752677248379,0.051977,0.091878,-0.756959
1752677248382,0.052126,0.092110,-0.758176
1752677248386,0.052262,0.092319,-0.759277
1752677248413,0.052384,0.092509,-0.760273
1752677248417,0.052495,0.092727,-0.761345
1752677248445,0.052594,0.092924,-0.762315
1752677248449,0.052685,0.093102,-0.763192
1752677248477,0.052767,0.093264,-0.763986
1752677248481,0.053216,0.093318,-0.763311
1752677248485,0.053623,0.093368,-0.762700
1752677248511,0.053991,0.093412,-0.762146
1752677248555,0.054906,0.093079,-0.758673
1752677248594,0.055734,0.092777,-0.755530
1752677248630,0.056483,0.092504,-0.752686
1752677248662,0.057161,0.092256,-0.750112
1752677248666,0.057206,0.092500,-0.750648
1752677248680,0.057247,0.092721,-0.751133
1752677248687,0.057852,0.092453,-0.748707
1752677248690,0.058400,0.092211,-0.746512
1752677248719,0.058895,0.091991,-0.744526
1752677248734,0.056472,0.086700,-0.646623
1752677248752,0.057174,0.087170,-0.655545
1752677248756,0.057810,0.087595,-0.663619
1752677248780,0.058385,0.087979,-0.670924
1752677248788,0.058905,0.088327,-0.677534
1752677248812,0.059376,0.088641,-0.683516
1752677248819,0.057029,0.083804,-0.593766
1752677248827,0.054384,0.080069,-0.507054
1752677248848,0.051991,0.076690,-0.428590
1752677248853,0.049825,0.073633,-0.357590
1752677248857,0.047866,0.070866,-0.293344
1752677248882,0.046092,0.068362,-0.235209
1752677248888,0.044531,0.066134,-0.183567
1752677248895,0.043119,0.064119,-0.136837
1752677248913,0.041841,0.062295,-0.094553
1752677248929,0.040721,0.060672,-0.056846
1752677248948,0.039708,0.059204,-0.022727
1752677248954,0.038791,0.057876,0.008147
1752677248958,0.037962,0.056674,0.036085
1752677248988,0.037211,0.055586,0.061364
1752677248994,0.036539,0.054588,0.085380
1752677249015,0.035949,0.053722,0.105301
1752677249020,0.035414,0.052939,0.123327
1752677249045,0.034931,0.052230,0.139639
1752677249051,0.034494,0.051588,0.154398
1752677249078,0.034101,0.051011,0.167617
1752677249084,0.033747,0.050490,0.179578
1752677249117,0.033425,0.050017,0.190401
1752677249121,0.033135,0.049590,0.200194
1752677249144,0.032647,0.049622,0.213129
1752677249152,0.032205,0.049650,0.224833
1752677249178,0.031806,0.049676,0.235423
1752677249183,0.031444,0.049699,0.245007
1752677249212,0.031115,0.049717,0.253931
1752677249216,0.030817,0.049733,0.262005
1752677249220,0.030460,0.049979,0.270937
1752677249247,0.030137,0.050201,0.279019
1752677249265,0.029896,0.050430,0.286259
1752677249277,0.029677,0.050637,0.292811
1752677249307,0.033531,0.053375,0.198973
1752677249335,0.037019,0.055853,0.114061
1752677249361,0.040175,0.058095,0.037226
1752677249385,0.043031,0.060123,-0.032300
1752677249400,0.045615,0.061959,-0.095212
1752677249409,0.047953,0.063620,-0.152140
1752677249417,0.050069,0.065123,-0.203652
1752677249425,0.051983,0.066483,-0.250265
1752677249438,0.049641,0.064965,-0.193514
1752677249443,0.047520,0.063590,-0.142199
1752677249447,0.045601,0.062346,-0.095765
1752677249452,0.047935,0.063928,-0.152602
1752677249479,0.045966,0.062646,-0.104985
1752677249485,0.048265,0.064198,-0.160946
1752677249513,0.050345,0.065604,-0.211583
1752677249520,0.052209,0.066841,-0.256960
1752677249544,0.053895,0.067961,-0.298020
1752677249551,0.055441,0.069011,-0.335638
1752677249577,0.052693,0.067207,-0.270011
1752677249581,0.054305,0.068372,-0.310468
1752677249585,0.055764,0.069427,-0.347077
1752677249651,0.056689,0.070965,-0.382330
1752677249690,0.057526,0.072357,-0.414229
1752677249723,0.058283,0.073616,-0.443094
1752677249753,0.058969,0.074755,-0.469214
1752677249779,0.059589,0.075786,-0.492849
1752677249798,0.060150,0.076719,-0.514235
1752677249831,0.059210,0.078143,-0.538041
1752677249852,0.058360,0.079431,-0.559583
1752677249873,0.057590,0.080597,-0.579076
1752677249887,0.056894,0.081651,-0.596714
1752677249891,0.056264,0.082606,-0.612675
1752677249897,0.055694,0.083469,-0.627117
1752677249905,0.054436,0.084482,-0.642786
1752677249930,0.053074,0.085381,-0.656963
1752677249949,0.051841,0.086195,-0.669791
1752677249966,0.050725,0.086932,-0.681398
1752677249972,0.049716,0.087599,-0.691902
1752677249977,0.048803,0.088202,-0.701406
1752677249981,0.047976,0.088747,-0.710006
1752677249991,0.047228,0.089241,-0.717788
1752677250220,0.046295,0.089386,-0.725838
1752677250223,0.045450,0.089518,-0.733122
1752677251124,0.044236,0.089130,-0.741486
1752677251128,0.043138,0.088780,-0.749053
1752677251600,0.042284,0.088500,-0.755322
1752677251619,0.041512,0.088246,-0.760994
1752677251637,0.040813,0.088017,-0.766126
1752677251651,0.040180,0.087809,-0.770771
1752677251667,0.039608,0.087621,-0.774973
1752677251679,0.039090,0.087451,-0.778776
1752677251696,0.038622,0.087297,-0.782217
1752677251706,0.038198,0.087158,-0.785331
1752677251717,0.037814,0.087032,-0.788148
1752677251720,0.037467,0.086918,-0.790698
1752677251724,0.037153,0.086815,-0.793004
1752677251732,0.036868,0.086722,-0.795092
1752677251748,0.036611,0.086638,-0.796981
1752677251754,0.036378,0.086561,-0.798690
1752677251781,0.036113,0.087125,-0.799851
1752677251808,0.035874,0.087635,-0.800902
1752677251829,0.035657,0.088096,-0.801853
1752677251852,0.035460,0.088514,-0.802714
1752677251879,0.035283,0.088892,-0.803492
1752677251904,0.035122,0.089234,-0.804197
1752677251928,0.034976,0.089543,-0.804834
1752677251943,0.034845,0.089823,-0.805411
1752677251947,0.034726,0.090076,-0.805933
1752677252337,0.034482,0.088572,-0.809022
1752677252355,0.034261,0.087210,-0.811817
1752677252365,0.034061,0.085978,-0.814346
1752677252369,0.033881,0.084863,-0.816634
1752677252372,0.033717,0.083854,-0.818705
1752677252382,0.033569,0.082941,-0.820579
1752677252386,0.033435,0.082115,-0.822275
1752677252390,0.033314,0.081368,-0.823809
1752677252417,0.033205,0.080691,-0.825197
1752677252421,0.033105,0.080079,-0.826453
1752677252425,0.033016,0.079525,-0.827590
1752677252447,0.032934,0.079024,-0.828619
1752677252453,0.032861,0.078571,-0.829550
1752677254357,0.032637,0.080476,-0.828936
1752677254386,0.032435,0.082200,-0.828381
1752677254412,0.032252,0.083760,-0.827879
1752677254435,0.032086,0.085172,-0.827424
1752677254469,0.031937,0.086449,-0.827013
1752677254488,0.031801,0.087605,-0.826641
1752677254504,0.031678,0.088651,-0.826304
1752677254517,0.031567,0.089597,-0.825999
1752677254527,0.031467,0.090453,-0.825723
1752677254533,0.031376,0.091228,-0.825474
1752677254538,0.031294,0.091929,-0.825248
1752677254542,0.031219,0.092564,-0.825044
1752677254560,0.031152,0.093138,-0.824859
1752677254564,0.031080,0.093697,-0.824878
1752677254570,0.031015,0.094203,-0.824895
1752677254587,0.030696,0.094827,-0.825836
1752677254593,0.030407,0.095392,-0.826687
1752677254597,0.030146,0.095903,-0.827458
1752677254616,0.029909,0.096366,-0.828155
1752677254620,0.029660,0.096811,-0.829188
1752677254626,0.029435,0.097215,-0.830123
1752677254644,0.029231,0.097580,-0.830970
1752677254668,0.029094,0.097716,-0.831402
1752677254684,0.028970,0.097839,-0.831793
1752677254699,0.028858,0.097951,-0.832148
1752677254711,0.028756,0.098052,-0.832468
1752677254723,0.028664,0.098143,-0.832758
1752677254736,0.028581,0.098225,-0.833020
1752677254751,0.028505,0.098300,-0.833258
1752677254755,0.028437,0.098368,-0.833473
1752677254760,0.028376,0.098429,-0.833667
1752677254768,0.028320,0.098484,-0.833843
1752677254773,0.028269,0.098534,-0.834002
1752677255299,0.028908,0.097578,-0.831682
1752677255311,0.029485,0.096713,-0.829582
1752677255322,0.030008,0.095931,-0.827681
1752677255332,0.030481,0.095223,-0.825962
1752677255406,0.035024,0.094842,-0.812261
1752677255431,0.039135,0.094497,-0.799862
1752677255454,0.042855,0.094185,-0.788644
1752677255478,0.046221,0.093903,-0.778492
1752677255502,0.049267,0.093648,-0.769306
1752677255525,0.052023,0.093417,-0.760994
1752677255557,0.054517,0.093207,-0.753473
1752677255580,0.056774,0.093018,-0.746667
1752677255600,0.058816,0.092847,-0.740508
1752677255613,0.060664,0.092692,-0.734936
1752677255617,0.062336,0.092552,-0.729893
1752677255627,0.063849,0.092425,-0.725330
1752677255663,0.026956,0.101491,-0.512415
1752677255683,-0.006427,0.109695,-0.319754
1752677255706,-0.036635,0.117118,-0.145420
1752677255726,-0.063970,0.123836,0.012331
1752677255744,-0.088704,0.129914,0.155075
1752677255761,-0.111085,0.135414,0.284241
1752677255776,-0.131337,0.140391,0.401120
1752677255785,-0.149663,0.144894,0.506881
1752677255792,-0.166245,0.148969,0.602582
1752677255798,-0.181250,0.152657,0.689179
1752677255805,-0.194828,0.155993,0.767538
1752677255814,-0.207114,0.159013,0.838444
1752677255819,-0.218232,0.161745,0.902605
1752677257221,-0.208595,0.161657,0.739171
1752677257245,-0.199874,0.161577,0.591284
1752677257267,-0.191983,0.161505,0.457464
1752677257284,-0.184843,0.161440,0.336374
1752677257301,-0.178382,0.161381,0.226803
1752677257317,-0.172536,0.161328,0.127655
1752677257332,-0.167245,0.161280,0.037938
1752677257345,-0.162458,0.161236,-0.043245
1752677257355,-0.158127,0.161197,-0.116705
1752677257363,-0.154207,0.161161,-0.183177
1752677257373,-0.150660,0.161129,-0.243326
1752677257381,-0.147451,0.161099,-0.297753
1752677257389,-0.144547,0.161073,-0.347003
1752677257411,-0.141919,0.161049,-0.391568
1752677257419,-0.139541,0.161027,-0.431894
1752677257450,-0.137389,0.161007,-0.468384
1752677262154,-0.087220,0.142765,-0.428515
1752677262433,-0.041823,0.126258,-0.392438
1752677262522,0.004582,0.106780,-0.346316
1752677262537,0.046573,0.089155,-0.304580
1752677262551,0.084570,0.073206,-0.266815
1752677262567,0.118952,0.058775,-0.232642
1752677262588,0.150064,0.045716,-0.201720
1752677262603,0.178216,0.033900,-0.173740
1752677262619,0.203690,0.023208,-0.148421
1752677262633,0.226741,0.013532,-0.125510
1752677262650,0.247599,0.004777,-0.104779
1752677262665,0.266473,-0.003145,-0.086020
1752677262700,0.283552,-0.010313,-0.069046
1752677262715,0.299006,-0.016800,-0.053686
1752677262732,0.312990,-0.022669,-0.039787
1752677262743,0.325644,-0.027981,-0.027210
1752677262758,0.337094,-0.032787,-0.015830
1752677262765,0.347455,-0.037136,-0.005532
1752677262776,0.356830,-0.041071,0.003786
1752677262780,0.365314,-0.044631,0.012218
1752677263011,0.368512,-0.047664,0.019292
1752677263186,0.378164,-0.060893,0.061582
1752677263342,0.370328,-0.067680,0.086157
1752677263536,0.366101,-0.074966,0.111309
1752677263606,0.359413,-0.080414,0.131153
1752677263912,0.339051,-0.079972,0.139572
1752677263944,0.305962,-0.063048,0.180067
1752677263974,0.276021,-0.047735,0.216711
1752677263998,0.248927,-0.033879,0.249869
1752677264015,0.224411,-0.021340,0.279872
1752677264033,0.202228,-0.009994,0.307021
1752677264047,0.182154,0.000272,0.331588
1752677264061,0.163990,0.009562,0.353818
1752677264076,0.147553,0.017968,0.373934
1752677264080,0.132681,0.025575,0.392135
1752677265042,0.099365,0.042689,0.550391
1752677265062,0.069218,0.058174,0.693592
1752677265084,0.041939,0.072187,0.823171
1752677265101,0.017255,0.084867,0.940424
1752677265110,-0.005082,0.096341,1.046523
1752677265117,-0.025293,0.106723,1.142529
1752677265125,-0.043582,0.116118,1.229403
1752677265133,-0.060131,0.124619,1.308013
1752677265136,-0.076828,0.133252,1.395785
1752677265140,-0.091936,0.141064,1.475207
1752677265151,-0.105607,0.148133,1.547074
1752677265157,-0.117978,0.154529,1.612105
1752677265171,-0.129172,0.160317,1.670950
1752677265178,-0.139301,0.165555,1.724197
1752677265182,-0.148467,0.170294,1.772379
1752677265208,-0.156761,0.174582,1.815978
1752677265212,-0.164266,0.178463,1.855429
1752677265216,-0.171057,0.181974,1.891128
1752677265238,-0.177202,0.185151,1.923430
1752677265243,-0.186407,0.190291,1.990418
1752677265247,-0.194736,0.194941,2.051033
1752677265274,-0.202274,0.199149,2.105882
1752677265676,-0.201287,0.195601,2.098492
1752677265709,-0.179810,0.179466,1.940587
1752677265728,-0.160376,0.164866,1.797703
1752677265738,-0.142791,0.151654,1.668411
1752677265745,-0.126878,0.139700,1.551417
1752677265755,-0.112480,0.128882,1.445553
1752677265762,-0.099451,0.119094,1.349759
1752677265769,-0.087661,0.110237,1.263077
1752677265780,-0.076993,0.102222,1.184641
1752677265784,-0.063137,0.100466,1.008673
1752677265790,-0.054801,0.093380,0.954437
1752677265794,-0.047259,0.086969,0.905361
1752677265810,-0.040434,0.081168,0.860952
1752677265814,-0.034258,0.075918,0.820768
1752677265818,-0.024467,0.076664,0.679414
1752677265840,-0.019810,0.071843,0.656499
1752677265844,-0.011394,0.072976,0.530771
1752677265847,-0.003778,0.074002,0.417003
1752677265878,0.003113,0.074930,0.314057
1752677265883,0.005147,0.070274,0.325896
1752677265888,0.011189,0.071557,0.231617
1752677265911,0.016657,0.072718,0.146306
1752677266147,0.030364,0.066821,0.135294
1752677266388,0.042767,0.061484,0.125330
1752677271825,0.041208,0.064674,0.055274
1752677271850,0.039797,0.067561,-0.008118
1752677271871,0.038520,0.070173,-0.065479
1752677271890,0.037365,0.072537,-0.117384
1752677271909,0.036319,0.074675,-0.164352
1752677271926,0.035373,0.076611,-0.206852
1752677271941,0.034517,0.078362,-0.245309
1752677271954,0.033743,0.079947,-0.280108
1752677271964,0.033042,0.081380,-0.311596
1752677271975,0.032407,0.082678,-0.340090
1752677271991,0.031834,0.083852,-0.365873
1752677272005,0.031314,0.084914,-0.389203
1752677272009,0.030844,0.085876,-0.410314
1752677272013,0.030419,0.086745,-0.429417
1752677272536,0.032465,0.086831,-0.450364
1752677272543,0.034316,0.086908,-0.469318
1752677272562,0.035991,0.086978,-0.486469
1752677272581,0.037507,0.087041,-0.501989
1752677272614,0.038878,0.087098,-0.516033
1752677272622,0.040119,0.087150,-0.528741
1752677272647,0.041242,0.087196,-0.540239
1752677272681,0.042259,0.087239,-0.550644
1752677272711,0.043178,0.087277,-0.560060
1752677272716,0.044010,0.087312,-0.568579
1752677272738,0.044763,0.087343,-0.576288
1752677272786,0.049141,0.086817,-0.575604
1752677272831,0.053102,0.086340,-0.574985
1752677272868,0.056687,0.085909,-0.574425
1752677272904,0.059930,0.085519,-0.573918
1752677272933,0.062865,0.085166,-0.573459
1752677272956,0.065521,0.084847,-0.573044
1752677272973,0.067924,0.084558,-0.572668
1752677272983,0.070099,0.084297,-0.572328
1752677272990,0.072067,0.084060,-0.572020
1752677273003,0.073847,0.083846,-0.571742
1752677273726,0.112341,0.137545,-0.797539
1752677273740,0.147172,0.186136,-1.001857
1752677273743,0.178690,0.230105,-1.186739
1752677273754,0.207211,0.269892,-1.354035
1752677273767,0.233018,0.305894,-1.505416
1752677273780,0.256370,0.338471,-1.642397
1752677275470,-0.057043,0.603715,-0.198517
1752677275496,-0.340643,0.843728,1.108015
1752677275521,-0.597266,1.060910,2.290263
1752677275543,-0.829477,1.257433,3.360049
1752677275563,-1.039599,1.435261,4.328073
1752677275579,-1.229733,1.596173,5.204013
1752677275591,-1.401781,1.741779,5.996629
1752677275601,-1.557463,1.873534,6.713848
1752677275611,-1.698335,1.992755,7.362842
1752677275620,-1.825807,2.100636,7.950099
1752677275631,-1.941154,2.198255,8.481495
1752677275637,-2.045527,2.286587,8.962341
1752677275642,-2.139973,2.366518,9.397447
1752677275646,-2.225434,2.438844,9.791162
1752677275651,-2.302766,2.504291,10.147427
1752677275666,-2.372742,2.563512,10.469801
1752677277724,-2.141861,2.327070,9.525771
1752677277760,-1.932944,2.113119,8.671542
1752677277790,-1.743899,1.919521,7.898571
1752677277797,-1.572746,1.742224,7.076784
1752677277800,-1.417873,1.581792,6.333169
1752677277813,-1.277825,1.438736,5.782636
1752677277833,-1.151098,1.309288,5.284472
1752677277847,-1.036427,1.192154,4.833696
1752677277857,-0.932663,1.086162,4.425800
1752677277863,-0.838770,0.990253,4.056705
1752677277866,-0.753809,0.903467,3.722720
1752677277870,-0.676929,0.824936,3.420506
1752677277879,-0.607363,0.753876,3.147039
1752677277898,-0.547584,0.684179,2.928606
1752677277914,-0.493491,0.621111,2.730951
1752677277931,-0.444544,0.564043,2.552098
1752677277948,-0.400253,0.512404,2.390258
1752677277963,-0.360175,0.465676,2.243813
1752677277978,-0.323909,0.423394,2.111299
1752677277996,-0.291093,0.385134,1.991390
1752677278007,-0.261399,0.350513,1.882887
1752677278018,-0.234530,0.319186,1.784706
1752677278022,-0.210216,0.290838,1.695865
1752677278026,-0.188215,0.265187,1.615474
1752677278033,-0.168307,0.241976,1.542731
1752677278043,-0.150293,0.220973,1.476907
1752677278046,-0.133993,0.201968,1.417344
1752677279433,-0.121610,0.186539,1.398812
1752677279464,-0.110405,0.172577,1.382042
1752677279490,-0.100265,0.159943,1.366867
1752677279514,-0.084209,0.152036,1.174601
1752677279534,-0.069679,0.144881,1.000624
1752677279552,-0.063414,0.134882,1.021731
1752677279567,-0.050863,0.129359,0.862296
1752677279579,-0.039506,0.124361,0.718027
1752677279589,-0.036111,0.116314,0.766017
1752677279594,-0.033039,0.109032,0.809442
1752677279597,-0.030259,0.102443,0.848735
1752677279852,-0.025819,0.101514,0.853851
1752677280399,-0.020716,0.096968,0.841188
1752677280430,-0.016098,0.092854,0.829730
1752677280456,-0.011920,0.089131,0.819362
1752677280479,-0.008139,0.085762,0.809980
1752677280500,-0.004717,0.082714,0.801490
1752677280538,-0.001622,0.079956,0.793808
1752677280550,0.001180,0.077460,0.786857
1752677280559,0.003715,0.075201,0.780567
1752677280568,0.006009,0.073158,0.774876
1752677280571,0.008084,0.071309,0.769725
1752677280574,0.009962,0.069635,0.765065
1752677280582,0.011662,0.068121,0.760848
1752677280590,0.013200,0.066751,0.757032
1752677280598,0.014591,0.065511,0.753579
1752677281519,0.011178,0.064175,0.827191
1752677281556,0.009948,0.063527,0.857747
1752677281585,0.008835,0.062940,0.885396
1752677281607,0.007828,0.062409,0.910415
1752677281624,0.006917,0.061929,0.933054
1752677281645,0.006092,0.061494,0.953539
1752677281658,0.005346,0.061101,0.972076
1752677281668,0.004671,0.060745,0.988849
1752677281680,0.004060,0.060423,1.004027
1752677281684,0.003507,0.060132,1.017761
1752677281688,0.003007,0.059868,1.030188
1752677281701,0.002554,0.059629,1.041434
1752677281705,0.000312,0.061819,1.086650
1752677281711,-0.001717,0.063800,1.127565
1752677281718,-0.003553,0.065593,1.164587
1752677281734,-0.005215,0.067215,1.198089
1752677281738,-0.005240,0.068744,1.202348
1752677281743,-0.005264,0.070127,1.206202
1752677281762,-0.005285,0.071379,1.209689
1752677281772,-0.005304,0.072511,1.212845
1752677281777,0.001737,0.072420,1.034773
1752677281796,0.008109,0.072336,0.873641
1752677281804,0.006816,0.073378,0.908763
1752677281808,0.012705,0.073204,0.759617
1752677281830,0.010417,0.074984,0.815947
1752677281838,0.008348,0.076595,0.866918
1752677281843,0.006475,0.078052,0.913040
1752677281863,0.004781,0.079371,0.954775
1752677281872,0.003895,0.080487,0.979508
1752677281877,0.003093,0.081496,1.001888
1752677281895,0.002154,0.082972,1.028104
1752677281903,0.001304,0.084308,1.051825
1752677281907,0.000535,0.085517,1.073290
1752677281930,-0.000161,0.086610,1.092713
1752677281946,-0.000790,0.087600,1.110289
1752677281951,-0.001180,0.088491,1.123426
1752677281964,-0.001533,0.089298,1.135314
1752677281986,-0.001634,0.090018,1.142577
1752677281990,-0.001725,0.090669,1.149149
1752677281997,-0.001676,0.091113,1.153269
1752677282005,-0.001632,0.091514,1.156997
1752677282010,-0.001591,0.091878,1.160370
1752677282033,-0.001575,0.092273,1.164086
1752677282040,-0.001475,0.092658,1.167063
1752677282044,-0.001384,0.093007,1.169758
1752677282064,-0.001548,0.093792,1.177307
1752677282069,-0.001731,0.094545,1.185894
1752677282076,-0.001898,0.095227,1.193665
1752677282098,-0.001978,0.095853,1.200480
1752677282103,-0.002051,0.096420,1.206648
1752677282107,-0.002117,0.096933,1.212228
1752677282132,-0.002164,0.097305,1.216418
1752677282137,-0.002155,0.097639,1.219419
1752677282149,-0.002147,0.097941,1.222135
1752677282181,-0.001994,0.097856,1.220834
1752677282188,-0.001856,0.097778,1.219656
1752677282193,-0.001838,0.097729,1.220834
1752677282200,-0.001822,0.097685,1.221900
1752677282211,-0.001851,0.097682,1.224658
1752677282215,-0.001877,0.097679,1.227153
1752677282232,-0.001992,0.097694,1.229957
1752677282245,0.004713,0.095051,1.050174
1752677282251,0.010779,0.092660,0.887493
1752677282273,0.016242,0.090486,0.740216
1752677282277,0.014496,0.091292,0.789903
1752677282282,0.012794,0.092051,0.837522
1752677282300,0.011272,0.092547,0.878816
1752677282305,0.009867,0.092998,0.916634
1752677282310,0.008597,0.093406,0.950855
1752677282332,0.007447,0.093775,0.981821
1752677282339,0.006406,0.094108,1.009841
1752677282346,0.005493,0.094369,1.033468
1752677282366,0.004490,0.094670,1.056182
1752677282370,0.003526,0.094879,1.075622
1752677282379,0.002653,0.095068,1.093214
1752677282398,0.001795,0.095213,1.109185
1752677282404,0.000968,0.095299,1.123009
1752677282408,0.000219,0.095378,1.135518
1752677282431,-0.000458,0.095449,1.146837
1752677282438,-0.001253,0.095548,1.160824
1752677282443,-0.001972,0.095639,1.173481
1752677282462,0.004788,0.093243,0.999220
1752677282471,0.003431,0.093374,1.025911
1752677282475,0.009676,0.091187,0.865696
1752677282495,0.007642,0.091720,0.907874
1752677282510,0.006026,0.092167,0.941785
1752677282515,0.004564,0.092572,0.972470
1752677282520,0.003241,0.092938,1.000236
1752677282530,0.001923,0.093597,1.028796
1752677282536,0.000331,0.094234,1.061262
1752677282543,-0.001109,0.094811,1.090640
1752677282548,-0.002412,0.095333,1.117223
1752677282563,-0.003589,0.095603,1.139423
1752677282572,-0.004653,0.095848,1.159511
1752677282576,-0.005616,0.096069,1.177688
1752677282581,-0.006488,0.096269,1.194136
1752677282597,-0.007056,0.096031,1.204215
1752677282607,-0.007727,0.095802,1.215214
1752677282611,-0.008333,0.095594,1.225166
1752677282616,-0.008882,0.095407,1.234171
1752677282631,-0.009246,0.094839,1.238046
1752677282638,-0.009799,0.094310,1.244543
1752677282642,-0.010300,0.093831,1.250421
1752677282647,-0.010753,0.093397,1.255741
1752677282664,-0.011162,0.093005,1.260554
1752677282671,-0.011751,0.092686,1.269531
1752677282675,-0.012283,0.092396,1.277653
1752677282695,-0.012061,0.091326,1.274090
1752677282705,-0.012192,0.090302,1.274891
1752677282709,-0.012311,0.089375,1.275615
1752677282734,-0.012185,0.088051,1.270450
1752677282741,-0.012535,0.086774,1.272143
1752677282745,-0.012852,0.085619,1.273675
1752677282765,-0.012379,0.083542,1.261044
1752677282771,-0.004557,0.082633,1.078611
1752677282774,-0.005265,0.080740,1.090128
1752677282796,0.001909,0.080331,0.924041
1752677282802,0.008400,0.079960,0.773752
1752677282813,0.014274,0.079625,0.637760
1752677282901,0.019734,0.080579,0.515607
1752677282952,0.024674,0.081442,0.405073
1752677283065,0.029097,0.081878,0.304565
1752677283091,0.033147,0.082617,0.214106
1752677283100,0.036789,0.083284,0.132769
1752677284165,0.035324,0.076872,0.213647
1752677284194,0.033999,0.071069,0.286831
1752677284226,0.032800,0.065819,0.353054
1752677284251,0.031715,0.061068,0.412977
1752677284281,0.030734,0.056769,0.467200
1752677284295,0.029845,0.052879,0.516265
1752677284299,0.029042,0.049358,0.560663
1752677284303,0.028314,0.046173,0.600838
1752677284310,0.027656,0.043291,0.637190
1752677284313,0.027061,0.040683,0.670085
1752677284332,0.027269,0.042729,0.679097
1752677284349,0.027458,0.044581,0.687252
1752677284364,0.027630,0.046257,0.694632
1752677284380,0.027784,0.047773,0.701309
1752677284391,0.027924,0.049145,0.707351
1752677284406,0.028051,0.050386,0.712818
1752677284418,0.028166,0.051510,0.717765
1752677284431,0.028270,0.052526,0.722242
1752677284444,0.028363,0.053446,0.726293
1752677284451,0.028448,0.054279,0.729958
1752677284456,0.028525,0.055032,0.733275
1752677284462,0.028595,0.055713,0.736276
1752677284477,0.028252,0.057870,0.744132
1752677284490,0.027942,0.059821,0.751241
1752677284500,0.027661,0.061586,0.757673
1752677284508,0.027407,0.063184,0.763494
1752677284516,0.027178,0.064629,0.768761
1752677284527,0.026970,0.065937,0.773527
1752677284538,0.026781,0.067121,0.777839
1752677284561,0.026611,0.068192,0.781741
1752677284567,0.026457,0.069161,0.785272
1752677285480,0.026682,0.068601,0.783664
1752677285508,0.026885,0.068095,0.782208
1752677285534,0.027069,0.067636,0.780891
1752677285557,0.030799,0.068262,0.642285
1752677285577,0.030611,0.067787,0.654278
1752677285594,0.030440,0.067358,0.665130
1752677285610,0.033849,0.068010,0.537535
1752677285622,0.033371,0.067559,0.559493
1752677285631,0.036501,0.068192,0.441947
1752677285634,0.035770,0.067724,0.472997
1752677285638,0.035109,0.067301,0.501094
1752677285648,0.034511,0.066918,0.526517
1752677285653,0.037532,0.067612,0.412108
1752677285658,0.036704,0.067199,0.445997
1752677285675,0.035954,0.066826,0.476662
1752677285679,0.035275,0.066488,0.504410
1752677285689,0.034217,0.066004,0.537922
1752677285712,0.034188,0.063931,0.549097
1752677285716,0.034161,0.062055,0.559208
1752677285720,0.037202,0.063578,0.442006
1752677285730,0.039953,0.064956,0.335952
1752677285738,0.039419,0.062975,0.368015
1752677285744,0.038936,0.061183,0.397029
1752677285767,0.038631,0.059768,0.424688
1752677285771,0.041174,0.061480,0.320080
1752677285780,0.043476,0.063030,0.225423
1752677285805,0.045558,0.064432,0.139770
1752677285811,0.044623,0.062708,0.191900
1752677285818,0.043777,0.061148,0.239071
1752677285833,0.043012,0.059736,0.281755
1752677285841,0.042515,0.058554,0.319975
1752677285847,0.042066,0.057484,0.354559
1752677285873,0.044237,0.059263,0.256681
1752677285878,0.046201,0.060873,0.168114
1752677285883,0.045221,0.060277,0.224490
1752677285905,0.044484,0.060371,0.279990
1752677285909,0.046365,0.061753,0.189124
1752677285913,0.048067,0.063002,0.106901
1752677285942,0.049607,0.064133,0.032499
1752677285946,0.048615,0.063942,0.104120
1752677285953,0.050103,0.064984,0.029983
1752677286526,0.050185,0.060132,0.081003
1752677286538,0.050259,0.055742,0.127170
1752677286547,0.050326,0.051769,0.168946
1752677286552,0.050387,0.048175,0.206747
1752677286560,0.050442,0.044922,0.240953
1752677286566,0.050491,0.041979,0.271905
1752677286573,0.050536,0.039315,0.299912
1752677286576,0.051700,0.043726,0.207003
1752677286581,0.051630,0.040896,0.241185
1752677286593,0.051566,0.038336,0.272115
1752677286604,0.052632,0.042840,0.181850
1752677286607,0.053596,0.046915,0.100172
1752677286626,0.053346,0.043782,0.144515
1752677286637,0.054242,0.047768,0.066388
1752677286642,0.055053,0.051375,-0.004307
1752677286688,0.054897,0.046998,0.039739
1752677286705,0.054755,0.043037,0.079595
1752677286727,0.054626,0.039453,0.115660
1752677286743,0.054510,0.036210,0.148294
1752677286760,0.054405,0.033275,0.177824
1752677286777,0.054310,0.030620,0.204545
1752677286794,0.054224,0.028217,0.228724
1752677286807,0.054146,0.026043,0.250603
1752677286818,0.054076,0.024076,0.270400
1752677286822,0.054012,0.022295,0.288315
1752677286828,0.053954,0.020684,0.304525
1752677286836,0.053902,0.019227,0.319193
1752677286842,0.053855,0.017908,0.332466
1752677286869,0.053586,0.020650,0.355198
1752677286897,0.053343,0.023132,0.375767
1752677286921,0.054191,0.028400,0.274994
1752677286945,0.053891,0.030145,0.303193
1752677286961,0.053619,0.031723,0.328709
1752677286975,0.054441,0.036174,0.232413
1752677286981,0.054117,0.037179,0.264662
1752677286985,0.053823,0.038088,0.293843
1752677287414,0.053331,0.034555,0.305691
1752677287427,0.052886,0.031358,0.316411
1752677287436,0.052483,0.028466,0.326112
1752677287447,0.052118,0.025848,0.334889
1752677287457,0.051789,0.023479,0.342832
1752677287467,0.051490,0.021336,0.350020
1752677287471,0.051220,0.019396,0.356523
1752677287475,0.050976,0.017641,0.362408
1752677287481,0.050754,0.016053,0.367733
1752677287485,0.050554,0.014616,0.372552
1752677287498,0.050373,0.013316,0.376912
1752677287505,0.050209,0.012139,0.380857
1752677287510,0.050061,0.011075,0.384428
1752677287539,0.049927,0.010111,0.387658
1752677287544,0.049805,0.009240,0.390581
1752677287548,0.049696,0.008451,0.393227
1752677287574,0.049596,0.007737,0.395620
1752677287628,0.049037,0.012865,0.425436
1752677287667,0.048531,0.017504,0.452415
1752677287701,0.048073,0.021703,0.476828
1752677287734,0.047658,0.025502,0.498919
1752677287764,0.047283,0.028940,0.518908
1752677287800,0.046944,0.032051,0.536996
1752677287805,0.045194,0.031339,0.561999
1752677287808,0.043610,0.030696,0.584623
1752677287819,0.043620,0.033640,0.596460
1752677287823,0.043629,0.036303,0.607171
1752677287827,0.043637,0.038714,0.616863
1752677288599,0.045578,0.042385,0.492704
1752677288629,0.047334,0.045708,0.380356
1752677288657,0.048923,0.048714,0.278695
1752677288681,0.050361,0.051435,0.186704
1752677288703,0.051662,0.053896,0.103464
1752677288729,0.052839,0.056124,0.028143
1752677288754,0.053905,0.058139,-0.040014
1752677288768,0.054869,0.059963,-0.101687
1752677288779,0.055741,0.061614,-0.157494
1752677288785,0.056530,0.063107,-0.207992
1752677288791,0.057244,0.064458,-0.253686
1752677289371,0.055447,0.062781,-0.163272
1752677289441,0.056450,0.065888,-0.212958
1752677289470,0.057357,0.068699,-0.257919
1752677289497,0.058179,0.071243,-0.298602
1752677289522,0.058922,0.073545,-0.335416
1752677289546,0.059594,0.075628,-0.368727
1752677289567,0.057899,0.067218,-0.291358
1752677289587,0.058669,0.069903,-0.328861
1752677289592,0.056736,0.067708,-0.231295
1752677289604,0.057616,0.070346,-0.274511
1752677289618,0.058413,0.072733,-0.313616
1752677289622,0.056830,0.064599,-0.241489
1752677289627,0.055398,0.057238,-0.176224
1752677289632,0.056406,0.060872,-0.224679
1752677289637,0.057317,0.064161,-0.268524
1752677289940,0.056323,0.055633,-0.212110
1752677289945,0.055424,0.047917,-0.161062
1752677290632,0.056922,0.053080,-0.101697
1752677290638,0.058279,0.057752,-0.047979
1752677291265,0.058140,0.059005,0.002535
1752677291296,0.058014,0.060139,0.048244
1752677291331,0.057901,0.061165,0.089605
1752677291355,0.057798,0.062093,0.127031
1752677291382,0.057705,0.062933,0.160897
1752677291398,0.057621,0.063693,0.191542
1752677291407,0.057545,0.064381,0.219271
1752677291413,0.057476,0.065003,0.244363
1752677291417,0.057414,0.065567,0.267068
1752677291424,0.057357,0.066076,0.287613
1752677291869,0.058056,0.071039,0.323013
1752677291893,0.058689,0.075530,0.355046
1752677291914,0.059261,0.079594,0.384032
1752677291930,0.059779,0.083271,0.410261
1752677291942,0.060248,0.086598,0.433994
1752677291955,0.060672,0.089609,0.455470
1752677291970,0.061056,0.092333,0.474903
1752677291985,0.061403,0.094799,0.492487
1752677291996,0.061717,0.097029,0.508399
1752677291999,0.062001,0.099048,0.522797
1752677292018,0.059316,0.092205,0.533565
1752677292037,0.056885,0.086013,0.543307
1752677292057,0.054686,0.080410,0.552124
1752677292076,0.052696,0.075340,0.560101
1752677292094,0.050896,0.070753,0.567320
1752677292107,0.049266,0.066602,0.573852
1752677292120,0.047792,0.062845,0.579763
1752677292134,0.046458,0.059446,0.585111
1752677292148,0.045251,0.056371,0.589951
1752677292152,0.044158,0.053587,0.594330
1752677292156,0.043170,0.051069,0.598292
1752677292162,0.042276,0.048790,0.601878
1752677292167,0.041466,0.046728,0.605123
1752677292173,0.040734,0.044862,0.608059
1752677293291,0.040406,0.045694,0.609692
1752677293313,0.040110,0.046447,0.611170
1752677293333,0.039842,0.047128,0.612507
1752677293354,0.039600,0.047745,0.613717
1752677293374,0.039380,0.048302,0.614812
1752677293392,0.039182,0.048807,0.615803
1752677293408,0.039002,0.049264,0.616700
1752677293427,0.038839,0.049677,0.617511
1752677293436,0.038692,0.050051,0.618245
1752677293446,0.038559,0.050389,0.618909
1752677293459,0.038438,0.050695,0.619510
1752677293469,0.038329,0.050972,0.620054
1752677293473,0.038231,0.051223,0.620546
1752677293476,0.038141,0.051450,0.620992
1752677293485,0.038061,0.051655,0.621395
1752677293489,0.037988,0.051841,0.621759
1752677294827,0.037293,0.055266,0.631758
1752677294857,0.036665,0.058364,0.640805
1752677294884,0.036097,0.061169,0.648991
1752677294908,0.035583,0.063706,0.656399
1752677294925,0.035118,0.066002,0.663102
1752677294943,0.034696,0.068079,0.669168
1752677294959,0.034315,0.069959,0.674656
1752677294974,0.033971,0.071660,0.679623
1752677294983,0.033659,0.073200,0.684117
1752677294986,0.033376,0.074593,0.688183
1752677295000,0.036968,0.074851,0.558895
1752677295013,0.040217,0.075085,0.441905
1752677295026,0.043158,0.075297,0.336044
1752677295039,0.045819,0.075489,0.240253
1752677295048,0.048227,0.075662,0.153574
1752677295053,0.050405,0.075819,0.075140
1752677295056,0.052377,0.075961,0.004167
1752677295059,0.054161,0.076089,-0.060054
1752677295069,0.055775,0.076206,-0.118166
1752677295073,0.057236,0.076311,-0.170751
1752677295076,0.058557,0.076406,-0.218333
1752677295091,0.059753,0.076492,-0.261389
1752677295222,0.060658,0.076974,-0.300578
1752677295270,0.061477,0.077411,-0.336039
1752677295320,0.062217,0.077805,-0.368126
1752677295372,0.062888,0.078163,-0.397162
1752677295419,0.063494,0.078486,-0.423435
1752677295457,0.064043,0.078778,-0.447209
1752677295483,0.064540,0.079043,-0.468722
1752677295490,0.061459,0.074812,-0.375115
1752677295496,0.062025,0.075470,-0.404018
1752677295502,0.062537,0.076066,-0.430172
1752677295505,0.059564,0.070336,-0.335688
1752677295510,0.056873,0.065151,-0.250192
1752677295516,0.054439,0.060459,-0.172828
1752677295525,0.052236,0.056214,-0.102823
1752677295537,0.050243,0.052372,-0.039478
1752677295541,0.048439,0.048896,0.017841
1752677295840,0.046660,0.042944,0.072129
1752677295887,0.045050,0.037558,0.121253
1752677295921,0.043594,0.032685,0.165703
1752677295948,0.042275,0.028275,0.205926
1752677295967,0.041083,0.024284,0.242322
1752677295979,0.040003,0.020673,0.275256
1752677295983,0.039027,0.017406,0.305057
1752677296427,0.040610,0.016782,0.330869
1752677296449,0.042636,0.023384,0.235213
1752677296469,0.043876,0.022191,0.267669
1752677296487,0.044997,0.021111,0.297038
1752677296504,0.046012,0.020135,0.323612
1752677296522,0.047525,0.026417,0.228647
1752677296537,0.048300,0.024936,0.261727
1752677296550,0.049000,0.023595,0.291661
1752677296560,0.049635,0.022382,0.318747
1752677296564,0.050803,0.028451,0.224244
1752677296567,0.051860,0.033943,0.138731
1752677296576,0.052816,0.038912,0.061352
1752677296580,0.053087,0.036242,0.110347
1752677296583,0.053333,0.033826,0.154681
1752677296595,0.053555,0.031640,0.194797
1752677296615,0.054225,0.032810,0.236982
1752677296632,0.054832,0.033870,0.275153
1752677296649,0.055381,0.034828,0.309694
1752677296668,0.055877,0.035696,0.340949
1752677296685,0.056327,0.036481,0.369231
1752677296701,0.056733,0.037191,0.394823
1752677296715,0.057101,0.037833,0.417980
1752677296725,0.057434,0.038415,0.438934
1752677296736,0.057736,0.038941,0.457895
1752677296739,0.058008,0.039417,0.475053
1752677296745,0.058255,0.039848,0.490578
1752677296753,0.058478,0.040238,0.504626
1752677296756,0.058680,0.040591,0.517339
1752677296768,0.058538,0.042103,0.542558
1752677296772,0.058409,0.043472,0.565379
1752677296776,0.058292,0.044710,0.586028
1752677296789,0.058187,0.045831,0.604714
1752677296804,0.058273,0.046981,0.617980
1752677296809,0.058351,0.048021,0.629985
1752677296849,0.058441,0.050409,0.505485
1752677296854,0.058522,0.052569,0.392828
1752677296861,0.058596,0.054525,0.290888
1752677296867,0.058725,0.056269,0.198816
1752677296876,0.059078,0.057871,0.254178
1752677296889,0.059397,0.059321,0.304274
1752677296894,0.059686,0.060633,0.349605
1752677296905,0.059948,0.061820,0.390623
1752677296911,0.060184,0.062894,0.427740
1752677296932,0.060217,0.063886,0.322734
1752677296939,0.060246,0.064783,0.227716
1752677296944,0.060270,0.065582,0.141773
1752677296963,0.060117,0.066353,0.205667
1752677296971,0.060179,0.066964,0.121900
1752677296979,0.060234,0.067517,0.046101
1752677296998,0.060285,0.068017,-0.022487
1752677297004,0.060331,0.068470,-0.084551
1752677297013,0.060390,0.068941,-0.140613
1752677297026,0.060443,0.069367,-0.191341
1752677297041,0.060492,0.069758,-0.237264
1752677297046,0.060537,0.070112,-0.278818
1752677297059,0.060659,0.070473,-0.316210
1752677297072,0.059943,0.069834,-0.206432
1752677297076,0.060121,0.070221,-0.250710
1752677297098,0.059598,0.069085,-0.153027
1752677297106,0.059124,0.068056,-0.064636
1752677297111,0.058786,0.067164,0.015393
1752677297134,0.059064,0.067962,-0.050004
1752677297141,0.059316,0.068703,-0.109186
1752677297149,0.058779,0.067314,-0.022469
1752677297172,0.058090,0.064672,0.048454
1752677297181,0.057467,0.062281,0.112630
1752677297188,0.056903,0.060118,0.170702
1752677297845,0.054481,0.054779,0.226943
1752677297922,0.052955,0.052176,0.283219
1752677298023,0.051711,0.051182,0.336220
1752677298052,0.050585,0.050282,0.384179
1752677298081,0.049567,0.049467,0.427577
1752677298111,0.048645,0.048730,0.466846
1752677298138,0.047811,0.048063,0.502379
1752677298177,0.047056,0.047460,0.534533
1752677298181,0.046236,0.045554,0.561549
1752677298205,0.045632,0.045189,0.588074
1752677298215,0.045084,0.044859,0.612076
1752677298219,0.044589,0.044561,0.633795
1752677298235,0.044455,0.045317,0.653350
1752677298255,0.044334,0.046001,0.671045
1752677298267,0.044225,0.046620,0.687056
1752677298279,0.044125,0.047181,0.701545
1752677298290,0.044036,0.047688,0.714655
1752677298301,0.043955,0.048146,0.726519
1752677298312,0.043881,0.048561,0.737253
1752677298320,0.043815,0.048937,0.746967
1752677298327,0.043755,0.049277,0.755756
1752677298331,0.043700,0.049585,0.763710
1752677298336,0.043651,0.049863,0.770907
1752677298343,0.043422,0.050763,0.785169
1752677298347,0.045336,0.052996,0.646928
1752677298368,0.044946,0.053598,0.672983
1752677298374,0.044625,0.054168,0.693379
1752677298380,0.046424,0.056077,0.563869
1752677298403,0.048052,0.057804,0.446679
1752677298413,0.047436,0.057974,0.488602
1752677298417,0.046878,0.058127,0.526537
1752677298429,0.048410,0.059524,0.412723
1752677298439,0.047755,0.060472,0.462394
1752677298447,0.049205,0.061645,0.354682
1752677298459,0.050516,0.062708,0.257215
1752677298481,0.049661,0.063352,0.321679
1752677298489,0.048887,0.063936,0.380011
1752677298495,0.048183,0.064456,0.432741
1752677298508,0.047546,0.064928,0.480456
1752677298515,0.046970,0.065354,0.523631
1752677298529,0.046448,0.065739,0.562699
1752677298538,0.045976,0.066088,0.598051
1752677298546,0.045597,0.066413,0.626707
1752677298601,0.047145,0.066767,0.502885
1752677298632,0.048545,0.067088,0.390841
1752677298663,0.049812,0.067378,0.289455
1752677298700,0.050959,0.067641,0.197714
1752677298730,0.051997,0.067879,0.114700
1752677298734,0.052958,0.068106,0.039642
1752677298742,0.052017,0.070807,0.138870
1752677298749,0.053016,0.070624,0.061539
1752677298757,0.053830,0.070479,-0.008679
1752677298777,0.054478,0.070310,-0.072455
1752677298785,0.055062,0.070132,-0.130228
1752677298796,0.055590,0.069971,-0.182505
1752677298801,0.056068,0.069825,-0.229809
1752677300862,0.011464,0.070630,0.062226
1752677300890,-0.028897,0.071357,0.326481
1752677300915,-0.065418,0.072016,0.565598
1752677300936,-0.098465,0.072612,0.781969
1752677300957,-0.128369,0.073151,0.977759
1752677300975,-0.155428,0.073639,1.154923
1752677300994,-0.179913,0.074080,1.315235
1752677301006,-0.202069,0.074480,1.460298
1752677301018,-0.222118,0.074841,1.591561
1752677301022,-0.240259,0.075169,1.710338
1752677301026,-0.256675,0.075465,1.817816
1752677301046,-0.223138,0.076250,1.587041
1752677301060,-0.192792,0.076961,1.378218
1752677301074,-0.165333,0.077605,1.189260
1752677301090,-0.140485,0.078187,1.018277
1752677301100,-0.118002,0.078713,0.863558
1752677301111,-0.097656,0.079190,0.723557
1752677301123,-0.079247,0.079621,0.596873
1752677301134,-0.062588,0.080012,0.482240
1752677301138,-0.047514,0.080365,0.378512
1752677303694,-0.066489,0.069647,0.357912
1752677303716,-0.083658,0.059948,0.339271
1752677303746,-0.099194,0.051172,0.322404
1752677303764,-0.113253,0.043231,0.307141
1752677303780,-0.125974,0.036045,0.293330
1752677303800,-0.137484,0.029543,0.280833
1752677303816,-0.147900,0.023659,0.269525
1752677303827,-0.157325,0.018335,0.259292
1752677303834,-0.165854,0.013518,0.250033
1752677304770,-0.136445,0.017054,0.163863
1752677304796,-0.109834,0.020254,0.085891
1752677304820,-0.085754,0.023149,0.015336
1752677304841,-0.063965,0.025769,-0.048508
1752677304860,-0.044249,0.028139,-0.106279
1752677304880,-0.026408,0.030285,-0.158554
1752677304893,-0.010264,0.032226,-0.205856
1752677304906,0.004344,0.033982,-0.248659
1752677304918,0.017563,0.035571,-0.287390
1752677304928,0.029524,0.037010,-0.322437
1752677304938,0.040347,0.038311,-0.354150
1752677304945,0.050141,0.039489,-0.382847
1752677304951,0.059003,0.040554,-0.408813
1752677313275,0.121079,-0.133441,-0.729220
1752677313297,0.177250,-0.290886,-1.019148
1752677313319,0.228078,-0.433353,-1.281496
1752677313340,0.274071,-0.562269,-1.518889
1752677313362,0.315688,-0.678921,-1.733700
1752677313380,0.353347,-0.784477,-1.928077
1752677313398,0.387423,-0.879991,-2.103963
1752677313410,0.418258,-0.966420,-2.263119
1752677313420,0.446160,-1.044628,-2.407135
1752677313429,0.471408,-1.115395,-2.537452
1752677313439,0.494254,-1.179432,-2.655372
1752677313454,0.514927,-1.237376,-2.762074
1752677313470,0.533633,-1.289809,-2.858627
1752677313479,0.550560,-1.337254,-2.945996
1752677319791,0.511424,-1.110310,-2.543046
1752677319874,0.475100,-0.911188,-2.189077
1752677319902,0.442231,-0.731008,-1.868780
1752677319926,0.412490,-0.567968,-1.578951
1752677319948,0.385577,-0.420437,-1.316692
1752677319951,0.362135,-0.280705,-1.068729
1752677319955,0.340923,-0.154265,-0.844354
1752677319965,0.321728,-0.039852,-0.641322
1752677319968,0.304360,0.063677,-0.457604
1752677319981,0.287733,0.151123,-0.302013
1752677320003,0.272688,0.230251,-0.161222
1752677320010,0.259074,0.301851,-0.033825
1752677320034,0.246755,0.366641,0.081454
1752677320045,0.235608,0.425268,0.185768
1752677320074,0.225521,0.478317,0.280158
1752677320080,0.216394,0.526321,0.365569
1752677320102,0.208134,0.569758,0.442856
1752677320108,0.200401,0.609871,0.513948
1752677320114,0.193402,0.646169,0.578276
1752677320135,0.187043,0.678576,0.635676
1752677320139,0.181246,0.705553,0.683939
1752677320169,0.176000,0.729964,0.727611
1752677320173,0.171253,0.752054,0.767129
1752677320200,0.166704,0.782988,0.822954
1752677320207,0.162587,0.810980,0.873468
1752677320230,0.158861,0.836309,0.919177
1752677320234,0.155491,0.858662,0.959639
1752677320267,0.152085,0.868748,0.977480
1752677320271,0.148948,0.876123,0.990867
1752677320300,0.146457,0.882291,1.002143
1752677320307,0.144011,0.889062,1.014127
1752677320330,0.141798,0.895189,1.024970
1752677320343,0.139796,0.900734,1.034782
1752677320368,0.137560,0.906670,1.045233
1752677320377,0.135344,0.911468,1.053720
1752677320407,0.133218,0.915346,1.060511
1752677320415,0.131180,0.920974,1.069922
1752677320419,0.129336,0.926067,1.078438
1752677320467,0.127792,0.943537,1.106341
1752677320508,0.126395,0.959346,1.131590
1752677320549,0.125131,0.973651,1.154437
1752677320582,0.123987,0.986594,1.175110
1752677320608,0.122952,0.998307,1.193817
1752677320627,0.122015,1.008906,1.210745
1752677320644,0.121167,1.018496,1.226062
1752677320651,0.120400,1.027174,1.239922
1752677320655,0.119404,1.035817,1.253810
1752677320659,0.118502,1.043637,1.266377
1752677320667,0.117391,1.048436,1.274078
1752677320731,0.115245,1.056874,1.287033
1752677320735,0.113303,1.064510,1.298755
1752677320748,0.111299,1.070308,1.307539
1752677320753,0.109485,1.075556,1.315488
1752677320768,0.107400,1.077620,1.318318
1752677321553,0.109356,0.973275,1.130152
1752677321579,0.111125,0.878856,0.959886
1752677321614,0.112726,0.793419,0.805816
1752677321630,0.114175,0.716108,0.666403
1752677321644,0.115486,0.646152,0.540251
1752677321654,0.116673,0.582851,0.426099
1752677321665,0.117746,0.525571,0.322805
1752677321672,0.118717,0.473740,0.229338
1752677321680,0.119596,0.426839,0.144762
1752677321688,0.120392,0.384400,0.068231
1752677321695,0.121111,0.345997,-0.001020
1752677321702,0.121763,0.311248,-0.063684
1752677321706,0.122352,0.279804,-0.120387
1752677321710,0.122885,0.251352,-0.171695
1752677321721,0.123368,0.225606,-0.218124
1752677321730,0.123804,0.202309,-0.260135
1752677321734,0.124199,0.181228,-0.298150
1752677321749,0.124557,0.162152,-0.332549
1752677321765,0.124880,0.144891,-0.363676
1752677321769,0.125173,0.129272,-0.391842
1752677321779,0.125438,0.115139,-0.417329
1752677321795,0.125678,0.102350,-0.440391
1752677321799,0.125895,0.090785,-0.461304
1752677321838,0.124660,0.133502,-0.377298
1752677321866,0.123542,0.172156,-0.301284
1752677321889,0.122530,0.207133,-0.232500
1752677321908,0.121615,0.238783,-0.170260
1752677321927,0.120787,0.267422,-0.113940
1752677321940,0.120038,0.293336,-0.062977
1752677321951,0.119359,0.316786,-0.016863
1752677321956,0.118746,0.338005,0.024865
1752677321961,0.118191,0.357206,0.062624
1752677321982,0.111247,0.584344,0.513633
1752677322004,0.104964,0.789876,0.921740
1752677322018,0.099278,0.975856,1.291026
1752677322022,0.094134,1.144145,1.625183
1752677322027,0.089478,1.296426,1.927554
1752677322071,0.092106,1.201527,1.745158
1752677322115,0.094483,1.115656,1.580113
1752677322157,0.096634,1.037952,1.430768
1752677322193,0.098581,0.967641,1.295629
1752677322208,0.100434,0.900109,1.163236
1752677322215,0.102112,0.839001,1.043438
1752677341353,0.000642,0.845433,1.227049
1752677341379,-0.091175,0.851254,1.393195
1752677341398,-0.174258,0.856520,1.543536
1752677341419,-0.249438,0.861286,1.679575
1752677341437,-0.317466,0.865598,1.802674
1752677341458,-0.379023,0.869500,1.914064
1752677341473,-0.434725,0.873031,2.014857
1752677341486,-0.485128,0.876226,2.106062
1752677341495,-0.530736,0.879117,2.188591
1752677341500,-0.572006,0.881733,2.263270
1752677341504,-0.609350,0.884100,2.330845
1752677341508,-0.643142,0.886242,2.391992
1752677341521,-0.673719,0.888180,2.447323
1752677341543,-0.842482,1.037139,3.160382
1752677341559,-0.995191,1.171928,3.805612
1752677341576,-1.133374,1.293895,4.389464
1752677341595,-1.258412,1.404260,4.917777
1752677341616,-1.371556,1.504127,5.395834
1752677341631,-1.473938,1.594494,5.828417
1752677341646,-1.566580,1.676264,6.219850
1752677341657,-1.650409,1.750257,6.574048
1752677341728,-1.517960,1.615317,6.078561
1752677342011,-1.401210,1.492748,5.632080
1752677342068,-1.295567,1.381839,5.228069
1752677342072,-1.191532,1.277384,4.829220
1752677342090,-1.105834,1.186961,4.501582
1752677342094,-1.028288,1.105139,4.205110
1752677343098,-0.978053,1.055853,4.004064
1752677343101,-0.932597,1.011254,3.822143
1752677344771,-0.871073,0.947503,3.597334
1752677344793,-0.815401,0.889816,3.393911
1752677344814,-0.765025,0.837616,3.209838
1752677344835,-0.719442,0.790382,3.043276
1752677344852,-0.678194,0.747641,2.892557
1752677344867,-0.640870,0.708966,2.756176
1752677344879,-0.607096,0.673970,2.632768
1752677344893,-0.576535,0.642303,2.521099
1752677344904,-0.548881,0.613648,2.420052
1752677344916,-0.523858,0.587719,2.328618
1752677344927,-0.501215,0.564256,2.245881
1752677344940,-0.480726,0.543026,2.171015
1752677344946,-0.462186,0.523815,2.103270
1752677347555,-0.406525,0.481833,1.850356
1752677347582,-0.356159,0.443845,1.621500
1752677347606,-0.310584,0.409470,1.414414
1752677347628,-0.269344,0.378366,1.227028
1752677347647,-0.232027,0.350220,1.057466
1752677347660,-0.198260,0.324751,0.904034
1752677347674,-0.167705,0.301706,0.765197
1752677347685,-0.140056,0.280852,0.639567
1752677347692,-0.115038,0.261982,0.525888
1752677347695,-0.092399,0.244907,0.423022
1752677347699,-0.071914,0.229457,0.329941
1752677347709,-0.053378,0.215476,0.245715
1752677347714,-0.036605,0.202825,0.169501
1752677348734,-0.021346,0.190736,0.101939
1752677348755,-0.007539,0.179797,0.040804
1752677348773,0.004955,0.169899,-0.014515
1752677348795,0.016260,0.160942,-0.064572
1752677348807,0.026490,0.152837,-0.109867
1752677348821,0.035747,0.145503,-0.150854
1752677348825,0.044123,0.138867,-0.187942
1752677348830,0.051702,0.132862,-0.221502
1752677348836,0.058561,0.127428,-0.251869
1752677348840,0.064767,0.122511,-0.279348
1752677348848,0.070382,0.118062,-0.304213
1752677348860,0.075464,0.114036,-0.326712
1752677348865,0.080062,0.110394,-0.347072
1752677348872,0.084223,0.107097,-0.365494
1752677348891,0.087988,0.104114,-0.382165
1752677348909,0.091423,0.101428,-0.396945
1752677348923,0.094531,0.098998,-0.410319
1752677348941,0.097343,0.096799,-0.422421
1752677348951,0.099888,0.094809,-0.433372
1752677348956,0.102191,0.093008,-0.443281
1752677348968,0.104286,0.091375,-0.452251
1752677348972,0.106180,0.089897,-0.460368
1752677348976,0.107895,0.088560,-0.467712
1752677348998,0.109447,0.087350,-0.474358
1752677349009,0.110851,0.086255,-0.480372
1752677349014,0.112121,0.085265,-0.485814
1752677349029,0.113271,0.084368,-0.490738
1752677349033,0.114311,0.083557,-0.495193
1752677351058,0.112669,0.084905,-0.511546
1752677351084,0.111182,0.086125,-0.526343
1752677351102,0.109837,0.087229,-0.539732
1752677351123,0.108621,0.088228,-0.551848
1752677351136,0.107519,0.089132,-0.562811
1752677351149,0.106523,0.089950,-0.572731
1752677351163,0.105621,0.090690,-0.581708
1752677351173,0.104805,0.091360,-0.589831
1752677351180,0.104067,0.091966,-0.597181
1752677351184,0.103399,0.092514,-0.603832
1752677351188,0.102795,0.093010,-0.609850
1752677351197,0.102248,0.093459,-0.615296
1752677351203,0.101753,0.093866,-0.620223
1752677351206,0.101305,0.094233,-0.624682
1752677351227,0.100900,0.094566,-0.628717
1752677351238,0.100523,0.095140,-0.632438
1752677351258,0.100182,0.095659,-0.635805
1752677351278,0.099873,0.096128,-0.638851
1752677351296,0.099594,0.096553,-0.641608
1752677351302,0.099341,0.096938,-0.644102
1752677351306,0.099112,0.097286,-0.646360
1752677351310,0.098905,0.097601,-0.648402
1752677351330,0.098718,0.097886,-0.650250
1752677351334,0.098549,0.098143,-0.651923
1752677351338,0.098395,0.098377,-0.653436
1752677351345,0.098257,0.098588,-0.654805
1752677351361,0.098131,0.098779,-0.656044
1752677351365,0.098009,0.098919,-0.657161
1752677351764,0.097852,0.097986,-0.658790
1752677352913,0.098135,0.097580,-0.658879
1752677352944,0.098391,0.097213,-0.658959
1752677352972,0.098623,0.096881,-0.659032
1752677352996,0.098832,0.096580,-0.659097
1752677353015,0.099022,0.096308,-0.659157
1752677353031,0.099194,0.096061,-0.659211
1752677353040,0.099349,0.095839,-0.659260
1752677353044,0.099490,0.095637,-0.659304
1752677353048,0.099617,0.095454,-0.659344
1752677353058,0.099732,0.095289,-0.659380
1752677354273,0.100051,0.096370,-0.658172
1752677354311,0.100340,0.097348,-0.657079
1752677354336,0.100602,0.098233,-0.656090
1752677354361,0.100838,0.099034,-0.655195
1752677354386,0.101052,0.099759,-0.654385
1752677354405,0.101246,0.100415,-0.653653
1752677354423,0.101421,0.101008,-0.652990
1752677354436,0.101580,0.101545,-0.652390
1752677354449,0.101723,0.102031,-0.651847
1752677354452,0.101853,0.102471,-0.651356
1752677354456,0.101971,0.102868,-0.650911
1752677354716,0.101913,0.101099,-0.651340
1752677355451,0.102149,0.101356,-0.650114
1752677355481,0.102363,0.101589,-0.649005
1752677355501,0.102557,0.101800,-0.648002
1752677355518,0.102733,0.101991,-0.647094
1752677355530,0.102891,0.102164,-0.646272
1752677355543,0.103035,0.102320,-0.645528
1752677355559,0.103165,0.102461,-0.644855
1752677355573,0.103282,0.102589,-0.644246
1752677355587,0.103389,0.102705,-0.643695
1752677355592,0.103485,0.102810,-0.643197
1752677355595,0.103572,0.102905,-0.642746
1752677355736,0.103555,0.102885,-0.642858
1752677355775,0.103540,0.102868,-0.642960
1752677355811,0.103527,0.102852,-0.643052
1752677355843,0.103514,0.102838,-0.643135
1752677355873,0.103503,0.102825,-0.643211
1752677355896,0.103493,0.102813,-0.643279
1752677355914,0.103484,0.102803,-0.643341
1752677355926,0.103476,0.102793,-0.643397
1752677355935,0.103468,0.102785,-0.643447
1752677356674,0.103635,0.102754,-0.643146
1752677356702,0.103786,0.102727,-0.642872
1752677356727,0.103922,0.102702,-0.642625
1752677356752,0.104045,0.102680,-0.642402
1752677356774,0.104157,0.102659,-0.642199
1752677356792,0.104258,0.102641,-0.642016
1752677356818,0.104350,0.102624,-0.641850
1752677356831,0.104432,0.102609,-0.641701
1752677356841,0.104507,0.102596,-0.641565
1752677356845,0.104575,0.102583,-0.641442
1752677357150,0.104801,0.102042,-0.640125
1752677357184,0.105006,0.101552,-0.638933
1752677357213,0.105191,0.101109,-0.637854
1752677357233,0.105358,0.100708,-0.636878
1752677357248,0.105510,0.100345,-0.635995
1752677357257,0.105647,0.100017,-0.635196
1752677357261,0.105771,0.099720,-0.634473
1752677357264,0.105883,0.099451,-0.633819
1752677358464,0.105279,0.099589,-0.635532
1752677358490,0.104732,0.099714,-0.637083
1752677358510,0.104237,0.099827,-0.638486
1752677358526,0.103789,0.099929,-0.639756
1752677358542,0.103384,0.100022,-0.640904
1752677358557,0.103017,0.100106,-0.641944
1752677358572,0.102685,0.100182,-0.642885
1752677358585,0.102385,0.100250,-0.643736
1752677358594,0.102113,0.100312,-0.644506
1752677358598,0.101867,0.100368,-0.645203
1752677358603,0.101645,0.100419,-0.645834
1752677358610,0.101444,0.100465,-0.646404
1752677358614,0.101261,0.100507,-0.646921
1752677359254,0.101131,0.100260,-0.646574
1752677359277,0.101013,0.100037,-0.646261
1752677359296,0.100906,0.099835,-0.645977
1752677359315,0.100809,0.099652,-0.645721
1752677359340,0.100721,0.099487,-0.645489
1752677359359,0.100642,0.099338,-0.645279
1752677359375,0.100571,0.099202,-0.645088
1752677359388,0.100506,0.099080,-0.644916
1752677359402,0.100447,0.098969,-0.644761
1752677359406,0.100394,0.098869,-0.644620
1752677359409,0.100346,0.098778,-0.644492
1752677359416,0.100302,0.098696,-0.644377
1752677359422,0.100263,0.098622,-0.644273
1752677359433,0.100227,0.098554,-0.644178
1752677359437,0.100195,0.098493,-0.644093
1752677359440,0.100166,0.098438,-0.644016
1752677359460,0.100140,0.098389,-0.643946
1752677363582,0.120360,0.073209,-0.692082
1752677363586,0.138658,0.050425,-0.735639
1752677382646,0.158399,0.024657,-0.781960
1752677382669,0.176263,0.001340,-0.823876
1752677382693,0.192427,-0.019759,-0.861804
1752677382714,0.207054,-0.038851,-0.896124
1752677382728,0.220290,-0.056127,-0.927179
1752677382740,0.232266,-0.071759,-0.955280
1752677382753,0.243103,-0.085905,-0.980709
1752677382768,0.252909,-0.098705,-1.003718
1752677382778,0.261783,-0.110287,-1.024538
1752677382782,0.269812,-0.120767,-1.043378
1752677382786,0.277078,-0.130251,-1.060426
1752677382794,0.283652,-0.138832,-1.075852
1752677382798,0.289601,-0.146597,-1.089811
1752677382940,0.294699,-0.156186,-1.111842
1752677382984,0.298882,-0.164184,-1.130088
1752677383027,0.302667,-0.171421,-1.146598
1752677383030,0.305700,-0.176432,-1.155050
1752677383065,0.308836,-0.182504,-1.169186
1752677383093,0.311674,-0.187999,-1.181977
1752677383119,0.314243,-0.192971,-1.193551
1752677383140,0.316566,-0.197470,-1.204024
1752677383157,0.318669,-0.201541,-1.213501
1752677383162,0.321002,-0.205903,-1.223767
1752677383176,0.323954,-0.209658,-1.234224
1752677383182,0.326626,-0.213056,-1.243686
1752677383188,0.329043,-0.216131,-1.252249
1752677383191,0.331231,-0.218913,-1.259996
1752677383196,0.333210,-0.221430,-1.267007
1752677383205,0.335001,-0.223708,-1.273351
1752677383221,0.336622,-0.225770,-1.279091
1752677383227,0.338089,-0.227635,-1.284286
1752677383235,0.340762,-0.229731,-1.291483
1752677383264,0.343181,-0.231628,-1.297996
1752677383271,0.345370,-0.233344,-1.303889
1752677383279,0.347350,-0.234897,-1.309222
1752677383288,0.349142,-0.236303,-1.314047
1752677383292,0.350764,-0.237574,-1.318414
1752677383300,0.352232,-0.238725,-1.322365
1752677383321,0.353559,-0.239766,-1.325940
1752677383326,0.354761,-0.240708,-1.329175
1752677383339,0.357146,-0.241404,-1.332560
1752677383360,0.359304,-0.242034,-1.335624
1752677383365,0.361256,-0.242604,-1.338395
1752677383372,0.363023,-0.243120,-1.340903
1752677383392,0.364622,-0.243587,-1.343173
1752677383402,0.366069,-0.244009,-1.345227
1752677383407,0.367378,-0.244391,-1.347085
1752677383428,0.368562,-0.244737,-1.348766
1752677383820,0.367716,-0.244093,-1.342830
1752677383883,0.366950,-0.243511,-1.337458
1752677383926,0.366256,-0.242985,-1.332597
1752677383936,0.365334,-0.242118,-1.327221
1752677383939,0.364499,-0.241334,-1.322357
1752677383949,0.362996,-0.241438,-1.317564
1752677383955,0.361637,-0.241532,-1.313227
1752677383959,0.360406,-0.241617,-1.309302
1752677383962,0.359293,-0.241693,-1.305750
1752677383971,0.358286,-0.241763,-1.302537
1752677383976,0.357374,-0.241826,-1.299629
1752677383994,0.356549,-0.241883,-1.296998
1752677383998,0.355803,-0.241934,-1.294617
1752677384001,0.355128,-0.241981,-1.292462
1752677384022,0.354517,-0.242023,-1.290513
1752677384025,0.353964,-0.242061,-1.288749
1752677384028,0.353463,-0.242095,-1.287152
1752677384063,0.353011,-0.242127,-1.285708
1752677384068,0.352907,-0.242697,-1.285652
1752677384072,0.352814,-0.243213,-1.285601
1752677384096,0.352729,-0.243680,-1.285556
1752677384101,0.352653,-0.244102,-1.285514
1752677384110,0.352583,-0.244484,-1.285477
1752677384132,0.352521,-0.244830,-1.285443
1752677384136,0.352464,-0.245143,-1.285412
1752677384142,0.352476,-0.245607,-1.285946
1752677384156,0.352488,-0.246027,-1.286429
1752677384164,0.352498,-0.246407,-1.286865
1752677384169,0.352507,-0.246750,-1.287261
1752677384190,0.352515,-0.247061,-1.287619
1752677384194,0.352523,-0.247343,-1.287942
1752677384198,0.352530,-0.247598,-1.288235
1752677384220,0.352536,-0.247828,-1.288500
1752677384227,0.352542,-0.248036,-1.288740
1752677384231,0.352547,-0.248225,-1.288957
1752677384257,0.352812,-0.248666,-1.289871
1752677384261,0.353052,-0.249066,-1.290697
1752677384265,0.353795,-0.249839,-1.293189
1752677384287,0.354213,-0.250279,-1.294746
1752677384298,0.355329,-0.251447,-1.299127
1752677384302,0.356339,-0.252505,-1.303092
1752677384320,0.357252,-0.253455,-1.306665
1752677384327,0.358802,-0.254993,-1.312608
1752677384331,0.360205,-0.256385,-1.317985
1752677384354,0.361260,-0.257388,-1.322181
1752677384382,0.365352,-0.260527,-1.336196
1752677384404,0.369055,-0.263366,-1.348877
1752677384409,0.370997,-0.264609,-1.355038
1752677384414,0.372754,-0.265734,-1.360613
1752677384419,0.374344,-0.266752,-1.365657
1752677384427,0.377191,-0.268999,-1.375536
1752677384431,0.379768,-0.271033,-1.384475
1752677384437,0.382100,-0.272873,-1.392563
1752677384458,0.384358,-0.274391,-1.399732
1752677384462,0.386401,-0.275765,-1.406218
1752677384467,0.389493,-0.278004,-1.416311
1752677384488,0.392121,-0.279713,-1.424662
1752677384492,0.396740,-0.282687,-1.438871
1752677384497,0.400920,-0.285379,-1.451728
1752677384805,0.404200,-0.286940,-1.463620
1752677385040,0.421011,-0.298203,-1.527792
1752677385056,0.436222,-0.308394,-1.585860
1752677385095,0.436923,-0.310517,-1.598652
1752677385124,0.437557,-0.312438,-1.610227
1752677385144,0.438131,-0.314176,-1.620701
1752677385148,0.451714,-0.322848,-1.669931
1752677385152,0.464005,-0.330694,-1.714478
1752677385179,0.462063,-0.330696,-1.715035
1752677385192,0.460306,-0.330698,-1.715539
1752677385203,0.458716,-0.330699,-1.715995
1752677385222,0.457277,-0.330701,-1.716408
1752677385233,0.455975,-0.330702,-1.716781
1752677385245,0.454797,-0.330703,-1.717119
1752677385256,0.453731,-0.330704,-1.717425
1752677385262,0.452766,-0.330705,-1.717702
1752677385266,0.451893,-0.330705,-1.717952
1752677385271,0.451103,-0.330706,-1.718178
1752677385278,0.450389,-0.330707,-1.718383
1752677385294,0.449742,-0.330707,-1.718569
1752677385298,0.449157,-0.330708,-1.718737
1752677385303,0.448627,-0.330708,-1.718889
1752677385328,0.450096,-0.333480,-1.727054
1752677385332,0.451425,-0.335988,-1.734444
1752677386102,0.464551,-0.350585,-1.785391
1752677386271,0.487181,-0.369583,-1.866376
1752677386308,0.507659,-0.386773,-1.939658
1752677386341,0.526189,-0.402328,-2.005968
1752677386368,0.542956,-0.416404,-2.065971
1752677386385,0.558128,-0.429140,-2.120266
1752677386395,0.571857,-0.440665,-2.169396
1752677386399,0.584280,-0.451094,-2.213853
1752677386403,0.595522,-0.460530,-2.254081
1752677386786,0.604018,-0.464221,-2.283591
1752677386939,0.611706,-0.467561,-2.310294
1752677387783,0.619744,-0.480317,-2.349916
1752677387910,0.646650,-0.503796,-2.447939
1752677387930,0.670997,-0.525041,-2.536638
1752677387935,0.673395,-0.532330,-2.554729
1752677387949,0.695197,-0.550861,-2.633269
1752677387960,0.714925,-0.567629,-2.704338
1752677387974,0.732777,-0.582802,-2.768646
1752677387984,0.748931,-0.596532,-2.826837
1752677387995,0.763548,-0.608956,-2.879493
1752677388004,0.776775,-0.620198,-2.927140
1752677388011,0.788743,-0.630370,-2.970254
1752677388023,0.799573,-0.639575,-3.009267
1752677388030,0.809373,-0.647904,-3.044569
1752677388035,0.818240,-0.655441,-3.076514
1752677388045,0.826264,-0.662261,-3.105419
1752677388049,0.833525,-0.668432,-3.131575
1752677388053,0.840095,-0.674017,-3.155242
1752677388063,0.846040,-0.679070,-3.176658
1752677388066,0.851420,-0.683642,-3.196038
1752677388089,0.856287,-0.687779,-3.213573
1752677388093,0.860692,-0.691523,-3.229441
1752677388393,0.895357,-0.716269,-3.347967
1752677388396,0.926723,-0.738662,-3.455219
1752677388445,0.949507,-0.752457,-3.530501
1752677388481,0.970124,-0.764940,-3.598621
1752677388548,0.970485,-0.764119,-3.598539
1752677388574,0.970812,-0.763376,-3.598465
1752677388604,0.989402,-0.774821,-3.660120
1752677388607,1.006223,-0.785176,-3.715910
1752677388633,0.978828,-0.765488,-3.623279
1752677388654,0.954039,-0.747672,-3.539459
1752677388675,0.931607,-0.731550,-3.463612
1752677388697,0.911310,-0.716963,-3.394980
1752677388718,0.892943,-0.703763,-3.332877
1752677388736,0.876324,-0.691818,-3.276682
1752677388755,0.861285,-0.681010,-3.225832
1752677388760,0.871999,-0.688173,-3.261211
1752677388764,0.881694,-0.694654,-3.293225
1752677388773,0.866145,-0.683576,-3.240802
1752677388777,0.852075,-0.673552,-3.193365
1752677388781,0.839343,-0.664482,-3.150440
1752677388790,0.827822,-0.656274,-3.111599
1752677388795,0.817397,-0.648847,-3.076452
1752677388799,0.807964,-0.642127,-3.044649
1752677388827,0.799428,-0.636045,-3.015872
1752677388833,0.791704,-0.630543,-2.989831
1752677389873,0.802115,-0.641385,-3.018985
1752677389896,0.811536,-0.651196,-3.045365
1752677389914,0.820061,-0.660074,-3.069236
1752677389931,0.827775,-0.668107,-3.090836
1752677389970,0.834755,-0.675376,-3.110382
1752677389986,0.841071,-0.681954,-3.128068
1752677389998,0.846787,-0.687906,-3.144072
1752677390010,0.851958,-0.693292,-3.158553
1752677390019,0.856638,-0.698165,-3.171657
1752677390022,0.860873,-0.702575,-3.183515
1752677390026,0.864704,-0.706566,-3.194244
1752677390035,0.868172,-0.710177,-3.203953
1752677390038,0.871309,-0.713444,-3.212738
1752677392280,0.846841,-0.688707,-3.113951
1752677392302,0.824700,-0.666323,-3.024561
1752677392328,0.804665,-0.646068,-2.943674
1752677392344,0.786536,-0.627740,-2.870481
1752677392359,0.770132,-0.611155,-2.804251
1752677392372,0.755288,-0.596148,-2.744321
1752677392385,0.741857,-0.582569,-2.690092
1752677392395,0.729702,-0.570281,-2.641022
1752677392405,0.718704,-0.559162,-2.596619
1752677392415,0.708753,-0.549101,-2.556440
1752677392426,0.699748,-0.539997,-2.520083
1752677392434,0.691599,-0.531759,-2.487185
1752677392437,0.684226,-0.524304,-2.457416
1752677392441,0.677554,-0.517559,-2.430478
1752677392452,0.671516,-0.511455,-2.406103
1752677392461,0.666053,-0.505932,-2.384047
1752677392465,0.661110,-0.500935,-2.364089
1752677392468,0.656637,-0.496412,-2.346030
1752677392734,0.637798,-0.484269,-2.290282
1752677392738,0.620752,-0.473281,-2.239837
1752677393193,0.599143,-0.456789,-2.169191
1752677393216,0.579590,-0.441864,-2.105265
1752677393238,0.561897,-0.428360,-2.047421
1752677393276,0.545887,-0.416140,-1.995078
1752677393302,0.531400,-0.405083,-1.947715
1752677393323,0.518291,-0.395077,-1.904857
1752677393340,0.506430,-0.386024,-1.866076
1752677393354,0.495696,-0.377831,-1.830985
1752677393365,0.485983,-0.370418,-1.799231
1752677393368,0.477195,-0.363710,-1.770498
1752677393372,0.469242,-0.357640,-1.744498
1752677393380,0.462046,-0.352148,-1.720971
1752677393391,0.455269,-0.346730,-1.698542
1752677393394,0.449650,-0.342146,-1.679752
1752677393398,0.444565,-0.337998,-1.662751
1752677393624,0.443849,-0.337227,-1.660225
1752677393627,0.443201,-0.336529,-1.657940
1752677393863,0.501978,-0.383009,-1.855213
1752677393892,0.555164,-0.425068,-2.033721
1752677393913,0.603290,-0.463126,-2.195249
1752677393928,0.646838,-0.497564,-2.341411
1752677393939,0.686244,-0.528726,-2.473669
1752677393955,0.721902,-0.556924,-2.593346
1752677393968,0.754167,-0.582439,-2.701639
1752677393977,0.783363,-0.605527,-2.799631
1752677393983,0.809782,-0.626419,-2.888301
1752677393986,0.833688,-0.645324,-2.968537
1752677393990,0.855320,-0.662430,-3.041140
1752677395069,0.862508,-0.672175,-3.080830
1752677395093,0.869013,-0.680993,-3.116745
1752677395115,0.874899,-0.688972,-3.149243
1752677395133,0.880225,-0.696192,-3.178650
1752677395149,0.885045,-0.702725,-3.205260
1752677395161,0.889406,-0.708637,-3.229338
1752677395164,0.893352,-0.713986,-3.251126
1752677395168,0.896922,-0.718826,-3.270841
1752677395178,0.900154,-0.723206,-3.288681
1752677395182,0.903077,-0.727170,-3.304824
1752677395188,0.905723,-0.730756,-3.319432
1752677395195,0.908117,-0.734001,-3.332649
1752677395198,0.910283,-0.736938,-3.344610
1752677395218,0.912243,-0.739595,-3.355433
1752677395226,0.914017,-0.741999,-3.365226
1752677395230,0.915622,-0.744175,-3.374088
1752677395254,0.907806,-0.736702,-3.348785
1752677395258,0.915369,-0.741223,-3.376149
1752677395262,0.922213,-0.745313,-3.400910
1752677395288,0.928406,-0.749015,-3.423316
1752677395291,0.934009,-0.752364,-3.443590
1752677395295,0.939080,-0.755395,-3.461936
1752677395319,0.943668,-0.758137,-3.478537
1752677395324,0.947820,-0.760619,-3.493558
1752677395328,0.951577,-0.762865,-3.507151
1752677395353,0.945537,-0.756496,-3.487792
1752677395357,0.943587,-0.753594,-3.482976
1752677395361,0.941823,-0.750967,-3.478618
1752677395388,0.940226,-0.748591,-3.474675
1752677395392,0.938782,-0.746441,-3.471107
1752677395396,0.937474,-0.744495,-3.467878
1752677395421,0.936292,-0.742734,-3.464956
1752677395462,0.942443,-0.745795,-3.487497
1752677395498,0.948010,-0.748564,-3.507893
1752677395531,0.953047,-0.751070,-3.526349
1752677395563,0.957605,-0.753338,-3.543049
1752677395587,0.961729,-0.755390,-3.558161
1752677395598,0.955160,-0.748530,-3.533403
1752677395603,0.959517,-0.751039,-3.549432
1752677395609,0.963459,-0.753310,-3.563937
1752677395614,0.957731,-0.747277,-3.545637
1752677395657,0.974007,-0.757224,-3.604451
1752677395698,0.988735,-0.766225,-3.657671
1752677395732,1.002062,-0.774370,-3.705828
1752677395756,1.014122,-0.781740,-3.749404
1752677395769,1.025034,-0.788408,-3.788836
1752677395776,1.034908,-0.794443,-3.824516
1752677395780,1.044420,-0.800484,-3.859256
1752677395784,1.053027,-0.805950,-3.890692
1752677395796,1.060067,-0.810200,-3.916411
1752677395800,1.066474,-0.813769,-3.938961
1752677395803,1.072273,-0.816998,-3.959365
1752677395827,1.077519,-0.819920,-3.977829
1752677395833,1.082267,-0.822564,-3.994536
1752677395838,1.086563,-0.824957,-4.009654
1752677395866,1.090450,-0.827122,-4.023334
1752677395872,1.093968,-0.829081,-4.035712
1752677395876,1.097331,-0.830874,-4.047203
1752677395894,1.100835,-0.833573,-4.061307
1752677395898,1.103953,-0.836054,-4.074103
1752677395903,1.106774,-0.838299,-4.085682
1752677395923,1.111444,-0.842734,-4.104978
1752677395927,1.115670,-0.846748,-4.122438
1752677395931,1.119494,-0.850379,-4.138238
1752677395953,1.122954,-0.853665,-4.152534
1752677396433,1.091664,-0.830609,-4.038332
1752677396455,1.063350,-0.809745,-3.934994
1752677396463,1.037730,-0.790866,-3.841486
1752677396470,1.014546,-0.773784,-3.756872
1752677396475,0.993568,-0.758326,-3.680308
1752677396478,0.974586,-0.744338,-3.611026
1752677396486,0.957409,-0.731681,-3.548335
1752677396496,0.941866,-0.720229,-3.491608
1752677396501,0.927802,-0.709865,-3.440276
1752677396505,0.915076,-0.700487,-3.393828
1752677396529,0.888053,-0.686571,-3.306881
1752677396545,0.863602,-0.673979,-3.228206
1752677396564,0.841476,-0.662585,-3.157014
1752677396581,0.821455,-0.652274,-3.092594
1752677396596,0.803339,-0.642945,-3.034302
1752677396611,0.786946,-0.634502,-2.981556
1752677396625,0.772112,-0.626863,-2.933826
1752677396641,0.758689,-0.619951,-2.890637
1752677396649,0.746543,-0.613696,-2.851557
1752677396659,0.735553,-0.608036,-2.816194
1752677396666,0.725608,-0.602914,-2.784195
1752677396676,0.716609,-0.598280,-2.755239
1752677396683,0.708466,-0.594086,-2.729039
1752677396693,0.701097,-0.590292,-2.705330
1752677396701,0.694430,-0.586858,-2.683877
1752677396705,0.688397,-0.583751,-2.664464
1752677396722,0.682938,-0.580939,-2.646899
1752677396727,0.677998,-0.578395,-2.631004
1752677396731,0.673527,-0.576093,-2.616621
1752677396755,0.669483,-0.574010,-2.603606
1752677397481,0.710746,-0.609626,-2.758319
1752677397509,0.748084,-0.641854,-2.898315
1752677397536,0.781870,-0.671016,-3.024994
1752677397569,0.812443,-0.697403,-3.139623
1752677397595,0.840107,-0.721281,-3.243347
1752677397617,0.865140,-0.742888,-3.337205
1752677397634,0.887791,-0.762439,-3.422134
1752677397648,0.908288,-0.780130,-3.498985
1752677397657,0.926835,-0.796139,-3.568525
1752677397661,0.943618,-0.810624,-3.631450
1752677397666,0.958804,-0.823732,-3.688390
1752677397675,0.956427,-0.817910,-3.676754
1752677397679,0.954277,-0.812642,-3.666224
1752677397694,0.952331,-0.807875,-3.656697
1752677397697,0.950570,-0.803561,-3.648076
1752677397702,0.948977,-0.799658,-3.640274
1752677398205,0.913239,-0.767316,-3.508478
1752677398219,0.880901,-0.738052,-3.389220
1752677398231,0.851639,-0.711571,-3.281305
1752677398243,0.825161,-0.687609,-3.183656
1752677398253,0.801202,-0.665927,-3.095296
1752677398262,0.779521,-0.646307,-3.015341
1752677398272,0.759903,-0.628553,-2.942991
1752677398281,0.742151,-0.612488,-2.877524
1752677398288,0.726088,-0.597952,-2.818285
1752677398292,0.711553,-0.584798,-2.764681
1752677398295,0.698400,-0.572895,-2.716175
1752677398301,0.686499,-0.562125,-2.672284
1752677398321,0.675730,-0.552379,-2.632568
1752677398324,0.665985,-0.543560,-2.596630
1752677398330,0.657167,-0.535581,-2.564111
1752677398355,0.649188,-0.528360,-2.534685
1752677398359,0.641968,-0.521826,-2.508058
1752677398363,0.635435,-0.515913,-2.483964
1752677398386,0.629523,-0.510564,-2.462162
1752677398931,0.632686,-0.514618,-2.475841
1752677398945,0.635548,-0.518287,-2.488218
1752677398961,0.638138,-0.521607,-2.499418
1752677398971,0.640481,-0.524611,-2.509552
1752677398987,0.642602,-0.527330,-2.518723
1752677398997,0.644520,-0.529789,-2.527021
1752677399001,0.646257,-0.532015,-2.534530
1752677399005,0.647828,-0.534029,-2.541324
1752677399014,0.649249,-0.535852,-2.547472
1752677399018,0.650536,-0.537501,-2.553035
1752677399025,0.651700,-0.538993,-2.558070
1752677399033,0.652753,-0.540343,-2.562625
1752677399036,0.653706,-0.541565,-2.566747
1752677399055,0.654569,-0.542671,-2.570477
1752677399059,0.655349,-0.543671,-2.573852
1752677399063,0.656055,-0.544577,-2.576906
1752677399090,0.656694,-0.545396,-2.579669
1752677399094,0.657273,-0.546137,-2.582170
1752677399100,0.657796,-0.546808,-2.584433
1752677399120,0.658269,-0.547415,-2.586480
1752677399125,0.658698,-0.547964,-2.588333
1752677399129,0.659085,-0.548461,-2.590009
1752677399635,0.758934,-0.614123,-2.934103
1752677399647,0.849285,-0.673540,-3.245464
1752677399660,0.931041,-0.727304,-3.527208
1752677399669,1.005020,-0.775955,-3.782150
1752677399678,1.071962,-0.819977,-4.012841
1752677399687,1.132536,-0.859812,-4.221588
1752677399690,1.187348,-0.895857,-4.410477
1752677399694,1.236946,-0.928474,-4.581399
1752677399703,1.281826,-0.957988,-4.736062
1752677399707,1.322436,-0.984694,-4.876012
1752677399721,1.359184,-1.008860,-5.002649
1752677399724,1.392436,-1.030727,-5.117240
1752677399730,1.422525,-1.050514,-5.220931
1752677399752,1.449751,-1.068419,-5.314758
1752677399757,1.474388,-1.084621,-5.399660
1752677399761,1.496681,-1.099281,-5.476486
1752677400142,1.410121,-1.045585,-5.190413
1752677403136,1.391165,-1.056802,-5.142069
1752677403160,1.374014,-1.066952,-5.098323
1752677403178,1.358493,-1.076136,-5.058739
1752677403196,1.344449,-1.084447,-5.022920
1752677403216,1.331741,-1.091967,-4.990509
1752677403239,1.320242,-1.098772,-4.961180
1752677403254,1.309836,-1.104929,-4.934642
1752677403267,1.300421,-1.110501,-4.910628
1752677403281,1.291901,-1.115543,-4.888898
1752677403286,1.284191,-1.120105,-4.869235
1752677404300,1.273386,-1.110839,-4.832076
1752677404326,1.263608,-1.102455,-4.798452
1752677404347,1.254761,-1.094868,-4.768026
1752677404363,1.246755,-1.088003,-4.740495
1752677404377,1.239510,-1.081790,-4.715583
1752677404387,1.232955,-1.076169,-4.693040
1752677404397,1.227023,-1.071083,-4.672642
1752677404408,1.221655,-1.066480,-4.654184
1752677404418,1.216799,-1.062315,-4.637482
1752677404422,1.212404,-1.058547,-4.622369
1752677404426,1.208427,-1.055136,-4.608693
1752677404437,1.204828,-1.052051,-4.596318
1752677404441,1.201572,-1.049258,-4.585121
1752677404460,1.198626,-1.046732,-4.574988
1752677404463,1.195960,-1.044446,-4.565820
1752677404501,1.191496,-1.039114,-4.527570
1752677404535,1.187457,-1.034289,-4.492958
1752677404571,1.183802,-1.029924,-4.461639
1752677404606,1.180495,-1.025973,-4.433299
1752677404639,1.177502,-1.022399,-4.407655
1752677404669,1.174794,-1.019164,-4.384450
1752677404672,1.304165,-1.129237,-4.827863
1752677404695,1.289408,-1.115839,-4.764686
1752677404715,1.276055,-1.103716,-4.707519
1752677404742,1.263972,-1.092746,-4.655790
1752677404759,1.253039,-1.082820,-4.608981
1752677404770,1.243146,-1.073838,-4.566625
1752677404791,1.221056,-1.057134,-4.486269
1752677404814,1.182753,-1.030809,-4.359292
1752677404833,1.148094,-1.006987,-4.244394
1752677404840,1.130479,-0.998174,-4.189001
1752677404847,1.100792,-0.977457,-4.090302
1752677404851,1.073929,-0.958711,-4.000992
1752677404855,1.049621,-0.941747,-3.920177
1752677407288,1.084535,-0.976901,-4.074453
1752677407321,1.116128,-1.008710,-4.214054
1752677407350,1.144716,-1.037493,-4.340374
1752677407376,1.170584,-1.063539,-4.454679
1752677407399,1.193991,-1.087107,-4.558111
1752677407419,1.215172,-1.108433,-4.651703
1752677407437,1.234338,-1.127730,-4.736393
1752677407452,1.251681,-1.145192,-4.813026
1752677407464,1.267374,-1.160992,-4.882370
1752677407467,1.281574,-1.175290,-4.945117
1752677407471,1.294424,-1.188227,-5.001896
1752677407477,1.306051,-1.199934,-5.053273
1752677407486,1.316572,-1.210527,-5.099763
1752677407490,1.326092,-1.220113,-5.141831
1752677407503,1.370950,-1.258921,-5.310635
1752677407527,1.411541,-1.294037,-5.463380
1752677407531,1.448270,-1.325813,-5.601596
1752677407535,1.481506,-1.354566,-5.726665
1752677407555,1.522370,-1.393212,-5.885414
1752677407561,1.559346,-1.428181,-6.029062
1752677407566,1.592805,-1.459824,-6.159045
1752677407586,1.623082,-1.488458,-6.276664
1752677407592,1.650478,-1.514367,-6.383095
1752677407596,1.675268,-1.537812,-6.479401
1752677407627,1.670807,-1.539386,-6.479368
1752677407637,1.666771,-1.540811,-6.479338
1752677407645,1.663119,-1.542100,-6.479311
1752677407654,1.659814,-1.543266,-6.479287
1752677407658,1.656823,-1.544322,-6.479264
1752677407662,1.654117,-1.545277,-6.479244
1752677407684,1.651669,-1.546141,-6.479226
1752677407688,1.649453,-1.546923,-6.479209
1752677407692,1.647448,-1.547630,-6.479195
1752677409583,3.624453,-3.512528,-14.471325
1752677409610,5.413395,-5.290515,-21.703203
1752677409636,7.032165,-6.899371,-28.247150
1752677409660,8.496948,-8.355185,-34.168606
1752677409681,9.822395,-9.672514,-39.526783
1752677409706,11.021759,-10.864532,-44.375263
1752677409720,12.107034,-11.943160,-48.762531
1752677409732,13.089071,-12.919184,-52.732464
1752677409743,13.977693,-13.802363,-56.324757
1752677409750,14.781784,-14.601530,-59.575333
1752677409758,15.509386,-15.324677,-62.516697
1752677409765,16.167774,-15.979033,-65.178261
1752677409768,16.763535,-16.571144,-67.586647
1752677409782,12.460844,-12.420747,-50.506649
1752677409786,8.567446,-8.665155,-35.051384
1752677409790,5.044407,-5.266814,-21.066301
1752677409795,1.856497,-2.191740,-8.411549
1752677409818,-1.028163,0.590818,3.039422
1752677409821,-3.638420,3.108685,13.401120
1752677409825,-6.000377,5.387040,22.777163
1752677409849,-8.137652,7.448667,31.261311
1752677409854,-1.677222,1.421201,5.991774
1752677409858,4.168660,-4.032903,-16.874001
1752677409885,9.458453,-8.968185,-37.564671
1752677409889,14.245055,-13.434000,-56.287140
1752677409893,18.576332,-17.475004,-73.228638
1752677409915,22.495596,-21.131607,-88.558578
1752677410087,18.019871,-16.995741,-71.122269
1752677410173,15.954747,-15.061672,-63.020748
1752677410236,14.086068,-13.311582,-55.689884
1752677410239,12.118879,-11.485029,-48.010418
1752677410280,10.615087,-10.075166,-42.107410
1752677410309,9.254342,-8.799416,-36.765926
1752677410324,8.023039,-7.645021,-31.932549
1752677410327,6.908863,-6.600439,-27.558947
1752677410330,5.900673,-5.655222,-23.601383
1752677410346,7.291994,-7.042161,-29.137140
1752677410358,8.550965,-8.297167,-34.146309
1752677410371,9.690177,-9.432791,-38.678982
1752677410389,10.721022,-10.460388,-42.780483
1752677410400,11.653807,-11.390236,-46.491829
1752677410407,12.497861,-12.231631,-49.850136
1752677410411,13.261624,-12.992990,-52.888981
1752677410415,13.952735,-13.681923,-55.638756
1752677410422,14.578104,-14.305322,-58.126961
1752677410425,15.143985,-14.869420,-60.378475
1752677410453,15.656036,-15.379859,-62.415813
1752677410457,16.119379,-15.841742,-64.259354
1752677410460,16.538647,-16.259687,-65.927521
1752677410486,16.918032,-16.637877,-67.437004
1752677410820,15.836382,-15.635536,-63.215874
1752677411750,14.244852,-14.055740,-56.861732
1752677411779,12.804716,-12.626223,-51.112030
1752677411809,11.501574,-11.332687,-45.909267
1752677411831,10.322392,-10.162200,-41.201416
1752677411852,9.255380,-9.103055,-36.941399
1752677411869,8.289867,-8.144661,-33.086617
1752677411885,7.416199,-7.277434,-29.598518
1752677411897,6.625638,-6.492702,-26.442226
1752677411906,5.910280,-5.782618,-23.586176
1752677411910,5.262969,-5.140080,-21.001806
1752677411914,4.677235,-4.558664,-18.663275
1752677411922,4.148646,-4.035172,-16.557049
1752677411926,3.670340,-3.561476,-14.651177
1752677411929,3.237533,-3.132841,-12.926601
1752677411950,2.845896,-2.744979,-11.366076
1752677411953,2.491513,-2.394013,-9.953995
1752677411957,2.170842,-2.076433,-8.676238
1752677411983,1.901802,-1.810677,-7.605119
1752677411987,1.658355,-1.570201,-6.635890
1752677411991,1.438066,-1.352601,-5.758860
1752677412016,1.238732,-1.155699,-4.965256
1752677412021,1.056917,-0.976792,-4.242779
1752677412025,0.892398,-0.814904,-3.589027
1752677412051,0.743528,-0.668415,-2.997463
1752677412057,0.608820,-0.535861,-2.462171
1752677412061,0.486926,-0.415916,-1.977799
1752677412086,0.376627,-0.307381,-1.539503
1752677412090,0.279555,-0.212928,-1.156576
1752677412096,0.191718,-0.127460,-0.810074
1752677412118,0.117653,-0.055790,-0.518736
1752677412122,0.050359,0.008748,-0.255695
1752677412128,-0.010533,0.067146,-0.017675
1752677412152,-0.065633,0.119989,0.197703
1752677412157,-0.115492,0.167806,0.392593
1752677412162,-0.160608,0.211074,0.568945
1752677412208,-0.199144,0.247187,0.716710
1752677412231,-0.234014,0.279865,0.850420
1752677412256,-0.265567,0.309435,0.971410
1752677412286,-0.294119,0.336191,1.080891
1752677412302,-0.319955,0.360403,1.179958
1752677412318,-0.343333,0.382311,1.269601
1752677412322,-0.368204,0.406343,1.367941
1752677412329,-0.388176,0.426465,1.448065
1752677412338,-0.406248,0.444673,1.520567
1752677412342,-0.432531,0.471685,1.627131
1752677412358,-0.452678,0.493452,1.710068
1752677413522,-0.458816,0.503337,1.732074
1752677413549,-0.464371,0.512281,1.751987
1752677413574,-0.469397,0.520374,1.770005
1752677413596,-0.473945,0.527697,1.786310
1752677413616,-0.478061,0.534324,1.801064
1752677413632,-0.481785,0.540320,1.814414
1752677413650,-0.485154,0.545746,1.826494
1752677413661,-0.488203,0.550656,1.837425
1752677413677,-0.490963,0.555099,1.847317
1752677413681,-0.493459,0.559119,1.856267
1752677413685,-0.495718,0.562757,1.864366
1752677413701,-0.497763,0.566049,1.871695
1752677413705,-0.499613,0.569027,1.878326
1752677413709,-0.501286,0.571722,1.884327
1752677413725,-0.502801,0.574161,1.889757
1752677413729,-0.507304,0.578481,1.905445
1752677413733,-0.511378,0.582391,1.919641
1752677413769,-0.505005,0.572095,1.886329
1752677413793,-0.499239,0.562779,1.856186
1752677413819,-0.494021,0.554349,1.828911
1752677413844,-0.489299,0.546721,1.804230
1752677413848,-0.487666,0.543799,1.794605
1752677413854,-0.486188,0.541154,1.785895
1752677413868,-0.482211,0.534781,1.765306
1752677413872,-0.478613,0.529015,1.746675
1752677413879,-0.475357,0.523797,1.729817
1752677413897,-0.468887,0.515264,1.700528
1752677413913,-0.463033,0.507542,1.674025
1752677413931,-0.457735,0.500555,1.650043
1752677413943,-0.452942,0.494233,1.628342
1752677413949,-0.448604,0.488512,1.608706
1752677413960,-0.444679,0.483335,1.590937
1752677414022,-0.440046,0.478339,1.572849
1752677414069,-0.435854,0.473818,1.556481
1752677414117,-0.432061,0.469727,1.541669
1752677414155,-0.428628,0.466026,1.528267
1752677414178,-0.425522,0.462676,1.516140
1752677414199,-0.422712,0.459645,1.505166
1752677414203,-0.420129,0.456460,1.493739
1752677414218,-0.419715,0.456451,1.493405
1752677414222,-0.424218,0.461251,1.511454
1752677414226,-0.428293,0.465595,1.527785
1752677414232,-0.432581,0.470387,1.546142
1752677414242,-0.436462,0.474724,1.562754
1752677414250,-0.437297,0.477291,1.571067
1752677414264,-0.445270,0.490230,1.614554
1752677414276,-0.452484,0.501938,1.653905
1752677414291,-0.459013,0.512533,1.689512
1752677414294,-0.464920,0.522119,1.721732
1752677414299,-0.470265,0.530794,1.750887
1752677414322,-0.475102,0.538644,1.777269
1752677415568,-0.482829,0.549772,1.811583
1752677415596,-0.489822,0.559842,1.842633
1752677415625,-0.496149,0.568954,1.870730
1752677415652,-0.501874,0.577199,1.896154
1752677415674,-0.507055,0.584659,1.919159
1752677415693,-0.511743,0.591411,1.939976
1752677415715,-0.515985,0.597519,1.958812
1752677415728,-0.519823,0.603047,1.975857
1752677415743,-0.523296,0.608049,1.991281
1752677415746,-0.526439,0.612575,2.005237
1752677415752,-0.529283,0.616671,2.017866
1752677415756,-0.531856,0.620377,2.029293
1752677415760,-0.534185,0.623730,2.039634
1752677415768,-0.536292,0.626765,2.048990
1752677415794,-0.537460,0.625873,2.050983
1752677415798,-0.538517,0.625067,2.052787
1752677415802,-0.539473,0.624337,2.054419
1752677415814,-0.540338,0.623677,2.055895
1752677415824,-0.541121,0.623079,2.057231
1752677415828,-0.541829,0.622539,2.058440
1752677415848,-0.542470,0.622049,2.059534
1752677415859,-0.552061,0.629274,2.091413
1752677415869,-0.560740,0.635812,2.120260
1752677415891,-0.568593,0.641728,2.146363
1752677415902,-0.575698,0.647080,2.169982
1752677415910,-0.582128,0.651924,2.191355
1752677415919,-0.587947,0.656307,2.210695
1752677415922,-0.593212,0.660273,2.228195
1752677415927,-0.597976,0.663862,2.244030
1752677415948,-0.602287,0.667110,2.258359
1752677415954,-0.603509,0.668815,2.263910
1752677415958,-0.604616,0.670358,2.268933
1752677416231,-0.600259,0.675990,2.272532
1752677417284,-0.611918,0.679781,2.297310
1752677417305,-0.622469,0.683211,2.319731
1752677417323,-0.632015,0.686316,2.340019
1752677417341,-0.640654,0.689125,2.358377
1752677417356,-0.648471,0.691666,2.374989
1752677417371,-0.655544,0.693966,2.390020
1752677417383,-0.661944,0.696047,2.403622
1752677417396,-0.667736,0.697931,2.415930
1752677417406,-0.672976,0.699635,2.427067
1752677417416,-0.677718,0.701177,2.437145
1752677417426,-0.682009,0.702572,2.446264
1752677417437,-0.685892,0.703835,2.454515
1752677417447,-0.689406,0.704977,2.461982
1752677417450,-0.692585,0.706011,2.468739
1752677417454,-0.695462,0.706946,2.474852
1752677417463,-0.698065,0.707793,2.480384
1752677417466,-0.700420,0.708559,2.485390
1752677419811,-0.638550,0.654428,2.283280
1752677419840,-0.582566,0.605446,2.100396
1752677419879,-0.531906,0.561123,1.934909
1752677419907,-0.486066,0.521017,1.785164
1752677419929,-0.444587,0.484726,1.649663
1752677419945,-0.407053,0.451887,1.527052
1752677419964,-0.373089,0.422172,1.416104
1752677419975,-0.342356,0.395283,1.315710
1752677419985,-0.314547,0.370952,1.224866
1752677419989,-0.289383,0.348936,1.142663
1752677420003,-0.265503,0.326432,1.060296
1752677420013,-0.243894,0.306069,0.985764
1752677420023,-0.224341,0.287643,0.918322
1752677420036,-0.206647,0.270970,0.857295
1752677420047,-0.190637,0.255883,0.802073
1752677420051,-0.176150,0.242231,0.752104
1752677420055,-0.163636,0.229877,0.709294
1752677420060,-0.152312,0.218699,0.670556
1752677420084,-0.142066,0.208584,0.635503
1752677420088,-0.132794,0.199432,0.603784
1752677420091,-0.124405,0.191149,0.575083
1752677420113,-0.115585,0.182206,0.542496
1752677420117,-0.107603,0.174113,0.513009
1752677420121,-0.100381,0.166790,0.486327
1752677420147,-0.093846,0.160164,0.462184
1752677420151,-0.088255,0.154185,0.442045
1752677420155,-0.083195,0.148775,0.423823
1752677420181,-0.078617,0.143879,0.407334
1752677420184,-0.074474,0.139450,0.392413
1752677420189,-0.070726,0.135441,0.378912
1752677420531,-0.067783,0.131003,0.365889
1752677420536,-0.065121,0.126987,0.354106
1752677420750,-0.048709,0.126507,0.247042
1752677420771,-0.033857,0.126073,0.150162
1752677420790,-0.020419,0.125680,0.062498
1752677420810,-0.008259,0.125325,-0.016827
1752677420829,0.002745,0.125003,-0.088606
1752677420845,0.012701,0.124712,-0.153557
1752677420863,0.021711,0.124449,-0.212329
1752677420880,0.029863,0.124211,-0.265511
1752677420894,0.037240,0.123995,-0.313634
1752677420904,0.043916,0.123800,-0.357180
1752677420911,0.049956,0.123624,-0.396583
1752677420922,0.055422,0.123464,-0.432237
1752677420926,0.060368,0.123319,-0.464501
1752677420930,0.064843,0.123189,-0.493695
1752677421210,0.067397,0.126509,-0.532830
1752677421254,0.069708,0.129513,-0.568243
1752677421290,0.071799,0.132232,-0.600286
1752677421318,0.073692,0.134692,-0.629282
1752677421341,0.075404,0.136918,-0.655520
1752677421355,0.076954,0.138932,-0.679262
1752677421359,0.078356,0.140755,-0.700745
1752677421362,0.079624,0.142404,-0.720185
1752677421383,0.080472,0.144742,-0.744551
1752677421400,0.081240,0.146857,-0.766600
1752677421419,0.081934,0.148771,-0.786551
1752677421438,0.082563,0.150504,-0.804605
1752677421453,0.083131,0.152071,-0.820941
1752677421466,0.083646,0.153489,-0.835723
1752677421479,0.084111,0.154772,-0.849099
1752677421491,0.084532,0.155934,-0.861202
1752677421506,0.084914,0.156984,-0.872155
1752677421515,0.085259,0.157935,-0.882065
1752677421524,0.085571,0.158796,-0.891033
1752677421534,0.085853,0.159574,-0.899147
1752677421545,0.086109,0.160279,-0.906490
1752677421556,0.086340,0.160916,-0.913134
1752677421565,0.086549,0.161493,-0.919147
1752677421572,0.086738,0.162015,-0.924587
1752677421576,0.086910,0.162487,-0.929510
1752677421592,0.087065,0.162915,-0.933964
1752677421599,0.087116,0.165066,-0.941946
1752677421606,0.087162,0.167012,-0.949169
1752677421618,0.087204,0.168773,-0.955704
1752677421622,0.087242,0.170367,-0.961618
1752677421627,0.087276,0.171809,-0.966969
1752677421987,0.083133,0.155392,-0.888122
1752677421990,0.079384,0.140537,-0.816775
1752677422434,0.078688,0.127219,-0.754306
1752677422464,0.078058,0.115167,-0.697779
1752677422491,0.077489,0.104262,-0.646629
1752677422520,0.076973,0.094395,-0.600344
1752677422539,0.076507,0.085465,-0.558463
1752677422553,0.076084,0.077386,-0.520566
1752677422560,0.075703,0.070075,-0.486273
1752677422568,0.075357,0.063459,-0.455243
1752677422572,0.075044,0.057473,-0.427164
1752677422576,0.074761,0.052056,-0.401756
1752677422590,0.074505,0.047154,-0.378766
1752677422594,0.074273,0.042719,-0.357962
1752677422599,0.074064,0.038705,-0.339137
1752677422621,0.074511,0.034411,-0.324724
1752677422635,0.074917,0.030525,-0.311682
1752677422647,0.075283,0.027008,-0.299880
1752677422657,0.075615,0.023827,-0.289201
1752677422669,0.075915,0.020947,-0.279538
1752677422684,0.076187,0.018342,-0.270795
1752677422695,0.076432,0.015985,-0.262882
1752677422703,0.076655,0.013851,-0.255723
1752677422711,0.076856,0.011921,-0.249245
1752677422721,0.077038,0.010174,-0.243382
1752677422730,0.077203,0.008594,-0.238078
1752677422738,0.077352,0.007164,-0.233278
1752677422743,0.077487,0.005870,-0.228935
1752677422752,0.077609,0.004698,-0.225005
1752677423596,0.078029,0.002845,-0.223936
1752677423631,0.078410,0.001167,-0.222968
1752677423663,0.078754,-0.000351,-0.222093
1752677423689,0.079066,-0.001725,-0.221301
1752677423712,0.079347,-0.002967,-0.220585
1752677423731,0.079603,-0.004092,-0.219936
1752677423747,0.079833,-0.005110,-0.219349
1752677423764,0.080042,-0.006031,-0.218818
1752677423775,0.080231,-0.006864,-0.218338
1752677423781,0.080402,-0.007618,-0.217903
1752677423786,0.080557,-0.008300,-0.217510
1752677423804,0.099816,-0.034453,-0.132363
1752677423821,0.117242,-0.058117,-0.055316
1752677423835,0.133011,-0.079530,0.014402
1752677423845,0.147280,-0.098907,0.077488
1752677423851,0.160192,-0.116440,0.134574
1752677423856,0.171875,-0.132305,0.186228
1752677423860,0.182448,-0.146662,0.232970
1752677423875,0.192014,-0.159652,0.275265
1752677423896,0.201098,-0.155423,0.278692
1752677423913,0.209318,-0.151596,0.281794
1752677423931,0.216756,-0.148133,0.284600
1752677423949,0.223486,-0.145000,0.287140
1752677423966,0.229576,-0.142164,0.289438
1752677423980,0.235087,-0.139598,0.291517
1752677424014,0.240073,-0.137277,0.293399
1752677424021,0.244586,-0.135176,0.295101
1752677424025,0.248669,-0.133275,0.296642
1752677424069,0.252796,-0.127580,0.290188
1752677424112,0.256531,-0.122427,0.284348
1752677424152,0.259911,-0.117763,0.279064
1752677424185,0.262969,-0.113544,0.274283
1752677424209,0.265736,-0.109726,0.269956
1752677424228,0.268240,-0.106271,0.266041
1752677424237,0.270506,-0.103144,0.262498
1752677424244,0.272556,-0.100315,0.259292
1752677424247,0.273471,-0.097001,0.252302
1752677424250,0.273292,-0.093389,0.243092
1752677424257,0.273131,-0.090121,0.234758
1752677424294,0.272940,-0.087771,0.224893
1752677424314,0.272767,-0.085645,0.215967
1752677424330,0.272611,-0.083721,0.207890
1752677424346,0.272470,-0.081981,0.200581
1752677424359,0.272342,-0.080405,0.193968
1752677424363,0.273458,-0.079855,0.193148
1752677424368,0.273236,-0.078482,0.187241
1752677424377,0.273036,-0.077239,0.181896
1752677424381,0.272854,-0.076115,0.177060
1752677424397,0.271768,-0.075246,0.169254
1752677424408,0.270785,-0.074459,0.162190
1752677424411,0.269895,-0.073747,0.155799
1752677424415,0.269091,-0.073103,0.150015
1752677424424,0.268362,-0.072520,0.144781
1752677424428,0.267703,-0.071992,0.140046
1752677424868,0.268176,-0.076989,0.143800
1752677424872,0.268603,-0.081510,0.147197
1752677426095,0.274083,-0.092582,0.174344
1752677426120,0.279041,-0.102601,0.198908
1752677426146,0.283527,-0.111666,0.221136
1752677426168,0.287587,-0.119869,0.241249
1752677426198,0.291261,-0.127292,0.259449
1752677426217,0.294585,-0.134009,0.275917
1752677426234,0.297593,-0.140087,0.290819
1752677426247,0.300315,-0.145587,0.304304
1752677426256,0.302778,-0.150563,0.316506
1752677426260,0.305007,-0.155066,0.327547
1752677426264,0.307023,-0.159141,0.337538
1752677426273,0.308848,-0.162828,0.346578
1752677426283,0.310499,-0.166165,0.354759
1752677426286,0.311993,-0.169184,0.362161
1752677426290,0.310067,-0.168778,0.358070
1752677427246,0.255663,-0.077720,0.036272
1752677427273,0.206435,0.004677,-0.254915
1752677427296,0.161889,0.079236,-0.518403
1752677427320,0.121581,0.146702,-0.756826
1752677427358,0.085107,0.207751,-0.972570
1752677427378,0.052103,0.262992,-1.167791
1752677427394,0.022238,0.312979,-1.344441
1752677427408,-0.004786,0.358211,-1.504288
1752677427418,-0.029239,0.399139,-1.648929
1752677427422,-0.051366,0.436175,-1.779812
1752677427425,-0.071389,0.469688,-1.898244
1752677428667,-0.056057,0.423401,-1.737118
1752677428690,-0.042184,0.381517,-1.591320
1752677428711,-0.029631,0.343617,-1.459390
1752677428732,-0.018271,0.309323,-1.340011
1752677428753,-0.007993,0.278290,-1.231987
1752677428773,0.001308,0.250210,-1.134239
1752677428790,0.009724,0.224801,-1.045790
1752677428803,0.017340,0.201809,-0.965754
1752677428817,0.024231,0.181004,-0.893331
1752677428828,0.030467,0.162178,-0.827798
1752677429179,0.036284,0.144856,-0.769362
1752677429207,0.041547,0.129181,-0.716485
1752677429225,0.046310,0.114998,-0.668637
1752677429238,0.050619,0.102164,-0.625341
1752677429245,0.054519,0.090551,-0.586164
1752677429253,0.058048,0.080042,-0.550713
1752677429256,0.061241,0.070533,-0.518635
1752677429261,0.064130,0.061929,-0.489608
1752677429268,0.066744,0.054143,-0.463342
1752677429277,0.069110,0.047097,-0.439575
1752677429286,0.071251,0.040722,-0.418068
1752677429290,0.073189,0.034915,-0.398522
1752677429313,0.074943,0.029659,-0.380834
1752677429318,0.076530,0.024904,-0.364830
1752677429322,0.077966,0.020601,-0.350347
1752677429571,0.079292,0.016807,-0.337045
1752677429574,0.080491,0.013373,-0.325009
1752677430800,0.063006,0.046588,-0.432631
1752677430827,0.047185,0.076642,-0.530015
1752677430853,0.032869,0.103838,-0.618136
1752677430877,0.019914,0.128447,-0.697874
1752677430892,0.008192,0.150715,-0.770027
1752677430908,-0.002415,0.170865,-0.835316
1752677430911,-0.012013,0.189098,-0.894395
1752677430914,-0.020698,0.205597,-0.947854
1752677430918,-0.028557,0.220526,-0.996228
1752677430921,-0.035668,0.234035,-1.040000
1752677430933,-0.042103,0.246259,-1.079608
1752677430937,-0.047926,0.257320,-1.115449
1752677430948,-0.053195,0.267329,-1.147880
1752677430952,-0.057963,0.276386,-1.177226
1752677430973,-0.132899,0.393337,-1.633869
1752677431161,-0.374227,0.716164,-3.020492
1752677431214,-0.592599,1.008283,-4.275212
1752677431260,-0.790198,1.272614,-5.410577
1752677431265,-0.795480,1.294799,-5.464523
1752677431299,-0.973780,1.531875,-6.486754
1752677431320,-1.135119,1.746399,-7.411747
1752677431324,-1.281111,1.940517,-8.248749
1752677431328,-1.413215,2.116169,-9.006131
1752677431343,-1.554550,2.278784,-9.795246
1752677431347,-1.682440,2.425930,-10.509296
1752677431350,-1.798165,2.559078,-11.155422
1752677431357,-1.902881,2.679561,-11.740086
1752677431360,-1.997636,2.788583,-12.269133
1752677431373,-2.083378,2.887234,-12.747854
1752677431381,-2.160964,2.976501,-13.181038
1752677431390,-2.231169,3.057277,-13.573015
1752677431411,-2.460169,3.333827,-14.844520
1752677431415,-2.667386,3.584071,-15.995071
1752677431418,-2.854892,3.810511,-17.036177
1752677431441,-3.024561,4.015410,-17.978249
1752677431448,-3.178090,4.200819,-18.830706
1752677431452,-3.146947,4.154464,-18.642412
1752677431474,-3.118767,4.112518,-18.472031
1752677431482,-3.093268,4.074562,-18.317856
1752677431486,-3.070194,4.040217,-18.178347
1752677431506,-3.049315,4.009139,-18.052109
1752677431517,-3.030423,3.981017,-17.937880
1752677431521,-3.013327,3.955571,-17.834517
1752677431540,-2.997858,3.932545,-17.740986
1752677431551,-2.983860,3.911709,-17.656351
1752677431555,-2.971194,3.892855,-17.579767
1752677431576,-3.036603,3.972527,-17.935553
1752677431581,-3.095791,4.044621,-18.257494
1752677431584,-3.173144,4.140711,-18.683413
1752677431608,-6.460471,8.220913,-36.817070
1752677431619,-9.435092,11.912987,-53.225765
1752677431624,-12.126752,15.253853,-68.073586
1752677431643,-14.562368,18.276918,-81.509003
1752677431652,-12.016884,15.091990,-67.398079
1752677431658,-9.713538,12.210027,-54.629456
1752677431675,-9.474121,11.943491,-53.373753
1752677431710,-8.762684,11.064281,-49.428020
1752677431731,-8.118922,10.268704,-45.857624
1752677431750,-7.536398,9.548807,-42.626862
1752677431766,-7.009286,8.897390,-39.703426
1752677431777,-6.532316,8.307940,-37.058083
1752677431785,-6.250617,7.960376,-35.469448
1752677432061,-6.750200,8.528473,-38.009972
1752677432149,-7.202260,9.042530,-40.308826
1752677432215,-7.611319,9.507688,-42.389004
1752677432238,-5.775224,7.283174,-32.492989
1752677435964,-5.236635,6.613852,-29.546057
1752677437040,-4.748220,6.002959,-26.866495
1752677437071,-4.305984,5.450426,-24.440559
1752677437100,-3.905817,4.950452,-22.245390
1752677437125,-3.543715,4.498038,-20.259035
1752677437151,-3.216057,4.088660,-18.461634
1752677437169,-2.919569,3.718224,-16.835209
1752677437172,-2.651565,3.382778,-15.364765
1752677437176,-2.408773,3.079489,-14.032930
1752677437184,-2.189077,2.805050,-12.827785
1752677437189,-1.990280,2.556717,-11.737280
1752677437194,-1.810393,2.332007,-10.750509
1752677437207,-1.647618,2.128672,-9.857605
1752677437217,-1.500327,1.944680,-9.049638
1752677437221,-1.367047,1.778190,-8.318528
1752677437660,-1.251413,1.638700,-7.697158
1752677437686,-1.146778,1.512478,-7.134896
1752677437705,-1.052097,1.398263,-6.626119
1752677437721,-0.966422,1.294914,-6.165740
1752677437734,-0.888898,1.201395,-5.749154
1752677437744,-0.818747,1.116772,-5.372195
1752677437747,-0.755270,1.040199,-5.031095
1752677437967,-0.696533,0.967278,-4.708250
1752677438002,-0.643383,0.901295,-4.416116
1752677438029,-0.595289,0.841588,-4.151771
1752677438053,-0.551770,0.787560,-3.912571
1752677438074,-0.512391,0.738672,-3.696126
1752677438095,-0.476757,0.694435,-3.500270
1752677438098,-0.446174,0.656035,-3.330464
1752677438116,-0.414207,0.616407,-3.155472
1752677438136,-0.385281,0.580549,-2.997126
1752677438148,-0.359106,0.548102,-2.853843
1752677438164,-0.335422,0.518741,-2.724190
1752677438176,-0.313990,0.492174,-2.606869
1752677438185,-0.294597,0.468133,-2.500710
1752677438199,-0.277049,0.446380,-2.404648
1752677438203,-0.261170,0.426695,-2.317724
1752677438208,-0.246801,0.408883,-2.239069
1752677438249,-0.235937,0.395282,-2.183069
1752677438288,-0.226107,0.382975,-2.132396
1752677438325,-0.217211,0.371838,-2.086543
1752677438364,-0.209162,0.361760,-2.045052
1752677438405,-0.201878,0.352641,-2.007508
1752677438440,-0.195288,0.344390,-1.973535
1752677438471,-0.189324,0.336924,-1.942794
1752677438498,-0.183927,0.330167,-1.914977
1752677438511,-0.179044,0.324054,-1.889806
1752677438522,-0.174107,0.318125,-1.864719
1752677438526,-0.168096,0.311231,-1.832390
1752677438530,-0.162658,0.304992,-1.803136
1752677438540,-0.157737,0.299346,-1.776665
1752677442288,-0.155136,0.289555,-1.779666
1752677442931,-0.141875,0.283712,-1.736355
1752677442958,-0.129876,0.278425,-1.697164
1752677442999,-0.119018,0.273641,-1.661701
1752677443030,-0.109193,0.269311,-1.629611
1752677443051,-0.100302,0.265394,-1.600574
1752677443070,-0.092258,0.261849,-1.574299
1752677443089,-0.084978,0.258642,-1.550524
1752677443104,-0.078391,0.255739,-1.529010
1752677443124,-0.072431,0.253113,-1.509542
1752677443128,-0.067037,0.250737,-1.491927
1752677443131,-0.062157,0.248586,-1.475987
1752677443135,-0.057741,0.246640,-1.461563
1752677444269,-0.055359,0.246011,-1.448221
1752677444373,-0.056222,0.250051,-1.455308
1752677444403,-0.057003,0.253707,-1.461720
1752677444431,-0.057710,0.257016,-1.467523
1752677444455,-0.058349,0.260009,-1.472773
1752677444476,-0.058928,0.262718,-1.477524
1752677444497,-0.059452,0.265170,-1.481823
1752677444501,-0.056907,0.262777,-1.466554
1752677444513,-0.057623,0.265223,-1.471897
1752677444524,-0.058271,0.267436,-1.476731
1752677444528,-0.058857,0.269438,-1.481106
1752677444532,-0.059387,0.271250,-1.485064
1752677444538,-0.059867,0.272890,-1.488646
1752677444542,-0.060302,0.274374,-1.491887
1752677444550,-0.060695,0.275716,-1.494820
1752677444694,-0.059084,0.273601,-1.481401
1752677444843,-0.057369,0.272126,-1.474106
1752677444884,-0.055816,0.270790,-1.467504
1752677444922,-0.054411,0.269582,-1.461531
1752677444950,-0.053139,0.268488,-1.456126
1752677444969,-0.051989,0.267498,-1.451235
1752677444981,-0.050948,0.266603,-1.446809
1752677444984,-0.050006,0.265793,-1.442804
1752677444987,-0.049461,0.265412,-1.440849
1752677444996,-0.048967,0.265068,-1.439079
1752677445000,-0.048520,0.264757,-1.437478
1752677445010,-0.048116,0.264475,-1.436030
1752677445014,-0.047751,0.264220,-1.434719
1752677445017,-0.048104,0.265097,-1.439706
1752677445022,-0.048425,0.265891,-1.444218
1752677445041,-0.048714,0.266609,-1.448301
1752677445051,-0.048976,0.267260,-1.451996
1752677445055,-0.049214,0.267848,-1.455340
1752677445077,-0.049995,0.268998,-1.461490
1752677445081,-0.050703,0.270039,-1.467056
1752677445089,-0.051343,0.270980,-1.472092
1752677445097,-0.051922,0.271832,-1.476649
1752677445114,-0.052446,0.272603,-1.480772
1752677445118,-0.052921,0.273301,-1.484504
1752677445124,-0.053350,0.273932,-1.487880
1752677445136,-0.053738,0.274504,-1.490935
1752677445145,-0.054089,0.275021,-1.493700
1752677445154,-0.054230,0.275014,-1.494396
1752677445160,-0.054357,0.275007,-1.495026
1752677445169,-0.054826,0.275212,-1.497384
1752677445180,-0.055250,0.275396,-1.499518
1752677445184,-0.055634,0.275563,-1.501449
1752677445204,-0.055981,0.275714,-1.503196
1752677445220,-0.056295,0.275851,-1.504777
1752677445224,-0.056580,0.275975,-1.506208
1752677445230,-0.056837,0.276087,-1.507502
1752677445237,-0.057070,0.276188,-1.508674
1752677445252,-0.057281,0.276280,-1.509734
1752677445256,-0.056474,0.274636,-1.501761
1752677445262,-0.055744,0.273148,-1.494546
1752677445272,-0.053954,0.270685,-1.482123
1752677445281,-0.052334,0.268456,-1.470883
1752677445318,-0.049415,0.264111,-1.447814
1752677445351,-0.046774,0.260180,-1.426941
1752677445376,-0.044384,0.256623,-1.408053
1752677445382,-0.044049,0.256415,-1.407374
1752677445387,-0.043541,0.255920,-1.405590
1752677445391,-0.043081,0.255472,-1.403975
1752677445400,-0.040972,0.252282,-1.386919
1752677445428,-0.040207,0.250639,-1.377842
1752677445457,-0.039514,0.249153,-1.369628
1752677445475,-0.038888,0.247809,-1.362195
1752677445490,-0.038266,0.246515,-1.355177
1752677445498,-0.037703,0.245345,-1.348827
1752677445516,-0.036871,0.244543,-1.343755
1752677445531,-0.036118,0.243818,-1.339166
1752677445543,-0.035437,0.243161,-1.335013
1752677445634,-0.036167,0.243840,-1.339774
1752677445697,-0.036827,0.244454,-1.344081
1752677445755,-0.037425,0.245010,-1.347979
1752677445801,-0.037966,0.245513,-1.351506
1752677445842,-0.038455,0.245968,-1.354698
1752677445862,-0.038898,0.246379,-1.357586
1752677445866,-0.039279,0.247309,-1.362478
1752677445871,-0.040359,0.248560,-1.370504
1752677445879,-0.041336,0.249692,-1.377767
1752677445884,-0.044512,0.254476,-1.404704
1752677445887,-0.046142,0.257406,-1.421913
1752677445901,-0.047617,0.260057,-1.437485
1752677445915,-0.048951,0.262456,-1.451576
1752677445919,-0.050159,0.264627,-1.464326
1752677445934,-0.051252,0.266591,-1.475863
1752677445944,-0.052241,0.268368,-1.486303
1752677445948,-0.052785,0.269551,-1.492782
1752677445968,-0.053278,0.270621,-1.498645
1752677445979,-0.053724,0.271590,-1.503950
1752677445985,-0.054128,0.272466,-1.508751
1752677446007,-0.054493,0.273259,-1.513094
1752677446012,-0.054824,0.273976,-1.517025
1752677446023,-0.055123,0.274625,-1.520581
1752677446038,-0.055474,0.275460,-1.524430
1752677446045,-0.055792,0.276215,-1.527913
1752677446052,-0.056079,0.276898,-1.531064
1752677446069,-0.056339,0.277517,-1.533916
1752677446079,-0.056575,0.278076,-1.536496
1752677446083,-0.056788,0.278582,-1.538831
1752677446102,-0.056981,0.279040,-1.540944
1752677446110,-0.057155,0.279455,-1.542856
1752677446115,-0.055899,0.277325,-1.531423
1752677446134,-0.054763,0.275397,-1.521078
1752677446143,-0.053735,0.273653,-1.511717
1752677446147,-0.052804,0.272075,-1.503246
1752677446168,-0.051091,0.269766,-1.490926
1752677446178,-0.049541,0.267677,-1.479777
1752677446182,-0.048138,0.265787,-1.469689
1752677446202,-0.047024,0.264086,-1.461249
1752677446212,-0.046016,0.262548,-1.453612
1752677446217,-0.046602,0.263912,-1.461143
1752677446222,-0.047131,0.265146,-1.467959
1752677446233,-0.047611,0.266263,-1.474126
1752677446244,-0.048044,0.267273,-1.479707
1752677446249,-0.047893,0.267191,-1.479520
1752677446266,-0.047280,0.266615,-1.476695
1752677446277,-0.046725,0.266094,-1.474139
1752677446281,-0.046994,0.267071,-1.479415
1752677446300,-0.047315,0.267952,-1.484535
1752677446310,-0.047605,0.268750,-1.489168
1752677446315,-0.047492,0.268750,-1.489646
1752677446335,-0.046573,0.267830,-1.485389
1752677446345,-0.045740,0.266998,-1.481537
1752677446348,-0.045415,0.267167,-1.482566
1752677446369,-0.046058,0.268351,-1.488925
1752677446379,-0.046639,0.269422,-1.494680
1752677446383,-0.046766,0.269535,-1.495770
1752677446401,-0.046880,0.269637,-1.496757
1752677446412,-0.046984,0.269729,-1.497650
1752677446415,-0.046761,0.269260,-1.495423
1752677446435,-0.045960,0.268150,-1.489985
1752677446444,-0.045235,0.267145,-1.485065
1752677446448,-0.045345,0.267686,-1.488295
1752677446542,-0.044834,0.268606,-1.493201
1752677446615,-0.044372,0.269438,-1.497639
1752677446680,-0.043953,0.270191,-1.501656
1752677446683,-0.044250,0.270640,-1.504772
1752677446688,-0.044518,0.271046,-1.507592
1752677446693,-0.044761,0.271414,-1.510144
1752677446721,-0.045641,0.272673,-1.517034
1752677446743,-0.045102,0.273118,-1.519206
1752677446755,-0.044614,0.273521,-1.521171
1752677446760,-0.043902,0.273334,-1.520020
1752677446764,-0.043322,0.273284,-1.519646
1752677446770,-0.042796,0.273239,-1.519308
1752677446776,-0.042859,0.273974,-1.522464
1752677446820,-0.043628,0.274909,-1.526661
1752677446856,-0.044324,0.275755,-1.530459
1752677446890,-0.044954,0.276521,-1.533896
1752677446926,-0.045524,0.277213,-1.537006
1752677446964,-0.046039,0.277840,-1.539820
1752677446996,-0.046506,0.278408,-1.542367
1752677447028,-0.046928,0.278921,-1.544671
1752677447049,-0.047310,0.279385,-1.546756
1752677447066,-0.047656,0.279805,-1.548643
1752677447080,-0.047968,0.280186,-1.550350
1752677447095,-0.048251,0.280530,-1.551895
1752677447143,-0.049283,0.282204,-1.561481
1752677447192,-0.050216,0.283719,-1.570156
1752677447241,-0.051061,0.285090,-1.578006
1752677447273,-0.051825,0.286330,-1.585109
1752677447298,-0.052517,0.287452,-1.591536
1752677447316,-0.053143,0.288468,-1.597352
1752677447332,-0.053709,0.289387,-1.602615
1752677447345,-0.054221,0.290219,-1.607377
1752677447356,-0.054685,0.290971,-1.611686
1752677447360,-0.055104,0.291652,-1.615585
1752677447383,-0.054597,0.291504,-1.613971
1752677447400,-0.054137,0.291369,-1.612511
1752677447417,-0.053721,0.291248,-1.611189
1752677447432,-0.053345,0.291138,-1.609993
1752677447442,-0.053004,0.291038,-1.608911
1752677447446,-0.052696,0.290948,-1.607932
1752677447451,-0.052418,0.290867,-1.607046
1752677447458,-0.052165,0.290793,-1.606244
1752677447462,-0.052884,0.292029,-1.611587
1752677447480,-0.053534,0.293148,-1.616422
1752677447483,-0.054123,0.294160,-1.620796
1752677447489,-0.052555,0.290956,-1.603449
1752677447500,-0.051137,0.288056,-1.587753
1752677447508,-0.049853,0.285432,-1.573549
1752677447514,-0.048691,0.283057,-1.560697
1752677447532,-0.047640,0.280909,-1.549067
1752677447541,-0.046689,0.278965,-1.538544
1752677447547,-0.045828,0.277205,-1.529021
1752677447566,-0.045050,0.275613,-1.520404
1752677447582,-0.044345,0.274173,-1.512607
1752677447586,-0.043742,0.272879,-1.505811
1752677447601,-0.043869,0.272450,-1.503472
1752677447616,-0.043983,0.272062,-1.501356
1752677447620,-0.044087,0.271711,-1.499441
1752677447634,-0.044181,0.271393,-1.497709
1752677447642,-0.044266,0.271106,-1.496141
1752677447647,-0.044355,0.270833,-1.494786
1752677447666,-0.043433,0.269437,-1.487824
1752677447679,-0.042599,0.268174,-1.481524
1752677447683,-0.041844,0.267032,-1.475824
1752677447702,-0.041407,0.266229,-1.472022
1752677447710,-0.041012,0.265503,-1.468582
1752677447713,-0.040269,0.264074,-1.461516
1752677447733,-0.038943,0.262023,-1.451437
1752677447746,-0.037743,0.260167,-1.442317
1752677447749,-0.037877,0.260904,-1.446820
1752677447768,-0.040827,0.264799,-1.467635
1752677447777,-0.043495,0.268324,-1.486469
1752677447781,-0.045910,0.271514,-1.503512
1752677447800,-0.046399,0.272497,-1.508934
1752677447811,-0.046841,0.273387,-1.513840
1752677447820,-0.045808,0.271460,-1.503958
1752677447836,-0.044998,0.269894,-1.495754
1752677447845,-0.044266,0.268477,-1.488331
1752677447851,-0.044003,0.267950,-1.485585
1752677447867,-0.044373,0.268086,-1.486480
1752677447879,-0.044707,0.268210,-1.487291
1752677447883,-0.044126,0.266664,-1.479423
1752677447901,-0.042805,0.264397,-1.467947
1752677447914,-0.041610,0.262345,-1.457562
1752677447920,-0.040528,0.260488,-1.448166
1752677447933,-0.039549,0.258808,-1.439663
1752677447947,-0.038663,0.257288,-1.431969
1752677447951,-0.038235,0.256655,-1.428811
1752677448438,-0.042389,0.233396,-1.431319
1752677448466,-0.046148,0.212349,-1.433589
1752677448478,-0.049549,0.193305,-1.435643
1752677448485,-0.052626,0.176072,-1.437502
1752677468132,0.222638,0.082749,-1.729101
1752677468168,0.471718,-0.001696,-1.992962
1752677469799,0.314365,0.031024,-1.636809
1752677469909,0.076138,0.085522,-1.159925
1752677469939,-0.139428,0.134837,-0.728404
1752677469971,-0.334488,0.179460,-0.337932
1752677469999,-0.510993,0.219838,0.015396
1752677470014,-0.670708,0.256376,0.335115
1752677470027,-0.815230,0.289438,0.624419
1752677470030,-0.946005,0.319354,0.886204
1752677470034,-1.064340,0.346425,1.123087
1752677470042,-1.171418,0.370921,1.337436
1752677470046,-1.268310,0.393087,1.531395
1752677470049,-1.355985,0.413144,1.706904
1752677470058,-1.435321,0.431294,1.865718
1752677470062,-1.507109,0.447716,2.009424
1752677480377,-1.364716,0.405878,1.917862
1752677480405,-1.235868,0.368020,1.835009
1752677480431,-1.119277,0.333763,1.760037
1752677480454,-1.013776,0.302764,1.692198
1752677480475,-0.918311,0.274715,1.630811
1752677480494,-0.831928,0.249333,1.575264
1752677480509,-0.753761,0.226366,1.525001
1752677480521,-0.683030,0.205584,1.479519
1752677480530,-0.619027,0.186778,1.438364
1752677480534,-0.561113,0.169762,1.401123
1752677480537,-0.508708,0.154364,1.367425
1752677480545,-0.461288,0.140431,1.336932
1752677480563,-0.412455,0.129262,1.272390
1752677480578,-0.368268,0.119156,1.213988
1752677480592,-0.328285,0.110011,1.161141
1752677480605,-0.292105,0.101736,1.113321
1752677480619,-0.259366,0.094248,1.070050
1752677480629,-0.229742,0.087473,1.030895
1752677480639,-0.202935,0.081342,0.995464
1752677480643,-0.178679,0.075794,0.963404
1752677480646,-0.156730,0.070774,0.934394
1752677480657,-0.136869,0.066232,0.908143
1752677480661,-0.118897,0.062121,0.884390
1752677480676,-0.102635,0.058402,0.862896
1752677480680,-0.087919,0.055036,0.843446
1752677481498,-0.076485,0.057419,0.689844
1752677481530,-0.066139,0.059575,0.550853
1752677481558,-0.056776,0.061527,0.425084
1752677481583,-0.048304,0.063292,0.311279
1752677481601,-0.040638,0.064890,0.208299
1752677481616,-0.033702,0.066336,0.115115
1752677481632,-0.027425,0.067644,0.030796
1752677481644,-0.021745,0.068827,-0.045503
1752677481658,-0.016606,0.069899,-0.114544
1752677481662,-0.011955,0.070868,-0.177017
1752677481665,-0.007747,0.071745,-0.233548
1752677481674,-0.003939,0.072538,-0.284701
1752677481678,-0.000493,0.073256,-0.330988
1752677481682,0.002625,0.073906,-0.372872
1752677481691,0.005471,0.074489,-0.410489
1752677481695,0.008047,0.075017,-0.444526
1752677481707,0.010377,0.075494,-0.475327
1752677481711,0.012486,0.075926,-0.503197
1752677481720,0.015891,0.076105,-0.524107
1752677481743,0.018972,0.076267,-0.543029
1752677481747,0.021760,0.076414,-0.560150
1752677481755,0.024282,0.076547,-0.575643
1752677481771,0.026565,0.076667,-0.589662
1752677481775,0.028650,0.076797,-0.601976
1752677481788,0.030537,0.076914,-0.613119
1752677481803,0.032244,0.077020,-0.623202
1752677481808,0.033789,0.077116,-0.632326
1752677483137,0.038214,0.074315,-0.531356
1752677483161,0.039749,0.074814,-0.548020
1752677483185,0.043607,0.072232,-0.455069
1752677483211,0.044630,0.072930,-0.478989
1752677483231,0.045555,0.073561,-0.500634
1752677483248,0.046393,0.074132,-0.520220
1752677483263,0.047151,0.074649,-0.537942
1752677483274,0.050304,0.072083,-0.445951
1752677483283,0.053158,0.069761,-0.362710
1752677483293,0.053272,0.070694,-0.395416
1752677483303,0.053376,0.071538,-0.425010
1752677483313,0.055937,0.069267,-0.343761
1752677483320,0.055787,0.070247,-0.378270
1752677483323,0.055651,0.071133,-0.409495
1752677483327,0.055544,0.071960,-0.437270
1752677483338,0.055447,0.072707,-0.462402
1752677483344,0.055360,0.073384,-0.485144
1752677483352,0.055280,0.073996,-0.505722
1752677483356,0.055209,0.074550,-0.524343
1752677483371,0.055144,0.075052,-0.541193
1752677483376,0.055085,0.075505,-0.556440
1752677483386,0.056053,0.075783,-0.567366
1752677483405,0.056928,0.076034,-0.577254
1752677483409,0.057720,0.076272,-0.585937
1752677484019,0.050702,0.079486,-0.622147
1752677484036,0.044352,0.082395,-0.654912
1752677484050,0.038606,0.085026,-0.684561
1752677484066,0.033406,0.087408,-0.711389
1752677484081,0.028701,0.089563,-0.735666
1752677484096,0.024443,0.091512,-0.757633
1752677484109,0.020591,0.093277,-0.777510
1752677484123,0.017105,0.094873,-0.795497
1752677484138,0.013951,0.096318,-0.811772
1752677484151,0.011096,0.097625,-0.826500
1752677484161,0.008514,0.098808,-0.839826
1752677484171,0.006176,0.099878,-0.851885
1752677484186,0.004062,0.100847,-0.862797
1752677484196,0.002148,0.101723,-0.872670
1752677484203,0.000416,0.102516,-0.881605
1752677484206,-0.001150,0.103234,-0.889690
1752677484210,-0.002568,0.103883,-0.897005
1752677484217,-0.003851,0.104471,-0.903625
1752677484223,-0.005012,0.105003,-0.909615
1752677484240,-0.006063,0.105484,-0.915035
1752677484250,-0.007072,0.106380,-0.920260
1752677484256,-0.007984,0.107190,-0.924988
1752677484276,-0.008811,0.107924,-0.929267
1752677484280,-0.009558,0.108587,-0.933138
1752677484287,-0.010235,0.109188,-0.936642
1752677484303,-0.010847,0.109731,-0.939812
1752677484309,-0.011415,0.110076,-0.942686
1752677484320,-0.011567,0.110034,-0.943999
1752677484338,-0.011705,0.109996,-0.945187
1752677484419,-0.012070,0.103584,-0.758041
1752677484493,-0.012401,0.097781,-0.588697
1752677484561,-0.012700,0.092531,-0.435463
1752677484620,-0.012971,0.087780,-0.296805
1752677484673,-0.013216,0.083481,-0.171336
1752677484709,-0.013438,0.079591,-0.057803
1752677484732,-0.013639,0.076071,0.044930
1752677485627,-0.004604,0.076750,-0.020973
1752677485657,0.003570,0.077364,-0.080608
1752677485682,0.010968,0.077919,-0.134570
1752677485700,0.017661,0.078422,-0.183399
1752677485716,0.023718,0.078877,-0.227583
1752677485731,0.029199,0.079289,-0.267564
1752677485745,0.034158,0.079661,-0.303742
1752677485754,0.038646,0.079998,-0.336478
1752677485763,0.042706,0.080303,-0.366101
1752677485766,0.046381,0.080579,-0.392905
1752677485770,0.049706,0.080829,-0.417160
1752677485776,0.052714,0.081055,-0.439108
1752677485784,0.055437,0.081259,-0.458967
1752677485788,0.057900,0.081444,-0.476938
1752677485802,0.060129,0.081612,-0.493199
1752677485831,0.061666,0.072635,-0.454526
1752677485860,0.063057,0.064512,-0.419532
1752677485886,0.064315,0.057162,-0.387867
1752677485912,0.065454,0.050511,-0.359214
1752677485936,0.066485,0.044493,-0.333286
1752677485955,0.067417,0.039047,-0.309825
1752677485973,0.068261,0.034119,-0.288596
1752677486018,0.069024,0.029660,-0.269386
1752677486036,0.069715,0.025625,-0.252003
1752677486050,0.070340,0.021974,-0.236274
1752677486100,0.065355,0.021774,-0.161189
1752677486143,0.060845,0.021593,-0.093246
1752677486180,0.056764,0.021429,-0.031766
1752677486215,0.053070,0.021280,0.023865
1752677486243,0.049729,0.021146,0.074205
1752677486262,0.046705,0.021025,0.119756
1752677486265,0.044204,0.021125,0.157901
1752677486865,0.047246,0.026407,0.080318
1752677487159,0.050000,0.031187,0.010114
1752677487554,0.052745,0.036190,-0.052419
1752677487583,0.055229,0.040717,-0.109005
1752677487612,0.057477,0.044813,-0.160207
1752677487633,0.059511,0.048520,-0.206539
1752677487653,0.061351,0.051874,-0.248464
1752677487658,0.057104,0.046809,-0.187947
1752677487663,0.053260,0.042225,-0.133188
1752677487673,0.055695,0.046178,-0.182090
1752677487686,0.057899,0.049755,-0.226340
1752677487690,0.059893,0.052991,-0.266381
1752677488574,0.062005,0.055601,-0.302704
1752677488602,0.063917,0.057963,-0.335573
1752677488629,0.065647,0.060100,-0.365314
1752677488662,0.067212,0.062034,-0.392226
1752677488681,0.068628,0.063784,-0.416579
1752677488706,0.069910,0.065368,-0.438615
1752677488731,0.071070,0.066801,-0.458554
1752677488745,0.072119,0.068097,-0.476597
1752677488757,0.073069,0.069270,-0.492924
1752677488762,0.073928,0.070332,-0.507697
1752677489685,0.063514,0.070125,-0.363640
1752677489715,0.054091,0.069938,-0.233287
1752677489742,0.045564,0.069769,-0.115333
1752677489758,0.037848,0.069616,-0.008600
1752677489773,0.030866,0.069477,0.087980
1752677489782,0.024548,0.069352,0.175374
1752677489792,0.018831,0.069239,0.254453
1752677489802,0.013659,0.069136,0.326011
1752677489812,0.008978,0.069043,0.390761
1752677489817,0.004742,0.068959,0.449352
1752677489821,0.000909,0.068883,0.502370
1752677489825,-0.002559,0.068814,0.550344
1752677489840,-0.005697,0.068752,0.593755
1752677489847,-0.008537,0.068696,0.633037
1752677489852,-0.011106,0.068645,0.668581
1752677490237,-0.001730,0.070506,0.544195
1752677490243,0.006754,0.072190,0.431640
1752677490676,0.004732,0.070300,0.465616
1752677490706,0.002902,0.068590,0.496360
1752677490731,0.001246,0.067043,0.524179
1752677490750,-0.000252,0.065643,0.549352
1752677490763,-0.001608,0.064376,0.572130
1752677490773,-0.002835,0.063230,0.592742
1752677490776,-0.003945,0.062192,0.611393
1752677490782,0.003395,0.063510,0.490146
1752677490792,0.010037,0.064702,0.380432
1752677490798,0.007703,0.063524,0.419279
1752677490819,0.005590,0.062459,0.454431
1752677490825,0.012023,0.063751,0.348115
1752677490829,0.017844,0.064920,0.251912
1752677490839,0.023112,0.065978,0.164860
1752677490851,0.027878,0.066935,0.086089
1752677490856,0.032191,0.067801,0.014812
1752677490870,0.036094,0.068585,-0.049686
1752677490899,0.035660,0.063312,-0.017684
1752677490910,0.035268,0.058541,0.011273
1752677490922,0.034913,0.054223,0.037476
1752677490933,0.034592,0.050317,0.061186
1752677490948,0.034302,0.046782,0.082641
1752677490959,0.034039,0.043583,0.102054
1752677490970,0.033801,0.040688,0.119622
1752677490985,0.033586,0.038069,0.135518
1752677490991,0.033391,0.035699,0.149902
1752677491003,0.037710,0.040314,0.072639
1752677491014,0.041617,0.044491,0.002726
1752677491031,0.045153,0.048270,-0.060537
1752677491043,0.048353,0.051689,-0.117781
1752677491047,0.051248,0.054784,-0.169581
1752677491055,0.053868,0.057584,-0.216452
1752677491604,0.048056,0.056747,-0.116798
1752677491616,0.042797,0.055991,-0.026622
1752677491629,0.038038,0.055306,0.054975
1752677491641,0.041237,0.057345,-0.013445
1752677491654,0.044131,0.059191,-0.075357
1752677491664,0.039245,0.058202,0.010876
1752677491674,0.042329,0.059966,-0.053349
1752677491683,0.045120,0.061562,-0.111465
1752677491694,0.047645,0.063006,-0.164053
1752677491705,0.049930,0.064313,-0.211638
1752677491714,0.051997,0.065495,-0.254697
1752677491726,0.046363,0.063907,-0.151404
1752677491729,0.041265,0.062469,-0.057937
1752677491733,0.036652,0.061168,0.026639
1752677491739,0.032477,0.059991,0.103170
1752677491748,0.028700,0.058926,0.172421
1752677491756,0.025282,0.057962,0.235084
1752677491769,0.022189,0.057090,0.291787
1752677491775,0.019390,0.056301,0.343096
1752677491784,0.024363,0.058245,0.247268
1752677491808,0.028863,0.060005,0.160556
1752677491814,0.032934,0.061597,0.082092
1752677491827,0.036618,0.063038,0.011092
1752677491853,0.039952,0.064342,-0.053154
1752677491860,0.035977,0.063071,0.025291
1752677491864,0.039093,0.064416,-0.041153
1752677491878,0.041912,0.065634,-0.101277
1752677491885,0.044468,0.066742,-0.155810
1752677491889,0.046780,0.067744,-0.205155
1752677491893,0.048873,0.068650,-0.249806
1752677491907,0.050767,0.069471,-0.290210
1752677491917,0.052923,0.070254,-0.325816
1752677491922,0.054874,0.070963,-0.358035
1752677491926,0.056640,0.071605,-0.387189
1752677491947,0.058238,0.072185,-0.413570
1752677492511,0.042078,0.061102,-0.285488
1752677492523,0.046132,0.063771,-0.320184
1752677492535,0.049801,0.066186,-0.351580
1752677492540,0.053120,0.068371,-0.379989
1752677492543,0.056123,0.070348,-0.405696
1752677492548,0.040165,0.059440,-0.278363
1752677492554,0.025725,0.049569,-0.163143
1752677492570,0.012658,0.040638,-0.058882
1752677492574,0.019510,0.045253,-0.115134
1752677492583,0.007035,0.036732,-0.015441
1752677492603,0.014422,0.041719,-0.075825
1752677492615,0.021107,0.046231,-0.130466
1752677492619,0.027156,0.050315,-0.179908
1752677492641,0.032629,0.054010,-0.224648
1752677492645,0.037582,0.057353,-0.265131
1752677492668,0.033830,0.055093,-0.181214
1752677492673,0.038669,0.058334,-0.225829
1752677492688,0.034814,0.055980,-0.145651
1752677492699,0.031326,0.053851,-0.073100
1752677492716,0.028169,0.051925,-0.007450
1752677492727,0.025313,0.050181,0.051955
1752677492734,0.022728,0.048604,0.105709
1752677492745,0.020390,0.047176,0.154350
1752677492752,0.018274,0.045884,0.198364
1752677492759,0.016359,0.044715,0.238191
1752677492772,0.014626,0.043658,0.274229
1752677492782,0.013058,0.042701,0.306839
1752677492789,0.011639,0.041835,0.336348
1752677492801,0.010356,0.041051,0.363049
1752677492807,0.009194,0.040342,0.387210
1752677492894,0.010456,0.037952,0.391468
1752677492966,0.011598,0.035789,0.395322
1752677493034,0.012632,0.033832,0.398808
1752677493094,0.013567,0.032061,0.401963
1752677493145,0.014413,0.030459,0.404818
1752677493175,0.015179,0.029009,0.407401
1752677493184,0.016043,0.027760,0.410196
1752677493558,0.008885,0.025433,0.439531
1752677493600,0.002407,0.023328,0.466075
1752677493629,-0.003455,0.021423,0.490094
1752677493652,-0.008759,0.019699,0.511829
1752677493670,-0.013559,0.018139,0.531496
1752677493680,-0.017902,0.016727,0.549292
1752677493690,-0.021831,0.015450,0.565396
1752677493701,-0.025387,0.014294,0.579967
1752677493711,-0.028605,0.013249,0.593152
1752677493714,-0.031517,0.012302,0.605084
1752677493740,-0.028991,0.017393,0.636939
1752677493773,-0.026706,0.021999,0.665765
1752677493800,-0.024637,0.026166,0.691848
1752677493825,-0.022766,0.029938,0.715450
1752677493846,-0.021073,0.033351,0.736807
1752677493862,-0.019540,0.036439,0.756133
1752677493876,-0.018154,0.039233,0.773620
1752677493880,-0.009433,0.042753,0.637528
1752677493884,-0.001542,0.045937,0.514383
1752677493890,0.005599,0.048819,0.402951
1752677493899,0.012060,0.051427,0.302120
1752677493906,0.010441,0.052796,0.362795
1752677493913,0.008975,0.054034,0.417698
1752677493921,0.007649,0.055154,0.467379
1752677493928,0.006449,0.056168,0.512334
1752677493939,0.005364,0.057086,0.553012
1752677493943,0.004381,0.057916,0.589821
1752677493950,0.003644,0.058755,0.623226
1752677493970,0.002652,0.059448,0.658635
1752677493976,0.001755,0.060075,0.690676
1752677493986,0.000099,0.060575,0.722750
1752677494005,-0.001981,0.060846,0.756546
1752677494010,-0.003863,0.061092,0.787126
1752677494020,0.003523,0.062460,0.649994
1752677494039,0.010205,0.063698,0.525907
1752677494054,0.011656,0.058602,0.514951
1752677494069,0.012969,0.053990,0.505038
1752677494083,0.014157,0.049817,0.496068
1752677494087,0.008956,0.049753,0.552524
1752677494093,0.004250,0.049695,0.603610
1752677494097,-0.000009,0.049642,0.649837
1752677494103,-0.003862,0.049594,0.691666
1752677494109,-0.007349,0.049551,0.729516
1752677494117,-0.004229,0.045800,0.699192
1752677494121,-0.001405,0.042406,0.671753
1752677494673,0.000318,0.038273,0.666226
1752677494900,0.001877,0.034534,0.661225
1752677495892,0.006695,0.028801,0.667395
1752677495914,0.011054,0.023613,0.672978
1752677495937,0.014999,0.018919,0.678029
1752677495958,0.018568,0.014672,0.682601
1752677495975,0.021798,0.010828,0.686737
1752677495990,0.024720,0.007351,0.690480
1752677496007,0.027365,0.004204,0.693867
1752677496026,0.029758,0.001356,0.696931
1752677496041,0.031923,-0.001221,0.699704
1752677496053,0.033883,-0.003552,0.702214
1752677496063,0.035656,-0.005662,0.704484
1752677496071,0.037260,-0.007571,0.706539
1752677496075,0.038712,-0.009299,0.708398
1752677496078,0.040025,-0.010862,0.710081
1752677496088,0.041214,-0.012277,0.711603
1752677496091,0.042290,-0.013557,0.712980
1752677496424,0.044404,-0.003789,0.584249
1752677496435,0.046318,0.005050,0.467762
1752677496476,0.039001,0.003995,0.476499
1752677496499,0.032380,0.003040,0.484404
1752677496525,0.026388,0.002176,0.491557
1752677496539,0.020967,0.001394,0.498030
1752677496549,0.016062,0.000686,0.503887
1752677496560,0.011623,0.000046,0.509187
1752677496564,0.007606,-0.000534,0.513982
1752677496570,0.003971,-0.001058,0.518322
1752677496578,0.000682,-0.001532,0.522249
1752677496583,-0.002294,-0.001961,0.525802
1752677497051,0.008627,0.004934,0.415999
1752677497090,0.018508,0.011173,0.316642
1752677497104,0.027449,0.016819,0.226736
1752677497119,0.035540,0.021928,0.145382
1752677497130,0.042861,0.026550,0.071767
1752677497140,0.049486,0.030733,0.005154
1752677497145,0.055481,0.034519,-0.055122
1752677497148,0.060905,0.037944,-0.109664
1752677497152,0.065813,0.041043,-0.159018
1752677497160,0.070255,0.043847,-0.203677
1752677497168,0.074274,0.046385,-0.244088
1752677497173,0.077910,0.048681,-0.280655
1752677497182,0.081201,0.050759,-0.313743
1752677497199,0.084179,0.052639,-0.343684
1752677497205,0.086873,0.054341,-0.370777
1752677497214,0.089311,0.055880,-0.395292
1752677497233,0.091518,0.057273,-0.417476
1752677497238,0.093514,0.058534,-0.437549
1752677501816,0.090914,0.058231,-0.433010
1752677501846,0.088562,0.057958,-0.428903
1752677501869,0.086433,0.057710,-0.425187
1752677501886,0.084507,0.057486,-0.421825
1752677501899,0.082764,0.057283,-0.418782
1752677501912,0.081187,0.057100,-0.416028
1752677501926,0.079760,0.056934,-0.413537
1752677501941,0.078468,0.056784,-0.411282
1752677501951,0.077300,0.056648,-0.409242
1752677501962,0.076242,0.056525,-0.407396
1752677501969,0.075286,0.056414,-0.405726
1752677501976,0.074420,0.056313,-0.404215
1752677501980,0.073636,0.056222,-0.402847
1752677501985,0.072928,0.056139,-0.401609
1752677505834,0.073424,0.058604,-0.423439
1752677505863,0.073872,0.060834,-0.443193
1752677505888,0.074278,0.062851,-0.461067
1752677505912,0.074646,0.064677,-0.477241
1752677505933,0.074978,0.066330,-0.491877
1752677505946,0.075279,0.067825,-0.505120
1752677505959,0.075552,0.069177,-0.517104
1752677505974,0.075798,0.070402,-0.527947
1752677505983,0.076021,0.071509,-0.537759
1752677505999,0.076223,0.072512,-0.546638
1752677509922,0.075501,0.075049,-0.557054
1752677509955,0.074847,0.077345,-0.566478
1752677509978,0.074256,0.079422,-0.575006
1752677510000,0.073721,0.081302,-0.582723
1752677510019,0.073237,0.083003,-0.589706
1752677510038,0.072799,0.084542,-0.596024
1752677510054,0.072403,0.085935,-0.601741
1752677510067,0.072044,0.087195,-0.606915
1752677510077,0.071720,0.088336,-0.611597
1752677510093,0.071426,0.089368,-0.615833
1752677510512,0.076182,0.077793,-0.486571
1752677511419,0.084569,0.066952,-0.398038
1752677511511,0.091518,0.056848,-0.316593
1752677511606,0.096515,0.046799,-0.245368
1752677511633,0.101036,0.037705,-0.180918
1752677511663,0.105128,0.029477,-0.122599
1752677511668,0.110761,0.023232,-0.068690
1752677511687,0.113928,0.016380,-0.021046
1752677511703,0.116793,0.010180,0.022065
1752677511706,0.120676,0.005477,0.063548
1752677511716,0.122899,0.000314,0.098612
1752677511726,0.124911,-0.004358,0.130341
1752677511737,0.126732,-0.008585,0.159051
1752677511748,0.128379,-0.012410,0.185030
1752677511758,0.129869,-0.015871,0.208538
1752677511762,0.131218,-0.019004,0.229810
1752677512674,0.132301,-0.021127,0.242544
1752677512677,0.133414,-0.023381,0.255438
1752677512681,0.134421,-0.025421,0.267105
1752677512710,0.135199,-0.026934,0.276291
1752677512731,0.135903,-0.028303,0.284603
1752677512750,0.136540,-0.029542,0.292125
1752677512767,0.137116,-0.030663,0.298930
1752677512779,0.137638,-0.031677,0.305089
1752677512789,0.138110,-0.032595,0.310662
1752677512792,0.138537,-0.033426,0.315704
1752677512796,0.138923,-0.034177,0.320267
1752677512806,0.139273,-0.034858,0.324396
1752677512810,0.139589,-0.035473,0.328132
1752677513643,0.138286,-0.036789,0.324548
1752677513675,0.137106,-0.037980,0.321305
1752677513704,0.136039,-0.039057,0.318371
1752677513726,0.135074,-0.040032,0.315715
1752677513742,0.134200,-0.040914,0.313312
1752677513752,0.133409,-0.041713,0.311138
1752677513762,0.132694,-0.042435,0.309171
1752677513777,0.132047,-0.043089,0.307390
1752677513787,0.131461,-0.043680,0.305780
1752677513791,0.130931,-0.044215,0.304322
1752677513802,0.130451,-0.044700,0.303003
1752677513808,0.130017,-0.045138,0.301809
1752677513819,0.129624,-0.045534,0.300729
1752677513856,0.132306,-0.043452,0.308646
1752677513879,0.134732,-0.041567,0.315810
1752677513909,0.136928,-0.039862,0.322293
1752677513925,0.138915,-0.038319,0.328159
1752677513947,0.140713,-0.036922,0.333467
1752677513963,0.142339,-0.035659,0.338270
1752677513978,0.143812,-0.034515,0.342616
1752677513995,0.145144,-0.033481,0.346548
1752677513999,0.146064,-0.032361,0.348241
1752677514004,0.146898,-0.031348,0.349773
1752677514020,0.147652,-0.030432,0.351158
1752677514026,0.148334,-0.029602,0.352413
1752677514030,0.149236,-0.029035,0.355413
1752677514052,0.150052,-0.028522,0.358129
1752677514058,0.150736,-0.028083,0.360496
1752677514064,0.151354,-0.027685,0.362638
1752677514068,0.151843,-0.027485,0.365314
1752677514088,0.152285,-0.027304,0.367736
1752677514095,0.152334,-0.027273,0.367423
1752677514110,0.151572,-0.027510,0.364054
1752677514122,0.150883,-0.027724,0.361005
1752677514126,0.150259,-0.027918,0.358246
1752677514135,0.149695,-0.028094,0.355750
1752677514142,0.149185,-0.028253,0.353491
1752677514147,0.148723,-0.028396,0.351447
1752677514411,0.146873,-0.029310,0.347670
1752677514414,0.145200,-0.030136,0.344253
1752677517553,0.135119,-0.024070,0.295239
1752677517580,0.125997,-0.018580,0.250888
1752677517601,0.117743,-0.013613,0.210755
1752677517622,0.110274,-0.009119,0.174441
1752677517640,0.103515,-0.005051,0.141580
1752677517659,0.097399,-0.001371,0.111846
1752677517674,0.091866,0.001959,0.084939
1752677517686,0.086858,0.004972,0.060593
1752677517696,0.082327,0.007699,0.038562
1752677517706,0.078227,0.010166,0.018627
1752677517715,0.074517,0.012399,0.000589
1752677517725,0.071159,0.014419,-0.015734
1752677517730,0.068122,0.016247,-0.030504
1752677517735,0.065373,0.017902,-0.043869
1752677517746,0.062885,0.019398,-0.055963
1752677517750,0.060635,0.020753,-0.066906
1752677517764,0.058598,0.021978,-0.076809
1752677517770,0.056755,0.023087,-0.085769
1752677518048,0.072332,0.066741,-0.255693
1752677518092,0.086427,0.106242,-0.409452
1752677518130,0.099181,0.141986,-0.548585
1752677518146,0.117230,0.190857,-0.734934
1752677518153,0.127054,0.218552,-0.843106
1752677518157,0.135944,0.243612,-0.940988
1752677518163,0.143988,0.266289,-1.029559
1752677518488,0.135796,0.242127,-0.953728
1752677518522,0.128383,0.220264,-0.885111
1752677518564,0.121676,0.200480,-0.823022
1752677518598,0.115607,0.182578,-0.766838
1752677518617,0.110115,0.166379,-0.715999
1752677518630,0.105145,0.151722,-0.669996
1752677518634,0.100649,0.138458,-0.628369
1752677518637,0.096579,0.126456,-0.590702
1752677518647,0.092898,0.115596,-0.556618
1752677518650,0.089566,0.105769,-0.525776
1752677518654,0.086551,0.096876,-0.497868
1752677518668,0.083832,0.088765,-0.472366
1752677518672,0.081372,0.081425,-0.449290
1752677518683,0.068991,-0.029418,-0.083729
1752677518705,0.057789,-0.129716,0.247059
1752677518708,0.047652,-0.220474,0.546380
1752677518715,0.038479,-0.302598,0.817229
1752677518732,0.030179,-0.376910,1.062313
1752677518746,0.022668,-0.444154,1.284083
1752677518750,0.015872,-0.505001,1.484758
1752677518767,0.009723,-0.560059,1.666343
1752677518776,0.004158,-0.609881,1.830655
1752677518780,-0.000877,-0.654963,1.979337
1752677518797,-0.005434,-0.695756,2.113876
1752677518835,0.001230,-0.628436,1.894642
1752677518864,0.007261,-0.567519,1.696263
1752677518894,0.012717,-0.512397,1.516754
1752677518922,0.017655,-0.462518,1.354321
1752677518945,0.022123,-0.417385,1.207340
1752677518965,0.026166,-0.376544,1.074340
1752677518985,0.029824,-0.339588,0.953991
1752677519002,0.033134,-0.306148,0.845091
1752677519014,0.036130,-0.275889,0.746550
1752677519018,0.038840,-0.248508,0.657383
1752677519022,0.031081,-0.044441,-0.182097
1752677519029,0.024061,0.140214,-0.941721
1752677519035,0.027939,0.128235,-0.869497
1752677519038,0.031448,0.117397,-0.804143
1752677519042,0.034656,0.107619,-0.745060
1752677519086,0.036807,0.099625,-0.692018
1752677519123,0.038753,0.092391,-0.644022
1752677519155,0.040515,0.085845,-0.600591
1752677519184,0.042108,0.079922,-0.561292
1752677519206,0.043550,0.074562,-0.525730
1752677519223,0.044855,0.069712,-0.493552
1752677519441,0.051265,0.112167,-0.654101
1752677519483,0.057066,0.150583,-0.799378
1752677519516,0.062314,0.185345,-0.930835
1752677519538,0.067063,0.216801,-1.049787
1752677519557,0.071361,0.245264,-1.157424
1752677519568,0.075250,0.271019,-1.254822
1752677519571,0.078769,0.294325,-1.342955
1752677519576,0.081953,0.315414,-1.422704
1752677519601,0.079986,0.287258,-1.303967
1752677519618,0.078207,0.261780,-1.196524
1752677519635,0.076597,0.238727,-1.099302
1752677519655,0.075140,0.217866,-1.011328
1752677519672,0.073821,0.198989,-0.931723
1752677519692,0.072628,0.181908,-0.859690
1752677519706,0.071549,0.166452,-0.794509
1752677519720,0.070572,0.152466,-0.735529
1752677519734,0.069688,0.139811,-0.682159
1752677519744,0.068888,0.128360,-0.633866
1752677519760,0.068165,0.117997,-0.590167
1752677519772,0.067510,0.108621,-0.550624
1752677519789,0.066917,0.100136,-0.514843
1752677519795,0.066381,0.092459,-0.482466
1752677519802,0.065896,0.085512,-0.453169
1752677519806,0.065457,0.079225,-0.426658
1752677519812,0.065059,0.073537,-0.402670
1752677519819,0.064741,0.068543,-0.381648
1752677519835,0.064453,0.064025,-0.362627
1752677519841,0.064193,0.059936,-0.345414
1752677519846,0.063913,0.056305,-0.329578
1752677519867,0.063645,0.053039,-0.315373
1752677519874,0.063402,0.050084,-0.302520
1752677519879,0.063083,0.047477,-0.290558
1752677519904,0.062786,0.045122,-0.279851
1752677519908,0.062517,0.042991,-0.270163
1752677519912,0.062174,0.041153,-0.260968
1752677519935,0.061855,0.039483,-0.252642
1752677519939,0.061566,0.037972,-0.245108
1752677519944,0.061305,0.036605,-0.238291
1752677519965,0.061069,0.035368,-0.232122
1752677519972,0.060856,0.034249,-0.226540
1752677519977,0.060662,0.033236,-0.221489
1752677519998,0.060507,0.032358,-0.217073
1752677520007,0.060366,0.031564,-0.213077
1752677520501,0.060436,0.031016,-0.209897
1752677520517,0.060498,0.030521,-0.207020
1752677520528,0.060555,0.030072,-0.204417
1752677520533,0.060606,0.029667,-0.202061
1752677520592,0.065409,0.058912,-0.327407
1752677520610,0.069755,0.085376,-0.440830
1752677520629,0.073688,0.109322,-0.543463
1752677520647,0.077246,0.130991,-0.636333
1752677520666,0.080466,0.150598,-0.720369
1752677520682,0.083380,0.168340,-0.796411
1752677520698,0.086017,0.184394,-0.865219
1752677520713,0.088402,0.198922,-0.927482
1752677520729,0.090561,0.212067,-0.983822
1752677520741,0.092515,0.223962,-1.034803
1752677520751,0.094282,0.234725,-1.080935
1752677520761,0.095882,0.244464,-1.122678
1752677520770,0.097329,0.253277,-1.160450
1752677520780,0.098639,0.261252,-1.194629
1752677520790,0.099824,0.268468,-1.225557
1752677520797,0.100896,0.274998,-1.253543
1752677520808,0.101867,0.280906,-1.278867
1752677520812,0.102745,0.286253,-1.301782
1752677520817,0.103539,0.291091,-1.322517
1752677520841,0.104258,0.295468,-1.341279
1752677520847,0.104909,0.299430,-1.358257
1752677520851,0.105497,0.303014,-1.373620
1752677520878,0.108155,0.295867,-1.340133
1752677520889,0.110561,0.289400,-1.309831
1752677520895,0.112737,0.283548,-1.282412
1752677520906,0.114707,0.278252,-1.257601
1752677520912,0.116489,0.273461,-1.235150
1752677523511,0.109469,0.249635,-1.131883
1752677523546,0.103181,0.228121,-1.038520
1752677523575,0.097490,0.208652,-0.954039
1752677523605,0.092341,0.191036,-0.877593
1752677523628,0.087682,0.175096,-0.808420
1752677523646,0.083466,0.160672,-0.745826
1752677523664,0.079651,0.147620,-0.689187
1752677523679,0.076199,0.135809,-0.637935
1752677523695,0.073076,0.125122,-0.591559
1752677523698,0.070186,0.115407,-0.549514
1752677523701,0.067634,0.106661,-0.511549
1752677523711,0.065325,0.098747,-0.477196
1752677523715,0.063236,0.091585,-0.446110
1752677523719,0.061345,0.085105,-0.417981
1752677523755,0.058125,0.080990,-0.385844
1752677523769,0.055211,0.077266,-0.356763
1752677523784,0.052574,0.073897,-0.330449
1752677523805,0.050188,0.070848,-0.306638
1752677523819,0.048029,0.068089,-0.285092
1752677523830,0.046075,0.065593,-0.265596
1752677523843,0.044307,0.063334,-0.247954
1752677523848,0.042707,0.061290,-0.231991
1752677523852,0.041260,0.059440,-0.217546
1752677523858,0.039950,0.057766,-0.204475
1752677523882,0.038773,0.056269,-0.193067
1752677523888,0.037708,0.054915,-0.182744
1752677523893,0.036744,0.053689,-0.173404
1752677523911,0.035872,0.052580,-0.164951
1752677523915,0.035083,0.051577,-0.157303
1752677523922,0.034369,0.050668,-0.150383
1752677523934,0.033791,0.049907,-0.144717
1752677523940,0.033269,0.049218,-0.139589
1752677525802,0.048952,0.048436,-0.147490
1752677525832,0.063143,0.047728,-0.154639
1752677525859,0.075984,0.047088,-0.161108
1752677525884,0.087604,0.046508,-0.166961
1752677525907,0.098118,0.045984,-0.172258
1752677525927,0.107632,0.045509,-0.177051
1752677525942,0.116241,0.045080,-0.181387
1752677525955,0.124031,0.044691,-0.185312
1752677525966,0.131080,0.044340,-0.188863
1752677525970,0.137459,0.044022,-0.192076
1752677525974,0.143231,0.043734,-0.194984
1752677527455,0.144903,0.040881,-0.207192
1752677527481,0.146417,0.038299,-0.218239
1752677527513,0.147786,0.035963,-0.228235
1752677527526,0.149025,0.033849,-0.237280
1752677527538,0.150147,0.031936,-0.245465
1752677527551,0.151161,0.030205,-0.252871
1752677527564,0.152079,0.028639,-0.259573
1752677527577,0.152910,0.027222,-0.265637
1752677527587,0.153662,0.025940,-0.271125
1752677527612,0.154342,0.024779,-0.276090
1752677527622,0.154958,0.023729,-0.280583
1752677527639,0.155515,0.022779,-0.284649
1752677527642,0.156019,0.021919,-0.288328
1752677527662,0.156475,0.021141,-0.291657
1752677527672,0.156887,0.020437,-0.294669
1752677531748,0.133855,0.026104,-0.379606
1752677531778,0.113014,0.031232,-0.456463
1752677531807,0.094155,0.035872,-0.526009
1752677531827,0.077090,0.040071,-0.588939
1752677531840,0.061648,0.043870,-0.645884
1752677531850,0.047676,0.047308,-0.697411
1752677531860,0.035032,0.050418,-0.744037
1752677531869,0.023591,0.053233,-0.786227
1752677531880,0.013239,0.055780,-0.824405
1752677531884,0.003871,0.058085,-0.858950
1752677532420,0.015136,0.048849,-0.745397
1752677532442,0.025329,0.040491,-0.642645
1752677532462,0.034553,0.032928,-0.549668
1752677532478,0.042899,0.026085,-0.465535
1752677532495,0.050452,0.019892,-0.389405
1752677532505,0.057286,0.014289,-0.320517
1752677532515,0.063470,0.009219,-0.258182
1752677532532,0.069065,0.004631,-0.201777
1752677532544,0.074129,0.000479,-0.150737
1752677532561,0.078710,-0.003278,-0.104552
1752677532575,0.082856,-0.006677,-0.062761
1752677532587,0.086608,-0.009753,-0.024945
1752677532592,0.090002,-0.012536,0.009274
1752677532596,0.093074,-0.015055,0.040238
1752677532606,0.095854,-0.017334,0.068256
1752677532612,0.098369,-0.019396,0.093609
1752677532616,0.100645,-0.021262,0.116550
1752677539926,0.095099,-0.016504,0.145914
1752677539948,0.090081,-0.012198,0.172485
1752677539969,0.085541,-0.008302,0.196529
1752677539986,0.081432,-0.004777,0.218285
1752677540007,0.077714,-0.001587,0.237971
1752677540025,0.074350,0.001299,0.255785
1752677540040,0.071306,0.003911,0.271905
1752677540052,0.068551,0.006275,0.286491
1752677540061,0.066059,0.008414,0.299689
1752677540073,0.063803,0.010349,0.311632
1752677540082,0.061762,0.012100,0.322439
1752677540092,0.059916,0.013685,0.332218
1752677540095,0.058245,0.015118,0.341067
1752677543252,0.057139,0.015025,0.396189
1752677543274,0.056139,0.014941,0.446068
1752677543293,0.055234,0.014865,0.491202
1752677543312,0.054415,0.014796,0.532043
1752677543341,0.053674,0.014733,0.568998
1752677543372,0.053003,0.014676,0.602439
1752677543389,0.052397,0.014625,0.632698
1752677543407,0.051847,0.014579,0.660079
1752677543417,0.051351,0.014537,0.684855
1752677543421,0.050901,0.014499,0.707275
1752677543450,0.043192,0.009625,0.775053
1752677543473,0.036217,0.005214,0.836383
1752677543497,0.029905,0.001222,0.891880
1752677543520,0.024193,-0.002389,0.942097
1752677543539,0.019025,-0.005658,0.987538
1752677543565,0.014348,-0.008615,1.028656
1752677543578,0.010117,-0.011291,1.065863
1752677543589,0.006287,-0.013712,1.099530
1752677543601,0.002823,-0.015903,1.129995
1752677543608,-0.000313,-0.017886,1.157562
1752677543615,-0.003150,-0.019680,1.182506
1752677544219,0.005347,-0.008742,1.007206
1752677544223,0.013036,0.001155,0.848581
1752677544226,0.019993,0.010111,0.705045
1752677544236,0.026289,0.018215,0.575163
1752677544240,0.031985,0.025548,0.457636
1752677544449,0.029969,0.026986,0.531204
1752677544694,0.028245,0.028420,0.598871
1752677545307,0.032663,0.032765,0.477401
1752677545330,0.036660,0.036697,0.367487
1752677545347,0.040277,0.040255,0.268028
1752677545362,0.043550,0.043475,0.178030
1752677545378,0.046512,0.046388,0.096593
1752677545393,0.049192,0.049025,0.022903
1752677545408,0.051617,0.051410,-0.043778
1752677545420,0.053812,0.053569,-0.104115
1752677545432,0.055797,0.055522,-0.158713
1752677545445,0.057594,0.057289,-0.208117
1752677545459,0.059220,0.058889,-0.252822
1752677545469,0.060691,0.060336,-0.293274
1752677545472,0.062022,0.061645,-0.329878
1752677545476,0.063227,0.062830,-0.363001
1752677545485,0.064317,0.063902,-0.392972
1752677545490,0.065303,0.064873,-0.420092
1752677545506,0.065944,0.065661,-0.444155
1752677545513,0.066523,0.066374,-0.465928
1752677545523,0.067047,0.067019,-0.485631
1752677545537,0.067522,0.067603,-0.503459
1752677545544,0.067951,0.068131,-0.519591
1752677545547,0.068340,0.068609,-0.534189
1752677545560,0.068691,0.069042,-0.547398
1752677545858,0.070732,0.071679,-0.556904
1752677545932,0.059087,0.068346,-0.376148
1752677545937,0.048549,0.065331,-0.212586
1752677546125,0.052266,0.067314,-0.255741
1752677546151,0.055629,0.069109,-0.294791
1752677546172,0.058672,0.070733,-0.330127
1752677546192,0.061426,0.072202,-0.362101
1752677546212,0.063918,0.073532,-0.391034
1752677546232,0.066172,0.074735,-0.417214
1752677546252,0.068213,0.075824,-0.440904
1752677546268,0.070059,0.076809,-0.462341
1752677546282,0.071729,0.077700,-0.481738
1752677546292,0.073241,0.078507,-0.499290
1752677546303,0.074609,0.079237,-0.515173
1752677546313,0.075847,0.079897,-0.529544
1752677546325,0.076967,0.080495,-0.542549
1752677546335,0.077980,0.081036,-0.554317
1752677546341,0.078897,0.081525,-0.564965
1752677546377,0.078774,0.080570,-0.575296
1752677546402,0.078663,0.079706,-0.584645
1752677546423,0.078562,0.078925,-0.593105
1752677546455,0.078471,0.078217,-0.600759
1752677546478,0.078389,0.077577,-0.607686
1752677546495,0.078314,0.076998,-0.613954
1752677546512,0.078247,0.076474,-0.619625
1752677546519,0.078186,0.076000,-0.624757
1752677546523,0.077881,0.075593,-0.630304
1752677546526,0.077550,0.075195,-0.634495
1752677546537,0.077250,0.074836,-0.638289
1752677546542,0.076980,0.074510,-0.641721
1752677546547,0.076710,0.074213,-0.644458
1752677546562,0.076466,0.073944,-0.646935
1752677546568,0.076142,0.073735,-0.649517
1752677546573,0.075836,0.073545,-0.651610
1752677546604,0.075559,0.073373,-0.653503
1752677546609,0.075308,0.073218,-0.655217
1752677546612,0.075081,0.073077,-0.656767
1752677546629,0.074876,0.072950,-0.658170
1752677546634,0.074689,0.072848,-0.659404
1752677546639,0.074519,0.072755,-0.660520
1752677546663,0.074586,0.073082,-0.661794
1752677546677,0.074647,0.073378,-0.662947
1752677546692,0.074701,0.073646,-0.663991
1752677546703,0.074751,0.073888,-0.664935
1752677546711,0.074796,0.074107,-0.665789
1752677546715,0.074836,0.074306,-0.666562
1752677546719,0.074873,0.074486,-0.667262
1752677546735,0.074906,0.074648,-0.667895
1752677546739,0.074936,0.074795,-0.668467
1752677547072,0.052767,0.063018,-0.452480
1752677547074,0.032707,0.052361,-0.257038
1752677547272,0.037004,0.054432,-0.295844
1752677547298,0.040893,0.056306,-0.330959
1752677547324,0.044411,0.058001,-0.362734
1752677547353,0.047595,0.059535,-0.391487
1752677547376,0.050476,0.060924,-0.417504
1752677547396,0.053083,0.062180,-0.441046
1752677547415,0.055442,0.063317,-0.462349
1752677547429,0.057577,0.064345,-0.481625
1752677547439,0.059509,0.065276,-0.499068
1752677547452,0.061257,0.066118,-0.514852
1752677547460,0.062838,0.066880,-0.529134
1752677547472,0.064269,0.067570,-0.542057
1752677547476,0.065564,0.068194,-0.553752
1752677547481,0.066736,0.068758,-0.564333
1752677547499,0.067641,0.069285,-0.574442
1752677547864,0.068549,0.070187,-0.583574
1752677547868,0.052956,0.066379,-0.365887
1752677548908,0.055734,0.069025,-0.393613
1752677549595,0.057918,0.070252,-0.419328
1752677549598,0.059894,0.071362,-0.442598
1752677550134,0.061880,0.071857,-0.463459
1752677550156,0.063677,0.072306,-0.482336
1752677550182,0.065303,0.072711,-0.499417
1752677550197,0.066774,0.073079,-0.514874
1752677550217,0.068105,0.073411,-0.528860
1752677550231,0.069310,0.073712,-0.541515
1752677550252,0.070400,0.073984,-0.552967
1752677550265,0.071386,0.074230,-0.563330
1752677550275,0.072279,0.074452,-0.572706
1752677550279,0.073086,0.074654,-0.581191
1752677551172,0.074162,0.075449,-0.589164
1752677551207,0.075135,0.076168,-0.596378
1752677551240,0.076016,0.076819,-0.602906
1752677551266,0.076813,0.077407,-0.608813
1752677551284,0.077534,0.077940,-0.614159
1752677551296,0.078187,0.078422,-0.618995
1752677551299,0.078777,0.078859,-0.623372
1752677551309,0.078959,0.078809,-0.627253
1752677551318,0.079123,0.078764,-0.630765
1752677551328,0.079271,0.078724,-0.633943
1752677551338,0.079406,0.078687,-0.636819
1752677551346,0.079527,0.078654,-0.639421
1752677551355,0.079637,0.078624,-0.641776
1752677551365,0.079737,0.078597,-0.643906
1752677551372,0.079827,0.078572,-0.645834
1752677551376,0.079909,0.078550,-0.647579
1752677551397,0.079982,0.078530,-0.649158
1752677551400,0.080049,0.078512,-0.650586
1752677551404,0.080109,0.078495,-0.651879
1752677551428,0.080164,0.078480,-0.653048
1752677551432,0.080214,0.078467,-0.654106
1752677551435,0.080258,0.078454,-0.655064
1752677551466,0.080299,0.078443,-0.655931
1752677551472,0.080335,0.078433,-0.656715
1752677551477,0.080369,0.078424,-0.657424
1752677551504,0.080399,0.078416,-0.658067
1752677551515,0.080288,0.078309,-0.658427
1752677551519,0.080187,0.078212,-0.658753
1752677551535,0.080097,0.078125,-0.659048
1752677551538,0.080014,0.078045,-0.659315
1752677551543,0.079940,0.077973,-0.659557
1752677551567,0.079873,0.077909,-0.659775
1752677551570,0.079812,0.077850,-0.659973
1752677551576,0.079757,0.077797,-0.660152
1752677551597,0.079707,0.077748,-0.660314
1752677551705,0.079712,0.077811,-0.660356
1752677551709,0.079717,0.077867,-0.660394
1752677554991,0.079691,0.077964,-0.660606
1752677555022,0.079668,0.078051,-0.660797
1752677555048,0.079646,0.078131,-0.660970
1752677555063,0.079627,0.078203,-0.661127
1752677555076,0.079610,0.078268,-0.661269
1752677555086,0.079594,0.078326,-0.661397
1752677555096,0.079580,0.078380,-0.661514
1752677555100,0.079567,0.078428,-0.661619
1752677555103,0.079555,0.078471,-0.661714
1752677555112,0.079545,0.078511,-0.661800
1752677555116,0.079535,0.078546,-0.661878
1752677555129,0.079527,0.078579,-0.661948
1752677555134,0.079519,0.078608,-0.662012
1752677555138,0.079512,0.078634,-0.662070
1752677555161,0.079506,0.078658,-0.662122
1752677555166,0.079383,0.078656,-0.662560
1752677556522,0.080218,0.079658,-0.662245
1752677556548,0.080975,0.080565,-0.661959
1752677556571,0.081659,0.081385,-0.661701
1752677556590,0.082279,0.082128,-0.661468
1752677556607,0.082839,0.082799,-0.661256
1752677556632,0.083346,0.083407,-0.661065
1752677556648,0.083805,0.083957,-0.660892
1752677556661,0.084220,0.084455,-0.660735
1752677556672,0.084596,0.084905,-0.660594
1752677556675,0.084936,0.085313,-0.660465
1752677556679,0.085243,0.085682,-0.660349
1752677556689,0.085522,0.086015,-0.660244
1752677556693,0.085774,0.086317,-0.660149
1752677556696,0.086002,0.086591,-0.660063
1752677557172,0.085851,0.086600,-0.660389
1752677557196,0.085715,0.086609,-0.660684
1752677557223,0.085592,0.086616,-0.660950
1752677557239,0.085480,0.086624,-0.661192
1752677557252,0.085379,0.086630,-0.661410
1752677557262,0.085288,0.086636,-0.661608
1752677557265,0.085205,0.086641,-0.661787
1752677559562,0.085501,0.087324,-0.662374
1752677559595,0.085768,0.087942,-0.662905
1752677559626,0.086010,0.088501,-0.663386
1752677559655,0.086229,0.089007,-0.663821
1752677559679,0.086427,0.089465,-0.664215
1752677559700,0.086606,0.089879,-0.664571
1752677559708,0.086768,0.090254,-0.664894
1752677559713,0.086915,0.090593,-0.665186
1752677559718,0.087048,0.090900,-0.665450
1752677559726,0.087168,0.091178,-0.665689
1752677561469,0.087478,0.092612,-0.663063
1752677561495,0.087759,0.093910,-0.660688
1752677561520,0.088013,0.095085,-0.658538
1752677561548,0.088243,0.096148,-0.656593
1752677561570,0.088451,0.097110,-0.654833
1752677561595,0.088639,0.097980,-0.653240
1752677561615,0.088810,0.098768,-0.651799
1752677561632,0.088964,0.099480,-0.650495
1752677561646,0.089103,0.100125,-0.649315
1752677561649,0.089230,0.100709,-0.648247
1752677561653,0.089344,0.101237,-0.647281
1752677561660,0.089447,0.101714,-0.646407
1752677561666,0.089541,0.102147,-0.645616
1752677561940,0.089958,0.101326,-0.645040
1752677561975,0.090335,0.100583,-0.644520
1752677562004,0.090677,0.099910,-0.644049
1752677562030,0.090985,0.099302,-0.643623
1752677562051,0.091265,0.098752,-0.643237
1752677562066,0.091518,0.098254,-0.642888
1752677562072,0.091747,0.097803,-0.642572
1752677563015,0.092200,0.095432,-0.641686
1752677563043,0.092610,0.093288,-0.640883
1752677563067,0.092982,0.091347,-0.640158
1752677563089,0.093318,0.089591,-0.639501
1752677563104,0.093621,0.088002,-0.638906
1752677563117,0.093896,0.086564,-0.638369
1752677563130,0.094145,0.085262,-0.637882
1752677563143,0.094370,0.084085,-0.637442
1752677563159,0.094574,0.083020,-0.637043
1752677563164,0.094759,0.082055,-0.636683
1752677563167,0.094925,0.081183,-0.636356
1752677563179,0.095076,0.080394,-0.636061
1752677563183,0.095213,0.079679,-0.635794
1752677563192,0.095337,0.079033,-0.635552
1752677563200,0.095449,0.078448,-0.635333
1752677563927,0.095460,0.078366,-0.635352
1752677563960,0.095471,0.078292,-0.635369
1752677563993,0.095480,0.078225,-0.635384
1752677564019,0.095489,0.078165,-0.635397
1752677564042,0.095496,0.078110,-0.635410
1752677564061,0.095503,0.078060,-0.635421
1752677564078,0.095510,0.078015,-0.635431
1752677564090,0.095516,0.077975,-0.635440
1752677564101,0.095521,0.077938,-0.635449
1752677564105,0.095526,0.077905,-0.635456
1752677564108,0.095530,0.077875,-0.635463
1752677564115,0.095534,0.077847,-0.635469
1752677564126,0.095537,0.077823,-0.635475
1752677564601,0.195387,0.001037,-1.278142
1752677564927,0.185868,0.008402,-1.216874
1752677564956,0.177253,0.015066,-1.161433
1752677564982,0.169459,0.021096,-1.111267
1752677565005,0.162405,0.026552,-1.065872
1752677565026,0.156023,0.031490,-1.024796
1752677565044,0.150248,0.035957,-0.987627
1752677565059,0.145022,0.040000,-0.953994
1752677565071,0.140293,0.043658,-0.923560
1752677565082,0.136014,0.046969,-0.896021
1752677565085,0.132143,0.049964,-0.871101
1752677565088,0.128639,0.052674,-0.848553
1752677565095,0.125469,0.055127,-0.828149
1752677565101,0.122600,0.057346,-0.809686
1752677565287,0.245365,-0.036279,-1.577979
1752677565326,0.356453,-0.120998,-2.273188
1752677565362,0.456973,-0.197658,-2.902266
1752677565395,0.547931,-0.267026,-3.471502
1752677565425,0.630237,-0.329795,-3.986590
1752677565451,0.704713,-0.386594,-4.452681
1752677565471,0.772105,-0.437989,-4.874434
1752677565494,0.788353,-0.463443,-4.982815
1752677565510,0.803056,-0.486476,-5.080887
1752677565525,0.816360,-0.507317,-5.169630
1752677565540,0.935988,-0.638604,-5.968725
1752677565559,1.044236,-0.757402,-6.691806
1752677565573,1.142188,-0.864899,-7.346104
1752677565587,1.230821,-0.962171,-7.938162
1752677565598,1.311024,-1.050190,-8.473901
1752677565611,1.383597,-1.129836,-8.958677
1752677565622,1.449267,-1.201905,-9.397340
1752677565633,1.508690,-1.267119,-9.794274
1752677565637,1.562460,-1.326130,-10.153450
1752677565641,1.611115,-1.379527,-10.478459
1752677565649,1.655142,-1.427845,-10.772552
1752677565661,1.731005,-1.506585,-11.273159
1752677565665,1.799652,-1.577835,-11.726145
1752677565670,1.861768,-1.642308,-12.136041
1752677565692,1.917976,-1.700647,-12.506946
1752677565697,1.968837,-1.753437,-12.842567
1752677565701,2.014859,-1.801205,-13.146264
1752677565727,2.264926,-2.032006,-14.764544
1752677565731,2.491205,-2.240852,-16.228886
1752677565735,2.695959,-2.429831,-17.553932
1752677565760,2.881236,-2.600834,-18.752934
1752677565764,2.763275,-2.482601,-17.963774
1752677565768,2.656536,-2.375615,-17.249681
1752677565809,2.847428,-2.423039,-18.201508
1752677565839,3.020162,-2.465951,-19.062792
1752677565857,3.176464,-2.504782,-19.842146
1752677565876,3.317899,-2.539919,-20.547365
1752677565890,3.445879,-2.571714,-21.185499
1752677565904,3.561685,-2.600484,-21.762932
1752677565973,3.232234,-2.345905,-19.753344
1752677566036,2.934122,-2.115542,-17.934917
1752677566095,2.664367,-1.907093,-16.289469
1752677566143,2.420274,-1.718472,-14.800544
1752677566176,2.199399,-1.547794,-13.453253
1752677566197,1.999535,-1.393352,-12.234122
1752677566216,1.818646,-1.253475,-11.130993
1752677566224,1.654963,-1.126903,-10.132799
1752677566228,1.506850,-1.012372,-9.229558
1752677566241,1.501551,-0.971586,-9.184935
1752677566254,1.496755,-0.934681,-9.144556
1752677566264,1.492416,-0.901286,-9.108019
1752677566273,1.488489,-0.871068,-9.074957
1752677566283,1.484936,-0.843724,-9.045040
1752677566293,1.481721,-0.818981,-9.017969
1752677566297,1.478812,-0.796592,-8.993473
1752677566300,1.476179,-0.776333,-8.971308
1752677566306,1.473797,-0.758001,-8.951251
1752677566328,1.471642,-0.741413,-8.933102
1752677566365,1.801867,-1.034035,-11.209910
1752677566405,2.100680,-1.298821,-13.270138
1752677566439,2.371068,-1.538419,-15.134386
1752677566473,2.615736,-1.755226,-16.821299
1752677566507,2.837130,-1.951409,-18.347744
1752677566539,3.037463,-2.128930,-19.728985
1752677566572,3.218740,-2.289565,-20.978836
1752677566598,3.382773,-2.434919,-22.109795
1752677566622,3.531203,-2.566446,-23.133171
1752677566639,3.665513,-2.685462,-24.059198
1752677566655,3.787047,-2.793156,-24.897139
1752677566659,5.133131,-3.861184,-33.971920
1752677566677,5.157475,-3.928257,-34.312126
1752677566687,5.179505,-3.988951,-34.619968
1752677566691,5.354632,-4.177705,-36.038044
1752677566698,11.437050,-9.731244,-80.334488
1752677566702,16.940878,-14.756503,-120.417236
1752677566706,21.921154,-19.303734,-156.687119
1752677566727,26.427683,-23.418411,-189.506836
1752677566731,30.505529,-27.141680,-219.204575
1752677566735,34.195469,-30.510773,-246.077316
1752677566760,29.462938,-26.250839,-211.838440
1752677566763,30.293642,-27.061134,-218.367172
1752677566770,31.045326,-27.794352,-224.274857
1752677566791,31.725506,-28.457821,-229.620575
1752677566797,32.340984,-29.058178,-234.457779
1752677566801,32.897915,-29.601425,-238.834839
1752677566826,33.401867,-30.092997,-242.795532
1752677566831,33.857880,-30.537807,-246.379471
1752677566834,34.270515,-30.940306,-249.622482
1752677566898,34.643898,-31.304516,-252.557007
1752677566904,27.513432,-24.783749,-200.090210
1752677566910,25.299023,-22.783329,-184.036346
1752677566931,23.295258,-20.973200,-169.509613
1752677566937,21.482101,-19.335258,-156.364731
1752677566941,19.678061,-17.705297,-143.272263
1752677566959,-2.415543,1.967205,23.132812
1752677566964,-22.407494,19.768362,173.708618
1752677566968,-40.497711,35.876186,309.960938
1752677566993,-56.867096,50.451752,433.252258
1752677566997,-71.679344,63.640820,544.815491
1752677567001,-85.082581,75.575279,645.766296
1752677567024,-75.402054,66.983490,572.404297
1752677567029,-67.323853,59.823456,511.182770
1752677567033,-60.014088,53.344521,455.784912
1752677567058,-27.694767,24.994595,212.617905
1752677567328,-28.422586,25.455685,217.367661
1752677567333,-29.081173,25.872915,221.665604
1752677567383,-26.985077,23.939075,205.508575
1752677567420,-25.088373,22.189192,190.888489
1752677567446,-23.372093,20.605764,177.659134
1752677567449,-21.331245,18.805313,162.147141
1752677567453,-19.972361,17.543777,151.651794
1752677567462,-18.742741,16.402245,142.154816
1752677567471,-17.009377,14.896641,129.085434
1752677567481,-15.440898,13.534258,117.259270
1752677567491,-14.021621,12.301472,106.558067
1752677567502,-12.737352,11.185954,96.874817
1752677567506,-11.575250,10.176550,88.112686
1752677567511,-10.523692,9.263165,80.184052
1752677567524,-9.572164,8.436666,73.009628
1752677567532,-8.711149,7.688788,66.517670
1752677567536,-7.932039,7.012052,60.643261
1752677567556,-7.227042,6.399690,55.327652
1752677567566,-6.589107,5.845579,50.517693
1752677567573,-6.011856,5.344178,46.165279
1752677567591,-5.489516,4.890472,42.226887
1752677567601,-5.016863,4.479926,38.663136
1752677567608,-4.589172,4.108432,35.438385
1752677567632,-4.168582,3.747211,32.292789
1752677567638,-3.788002,3.420352,29.446417
1752677567643,-3.443623,3.124585,26.870806
1752677567660,-3.132004,2.856953,24.540199
1752677567664,-2.850028,2.614780,22.431292
1752677567668,-2.594874,2.395643,20.522993
1752677568088,-2.345219,2.173624,18.491550
1752677572464,-2.100047,1.968853,16.746815
1752677572500,-1.878197,1.783561,15.168046
1752677572527,-1.677450,1.615896,13.739458
1752677572550,-1.495800,1.464179,12.446764
1752677572572,-1.331428,1.326894,11.277038
1752677572585,-1.182693,1.202669,10.218581
1752677572595,-1.048106,1.090260,9.260810
1752677572606,-0.926322,0.988544,8.394147
1752677572616,-0.816122,0.896504,7.609925
1752677572619,-0.716405,0.813220,6.900302
1752677572808,-0.633918,0.731904,6.265125
1752677572849,-0.559277,0.658323,5.690370
1752677572886,-0.491737,0.591741,5.170288
1752677572918,-0.430621,0.531493,4.699678
1752677572943,-0.375319,0.476976,4.273836
1752677572962,-0.325278,0.427645,3.888501
1752677572972,-0.279996,0.383007,3.539822
1752677572979,-0.239023,0.342615,3.224310
1752677574002,-0.209127,0.317752,2.855920
1752677574028,-0.182075,0.295254,2.522574
1752677574050,-0.157597,0.274896,2.220937
1752677574068,-0.135447,0.256474,1.947993
1752677574084,-0.115404,0.239805,1.701013
1752677574097,-0.097267,0.224722,1.477526
1752677574112,-0.080856,0.211074,1.275299
1752677574131,-0.066006,0.198723,1.092309
1752677574144,-0.052569,0.187548,0.926726
1752677574154,-0.040410,0.177435,0.776894
1752677574474,-0.014533,0.186023,0.525197
1752677574479,0.008883,0.193794,0.297443
1752677575435,0.029875,0.195512,0.112851
1752677575438,0.048869,0.197067,-0.054183
1752677592694,0.052922,0.185362,-0.107048
1752677592716,0.056589,0.174771,-0.154885
1752677592740,0.059907,0.165188,-0.198171
1752677592752,0.062909,0.156516,-0.237340
1752677592766,0.065626,0.148668,-0.272782
1752677592779,0.068085,0.141568,-0.304854
1752677592793,0.070309,0.135143,-0.333874
1752677592804,0.072322,0.129329,-0.360134
1752677592814,0.074144,0.124068,-0.383896
1752677592818,0.075792,0.119307,-0.405397
1752677592822,0.077284,0.115000,-0.424854
1752677592833,0.078633,0.111102,-0.442459
1752677592837,0.079854,0.107575,-0.458390
1752677592854,0.080959,0.104383,-0.472805
1752677595802,0.093115,0.079798,-0.577624
1752677595827,0.104115,0.057552,-0.672473
1752677595852,0.114068,0.037422,-0.758299
1752677595879,0.123074,0.019206,-0.835960
1752677595903,0.131224,0.002724,-0.906234
1752677595926,0.138599,-0.012191,-0.969824
1752677595947,0.145271,-0.025687,-1.027364
1752677595959,0.151310,-0.037899,-1.079431
1752677595971,0.156773,-0.048949,-1.126545
1752677595977,0.161718,-0.058949,-1.169177
1752677595980,0.166191,-0.067997,-1.207754
1752677596001,0.169488,-0.079765,-1.241858
1752677596028,0.172471,-0.090414,-1.272718
1752677596049,0.175171,-0.100049,-1.300643
1752677596072,0.177613,-0.108769,-1.325911
1752677596093,0.179823,-0.116658,-1.348776
1752677596108,0.181823,-0.123798,-1.369465
1752677596112,0.183633,-0.130258,-1.388187
1752677596117,0.185271,-0.136103,-1.405127
1752677601545,0.180302,-0.133434,-1.430094
1752677601578,0.175806,-0.131018,-1.452685
1752677601607,0.171738,-0.128831,-1.473127
1752677601632,0.168056,-0.126853,-1.491625
1752677601653,0.164725,-0.125063,-1.508363
1752677601672,0.161711,-0.123443,-1.523509
1752677601688,0.158983,-0.121978,-1.537214
1752677601701,0.156515,-0.120652,-1.549616
1752677601710,0.154282,-0.119451,-1.560837
1752677601713,0.152261,-0.118366,-1.570992
1752677601717,0.150432,-0.117383,-1.580180
1752677601726,0.142923,-0.101066,-1.489450
1752677601730,0.136128,-0.086301,-1.407351
1752677601733,0.129979,-0.072941,-1.333061
1752677601740,0.124415,-0.060852,-1.265838
1752677601755,0.119380,-0.049912,-1.205010
1752677601760,0.114825,-0.040013,-1.149968
1752677601775,0.110702,-0.031056,-1.100162
1752677601783,0.106972,-0.022951,-1.055094
1752677601909,0.109777,-0.030470,-1.117886
1752677601968,0.112713,-0.038447,-1.182854
1752677602031,0.115369,-0.045664,-1.241643
1752677602086,0.117772,-0.052195,-1.294839
1752677602134,0.119947,-0.058105,-1.342975
1752677602137,0.115356,-0.047433,-1.274598
1752677602141,0.117414,-0.051279,-1.318926
1752677602161,0.119623,-0.057276,-1.364770
1752677602165,0.115017,-0.047017,-1.294693
1752677602170,0.116664,-0.052467,-1.323003
1752677602178,0.118642,-0.059228,-1.359795
1752677602182,0.120431,-0.065346,-1.393088
1752677602185,0.122051,-0.070882,-1.423213
1752677602194,0.123516,-0.075891,-1.450473
1752677602198,0.124842,-0.080424,-1.475139
1752677602208,0.126041,-0.084526,-1.497460
1752677602219,0.127127,-0.088237,-1.517657
1752677602222,0.128109,-0.091596,-1.535933
1752677602243,0.128534,-0.094165,-1.543651
1752677602252,0.128918,-0.096490,-1.550635
1752677602257,0.129265,-0.098594,-1.556955
1752677602275,0.129580,-0.100497,-1.562673
1752677602284,0.130115,-0.103105,-1.573063
1752677602290,0.130599,-0.105464,-1.582464
1752677602308,0.131037,-0.107600,-1.590971
1752677602322,0.131434,-0.109531,-1.598668
1752677602326,0.131792,-0.111280,-1.605634
1752677602341,0.132117,-0.112862,-1.611937
1752677602350,0.132410,-0.114293,-1.617640
1752677602355,0.132676,-0.115588,-1.622801
1752677602374,0.132917,-0.116760,-1.627470
1752677602384,0.133134,-0.117821,-1.631696
1752677602391,0.133331,-0.118780,-1.635520
1752677602409,0.133585,-0.119893,-1.642346
1752677602416,0.133808,-0.121036,-1.649231
1752677602426,0.134009,-0.122070,-1.655462
1752677602441,0.134108,-0.122883,-1.659170
1752677602450,0.134197,-0.123618,-1.662525
1752677602456,0.134278,-0.124284,-1.665561
1752677602474,0.134363,-0.124876,-1.668244
1752677602483,0.134474,-0.125541,-1.671437
1752677602490,0.134575,-0.126143,-1.674326
1752677602507,0.134666,-0.126688,-1.676940
1752677602517,0.134776,-0.127261,-1.679788
1752677602523,0.134875,-0.127779,-1.682366
1752677602542,0.135058,-0.128344,-1.686344
1752677602551,0.135170,-0.128908,-1.690101
1752677602556,0.135273,-0.129418,-1.693501
1752677602575,0.135219,-0.129637,-1.692892
1752677602584,0.135170,-0.129834,-1.692341
1752677602596,0.135127,-0.130013,-1.691842
1752677602609,0.134914,-0.129994,-1.688318
1752677602619,0.134937,-0.130838,-1.690054
1752677602630,0.134959,-0.131603,-1.691624
1752677603029,0.134212,-0.133243,-1.688648
1752677603034,0.133536,-0.134727,-1.685956
1752677603539,0.133954,-0.137235,-1.677375
1752677603569,0.134332,-0.139504,-1.669610
1752677603595,0.134674,-0.141557,-1.662584
1752677603619,0.134983,-0.143415,-1.656226
1752677603639,0.135263,-0.145096,-1.650473
1752677603654,0.135516,-0.146618,-1.645267
1752677603666,0.135746,-0.147994,-1.640556
1752677603676,0.135953,-0.149240,-1.636294
1752677603685,0.136141,-0.150367,-1.632437
1752677603689,0.136311,-0.151387,-1.628946
1752677604050,0.135309,-0.151411,-1.650181
1752677604084,0.134402,-0.151432,-1.669396
1752677604110,0.133582,-0.151452,-1.686784
1752677604130,0.132840,-0.151469,-1.702517
1752677604142,0.132169,-0.151485,-1.716753
1752677604153,0.131561,-0.151499,-1.729636
1752677604157,0.131011,-0.151512,-1.741293
1752677604160,0.130196,-0.150441,-1.745070
1752677604168,0.129459,-0.149472,-1.748488
1752677604176,0.128791,-0.148595,-1.751581
1752677604189,0.128188,-0.147801,-1.754380
1752677604194,0.127641,-0.147083,-1.756912
1752677604210,0.127147,-0.146433,-1.759204
1752677604222,0.126700,-0.145845,-1.761277
1752677604226,0.126295,-0.145313,-1.763154
1752677604261,0.125986,-0.145089,-1.768346
1752677604267,0.125707,-0.144886,-1.773045
1752677604271,0.125454,-0.144702,-1.777297
1752677604278,0.125226,-0.144536,-1.781144
1752677604295,0.124961,-0.144535,-1.785334
1752677604299,0.124721,-0.144533,-1.789126
1752677604310,0.124504,-0.144532,-1.792557
1752677604320,0.124308,-0.144531,-1.795661
1752677604328,0.124131,-0.144530,-1.798470
1752677604343,0.123970,-0.144530,-1.801012
1752677604355,0.123825,-0.144529,-1.803312
1752677604359,0.123693,-0.144528,-1.805394
1752677604713,0.123120,-0.146535,-1.805467
1752677604716,0.122601,-0.148351,-1.805534
1752677605749,0.122239,-0.153213,-1.853622
1752677605779,0.121911,-0.157612,-1.897136
1752677605798,0.121614,-0.161592,-1.936511
1752677605816,0.121346,-0.165194,-1.972140
1752677605830,0.121103,-0.168453,-2.004379
1752677605840,0.120883,-0.171403,-2.033552
1752677605849,0.120684,-0.174071,-2.059950
1752677605860,0.120504,-0.176486,-2.083837
1752677605871,0.120342,-0.178671,-2.105452
1752677605876,0.120194,-0.180649,-2.125010
1752677605882,0.120061,-0.182438,-2.142708
1752677605888,0.119940,-0.184057,-2.158723
1752677605902,0.119831,-0.185522,-2.173214
1752677605910,0.119008,-0.183754,-2.165030
1752677605915,0.118264,-0.182155,-2.157626
1752677605925,0.117591,-0.180707,-2.150925
1752677605938,0.116981,-0.179397,-2.144862
1752677605944,0.116430,-0.178212,-2.139376
1752677605948,0.115931,-0.177140,-2.134411
1752677605963,0.115480,-0.176169,-2.129919
1752677605968,0.115071,-0.175291,-2.125854
1752677605976,0.115289,-0.179259,-2.185861
1752677605994,0.110532,-0.157522,-2.038719
1752677605998,0.110358,-0.157444,-2.062325
1752677606009,0.110200,-0.157373,-2.083687
1752677606019,0.105927,-0.137719,-1.946264
1752677606027,0.106190,-0.139524,-1.978665
1752677606041,0.106429,-0.141158,-2.007984
1752677606050,0.106645,-0.142636,-2.034515
1752677606061,0.106840,-0.143974,-2.058521
1752677606075,0.102844,-0.125309,-1.923516
1752677606083,0.099228,-0.108420,-1.801352
1752677606098,0.100309,-0.113902,-1.886095
1752677606124,0.096931,-0.097871,-1.767427
1752677606135,0.098592,-0.104726,-1.885707
1752677606146,0.095377,-0.089568,-1.767076
1752677606164,0.097433,-0.095731,-1.889856
1752677606168,0.099293,-0.101308,-2.000957
1752677606172,0.096033,-0.086328,-1.871312
1752677614736,0.093331,-0.071813,-1.755420
1752677614759,0.090899,-0.058639,-1.650518
1752677614779,0.088700,-0.046719,-1.555595
1752677614799,0.086709,-0.035932,-1.469702
1752677614821,0.084908,-0.026172,-1.391979
1752677614839,0.083278,-0.017340,-1.321650
1752677614854,0.081803,-0.009348,-1.258011
1752677614873,0.080469,-0.002116,-1.200425
1752677614889,0.079261,0.004427,-1.148317
1752677614904,0.078168,0.010349,-1.101166
1752677614916,0.077180,0.015707,-1.058500
1752677614925,0.076285,0.020555,-1.019893
1752677614929,0.075461,0.024903,-0.984992
1752677614933,0.074715,0.028838,-0.953412
1752677614945,0.074040,0.032398,-0.924835
1752677614950,0.073429,0.035620,-0.898977
1752677614954,0.072891,0.038574,-0.875544
1752677614962,0.072404,0.041247,-0.854340
1752677614975,0.071963,0.043690,-0.835145
1752677615339,0.071632,0.046284,-0.817564
1752677615747,0.105185,0.002985,-1.795516
1752677615778,0.135546,-0.036194,-2.680441
1752677615807,0.163019,-0.071647,-3.481187
1752677615839,0.187879,-0.103727,-4.205762
1752677615863,0.210373,-0.132755,-4.861412
1752677615880,0.230729,-0.159022,-5.454693
1752677615893,0.249147,-0.182791,-5.991539
1752677615903,0.265814,-0.204299,-6.477317
1752677615913,0.280895,-0.223760,-6.916885
1752677615916,0.294542,-0.241371,-7.314640
1752677615948,0.352671,-0.559493,-11.030988
1752677615978,0.405271,-0.847355,-14.393818
1752677616004,0.452867,-1.107833,-17.436760
1752677616028,0.495935,-1.343534,-20.190241
1752677616054,0.534907,-1.556814,-22.681797
1752677616079,0.570172,-1.749805,-24.936344
1752677616101,0.602082,-1.924438,-26.976429
1752677616120,0.630956,-2.082459,-28.822451
1752677616135,0.657084,-2.225449,-30.492868
1752677616148,0.680726,-2.354836,-32.004387
1752677616161,0.702120,-2.471916,-33.372124
1752677616166,2.620994,-10.827030,-138.150146
1752677616169,2.457820,-10.138193,-129.420776
1752677616174,2.310167,-9.514881,-121.521790
1752677616183,2.176560,-8.950862,-114.374191
1752677616187,2.055663,-8.440495,-107.906509
1752677616191,1.946265,-7.978677,-102.054062
1752677616206,1.819993,-7.466266,-95.498291
1752677616215,1.705732,-7.002597,-89.566139
1752677616220,1.602341,-6.583035,-84.198288
1752677616236,1.527371,-6.280074,-80.341911
1752677616248,1.452684,-5.967654,-76.383728
1752677616254,1.385101,-5.684953,-72.802063
1752677616269,1.323947,-5.429144,-69.561104
1752677616280,-9.445355,44.127800,547.428711
1752677616286,-19.190228,88.970642,1105.727417
1752677616320,-17.388700,80.614777,1002.015747
1752677616341,-15.758543,73.053764,908.169617
1752677616363,-14.283454,66.211990,823.250610
1752677616383,-12.948683,60.021042,746.409485
1752677616400,-11.740882,54.419010,676.877869
1752677616417,-10.647973,49.349869,613.960449
1752677616434,-9.659027,44.762932,557.028076
1752677616453,-8.764154,40.612324,505.511353
1752677616465,-7.954406,36.856544,458.895172
1752677616474,-7.221685,33.458031,416.713348
1752677616479,-6.580551,30.444098,379.490601
1752677616483,-6.000405,27.716864,345.808685
1752677616502,-5.423142,25.086542,312.851227
1752677616511,-4.900792,22.706430,283.028839
1752677616519,-4.428131,20.552727,256.043304
1752677616528,-4.000431,18.603893,231.624756
1752677616536,-3.613416,16.840443,209.529022
1752677616798,-3.263065,15.245169,189.535400
1752677617052,-2.994728,13.806136,172.755280
1752677617069,-2.751917,12.503992,157.571365
1752677617086,-2.532203,11.325714,143.831818
1752677617103,-2.333390,10.259520,131.399246
1752677617116,-2.153488,9.294746,120.149323
1752677617125,-1.990700,8.421747,109.969543
1752677617135,-1.794804,7.627496,99.446167
1752677617145,-1.617543,6.908797,89.923828
1752677617160,-1.505737,6.262762,82.619247
1752677617173,-1.404566,5.678180,76.009514
1752677617183,-1.264426,5.144910,68.716583
1752677617194,-1.186210,4.666665,63.429340
1752677617199,-1.115434,4.233912,58.645046
1752677617202,-1.051390,3.842325,54.315857
1752677617207,-0.993439,3.487987,50.398479
1752677617215,-0.892408,3.163059,45.541798
1752677617219,-0.800987,2.869040,41.147110
1752677617225,-0.718263,2.602989,37.170464
1752677617234,-0.643408,2.362247,33.572098
1752677617248,-0.575673,2.144405,30.316025
1752677617270,-0.514556,1.946650,27.369064
1752677617287,-0.459252,1.767706,24.702433
1752677617307,-0.409209,1.605785,22.289463
1752677617326,-0.363927,1.459266,20.106028
1752677617344,-0.322951,1.326685,18.130291
1752677617360,-0.285874,1.206715,16.342497
1752677617371,-0.252324,1.098158,14.724766
1752677617382,-0.221965,0.999927,13.260921
1752677617390,-0.194494,0.911040,11.936325
1752677617401,-0.169636,0.830609,10.737731
1752677617407,-0.147143,0.757829,9.653153
1752677617413,-0.126789,0.691972,8.671746
1752677617417,-0.108372,0.632379,7.783695
1752677617431,-0.091707,0.578456,6.980120
1752677617435,-0.076652,0.529647,6.252914
1752677617447,-0.063037,0.485457,5.594919
1752677617455,-0.050716,0.445470,4.999515
1752677617459,-0.039568,0.409287,4.460749
1752677617463,-0.029481,0.376554,3.973260
1752677617473,-0.020392,0.346913,3.532038
1752677617482,-0.012167,0.320091,3.132787
1752677617493,-0.004726,0.295826,2.771551
1752677617506,-0.009031,0.294506,2.972306
1752677617515,-0.012927,0.293311,3.153965
1752677617531,-0.016453,0.292230,3.318344
1752677617551,-0.008622,0.270664,2.939511
1752677617564,-0.001537,0.251150,2.596714
1752677617576,0.004875,0.233492,2.286525
1752677617581,0.010633,0.217454,2.005698
1752677617585,0.015843,0.202941,1.751585
1752677617591,0.020558,0.189837,1.521675
1752677617609,0.024763,0.177919,1.313545
1752677617618,0.028568,0.167134,1.125213
1752677617636,0.032013,0.157431,0.954830
1752677617641,0.035130,0.148652,0.800655
1752677617648,0.037951,0.140708,0.661146
1752677617655,0.040499,0.133479,0.534999
1752677617670,0.042805,0.126937,0.420851
1752677617680,0.044892,0.121018,0.317562
1752677617690,0.046780,0.115644,0.224098
1752677617702,0.048454,0.110763,0.139433
1752677617714,0.049969,0.106345,0.062821
1752677617720,0.051339,0.102348,-0.006503
1752677617769,0.052605,0.098823,-0.069047
1752677617808,0.053751,0.095632,-0.125641
1752677617839,0.054787,0.092746,-0.176851
1752677617867,0.055725,0.090134,-0.223191
1752677617886,0.056574,0.087770,-0.265122
1752677617893,0.057371,0.085685,-0.303005
1752677617940,0.058056,0.083817,-0.337228
1752677617980,0.058676,0.082128,-0.368195
1752677618016,0.059237,0.080599,-0.396217
1752677618046,0.059745,0.079215,-0.421573
1752677618067,0.060205,0.077963,-0.444517
1752677618081,0.060621,0.076827,-0.465320
1752677618084,0.060949,0.075753,-0.484270
1752677618088,0.061245,0.074782,-0.501417
1752677618095,0.061512,0.073915,-0.516812
1752677618108,0.061754,0.073130,-0.530742
1752677619454,0.038914,0.081351,0.427509
1752677620083,0.041639,0.081498,0.324134
1752677620189,0.043976,0.080706,0.230408
1752677620219,0.046091,0.079990,0.145598
1752677620246,0.048005,0.079342,0.068856
1752677620271,0.049736,0.078755,-0.000586
1752677620296,0.051303,0.078225,-0.063423
1752677620315,0.052721,0.077744,-0.120282
1752677620319,0.054133,0.078234,-0.171548
1752677620331,0.055281,0.077753,-0.218122
1752677620341,0.056321,0.077317,-0.260266
1752677620352,0.057261,0.076923,-0.298400
1752677620363,0.058112,0.076567,-0.332907
1752677620373,0.058883,0.076244,-0.364132
1752677620378,0.059579,0.075952,-0.392386
1752677620391,0.039587,0.132432,0.831842
1752677620402,0.021495,0.183539,1.939616
1752677620408,0.005125,0.229785,2.942013
1752677620411,-0.009688,0.271631,3.849057
1752677620416,-0.023091,0.309497,4.669819
1752677620427,-0.035220,0.343761,5.412506
1752677620431,-0.046195,0.374765,6.084544
1752677620447,-0.035740,0.345057,5.442256
1752677620452,-0.026279,0.318175,4.861065
1752677620455,-0.025349,0.320541,4.897557
1752677620468,-0.024508,0.322681,4.930578
1752677620482,-0.023747,0.324618,4.960457
1752677620487,-0.015427,0.299680,4.425097
1752677620501,-0.042869,0.399588,5.906258
1752677620514,-0.067702,0.489992,7.246522
1752677620519,-0.090172,0.571797,8.459294
1752677620533,-0.110504,0.645819,9.556702
1752677620548,-0.107765,0.646759,9.477470
1752677620554,-0.105286,0.647609,9.405776
1752677620569,-0.119142,0.714430,10.201566
1752677620580,-0.131680,0.774895,10.921656
1752677620588,-0.143026,0.829608,11.573248
1752677620601,0.368054,-1.405268,-17.423342
1752677620614,0.271129,-0.918832,-11.411327
1752677620620,0.183424,-0.478667,-5.971206
1752677620636,0.104062,-0.080373,-1.048575
1752677620646,0.032249,0.280033,3.405791
1752677620652,-0.032732,0.606155,7.436435
1752677620668,0.068760,0.061122,0.772480
1752677620682,0.196731,-0.584681,-7.118459
1752677620687,0.312529,-1.169052,-14.258772
1752677620700,-0.341601,2.170915,26.570608
1752677620714,-0.377364,2.341784,28.551313
1752677620719,-0.409725,2.496400,30.343605
1752677620810,-0.293485,1.895524,23.390316
1752677620880,-0.188303,1.351806,17.098457
1752677620949,-0.093125,0.859809,11.405111
1752677621009,-0.007002,0.414614,6.253345
1752677621058,0.070929,0.011767,1.591639
1752677621093,0.141447,-0.352758,-2.626622
1752677621133,0.169794,-0.574473,-5.044031
1752677621145,0.190840,-0.756280,-7.033952
1752677621149,0.209883,-0.920792,-8.834581
1752677621154,0.308425,-1.839956,-18.459408
1752677621162,0.397593,-2.671684,-27.168673
1752677621165,0.478279,-3.424294,-35.049469
1752677621178,0.551290,-4.105312,-42.180607
1752677621187,0.540269,-4.005415,-41.282055
1752677621191,0.530296,-3.915020,-40.468979
1752677621200,0.521272,-3.833225,-39.733246
1752677621218,0.513106,-3.759210,-39.067497
1752677621222,0.505717,-3.692235,-38.465080
1752677621239,0.499031,-3.631632,-37.919968
1752677621252,0.492981,-3.576794,-37.426708
1752677621256,0.487507,-3.527172,-36.980370
1752677621275,0.482553,-3.482270,-36.576488
1752677621285,0.478071,-3.441640,-36.211029
1752677621290,0.474015,-3.404874,-35.880333
1752677621301,0.142193,-0.480960,-4.560246
1752677621316,-0.158064,2.164816,23.780519
1752677621322,-0.429760,4.558913,49.425369
1752677621334,-0.675610,6.725272,72.630753
1752677621349,-0.898074,8.685556,93.628731
1752677621354,-1.099376,10.459369,112.629280
1752677621368,-1.281529,12.064447,129.822403
1752677621389,-1.446355,13.516843,145.380035
1752677621392,-1.273637,11.993136,128.860535
1752677621400,-1.117349,10.614372,113.912445
1752677621416,-0.975927,9.366763,100.386292
1752677621421,-0.847959,8.237833,88.146812
1752677621435,-0.732163,7.216292,77.071609
1752677621452,-0.639665,6.391756,68.130859
1752677621456,-0.555966,5.645654,60.040600
1752677621468,-0.476916,4.923139,52.173492
1752677621481,-0.405386,4.269352,45.054741
1752677621487,-0.340661,3.677758,38.613159
1752677621535,-0.339352,3.610564,39.156979
1752677621563,-0.338167,3.549762,39.649067
1752677621588,-0.337095,3.494745,40.094345
1752677621612,-0.336125,3.444960,40.497269
1752677621637,-0.335248,3.399911,40.861862
1752677621655,-0.334454,3.359148,41.191776
1752677621669,-0.333735,3.322262,41.490307
1752677621676,-0.296048,3.012107,37.480453
1752677621687,-0.279531,2.814352,35.543343
1752677630796,-0.157090,2.468339,28.038490
1752677630820,-0.046296,2.155241,21.247536
1752677630839,0.053959,1.871926,15.102571
1752677630855,0.144677,1.615561,9.542147
1752677630870,0.226765,1.383583,4.510656
1752677630886,0.301045,1.173672,-0.042213
1752677630906,0.368259,0.983728,-4.161992
1752677630919,0.429080,0.811853,-7.889877
1752677630929,0.484114,0.656328,-11.263147
1752677630933,0.533914,0.515597,-14.315536
1752677630936,0.578976,0.388253,-17.077566
1752677630946,0.619752,0.273022,-19.576859
1752677630951,0.656649,0.168753,-21.838406
1752677630966,0.563318,0.251353,-17.322914
1752677630978,0.478865,0.326095,-13.236959
1752677630989,0.402446,0.393728,-9.539680
1752677630999,0.333296,0.454927,-6.194105
1752677631010,0.270724,0.510304,-3.166777
1752677631014,0.214104,0.560414,-0.427424
1752677631018,0.162870,0.605757,2.051349
1752677631025,0.116510,0.646786,4.294328
1752677631033,0.074559,0.683913,6.323945
1752677631051,0.036600,0.717508,8.160494
1752677631055,0.002251,0.747908,9.822342
1752677631075,-0.028831,0.775415,11.326106
1752677631573,0.765518,-1.503306,-35.283184
1752677631585,1.484305,-3.565265,-77.458771
1752677631594,2.134717,-5.431080,-115.622406
1752677631607,2.723258,-7.119409,-150.155731
1752677631622,3.255815,-8.647137,-181.404068
1752677631634,3.737712,-10.029539,-209.679916
1752677631649,4.173769,-11.280440,-235.266022
1752677631665,4.568346,-12.412350,-258.418243
1752677631682,4.925389,-13.436586,-279.368134
1752677631686,5.248468,-14.363393,-298.325165
1752677631692,4.867124,-13.286411,-276.142517
1752677631702,4.522056,-12.311877,-256.069977
1752677631707,4.209812,-11.430046,-237.906845
1752677631731,3.927270,-10.632099,-221.471481
1752677631737,3.671605,-9.910057,-206.599533
1752677631742,3.440260,-9.256699,-193.142273
1752677631755,3.230922,-8.665491,-180.965134
1752677631761,3.041497,-8.130522,-169.946350
1752677631765,2.870091,-7.646442,-159.975723
1752677631785,2.714990,-7.208410,-150.953552
1752677631789,2.574643,-6.812046,-142.789612
1752677631799,2.419397,-6.365429,-133.554352
1752677631818,2.278919,-5.961297,-125.197594
1752677631822,2.151804,-5.595607,-117.635773
1752677631833,2.036781,-5.264704,-110.793274
1752677631861,1.908335,-4.898509,-103.243591
1752677631865,1.792108,-4.567147,-96.412071
1752677631870,1.742080,-4.389992,-93.025986
1752677631898,1.795521,-4.453521,-94.840790
1752677631902,1.843878,-4.511007,-96.482964
1752677631910,1.732102,-4.212883,-90.157883
1752677631921,1.630958,-3.943118,-84.434471
1752677631925,1.539436,-3.699014,-79.255501
1752677631934,1.456619,-3.478131,-74.569176
1752677631951,1.393487,-3.304849,-70.875816
1752677631956,1.336361,-3.148050,-67.533783
1752677631965,1.343836,-3.136075,-67.381927
1752677631982,1.350600,-3.125238,-67.244514
1752677631990,1.356720,-3.115433,-67.120178
1752677631998,1.329024,-3.033971,-65.401047
1752677632215,1.208854,-2.739476,-59.242329
1752677632301,1.100115,-2.472995,-53.669456
1752677632370,1.001719,-2.231862,-48.626701
1752677632388,0.912636,-2.013730,-44.063602
1752677632404,0.832072,-1.816285,-39.934505
1752677632410,0.759172,-1.637622,-36.198189
1752677632419,0.693236,-1.475928,-32.817474
1752677633102,0.633472,-1.329880,-29.758129
1752677633127,0.613417,-1.305835,-28.662270
1752677633152,0.561246,-1.175967,-25.998188
1752677633173,0.514038,-1.058453,-23.587528
1752677633194,0.505345,-1.060228,-23.078646
1752677633220,0.463454,-0.953723,-20.945705
1752677633242,0.459572,-0.965460,-20.688126
1752677633257,0.422036,-0.867970,-18.782585
1752677633271,0.388070,-0.779754,-17.058308
1752677633292,0.391359,-0.808040,-17.170517
1752677633309,0.394335,-0.833635,-17.272053
1752677633337,0.374911,-0.815780,-16.299416
1752677633342,0.379452,-0.840639,-16.483814
1752677633368,0.361443,-0.822118,-15.586157
1752677633389,0.345147,-0.805358,-14.773890
1752677633395,0.329793,-0.778094,-14.062983
1752677633411,0.316508,-0.765523,-13.395607
1752677633425,0.304487,-0.754147,-12.791716
1752677633430,0.289189,-0.716877,-11.999315
1752677633436,0.279767,-0.710129,-11.528246
1752677633442,0.271241,-0.704022,-11.101987
1752677633448,0.263525,-0.698497,-10.716276
1752677633460,0.256544,-0.693497,-10.367256
1752677633467,0.250227,-0.688973,-10.051436
1752677637578,0.316836,-0.810909,-10.762720
1752677637604,0.377108,-0.921246,-11.406343
1752677637625,0.431647,-1.021087,-11.988740
1752677637653,0.480998,-1.111431,-12.515738
1752677637673,0.525654,-1.193181,-12.992604
1752677637693,0.566063,-1.267155,-13.424109
1752677637711,0.602627,-1.334091,-13.814568
1752677637724,0.635714,-1.394661,-14.167883
1752677637735,0.665653,-1.449468,-14.487590
1752677637739,0.692744,-1.499063,-14.776884
1752677637755,0.893515,-1.892582,-18.406044
1752677637770,1.075188,-2.248667,-21.689980
1752677637783,1.239579,-2.570880,-24.661531
1752677637796,1.388333,-2.862443,-27.350414
1752677637808,1.522936,-3.126271,-29.783518
1752677637818,1.644735,-3.365002,-31.985172
1752677637835,1.754949,-3.581024,-33.977394
1752677637847,1.854678,-3.776496,-35.780106
1752677637851,1.944920,-3.953375,-37.411335
1752677637856,1.838993,-3.716745,-35.250702
1752677637865,1.743141,-3.502624,-33.295601
1752677637869,0.906848,-1.863729,-17.022879
1752677637879,0.150107,-0.380734,-2.298098
1752677637886,-0.534649,0.961192,11.025990
1752677637897,-1.154268,2.175467,23.082626
1752677637912,-0.815080,1.542542,16.468033
1752677637917,-0.508157,0.969825,10.482652
1752677637928,-0.230431,0.451587,5.066629
1752677637952,0.020877,-0.017354,0.165806
1752677637956,0.248280,-0.441686,-4.268827
1752677637961,-0.018606,0.079974,1.116630
1752677637986,-0.260105,0.552011,5.989796
1752677637990,-0.127642,0.315277,3.341495
1752677637994,-0.007780,0.101062,0.945113
1752677638025,0.060725,-0.016130,-0.410590
1752677638031,0.122713,-0.122173,-1.637331
1752677638038,0.001511,0.094931,0.959247
1752677638054,-0.193321,0.430491,5.069008
1752677638059,-0.369620,0.734130,8.787828
1752677638063,-0.529148,1.008886,12.152897
1752677638086,-0.673502,1.257506,15.197863
1752677638090,-0.419566,0.837633,9.840803
1752677638095,-0.719033,1.331784,16.397636
1752677638114,-0.990014,1.778929,22.330753
1752677638119,-1.235218,2.183540,27.699482
1752677638129,-1.457097,2.549662,32.557510
1752677638145,-1.657869,2.880957,36.953419
1752677638150,-1.839543,3.180737,40.931168
1752677638163,-1.657881,2.883759,36.974480
1752677638179,-1.493500,2.615032,33.394173
1752677638188,-1.596361,2.742880,35.680607
1752677638194,-1.689438,2.858567,37.749542
1752677638219,-1.773660,2.963249,39.621670
1752677638223,-1.915701,3.155391,42.765400
1752677638227,-1.774951,2.924313,39.730339
1752677638249,-1.647590,2.715216,36.983990
1752677638253,-1.532344,2.526010,34.498886
1752677638262,-1.428061,2.354801,32.250179
1752677638278,-1.345115,2.214693,30.472740
1752677638284,-1.270060,2.087912,28.864380
1752677638295,-1.142579,1.895194,26.055668
1752677638311,-1.027225,1.720808,23.514133
1752677638336,-0.922867,1.563090,21.214348
1752677638357,-0.828437,1.420375,19.133329
1752677638374,-0.742988,1.291236,17.250267
1752677638392,-0.665668,1.174382,15.546331
1752677638407,-0.595704,1.068643,14.004482
1752677638417,-0.532394,0.972962,12.609301
1752677638425,-0.475107,0.886383,11.346836
1752677638429,-0.423269,0.808040,10.204463
1752677638433,-0.376363,0.737150,9.170758
1752677638444,-0.333919,0.672994,8.235403
1752677638448,-0.295523,0.614943,7.388994
1752677638452,-0.260780,0.562414,6.623099
1752677638461,-0.229344,0.514887,5.930122
1752677638466,-0.200922,0.471861,5.302999
1752677638479,-0.175204,0.432928,4.735531
1752677638489,-0.151932,0.397698,4.222043
1752677638495,-0.130874,0.365819,3.757401
1752677638511,-0.111819,0.336973,3.336957
1752677638520,-0.094582,0.310827,2.956582
1752677638536,-0.079020,0.287134,2.612295
1752677638544,-0.064937,0.265694,2.300758
1752677638551,-0.052204,0.246271,2.018816
1752677638568,-0.040656,0.228678,1.763779
1752677638578,-0.030207,0.212759,1.533002
1752677638585,-0.020754,0.198312,1.324218
1752677638595,-0.012200,0.185240,1.135294
1752677638611,-0.004461,0.173411,0.964342
1752677638618,0.002542,0.162700,0.809676
1752677638627,0.008870,0.153001,0.669698
1752677638644,0.014595,0.144226,0.543036
1752677638655,0.019771,0.136227,0.428452
1752677638662,0.024446,0.128973,0.324747
1752677638678,0.028677,0.122409,0.230906
1752677638683,0.032503,0.116455,0.146048
1752677638693,0.035966,0.111068,0.069262
1752677638711,0.039099,0.106194,-0.000221
1752677638721,0.041882,0.101726,-0.063223
1752677638728,-0.016873,0.210455,1.618343
1752677638749,-0.069792,0.309269,3.143751
1752677638754,-0.117678,0.398684,4.524055
1752677638765,-0.100003,0.366360,4.030621
1752677638786,-0.084009,0.337111,3.584124
1752677638793,-0.069537,0.310620,3.180165
1752677638797,-0.124692,0.419926,4.820054
1752677638826,-0.106394,0.385527,4.298403
1752677638832,-0.089837,0.354422,3.826374
1752677638839,-0.074854,0.326276,3.399246
1752677638856,-0.126961,0.431545,4.973032
1752677638860,-0.174111,0.526800,6.397111
1752677638873,-0.151099,0.482304,5.725453
1752677638881,-0.178406,0.537093,6.564539
1752677638886,-0.203115,0.586670,7.323806
1752677638899,-0.240528,0.663092,8.438456
1752677638913,-0.274382,0.732244,9.447075
1752677638920,-0.241828,0.668160,8.485237
1752677638938,-0.276207,0.740926,9.537895
1752677638947,-0.243499,0.676004,8.567361
1752677638953,-0.213904,0.617267,7.689162
1752677638967,-0.187123,0.564116,6.894502
1752677638988,-0.221666,0.639021,7.977395
1752677638993,-0.251909,0.697281,8.837271
1752677638998,-0.221475,0.636565,7.933474
1752677639024,-0.256408,0.694872,8.853758
1752677639029,-0.288018,0.747633,9.686500
1752677639034,-0.313593,0.787176,10.332619
1752677639047,-0.336552,0.821225,10.894905
1752677639056,-0.357326,0.852036,11.403704
1752677639075,-0.316831,0.776626,10.255798
1752677639091,-0.340503,0.811773,10.848678
1752677639095,-0.361923,0.843576,11.385159
1752677639100,-0.385030,0.878649,11.961339
1752677639114,-0.395746,0.892946,12.208835
1752677639121,-0.351591,0.813631,10.984371
1752677639129,-0.311637,0.741861,9.876385
1752677639147,-0.275484,0.676918,8.873796
1752677639154,-0.242770,0.618152,7.966578
1752677639162,-0.279861,0.678410,8.905570
1752677639179,-0.300214,0.713078,9.438656
1752677639185,-0.318630,0.744449,9.921032
1752677639197,-0.347134,0.795912,10.671297
1752677639214,-0.364511,0.828143,11.132216
1752677639220,-0.380236,0.857307,11.549292
1752677639229,-0.390083,0.874594,11.805814
1752677639252,-0.398993,0.890236,12.037934
1752677639258,-0.407055,0.904390,12.247974
1752677639263,-0.407880,0.906122,12.285079
1752677639279,-0.424276,0.934174,12.731056
1752677639287,-0.439112,0.959558,13.134610
1752677639298,-0.428476,0.937065,12.867426
1752677639314,-0.421816,0.921349,12.703713
1752677639327,-0.415789,0.907129,12.555573
1752677639334,-0.410336,0.894261,12.421526
1752677639347,-0.403732,0.880816,12.266756
1752677639352,-0.397757,0.868649,12.126708
1752677639370,-0.386290,0.845716,11.834618
1752677639383,-0.379073,0.830068,11.658101
1752677639395,-0.372543,0.815909,11.498376
1752677639406,-0.330574,0.744297,10.341362
1752677639416,-0.292596,0.679497,9.294409
1752677639420,-0.258231,0.620862,8.347048
1752677639436,-0.227136,0.567804,7.489804
1752677639445,-0.198998,0.519794,6.714106
1752677639451,-0.173535,0.476364,6.012184
1752677639518,-0.150421,0.437733,5.377080
1752677639566,-0.129505,0.402777,4.802390
1752677639611,-0.110579,0.371146,4.282368
1752677639650,-0.093453,0.342524,3.811812
1752677639677,-0.077956,0.316625,3.386019
1752677639684,-0.063939,0.293130,3.000724
1752677641385,-0.051320,0.271425,2.652096
1752677641415,-0.039902,0.251785,2.336631
1752677641442,-0.029570,0.234012,2.051175
1752677641466,-0.020221,0.217931,1.792873
1752677641490,-0.011761,0.203379,1.559142
1752677641505,-0.004105,0.190211,1.347644
1752677641519,0.002822,0.178296,1.156265
1752677641528,0.009090,0.167515,0.983091
1752677641537,0.014761,0.157759,0.826391
1752677641541,0.019894,0.148931,0.684596
1752677641544,0.024538,0.140942,0.556289
1752677642707,0.028781,0.133422,0.440586
1752677642732,-0.034684,0.215597,2.052911
1752677642753,-0.024807,0.200975,1.794842
1752677642775,-0.015870,0.187744,1.561321
1752677642797,-0.075088,0.264751,3.067037
1752677642815,-0.128673,0.334433,4.429521
1752677642831,-0.177160,0.397487,5.662399
1752677642844,-0.221036,0.454542,6.778000
1752677642853,-0.260737,0.506170,7.787479
1752677642862,-0.296662,0.552887,8.700932
1752677642872,-0.329170,0.595160,9.527493
1752677642881,-0.291280,0.544433,8.558404
1752677642884,-0.324299,0.587510,9.398522
1752677642888,-0.354178,0.626490,10.158725
1752677642893,-0.381214,0.661761,10.846613
1752677642897,-0.405679,0.693678,11.469066
1752677642918,-0.420411,0.733011,11.916950
1752677642928,-0.373880,0.668981,10.720428
1752677642938,-0.391638,0.710664,11.239527
1752677642949,-0.407706,0.748382,11.709246
1752677642956,-0.422245,0.782512,12.134283
1752677642960,-0.375542,0.713725,10.917133
1752677642977,-0.333281,0.651481,9.815764
1752677642983,-0.295041,0.595158,8.819163
1752677642993,-0.489391,0.983572,13.962542
1752677643010,-0.665253,1.335038,18.616657
1752677643016,-0.824386,1.653071,22.828051
1752677643024,-0.739429,1.501329,20.593700
1752677643044,-0.662552,1.364022,18.571892
1752677643050,-0.592989,1.239776,16.742407
1752677643059,-0.530043,1.127349,15.086952
1752677643078,-0.473084,1.025616,13.588972
1752677643083,-0.421547,0.933516,12.233558
1752677643094,1.166185,-2.472963,-29.999531
1752677643110,1.260444,-2.644374,-32.329433
1752677643116,1.345736,-2.799479,-34.437702
1752677643126,1.329669,-2.751510,-33.931667
1752677643146,1.477253,-3.087395,-37.987156
1752677643149,1.610798,-3.391328,-41.656868
1752677643159,1.731639,-3.666350,-44.977497
1752677643176,1.840986,-3.915211,-47.982254
1752677643182,1.939931,-4.140399,-50.701183
1752677643191,1.840856,-3.926113,-48.049694
1752677643218,1.745108,-3.710943,-45.420712
1752677643224,1.658468,-3.516242,-43.041809
1752677643228,1.550137,-3.274824,-40.083988
1752677643245,1.487390,-3.150192,-38.410362
1752677643251,1.430612,-3.037416,-36.895939
1752677643271,1.377985,-2.929499,-35.463795
1752677643279,1.330364,-2.831848,-34.167881
1752677643286,1.287273,-2.743486,-32.995243
1752677643296,1.235442,-2.634565,-31.597404
1752677643312,1.184761,-2.526231,-30.229002
1752677643317,1.138902,-2.428201,-28.990768
1752677643327,1.097404,-2.339496,-27.870323
1752677643348,1.077539,-2.303624,-27.328821
1752677643353,1.059563,-2.271165,-26.838831
1752677643361,1.043069,-2.239301,-26.370983
1752677643378,1.028145,-2.210469,-25.947639
1752677643384,1.014640,-2.184379,-25.564568
1752677643394,1.002420,-2.160771,-25.217934
1752677643416,0.959937,-2.055887,-24.023643
1752677643438,0.921496,-1.960980,-22.942961
1752677643445,0.900412,-1.902133,-22.297756
1752677643452,0.891688,-1.873243,-21.981577
1752677643465,0.883793,-1.847101,-21.695475
1752677643469,0.917656,-1.913247,-22.506954
1752677643488,0.948298,-1.973102,-23.241241
1752677643495,0.922577,-1.902164,-22.494114
1752677643503,0.931153,-1.900259,-22.610813
1752677643515,0.914347,-1.850325,-22.137661
1752677643519,0.899140,-1.805141,-21.709517
1752677643527,0.885380,-1.764255,-21.322100
1752677643555,0.860959,-1.701264,-20.665222
1752677643562,0.838862,-1.644265,-20.070829
1752677643566,0.863395,-1.677595,-20.664461
1752677643583,0.899455,-1.735635,-21.549843
1752677643592,0.932086,-1.788154,-22.351004
1752677643597,0.849964,-1.612582,-20.287685
1752677643613,0.171524,-0.312474,-2.741526
1752677643627,-0.442379,0.863962,13.135558
1752677643631,-0.480493,0.950020,14.182206
1752677643647,-0.514981,1.027892,15.129292
1752677643652,-0.459483,0.935667,13.627213
1752677643672,-0.475259,0.964650,14.042831
1752677643783,-0.423511,0.878558,12.644162
1752677643881,-0.444487,0.900323,13.134701
1752677643885,-0.395666,0.820471,11.822699
1752677644299,-0.294017,0.664207,9.316649
1752677644313,-0.202038,0.522807,7.048988
1752677644330,-0.118808,0.394857,4.997038
1752677644344,-0.100876,0.363014,4.459269
1752677644356,-0.084649,0.334199,3.972655
1752677644369,-0.069966,0.308126,3.532330
1752677644381,0.000700,0.200598,1.814901
1752677644391,0.064645,0.103299,0.260843
1752677644401,0.122507,0.015255,-1.145386
1752677644412,0.174865,-0.064414,-2.417847
1752677644423,0.222242,-0.136504,-3.569265
1752677644431,0.207732,-0.117801,-3.292166
1752677644440,0.194602,-0.100878,-3.041425
1752677644447,0.182721,-0.085565,-2.814536
1752677644454,0.171970,-0.071708,-2.609230
1752677644465,0.162242,-0.059169,-2.423454
1752677644469,0.210820,-0.131758,-3.574339
1752677644479,0.254777,-0.197442,-4.615746
1752677644484,0.237172,-0.172943,-4.239100
1752677644492,0.221242,-0.150775,-3.898282
1752677644510,0.206827,-0.130715,-3.589885
1752677644525,0.193750,-0.112810,-3.310768
1752677644529,0.232745,-0.189339,-4.274921
1752677644544,0.217203,-0.165858,-3.930640
1752677644550,0.203139,-0.144611,-3.619109
1752677644558,0.190413,-0.125384,-3.337212
1752677644576,0.178897,-0.107987,-3.082131
1752677644584,0.168477,-0.092285,-2.851324
1752677644605,0.193572,-0.154710,-3.434013
1752677644625,0.216280,-0.211196,-3.961274
1752677644643,0.236828,-0.262310,-4.438380
1752677644647,0.246497,-0.289376,-4.669933
1752677644651,0.258581,-0.321414,-4.957475
1752677644659,0.269515,-0.350404,-5.217664
1752677644663,0.279410,-0.376637,-5.453103
1752677644684,0.288363,-0.400374,-5.666145
1752677644689,0.303373,-0.435586,-6.004314
1752677644693,0.316955,-0.467448,-6.310314
1752677644714,0.342506,-0.526701,-6.900985
1752677644718,0.365627,-0.580317,-7.435469
1752677644725,0.360698,-0.574459,-7.289247
1752677644751,0.356238,-0.569158,-7.156935
1752677644755,0.354269,-0.570712,-7.093487
1752677644759,0.348023,-0.562507,-6.927725
1752677644776,0.342372,-0.555083,-6.777731
1752677644787,0.337258,-0.548364,-6.642006
1752677644793,0.329391,-0.535597,-6.443364
1752677644811,0.323621,-0.530193,-6.312115
1752677644819,0.318400,-0.525303,-6.193351
1752677644830,0.313676,-0.520878,-6.085885
1752677644852,0.309401,-0.516874,-5.988641
1752677644865,0.305533,-0.513251,-5.900648
1752677644869,0.298357,-0.501559,-5.730179
1752677644893,0.291863,-0.490980,-5.575926
1752677644899,0.288816,-0.491757,-5.515331
1752677644906,0.286060,-0.492461,-5.460500
1752677644931,0.283565,-0.493098,-5.410885
1752677644938,0.282856,-0.497917,-5.399497
1752677644944,0.280311,-0.497982,-5.346112
1752677644956,0.277478,-0.496728,-5.287495
1752677644960,0.274915,-0.495593,-5.234455
1752677644972,0.271094,-0.490570,-5.147177
1752677644988,0.267637,-0.486025,-5.068202
1752677644994,0.264242,-0.481873,-4.995756
1752677644999,0.261551,-0.478042,-4.931043
1752677645026,0.259116,-0.474576,-4.872486
1752677645030,0.256913,-0.471439,-4.819499
1752677645035,0.253913,-0.466062,-4.746337
1752677645054,0.251813,-0.461764,-4.685467
1752677645059,0.249913,-0.457876,-4.630387
1752677645064,0.249096,-0.455437,-4.592976
1752677645080,0.249206,-0.455742,-4.577815
1752677645087,0.249305,-0.456018,-4.564095
1752677645098,0.249395,-0.456267,-4.551682
1752677645116,0.249476,-0.456493,-4.540449
1752677645133,0.249550,-0.456698,-4.530284
1752677645138,0.248224,-0.452804,-4.482222
1752677645149,0.247354,-0.448045,-4.431723
1752677645154,0.246567,-0.443739,-4.386027
1752677645161,0.245855,-0.439842,-4.344679
1752677645189,0.246565,-0.437984,-4.324621
1752677645198,0.247208,-0.436303,-4.306471
1752677645206,0.248314,-0.436343,-4.304922
1752677645214,0.249315,-0.436380,-4.303519
1752677645226,0.250221,-0.436413,-4.302250
1752677645237,0.253205,-0.441191,-4.348421
1752677645248,0.254751,-0.443032,-4.370451
1752677645255,0.256150,-0.444699,-4.390386
1752677645260,0.257415,-0.446206,-4.408424
1752677645278,0.258561,-0.447571,-4.424747
1752677645285,0.259597,-0.448805,-4.439517
1752677645296,0.265088,-0.460360,-4.557651
1752677645319,0.268486,-0.466836,-4.632234
1752677645326,0.271560,-0.472697,-4.699721
1752677645331,0.277029,-0.483734,-4.820057
1752677645347,0.277548,-0.479483,-4.814584
1752677645353,0.278018,-0.475636,-4.809632
1752677645360,0.282513,-0.479531,-4.888421
1752677645379,0.286580,-0.483056,-4.959714
1752677645397,0.290261,-0.486246,-5.024227
1752677645412,0.304152,-0.504556,-5.283609
1752677645424,0.316721,-0.521125,-5.518317
1752677645431,0.328095,-0.536118,-5.730699
1752677645436,0.338387,-0.549684,-5.922878
1752677645446,0.336802,-0.536823,-5.858698
1752677645462,0.343160,-0.537172,-5.958637
1752677645469,0.348914,-0.537488,-6.049070
1752677645489,0.351554,-0.533052,-6.081455
1752677645494,0.353942,-0.529037,-6.110760
1752677645498,0.368886,-0.545218,-6.403150
1752677645513,0.371580,-0.540508,-6.450740
1752677645523,0.374017,-0.536245,-6.493804
1752677645542,0.345217,-0.479724,-5.938290
1752677645557,0.319157,-0.428580,-5.435618
1752677645565,0.295576,-0.382300,-4.980764
1752677645583,0.274222,-0.340316,-4.569203
1752677645591,0.254900,-0.302326,-4.196792
1752677645596,0.237415,-0.267950,-3.859806
1752677645601,0.221593,-0.236843,-3.554876
1752677645614,0.261097,-0.281981,-4.366067
1752677645621,0.243017,-0.249526,-4.012923
1752677645741,0.226672,-0.219978,-3.693329
1752677645747,0.211881,-0.193240,-3.404137
1752677648559,0.080000,-0.194222,-2.887038
1752677648590,-0.039336,-0.195110,-2.419129
1752677648775,-0.147320,-0.195914,-1.995729
1752677648781,-0.245033,-0.196641,-1.612605
1752677648788,-0.333450,-0.197299,-1.265925
1752677664360,-0.271099,-0.101082,-0.220499
1752677664393,-0.214679,-0.014018,0.725480
1752677664606,-0.189242,-0.009926,0.592720
1752677664776,-0.166224,-0.006223,0.472588
1752677668800,-0.144339,-0.001595,0.366487
1752677668834,-0.124537,0.002593,0.270479
1752677668862,-0.106617,0.006382,0.183603
1752677668902,-0.090403,0.009811,0.104992
1752677668925,-0.075731,0.012914,0.033858
1752677668941,-0.062454,0.015721,-0.030509
1752677668955,-0.050441,0.018262,-0.088753
1752677668971,-0.039570,0.020561,-0.141457
1752677668982,-0.029733,0.022641,-0.189147
1752677668987,-0.020832,0.024523,-0.232300
1752677669013,-0.000544,0.040374,0.174124
1752677669034,0.017814,0.054716,0.541887
1752677669054,0.034425,0.067695,0.874667
1752677669075,0.049457,0.079439,1.175791
1752677669096,0.063059,0.090065,1.448271
1752677669123,0.075366,0.099681,1.694831
1752677669137,0.086503,0.108382,1.917937
1752677669148,0.096581,0.116255,2.119820
1752677669153,0.105700,0.123380,2.302500
1752677669157,0.113952,0.129827,2.467801
1752677669162,0.121418,0.135660,2.617379
1752677669169,0.128175,0.140939,2.752728
1752677669180,0.225374,0.224201,5.722494
1752677669185,0.313326,0.299543,8.409761
1752677669189,0.392913,0.367718,10.841403
1752677669213,0.464929,0.429408,13.041735
1752677669217,0.530094,0.485230,15.032761
1752677669222,0.499879,0.445492,13.882217
1752677669241,0.481524,0.409394,13.034113
1752677669247,0.464915,0.376730,12.266685
1752677669252,0.439583,0.341862,11.298567
1752677669273,0.416660,0.310311,10.422541
1752677669283,0.395918,0.281762,9.629847
1752677683142,0.343442,0.265272,8.718433
1752677683168,0.295958,0.250351,7.893718
1752677683187,0.252990,0.236849,7.147454
1752677683207,0.214110,0.224632,6.472178
1752677683221,0.178928,0.213576,5.861138
1752677683234,0.147093,0.203573,5.308223
1752677683248,0.118287,0.194521,4.807904
1752677683260,0.092220,0.186330,4.355178
1752677683264,0.068633,0.178918,3.945517
1752677683268,0.047290,0.172211,3.574826
1752677683276,0.027977,0.166143,3.239396
1752677683284,0.010501,0.160651,2.935874
1752677683288,-0.005312,0.155682,2.661225
1752677683294,-0.019621,0.151186,2.412701
1752677684186,-0.016148,0.140756,2.245321
1752677684215,-0.013004,0.131319,2.093863
1752677684242,-0.010160,0.122779,1.956812
1752677684278,-0.007586,0.115052,1.832798
1752677684301,-0.005258,0.108060,1.720581
1752677684317,-0.003150,0.101732,1.619039
1752677684332,-0.001243,0.096007,1.527156
1752677684346,0.000482,0.090827,1.444013
1752677684353,0.002044,0.086139,1.368779
1752677684363,0.003456,0.081897,1.300702
1752677684382,0.004735,0.078058,1.239100
1752677684391,0.007583,0.075121,1.196841
1752677684416,0.010161,0.072463,1.158602
1752677684424,0.012493,0.070057,1.124000
1752677684456,0.015842,0.068208,1.116559
1752677684477,0.018873,0.066534,1.109825
1752677684490,0.021615,0.065019,1.103732
1752677684495,0.024096,0.063648,1.098219
1752677684509,0.026341,0.062408,1.093230
1752677684520,0.028373,0.061286,1.088716
1752677684525,0.030211,0.060270,1.084631
1752677684554,0.031875,0.059351,1.080935
1752677684558,0.033380,0.058520,1.077590
1752677684610,0.038252,0.060661,1.195641
1752677684638,0.042661,0.062598,1.302463
1752677684667,0.046650,0.064351,1.399123
1752677684686,0.050260,0.065937,1.486589
1752677684699,0.053527,0.067372,1.565734
1752677684715,0.056482,0.068671,1.637351
1752677684720,0.059157,0.069846,1.702155
1752677684731,0.061577,0.070910,1.760794
1752677684810,0.060851,0.068139,1.530537
1752677684867,0.060193,0.065632,1.322182
1752677684926,0.059599,0.063364,1.133648
1752677684970,0.059060,0.061311,0.963048
1752677685003,0.058573,0.059454,0.808676
1752677685008,0.058385,0.058924,0.669006
1752677685013,0.058214,0.058445,0.542622
1752677685024,0.057808,0.056860,0.428243
1752677685030,0.057440,0.055426,0.324744
1752677685035,0.057107,0.054129,0.231091
1752677685056,0.056724,0.052597,0.146245
1752677689016,0.055427,0.049824,0.066937
1752677689037,0.054254,0.047314,-0.004827
1752677689053,0.053193,0.045044,-0.069764
1752677689069,0.052232,0.042989,-0.128524
1752677689083,0.051363,0.041130,-0.181694
1752677689096,0.050576,0.039447,-0.229806
1752677689109,0.049864,0.037925,-0.273342
1752677689123,0.049220,0.036547,-0.312737
1752677689130,0.048638,0.035301,-0.348384
1752677689137,0.048110,0.034173,-0.380640
1752677689144,0.047633,0.033152,-0.409828
1752677689151,0.047201,0.032229,-0.436239
1752677689155,0.046811,0.031393,-0.460138
1752677689179,0.046457,0.030637,-0.481764
1752677689183,0.046137,0.029953,-0.501332
1752677689188,0.045848,0.029334,-0.519039
1752677689204,0.045586,0.028773,-0.535062
1752677689210,0.045349,0.028266,-0.549560
1752677689233,0.044940,0.028113,-0.562343
1752677689256,0.044571,0.027974,-0.573909
1752677689270,0.044236,0.027848,-0.584376
1752677689280,0.043933,0.027734,-0.593847
1752677689291,0.043659,0.027631,-0.602416
1752677689302,0.043412,0.027538,-0.610171
1752677689313,0.043187,0.027453,-0.617188
1752677689324,0.042984,0.027377,-0.623538
1752677689749,-0.011409,-0.074190,-1.531915
1752677689752,-0.060628,-0.166095,-2.353883
1752677689857,-0.076337,-0.194932,-2.841257
1752677689878,-0.090551,-0.221026,-3.282269
1752677689899,-0.103413,-0.244637,-3.681330
1752677689919,-0.115052,-0.266003,-4.042431
1752677689941,-0.125584,-0.285336,-4.369182
1752677689961,-0.135114,-0.302831,-4.664850
1752677689979,-0.143737,-0.318661,-4.932394
1752677689999,-0.151540,-0.332985,-5.174487
1752677690020,-0.158601,-0.345947,-5.393551
1752677690042,-0.164990,-0.357675,-5.591776
1752677690057,-0.170771,-0.368288,-5.771146
1752677690071,-0.176003,-0.377892,-5.933453
1752677690075,-0.188670,-0.400346,-6.254261
1752677690079,-0.200132,-0.420664,-6.544553
1752677690085,-0.202570,-0.425285,-6.633289
1752677690092,-0.201238,-0.425245,-6.647848
1752677690096,-0.200032,-0.425208,-6.661022
1752677690145,-0.220023,-0.454221,-7.128076
1752677690182,-0.238112,-0.480474,-7.550701
1752677690221,-0.254481,-0.504230,-7.933125
1752677690254,-0.269292,-0.525727,-8.279170
1752677690283,-0.282695,-0.545178,-8.592298
1752677690306,-0.294822,-0.562779,-8.875639
1752677690325,-0.305796,-0.578706,-9.132028
1752677690336,-0.315726,-0.593118,-9.364027
1752677690353,-0.324123,-0.600863,-9.464504
1752677690357,-0.331721,-0.607871,-9.555424
1752677690361,-0.338596,-0.614212,-9.637694
1752677690385,-0.346197,-0.619830,-9.700937
1752677690400,-0.353075,-0.624913,-9.758164
1752677690407,-0.359299,-0.629513,-9.809948
1752677690411,-0.364930,-0.633675,-9.856805
1752677690430,-0.396535,-0.670466,-10.306570
1752677690444,-0.425134,-0.703757,-10.713552
1752677690461,-0.451012,-0.733882,-11.081819
1752677690477,-0.474429,-0.761141,-11.415054
1752677690501,-0.495618,-0.785807,-11.716591
1752677690517,-0.514791,-0.808126,-11.989444
1752677690521,-0.532141,-0.828322,-12.236341
1752677690527,-0.547840,-0.846598,-12.459753
1752677690533,-0.562046,-0.863134,-12.661913
1752677690539,-0.574900,-0.878098,-12.844843
1752677690560,-0.615216,-0.919511,-13.397577
1752677690572,-0.651697,-0.956984,-13.897734
1752677690584,-0.684707,-0.990892,-14.350312
1752677690598,-0.714578,-1.021575,-14.759839
1752677690609,-0.741607,-1.049340,-15.130410
1752677690614,-0.766065,-1.074463,-15.465731
1752677690618,-0.788196,-1.097196,-15.769154
1752677690624,-0.808222,-1.117767,-16.043713
1752677690629,-0.826343,-1.136381,-16.292154
1752677692439,-0.742421,-1.023875,-14.804462
1752677692460,-0.666482,-0.922071,-13.458286
1752677692479,-0.597766,-0.829951,-12.240166
1752677692499,-0.535587,-0.746594,-11.137918
1752677692518,-0.479323,-0.671166,-10.140522
1752677692537,-0.428411,-0.602913,-9.238003
1752677692553,-0.382342,-0.541153,-8.421336
1752677692566,-0.340655,-0.485268,-7.682355
1752677692575,-0.302934,-0.434699,-7.013669
1752677692585,-0.268801,-0.388940,-6.408592
1752677692591,-0.237915,-0.347534,-5.861073
1752677692598,-0.209967,-0.310067,-5.365636
1752677692602,-0.184677,-0.276164,-4.917328
1752677692605,-0.161793,-0.245485,-4.511665
1752677697476,-0.141952,-0.217840,-4.146323
1752677697502,-0.123997,-0.192824,-3.815735
1752677697532,-0.107751,-0.170188,-3.516593
1752677697558,-0.093050,-0.149706,-3.245908
1752677697580,-0.079747,-0.131171,-3.000971
1752677697599,-0.067710,-0.114400,-2.779334
1752677697614,-0.056818,-0.099224,-2.578780
1752677697628,-0.046962,-0.085492,-2.397304
1752677697637,-0.038043,-0.073066,-2.233090
1752677697647,-0.029973,-0.061822,-2.084498
1752677697659,-0.022671,-0.051647,-1.950040
1752677697674,-0.016063,-0.042441,-1.828373
1752677697678,-0.010084,-0.034110,-1.718279
1752677697697,0.024509,0.004024,-1.107747
1752677697711,0.055810,0.038530,-0.555292
1752677697724,0.084134,0.069755,-0.055390
1752677697739,0.109764,0.098008,0.396960
1752677697754,0.132956,0.123575,0.806279
1752677697764,0.153942,0.146709,1.176662
1752677697768,0.172931,0.167642,1.511813
1752677697782,0.185068,0.169497,1.732884
1752677697793,0.196051,0.171174,1.932926
1752677697805,0.205989,0.172692,2.113939
1752677697815,0.214982,0.174066,2.277734
1752677697826,0.223119,0.175309,2.425947
1752677697837,0.230482,0.176434,2.560061
1752677697848,0.237145,0.177452,2.681418
1752677697858,0.263052,0.187914,3.185689
1752677697862,0.266617,0.187840,3.247533
1752677697868,0.289721,0.197314,3.697952
1752677698240,0.288662,0.180819,3.736755
1752677698512,0.287497,0.185711,3.943297
1752677698540,0.286443,0.190137,4.130192
1752677698566,0.285489,0.194142,4.299308
1752677698590,0.284626,0.197766,4.452338
1752677698611,0.283845,0.201046,4.590810
1752677698627,0.283138,0.204014,4.716111
1752677698645,0.282498,0.206699,4.829492
1752677698658,0.281920,0.209129,4.932087
1752677698672,0.281396,0.211327,5.024924
1752677698676,0.286483,0.217581,5.289434
1752677698679,0.291086,0.223240,5.528783
1752677698687,0.289690,0.224097,5.564858
1752677698697,0.288428,0.224871,5.597503
1752677698702,0.287285,0.225573,5.627041
1752677698706,0.286251,0.226207,5.653770
1752677698720,0.280760,0.219778,5.516084
1752677698726,0.275792,0.213960,5.391495
1752677698746,0.271296,0.208695,5.278758
1752677698946,0.275196,0.208013,5.395041
1752677698951,0.278724,0.207395,5.500262
1752677699524,0.281067,0.192819,5.553977
1752677699558,0.283188,0.179629,5.602583
1752677699585,0.285107,0.167694,5.646565
1752677699609,0.286843,0.156895,5.686363
1752677699632,0.288414,0.147123,5.722376
1752677699650,0.289836,0.138280,5.754963
1752677699665,0.291122,0.130279,5.784450
1752677699677,0.292286,0.123038,5.811132
1752677699690,0.293339,0.116487,5.835276
1752677699693,0.294293,0.110558,5.857123
1752677699698,0.295155,0.105194,5.876893
1752677699706,0.295936,0.100340,5.894781
1752677699709,0.296642,0.095947,5.910968
1752677699723,0.311287,0.124679,6.419297
1752677699733,0.324539,0.150678,6.879272
1752677699754,0.336531,0.174203,7.295491
1752677699759,0.347382,0.195491,7.672118
1752677699765,0.357201,0.214753,8.012918
1752677699777,0.349791,0.218291,7.807593
1752677699782,0.343086,0.221493,7.621800
1752677699786,0.337019,0.224390,7.453681
1752677699807,0.331529,0.227011,7.301555
1752677699812,0.326561,0.229383,7.163899
1752677699816,0.322066,0.231529,7.039338
1752677699839,0.317998,0.233471,6.926625
1752677699843,0.325292,0.251724,7.165031
1752677699848,0.331892,0.268239,7.380758
1752677699873,0.335275,0.280291,7.491513
1752677699878,0.338336,0.291196,7.591732
1752677699884,0.341106,0.301063,7.682418
1752677699904,0.343613,0.309992,7.764477
1752677699911,0.345881,0.318072,7.838731
1752677699917,0.347811,0.325576,7.913378
1752677699943,0.350250,0.333109,8.001857
1752677699948,0.352457,0.339926,8.081919
1752677699952,0.354454,0.346093,8.154366
1752677699973,0.356245,0.351771,8.225050
1752677699978,0.355859,0.354154,8.236262
1752677699994,0.355510,0.356310,8.246408
1752677700006,0.359541,0.362902,8.392247
1752677700010,0.358356,0.361587,8.367949
1752677700020,0.357284,0.360397,8.345963
1752677700046,0.356313,0.359321,8.326069
1752677700053,0.355435,0.358347,8.308066
1752677700059,0.354640,0.357465,8.291777
1752677700077,0.353921,0.356668,8.277036
1752677700081,0.356390,0.359117,8.366961
1752677700093,0.352026,0.349885,8.248050
1752677700106,0.349682,0.342877,8.203475
1752677700112,0.347561,0.336536,8.163140
1752677700119,0.345641,0.330799,8.126642
1752677700137,0.343904,0.325606,8.093616
1752677700142,0.342332,0.320908,8.063732
1752677700532,0.342541,0.295328,8.304173
1752677700537,0.342730,0.272180,8.521741
1752677700563,0.349885,0.187139,9.312845
1752677700990,0.357391,0.167744,9.687668
1752677701683,0.343874,0.157822,9.222356
1752677701720,0.331642,0.148845,8.801307
1752677701752,0.320573,0.140721,8.420310
1752677701778,0.310558,0.133370,8.075556
1752677701802,0.301495,0.126718,7.763596
1752677701821,0.293295,0.120699,7.481312
1752677701837,0.285874,0.115252,7.225880
1752677701851,0.279160,0.110324,6.994745
1752677701861,0.273084,0.105864,6.785598
1752677701864,0.267586,0.101829,6.596345
1752677701868,0.262611,0.098178,6.425096
1752677701878,0.258109,0.094873,6.270136
1752677701882,0.254036,0.091884,6.129917
1752677701893,0.248095,0.096255,5.937018
1752677701917,0.242720,0.100211,5.762469
1752677701928,0.237857,0.103790,5.604525
1752677701944,0.233456,0.107029,5.461604
1752677701951,0.228483,0.109454,5.281275
1752677701958,0.223983,0.111648,5.118100
1752677701962,0.219911,0.113634,4.970447
1752677701970,0.216226,0.115431,4.836839
1752677701977,0.212892,0.117057,4.715940
1752677701983,0.209115,0.116676,4.562271
1752677702003,0.205697,0.116332,4.423219
1752677702010,0.202604,0.116020,4.297394
1752677702014,0.199805,0.115738,4.183539
1752677702035,0.197272,0.115483,4.080514
1752677702040,0.194981,0.115252,3.987289
1752677702046,0.192907,0.115044,3.902932
1752677702070,0.192402,0.115345,3.870815
1752677702074,0.191946,0.115618,3.841753
1752677702078,0.191532,0.115865,3.815456
1752677702104,0.191159,0.116088,3.791660
1752677702508,0.197479,0.090861,4.073852
1752677702592,0.203699,0.089916,4.203436
1752677702601,0.209327,0.089061,4.320694
1752677702611,0.214420,0.088287,4.426798
1752677702620,0.219028,0.087587,4.522809
1752677702631,0.223198,0.086953,4.609687
1752677702642,0.226971,0.086380,4.688300
1752677702652,0.230386,0.085861,4.759436
1752677702662,0.233475,0.085391,4.823804
1752677702673,0.236271,0.084967,4.882050
1752677702683,0.238801,0.084582,4.934755
1752677702694,0.241090,0.084234,4.982446
1752677702701,0.243161,0.083920,5.025601
1752677702712,0.245035,0.083635,5.064651
1752677702720,0.246731,0.083377,5.099986
1752677702727,0.248266,0.083144,5.131959
1752677702759,0.249655,0.082933,5.160892
1752677702769,0.250911,0.082742,5.187072
1752677702773,0.252048,0.082569,5.210762
1752677702783,0.253077,0.082413,5.232198
1752677702788,0.254008,0.082271,5.251595
1752677702793,0.254851,0.082143,5.269147
1752677702819,0.263391,0.104856,5.550283
1752677702835,0.271119,0.125407,5.804677
1752677702849,0.278112,0.144004,6.034872
1752677702863,0.284440,0.160832,6.243169
1752677702867,0.290166,0.176059,6.431652
1752677702874,0.295347,0.189838,6.602205
1752677702880,0.291902,0.194995,6.493628
1752677702884,0.288784,0.199662,6.395379
1752677702889,0.285963,0.203884,6.306476
1752677702905,0.280935,0.205411,6.140742
1752677702912,0.283497,0.219456,6.225335
1752677702916,0.285815,0.232165,6.301880
1752677702938,0.287913,0.243665,6.371144
1752677702947,0.289811,0.254072,6.433819
1752677702951,0.295031,0.269042,6.589288
1752677702975,0.297300,0.279095,6.634169
1752677702979,0.297716,0.284148,6.596461
1752677702986,0.298092,0.288720,6.562339
1752677703019,0.297709,0.291547,6.508173
1752677703027,0.297922,0.294665,6.473349
1752677703032,0.298114,0.297487,6.441837
1752677703042,0.298288,0.300040,6.413323
1752677703059,0.296513,0.297103,6.327307
1752677703073,0.294906,0.294445,6.249474
1752677703081,0.296703,0.294957,6.267485
1752677703086,0.294036,0.289091,6.160351
1752677703090,0.291623,0.283782,6.063408
1752677703104,0.289439,0.278978,5.975687
1752677703115,0.287464,0.274632,5.896310
1752677703120,0.283019,0.266433,5.738255
1752677703142,0.280785,0.260204,5.647171
1752677703149,0.278764,0.254567,5.564752
1752677703155,0.276935,0.249466,5.490173
1752677703174,0.270179,0.237781,5.277213
1752677703183,0.268801,0.228916,5.218496
1752677703190,0.267554,0.220894,5.165365
1752677703213,0.271477,0.215411,5.274482
1752677703218,0.275027,0.210450,5.373219
1752677703335,0.271520,0.195593,5.268553
1752677703339,0.268347,0.182150,5.173843
1752677703431,0.295620,0.179659,5.875411
1752677703508,0.291475,0.172947,5.715582
1752677703573,0.287724,0.166872,5.570957
1752677703625,0.284330,0.161376,5.440089
1752677703680,0.281259,0.156402,5.321670
1752677703702,0.278480,0.151902,5.214516
1752677703705,0.355047,0.160541,7.256633
1752677703713,0.350233,0.173668,7.147974
1752677703717,0.345877,0.185547,7.049650
1752677703721,0.341935,0.196295,6.960680
1752677703727,0.338368,0.206021,6.880173
1752677703737,0.335140,0.214822,6.807324
1752677703744,0.332220,0.222786,6.741405
1752677703750,0.329577,0.229992,6.681757
1752677703768,0.327186,0.236513,6.627782
1752677703800,0.331691,0.252943,6.772952
1752677703829,0.335767,0.267809,6.904312
1752677703853,0.339456,0.281262,7.023176
1752677703877,0.342794,0.293435,7.130733
1752677703901,0.345815,0.304450,7.228060
1752677703926,0.348548,0.314417,7.316128
1752677703949,0.351021,0.323436,7.395818
1752677703968,0.353259,0.331597,7.467928
1752677703987,0.355284,0.338982,7.533179
1752677704006,0.357116,0.345664,7.592222
1752677704026,0.358774,0.351711,7.645649
1752677704039,0.360274,0.357182,7.693994
1752677704042,0.361632,0.362133,7.737740
1752677704046,0.362860,0.366613,7.777325
1752677704055,0.363972,0.370667,7.813144
1752677704058,0.364978,0.374335,7.845556
1752677704070,0.373138,0.385265,8.066662
1752677704074,0.369175,0.377887,7.920121
1752677704078,0.365589,0.371210,7.787520
1752677704104,0.371092,0.373059,7.910196
1752677704108,0.366021,0.362145,7.753400
1752677704112,0.361433,0.352270,7.611519
1752677704140,0.362898,0.347461,7.636714
1752677704272,0.363929,0.329630,7.687315
1752677704627,0.367525,0.316807,7.880806
1752677704646,0.370780,0.305205,8.055891
1752677704656,0.373725,0.294706,8.214321
1752677704666,0.376389,0.285206,8.357680
1752677704676,0.378801,0.276609,8.487403
1752677704686,0.380983,0.268831,8.604785
1752677704691,0.382957,0.261792,8.711001
1752677704695,0.384743,0.255422,8.807114
1752677704703,0.386360,0.249659,8.894084
1752677704711,0.387823,0.244444,8.972781
1752677704714,0.389147,0.239725,9.043992
1752677704737,0.390344,0.235455,9.108429
1752677704741,0.391428,0.231591,9.166737
1752677704745,0.392409,0.228095,9.219498
1752677704769,0.371239,0.217054,8.602482
1752677704778,0.352084,0.207064,8.044160
1752677704784,0.334750,0.198023,7.538948
1752677704802,0.319065,0.189843,7.081794
1752677704809,0.304873,0.182441,6.668127
1752677704813,0.359450,0.323491,9.349142
1752677704840,0.408836,0.451124,11.775126
1752677704847,0.453524,0.566615,13.970338
1752677704853,0.493961,0.671120,15.956731
1752677704871,0.530552,0.765684,17.754168
1752677704882,0.563662,0.851253,19.380623
1752677704887,0.593622,0.928682,20.852364
1752677704909,0.620732,0.998746,22.184105
1752677704913,0.592710,0.959235,21.103994
1752677704917,0.567354,0.923482,20.126629
1752677704940,0.582714,0.996382,21.138838
1752677704944,0.596614,1.062346,22.054760
1752677704949,0.609191,1.122036,22.883554
1752677704969,0.620572,1.176048,23.633511
1752677704973,0.630870,1.224922,24.312128
1752677704979,0.640189,1.269147,24.926191
1752677705002,0.635678,1.276784,24.852289
1752677705010,0.631597,1.283695,24.785418
1752677705014,0.652040,1.355395,25.872810
1752677705034,0.668602,1.415879,26.776466
1752677705055,0.707878,1.522437,28.442728
1752677705064,0.743419,1.618859,29.950487
1752677705083,0.775579,1.706109,31.314821
1752677705091,0.804679,1.785059,32.549374
1752677705095,0.950786,2.152721,39.073448
1752677705105,0.921930,2.078927,37.731930
1752677705110,0.895819,2.012152,36.518024
1752677705114,0.901568,2.018247,36.721615
1752677705137,0.906771,2.023763,36.905838
1752677705141,0.907417,2.014933,36.802040
1752677705145,0.908002,2.006943,36.708115
1752677705169,0.952639,2.095243,38.484795
1752677705173,0.929757,2.029639,37.371677
1752677705177,0.909052,1.970276,36.364445
1752677705202,0.969444,2.078012,38.749374
1752677705205,0.944532,2.000527,37.454609
1752677705210,0.921989,1.930412,36.283009
1752677705236,0.903295,1.869712,35.279350
1752677705240,0.862615,1.766471,33.435608
1752677705244,0.825805,1.673050,31.767252
1752677705282,0.821889,1.638288,31.395788
1752677705286,0.799779,1.571519,30.327330
1752677705293,0.779772,1.511101,29.360508
1752677705307,0.754255,1.441205,28.161972
1752677705310,0.735276,1.384077,27.224131
1752677705317,0.718103,1.332384,26.375502
1752677705338,0.781957,1.408066,28.588470
1752677705344,0.781918,1.379675,28.358442
1752677705348,0.781882,1.353985,28.150297
1752677705369,0.781850,1.330738,27.961950
1752677705384,0.781821,1.309703,27.791521
1752677705388,0.754199,1.242656,26.513580
1752677705405,0.732864,1.185913,25.456625
1752677705409,0.700348,1.113804,24.025530
1752677705413,0.670925,1.048553,22.730568
1752677705441,0.664642,1.011351,22.226078
1752677705447,0.658956,0.977686,21.769577
1752677705453,0.638065,0.925706,20.810440
1752677705475,0.615067,0.872614,19.781782
1752677705479,0.599736,0.829328,19.016859
1752677705483,0.585863,0.790160,18.324699
1752677705507,0.573309,0.754717,17.698381
1752677705511,0.566332,0.727021,17.308493
1752677705516,0.560019,0.701960,16.955692
1752677705539,0.544805,0.667942,16.333321
1752677705546,0.536114,0.641434,15.953686
1752677705550,0.528250,0.617448,15.610164
1752677705571,0.545907,0.615958,16.130501
1752677705996,-0.044553,0.443553,-8.134733
1752677706174,-0.008588,0.455591,-6.080894
1752677706205,0.023955,0.466483,-4.222425
1752677706223,0.053403,0.476340,-2.540743
1752677706242,0.080049,0.485259,-1.019031
1752677706260,0.104161,0.493329,0.357928
1752677706283,0.125979,0.500632,1.603904
1752677706299,0.145721,0.507240,2.731356
1752677706310,0.163586,0.513219,3.751560
1752677706326,0.179751,0.518630,4.674717
1752677706338,0.194378,0.523526,5.510059
1752677706350,0.207614,0.527956,6.265939
1752677706358,0.219591,0.531965,6.949916
1752677706367,0.230429,0.535592,7.568830
1752677706375,0.240236,0.538875,8.128869
1752677706382,0.249110,0.541845,8.635634
1752677706386,0.257139,0.544533,9.094194
1752677706391,0.264405,0.546965,9.509133
1752677706418,0.293053,0.594476,10.847572
1752677706425,0.318976,0.637469,12.058692
1752677706430,0.324533,0.638852,12.205946
1752677706439,0.329562,0.640104,12.339192
1752677706448,0.334112,0.641237,12.459764
1752677706452,0.338229,0.642262,12.568865
1752677706471,0.337670,0.634441,12.447656
1752677706476,0.343637,0.640738,12.583241
1752677706480,0.349036,0.646436,12.705928
1752677706507,0.353922,0.651592,12.816945
1752677706511,0.358343,0.656258,12.917401
1752677706516,0.362344,0.660479,13.008302
1752677706541,0.373635,0.678099,13.402546
1752677706545,0.383852,0.694043,13.759287
1752677706550,0.393097,0.708471,14.082093
1752677706571,0.392926,0.700589,13.953433
1752677706576,0.392771,0.693457,13.837011
1752677706582,0.392631,0.687004,13.731665
1752677706602,0.393629,0.682462,13.662120
1752677706608,0.394532,0.678353,13.599191
1752677706613,0.395349,0.674635,13.542248
1752677706641,0.394801,0.669580,13.454546
1752677706645,0.394311,0.665875,13.396867
1752677706649,0.393867,0.662523,13.344674
1752677706672,0.393859,0.659725,13.299227
1752677706677,0.393852,0.657193,13.258103
1752677706684,0.393846,0.654903,13.220892
1752677706712,0.393840,0.652830,13.187220
1752677706716,0.393835,0.650954,13.156751
1752677706720,0.393679,0.649000,13.124609
1752677706743,0.393911,0.648494,13.131226
1752677706747,0.392518,0.643436,13.040949
1752677706751,0.391258,0.638859,12.959260
1752677706770,0.393323,0.640233,13.020995
1752677706775,0.396197,0.645020,13.155966
1752677706779,0.398798,0.649353,13.278098
1752677706803,0.401151,0.653273,13.388612
1752677706807,0.403280,0.656820,13.488613
1752677706811,0.405207,0.660030,13.579102
1752677706839,0.406310,0.661230,13.614425
1752677706843,0.405286,0.656705,13.527401
1752677706847,0.404360,0.652611,13.448655
1752677706872,0.404560,0.649951,13.396726
1752677706876,0.407345,0.652970,13.457043
1752677706882,0.409865,0.655702,13.511622
1752677706903,0.412023,0.657548,13.542150
1752677706909,0.413855,0.658677,13.557282
1752677706918,0.415514,0.659698,13.570976
1752677706938,0.417015,0.660623,13.583367
1752677706942,0.418372,0.661459,13.594580
1752677706947,0.419601,0.662215,13.604726
1752677706971,0.424792,0.668810,13.747765
1752677706979,0.444460,0.701062,14.377233
1752677706984,0.462258,0.730246,14.946823
1752677707006,0.481932,0.762242,15.584505
1752677707010,0.499735,0.791195,16.161528
1752677707014,0.515844,0.817393,16.683661
1752677707037,0.530421,0.841099,17.156126
1752677707041,0.535724,0.847822,17.293970
1752677707045,0.540523,0.853904,17.418701
1752677707070,0.542391,0.855836,17.453741
1752677707074,0.540953,0.850510,17.339315
1752677707078,0.539652,0.845690,17.235775
1752677707104,0.538475,0.841330,17.142084
1752677707108,0.527879,0.818574,16.683720
1752677707111,0.518290,0.797984,16.268957
1752677707136,0.510543,0.780335,15.913515
1752677707144,0.500438,0.758691,15.481451
1752677707148,0.491295,0.739106,15.090487
1752677707171,0.483021,0.721384,14.736714
1752677707175,0.477070,0.707156,14.444939
1752677707179,0.471685,0.694283,14.180918
1752677707204,0.461872,0.675584,13.768589
1752677707208,0.452401,0.657542,13.374475
1752677707212,0.443830,0.641217,13.017850
1752677707234,0.440087,0.631925,12.828614
1752677707241,0.435215,0.620669,12.601544
1752677707244,0.430806,0.610483,12.396074
1752677707271,0.424311,0.597716,12.120163
1752677707275,0.419620,0.588168,11.906909
1752677707279,0.415376,0.579527,11.713941
1752677707303,0.415836,0.577763,11.689476
1752677707307,0.419625,0.582110,11.782174
1752677707313,0.423055,0.586044,11.866055
1752677707336,0.425807,0.588256,11.900410
1752677707340,0.424923,0.584073,11.811427
1752677707345,0.424123,0.580287,11.730908
1752677707370,0.423400,0.576862,11.658050
1752677707373,0.424651,0.576690,11.645090
1752677707378,0.425784,0.576535,11.633364
1752677707403,0.428200,0.578481,11.675153
1752677707407,0.430385,0.580241,11.712967
1752677707411,0.432363,0.581835,11.747184
1752677707436,0.434153,0.583277,11.778146
1752677707440,0.432667,0.578690,11.688943
1752677707446,0.431322,0.574539,11.608225
1752677707469,0.430248,0.571022,11.541698
1752677707474,0.424446,0.559243,11.313851
1752677707477,0.419197,0.548584,11.107677
1752677707502,0.414447,0.538940,10.921116
1752677707506,0.417004,0.542344,10.988390
1752677707510,0.419319,0.545424,11.049265
1752677707537,0.418004,0.543061,10.972548
1752677707541,0.413880,0.535231,10.792938
1752677707545,0.410148,0.528145,10.630414
1752677707568,0.406771,0.521734,10.483350
1752677707572,0.403342,0.515082,10.333034
1752677707576,0.400239,0.509064,10.197017
1752677707601,0.401938,0.509536,10.225601
1752677707611,0.403475,0.509964,10.251467
1752677707615,0.404866,0.510351,10.274872
1752677707639,0.399869,0.500335,10.095867
1752677707643,0.395085,0.490873,9.921518
1752677707647,0.390756,0.482311,9.763755
1752677707673,0.386839,0.474563,9.620998
1752677707678,0.389250,0.477034,9.670911
1752677707683,0.391431,0.479271,9.716076
1752677707710,0.394253,0.481889,9.765576
1752677707716,0.396807,0.484258,9.810368
1752677707720,0.407172,0.498381,10.071690
1752677707738,0.415075,0.509214,10.261897
1752677707846,0.380489,0.465150,9.221954
1752677707953,0.388837,0.478431,9.406222
1752677708119,0.382569,0.478617,9.133826
1752677708140,0.351075,0.437463,8.201191
1752677708291,0.322648,0.399209,7.357574
1752677708321,0.296925,0.364594,6.594205
1752677708339,0.273649,0.333271,5.903452
1752677708359,0.252587,0.304928,5.278407
1752677708380,0.233529,0.279281,4.712819
1752677708398,0.216283,0.256074,4.201032
1752677708412,0.200678,0.235074,3.737929
1752677708427,0.186558,0.216072,3.318879
1752677708440,0.173780,0.198877,2.939692
1752677708454,0.162219,0.183319,2.596574
1752677708464,0.151756,0.169240,2.286095
1752677708471,0.142290,0.156500,2.005151
1752677708476,0.133723,0.144972,1.750931
1752677708490,0.126030,0.134751,1.521019
1752677708504,0.119069,0.125501,1.312977
1752677708519,0.112770,0.117132,1.124725
1752677708532,0.107070,0.109559,0.954381
1752677708543,0.101913,0.102706,0.800240
1752677708547,0.097245,0.096505,0.660762
1752677708550,0.093015,0.090923,0.534439
1752677708556,0.089187,0.085872,0.420133
1752677708576,0.085723,0.081302,0.316700
1752677708580,0.082589,0.077166,0.223106
1752677708584,0.079753,0.073424,0.138415
1752677708608,0.077221,0.070110,0.061866
1752677708623,0.074972,0.067251,-0.007383
1752677708640,0.072937,0.064663,-0.070045
1752677708654,0.071096,0.062322,-0.126746
1752677708669,0.069429,0.060204,-0.178053
1752677708680,0.067922,0.058286,-0.224480
1752677708691,0.066557,0.056552,-0.266491
1752677708695,0.065323,0.054982,-0.304505
1752677708699,0.064206,0.053562,-0.338903
1752677708720,0.063255,0.052414,-0.369972
1752677708726,0.062395,0.051375,-0.398085
1752677708730,0.061617,0.050436,-0.423524
1752677708735,0.060913,0.049585,-0.446543
1752677708793,0.060398,0.048983,-0.467429
1752677708840,0.059933,0.048437,-0.486329
1752677708843,0.059430,0.047847,-0.503350
1752677708882,0.059057,0.047410,-0.518833
1752677708911,0.058719,0.047014,-0.532842
1752677708936,0.058413,0.046656,-0.545519
1752677708956,0.058136,0.046332,-0.556990
1752677708968,0.057886,0.046039,-0.567370
1752677708972,0.057688,0.045833,-0.576609
1752677708976,0.057502,0.045675,-0.585087
1752677708985,0.057335,0.045532,-0.592758
1752677708989,0.057201,0.045408,-0.599657
1752677708993,0.057077,0.045313,-0.606006
1752677709004,0.056965,0.045227,-0.611752
1752677709007,0.056881,0.045164,-0.616908
1752677709011,0.056805,0.045111,-0.621591
1752677709037,0.056745,0.045078,-0.625808
1752677709041,0.056691,0.045049,-0.629623
1752677709045,0.056641,0.045017,-0.633101
1752677709067,0.056596,0.044988,-0.636249
1752677709076,0.056556,0.044957,-0.639097
1752677709080,0.056519,0.044930,-0.641674
1752677709102,0.056486,0.044905,-0.644006
1752677709116,0.056435,0.044851,-0.646191
1752677709119,0.056388,0.044801,-0.648169
1752677709139,0.056346,0.044756,-0.649958
1752677709143,0.056308,0.044716,-0.651577
1752677709148,0.056273,0.044679,-0.653042
1752677709180,0.056186,0.044575,-0.654507
1752677709191,0.056107,0.044481,-0.655832
1752677709195,0.056035,0.044395,-0.657031
1752677709203,0.055971,0.044318,-0.658116
1752677709207,0.055912,0.044248,-0.659097
1752677709211,0.055859,0.044185,-0.659986
1752677709236,0.055812,0.044128,-0.660790
1752677709240,0.055768,0.044076,-0.661517
1752677709244,0.055731,0.044041,-0.662083
1752677709273,0.055667,0.044035,-0.662665
1752677709277,0.055612,0.044059,-0.663097
1752677709281,0.055562,0.044080,-0.663488
1752677709308,0.055473,0.044104,-0.663947
1752677709314,0.055391,0.044126,-0.664362
1752677709320,0.055318,0.044145,-0.664738
1752677709348,0.055251,0.044163,-0.665077
1752677709365,0.055172,0.044324,-0.665296
1752677709372,0.055100,0.044469,-0.665494
1752677709382,0.055035,0.044601,-0.665673
1752677709396,0.054977,0.044720,-0.665835
1752677709403,0.054923,0.044828,-0.665981
1752677709409,0.054875,0.044925,-0.666114
1752677709799,0.013655,-0.136320,-3.246469
1752677709861,-0.023644,-0.300325,-5.581367
1752677709898,-0.057395,-0.448728,-7.694159
1752677709904,-0.120190,-0.719461,-11.526918
1752677709908,-0.177011,-0.964440,-14.995088
1752677709914,-0.086381,-0.552490,-9.158955
1752677709950,-0.072806,-0.495710,-8.350671
1752677709966,-0.060523,-0.444332,-7.619275
1752677709981,-0.049408,-0.397841,-6.957453
1752677709994,-0.039350,-0.355773,-6.358587
1752677710007,-0.030249,-0.317706,-5.816689
1752677710022,-0.022014,-0.283261,-5.326338
1752677710034,-0.014562,-0.252092,-4.882631
1752677710044,-0.007819,-0.223888,-4.481133
1752677710055,-0.001717,-0.198367,-4.117826
1752677710064,0.003804,-0.175273,-3.789080
1752677710074,0.008800,-0.154377,-3.491605
1752677710085,0.013321,-0.135468,-3.222427
1752677710095,0.017411,-0.118358,-2.978855
1752677710105,0.021113,-0.102875,-2.758453
1752677710113,0.024462,-0.088865,-2.559017
1752677710121,0.027493,-0.076188,-2.378551
1752677710129,0.030236,-0.064717,-2.215253
1752677710152,0.032717,-0.054337,-2.067488
1752677710160,0.034963,-0.044944,-1.933780
1752677710167,0.036995,-0.036445,-1.812790
1752677710177,0.038833,-0.028755,-1.703310
1752677710182,0.040497,-0.021796,-1.604244
1752677710186,0.042003,-0.015499,-1.514601
1752677710204,0.043365,-0.009800,-1.433486
1752677710231,0.044533,-0.004995,-1.360335
1752677710251,0.045590,-0.000647,-1.294142
1752677710270,0.046546,0.003287,-1.234245
1752677710292,0.047412,0.006847,-1.180046
1752677710317,0.048195,0.010069,-1.131003
1752677710335,0.048903,0.012984,-1.086625
1752677710885,0.049244,0.014589,-1.046980
1752677711168,0.049860,0.017342,-1.010669
1752677711195,0.050418,0.019833,-0.977812
1752677711220,0.050923,0.022087,-0.948080
1752677711231,0.051380,0.024127,-0.921177
1752677711238,0.051793,0.025972,-0.896833
1752677711247,0.052167,0.027642,-0.874805
1752677711255,0.052505,0.029153,-0.854872
1752677711262,0.052812,0.030521,-0.836835
1752677711266,0.053089,0.031758,-0.820514
1752677711271,0.053339,0.032878,-0.805746
1752677711279,0.053566,0.033891,-0.792382
1752677711290,0.053772,0.034808,-0.780290
1752677711305,0.053957,0.035637,-0.769348
1752677711309,0.054126,0.036388,-0.759447
1752677711326,0.020503,-0.175991,-3.061684
1752677711343,-0.009921,-0.368168,-5.144921
1752677711354,-0.037451,-0.542064,-7.029991
1752677711366,-0.062362,-0.699418,-8.735744
1752677711377,-0.084904,-0.841804,-10.279236
1752677711381,-0.105301,-0.970645,-11.675904
1752677711385,-0.123758,-1.087231,-12.939714
1752677711411,-0.106563,-0.978786,-11.771791
1752677711422,-0.091003,-0.880657,-10.714968
1752677711434,-0.076923,-0.791863,-9.758675
1752677711444,-0.064183,-0.711515,-8.893349
1752677711455,-0.052654,-0.638810,-8.110336
1752677711460,-0.042222,-0.573021,-7.401808
1752677711472,-0.032783,-0.513491,-6.760679
1752677711476,-0.024241,-0.459623,-6.180537
1752677711480,-0.016512,-0.410879,-5.655581
1752677711500,-0.009519,-0.366773,-5.180561
1752677711504,-0.506724,-2.840079,-38.862488
1752677711508,-0.956633,-5.078112,-69.340424
1752677711534,-1.363744,-7.103252,-96.919151
1752677711557,-1.542404,-7.725010,-109.316849
1752677711574,-1.704069,-8.287623,-120.535217
1752677711578,-1.511976,-7.414206,-107.615112
1752677711582,-1.338157,-6.623872,-95.924034
1752677711589,-1.180872,-5.908719,-85.345070
1752677711603,-1.038549,-5.261595,-75.772430
1752677711609,-0.892808,-4.617943,-65.987335
1752677711615,-0.760931,-4.035518,-57.133049
1752677711635,-0.770099,-3.950303,-57.665581
1752677711641,-0.655523,-3.468859,-49.996788
1752677711646,-0.551845,-3.033212,-43.057491
1752677711670,-0.583433,-3.000923,-44.994381
1752677711674,-0.483987,-2.621126,-38.395798
1752677711680,-0.394000,-2.277457,-32.424904
1752677711712,-0.312574,-1.966479,-27.021992
1752677711717,-0.200877,-1.593241,-19.619797
1752677711820,-0.161754,-1.416064,-16.967802
1752677711826,-0.126353,-1.255740,-14.568077
1752677727069,-0.118857,-1.132732,-13.200344
1752677729676,-0.114576,-1.018733,-11.959839
1752677729698,-0.110702,-0.915579,-10.837337
1752677729719,-0.107196,-0.822237,-9.821612
1752677729736,-0.104024,-0.737774,-8.902509
1752677729749,-0.101154,-0.661345,-8.070835
1752677729763,-0.098556,-0.592187,-7.318274
1752677729777,-0.096206,-0.529607,-6.637300
1752677729791,-0.094080,-0.472981,-6.021104
1752677729801,-0.092155,-0.421741,-5.463523
1752677729805,-0.090414,-0.375375,-4.958982
1752677729809,-0.088838,-0.333419,-4.502436
1752677729818,-0.087413,-0.295455,-4.089319
1752677729822,-0.086123,-0.261102,-3.715499
1752677734124,-0.060715,-0.229210,-3.424566
1752677734155,-0.037724,-0.200352,-3.161308
1752677734184,-0.016921,-0.174239,-2.923092
1752677734208,0.001904,-0.150610,-2.707536
1752677734227,0.018938,-0.129229,-2.512486
1752677734242,0.034352,-0.109881,-2.335989
1752677734255,0.048299,-0.092374,-2.176281
1752677734267,0.060920,-0.076532,-2.031766
1752677734276,0.072340,-0.062198,-1.900998
1752677734286,0.082673,-0.049227,-1.782669
1752677734498,0.091484,-0.037157,-1.675313
1752677736638,0.081904,-0.032677,-1.544909
1752677736667,0.073235,-0.028623,-1.426908
1752677736693,0.065391,-0.024955,-1.320133
1752677736719,0.058294,-0.021636,-1.223515
1752677736742,0.051871,-0.018632,-1.136087
1752677736761,0.046059,-0.015914,-1.056976
1752677736778,0.040801,-0.013455,-0.985391
1752677736792,0.036042,-0.011230,-0.920615
1752677736808,0.031736,-0.009216,-0.862001
1752677736812,0.027840,-0.007394,-0.808962
1752677740038,0.021539,0.003282,-0.730324
1752677740066,0.015838,0.012942,-0.659166
1752677740092,0.010679,0.021683,-0.594776
1752677740116,0.006011,0.029593,-0.536512
1752677740136,0.001787,0.036750,-0.483790
1752677740151,-0.002035,0.043227,-0.436084
1752677740163,-0.005494,0.049087,-0.392915
1752677740173,-0.008623,0.054390,-0.353853
1752677740185,-0.011455,0.059189,-0.318507
1752677740188,-0.014018,0.063531,-0.286523
1752677740192,-0.016337,0.067460,-0.257581
1752677741164,-0.025742,0.077296,-0.207581
1752677741185,-0.034253,0.086198,-0.162336
1752677741203,-0.041954,0.094252,-0.121396
1752677741222,-0.048922,0.101540,-0.084350
1752677741242,-0.055228,0.108135,-0.050828
1752677741260,-0.060934,0.114103,-0.020495
1752677741279,-0.066097,0.119503,0.006953
1752677741291,-0.070769,0.124389,0.031790
1752677741301,-0.074996,0.128810,0.054264
1752677741304,-0.078821,0.132811,0.074600
1752677741307,-0.082283,0.136431,0.093002
1752677741314,-0.085415,0.139707,0.109653
1752677741327,-0.088249,0.142672,0.124721
1752677741333,-0.089226,0.144449,0.131784
1752677741337,-0.090110,0.146058,0.138175
1752677741355,-0.090910,0.147513,0.143958
1752677741366,-0.091633,0.148830,0.149191
1752677741370,-0.092288,0.150022,0.153927
1752677741388,-0.103439,0.160807,0.188875
1752677741395,-0.113530,0.170566,0.220498
1752677741402,-0.122660,0.179396,0.249114
1752677741421,-0.130922,0.187387,0.275007
1752677741428,-0.135695,0.192793,0.288967
1752677741435,-0.140014,0.197684,0.301599
1752677741469,-0.152064,0.210725,0.335682
1752677741486,-0.162968,0.222525,0.366524
1752677741500,-0.172834,0.233202,0.394431
1752677741514,-0.181762,0.242864,0.419684
1752677741524,-0.189841,0.251607,0.442535
1752677741534,-0.197151,0.259518,0.463212
1752677741538,-0.203766,0.266677,0.481922
1752677741542,-0.209751,0.273154,0.498852
1752677741548,-0.215167,0.279016,0.514172
1752677741558,-0.220068,0.284319,0.528035
1752677741564,-0.223537,0.288510,0.537744
1752677741568,-0.226676,0.292302,0.546531
1752677741589,-0.229517,0.295733,0.554481
1752677741596,-0.231701,0.298419,0.560068
1752677741603,-0.233677,0.300850,0.565123
1752677741629,-0.236370,0.303810,0.571990
1752677741633,-0.238806,0.306489,0.578204
1752677741637,-0.241011,0.308912,0.583827
1752677741658,-0.235866,0.303990,0.568529
1752677741668,-0.231206,0.299241,0.553814
1752677741677,-0.226990,0.294943,0.540500
1752677741692,-0.217935,0.285731,0.513341
1752677741739,-0.201661,0.269316,0.467772
1752677741786,-0.186934,0.254463,0.426538
1752677741790,-0.182939,0.249979,0.415021
1752677741818,-0.169993,0.236965,0.378805
1752677741843,-0.158279,0.225189,0.346034
1752677741847,-0.150264,0.216597,0.323022
1752677741869,-0.143012,0.208822,0.302199
1752677741875,-0.136450,0.201787,0.283357
1752677741897,-0.131148,0.195611,0.268467
1752677741902,-0.126350,0.190022,0.254993
1752677831090,0.819039,-0.894554,-2.170814
1752677831101,0.823134,-0.899026,-2.181668
1752677831108,0.824517,-0.900537,-2.185333
1752677831122,0.825217,-0.901301,-2.187187
1752677831128,0.825642,-0.901765,-2.188315
1752677831140,0.825930,-0.902079,-2.189077
1752677831154,0.826138,-0.902307,-2.189630
1752677831159,0.826297,-0.902481,-2.190051
1752677831171,0.826423,-0.902618,-2.190383
1752677831185,0.826525,-0.902729,-2.190653
1752677831190,0.826609,-0.902821,-2.190877
1752677831203,0.826680,-0.902899,-2.191067
1752677831220,0.826741,-0.902966,-2.191228
1752677831226,0.826794,-0.903023,-2.191368
1752677831237,0.826840,-0.903073,-2.191489
1752677831251,0.826880,-0.903117,-2.191596
1752677831255,0.826916,-0.903156,-2.191690
1752677831265,0.826947,-0.903191,-2.191774
1752677831285,0.826975,-0.903221,-2.191848
1752677831287,0.827000,-0.903249,-2.191915
1752677831300,0.827023,-0.903273,-2.191974
1752677831316,0.827043,-0.903295,-2.192027
1752677831318,0.827061,-0.903315,-2.192075
1752677831331,0.827077,-0.903333,-2.192118
1752677831350,0.827092,-0.903349,-2.192157
1752677831352,0.827105,-0.903363,-2.192192
1752677831363,0.827117,-0.903376,-2.192223
1752677831387,0.945677,-1.000704,-2.530111
1752677831392,1.052720,-1.088578,-2.835176
1752677831399,1.149404,-1.167947,-3.110717
1752677831425,1.236760,-1.239659,-3.359675
1752677831431,1.315710,-1.304470,-3.584675
1752677831440,1.387078,-1.363057,-3.788067
1752677831452,1.451604,-1.416028,-3.971961
1752677831456,1.509952,-1.463927,-4.138250
1752677831465,1.562722,-1.507246,-4.288639
1752677831485,1.610450,-1.546427,-4.424660
1752677831488,1.653622,-1.581868,-4.547697
1752677831499,1.692675,-1.613928,-4.658996
1752677831520,1.728005,-1.642930,-4.759683
1752677831524,1.759967,-1.669169,-4.850774
1752677831531,1.788885,-1.692908,-4.933186
1752677831552,1.815048,-1.714385,-5.007749
1752677831554,1.838719,-1.733818,-5.075211
1752677831565,1.860137,-1.751400,-5.136250
1752677831584,1.879516,-1.767309,-5.191479
1752677831586,1.897051,-1.781703,-5.241451
1752677831596,1.912917,-1.794728,-5.286668
1752677831615,1.927273,-1.806513,-5.327581
1752677831616,1.940263,-1.817177,-5.364602
1752677831629,1.952017,-1.826826,-5.398099
1752677831650,1.962652,-1.835557,-5.428410
1752677832133,1.786352,-1.653570,-4.968024
1752677832139,1.626825,-1.488896,-4.551438
1752677832157,1.482475,-1.339890,-4.174484
1752677832166,1.351857,-1.205059,-3.833392
1752677832172,1.233665,-1.083054,-3.524748
1752677832187,1.126717,-0.972656,-3.245466
1752677832193,1.029943,-0.872761,-2.992752
1752677832201,0.942375,-0.782368,-2.764079
1752677832219,0.863137,-0.700574,-2.557159
1752677832223,0.791437,-0.626561,-2.369922
1752677832232,0.726558,-0.559588,-2.200497
1752677832253,0.667850,-0.498987,-2.047189
1752677832257,0.614727,-0.444150,-1.908465
1752677832267,0.566657,-0.394530,-1.782936
1752677832286,0.523160,-0.349630,-1.669349
1752677832289,0.483801,-0.309001,-1.566567
1752677832299,0.448185,-0.272237,-1.473562
1752677832319,0.415958,-0.238970,-1.389404
1752677832321,0.386796,-0.208867,-1.313252
1752677832333,0.360409,-0.181629,-1.244344
1752677832351,0.336531,-0.156981,-1.181991
1752677832352,0.314925,-0.134678,-1.125569
1752677832367,0.295374,-0.114496,-1.074514
1752677832381,0.277662,-0.096309,-1.028709
1752677832382,0.261656,-0.079777,-0.986868
1752677832397,0.247172,-0.064818,-0.949007
1752677832416,0.234086,-0.051308,-0.914821
1752677832416,0.222225,-0.039057,-0.883814
1752677832428,0.211492,-0.027972,-0.855756
1752677832482,0.201800,-0.017842,-0.829964
1752677838753,0.184494,-0.017620,-0.777358
1752677838760,0.168835,-0.017418,-0.729755
1752677838768,0.154666,-0.017236,-0.686681
1752677838786,0.141844,-0.017071,-0.647704
1752677838792,0.130242,-0.016922,-0.612435
1752677838801,0.119744,-0.016787,-0.580521
1752677838819,0.110245,-0.016665,-0.551643
1752677838825,0.101649,-0.016554,-0.525512
1752677838834,0.093870,-0.016454,-0.501866
1752677838852,0.086832,-0.016363,-0.480470
1752677838858,0.080463,-0.016281,-0.461109
1752677838868,0.074700,-0.016207,-0.443590
1752677838883,0.069485,-0.016140,-0.427737
1752677838887,0.064766,-0.016080,-0.413392
1752677838900,0.060497,-0.016025,-0.400412
1752677838919,0.056633,-0.015975,-0.388666
1752677838922,0.053137,-0.015930,-0.378038
1752677838931,0.049973,-0.015889,-0.368421
1752677838951,0.047110,-0.015852,-0.359719
1752677838954,0.044520,-0.015819,-0.351844
1752677838965,0.042176,-0.015789,-0.344719
1752677838980,0.040055,-0.015762,-0.338271
1752677838985,0.038136,-0.015737,-0.332437
1752677838998,0.036399,-0.015715,-0.327158
1752677839016,0.034828,-0.015694,-0.322380
1752677839018,0.033406,-0.015676,-0.318058
1752677839036,-0.030746,0.002794,-0.241311
1752677839054,-0.088796,0.019506,-0.171865
1752677839061,-0.141323,0.034629,-0.109025
1752677839068,-0.188854,0.048314,-0.052162
1752677839087,-0.231864,0.060697,-0.000709
1752677839093,-0.270782,0.071901,0.045850
1752677839101,-0.305998,0.082040,0.087980
1752677839121,-0.337865,0.091215,0.126103
1752677839126,-0.366700,0.099517,0.160599
1752677839136,-0.392792,0.107029,0.191813
1752677839152,-0.416402,0.113826,0.220059
1752677839160,-0.437766,0.119977,0.245617
1752677839167,-0.457098,0.125543,0.268744
1752677839185,-0.474591,0.130579,0.289672
1752677839189,-0.490420,0.135136,0.308608
1752677839219,-0.504743,0.139260,0.325743
1752677839224,-0.517703,0.142991,0.341249
1752677839233,-0.529431,0.146368,0.355279
1752677839251,-0.540043,0.149423,0.367974
1752677839253,-0.549646,0.152188,0.379462
1752677839264,-0.558335,0.154690,0.389858
1752677839281,-0.566198,0.156953,0.399264
1752677839282,-0.573313,0.159002,0.407776
1752677839316,-0.579751,0.160855,0.415478
1752677839317,-0.585576,0.162533,0.422447
1752677845881,-0.551856,0.163449,0.376523
1752677845885,-0.521344,0.164278,0.334967
1752677845898,-0.493734,0.165028,0.297365
1752677845914,-0.468751,0.165707,0.263339
1752677845918,-0.446144,0.166321,0.232550
1752677845931,-0.425687,0.166877,0.204690
1752677845948,-0.407177,0.167380,0.179480
1752677845952,-0.390427,0.167835,0.156668
1752677845965,-0.375271,0.168247,0.136026
1752677845982,-0.361556,0.168620,0.117348
1752677846000,-0.349146,0.168957,0.100446
1752677846016,-0.337917,0.169262,0.085153
1752677846030,-0.327755,0.169538,0.071314
1752677846050,-0.318561,0.169788,0.058791
1752677846053,-0.310240,0.170014,0.047460
1752677846065,-0.302712,0.170219,0.037206
1752677846083,-0.295899,0.170404,0.027928
1752677846096,-0.289735,0.170571,0.019533
1752677846114,-0.284157,0.170723,0.011936
1752677846115,-0.279109,0.170860,0.005062
1752677846129,-0.274542,0.170984,-0.001159
1752677846146,-0.270409,0.171096,-0.006787
1752677846153,-0.266670,0.171198,-0.011881
1752677846162,-0.263286,0.171290,-0.016489
1752677846294,-0.299578,0.214297,0.118982
1752677846301,-0.332418,0.253213,0.241567
1752677846317,-0.362135,0.288427,0.352490
1752677846325,-0.389024,0.320291,0.452863
1752677846334,-0.413356,0.349124,0.543687
1752677846351,-0.435373,0.375214,0.625871
1752677846359,-0.455296,0.398823,0.700238
1752677846368,-0.473323,0.420186,0.767531
1752677846384,-0.489636,0.439516,0.828422
1752677846391,-0.504397,0.457008,0.883521
1752677846406,-0.517754,0.472836,0.933379
1752677846413,-0.527246,0.478893,0.927885
1752677846418,-0.535835,0.484374,0.922913
1752677846432,-0.546201,0.497599,0.969024
1752677846449,-0.555581,0.509565,1.010748
1752677846452,-0.564069,0.520394,1.048504
1752677846469,-0.571750,0.530192,1.082667
1752677846484,-0.578700,0.539058,1.113582
1752677846486,-0.584988,0.547081,1.141555
1752677846496,-0.590679,0.554341,1.166867
1752677846512,-0.603857,0.565006,1.188631
1752677846512,-0.615782,0.574656,1.208324
1752677846528,-0.618544,0.579293,1.227285
1752677846548,-0.621042,0.583489,1.244442
1752677846561,-0.623303,0.587285,1.259967
1752677846581,-0.625349,0.590720,1.274016
1752677846582,-0.608115,0.578667,1.248567
1752677846598,-0.600425,0.574754,1.250361
1752677846609,-0.593466,0.571213,1.251985
1752677846613,-0.587169,0.568009,1.253454
1752677846628,-0.570106,0.555875,1.230490
1752677846644,-0.554667,0.544894,1.209711
1752677846645,-0.540696,0.534958,1.190908
1752677846661,-0.528055,0.525968,1.173894
1752677846678,-0.506385,0.509151,1.131717
1752677846679,-0.486777,0.493935,1.093552
1752677846694,-0.471115,0.482422,1.067565
1752677846794,-0.443841,0.463394,1.020133
1752677847393,-0.398461,0.423777,0.941165
1752677847402,-0.357398,0.387928,0.869709
1752677847408,-0.320241,0.355489,0.805049
1752677847421,-0.286618,0.326136,0.746541
1752677847427,-0.256194,0.299575,0.693598
1752677847433,-0.228664,0.275540,0.645691
1752677847453,-0.203753,0.253792,0.602342
1752677847462,-0.181211,0.234113,0.563116
1752677847467,-0.160814,0.216306,0.527621
1752677847486,-0.142357,0.200192,0.495503
1752677847491,-0.125655,0.185612,0.466440
1752677847500,-0.110543,0.172418,0.440142
1752677847511,-0.096868,0.160479,0.416345
1752677847516,-0.084494,0.149677,0.394812
1752677847532,-0.073297,0.139901,0.375327
1752677847544,-0.063165,0.131056,0.357696
1752677847553,-0.053996,0.123052,0.341742
1752677847565,-0.045700,0.115809,0.327306
1752677847581,-0.038194,0.109256,0.314242
1752677847583,-0.031401,0.103325,0.302422
1752677847599,-0.025254,0.097959,0.291726
1752677847613,-0.019692,0.093103,0.282047
1752677847614,-0.014659,0.088710,0.273289
1752677847632,-0.010105,0.084734,0.265364
1752677847642,-0.005984,0.081136,0.258193
1752677847647,-0.002255,0.077881,0.251704
1752677847661,0.001119,0.074935,0.245833
1752677847675,0.004172,0.072270,0.240520
1752677847682,0.006935,0.069858,0.235712
1752677847694,0.008713,0.067052,0.245027
1752677847709,0.014912,0.070040,0.148784
1752677847714,0.020521,0.072743,0.061696
1752677847728,0.025597,0.075190,-0.017108
1752677847790,0.030277,0.077814,-0.085520
1752677847794,0.034512,0.080189,-0.147424
1752677849347,0.037623,0.078969,-0.195298
1752677849354,0.040438,0.077865,-0.238617
1752677849366,0.042985,0.076866,-0.277816
1752677849379,0.045290,0.075962,-0.313286
1752677849387,0.047375,0.075144,-0.345382
1752677849398,0.049262,0.074404,-0.374425
1752677849415,0.050970,0.073734,-0.400705
1752677849421,0.052515,0.073128,-0.424485
1752677849432,0.053913,0.072580,-0.446003
1752677849445,0.055178,0.072083,-0.465475
1752677849449,0.056323,0.071634,-0.483094
1752677849464,0.057359,0.071228,-0.499037
1752677849480,0.058297,0.070860,-0.513463
1752677849484,0.059145,0.070528,-0.526517
1752677849498,0.059912,0.070227,-0.538330
1752677849506,0.060655,0.070607,-0.548754
1752677849513,0.061279,0.070298,-0.558451
1752677849528,0.061843,0.070019,-0.567225
1752677849541,0.062354,0.069767,-0.575165
1752677849546,0.062816,0.069538,-0.582350
1752677849562,0.063235,0.069331,-0.588851
1752677849574,0.063648,0.069405,-0.594534
1752677849579,0.063987,0.069211,-0.599876
1752677849593,0.064294,0.069035,-0.604710
1752677849607,0.064572,0.068876,-0.609085
1752677849611,0.064823,0.068732,-0.613043
1752677849626,0.065051,0.068602,-0.616624
1752677849639,0.065256,0.068484,-0.619865
1752677849646,0.065435,0.067956,-0.622934
1752677849660,0.065597,0.067478,-0.625711
1752677849673,0.065743,0.067045,-0.628224
1752677849677,0.065875,0.066654,-0.630498
1752677849696,0.065995,0.066300,-0.632555
1752677849708,0.091326,0.017675,-1.476255
1752677849712,0.089011,0.021834,-1.397910
1752677849727,0.112153,-0.022561,-2.168805
1752677849739,0.133094,-0.062733,-2.866368
1752677849745,0.126805,-0.050926,-2.655789
1752677849759,0.121115,-0.040241,-2.465241
1752677849773,0.135743,-0.073100,-2.934611
1752677849778,0.148979,-0.102834,-3.359333
1752677849792,0.141180,-0.087389,-3.101873
1752677849808,0.149096,-0.112962,-3.385602
1752677849822,0.156258,-0.136102,-3.642342
1752677849829,0.165339,-0.165808,-3.985987
1752677849848,0.172897,-0.192592,-4.291051
1752677849849,0.179736,-0.216828,-4.567096
1752677849864,0.185662,-0.239599,-4.824918
1752677849883,0.191023,-0.260203,-5.058215
1752677849883,0.195875,-0.278848,-5.269319
1752677849895,0.199217,-0.291845,-5.411782
1752677849908,0.201823,-0.302944,-5.528190
1752677849917,0.204181,-0.312987,-5.633524
1752677849929,0.205332,-0.318028,-5.678852
1752677849948,0.209848,-0.327324,-5.815745
1752677849954,0.213935,-0.335736,-5.939616
1752677849962,0.216761,-0.340028,-6.008832
1752677849983,0.219319,-0.343912,-6.071464
1752677849985,0.221970,-0.347153,-6.126657
1752677849998,0.223703,-0.348607,-6.155950
1752677850009,0.225271,-0.349923,-6.182456
1752677850013,0.226691,-0.351113,-6.206441
1752677850028,0.227521,-0.350834,-6.210093
1752677850040,0.231004,-0.355686,-6.314187
1752677850044,0.234156,-0.360076,-6.408379
1752677850063,0.235896,-0.361405,-6.455564
1752677850082,0.237470,-0.362608,-6.498260
1752677850082,0.221236,-0.322407,-5.942024
1752677850096,0.206547,-0.286031,-5.438700
1752677850108,0.193255,-0.253115,-4.983254
1752677850116,0.181227,-0.223330,-4.571133
1752677850127,0.170344,-0.196378,-4.198214
1752677850140,0.160505,-0.171978,-3.860747
1752677850145,0.151602,-0.149885,-3.555391
1752677850160,0.143547,-0.129893,-3.279082
1752677850175,0.136239,-0.111784,-3.029105
1752677850182,0.129626,-0.095407,-2.802906
1752677850194,0.123641,-0.080588,-2.598224
1752677850211,0.118226,-0.067184,-2.413014
1752677850216,0.113325,-0.055051,-2.245416
1752677850227,0.108891,-0.044072,-2.093760
1752677850240,0.104878,-0.034138,-1.956531
1752677850244,0.101247,-0.025151,-1.832354
1752677850260,0.118900,-0.063282,-2.453189
1752677850275,0.134991,-0.097858,-3.017206
1752677850280,0.128500,-0.082792,-2.792154
1752677850294,0.145003,-0.117798,-3.362098
1752677850311,0.137588,-0.100818,-3.104167
1752677850312,0.130878,-0.085452,-2.870772
1752677850328,0.124806,-0.071549,-2.659578
1752677850342,0.119346,-0.058941,-2.468390
1752677850346,0.114409,-0.047520,-2.295420
1752677850362,0.109941,-0.037185,-2.138904
1752677850375,0.105898,-0.027833,-1.997276
1752677850384,0.102241,-0.019357,-1.869161
1752677850396,0.098933,-0.011687,-1.753232
1752677850408,0.095957,-0.004745,-1.648283
1752677850414,0.093266,0.001535,-1.553346
1752677850428,0.118548,-0.042344,-2.298953
1752677850440,0.113698,-0.032485,-2.142146
1752677850445,0.138130,-0.075283,-2.875834
1752677850462,0.131417,-0.062294,-2.664160
1752677850476,0.125381,-0.050528,-2.472524
1752677850484,0.119920,-0.039875,-2.299135
1752677850496,0.114979,-0.030236,-2.142241
1752677850509,0.110518,-0.021522,-2.000244
1752677850515,0.106481,-0.013639,-1.871765
1752677850531,0.102828,-0.006505,-1.755509
1752677850543,0.099538,-0.000054,-1.650271
1752677850546,0.096560,0.005778,-1.555037
1752677850566,0.093866,0.011054,-1.468863
1752677850576,0.091428,0.015826,-1.390886
1752677850582,0.089222,0.020145,-1.320356
1752677850596,0.087227,0.024054,-1.256535
1752677850608,0.085432,0.027599,-1.198759
1752677850614,0.083806,0.030799,-1.146463
1752677850628,0.082335,0.033694,-1.099140
1752677850643,0.080986,0.036275,-1.056380
1752677850647,0.079765,0.038610,-1.017687
1752677850661,0.078661,0.040723,-0.982675
1752677850675,0.077661,0.042635,-0.950994
1752677850678,0.076757,0.044365,-0.922326
1752677850694,0.075938,0.045931,-0.896385
1752677850709,0.097589,0.001378,-1.558706
1752677850716,0.117180,-0.038937,-2.158024
1752677850728,0.134907,-0.075417,-2.700331
1752677850740,0.150948,-0.108426,-3.191052
1752677850745,0.165463,-0.138296,-3.635093
1752677850761,0.181254,-0.172758,-4.142141
1752677850774,0.185036,-0.187267,-4.275735
1752677850779,0.188459,-0.200396,-4.396621
1752677850794,0.193993,-0.221329,-4.616247
1752677850809,0.194880,-0.233267,-4.674963
1752677850813,0.195683,-0.244069,-4.728094
1752677850827,0.196409,-0.253843,-4.776171
1752677850840,0.197066,-0.262688,-4.819674
1752677850845,0.197661,-0.270691,-4.859039
1752677850861,0.201184,-0.290987,-5.037306
1752677852290,0.204126,-0.290542,-4.895689
1752677852299,0.206789,-0.290139,-4.767545
1752677852308,0.209198,-0.289774,-4.651589
1752677852315,0.211378,-0.289444,-4.546664
1752677852323,0.213351,-0.289146,-4.451720
1752677852330,0.215136,-0.288876,-4.365808
1752677852337,0.216752,-0.288631,-4.288068
1752677852361,0.218213,-0.288410,-4.217723
1752677852367,0.219536,-0.288210,-4.154069
1752677852374,0.220733,-0.288029,-4.096471
1752677852379,0.220138,-0.292518,-4.021955
1752677852383,0.221277,-0.291927,-3.976924
1752677852388,0.222309,-0.291392,-3.936177
1752677852398,0.223242,-0.290909,-3.899305
1752677852414,0.224086,-0.290471,-3.865941
1752677852421,0.224850,-0.290075,-3.835751
1752677852432,0.225541,-0.289716,-3.808433
1752677852444,0.226167,-0.289392,-3.783713
1752677852449,0.226733,-0.289098,-3.761345
1752677852463,0.227245,-0.288833,-3.741104
1752677852476,0.227708,-0.288592,-3.722789
1752677852480,0.228128,-0.288375,-3.706216
1752677852495,0.228507,-0.288178,-3.691220
1752677852511,0.228851,-0.288000,-3.677650
1752677852512,0.229162,-0.287839,-3.665371
1752677852528,0.232657,-0.290615,-3.722414
1752677852540,0.235819,-0.293127,-3.774032
1752677852547,0.238681,-0.295400,-3.820739
1752677852563,0.239434,-0.293419,-3.824487
1752677852574,0.244362,-0.297570,-3.918041
1752677852582,0.248821,-0.301326,-4.002696
1752677852594,0.249893,-0.298673,-4.016654
1752677852611,0.255025,-0.301796,-4.119891
1752677852612,0.259668,-0.304622,-4.213307
1752677852627,0.261058,-0.301746,-4.237224
1752677852640,0.262315,-0.299143,-4.258865
1752677852645,0.263453,-0.296788,-4.278448
1752677852660,0.264482,-0.294657,-4.296167
1752677852673,0.272079,-0.299951,-4.445462
1752677852680,0.278953,-0.304742,-4.580554
1752677852694,0.279100,-0.298456,-4.571812
1752677852707,0.284399,-0.297511,-4.667496
1752677852714,0.289193,-0.296656,-4.754078
1752677852728,0.290878,-0.291513,-4.773815
1752677852742,0.270078,-0.257765,-4.381138
1752677852747,0.251256,-0.227227,-4.025815
1752677852761,0.261792,-0.230054,-4.204526
1752677852779,0.243775,-0.202002,-3.865957
1752677852781,0.227510,-0.176444,-3.559535
1752677852795,0.212792,-0.153318,-3.282261
1752677852813,0.199474,-0.132392,-3.031363
1752677852815,0.187423,-0.113457,-2.804331
1752677852828,0.176518,-0.096322,-2.598896
1752677852841,0.166676,-0.080703,-2.412954
1752677852846,0.157771,-0.066570,-2.244700
1752677852860,0.149712,-0.053781,-2.092451
1752677852876,0.142451,-0.042102,-1.954611
1752677852882,0.135881,-0.031533,-1.829882
1752677852894,0.129936,-0.021970,-1.717019
1752677853132,0.124389,-0.013188,-1.615430
1752677853144,0.119370,-0.005241,-1.523506
1752677853160,0.114828,0.001950,-1.440325
1752677853171,0.110719,0.008457,-1.365057
1752677853181,0.107000,0.014345,-1.296949
1752677853193,0.103635,0.019673,-1.235320
1752677853201,0.100590,0.024494,-1.179553
1752677853213,0.097835,0.028857,-1.129091
1752677853220,0.095341,0.032804,-1.083429
1752677853226,0.093085,0.036376,-1.042111
1752677853242,0.091044,0.039609,-1.004723
1752677853248,0.089197,0.042533,-0.970892
1752677853253,0.087525,0.045180,-0.940279
1752677853268,0.086013,0.047575,-0.912578
1752677853273,0.084644,0.049742,-0.887512
1752677853279,0.083406,0.051703,-0.864830
1752677853291,0.082285,0.053477,-0.844306
1752677853299,0.081271,0.055082,-0.825735
1752677853312,0.080353,0.056535,-0.808930
1752677853318,0.079523,0.057850,-0.793723
1752677853330,0.078772,0.059039,-0.779963
1752677853345,0.078096,0.060146,-0.767539
1752677853348,0.077373,0.060778,-0.756490
1752677853363,0.076720,0.061351,-0.746491
1752677853376,0.076128,0.061868,-0.737444
1752677853383,0.075593,0.062337,-0.729257
1752677853397,0.075108,0.062760,-0.721849
1752677853418,0.074670,0.063144,-0.715146
1752677853419,0.074273,0.063491,-0.709080
1752677853431,0.073914,0.063805,-0.703591
1752677853449,0.073590,0.064089,-0.698625
1752677853451,0.073264,0.064207,-0.694192
1752677853462,0.072970,0.064313,-0.690180
1752677853476,0.072703,0.064409,-0.686550
1752677853482,0.072462,0.064496,-0.683265
1752677853495,0.072244,0.064575,-0.680293
1752677853509,0.155706,-0.058703,-2.845447
1752677853516,0.231229,-0.170255,-4.804641
1752677853529,0.299567,-0.271196,-6.577467
1752677853541,0.361405,-0.362534,-8.181653
1752677853548,0.417361,-0.445184,-9.633241
1752677853562,0.384199,-0.396984,-8.779176
1752677853574,0.390305,-0.430681,-9.045605
1752677853583,0.395829,-0.461172,-9.286690
1752677853596,0.400829,-0.488762,-9.504842
1752677853607,0.405353,-0.513728,-9.702242
1752677853613,0.409446,-0.536319,-9.880864
1752677853628,0.447129,-0.646464,-11.210745
1752677853645,0.441653,-0.662213,-11.202634
1752677853646,0.436697,-0.676464,-11.195294
1752677853664,0.432213,-0.689360,-11.188653
1752677853687,0.420311,-0.682418,-10.920064
1752677853689,0.409541,-0.676138,-10.677025
1752677853698,0.413044,-0.715858,-10.965996
1752677853732,0.403957,-0.722708,-10.826045
1752677853866,0.389868,-0.705947,-10.387393
1752677853876,0.377119,-0.690780,-9.990468
1752677853886,0.365583,-0.677056,-9.631300
1752677853896,0.355145,-0.664637,-9.306298
1752677853912,0.345699,-0.653400,-9.012212
1752677853921,0.337152,-0.643232,-8.746100
1752677853936,0.329418,-0.634031,-8.505303
1752677853944,0.322420,-0.625705,-8.287412
1752677853957,0.316087,-0.618171,-8.090247
1752677853965,0.310357,-0.611354,-7.911838
1752677853972,0.305172,-0.605186,-7.750400
1752677853979,0.300480,-0.599604,-7.604318
1752677853986,0.296234,-0.594553,-7.472133
1752677853991,0.292392,-0.589983,-7.352521
1752677854006,0.288916,-0.585847,-7.244288
1752677854012,0.285771,-0.582105,-7.146350
1752677854017,0.282924,-0.578718,-7.057729
1752677854036,0.280349,-0.575654,-6.977538
1752677854048,0.278018,-0.572882,-6.904975
1752677854052,0.275909,-0.570373,-6.839314
1752677854067,0.274001,-0.568102,-6.779900
1752677854077,0.272274,-0.566048,-6.726137
1752677854084,0.270711,-0.564189,-6.677489
1752677854097,0.269298,-0.562507,-6.633468
1752677854108,0.268018,-0.560985,-6.593635
1752677854113,0.266861,-0.559608,-6.557590
1752677854129,0.264295,-0.551140,-6.460351
1752677854140,0.261974,-0.543479,-6.372361
1752677854145,0.259873,-0.536546,-6.292741
1752677854161,0.257972,-0.530272,-6.220695
1752677854173,0.259089,-0.530138,-6.226176
1752677854178,0.260099,-0.530018,-6.231136
1752677854194,0.259251,-0.522644,-6.168012
1752677854206,0.264833,-0.528497,-6.276200
1752677854212,0.269884,-0.533793,-6.374097
1752677854227,0.271107,-0.526811,-6.344948
1752677854240,0.279016,-0.530874,-6.470884
1752677854245,0.286173,-0.534550,-6.584840
1752677854265,0.285763,-0.518547,-6.479236
1752677854281,0.265561,-0.463083,-5.924118
1752677854288,0.247282,-0.412896,-5.421806
1752677854300,0.230741,-0.367483,-4.967276
1752677854312,0.215773,-0.326390,-4.555984
1752677854318,0.202229,-0.289206,-4.183815
1752677854334,0.189974,-0.255558,-3.847049
1752677854344,0.178884,-0.225112,-3.542317
1752677854350,0.168849,-0.197562,-3.266574
1752677854365,0.159769,-0.172632,-3.017060
1752677854376,0.151553,-0.150074,-2.791281
1752677854382,0.144118,-0.129662,-2.586980
1752677854397,0.137390,-0.111191,-2.402112
1752677854410,0.131303,-0.094478,-2.234831
1752677854416,0.125794,-0.079354,-2.083462
1752677854429,0.120810,-0.065669,-1.946491
1752677854442,0.116272,-0.053378,-1.822637
1752677854447,0.112225,-0.042055,-1.710389
1752677854462,0.108563,-0.031809,-1.608819
1752677854473,0.105250,-0.022538,-1.516911
1752677854479,0.102253,-0.014113,-1.433750
1752677854494,0.099542,-0.006490,-1.358500
1752677854506,0.097088,0.000409,-1.290408
1752677854512,0.094868,0.006651,-1.228793
1752677854526,0.092859,0.012299,-1.173039
1752677854540,0.091054,0.017512,-1.122528
1752677854545,0.089419,0.022257,-1.076785
1752677854560,0.087941,0.026550,-1.035395
1752677854773,0.086453,0.030427,-0.998293
1752677854784,0.085107,0.033935,-0.964720
1752677854800,0.083889,0.037110,-0.934341
1752677854809,0.082786,0.039982,-0.906852
1752677854820,0.081789,0.042582,-0.881978
1752677854829,0.080887,0.044934,-0.859470
1752677854840,0.080070,0.047062,-0.839103
1752677854848,0.079331,0.048988,-0.820673
1752677854855,0.078662,0.050730,-0.803996
1752677854864,0.078057,0.052307,-0.788906
1752677854873,0.077510,0.053734,-0.775252
1752677854880,0.077014,0.055025,-0.762896
1752677854886,0.076566,0.056193,-0.751715
1752677854892,0.076160,0.057251,-0.741598
1752677854913,0.075793,0.058207,-0.732444
1752677854920,0.075461,0.059073,-0.724160
1752677854925,0.075160,0.059856,-0.716664
1752677854943,0.074888,0.060565,-0.709882
1752677854952,0.074642,0.061206,-0.703744
1752677854957,0.074420,0.061787,-0.698191
1752677854963,0.074218,0.062312,-0.693165
1752677854976,0.074036,0.062787,-0.688618
1752677854985,0.073871,0.063217,-0.684503
1752677854997,0.073722,0.063606,-0.680780
1752677855018,0.073506,0.063724,-0.677510
1752677855020,0.073310,0.063831,-0.674551
1752677855030,0.073134,0.063928,-0.671874
1752677855043,0.072974,0.064015,-0.669451
1752677855050,0.072829,0.064095,-0.667259
1752677855061,0.072698,0.064166,-0.665276
1752677855077,0.072504,0.064052,-0.663653
1752677855082,0.072328,0.063949,-0.662185
1752677855095,0.072168,0.063855,-0.660857
1752677855117,0.072024,0.063770,-0.659655
1752677855118,0.071824,0.063529,-0.658681
1752677855131,0.071643,0.063311,-0.657799
1752677855142,0.071480,0.063113,-0.657001
1752677855155,0.097467,0.017357,-1.300681
1752677855164,0.120982,-0.024047,-1.883131
1752677855176,0.142261,-0.061512,-2.410175
1752677855184,0.135294,-0.050067,-2.242909
1752677855208,0.128991,-0.039711,-2.091555
1752677855209,0.149886,-0.084581,-2.657183
1752677855222,0.168794,-0.125183,-3.169006
1752677855242,0.159250,-0.107810,-2.929645
1752677855249,0.174504,-0.148128,-3.378160
1752677855256,0.188306,-0.184611,-3.784011
1752677855278,0.198476,-0.221976,-4.143970
1752677855278,0.201369,-0.242952,-4.290109
1752677855288,0.203986,-0.261932,-4.422345
1752677855311,0.207816,-0.285964,-4.608722
1752677855315,0.211281,-0.307710,-4.777370
1752677855316,0.214416,-0.327387,-4.929976
1752677855334,0.220549,-0.358334,-5.197588
1752677855348,0.226098,-0.386336,-5.439743
1752677855351,0.226129,-0.397899,-5.489519
1752677855362,0.227101,-0.413676,-5.583015
1752677855378,0.225645,-0.420058,-5.575103
1752677855379,0.224328,-0.425833,-5.567943
1752677855395,0.223136,-0.431059,-5.561464
1752677855462,0.223224,-0.440451,-5.631415
1752677855475,0.223304,-0.448950,-5.694711
1752677855485,0.223377,-0.456640,-5.751987
1752677855496,0.223443,-0.463599,-5.803813
1752677855506,0.223502,-0.469896,-5.850710
1752677855517,0.223556,-0.475593,-5.893146
1752677855526,0.223605,-0.480749,-5.931545
1752677855540,0.223649,-0.485414,-5.966292
1752677855549,0.223689,-0.489636,-5.997733
1752677855556,0.223725,-0.493456,-6.026184
1752677855568,0.223757,-0.496913,-6.051928
1752677855575,0.223787,-0.500040,-6.075222
1752677855582,0.223814,-0.502871,-6.096302
1752677855591,0.223838,-0.505432,-6.115376
1752677855600,0.223860,-0.507749,-6.132635
1752677855612,0.223879,-0.509846,-6.148253
1752677855618,0.223897,-0.511744,-6.162385
1752677855631,0.223914,-0.513461,-6.175173
1752677855654,0.223928,-0.515014,-6.186744
1752677855658,0.223941,-0.516420,-6.197215
1752677855663,0.223954,-0.517692,-6.206690
1752677855681,0.223964,-0.518843,-6.215263
1752677855684,0.223974,-0.519885,-6.223021
1752677855696,0.223983,-0.520827,-6.230041
1752677855708,0.223991,-0.521680,-6.236393
1752677855714,0.223998,-0.522452,-6.242141
1752677855730,0.226571,-0.527922,-6.330874
1752677855742,0.228899,-0.532872,-6.411166
1752677855761,0.231006,-0.537351,-6.483821
1752677855762,0.229531,-0.527359,-6.407606
1752677855782,0.236712,-0.538163,-6.620038
1752677855782,0.243211,-0.547940,-6.812262
1752677855798,0.244503,-0.539465,-6.793653
1752677855813,0.245672,-0.531797,-6.776814
1752677855818,0.246729,-0.524858,-6.761578
1752677855830,0.245597,-0.510251,-6.655395
1752677855844,0.228720,-0.456100,-6.084354
1752677855845,0.213449,-0.407100,-5.567634
1752677855860,0.199630,-0.362761,-5.100066
1752677855875,0.187205,-0.322493,-4.676771
1752677855885,0.176025,-0.285831,-4.293586
1752677855896,0.165910,-0.252656,-3.946852
1752677855913,0.156756,-0.222638,-3.633101
1752677855914,0.148473,-0.195474,-3.349195
1752677855931,0.166901,-0.209787,-3.733644
1752677855940,0.157696,-0.183714,-3.440085
1752677855945,0.149367,-0.160122,-3.174450
1752677855960,0.141830,-0.138774,-2.934083
1752677858770,0.139084,-0.117726,-2.712274
1752677858786,0.136600,-0.098680,-2.511565
1752677858800,0.134351,-0.081445,-2.329948
1752677858809,0.132317,-0.065850,-2.165607
1752677858823,0.130476,-0.051739,-2.016899
1752677858832,0.128810,-0.038970,-1.882337
1752677858840,0.127303,-0.027416,-1.760576
1752677858852,0.125939,-0.016960,-1.650396
1752677858858,0.124705,-0.007499,-1.550698
1752677858865,0.123588,0.001061,-1.460483
1752677858871,0.122577,0.008808,-1.378850
1752677858877,0.121663,0.015817,-1.304983
1752677858883,0.120835,0.022160,-1.238142
1752677858888,0.120086,0.027899,-1.177659
1752677858900,0.119409,0.033093,-1.122930
1752677858910,0.118796,0.037792,-1.073407
1752677858917,0.118241,0.042045,-1.028594
1752677858934,0.117739,0.045893,-0.988045
1752677858942,0.117285,0.049375,-0.951352
1752677858949,0.116874,0.052525,-0.918151
1752677858964,0.116502,0.055376,-0.888107
1752677858975,0.116165,0.057956,-0.860921
1752677858982,0.115861,0.060290,-0.836322
1752677858997,0.115585,0.062403,-0.814062
1752677859007,0.115336,0.064314,-0.793920
1752677859015,0.115110,0.066043,-0.775694
1752677859029,0.114857,0.067627,-0.759923
1752677859039,0.114677,0.069041,-0.744931
1752677859049,0.114465,0.070340,-0.732086
1752677859068,0.114273,0.071514,-0.720464
1752677859074,0.114099,0.072577,-0.709947
1752677859088,0.113973,0.073544,-0.700528
1752677859097,0.113859,0.074419,-0.692005
1752677860807,0.114525,0.075714,-0.683660
1752677860817,0.115127,0.076886,-0.676110
1752677860827,0.115671,0.077946,-0.669277
1752677860835,0.116164,0.078905,-0.663094
1752677860844,0.116610,0.079774,-0.657500
1752677860853,0.117013,0.080559,-0.652438
1752677860861,0.117379,0.081270,-0.647857
1752677860869,0.117709,0.081913,-0.643712
1752677860881,0.118008,0.082495,-0.639961
1752677860889,0.118278,0.083022,-0.636567
1752677860902,0.118523,0.083499,-0.633496
1752677860913,0.118745,0.083930,-0.630717
1752677860920,0.118945,0.084320,-0.628202
1752677860934,0.119127,0.084673,-0.625927
1752677860944,0.119291,0.084993,-0.623868
1752677860962,0.119439,0.085282,-0.622005
1752677860966,0.119574,0.085543,-0.620319
1752677860979,0.119695,0.085780,-0.618793
1752677861000,0.119805,0.085994,-0.617413
1752677861004,0.119905,0.086188,-0.616164
1752677861010,0.119995,0.086363,-0.615034
1752677861016,0.120076,0.086522,-0.614011
1752677861030,0.120150,0.086666,-0.613086
1752677861040,0.120217,0.086796,-0.612248
1752677861047,0.120277,0.086913,-0.611490
1752677861062,0.120332,0.087020,-0.610805
1752677861081,0.120488,0.087342,-0.610351
1752677861093,0.120630,0.087634,-0.609941
1752677861102,0.120758,0.087898,-0.609570
1752677861114,0.120874,0.088137,-0.609234
1752677861124,0.120979,0.088354,-0.608930
1752677861136,0.121074,0.088549,-0.608655
1752677861148,0.121160,0.088727,-0.608407
1752677861156,0.121237,0.088887,-0.608181
1752677861167,0.121308,0.089032,-0.607978
1752677861179,0.121371,0.089163,-0.607793
1752677861191,0.121429,0.089282,-0.607626
1752677861214,0.121481,0.089389,-0.607475
1752677861219,0.121528,0.089486,-0.607339
1752677861224,0.121571,0.089574,-0.607215
1752677861242,0.121609,0.089654,-0.607103
1752677861250,0.121644,0.089726,-0.607002
1752677861254,0.121676,0.089791,-0.606911
1752677861264,0.121704,0.089850,-0.606828
1752677861276,0.121730,0.089904,-0.606753
1752677861288,0.121754,0.089952,-0.606685
1752677861298,0.121775,0.089996,-0.606624
1752677861312,0.121794,0.090035,-0.606568
1752677861312,0.121811,0.090071,-0.606518
1752677861329,0.121827,0.090103,-0.606472
1752677861339,0.121841,0.090133,-0.606431
1752677862036,0.122339,0.089606,-0.603758
1752677862047,0.122790,0.089129,-0.601340
1752677862059,0.123198,0.088698,-0.599151
1752677862069,0.123567,0.088308,-0.597171
1752677862078,0.123900,0.087955,-0.595379
1752677862086,0.124203,0.087636,-0.593757
1752677862095,0.124476,0.087347,-0.592290
1752677862103,0.124723,0.087085,-0.590962
1752677862111,0.124947,0.086848,-0.589761
1752677862118,0.125150,0.086634,-0.588674
1752677862126,0.125333,0.086440,-0.587690
1752677862135,0.125499,0.086265,-0.586800
1752677862145,0.125649,0.086106,-0.585994
1752677862151,0.125785,0.085963,-0.585265
1752677862168,0.125907,0.085833,-0.584606
1752677862191,0.126019,0.085715,-0.584009
1752677862199,0.126119,0.085609,-0.583469
1752677862204,0.126210,0.085512,-0.582981
1752677862212,0.126293,0.085425,-0.582538
1752677862222,0.126367,0.085346,-0.582138
1752677862237,0.126435,0.085275,-0.581776
1752677862247,0.126496,0.085211,-0.581449
1752677862250,0.126551,0.085152,-0.581152
1752677862260,0.126601,0.085099,-0.580884
1752677862271,0.126646,0.085051,-0.580641
1752677864358,0.126685,0.084587,-0.579714
1752677864367,0.126720,0.084166,-0.578875
1752677864376,0.126752,0.083786,-0.578116
1752677864385,0.126780,0.083441,-0.577429
1752677864393,0.126806,0.083130,-0.576807
1752677864401,0.126830,0.082848,-0.576245
1752677864413,0.126851,0.082593,-0.575736
1752677864421,0.126870,0.082362,-0.575275
1752677864428,0.126888,0.082153,-0.574859
1752677864435,0.126903,0.081964,-0.574482
1752677864441,0.126918,0.081793,-0.574140
1752677864453,0.126930,0.081638,-0.573832
1752677864461,0.126942,0.081498,-0.573552
1752677864475,0.126953,0.081372,-0.573299
1752677864488,0.126962,0.081257,-0.573071
1752677864494,0.126971,0.081153,-0.572864
1752677864497,0.126979,0.081059,-0.572676
1752677864503,0.126986,0.080974,-0.572507
1752677864514,0.126992,0.080897,-0.572353
1752677864523,0.126998,0.080828,-0.572215
1752677864527,0.127003,0.080765,-0.572089
1752677864533,0.127008,0.080708,-0.571976
1752677864539,0.127012,0.080656,-0.571873
1752677864547,0.127016,0.080610,-0.571780
1752677864550,0.127020,0.080568,-0.571695
1752677864562,0.127023,0.080529,-0.571619
1752677864571,0.127026,0.080495,-0.571550
1752677864581,0.127028,0.080464,-0.571488
1752677864584,0.127031,0.080435,-0.571432
1752677864603,0.127033,0.080410,-0.571380
1752677864604,0.127035,0.080387,-0.571334
1752677866339,0.115814,0.075504,-0.507169
1752677866409,0.109633,0.069983,-0.457954
1752677866419,0.104041,0.064988,-0.413420
1752677866429,0.098980,0.060468,-0.373123
1752677866438,0.094401,0.056378,-0.336659
1752677866447,0.090257,0.052677,-0.303664
1752677866455,0.086508,0.049328,-0.273807
1752677866463,0.083115,0.046297,-0.246790
1752677866471,0.080045,0.043555,-0.222343
1752677866477,0.077267,0.041074,-0.200222
1752677866484,0.074753,0.038829,-0.180205
1752677866495,0.072478,0.036797,-0.162093
1752677866503,0.070420,0.034958,-0.145703
1752677866528,0.068557,0.033295,-0.130872
1752677866537,0.066872,0.031790,-0.117452
1752677866545,0.065347,0.030427,-0.105309
1752677866551,0.063967,0.029195,-0.094320
1752677866558,0.062719,0.028080,-0.084377
1752677866567,0.061589,0.027070,-0.075380
1752677866576,0.060566,0.026157,-0.067239
1752677866583,0.059641,0.025331,-0.059872
1752677866604,0.058804,0.024583,-0.053206
1752677866607,0.058046,0.023907,-0.047174
1752677866612,0.057361,0.023294,-0.041716
1752677866636,0.056741,0.022740,-0.036777
1752677866637,0.056179,0.022239,-0.032307
1752677866645,0.055672,0.021785,-0.028263
1752677866662,0.055249,0.034918,-0.127124
1752677866669,0.054866,0.046801,-0.216580
1752677866683,0.056090,0.043384,-0.196972
1752677866694,0.057198,0.040291,-0.179230
1752677866709,0.058200,0.037493,-0.163175
1752677866710,0.059107,0.034961,-0.148647
1752677866725,0.059928,0.032670,-0.135502
1752677866737,0.054934,0.050329,-0.236446
1752677866744,0.050415,0.066308,-0.327788
1752677866759,0.046326,0.080766,-0.410441
1752677866768,0.042627,0.093850,-0.485232
1752677866837,0.049430,0.081478,-0.458638
1752677866848,0.055587,0.070283,-0.434574
1752677866859,0.061158,0.060152,-0.412799
1752677866869,0.066198,0.050986,-0.393095
1752677866880,0.070760,0.042691,-0.375265
1752677866890,0.074887,0.035186,-0.359132
1752677866901,0.078622,0.028394,-0.344533
1752677866909,0.082002,0.022249,-0.331323
1752677866919,0.085060,0.016688,-0.319370
1752677866933,0.087827,0.011656,-0.308554
1752677866942,0.090331,0.007102,-0.298766
1752677866949,0.092597,0.002982,-0.289910
1752677866966,0.094647,-0.000746,-0.281896
1752677866974,0.096502,-0.004120,-0.274644
1752677866984,0.098181,-0.007172,-0.268082
1752677866997,0.099700,-0.009934,-0.262145
1752677867006,0.101075,-0.012434,-0.256772
1752677867016,0.102319,-0.014696,-0.251910
1752677867029,0.103444,-0.016742,-0.247511
1752677867038,0.104462,-0.018594,-0.243530
1752677867047,0.105384,-0.020270,-0.239928
1752677867061,0.106218,-0.021786,-0.236669
1752677867070,0.106972,-0.023159,-0.233719
1752677867078,0.107655,-0.024400,-0.231051
1752677867093,0.108273,-0.025524,-0.228636
1752677867106,0.108861,-0.026457,-0.223762
1752677867112,0.109393,-0.027301,-0.219352
1752677867127,0.109875,-0.028065,-0.215361
1752677867136,0.110311,-0.028756,-0.211750
1752677867143,0.110705,-0.029382,-0.208482
1752677867169,0.112221,-0.027096,-0.196844
1752677867177,0.113594,-0.025028,-0.186313
1752677867184,0.114835,-0.023156,-0.176783
1752677867205,0.115959,-0.021462,-0.168160
1752677867212,0.116976,-0.019930,-0.160357
1752677867218,0.117896,-0.018543,-0.153297
1752677867243,0.118728,-0.017288,-0.146908
1752677867249,0.119482,-0.016153,-0.141127
1752677867254,0.120163,-0.015125,-0.135895
1752677867265,0.120780,-0.014195,-0.131162
1752677867273,0.121338,-0.013354,-0.126878
1752677867280,0.121843,-0.012593,-0.123003
1752677867295,0.122300,-0.011904,-0.119495
1752677867304,0.122714,-0.011281,-0.116322
1752677867312,0.123088,-0.010717,-0.113450
1752677867331,0.123427,-0.010206,-0.110852
1752677867340,0.123733,-0.009744,-0.108500
1752677867346,0.124010,-0.009327,-0.106373
1752677867363,0.124261,-0.008948,-0.104447
1752677867371,0.124488,-0.008606,-0.102705
1752677867379,0.124694,-0.008297,-0.101129
1752677867395,0.124842,-0.007784,-0.100539
1752677868370,0.095164,0.008331,-0.244437
1752677868379,0.068309,0.022913,-0.374646
1752677868389,0.044009,0.036108,-0.492469
1752677868399,0.022020,0.048048,-0.599085
1752677868413,0.002123,0.058852,-0.695558
1752677868421,-0.015882,0.068629,-0.782855
1752677868430,-0.032173,0.077475,-0.861847
1752677868438,-0.046915,0.085480,-0.933326
1752677868445,-0.060255,0.092723,-0.998005
1752677868452,-0.072326,0.099278,-1.056531
1752677868460,-0.083248,0.105208,-1.109490
1752677868466,-0.093132,0.110575,-1.157411
1752677868478,-0.102075,0.115431,-1.200774
1752677868484,-0.110168,0.119826,-1.240012
1752677868499,-0.117490,0.123802,-1.275518
1752677868507,-0.124117,0.127400,-1.307646
1752677868517,-0.130112,0.130656,-1.336717
1752677868530,-0.135538,0.133602,-1.363024
1752677868537,-0.140447,0.136267,-1.386828
1752677868546,-0.144890,0.138680,-1.408367
1752677868561,-0.148910,0.140862,-1.427858
1752677868570,-0.152547,0.142838,-1.445495
1752677868577,-0.155839,0.144625,-1.461454
1752677868592,-0.158817,0.146242,-1.475894
1752677868601,-0.161512,0.147705,-1.488961
1752677868613,-0.163951,0.149030,-1.500786
1752677868625,-0.166157,0.150228,-1.511485
1752677868634,-0.168154,0.151312,-1.521167
1752677868643,-0.163525,0.148961,-1.503719
1752677868660,-0.159336,0.146833,-1.487931
1752677868668,-0.155546,0.144908,-1.473645
1752677869476,-0.149607,0.137744,-1.449452
1752677869487,-0.144232,0.131262,-1.427561
1752677869497,-0.139369,0.125396,-1.407751
1752677869512,-0.134968,0.120089,-1.389827
1752677869521,-0.130986,0.115286,-1.373607
1752677869528,-0.127383,0.110940,-1.358930
1752677869535,-0.124122,0.107007,-1.345649
1752677869545,-0.121172,0.103449,-1.333632
1752677869551,-0.118502,0.100229,-1.322757
1752677869559,-0.116086,0.097315,-1.312917
1752677869577,-0.113900,0.094679,-1.304014
1752677869586,-0.111922,0.092293,-1.295957
1752677869591,-0.110133,0.090134,-1.288666
1752677869607,-0.108513,0.088181,-1.282069
1752677869613,-0.107047,0.086413,-1.276100
1752677869617,-0.105721,0.084814,-1.270698
1752677869628,-0.104521,0.083367,-1.265811
1752677869639,-0.103436,0.082057,-1.261388
1752677869648,-0.102453,0.080872,-1.257386
1752677869652,-0.101564,0.079799,-1.253764
1752677869667,-0.100759,0.078829,-1.250487
1752677869679,-0.100031,0.077951,-1.247522
1752677869691,-0.099373,0.077157,-1.244839
1752677869706,-0.098777,0.076438,-1.242411
1752677869709,-0.098237,0.075787,-1.240214
1752677869716,-0.098519,0.074564,-1.240661
1752677869738,-0.098774,0.073457,-1.241066
1752677869743,-0.099004,0.072455,-1.241432
1752677869746,-0.100795,0.070933,-1.247244
1752677869760,-0.102416,0.069555,-1.252504
1752677869769,-0.103882,0.068308,-1.257263
1752677869777,-0.105209,0.067180,-1.261570
1752677869800,-0.106410,0.066159,-1.265467
1752677869805,-0.107496,0.065235,-1.268993
1752677869812,-0.109786,0.063683,-1.276662
1752677869829,-0.112370,0.061645,-1.285132
1752677869834,-0.114196,0.060435,-1.291266
1752677869846,-0.116361,0.058706,-1.298347
1752677869860,-0.118320,0.057141,-1.304754
1752677869868,-0.120092,0.055726,-1.310552
1752677869877,-0.122594,0.053688,-1.318474
1752677869895,-0.126166,0.051092,-1.329510
1752677869904,-0.128090,0.049494,-1.335629
1752677869910,-0.131139,0.047297,-1.345033
1752677869927,-0.133908,0.045131,-1.353597
1752677869935,-0.136403,0.043349,-1.361291
1752677869943,-0.138671,0.041559,-1.368309
1752677869959,-0.140722,0.039938,-1.374659
1752677869972,-0.144108,0.038093,-1.385405
1752677869993,-0.147140,0.036298,-1.395009
1752677869994,-0.149884,0.034673,-1.403698
1752677870002,-0.152736,0.033196,-1.412761
1752677870019,-0.154352,0.031869,-1.417759
1752677870026,-0.155815,0.030668,-1.422281
1752677870037,-0.157428,0.029574,-1.427316
1752677870048,-0.158889,0.028585,-1.431873
1752677870060,-0.160210,0.027689,-1.435995
1752677870068,-0.161406,0.026879,-1.439726
1752677870076,-0.162577,0.026236,-1.443471
1752677870092,-0.163636,0.025655,-1.446859
1752677870103,-0.164410,0.026705,-1.451318
1752677870113,-0.165110,0.027654,-1.455353
1752677870129,-0.165743,0.028514,-1.459004
1752677870137,-0.166316,0.029291,-1.462308
1752677870146,-0.166835,0.029995,-1.465297
1752677870160,-0.167304,0.030632,-1.468003
1752677870169,-0.167729,0.031208,-1.470451
1752677870178,-0.168704,0.031335,-1.474608
1752677870195,-0.169586,0.031450,-1.478370
1752677870208,-0.169794,0.031948,-1.479832
1752677870214,-0.170408,0.032564,-1.483074
1752677870227,-0.170965,0.033121,-1.486008
1752677870241,-0.173332,0.034493,-1.495207
1752677870249,-0.175474,0.035734,-1.503531
1752677870258,-0.177412,0.036857,-1.511063
1752677870269,-0.179166,0.037873,-1.517879
1752677870277,-0.180753,0.038793,-1.524046
1752677870292,-0.182189,0.039625,-1.529627
1752677870305,-0.181617,0.043960,-1.528891
1752677870313,-0.181100,0.047883,-1.528225
1752677870329,-0.180631,0.051433,-1.527623
1752677870340,-0.180207,0.054645,-1.527078
1752677870346,-0.179824,0.057552,-1.526584
1752677870361,-0.179477,0.060182,-1.526138
1752677870372,-0.179163,0.062562,-1.525734
1752677870377,-0.178879,0.064716,-1.525368
1752677870394,-0.178622,0.066665,-1.525038
1752677870401,-0.178389,0.068428,-1.524738
1752677870409,-0.178178,0.070023,-1.524468
1752677870425,-0.177988,0.071467,-1.524222
1752677870483,-0.173102,0.075154,-1.506346
1752677870519,-0.169372,0.077088,-1.491958
1752677870530,-0.165997,0.078839,-1.478938
1752677870541,-0.162943,0.080423,-1.467158
1752677870551,-0.160180,0.081856,-1.456497
1752677870563,-0.157679,0.083153,-1.446851
1752677870572,-0.155417,0.084327,-1.438123
1752677870587,-0.153369,0.085388,-1.430225
1752677870596,-0.151516,0.086349,-1.423078
1752677870604,-0.149840,0.087219,-1.416610
1752677870613,-0.148323,0.088006,-1.410759
1752677870622,-0.146950,0.088718,-1.405463
1752677870631,-0.145708,0.089362,-1.400672
1752677870641,-0.144584,0.089945,-1.396336
1752677870659,-0.143567,0.090472,-1.392413
1752677870664,-0.142647,0.090950,-1.388863
1752677870671,-0.141814,0.091381,-1.385650
1752677870681,-0.141060,0.091772,-1.382743
1752677870697,-0.140379,0.092126,-1.380113
1752677870705,-0.139762,0.092446,-1.377733
1752677870714,-0.139203,0.092735,-1.375579
1752677870728,-0.138698,0.092997,-1.373631
1752677870736,-0.138241,0.093235,-1.371867
1752677870750,-0.137827,0.093449,-1.370271
1752677870760,-0.137453,0.093643,-1.368827
1752677870771,-0.137114,0.093819,-1.367521
1752677870779,-0.136808,0.093978,-1.366339
1752677870792,-0.136530,0.094122,-1.365269
1752677870801,-0.137143,0.092682,-1.367221
1752677870811,-0.137697,0.091379,-1.368987
1752677870826,-0.138198,0.090200,-1.370586
1752677870833,-0.138652,0.089134,-1.372032
1752677870845,-0.140289,0.084030,-1.379253
1752677870862,-0.141771,0.079412,-1.385788
1752677870871,-0.143112,0.075233,-1.391701
1752677870877,-0.144325,0.071451,-1.397051
1752677870893,-0.145423,0.068029,-1.401893
1752677870902,-0.146417,0.064933,-1.406274
1752677870910,-0.147316,0.062131,-1.410238
1752677870925,-0.148129,0.059596,-1.413825
1752677870934,-0.147952,0.055807,-1.414111
1752677870941,-0.147792,0.052379,-1.414369
1752677870959,-0.147647,0.049277,-1.414602
1752677870979,-0.145879,0.045403,-1.409920
1752677870993,-0.144280,0.041897,-1.405683
1752677871175,-0.148278,0.037731,-1.421577
1752677871187,-0.151896,0.033961,-1.435959
1752677871198,-0.155171,0.030549,-1.448973
1752677871209,-0.158133,0.027462,-1.460749
1752677871220,-0.160814,0.024669,-1.471405
1752677871230,-0.163240,0.022141,-1.481047
1752677871245,-0.165435,0.019854,-1.489772
1752677871254,-0.167421,0.017784,-1.497667
1752677871263,-0.169218,0.015912,-1.504811
1752677871279,-0.170845,0.014217,-1.511275
1752677871287,-0.172316,0.012684,-1.517125
1752677871298,-0.173648,0.011296,-1.522418
1752677871305,-0.174853,0.010041,-1.527207
1752677871311,-0.175943,0.008904,-1.531541
1752677871317,-0.176930,0.007876,-1.535463
1752677871327,-0.177823,0.006946,-1.539011
1752677871336,-0.178631,0.006104,-1.542222
1752677871342,-0.179362,0.005343,-1.545128
1752677871346,-0.180023,0.004654,-1.547757
1752677871360,-0.180622,0.004030,-1.550136
1752677871372,-0.181163,0.003466,-1.552289
1752677871376,-0.181653,0.002955,-1.554237
1752677871381,-0.182097,0.002493,-1.556000
1752677871407,-0.182498,0.002075,-1.557595
1752677871411,-0.182861,0.001696,-1.559038
1752677871414,-0.186182,0.002229,-1.571015
1752677871431,-0.189187,0.002711,-1.581852
1752677871443,-0.191906,0.003148,-1.591658
1752677871451,-0.195761,0.006272,-1.605364
1752677871465,-0.199249,0.009099,-1.617765
1752677871480,-0.202406,0.011657,-1.628988
1752677871482,-0.205262,0.013971,-1.639142
1752677871495,-0.207846,0.016066,-1.648331
1752677871510,-0.209555,0.020285,-1.653373
1752677871513,-0.211101,0.024103,-1.657936
1752677871528,-0.212501,0.027558,-1.662064
1752677871538,-0.212867,0.032914,-1.663153
1752677871546,-0.213198,0.037760,-1.664138
1752677871560,-0.213498,0.042145,-1.665030
1752677871568,-0.213769,0.046112,-1.665837
1752677871579,-0.214015,0.049703,-1.666567
1752677871593,-0.214237,0.052952,-1.667227
1752677871651,-0.214088,0.061586,-1.667312
1752677871663,-0.213952,0.069399,-1.667389
1752677871675,-0.213830,0.076469,-1.667459
1752677871685,-0.213719,0.082866,-1.667522
1752677871702,-0.213619,0.088655,-1.667579
1752677871711,-0.213528,0.093893,-1.667631
1752677871722,-0.213446,0.098633,-1.667678
1752677871732,-0.213372,0.102922,-1.667720
1752677871745,-0.213304,0.106803,-1.667758
1752677871753,-0.213244,0.110314,-1.667793
1752677871762,-0.213189,0.113492,-1.667824
1752677871769,-0.213139,0.116368,-1.667852
1752677871780,-0.213094,0.118970,-1.667878
1752677871787,-0.213053,0.121324,-1.667901
1752677871799,-0.213016,0.123454,-1.667922
1752677871814,-0.212983,0.125382,-1.667941
1752677871820,-0.212952,0.127127,-1.667958
1752677871828,-0.212925,0.128705,-1.667974
1752677871843,-0.212900,0.130133,-1.667988
1752677871848,-0.212878,0.131426,-1.668001
1752677871862,-0.212858,0.132595,-1.668012
1752677871872,-0.212839,0.133654,-1.668023
1752677871878,-0.212823,0.134611,-1.668032
1752677871895,-0.212808,0.135478,-1.668041
1752677871903,-0.212794,0.136262,-1.668049
1752677871912,-0.214181,0.134798,-1.672953
1752677871926,-0.215435,0.133474,-1.677391
1752677871938,-0.216570,0.132276,-1.681407
1752677871944,-0.217597,0.131192,-1.685041
1752677871963,-0.216958,0.127668,-1.681596
1752677871967,-0.217948,0.127023,-1.685212
1752677871978,-0.218472,0.118915,-1.686778
1752677871995,-0.218945,0.111580,-1.688195
1752677872003,-0.219373,0.104941,-1.689478
1752677872017,-0.219761,0.098935,-1.690638
1752677872027,-0.220112,0.093499,-1.691688
1752677872034,-0.220429,0.088581,-1.692638
1752677872046,-0.220716,0.084131,-1.693498
1752677872060,-0.220976,0.080104,-1.694276
1752677872067,-0.221212,0.076460,-1.694980
1752677872076,-0.221424,0.073162,-1.695617
1752677872097,-0.221617,0.070178,-1.696193
1752677872182,-0.223960,0.062273,-1.706003
1752677872194,-0.226081,0.055120,-1.714880
1752677872205,-0.228000,0.048648,-1.722912
1752677872216,-0.229736,0.042791,-1.730180
1752677872226,-0.231307,0.037491,-1.736756
1752677872236,-0.232729,0.032695,-1.742707
1752677872245,-0.234015,0.028356,-1.748092
1752677872255,-0.235179,0.024429,-1.752965
1752677872267,-0.236232,0.020876,-1.757374
1752677872278,-0.237186,0.017661,-1.761364
1752677872286,-0.238048,0.014752,-1.764974
1752677872298,-0.238828,0.012119,-1.768241
1752677872308,-0.239535,0.009737,-1.771197
1752677872321,-0.240174,0.007581,-1.773872
1752677872329,-0.240752,0.005631,-1.776292
1752677872339,-0.241275,0.003866,-1.778483
1752677872349,-0.241749,0.002269,-1.780465
1752677872364,-0.242177,0.000824,-1.782258
1752677872382,-0.242565,-0.000484,-1.783880
1752677872387,-0.242915,-0.001667,-1.785349
1752677872395,-0.243233,-0.002738,-1.786678
1752677872410,-0.243520,-0.003707,-1.787880
1752677872413,-0.243780,-0.004584,-1.788968
1752677872428,-0.244015,-0.005377,-1.789952
1752677872441,-0.244228,-0.006095,-1.790843
1752677872445,-0.250142,-0.006674,-1.813010
1752677872459,-0.255493,-0.007198,-1.833068
1752677872466,-0.260335,-0.007672,-1.851219
1752677872476,-0.264716,-0.008102,-1.867642
1752677872495,-0.294448,-0.010650,-1.976244
1752677872500,-0.321350,-0.012956,-2.074515
1752677872519,-0.384535,-0.015856,-2.304904
1752677872527,-0.441709,-0.018479,-2.513378
1752677872535,-0.493445,-0.020853,-2.702021
1752677872546,-0.666686,-0.021195,-3.341818
1752677872559,-0.823448,-0.021505,-3.920755
1752677872568,-0.965297,-0.021784,-4.444620
1752677872576,-1.093654,-0.022038,-4.918652
1752677872593,-1.209800,-0.022267,-5.347592
1752677872601,-1.314898,-0.022474,-5.735730
1752677872614,0.552313,-0.041475,1.162024
1752677872626,2.241907,-0.058668,7.403629
1752677872633,3.770777,-0.074225,13.051502
1752677872645,3.590309,-0.073090,12.386317
1752677872660,3.427008,-0.072063,11.784408
1752677872667,3.279240,-0.071133,11.239755
1752677872676,3.074512,-0.069984,10.483472
1752677872691,2.889258,-0.068945,9.799130
1752677872702,2.693804,-0.067390,9.074837
1752677872709,2.516943,-0.065983,8.419441
1752677872725,2.356906,-0.064709,7.826390
1752677872745,2.170716,-0.058350,7.142082
1752677872753,2.002237,-0.052596,6.522870
1752677872766,1.849785,-0.047389,5.962560
1752677872774,1.711834,-0.042677,5.455549
1752677872781,1.587006,-0.038413,4.996768
1752677872797,1.474052,-0.034556,4.581628
1752677872805,1.371843,-0.031065,4.205979
1752677872815,1.279357,-0.027906,3.866063
1752677872829,1.195668,-0.025047,3.558481
1752677872838,1.119941,-0.022461,3.280159
1752677872847,1.051417,-0.020120,3.028311
1752677872863,0.989411,-0.018003,2.800421
1752677872872,0.933303,-0.016086,2.594208
1752677872878,0.882533,-0.014352,2.407612
1752677872896,0.836592,-0.012783,2.238765
1752677872902,0.795022,-0.011363,2.085980
1752677872911,0.757405,-0.010079,1.947729
1752677872927,0.723367,-0.008916,1.822629
1752677872934,0.692567,-0.007864,1.709429
1752677872947,0.664697,-0.006912,1.606997
1752677872959,0.639478,-0.006051,1.514309
1752677872972,0.616658,-0.005271,1.430438
1752677872991,0.591020,-0.002163,1.336838
1752677872997,0.567821,0.000649,1.252142
1752677873013,0.544005,0.005282,1.165312
1752677873015,0.522455,0.009474,1.086741
1752677873029,0.502955,0.013268,1.015645
1752677873037,0.483380,0.018281,0.944692
1752677873043,0.465668,0.022818,0.880489
1752677873067,0.449640,0.026923,0.822393
1752677873068,0.435137,0.030638,0.769824
1752677873155,0.419030,0.037099,0.713064
1752677873160,0.404454,0.042945,0.661704
1752677873181,0.390372,0.049456,0.612210
1752677873192,0.377629,0.055347,0.567424
1752677873434,0.364993,0.061332,0.520047
1752677873444,0.353559,0.066747,0.477176
1752677873455,0.343212,0.071648,0.438384
1752677873465,0.333850,0.076082,0.403282
1752677873474,0.325378,0.080094,0.371519
1752677873488,0.317712,0.083725,0.342777
1752677873497,0.310776,0.087011,0.316770
1752677873505,0.304499,0.089983,0.293236
1752677873514,0.298819,0.092674,0.271941
1752677873522,0.293680,0.095108,0.252672
1752677873529,0.289029,0.097310,0.235236
1752677873544,0.284821,0.099303,0.219458
1752677873556,0.281013,0.101107,0.205181
1752677873565,0.277567,0.102739,0.192262
1752677873583,0.274450,0.104216,0.180573
1752677873592,0.271628,0.105552,0.169995
1752677873597,0.269075,0.106761,0.160423
1752677873602,0.266765,0.107855,0.151762
1752677873618,0.264675,0.108845,0.143925
1752677873623,0.262783,0.109741,0.136833
1752677873630,0.261072,0.110552,0.130416
1752677873644,0.260601,0.112677,0.128477
1752677873647,0.259097,0.113208,0.122855
1752677873660,0.257736,0.113689,0.117768
1752677873674,0.256505,0.114124,0.113164
1752677873680,0.255390,0.114518,0.108998
1752677873699,0.254382,0.114874,0.105229
1752677873701,0.253470,0.115197,0.101818
1752677873711,0.252111,0.114465,0.097047
1752677873728,0.250882,0.113802,0.092730
1752677873734,0.249769,0.113203,0.088823
1752677873749,0.248686,0.110646,0.085740
1752677873760,0.247705,0.108332,0.082950
1752677873768,0.246818,0.106238,0.080426
1752677873777,0.246015,0.104344,0.078142
1752677873796,0.245321,0.101644,0.076511
1752677873801,0.244693,0.099201,0.075036
1752677873808,0.244124,0.096990,0.073701
1752677873826,0.243610,0.094990,0.072494
1752677873847,0.243764,0.092124,0.074209
1752677873848,0.244889,0.088506,0.079810
1752677873862,0.245907,0.085232,0.084879
1752677873867,0.246828,0.082270,0.089465
1752677873880,0.247759,0.078627,0.094326
1752677873893,0.248601,0.075331,0.098724
1752677873909,0.249364,0.072348,0.102704
1752677873909,0.250054,0.069649,0.106306
1752677873925,0.250678,0.067207,0.109565
1752677873936,0.251243,0.064997,0.112514
1752677874420,0.257092,0.076666,0.132903
1752677874421,0.261725,0.086726,0.148111
1752677874425,0.265918,0.095828,0.161872
1752677874441,0.270371,0.104565,0.177566
1752677874450,0.274401,0.112471,0.191767
1752677874466,0.278048,0.119624,0.204617
1752677874473,0.281347,0.126098,0.216245
1752677874483,0.284333,0.131955,0.226767
1752677874498,0.287035,0.137255,0.236288
1752677874504,0.289480,0.142051,0.244903
1752677874514,0.291692,0.146391,0.252698
1752677874530,0.293694,0.150318,0.259753
1752677874537,0.295505,0.153872,0.266136
1752677874549,0.297144,0.157087,0.271912
1752677874563,0.298627,0.159997,0.277138
1752677874570,0.299969,0.162629,0.281867
1752677874581,0.301184,0.165012,0.286147
1752677874596,0.302283,0.167167,0.290019
1752677874602,0.303277,0.169118,0.293523
1752677874611,0.304177,0.170883,0.296694
1752677874634,0.304991,0.172480,0.299563
1752677874637,0.305728,0.173926,0.302159
1752677874643,0.306394,0.175233,0.304508
1752677874660,0.306998,0.176417,0.306634
1752677874667,0.307543,0.177488,0.308557
1752677874676,0.308037,0.178457,0.310298
1752677874704,0.308214,0.178841,0.310592
1752677874809,0.305980,0.176011,0.302498
1752677874819,0.299595,0.166083,0.279890
1752677874838,0.293817,0.157100,0.259432
1752677874848,0.288589,0.148971,0.240921
1752677874858,0.283859,0.141615,0.224171
1752677874867,0.279578,0.134959,0.209014
1752677874876,0.275705,0.128937,0.195298
1752677874885,0.272200,0.123487,0.182888
1752677874901,0.269028,0.118555,0.171658
1752677874915,0.266158,0.114093,0.161496
1752677874923,0.263561,0.110055,0.152301
1752677874931,0.261211,0.106402,0.143980
1752677874948,0.259085,0.103095,0.136451
1752677874955,0.257161,0.100104,0.129639
1752677874964,0.255420,0.097397,0.123474
1752677874975,0.253844,0.094947,0.117896
1752677874986,0.252419,0.092730,0.112848
1752677875003,0.251129,0.090725,0.108281
1752677875008,0.249962,0.088910,0.104148
1752677875019,0.248905,0.087268,0.100408
1752677875028,0.247950,0.085781,0.097024
1752677875037,0.247085,0.084437,0.093961
1752677875045,0.246302,0.083220,0.091190
1752677875060,0.245594,0.082119,0.088683
1752677875067,0.244953,0.081123,0.086414
1752677875365,0.244706,0.080786,0.086060
1752677875366,0.244482,0.080480,0.085740
1752677876000,0.241187,0.081549,0.077103
1752677876067,0.235802,0.072889,0.063442
1752677876077,0.230930,0.065053,0.051080
1752677876088,0.226520,0.057962,0.039895
1752677876098,0.222531,0.051545,0.029773
1752677876108,0.218920,0.045739,0.020614
1752677876118,0.215653,0.040485,0.012327
1752677876127,0.212697,0.035731,0.004828
1752677876136,0.210022,0.031429,-0.001958
1752677876146,0.207602,0.027537,-0.008098
1752677876154,0.205412,0.024014,-0.013655
1752677876178,0.203430,0.020827,-0.018682
1752677876190,0.201637,0.017943,-0.023232
1752677876199,0.200014,0.015333,-0.027348
1752677876205,0.198545,0.012972,-0.031073
1752677876216,0.197217,0.010835,-0.034444
1752677876221,0.196014,0.008901,-0.037494
1752677876229,0.194926,0.007152,-0.040254
1752677876233,0.193942,0.005569,-0.042752
1752677876234,0.192626,0.006025,-0.048083
1752677876253,0.191860,0.004549,-0.049836
1752677876261,0.191167,0.003214,-0.051422
1752677876268,0.190541,0.002005,-0.052857
1752677876279,0.189973,0.000911,-0.054156
1752677876293,0.189460,-0.000078,-0.055331
1752677876298,0.188996,-0.000974,-0.056394
1752677876311,0.188989,-0.002583,-0.055390
1752677876327,0.188983,-0.004039,-0.054482
1752677876334,0.188978,-0.005357,-0.053660
1752677876345,0.188986,-0.006475,-0.052850
1752677876361,0.188993,-0.007486,-0.052117
1752677876368,0.188999,-0.008402,-0.051454
1752677876379,0.189005,-0.009230,-0.050854
1752677876394,0.189010,-0.009979,-0.050311
1752677876401,0.189015,-0.010657,-0.049820
1752677876409,0.189019,-0.011271,-0.049376
1752677876426,0.189023,-0.011826,-0.048973
1752677876433,0.189026,-0.012328,-0.048609
1752677876443,0.189029,-0.012783,-0.048280
1752677876457,0.189032,-0.013194,-0.047982
1752677876997,0.194323,-0.001522,-0.032987
1752677877132,0.195158,0.002008,-0.030533
1752677877143,0.195914,0.005202,-0.028313
1752677877157,0.196599,0.008092,-0.026304
1752677877167,0.197218,0.010707,-0.024486
1752677877176,0.197778,0.013074,-0.022842
1752677877188,0.198285,0.015215,-0.021353
1752677877196,0.198743,0.017153,-0.020006
1752677877203,0.199158,0.018906,-0.018788
1752677877210,0.199534,0.020493,-0.017685
1752677877218,0.199874,0.021928,-0.016687
1752677877229,0.200181,0.023227,-0.015784
1752677877234,0.204411,0.031435,-0.003852
1752677877235,0.208239,0.038862,0.006946
1752677877249,0.207751,0.038550,0.005601
1752677877266,0.207309,0.038268,0.004383
1752677877271,0.206909,0.038013,0.003282
1752677877281,0.206547,0.037782,0.002286
1752677877299,0.206220,0.037573,0.001384
1752677877304,0.205924,0.037384,0.000568
1752677877320,0.205656,0.037212,-0.000171
1752677877328,0.205413,0.037058,-0.000839
1752677877335,0.205194,0.036918,-0.001443
1752677877349,0.204995,0.036791,-0.001990
1752677877369,0.204815,0.036676,-0.002485
1752677877370,0.204653,0.036572,-0.002933
1752677877383,0.204506,0.036478,-0.003339
1752677877393,0.204373,0.036393,-0.003705
1752677877402,0.203843,0.035019,-0.006309
1752677877431,0.203001,0.027062,-0.006147
1752677877438,0.202238,0.019863,-0.006000
1752677877439,0.201460,0.018588,-0.009505
1752677877457,0.200844,0.012195,-0.009039
1752677877464,0.200287,0.006409,-0.008617
1752677877475,0.199783,0.001174,-0.008236
1752677877486,0.199327,-0.003563,-0.007890
1752677877506,0.198914,-0.007849,-0.007578
1752677877510,0.198540,-0.011728,-0.007295
1752677877513,0.198202,-0.015238,-0.007039
1752677877527,0.197897,-0.018414,-0.006808
1752677877534,0.197620,-0.021288,-0.006598
1752677877544,0.197369,-0.023888,-0.006409
1752677877559,0.197143,-0.026241,-0.006237
1752677877566,0.196938,-0.028371,-0.006082
1752677877576,0.196752,-0.030297,-0.005942
1752677877593,0.196584,-0.032041,-0.005815
1752677877599,0.195598,-0.033902,-0.008865
1752677877610,0.194706,-0.035586,-0.011625
1752677877626,0.193899,-0.037111,-0.014122
1752677877690,0.192361,-0.040015,-0.017610
1752677877691,0.190969,-0.042642,-0.020767
1752677877994,0.184970,-0.042944,-0.038532
1752677878005,0.179541,-0.043217,-0.054608
1752677878017,0.174630,-0.043463,-0.069155
1752677878027,0.170185,-0.043687,-0.082318
1752677878043,0.166163,-0.043889,-0.094228
1752677878057,0.162524,-0.044072,-0.105006
1752677878070,0.159231,-0.044237,-0.114759
1752677878078,0.156251,-0.044387,-0.123583
1752677878087,0.153554,-0.044522,-0.131569
1752677878095,0.151115,-0.044645,-0.138794
1752677878102,0.148907,-0.044756,-0.145333
1752677878111,0.146909,-0.044856,-0.151249
1752677878120,0.145101,-0.044947,-0.156603
1752677878125,0.143465,-0.045029,-0.161447
1752677878137,0.141985,-0.045104,-0.165831
1752677878142,0.140646,-0.045171,-0.169797
1752677878150,0.139434,-0.045232,-0.173386
1752677878165,0.138337,-0.045287,-0.176634
1752677878174,0.137345,-0.045337,-0.179573
1752677878181,0.136447,-0.045382,-0.182232
1752677878200,0.135634,-0.045423,-0.184639
1752677878202,0.134899,-0.045460,-0.186816
1752677878209,0.134234,-0.045493,-0.188787
1752677878226,0.133632,-0.045524,-0.190569
1752677878235,0.131041,-0.043590,-0.196313
1752677878247,0.128696,-0.041840,-0.201510
1752677878259,0.126574,-0.040257,-0.206213
1752677878265,0.124654,-0.038824,-0.210468
1752677878282,0.122917,-0.037528,-0.214319
1752677878295,0.121353,-0.036425,-0.217682
1752677878344,0.119793,-0.035373,-0.220699
1752677878356,0.118382,-0.034421,-0.223429
1752677878366,0.117105,-0.033559,-0.225899
1752677878381,0.115949,-0.032780,-0.228135
1752677878392,0.114903,-0.032074,-0.230158
1752677878402,0.113957,-0.031436,-0.231988
1752677878410,0.113101,-0.030859,-0.233644
1752677878419,0.112326,-0.030336,-0.235143
1752677878433,0.111625,-0.029863,-0.236499
1752677878440,0.110990,-0.029435,-0.237726
1752677878450,0.110416,-0.029048,-0.238837
1752677878464,0.109897,-0.028698,-0.239842
1752677878472,0.109427,-0.028381,-0.240751
1752677878482,0.109001,-0.028094,-0.241574
1752677878496,0.108616,-0.027834,-0.242318
1752677878501,0.108268,-0.027600,-0.242992
1752677878512,0.107953,-0.027387,-0.243601
1752677878529,0.107668,-0.027195,-0.244153
1752677878537,0.107410,-0.027021,-0.244652
1752677878544,0.107176,-0.026863,-0.245104
1752677878563,0.106965,-0.026721,-0.245512
1752677878570,0.106774,-0.026592,-0.245882
1752677878576,0.106601,-0.026475,-0.246217
1752677878594,0.106444,-0.026370,-0.246519
1752677878599,0.106303,-0.026274,-0.246793
1752677878614,0.106174,-0.026188,-0.247041
1752677878625,0.106059,-0.026109,-0.247266
1752677878633,0.120073,-0.060187,-0.178059
1752677878644,0.132755,-0.091024,-0.115436
1752677878663,0.144231,-0.118927,-0.058770
1752677878664,0.156259,-0.150507,0.005762
1752677879058,0.149582,-0.175917,0.055151
1752677879068,0.143541,-0.198909,0.099843
1752677879077,0.138074,-0.219715,0.140283
1752677879087,0.133127,-0.238541,0.176876
1752677879096,0.128651,-0.255576,0.209988
1752677879106,0.124601,-0.270991,0.239950
1752677879119,0.120936,-0.284940,0.267062
1752677879126,0.117619,-0.297562,0.291596
1752677879146,0.114618,-0.308983,0.313795
1752677879153,0.111903,-0.319318,0.333883
1752677879164,0.109446,-0.328669,0.352060
1752677879169,0.107222,-0.337131,0.368508
1752677879176,0.105210,-0.344788,0.383391
1752677879184,0.103390,-0.351717,0.396858
1752677879205,0.101742,-0.357987,0.409045
1752677879210,0.100252,-0.363660,0.420072
1752677879217,0.098903,-0.368794,0.430050
1752677879230,0.097682,-0.373439,0.439079
1752677879242,0.096578,-0.377642,0.447249
1752677879247,0.095578,-0.381446,0.454642
1752677879268,0.094674,-0.384887,0.461332
1752677879271,0.093856,-0.388002,0.467385
1752677879276,0.093115,-0.390820,0.472862
1752677879296,0.092445,-0.393370,0.477819
1752677879300,0.091839,-0.395677,0.482304
1752677880293,0.095254,-0.360496,0.416691
1752677880305,0.098345,-0.328662,0.357320
1752677880315,0.101141,-0.299856,0.303597
1752677880324,0.103672,-0.273790,0.254984
1752677880334,0.105961,-0.250204,0.210995
1752677880344,0.108033,-0.228861,0.171191
1752677880353,0.109908,-0.209549,0.135173
1752677880362,0.111605,-0.192073,0.102581
1752677880374,0.113140,-0.176260,0.073090
1752677880381,0.114529,-0.161951,0.046404
1752677880388,0.115786,-0.149004,0.022256
1752677880395,0.116923,-0.137288,0.000405
1752677880408,0.117952,-0.126686,-0.019367
1752677880414,0.118883,-0.117093,-0.037258
1752677880419,0.119726,-0.108413,-0.053447
1752677880429,0.120489,-0.100558,-0.068096
1752677880437,0.121179,-0.093450,-0.081352
1752677880446,0.121803,-0.087019,-0.093347
1752677880461,0.122368,-0.081199,-0.104201
1752677880466,0.122879,-0.075933,-0.114022
1752677880477,0.123342,-0.071168,-0.122909
1752677880492,0.123760,-0.066856,-0.130951
1752677880499,0.124139,-0.062954,-0.138227
1752677880510,0.124482,-0.059424,-0.144812
1752677882012,0.156583,-0.060676,0.005774
1752677882022,0.185631,-0.061809,0.142036
1752677882036,0.211915,-0.062835,0.265336
1752677882047,0.235699,-0.063762,0.376907
1752677882056,0.257221,-0.064602,0.477865
1752677882066,0.276696,-0.065362,0.569219
1752677882077,0.294318,-0.066049,0.651883
1752677882086,0.310263,-0.066671,0.726684
1752677882096,0.324692,-0.067234,0.794369
1752677882105,0.337748,-0.067744,0.855616
1752677882117,0.349563,-0.068205,0.911036
1752677882125,0.360253,-0.068622,0.961185
1752677882135,0.369927,-0.068999,1.006564
1752677882144,0.378680,-0.069340,1.047625
1752677882150,0.386601,-0.069649,1.084781
1752677882162,0.393768,-0.069929,1.118402
1752677882169,0.400254,-0.070182,1.148826
1752677882180,0.406122,-0.070411,1.176355
1752677882196,0.411432,-0.070618,1.201265
1752677882202,0.416237,-0.070806,1.223806
1752677882215,0.420585,-0.070975,1.244202
1752677882227,0.424520,-0.071129,1.262659
1752677882233,0.428080,-0.071268,1.279360
1752677882243,0.431302,-0.071393,1.294472
1752677882259,0.434217,-0.071507,1.308146
1752677882270,0.436854,-0.071610,1.320520
1752677882276,0.431936,-0.072385,1.294004
1752677882295,0.427485,-0.073086,1.270011
1752677882296,0.423458,-0.073721,1.248300
1752677882308,0.419813,-0.074295,1.228654
1752677882328,0.416516,-0.074815,1.210878
1752677882330,0.407213,-0.074531,1.160739
1752677882341,0.398795,-0.074274,1.115371
1752677882361,0.391177,-0.074042,1.074318
1752677882365,0.381154,-0.073880,1.020879
1752677882377,0.371954,-0.078251,0.976272
1752677882396,0.363629,-0.082207,0.935909
1752677882399,0.356096,-0.085786,0.899385
1752677882409,0.349280,-0.089024,0.866336
1752677882426,0.343112,-0.091955,0.836430
1752677882430,0.337531,-0.094606,0.809369
1752677882442,0.332481,-0.097006,0.784882
1752677882463,0.325941,-0.098043,0.751099
1752677882467,0.320024,-0.098981,0.720529
1752677882474,0.314669,-0.099831,0.692867
1752677882491,0.309824,-0.100599,0.667837
1752677882499,0.307427,-0.104732,0.657732
1752677882510,0.305259,-0.108471,0.648588
1752677882528,0.303297,-0.111855,0.640315
1752677882530,0.301521,-0.114917,0.632828
1752677882544,0.300030,-0.118002,0.626744
1752677882557,0.298681,-0.120795,0.621239
1752677882570,0.294562,-0.113828,0.584785
1752677882583,0.290835,-0.107524,0.551798
1752677882601,0.287462,-0.101820,0.521950
1752677882609,0.284410,-0.096658,0.494940
1752677882620,0.281648,-0.091987,0.470500
1752677882630,0.279149,-0.087761,0.448385
1752677882637,0.277397,-0.090511,0.443899
1752677882652,0.275302,-0.086425,0.424314
1752677882666,0.273407,-0.082728,0.406593
1752677882673,0.271692,-0.079382,0.390556
1752677882679,0.270140,-0.076355,0.376046
1752677882708,0.268736,-0.073616,0.362916
1752677882710,0.267145,-0.072821,0.352179
1752677882713,0.266026,-0.070418,0.341319
1752677882743,0.265013,-0.068243,0.331492
1752677882744,0.264096,-0.066276,0.322600
1752677882757,0.262288,-0.060295,0.307767
1752677882770,0.260651,-0.054884,0.294345
1752677882774,0.259171,-0.049988,0.282200
1752677882781,0.257831,-0.045557,0.271210
1752677882793,0.256618,-0.041548,0.261265
1752677882806,0.255521,-0.037920,0.252267
1752677882816,0.254529,-0.034637,0.244124
1752677882826,0.253630,-0.031667,0.236756
1752677882833,0.254278,-0.027100,0.235331
1752677882850,0.254864,-0.022968,0.234041
1752677882860,0.255394,-0.019229,0.232874
1752677882865,0.255873,-0.015845,0.231818
1752677882877,0.256308,-0.012784,0.230862
1752677882891,0.256700,-0.010014,0.229998
1752677882897,0.257056,-0.007507,0.229215
1752677882909,0.257137,-0.004143,0.227181
1752677882925,0.257211,-0.001099,0.225339
1752677882943,0.257278,0.001655,0.223673
1752677882944,0.257339,0.004147,0.222166
1752677882970,0.257393,0.006402,0.220801
1752677882976,0.257170,0.009956,0.218008
1752677882977,0.256969,0.013172,0.215480
1752677882999,0.256786,0.016081,0.213193
1752677883000,0.256621,0.018714,0.211123
1752677883010,0.256330,0.021117,0.208784
1752677883035,0.256286,0.023341,0.207815
1752677883036,0.256247,0.025353,0.206938
1752677883042,0.256211,0.027173,0.206144
1752677883058,0.256178,0.028820,0.205426
1752677883065,0.256172,0.029355,0.204792
1752677883081,0.256167,0.029838,0.204218
1752677883092,0.256162,0.030275,0.203699
1752677883099,0.256157,0.030671,0.203229
1752677883108,0.256153,0.031029,0.202804
1752677883126,0.256150,0.031353,0.202419
1752677883130,0.256146,0.031349,0.202218
1752677883142,0.256377,0.030967,0.202908
1752677883156,0.256587,0.030621,0.203533
1752677883163,0.255767,0.029565,0.199894
1752677883174,0.255025,0.028610,0.196601
1752677883190,0.254354,0.027745,0.193622
1752677883197,0.253252,0.026050,0.189646
1752677883218,0.252579,0.023800,0.187178
1752677883234,0.251971,0.021765,0.184946
1752677883236,0.251420,0.019923,0.182925
1752677883250,0.249272,0.017567,0.176853
1752677883265,0.247330,0.015435,0.171358
1752677883267,0.245571,0.013506,0.166386
1752677883278,0.244843,0.011758,0.164292
1752677883292,0.244184,0.010176,0.162398
1752677883301,0.243564,0.008669,0.160667
1752677883310,0.243003,0.007306,0.159102
1752677883331,0.242496,0.006072,0.157685
1752677883333,0.242036,0.004955,0.156403
1752677883346,0.240533,0.005673,0.149668
1752677883361,0.239173,0.006323,0.143574
1752677883364,0.237943,0.006910,0.138059
1752677883378,0.236829,0.007442,0.133069
1752677883391,0.235821,0.007924,0.128554
1752677883399,0.235308,0.009909,0.125934
1752677883408,0.234843,0.011705,0.123563
1752677883423,0.234423,0.013331,0.121418
1752677883429,0.234042,0.014802,0.119477
1752677883441,0.233698,0.016133,0.117721
1752677883457,0.233386,0.017337,0.116131
1752677883471,0.234188,0.024305,0.114455
1752677883477,0.234913,0.030609,0.112938
1752677883497,0.235569,0.036314,0.111565
1752677883498,0.236163,0.041476,0.110323
1752677883512,0.236700,0.046148,0.109199
1752677883524,0.237186,0.050374,0.108182
1752677883531,0.237626,0.054199,0.107261
1752677883543,0.238286,0.059406,0.105751
1752677883569,0.238884,0.064117,0.104384
1752677883571,0.239577,0.069532,0.103264
1752677883574,0.240205,0.074433,0.102251
1752677883591,0.240773,0.078867,0.101335
1752677883596,0.241287,0.082879,0.100505
1752677883608,0.241752,0.086510,0.099755
1752677883623,0.242172,0.089795,0.099076
1752677883633,0.242229,0.094269,0.095921
1752677883642,0.242281,0.098318,0.093066
1752677883659,0.242328,0.101981,0.090483
1752677883667,0.242535,0.106034,0.088560
1752677883676,0.242722,0.109701,0.086819
1752677883693,0.242892,0.113020,0.085244
1752677883697,0.243045,0.116022,0.083818
1752677883708,0.243184,0.118739,0.082529
1752677883727,0.243309,0.121198,0.081362
1752677883729,0.243147,0.123735,0.079250
1752677883742,0.243258,0.126689,0.078391
1752677883762,0.243359,0.129363,0.077614
1752677883762,0.243450,0.131782,0.076910
1752677883774,0.243532,0.133971,0.076274
1752677883789,0.243606,0.135951,0.075698
1752677883796,0.243762,0.137977,0.075638
1752677883808,0.243561,0.139821,0.074639
1752677883823,0.243380,0.141489,0.073734
1752677883829,0.242964,0.143323,0.071669
1752677883840,0.242588,0.144983,0.069801
1752677883857,0.242248,0.146485,0.068110
1752677883863,0.241940,0.147844,0.066581
1752677883876,0.241782,0.149816,0.065664
1752677883898,0.241638,0.151601,0.064835
1752677883900,0.241509,0.153217,0.064085
1752677883909,0.241392,0.154678,0.063406
1752677883925,0.241285,0.156001,0.062791
1752677883935,0.241189,0.157198,0.062235
1752677883941,0.240671,0.158290,0.060099
1752677883957,0.240203,0.159279,0.058165
1752677883962,0.239778,0.160173,0.056416
1752677883974,0.239395,0.160983,0.054833
1752677883990,0.239047,0.161715,0.053401
1752677883994,0.238733,0.162378,0.052104
1752677884008,0.237846,0.162880,0.048788
1752677884024,0.237043,0.163334,0.045786
1752677884028,0.236317,0.163745,0.043070
1752677884040,0.235660,0.164117,0.040613
1752677884056,0.235065,0.164453,0.038389
1752677884061,0.234438,0.164664,0.035932
1752677884079,0.232057,0.164962,0.026012
1752677884096,0.229902,0.165232,0.017034
1752677884103,0.227951,0.165476,0.008911
1752677884113,0.226187,0.165697,0.001561
1752677884129,0.224590,0.165897,-0.005090
1752677884130,0.224596,0.165996,-0.004878
1752677884144,0.223150,0.166167,-0.010917
1752677884167,0.221843,0.166323,-0.016381
1752677884172,0.220659,0.166463,-0.021325
1752677884177,0.219588,0.166590,-0.025800
1752677884194,0.218619,0.166705,-0.029848
1752677884199,0.217743,0.166809,-0.033512
1752677884209,0.216949,0.166903,-0.036827
1752677884226,0.216231,0.166988,-0.039826
1752677884231,0.215582,0.167065,-0.042541
1752677884243,0.214994,0.167135,-0.044997
1752677884258,0.214462,0.167198,-0.047219
1752677884262,0.213981,0.167255,-0.049230
1752677884274,0.212998,0.167014,-0.053750
1752677884291,0.212110,0.166796,-0.057839
1752677884296,0.211305,0.166599,-0.061540
1752677884306,0.210578,0.166421,-0.064888
1752677884322,0.209919,0.166259,-0.067918
1752677884333,0.209323,0.166113,-0.070660
1752677884341,0.208574,0.166170,-0.074230
1752677884369,0.207896,0.166222,-0.077461
1752677884371,0.207282,0.166269,-0.080384
1752677884375,0.206592,0.166496,-0.083164
1752677884406,0.205968,0.166702,-0.085680
1752677884412,0.205403,0.166888,-0.087956
1752677884417,0.204702,0.167215,-0.090721
1752677884429,0.204067,0.167511,-0.093224
1752677884439,0.203593,0.168364,-0.094975
1752677884451,0.203164,0.169136,-0.096560
1752677884462,0.202776,0.169834,-0.097994
1752677884466,0.202321,0.170878,-0.099356
1752677884478,0.201908,0.171823,-0.100590
1752677884498,0.201535,0.172678,-0.101705
1752677884514,0.201198,0.173451,-0.102715
1752677884535,0.200985,0.174330,-0.103104
1752677884542,0.200792,0.175126,-0.103456
1752677884561,0.200617,0.175846,-0.103774
1752677884562,0.200460,0.176498,-0.104062
1752677884577,0.200469,0.177300,-0.103907
1752677884607,0.200818,0.178784,-0.101758
1752677884625,0.201133,0.180126,-0.099814
1752677884633,0.201496,0.181386,-0.097860
1752677884646,0.201747,0.182480,-0.096287
1752677884660,0.201973,0.183471,-0.094863
1752677884664,0.202008,0.184212,-0.094412
1752677884678,0.201904,0.184862,-0.094314
1752677884680,0.201809,0.185451,-0.094225
1752677884696,0.201752,0.186052,-0.093979
1752677884710,0.201700,0.186596,-0.093756
1752677884733,0.201653,0.187089,-0.093554
1752677884736,0.201611,0.187534,-0.093372
1752677884760,0.201329,0.188406,-0.094187
1752677884773,0.201075,0.189194,-0.094925
1752677884779,0.200845,0.189908,-0.095593
1752677884786,0.200636,0.190553,-0.096197
1752677884812,0.200448,0.191138,-0.096744
1752677884816,0.200277,0.191666,-0.097239
1752677884832,0.200123,0.192144,-0.097686
1752677884838,0.199983,0.192577,-0.098091
1752677884848,0.199857,0.192969,-0.098458
1752677884868,0.199742,0.193323,-0.098790
1752677884871,0.199639,0.193644,-0.099090
1752677884887,0.199545,0.193934,-0.099361
1752677884897,0.199460,0.194197,-0.099607
1752677884909,0.199384,0.194434,-0.099830
1752677884922,0.199314,0.194649,-0.100031
1752677884926,0.199251,0.194844,-0.100213
1752677884944,0.199092,0.194868,-0.100661
1752677884955,0.198252,0.194019,-0.102262
1752677884959,0.198298,0.194333,-0.102192
1752677884972,0.198317,0.194578,-0.102254
1752677884978,0.198334,0.194800,-0.102309
1752677884993,0.197565,0.193957,-0.103754
1752677885000,0.196870,0.193194,-0.105061
1752677885017,0.196241,0.192504,-0.106243
1752677885024,0.195672,0.191879,-0.107313
1752677885243,0.195876,0.192274,-0.107190
1752677885254,0.196061,0.192632,-0.107078
1752677885268,0.196228,0.192955,-0.106978
1752677885280,0.196379,0.193248,-0.106886
1752677885291,0.196516,0.193513,-0.106804
1752677885300,0.196640,0.193752,-0.106729
1752677885309,0.196752,0.193969,-0.106661
1752677885319,0.196853,0.194165,-0.106600
1752677885328,0.196945,0.194343,-0.106545
1752677885336,0.197028,0.194504,-0.106495
1752677885344,0.197103,0.194649,-0.106449
1752677885352,0.197171,0.194781,-0.106408
1752677885360,0.197232,0.194900,-0.106371
1752677885366,0.197288,0.195007,-0.106338
1752677885381,0.197338,0.195105,-0.106307
1752677885387,0.197384,0.195193,-0.106280
1752677885406,0.197425,0.195273,-0.106255
1752677885412,0.197462,0.195345,-0.106232
1752677885416,0.197496,0.195410,-0.106212
1752677885437,0.197527,0.195469,-0.106193
1752677885441,0.197554,0.195523,-0.106177
1752677885451,0.197579,0.195571,-0.106162
1752677885467,0.197602,0.195615,-0.106148
1752677885469,0.197622,0.195655,-0.106136
1752677885478,0.197660,0.195697,-0.106080
1752677885491,0.197694,0.195735,-0.106029
1752677885498,0.197603,0.195564,-0.106227
1752677885515,0.197519,0.195410,-0.106406
1752677885525,0.197444,0.195270,-0.106569
1752677885531,0.197376,0.195143,-0.106715
1752677885550,0.197315,0.195028,-0.106848
1752677885558,0.197259,0.194924,-0.106969
1752677885564,0.197288,0.195134,-0.106811
1752677885577,0.197397,0.195376,-0.106472
1752677885590,0.197495,0.195594,-0.106165
1752677885597,0.197583,0.195792,-0.105887
1752677885608,0.197664,0.195971,-0.105636
1752677885624,0.197736,0.196134,-0.105408
1752677885630,0.197994,0.196513,-0.104233
1752677885641,0.198257,0.196902,-0.103087
1752677885656,0.198495,0.197254,-0.102049
1752677885662,0.198704,0.197594,-0.101120
1752677885673,0.198771,0.197744,-0.100613
1752677885689,0.198831,0.197878,-0.100155
1752677885698,0.198928,0.198071,-0.099502
1752677885708,0.198699,0.197867,-0.099763
1752677885723,0.198492,0.197681,-0.099999
1752677885728,0.198305,0.197514,-0.100212
1752677885742,0.198132,0.197068,-0.100246
1752677885760,0.198036,0.196422,-0.100145
1752677885761,0.197888,0.196080,-0.100186
1752677885774,0.197815,0.195529,-0.100091
1752677885789,0.197749,0.195030,-0.100004
1752677885794,0.197689,0.194578,-0.099926
1752677885807,0.197734,0.194223,-0.099614
1752677885822,0.197775,0.193901,-0.099331
1752677885828,0.197763,0.193449,-0.099406
1752677885845,0.198008,0.193490,-0.100330
1752677885864,0.198230,0.193527,-0.101167
1752677885868,0.198431,0.193561,-0.101924
1752677885876,0.198612,0.193591,-0.102609
1752677885897,0.198777,0.193619,-0.103229
1752677885900,0.198925,0.193644,-0.103790
1752677885908,0.199060,0.193666,-0.104298
1752677885929,0.199182,0.193687,-0.104757
1752677885930,0.199053,0.193172,-0.105926
1752677886023,0.201112,0.195571,-0.098588
1752677886034,0.202976,0.197741,-0.091948
1752677886045,0.204662,0.199706,-0.085939
1752677886054,0.206187,0.201483,-0.080502
1752677886066,0.207568,0.203091,-0.075582
1752677886075,0.208817,0.204546,-0.071130
1752677886084,0.209948,0.205863,-0.067102
1752677886101,0.210971,0.207055,-0.063457
1752677886110,0.211896,0.208133,-0.060158
1752677886118,0.212734,0.209108,-0.057174
1752677886129,0.213492,0.209991,-0.054473
1752677886136,0.214178,0.210790,-0.052029
1752677886146,0.214798,0.211513,-0.049818
1752677886163,0.215360,0.212167,-0.047816
1752677886170,0.215868,0.212759,-0.046006
1752677886177,0.216328,0.213294,-0.044367
1752677886193,0.216744,0.213779,-0.042885
1752677886199,0.217120,0.214218,-0.041543
1752677886213,0.217461,0.214614,-0.040329
1752677886236,0.217769,0.214973,-0.039231
1752677886240,0.218048,0.215298,-0.038237
1752677886244,0.218301,0.215592,-0.037337
1752677886262,0.218529,0.215858,-0.036524
1752677886264,0.218736,0.216099,-0.035787
1752677886275,0.218923,0.216317,-0.035121
1752677886294,0.219092,0.216514,-0.034518
1752677886296,0.219430,0.216995,-0.033048
1752677886315,0.219906,0.217439,-0.031322
1752677886330,0.220337,0.217841,-0.029759
1752677886337,0.221064,0.218657,-0.026732
1752677889044,0.308964,0.294489,0.290833
1752677889054,0.352858,0.330515,0.445105
1752677889066,0.392577,0.363113,0.584701
1752677889076,0.428518,0.392611,0.711019
1752677889086,0.461040,0.419303,0.825321
1752677889094,0.490468,0.443455,0.928749
1752677889101,0.517097,0.465310,1.022339
1752677889111,0.541193,0.485087,1.107027
1752677889118,0.562996,0.502982,1.183658
1752677889124,0.582726,0.519174,1.253000
1752677889134,0.600579,0.533827,1.315746
1752677889140,0.616733,0.547085,1.372523
1752677889146,0.631351,0.559083,1.423899
1752677889169,0.644579,0.569939,1.470388
1752677889175,0.656548,0.579762,1.512455
1752677889187,0.667378,0.588651,1.550520
1752677889197,0.677179,0.596694,1.584964
1752677889210,0.686047,0.603973,1.616132
1752677889220,0.694071,0.610559,1.644335
1752677889227,0.701332,0.616518,1.669855
1752677889247,0.707903,0.621911,1.692948
1752677889249,0.713848,0.626790,1.713843
1752677889258,0.719228,0.631206,1.732752
1752677889263,0.724096,0.635201,1.749861
1752677889274,0.728501,0.638816,1.765343
1752677889293,0.732487,0.642088,1.779352
1752677889294,0.712992,0.624129,1.705196
1752677889307,0.695351,0.607879,1.638094
1752677889329,0.679389,0.593175,1.577375
1752677889330,0.664945,0.579869,1.522432
1752677889340,0.651875,0.567829,1.472715
1752677889356,0.640048,0.556935,1.427727
1752677889363,0.621677,0.539873,1.358457
1752677889373,0.606259,0.525889,1.299553
1752677889388,0.592307,0.513235,1.246252
1752677889395,0.579683,0.501785,1.198021
1752677892127,0.555026,0.475194,1.110567
1752677892142,0.532714,0.451133,1.031432
1752677892151,0.512525,0.429360,0.959825
1752677892159,0.494257,0.409659,0.895029
1752677892167,0.477726,0.391831,0.836397
1752677892175,0.462768,0.375700,0.783343
1752677892183,0.449233,0.361103,0.735335
1752677892194,0.436985,0.347894,0.691894
1752677892205,0.425902,0.335942,0.652585
1752677892215,0.415874,0.325127,0.617016
1752677892225,0.406799,0.315341,0.584830
1752677892231,0.398588,0.306485,0.555705
1752677892241,0.391158,0.298472,0.529352
1752677892251,0.384434,0.291221,0.505505
1752677892256,0.378350,0.284660,0.483926
1752677892274,0.372845,0.278723,0.464400
1752677892280,0.367864,0.273351,0.446732
1752677892286,0.363356,0.268490,0.430744
1752677892300,0.359277,0.264091,0.416277
1752677892304,0.355587,0.260111,0.403187
1752677892309,0.352247,0.256509,0.391341
1752677892327,0.349225,0.253250,0.380622
1752677892329,0.346490,0.250301,0.370923
1752677892342,0.343116,0.247099,0.358589
1752677892357,0.340063,0.244200,0.347427
1752677892366,0.338200,0.242112,0.340886
1752677892373,0.336514,0.240223,0.334967
1752677892388,0.334989,0.238513,0.329611
1752677892398,0.333013,0.234939,0.324754
1752677892411,0.331225,0.231706,0.320359
1752677892425,0.329608,0.228780,0.316383
1752677892430,0.328144,0.226132,0.312785
1752677892446,0.326819,0.223737,0.309528
1752677892459,0.325621,0.221569,0.306582
1752677892460,0.324536,0.219607,0.303916
1752677892482,0.322650,0.215433,0.299009
1752677892505,0.320944,0.211655,0.294569
1752677892508,0.319400,0.208237,0.290551
1752677892511,0.318002,0.205144,0.286915
1752677892533,0.316738,0.202346,0.283625
1752677892535,0.315594,0.199813,0.280648
1752677892550,0.313390,0.194566,0.274939
1752677892567,0.311396,0.189817,0.269774
1752677892569,0.309592,0.185520,0.265100
1752677892575,0.307959,0.181633,0.260870
1752677892591,0.306481,0.178114,0.257043
1752677892592,0.305144,0.174931,0.253580
1752677892607,0.303166,0.170623,0.247815
1752677892622,0.301375,0.166726,0.242598
1752677892628,0.299815,0.161906,0.238213
1752677892640,0.298403,0.157545,0.234246
1752677892660,0.297126,0.153598,0.230656
1752677892662,0.295970,0.150027,0.227407
1752677892673,0.294924,0.146796,0.224468
1752677892693,0.293978,0.143872,0.221808
1752677892696,0.293222,0.139014,0.220703
1752677892709,0.292538,0.134618,0.219704
1752677892724,0.291920,0.130640,0.218799
1752677892726,0.291360,0.127040,0.217981
1752677892742,0.290853,0.123783,0.217240
1752677892758,0.290395,0.120836,0.216570
1752677892762,0.290335,0.116665,0.217457
1752677892774,0.289854,0.113628,0.216573
1752677892791,0.289418,0.110879,0.215773
1752677892795,0.289471,0.106983,0.216476
1752677892807,0.289739,0.103575,0.218027
1752677892826,0.289980,0.100492,0.219430
1752677892827,0.290199,0.097701,0.220700
1752677892840,0.290397,0.095176,0.221849
1752677892858,0.290576,0.092891,0.222889
1752677892858,0.290519,0.090707,0.222915
1752677892876,0.291374,0.088628,0.225625
1752677892890,0.292147,0.086747,0.228077
1752677892891,0.292707,0.084960,0.229727
1752677892906,0.293214,0.083344,0.231220
1752677892924,0.293672,0.081881,0.232572
1752677892928,0.294239,0.080486,0.234153
1752677892946,0.295543,0.079374,0.236787
1752677892958,0.296723,0.078367,0.239171
1752677892963,0.297791,0.077457,0.241327
1752677892975,0.298757,0.076633,0.243279
1752677892991,0.299632,0.075887,0.245045
1752677892995,0.300423,0.075212,0.246643
1752677893012,0.301139,0.074601,0.248089
1752677893022,0.301787,0.074049,0.249397
1752677893029,0.302373,0.073549,0.250581
1752677893040,0.302903,0.073097,0.251653
1752677893059,0.303383,0.072687,0.252622
1752677893060,0.303693,0.072336,0.252966
1752677893525,0.309621,0.071169,0.269683
1752677893541,0.314986,0.070112,0.284810
1752677893552,0.319840,0.069156,0.298497
1752677893562,0.324233,0.068291,0.310883
1752677893578,0.328207,0.067508,0.322091
1752677893587,0.331804,0.066800,0.332232
1752677893595,0.335058,0.066159,0.341409
1752677893611,0.338003,0.065579,0.349713
1752677893620,0.340668,0.065054,0.357227
1752677893627,0.343079,0.064579,0.364026
1752677893634,0.345261,0.064150,0.370178
1752677893642,0.347236,0.063761,0.375745
1752677893648,0.349022,0.063409,0.380783
1752677893657,0.350639,0.063091,0.385341
1752677893664,0.352102,0.062803,0.389466
1752677893673,0.353425,0.062542,0.393198
1752677893684,0.354623,0.062306,0.396576
1752677893701,0.355707,0.062093,0.399632
1752677893706,0.356688,0.061899,0.402397
1752677893713,0.357575,0.061725,0.404900
1752677893725,0.358378,0.061566,0.407164
1752677893730,0.359105,0.061423,0.409213
1752677893743,0.359762,0.061294,0.411067
1752677893760,0.360357,0.061177,0.412744
1752677893761,0.360896,0.061071,0.414262
1752677893777,0.361887,0.063154,0.416431
1752677893797,0.362784,0.065038,0.418393
1752677893806,0.363595,0.066744,0.420168
1752677893820,0.364329,0.068287,0.421774
1752677893828,0.364994,0.069683,0.423228
1752677893835,0.365432,0.069853,0.424296
1752677893846,0.365828,0.070007,0.425263
1752677893857,0.366186,0.070147,0.426137
1752677893862,0.366510,0.070273,0.426928
1752677893876,0.365996,0.072851,0.424154
1752677893890,0.365530,0.075183,0.421643
1752677893906,0.365109,0.077294,0.419372
1752677893906,0.364727,0.079204,0.417316
1752677893924,0.364382,0.080932,0.415456
1752677893929,0.364070,0.082496,0.413773
1752677894230,0.361316,0.092823,0.406030
1752677894507,0.358824,0.102167,0.399023
1752677894956,0.358026,0.106343,0.397476
1752677894957,0.357303,0.110123,0.396076
1752677895363,0.359886,0.109516,0.401872
1752677895434,0.364651,0.107690,0.414816
1752677895855,0.393787,0.104027,0.499323
1752677895856,0.420151,0.100713,0.575791
1752677896026,0.441779,0.113616,0.638822
1752677896030,0.461349,0.125293,0.695856
1752677896038,0.479057,0.135858,0.747466
1752677896535,0.542920,0.151529,0.957755
1752677896535,0.600707,0.165709,1.148040
1752677896547,0.652997,0.178540,1.320224
1752677896548,0.700313,0.190150,1.476029
1752677897926,0.213265,0.082075,-0.218987
1752677897953,-0.227453,-0.015719,-1.752765
1752677897963,-0.626247,-0.104210,-3.140643
1752677897974,-0.987106,-0.184284,-4.396498
1752677897983,-1.313639,-0.256740,-5.532891
1752677897995,-1.609110,-0.322305,-6.561184
1752677898004,-1.876475,-0.381632,-7.491661
1752677898012,-2.118406,-0.435316,-8.333627
1752677898020,-2.337324,-0.483893,-9.095500
1752677898027,-2.535417,-0.527850,-9.784901
1752677898037,-2.714666,-0.567625,-10.408722
1752677898043,-2.876865,-0.603616,-10.973202
1752677898049,-3.023634,-0.636184,-11.483986
1752677898064,-3.156442,-0.665653,-11.946181
1752677898069,-3.276617,-0.692320,-12.364410
1752677898076,-3.385360,-0.716450,-12.742856
1752677898096,-3.483759,-0.738284,-13.085302
1752677898099,-3.572797,-0.758041,-13.395173
1752677898109,-3.653366,-0.775919,-13.675568
1752677898126,-3.726271,-0.792097,-13.929290
1752677898129,-3.792241,-0.806735,-14.158876
1752677898142,-3.851935,-0.819981,-14.366624
1752677898162,-3.905951,-0.831967,-14.554609
1752677898164,-3.954829,-0.842813,-14.724712
1752677898176,-3.999057,-0.852627,-14.878634
1752677898193,-4.039078,-0.861508,-15.017915
1752677898194,-3.885069,-0.829952,-14.481060
1752677898221,-3.575460,-0.768923,-13.410380
1752677898231,-3.295302,-0.713700,-12.441549
1752677898241,-3.041794,-0.663730,-11.564878
1752677898251,-2.812401,-0.618513,-10.771601
1752677898264,-2.604828,-0.577597,-10.053783
1752677898265,-2.627477,-0.595715,-10.151636
1752677898272,-2.728093,-0.640181,-10.533726
1752677898289,-2.819138,-0.680417,-10.879470
1752677898290,-2.901523,-0.716826,-11.192325
1752677898312,-2.685473,-0.666559,-10.434486
1752677898328,-2.489974,-0.621073,-9.748737
1752677898337,-2.313073,-0.579914,-9.128220
1752677898344,-2.152999,-0.542670,-8.566729
1752677898362,-2.008153,-0.508969,-8.058649
1752677898367,-1.877085,-0.478474,-7.598901
1752677898377,-1.758484,-0.450879,-7.182886
1752677898397,-1.651166,-0.425910,-6.806445
1752677898404,-1.554056,-0.403316,-6.465813
1752677898412,-1.466184,-0.382871,-6.157583
1752677898427,-1.386671,-0.364371,-5.878674
1752677898437,-1.314721,-0.347631,-5.626296
1752677898443,-1.249615,-0.332483,-5.397925
1752677898461,-1.190703,-0.318776,-5.191278
1752677898462,-1.137395,-0.306373,-5.004289
1752677898475,-1.089158,-0.295150,-4.835086
1752677898493,-1.045509,-0.284994,-4.681980
1752677898494,-1.006012,-0.275804,-4.543437
1752677898511,-0.973082,-0.268477,-4.429333
1752677898525,-0.943284,-0.261846,-4.326083
1752677898526,-0.900211,-0.249840,-4.173832
1752677898546,-0.860559,-0.238554,-4.033242
1752677898557,-0.824679,-0.228342,-3.906025
1752677898558,-0.792213,-0.219101,-3.790910
1752677898572,-0.762735,-0.210722,-3.686337
1752677898590,-0.736061,-0.203139,-3.591711
1752677898591,-0.704718,-0.193877,-3.480112
1752677898605,-0.675142,-0.184839,-3.373986
1752677898622,-0.648379,-0.176660,-3.277955
1752677898623,-0.624163,-0.169259,-3.191058
1752677898643,-0.602252,-0.162550,-3.112440
1752677898655,-0.582426,-0.156480,-3.041300
1752677898658,-0.560927,-0.149730,-2.964153
1752677898671,-0.540605,-0.143282,-2.890636
1752677898689,-0.522216,-0.137448,-2.824112
1752677898690,-0.505576,-0.132168,-2.763916
1752677898705,-0.491026,-0.127283,-2.711604
1752677898720,-0.477860,-0.122862,-2.664268
1752677898725,-0.464623,-0.118230,-2.616709
1752677898739,-0.452646,-0.114039,-2.573673
1752677898757,-0.441809,-0.110246,-2.534731
1752677898758,-0.432852,-0.106987,-2.502536
1752677898771,-0.424681,-0.104097,-2.473135
1752677898788,-0.417288,-0.101483,-2.446530
1752677898792,-0.411933,-0.099548,-2.427242
1752677898803,-0.407087,-0.097797,-2.409788
1752677898822,-0.402703,-0.096213,-2.393995
1752677898822,-0.398736,-0.094779,-2.379704
1752677898838,-0.394483,-0.093245,-2.363955
1752677898857,-0.390635,-0.091857,-2.349704
1752677898859,-0.386626,-0.090474,-2.334930
1752677898871,-0.384735,-0.089780,-2.328954
1752677898890,-0.384879,-0.089564,-2.330208
1752677898890,-0.385009,-0.089368,-2.331342
1752677898903,-0.384566,-0.088966,-2.329987
1752677898922,-0.384164,-0.088602,-2.328760
1752677898923,-0.386140,-0.088942,-2.336042
1752677898938,-0.386735,-0.088870,-2.337634
1752677898953,-0.387274,-0.088805,-2.339074
1752677898959,-0.387773,-0.088952,-2.340440
1752677898971,-0.389255,-0.089572,-2.346021
1752677898994,-0.390596,-0.090132,-2.351071
1752677898995,-0.393862,-0.091315,-2.363009
1752677899004,-0.398085,-0.092617,-2.379081
1752677899022,-0.401906,-0.093796,-2.393624
1752677899027,-0.404570,-0.094423,-2.403920
1752677899038,-0.407632,-0.095203,-2.415956
1752677899055,-0.410403,-0.095909,-2.426848
1752677899056,-0.414748,-0.097149,-2.443341
1752677899071,-0.417752,-0.097934,-2.454404
1752677899088,-0.420470,-0.098644,-2.464415
1752677899089,-0.428288,-0.100770,-2.492752
1752677899104,-0.437665,-0.103210,-2.527814
1752677899126,-0.446750,-0.104983,-2.561649
1752677899128,-0.454971,-0.106587,-2.592266
1752677899137,-0.462410,-0.108038,-2.619970
1752677899156,-0.469142,-0.109352,-2.645038
1752677899156,-0.477515,-0.111187,-2.675974
1752677899174,-0.487445,-0.113465,-2.713519
1752677899188,-0.496430,-0.115526,-2.747493
1752677899197,-0.507495,-0.117697,-2.789790
1752677899208,-0.517509,-0.119662,-2.828064
1752677899222,-0.526569,-0.121440,-2.862697
1752677899228,-0.537345,-0.123798,-2.903432
1752677899239,-0.547095,-0.125931,-2.940293
1752677899258,-0.555917,-0.127862,-2.973647
1752677899274,-0.568564,-0.130057,-3.021029
1752677899275,-0.580007,-0.132044,-3.063905
1752677899290,-0.590362,-0.133842,-3.102701
1752677899291,-0.596429,-0.134487,-3.125738
1752677899308,-0.601919,-0.135072,-3.146583
1752677899324,-0.606887,-0.135600,-3.165445
1752677899325,-0.619501,-0.138325,-3.212143
1752677899346,-0.633047,-0.141192,-3.262887
1752677899358,-0.645306,-0.143786,-3.308803
1752677899359,-0.656725,-0.146084,-3.351526
1752677899381,-0.676049,-0.149999,-3.426083
1752677899398,-0.700350,-0.155333,-3.518685
1752677899401,-0.722340,-0.160159,-3.602478
1752677899415,-0.742744,-0.165349,-3.680380
1752677899426,-0.761207,-0.170045,-3.750872
1752677899427,-0.794862,-0.179150,-3.877235
1752677899450,-0.827684,-0.188067,-4.000906
1752677899459,-0.857385,-0.196136,-4.112813
1752677899460,-0.889799,-0.204482,-4.234500
1752677899477,-0.936648,-0.218165,-4.411967
1752677899493,-0.979040,-0.230547,-4.572552
1752677899495,-1.017399,-0.241750,-4.717862
1752677899509,-1.057001,-0.251559,-4.869877
1752677899525,-1.092836,-0.260435,-5.007432
1752677899527,-1.134290,-0.271587,-5.165569
1752677899544,-1.205203,-0.290644,-5.439399
1752677899559,-1.269370,-0.307889,-5.687181
1752677899559,-1.327433,-0.323493,-5.911394
1752677899573,-1.379973,-0.337612,-6.114277
1752677899592,-1.420998,-0.348659,-6.273345
1752677899593,-1.458121,-0.358656,-6.417282
1752677899606,-1.671701,-0.417593,-7.252980
1752677899623,-1.864964,-0.470924,-8.009182
1752677899631,-2.117772,-0.541483,-8.992477
1752677899644,-2.346532,-0.605331,-9.882236
1752677899658,-2.553530,-0.663105,-10.687358
1752677899659,-2.740839,-0.715383,-11.415892
1752677899674,-2.971507,-0.780456,-12.313897
1752677899689,-3.180233,-0.839339,-13.126480
1752677899698,-3.522156,-0.934980,-14.450572
1752677899708,-5.727622,-1.544256,-23.027597
1752677899721,-7.723292,-2.095574,-30.788734
1752677899730,-5.669353,-1.530961,-22.834385
1752677899743,-3.810794,-1.020056,-15.636693
1752677899757,-2.129030,-0.557752,-9.123681
1752677899758,-0.607244,-0.139424,-3.230219
1752677899773,0.085428,0.052674,-0.538172
1752677900002,0.170389,0.077685,-0.216811
1752677900021,0.247268,0.100317,0.073979
1752677900032,0.316834,0.120796,0.337109
1752677900042,0.379782,0.139327,0.575208
1752677900052,0.436743,0.156095,0.790658
1752677900062,0.488285,0.171268,0.985613
1752677900071,0.534924,0.184998,1.162024
1752677900080,0.577127,0.197422,1.321653
1752677900088,0.615315,0.208664,1.466097
1752677900096,0.649870,0.218836,1.596802
1752677900104,0.681139,0.228041,1.715073
1752677900113,0.709432,0.236370,1.822093
1752677900120,0.735035,0.243907,1.918933
1752677900130,0.758202,0.250727,2.006562
1752677900137,0.779165,0.256898,2.085854
1752677900142,0.798135,0.262483,2.157604
1752677900161,0.815299,0.267536,2.222529
1752677900164,0.830831,0.272108,2.281278
1752677900176,0.844886,0.276245,2.334438
1752677900194,0.857603,0.279989,2.382541
1752677900198,0.869111,0.283377,2.426069
1752677900210,0.879524,0.286442,2.465456
1752677900235,0.888947,0.289216,2.501096
1752677900236,0.897473,0.291726,2.533346
1752677900249,0.910365,0.295183,2.581095
1752677900263,0.937164,0.302653,2.679690
1752677900266,0.961414,0.309412,2.768905
1752677900277,0.983357,0.315528,2.849634
1752677900296,1.003213,0.321062,2.922684
1752677900299,1.021180,0.326070,2.988785
1752677900307,1.037438,0.330601,3.048598
1752677900325,1.052149,0.334702,3.102721
1752677900328,1.065461,0.338412,3.151695
1752677900339,1.077507,0.341769,3.196012
1752677900357,1.088407,0.344807,3.236112
1752677900358,1.098270,0.347556,3.272398
1752677900374,1.124787,0.354719,3.370170
1752677900392,1.148782,0.361200,3.458642
1752677900395,1.170494,0.367065,3.538697
1752677900412,1.190141,0.372372,3.611138
1752677900428,1.192184,0.372707,3.618236
1752677900432,1.194033,0.373010,3.624658
1752677900444,1.203584,0.375618,3.658775
1752677900457,1.212227,0.377978,3.689646
1752677900458,1.220047,0.380114,3.717580
1752677900478,1.226551,0.381769,3.740803
1752677900488,1.232436,0.383266,3.761817
1752677900489,1.240869,0.385303,3.792778
1752677900504,1.248501,0.387146,3.820794
1752677900521,1.255406,0.388814,3.846145
1752677900523,1.264153,0.391102,3.878666
1752677900537,1.271631,0.393046,3.906520
1752677900559,1.271870,0.394607,3.906409
1752677900563,1.272085,0.396020,3.906308
1752677900572,1.272280,0.397299,3.906216
1752677900593,1.272456,0.398456,3.906134
1752677900595,1.278978,0.401113,3.930486
1752677900608,1.284879,0.403518,3.952521
1752677900622,1.290219,0.405695,3.972461
1752677900628,1.295051,0.407664,3.990504
1752677900640,1.301892,0.410374,4.015718
1752677900657,1.308082,0.412827,4.038535
1752677900658,1.313412,0.416792,4.059245
1752677900672,1.318235,0.420380,4.077984
1752677900689,1.322599,0.423626,4.094941
1752677900691,1.334873,0.428889,4.142281
1752677900713,1.360994,0.438227,4.239548
1752677900723,1.384630,0.446676,4.327563
1752677900724,1.406017,0.454322,4.407205
1752677900739,1.425370,0.461241,4.479271
1752677900755,1.442882,0.467501,4.544483
1752677900762,1.492692,0.485962,4.731123
1752677900774,1.537764,0.502667,4.900009
1752677900790,1.578548,0.517783,5.052830
1752677900795,1.615453,0.531460,5.191114
1752677900807,1.648847,0.543837,5.316244
1752677900824,1.679065,0.555037,5.429471
1752677900825,1.714314,0.567506,5.560795
1752677900838,1.738304,0.576454,5.650759
1752677900857,1.749205,0.580922,5.691051
1752677900857,1.759070,0.584965,5.727509
1752677900877,1.742845,0.581038,5.667224
1752677900894,1.728163,0.577486,5.612674
1752677900902,1.714878,0.574271,5.563313
1752677900911,1.702857,0.571362,5.518648
1752677900929,1.691979,0.568730,5.478231
1752677900935,1.682136,0.566348,5.441659
1752677900942,1.673229,0.564193,5.408566
1752677900960,1.665170,0.562243,5.378621
1752677900966,1.657877,0.560478,5.351524
1752677900978,1.651278,0.558881,5.327005
1752677900993,1.645306,0.557436,5.304818
1752677900997,1.639903,0.556129,5.284742
1752677901007,1.635014,0.554946,5.266575
1752677901025,1.630589,0.553875,5.250137
1752677901029,1.626586,0.552906,5.235262
1752677901048,1.622964,0.552030,5.221803
1752677901062,1.619686,0.551236,5.209623
1752677901064,1.616719,0.550519,5.198603
1752677901085,1.614035,0.549869,5.188630
1752677901093,1.611607,0.549281,5.179606
1752677901100,1.609409,0.548750,5.171441
1752677901105,1.607420,0.548268,5.164052
1752677901120,1.605621,0.547833,5.157367
1752677901189,1.542576,0.528803,4.921325
1752677901200,1.488881,0.512665,4.719624
1752677901212,1.440294,0.498062,4.537110
1752677901228,1.396329,0.484848,4.371957
1752677901243,1.356546,0.472891,4.222515
1752677901252,1.320547,0.462072,4.087288
1752677901264,1.287973,0.452282,3.964925
1752677901272,1.258497,0.443423,3.854202
1752677901286,1.231825,0.435406,3.754011
1752677901296,1.207691,0.428153,3.663351
1752677901304,1.185852,0.421589,3.581315
1752677901315,1.166090,0.415650,3.507082
1752677901325,1.148209,0.410275,3.439911
1752677901334,1.132028,0.405412,3.379130
1752677901341,1.117387,0.401012,3.324130
1752677901349,1.104138,0.397030,3.274363
1752677901355,1.092149,0.393427,3.229329
1752677901367,1.081301,0.390166,3.188579
1752677901375,1.071485,0.387216,3.151706
1752677901387,1.062603,0.384546,3.118340
1752677901394,1.054566,0.382131,3.088148
1752677901400,1.047293,0.379945,3.060828
1752677901414,1.040712,0.377967,3.036107
1752677901436,1.034757,0.376177,3.013737
1752677901437,1.026015,0.373476,2.981608
1752677901439,1.021458,0.372113,2.964422
1752677901466,1.007229,0.367776,2.910264
1752677901475,0.994354,0.363851,2.861259
1752677901479,0.982704,0.360300,2.816914
1752677901492,0.972162,0.357086,2.776788
1752677901495,0.962623,0.354179,2.740479
1752677901510,0.953991,0.351548,2.707624
1752677901525,0.946181,0.349167,2.677894
1752677901531,0.939113,0.347012,2.650993
1752677901545,0.934579,0.345803,2.633698
1752677901558,0.929087,0.344162,2.612658
1752677901565,0.924117,0.342678,2.593620
1752677901578,0.920417,0.341633,2.579192
1752677901592,0.917069,0.340688,2.566136
1752677901598,0.912263,0.339194,2.548758
1752677901611,0.907915,0.337842,2.533033
1752677901631,0.903980,0.336618,2.518804
1752677901636,0.900419,0.335511,2.505929
1752677901647,0.897197,0.334509,2.494278
1752677901659,0.894282,0.333603,2.483736
1752677901665,0.891644,0.332782,2.474196
1752677901680,0.889257,0.332040,2.465564
1752677901691,0.887097,0.331368,2.457753
1752677901694,0.885142,0.330761,2.450685
1752677901715,0.883373,0.330211,2.444289
1752677901728,0.881773,0.329713,2.438502
1752677901729,0.880325,0.329263,2.433266
1752677901739,0.877705,0.328473,2.423923
1752677901757,0.873273,0.327052,2.407434
1752677901761,0.869263,0.325766,2.392513
1752677901774,0.864001,0.324207,2.373291
1752677901791,0.859239,0.322796,2.355898
1752677901795,0.850221,0.320218,2.322535
1752677901817,0.842060,0.317886,2.292346
1752677901830,0.834676,0.315776,2.265029
1752677901833,0.827994,0.313866,2.240310
1752677901839,0.820144,0.311570,2.210869
1752677901855,0.813040,0.309492,2.184229
1752677901856,0.808416,0.308180,2.167197
1752677901878,0.804991,0.307117,2.154424
1752677901889,0.801892,0.306154,2.142866
1752677901995,0.767820,0.293486,2.007524
1752677902006,0.736989,0.282023,1.885057
1752677902023,0.709091,0.271650,1.774239
1752677902033,0.683847,0.262264,1.673963
1752677902046,0.661004,0.253771,1.583226
1752677902055,0.640334,0.246085,1.501120
1752677902066,0.621630,0.239131,1.426824
1752677902066,0.632466,0.244029,1.471422
1752677902067,0.642272,0.248460,1.511777
1752677902088,0.623383,0.241280,1.436468
1752677902098,0.606292,0.234783,1.368322
1752677902105,0.590826,0.228904,1.306659
1752677902112,0.576832,0.223584,1.250861
1752677902121,0.564169,0.218770,1.200371
1752677902134,0.552710,0.214414,1.154684
1752677902139,0.542342,0.210473,1.113343
1752677902148,0.532959,0.206906,1.075935
1752677902160,0.524469,0.203679,1.042085
1752677902163,0.516787,0.200758,1.011455
1752677902181,0.509836,0.198116,0.983739
1752677902200,0.503546,0.195725,0.958659
1752677902203,0.497854,0.193561,0.935965
1752677902209,0.492703,0.191603,0.915429
1752677902226,0.488043,0.189831,0.896848
1752677902227,0.483826,0.188228,0.880033
1752677902245,0.482360,0.187311,0.871994
1752677902259,0.481034,0.186481,0.864719
1752677902260,0.474964,0.183944,0.839718
1752677902273,0.471492,0.182244,0.823055
1752677902289,0.468351,0.180706,0.807977
1752677902290,0.465509,0.179314,0.794334
1752677908143,0.334574,0.159611,0.289949
1752677908154,0.216094,0.141783,-0.166457
1752677908163,0.108885,0.125650,-0.579447
1752677908175,0.011874,0.111052,-0.953151
1752677908184,-0.075909,0.097842,-1.291307
1752677908199,-0.155341,0.085889,-1.597296
1752677908208,-0.227218,0.075073,-1.874178
1752677908219,-0.292257,0.065286,-2.124721
1752677908229,-0.351110,0.056430,-2.351431
1752677908237,-0.404364,0.048416,-2.556576
1752677908244,-0.452552,0.041165,-2.742206
1752677908261,-0.496157,0.034603,-2.910178
1752677908266,-0.535613,0.028666,-3.062172
1752677908276,-0.571316,0.023293,-3.199707
1752677908294,-0.603623,0.018432,-3.324160
1752677908301,-0.632857,0.014033,-3.436774
1752677908309,-0.659310,0.010052,-3.538675
1752677908325,-0.683246,0.006450,-3.630883
1752677908329,-0.704906,0.003191,-3.714320
1752677908339,-0.724505,0.000241,-3.789820
1752677908357,-0.742240,-0.002427,-3.858138
1752677908361,-0.758288,-0.004842,-3.919957
1752677908371,-0.772809,-0.007027,-3.975896
1752677908389,-0.785949,-0.009005,-4.026513
1752677908390,-0.797839,-0.010794,-4.072316
1752677908403,-0.808598,-0.012413,-4.113761
1752677908422,-0.818334,-0.013878,-4.151265
1752677908423,-0.827143,-0.015203,-4.185200
1752677908437,-1.160372,-0.041753,-5.575087
1752677908454,-1.104296,-0.036253,-5.364544
1752677908459,-1.053555,-0.031276,-5.174030
1752677908470,-1.065846,-0.032059,-5.269966
1752677908488,-1.076968,-0.032768,-5.356776
1752677908726,-0.978971,-0.016331,-4.809934
1752677908737,-0.890296,-0.001458,-4.315111
1752677908748,-0.810055,0.012001,-3.867357
1752677908760,-0.737448,0.024179,-3.462196
1752677908770,-0.671748,0.035199,-3.095576
1752677908780,-0.612297,0.045171,-2.763831
1752677908790,-0.558501,0.054194,-2.463643
1752677908798,-0.509823,0.062359,-2.192010
1752677908806,-0.465775,0.069747,-1.946216
1752677908813,-0.425918,0.076432,-1.723804
1752677908820,-0.389851,0.082482,-1.522548
1752677908831,-0.357216,0.087956,-1.340437
1752677908839,-0.327685,0.092909,-1.175649
1752677908849,-0.300963,0.097391,-1.026536
1752677908865,-0.274780,0.100645,-0.894878
1752677908874,-0.253091,0.104391,-0.772474
1752677908885,-0.233464,0.107781,-0.661713
1752677908895,-0.215705,0.110848,-0.561489
1752677908899,-0.199635,0.113624,-0.470798
1752677908911,-0.185094,0.116135,-0.388735
1752677908924,-0.171936,0.118408,-0.314477
1752677908927,-0.160030,0.120464,-0.247284
1752677908940,-0.149256,0.122325,-0.186482
1752677908959,-0.139508,0.124009,-0.131464
1752677908960,-0.130686,0.125533,-0.081679
1752677908970,-0.122704,0.126912,-0.036631
1752677908990,-0.115242,0.128066,0.002653
1752677908996,-0.108083,0.128684,0.036032
1752677909015,-0.101606,0.129242,0.066235
1752677909037,-0.095744,0.129748,0.093566
1752677909042,-0.090441,0.130205,0.118297
1752677909048,-0.085641,0.130619,0.140675
1752677909067,-0.081298,0.130994,0.160924
1752677909070,-0.077369,0.131332,0.179247
1752677909082,-0.073813,0.131639,0.195828
1752677909095,-0.070595,0.131917,0.210831
1752677909097,-0.067684,0.132168,0.224407
1752677909110,-0.065049,0.132395,0.236691
1752677909124,-0.062665,0.132600,0.247807
1752677909132,-0.058066,0.131076,0.250803
1752677909144,-0.053904,0.129696,0.253514
1752677909160,-0.050138,0.128447,0.255967
1752677909176,-0.046730,0.127317,0.258187
1752677909181,-0.043646,0.126295,0.260196
1752677909192,-0.040856,0.125370,0.262014
1752677909196,-0.038331,0.124533,0.263658
1752677909208,-0.036047,0.123775,0.265147
1752677909224,-0.033979,0.123090,0.266493
1752677909228,-0.032109,0.122470,0.267712
1752677909239,-0.030416,0.121908,0.268815
1752677909255,-0.028884,0.121401,0.269812
1752677909256,-0.027884,0.121558,0.273351
1752677909271,-0.026978,0.121700,0.276553
1752677909290,-0.026016,0.121998,0.280302
1752677909292,-0.024752,0.121627,0.280923
1752677909315,-0.023607,0.121292,0.281484
1752677909324,-0.021703,0.120863,0.280347
1752677909327,-0.019979,0.120475,0.279319
1752677909336,-0.018420,0.120124,0.278388
1752677909354,-0.017009,0.119807,0.277545
1752677909903,-0.012983,0.115513,0.263509
1752677909915,-0.009355,0.111622,0.250863
1752677909925,-0.006072,0.108101,0.239421
1752677909934,-0.003101,0.104916,0.229067
1752677909944,-0.000412,0.102033,0.219698
1752677909952,0.002020,0.099424,0.211220
1752677909966,0.004222,0.097064,0.203548
1752677909974,0.006213,0.094928,0.196606
1752677909986,0.008016,0.092996,0.190325
1752677909994,0.009647,0.091247,0.184641
1752677910001,0.011122,0.089664,0.179498
1752677910008,0.012458,0.088232,0.174844
1752677910026,0.013666,0.086937,0.170633
1752677910035,0.014760,0.085764,0.166822
1752677910043,0.015749,0.084703,0.163374
1752677910060,0.016644,0.083743,0.160254
1752677910066,0.017454,0.082875,0.157430
1752677910075,0.018188,0.082089,0.154875
1752677910100,0.018851,0.081377,0.152564
1752677910104,0.019451,0.080734,0.150472
1752677910107,0.019994,0.080151,0.148579
1752677910123,0.020486,0.079624,0.146866
1752677910125,0.020930,0.079147,0.145316
1752677910139,0.021333,0.078716,0.143914
1752677910155,0.021795,0.078365,0.142370
1752677910155,0.022129,0.078014,0.141192
1752677910169,0.022431,0.077696,0.140127
1752677910188,0.022660,0.077208,0.138507
1752677910188,0.022853,0.076763,0.137101
1752677910202,0.023027,0.076359,0.135829
1752677910220,0.023185,0.075994,0.134678
1752677910221,0.023338,0.075656,0.133178
1752677910235,0.023477,0.075350,0.131822
1752677910255,0.023431,0.075464,0.132309
1752677910257,0.023389,0.075568,0.132749
1752677910270,0.023351,0.075661,0.133148
1752677910288,0.023317,0.075746,0.133509
1752677910289,0.023327,0.075833,0.133557
1752677910301,0.023336,0.075912,0.133600
1752677910320,0.023345,0.075983,0.133639
1752677910396,0.023245,0.077077,0.136357
1752677912076,0.021640,0.078841,0.149495
1752677912087,0.020188,0.080437,0.161384
1752677912098,0.018925,0.081785,0.171682
1752677912108,0.017782,0.083005,0.181000
1752677912119,0.016747,0.084109,0.189433
1752677912130,0.015811,0.085107,0.197062
1752677912139,0.014964,0.086011,0.203967
1752677912148,0.014198,0.086829,0.210214
1752677912156,0.013505,0.087569,0.215867
1752677912165,0.012877,0.088238,0.220983
1752677912174,0.012309,0.088844,0.225611
1752677912181,0.011796,0.089392,0.229800
1752677912194,0.011331,0.089889,0.233590
1752677912201,0.010910,0.090337,0.237019
1752677912208,0.010529,0.090744,0.240123
1752677912220,0.010185,0.091111,0.242931
1752677912228,0.009873,0.091444,0.245472
1752677912234,0.009591,0.091745,0.247771
1752677912242,0.009336,0.092017,0.249851
1752677912257,0.009105,0.092264,0.251734
1752677912261,0.008896,0.092487,0.253438
1752677912273,0.008707,0.092688,0.254979
1752677912289,0.008536,0.092871,0.256374
1752677912292,0.008381,0.093036,0.257636
1752677912305,0.008241,0.093186,0.258778
1752677912321,0.008114,0.093321,0.259812
1752677912324,0.007999,0.093443,0.260747
1752677912337,0.007896,0.093554,0.261593
1752677914915,0.003804,0.096570,0.270731
1752677914916,0.000102,0.099299,0.278999
1752677914931,-0.003248,0.101768,0.286481
1752677914931,-0.006280,0.104003,0.293251
1752677915119,-0.009687,0.105659,0.298156
1752677915120,-0.012770,0.107158,0.302595
1752677916056,-0.016959,0.107843,0.298070
1752677916065,-0.020750,0.108463,0.293976
1752677916075,-0.024181,0.109024,0.290271
1752677916085,-0.027285,0.109532,0.286919
1752677916096,-0.030094,0.109991,0.283885
1752677916111,-0.032635,0.110407,0.281141
1752677916120,-0.034935,0.110783,0.278657
1752677916133,-0.037016,0.111124,0.276409
1752677916145,-0.038899,0.111432,0.274376
1752677916153,-0.040603,0.111710,0.272535
1752677916160,-0.042145,0.111962,0.270870
1752677916170,-0.043540,0.112191,0.269363
1752677916176,-0.044803,0.112397,0.268000
1752677916183,-0.045945,0.112584,0.266766
1752677916194,-0.046979,0.112753,0.265650
1752677916200,-0.047914,0.112906,0.264639
1752677916210,-0.048761,0.113044,0.263725
1752677916230,-0.049527,0.113170,0.262898
1752677916235,-0.050220,0.113283,0.262150
1752677916241,-0.050847,0.113386,0.261472
1752677916263,-0.051414,0.113478,0.260859
1752677916268,-0.051928,0.113562,0.260305
1752677916273,-0.052392,0.113638,0.259803
1752677916290,-0.052813,0.113707,0.259349
1752677916291,-0.053193,0.113769,0.258938
1752677916303,-0.053537,0.113826,0.258566
1752677916383,-0.033625,0.118428,0.140480
1752677916401,-0.015606,0.122592,0.033627
1752677916417,0.000698,0.126360,-0.063062
1752677916427,0.015451,0.129769,-0.150553
1752677916437,0.028801,0.132855,-0.229721
1752677916454,0.040881,0.135647,-0.301359
1752677916464,0.051812,0.138173,-0.366182
1752677916475,0.061704,0.140459,-0.424839
1752677916484,0.070654,0.142527,-0.477916
1752677916493,0.078753,0.144399,-0.525945
1752677916502,0.086081,0.146092,-0.569404
1752677916510,0.092712,0.147625,-0.608729
1752677916516,0.098713,0.149012,-0.644314
1752677916523,0.104143,0.150267,-0.676514
1752677916530,0.109056,0.151402,-0.705650
1752677916537,0.113502,0.152430,-0.732015
1752677916545,0.117525,0.153359,-0.755872
1752677916552,0.121165,0.154201,-0.777460
1752677916559,0.124459,0.154962,-0.796994
1752677916564,0.127440,0.155651,-0.814670
1752677916587,0.130137,0.156274,-0.830665
1752677916590,0.132577,0.156838,-0.845138
1752677916593,0.134786,0.157348,-0.858234
1752677916613,0.136784,0.157810,-0.870084
1752677916619,0.138592,0.158228,-0.880808
1752677916628,0.140229,0.158606,-0.890511
1752677917054,0.120932,0.156689,-0.778997
1752677917330,0.104058,0.154875,-0.680244
1752677918669,0.107450,0.151873,-0.691945
1752677919027,0.094396,0.145868,-0.613030
1752677919037,0.082584,0.140434,-0.541621
1752677919046,0.071895,0.135516,-0.477005
1752677919055,0.062223,0.131067,-0.418536
1752677919066,0.053472,0.127041,-0.365628
1752677919075,0.045552,0.123398,-0.317754
1752677919082,0.038386,0.120101,-0.274433
1752677919093,0.031902,0.117118,-0.235233
1752677919104,0.026034,0.114419,-0.199763
1752677919111,0.020725,0.111976,-0.167666
1752677919122,0.015921,0.109766,-0.138622
1752677919131,0.011574,0.107766,-0.112342
1752677919141,0.007640,0.105956,-0.088561
1752677919146,0.004080,0.104319,-0.067042
1752677919163,0.000859,0.102837,-0.047571
1752677919167,-0.002055,0.101496,-0.029951
1752677919174,-0.004693,0.100283,-0.014008
1752677919188,-0.007079,0.099185,0.000419
1752677919191,-0.009238,0.098192,0.013473
1752677919208,-0.011192,0.097293,0.025286
1752677919219,-0.012468,0.093418,0.031642
1752677919226,-0.014115,0.092973,0.041726
1752677919237,-0.015605,0.092571,0.050851
1752677919252,-0.016954,0.092206,0.059108
1752677919253,-0.018174,0.091877,0.066580
1752677919268,-0.019278,0.091579,0.073341
1752677919283,-0.020277,0.091309,0.079458
1752677919284,-0.021181,0.091065,0.084994
1752677919302,-0.021999,0.090844,0.090003
1752677920132,-0.024319,0.091428,0.102380
1752677920146,-0.026418,0.091957,0.113578
1752677920155,-0.028318,0.092435,0.123712
1752677920168,-0.030037,0.092868,0.132882
1752677920177,-0.031592,0.093260,0.141179
1752677920186,-0.032999,0.093614,0.148687
1752677920194,-0.034273,0.093935,0.155481
1752677920202,-0.035425,0.094225,0.161629
1752677920209,-0.036468,0.094488,0.167191
1752677920216,-0.037412,0.094725,0.172225
1752677920222,-0.038266,0.094940,0.176780
1752677920228,-0.039038,0.095135,0.180902
1752677920234,-0.039737,0.095311,0.184631
1752677920245,-0.040370,0.095470,0.188006
1752677920256,-0.040942,0.095614,0.191059
1752677920262,-0.041460,0.095745,0.193823
1752677920273,-0.041929,0.095863,0.196323
1752677920288,-0.042353,0.095970,0.198586
1752677920295,-0.042737,0.096066,0.200633
1752677920306,-0.043084,0.096154,0.202485
1752677920322,-0.043398,0.096233,0.204162
1752677920331,-0.043683,0.096304,0.205679
1752677920338,-0.043940,0.096369,0.207051
1752677920351,-0.044173,0.096428,0.208293
1752677920367,-0.044384,0.096481,0.209417
1752677920371,-0.044574,0.096529,0.210434
1752677920386,-0.044747,0.096572,0.211354
1752677920537,-0.043822,0.095224,0.206717
1752677920551,-0.042985,0.094004,0.202520
1752677920563,-0.042228,0.092900,0.198723
1752677920581,-0.041542,0.091901,0.195287
1752677920593,-0.040922,0.090997,0.192178
1752677920603,-0.040361,0.090179,0.189364
1752677920617,-0.039854,0.089439,0.186818
1752677920624,-0.039394,0.088770,0.184515
1752677920632,-0.038979,0.088164,0.182430
1752677920649,-0.038602,0.087615,0.180544
1752677920655,-0.038262,0.087119,0.178837
1752677920661,-0.037954,0.086670,0.177293
1752677920668,-0.037675,0.086264,0.175895
1752677920679,-0.037423,0.085896,0.174631
1752677920684,-0.037195,0.085563,0.173486
1752677920697,-0.036988,0.085262,0.172451
1752677920702,-0.036802,0.084990,0.171514
1752677920710,-0.036632,0.084743,0.170666
1752677920728,-0.036479,0.084520,0.169899
1752677920731,-0.036341,0.084319,0.169205
1752677920739,-0.036216,0.084136,0.168577
1752677920754,-0.036102,0.083971,0.168008
1752677920755,-0.036000,0.083821,0.167494
1752677920774,-0.035907,0.083686,0.167028
1752677921513,-0.035632,0.083129,0.166337
1752677921659,-0.017977,0.087750,0.067401
1752677921669,-0.002002,0.091932,-0.022124
1752677921682,0.012453,0.095716,-0.103132
1752677921692,0.025534,0.099140,-0.176435
1752677921702,0.037370,0.102239,-0.242765
1752677921710,0.048080,0.105042,-0.302785
1752677921719,0.057772,0.107579,-0.357096
1752677921727,0.066541,0.109875,-0.406240
1752677921734,0.074476,0.111952,-0.450710
1752677921745,0.081657,0.113832,-0.490949
1752677921753,0.088154,0.115532,-0.527361
1752677921754,0.076628,0.111946,-0.461999
1752677921766,0.083604,0.113826,-0.501164
1752677921775,0.089916,0.115528,-0.536604
1752677921790,0.095628,0.117067,-0.568673
1752677921796,0.100796,0.118460,-0.597691
1752677921805,0.105473,0.119721,-0.623949
1752677921822,0.109705,0.120861,-0.647709
1752677921827,0.113535,0.121893,-0.669209
1752677921837,0.117000,0.122827,-0.688664
1752677921853,0.120135,0.123673,-0.706268
1752677921855,0.122972,0.124437,-0.722197
1752677921871,0.125540,0.125129,-0.736612
1752677921887,0.127863,0.125755,-0.749655
1752677921888,0.129965,0.126322,-0.761457
1752677921901,0.131867,0.126835,-0.772137
1752677922254,0.131879,0.126266,-0.780241
1752677923139,0.132447,0.126109,-0.787010
1752677923150,0.132962,0.125967,-0.793135
1752677923160,0.133427,0.125839,-0.798677
1752677923170,0.133849,0.125722,-0.803692
1752677923184,0.134230,0.125617,-0.808230
1752677923193,0.134575,0.125522,-0.812336
1752677923202,0.134887,0.125436,-0.816052
1752677923215,0.135169,0.125358,-0.819414
1752677923229,0.135425,0.125287,-0.822456
1752677923237,0.135656,0.125223,-0.825209
1752677923247,0.135865,0.125166,-0.827700
1752677923259,0.136054,0.125113,-0.829954
1752677923267,0.136226,0.125066,-0.831994
1752677923275,0.136381,0.125023,-0.833840
1752677923291,0.136521,0.124985,-0.835510
1752677923295,0.136648,0.124949,-0.837021
1752677923302,0.136763,0.124918,-0.838389
1752677923306,0.136867,0.124889,-0.839626
1752677923323,0.136961,0.124863,-0.840746
1752677923328,0.137046,0.124840,-0.841759
1752677923338,0.137123,0.124818,-0.842676
1752677923351,0.137193,0.124799,-0.843505
1752677923354,0.137256,0.124782,-0.844256
1752677923370,0.137313,0.124766,-0.844935
1752677923386,0.137364,0.124752,-0.845550
1752677923387,0.137411,0.124739,-0.846106
1752677923402,0.137453,0.124727,-0.846609
1752677923418,0.137492,0.124717,-0.847065
1752677923419,0.137526,0.124707,-0.847477
1752677923434,0.137687,0.124868,-0.848417
1752677923635,0.137391,0.127573,-0.856268
1752677923646,0.137124,0.130021,-0.863371
1752677923658,0.136882,0.132235,-0.869800
1752677923667,0.136663,0.134239,-0.875616
1752677923677,0.136464,0.136053,-0.880880
1752677923686,0.136285,0.137694,-0.885642
1752677923695,0.136123,0.139179,-0.889952
1752677923709,0.135976,0.140522,-0.893852
1752677923716,0.135843,0.141738,-0.897380
1752677923728,0.135723,0.142838,-0.900573
1752677923739,0.135614,0.143833,-0.903463
1752677923746,0.135516,0.144734,-0.906077
1752677923763,0.135427,0.145549,-0.908443
1752677923770,0.135346,0.146287,-0.910584
1752677923775,0.135273,0.146954,-0.912521
1752677923791,0.135207,0.147558,-0.914273
1752677923796,0.135147,0.148105,-0.915860
1752677923804,0.135093,0.148599,-0.917295
1752677923819,0.135044,0.149046,-0.918593
1752677923824,0.135000,0.149451,-0.919769
1752677923839,0.134960,0.149818,-0.920832
1752677923852,0.134924,0.150149,-0.921794
1752677923854,0.134891,0.150449,-0.922665
1752677923868,0.134861,0.150721,-0.923453
1752677923886,0.134835,0.150966,-0.924166
1752677923888,0.134810,0.151188,-0.924811
1752677923975,0.135145,0.150259,-0.929813
1752677924543,0.120115,0.145434,-0.818757
1752677924552,0.106076,0.141089,-0.715912
1752677924562,0.093373,0.137158,-0.622850
1752677924577,0.081878,0.133600,-0.538641
1752677924593,0.071477,0.130381,-0.462442
1752677924603,0.062065,0.127469,-0.393492
1752677924616,0.053548,0.124833,-0.331100
1752677924629,0.045842,0.122448,-0.274643
1752677924637,0.038868,0.120290,-0.223557
1752677924649,0.032558,0.118337,-0.177331
1752677924656,0.026848,0.116570,-0.135502
1752677924663,0.021682,0.114971,-0.097651
1752677924670,0.017006,0.113524,-0.063402
1752677924676,0.012776,0.112215,-0.032410
1752677924682,0.008948,0.111030,-0.004366
1752677924692,0.005484,0.109958,0.021010
1752677924699,0.002350,0.108988,0.043972
1752677924708,-0.000487,0.108110,0.064750
1752677924726,-0.003053,0.107316,0.083551
1752677924731,-0.005375,0.106597,0.100564
1752677924738,-0.007477,0.105947,0.115959
1752677924754,-0.009378,0.105359,0.129889
1752677924757,-0.011099,0.104826,0.142494
1752677924776,-0.012656,0.104344,0.153900
1752677924784,-0.014065,0.103908,0.164221
1752677924786,-0.015340,0.103514,0.173560
1752677924801,-0.016493,0.103157,0.182011
1752677924816,-0.017099,0.102812,0.187305
1752677924816,-0.018085,0.102521,0.194448
1752677924834,-0.018978,0.102259,0.200912
1752677924910,-0.017631,0.097161,0.190984
1752677924911,-0.016411,0.092549,0.182000
1752677924922,-0.015308,0.088375,0.173871
1752677925116,-0.001731,0.094868,0.068242
1752677925127,0.010554,0.100744,-0.027338
1752677925136,0.021671,0.106061,-0.113826
1752677925146,0.031731,0.110872,-0.192087
1752677925155,0.040833,0.115226,-0.262903
1752677925168,0.049070,0.119165,-0.326983
1752677925176,0.056523,0.122730,-0.384968
1752677925183,0.063267,0.125955,-0.437436
1752677925191,0.069370,0.128874,-0.484914
1752677925199,0.074892,0.131515,-0.527875
1752677925206,0.079889,0.133905,-0.566750
1752677925213,0.084410,0.136068,-0.601927
1752677925221,0.088502,0.138024,-0.633757
1752677925227,0.092204,0.139795,-0.662560
1752677925251,0.095554,0.141397,-0.688622
1752677925258,0.098585,0.142847,-0.712206
1752677925266,0.101328,0.144159,-0.733546
1752677925280,0.103810,0.145346,-0.752856
1752677925290,0.106056,0.146420,-0.770329
1752677925295,0.108089,0.147392,-0.786141
1752677925305,0.109927,0.148272,-0.800448
1752677925319,0.111592,0.149068,-0.813394
1752677925323,0.113097,0.149788,-0.825108
1752677925339,0.114460,0.150440,-0.835709
1752677925350,0.115693,0.151029,-0.845301
1752677925360,0.116808,0.151563,-0.853980
1752677925373,0.106066,0.140596,-0.767238
1752677925383,0.096345,0.130672,-0.688748
1752677925389,0.087548,0.121692,-0.617723
1752677925402,0.079589,0.113567,-0.553455
1752677925414,0.072386,0.106214,-0.495301
1752677925421,0.065274,0.101881,-0.437705
1752677925436,0.058838,0.097961,-0.385588
1752677925447,0.053015,0.094413,-0.338429
1752677925456,0.047745,0.091203,-0.295756
1752677925469,0.042977,0.088298,-0.257142
1752677925482,0.038662,0.085669,-0.222201
1752677926474,0.034547,0.085942,-0.189266
1752677926489,0.030824,0.086188,-0.159464
1752677926798,0.027229,0.084046,-0.134922
1752677926808,0.023976,0.082108,-0.112715
1752677926818,0.021273,0.080423,-0.093750
1752677926828,0.018826,0.078898,-0.076590
1752677926836,0.016613,0.077519,-0.061062
1752677926846,0.014610,0.076271,-0.047011
1752677926861,0.012797,0.075141,-0.034296
1752677926871,0.011157,0.074119,-0.022791
1752677926881,0.009673,0.073194,-0.012381
1752677926894,0.008330,0.072357,-0.002961
1752677926905,0.007115,0.071600,0.005563
1752677926913,0.006015,0.070915,0.013277
1752677926926,0.005020,0.070295,0.020256
1752677926932,0.004120,0.069734,0.026572
1752677926938,0.003305,0.069226,0.032287
1752677926956,0.002568,0.068767,0.037458
1752677926961,0.001901,0.068351,0.042137
1752677926968,0.001298,0.067975,0.046371
1752677926972,0.000751,0.067634,0.050203
1752677926983,0.000257,0.067326,0.053670
1752677926990,-0.000190,0.067048,0.056807
1752677927005,-0.000595,0.066795,0.059646
1752677927015,-0.000961,0.066567,0.062214
1752677927020,-0.001292,0.066361,0.064539
1752677927035,-0.001592,0.066174,0.066642
1752677927048,-0.001863,0.066005,0.068545
1752677927061,-0.002109,0.065852,0.070267
1752677927069,-0.002331,0.065713,0.071826
1752677928074,-0.003304,0.066799,0.076466
1752677928091,-0.004222,0.067784,0.080971
1752677928101,-0.005052,0.068676,0.085047
1752677928110,-0.005803,0.069482,0.088735
1752677928123,-0.006482,0.070213,0.092073
1752677928134,-0.007097,0.070873,0.095093
1752677928142,-0.007654,0.071471,0.097826
1752677928153,-0.008157,0.072012,0.100299
1752677928160,-0.008613,0.072501,0.102536
1752677928172,-0.009025,0.072944,0.104561
1752677928181,-0.009398,0.073345,0.106393
1752677928191,-0.009736,0.073708,0.108051
1752677928197,-0.010041,0.074036,0.109552
1752677928203,-0.010318,0.074333,0.110909
1752677928212,-0.010568,0.074602,0.112137
1752677928216,-0.011078,0.077255,0.118199
1752677928223,-0.011256,0.077246,0.118734
1752677928237,-0.011416,0.077238,0.119218
1752677928259,-0.011562,0.077230,0.119656
1752677928265,-0.011694,0.077223,0.120052
1752677928271,-0.011813,0.077217,0.120411
1752677928288,-0.011921,0.077211,0.120735
1752677928291,-0.012019,0.077206,0.121029
1752677928303,-0.012107,0.077202,0.121295
1752677928314,-0.012150,0.077194,0.121229
1752677928321,-0.012226,0.077190,0.121476
1752677928334,-0.012295,0.077187,0.121699
1752677928349,-0.012357,0.077184,0.121901
1752677928358,-0.012558,0.077139,0.122506
1752677928369,-0.012740,0.077098,0.123054
1752677928390,-0.012698,0.076661,0.121952
1752677928392,-0.012820,0.076259,0.122081
1752677928411,-0.012931,0.075895,0.122197
1752677928634,-0.013295,0.077451,0.129523
1752677928645,-0.013625,0.078860,0.136151
1752677928656,-0.013923,0.080135,0.142149
1752677928667,-0.014193,0.081288,0.147577
1752677928677,-0.014437,0.082332,0.152488
1752677928688,-0.014658,0.083276,0.156932
1752677928697,-0.014858,0.084131,0.160953
1752677928705,-0.015039,0.084904,0.164592
1752677928712,-0.015202,0.085604,0.167885
1752677928720,-0.015351,0.086237,0.170864
1752677928726,-0.015485,0.086810,0.173560
1752677928732,-0.015606,0.087328,0.176000
1752677928744,-0.015716,0.087797,0.178207
1752677928752,-0.015815,0.088222,0.180205
1752677928757,-0.015905,0.088606,0.182012
1752677928771,-0.015986,0.088954,0.183648
1752677928783,-0.016060,0.089268,0.185128
1752677928788,-0.016126,0.089553,0.186467
1752677928803,-0.016187,0.089810,0.187679
1752677928820,-0.016241,0.090043,0.188775
1752677928823,-0.016290,0.090254,0.189767
1752677928835,-0.016335,0.090445,0.190665
1752677928847,-0.016375,0.090618,0.191478
1752677928857,-0.016412,0.090774,0.192213
1752677928876,-0.016445,0.090915,0.192878
1752677930025,-0.016948,0.091516,0.193659
1752677930042,-0.017403,0.092060,0.194365
1752677930053,-0.017814,0.092552,0.195004
1752677930063,-0.018187,0.092998,0.195583
1752677930073,-0.018524,0.093401,0.196106
1752677930082,-0.018829,0.093765,0.196580
1752677930093,-0.019105,0.094095,0.197008
1752677930101,-0.019354,0.094394,0.197396
1752677930114,-0.019580,0.094664,0.197747
1752677930122,-0.019785,0.094908,0.198064
1752677930129,-0.019970,0.095129,0.198352
1752677930141,-0.020137,0.095330,0.198612
1752677930147,-0.020289,0.095511,0.198847
1752677930157,-0.020426,0.095675,0.199060
1752677930163,-0.020550,0.095823,0.199252
1752677930169,-0.020662,0.095957,0.199427
1752677930189,-0.020763,0.096079,0.199584
1752677930194,-0.020855,0.096188,0.199727
1752677930198,-0.020939,0.096288,0.199856
1752677930215,-0.021014,0.096378,0.199973
1752677930220,-0.021082,0.096459,0.200079
1752677930223,-0.021143,0.096533,0.200174
1752677930238,-0.021199,0.096600,0.200261
1752677930242,-0.021250,0.096660,0.200339
1752677930247,-0.021295,0.096714,0.200410
1752677930267,-0.021493,0.096825,0.201861
1752677930272,-0.021672,0.096924,0.203174
1752677930280,-0.021834,0.097014,0.204362
1752677930297,-0.021887,0.095763,0.201404
1752677930303,-0.021935,0.094630,0.198728
1752677930314,-0.021978,0.093605,0.196306
1752677930328,-0.022229,0.092674,0.195327
1752677930338,-0.022455,0.091832,0.194441
1752677930359,-0.009170,0.093862,0.099786
1752677930374,0.002851,0.095698,0.014135
1752677930386,0.013729,0.097360,-0.063369
1752677930398,0.023572,0.098864,-0.133500
1752677930409,0.032479,0.100225,-0.196960
1752677930419,0.040539,0.101456,-0.254384
1752677930429,0.047832,0.102570,-0.306344
1752677930439,0.054431,0.103578,-0.353363
1752677930454,0.060402,0.104491,-0.395908
1752677930465,0.065805,0.105316,-0.434407
1752677930478,0.070695,0.106063,-0.469243
1752677930486,0.075119,0.106739,-0.500765
1752677930493,0.079123,0.107351,-0.529289
1752677930500,0.082745,0.107904,-0.555100
1752677930508,0.086023,0.108405,-0.578455
1752677930519,0.088989,0.108858,-0.599589
1752677930525,0.091673,0.109268,-0.618712
1752677930541,0.094102,0.109639,-0.636016
1752677930551,0.096300,0.109975,-0.651674
1752677930555,0.098288,0.110279,-0.665843
1752677930580,0.100088,0.110554,-0.678664
1752677930584,0.101716,0.110803,-0.690265
1752677930588,0.103189,0.111028,-0.700763
1752677930604,0.104523,0.111232,-0.710262
1752677930617,0.105729,0.111416,-0.718857
1752677930621,0.106821,0.111583,-0.726635
1752677930636,0.107809,0.111734,-0.733673
1752677930649,0.108702,0.111870,-0.740042
1752677930650,0.109511,0.111994,-0.745805
1752677930669,0.110292,0.111849,-0.747821
1752677930678,0.110998,0.111719,-0.749645
1752677930686,0.111637,0.111601,-0.751296
1752677930703,0.112147,0.111461,-0.752398
1752677930717,0.112541,0.111883,-0.756773
1752677930723,0.112897,0.112265,-0.760732
1752677930738,0.113219,0.112610,-0.764314
1752677930751,0.113510,0.112923,-0.767556
1752677930757,0.113774,0.113206,-0.770489
1752677930775,0.114012,0.113462,-0.773143
1752677930788,0.114228,0.113694,-0.775545
1752677930792,0.114423,0.113903,-0.777718
1752677930805,0.114600,0.114093,-0.779684
1752677930814,0.114760,0.114264,-0.781464
1752677930822,0.114905,0.114420,-0.783074
1752677930836,0.115036,0.114560,-0.784531
1752677930848,0.115235,0.114758,-0.786344
1752677930849,0.115416,0.114936,-0.787985
1752677930871,0.115498,0.115028,-0.788975
1752677930881,0.115573,0.115110,-0.789870
1752677930890,0.115640,0.115185,-0.790681
1752677930899,0.115741,0.115266,-0.791687
1752677930910,0.115805,0.115267,-0.792838
1752677930918,0.115863,0.115267,-0.793879
1752677930933,0.116053,0.115352,-0.795726
1752677930948,0.102591,0.113305,-0.694483
1752677930954,0.090410,0.111453,-0.602871
1752677930970,0.079388,0.109777,-0.519973
1752677930983,0.069415,0.108260,-0.444961
1752677930989,0.060390,0.106888,-0.377084
1752677931007,0.052224,0.105646,-0.315665
1752677931017,0.044834,0.104523,-0.260087
1752677931020,0.038147,0.103506,-0.209797
1752677931041,0.032097,0.102586,-0.164291
1752677931046,0.027396,0.098657,-0.132614
1752677931053,0.022368,0.098198,-0.094450
1752677931070,0.017819,0.097783,-0.059916
1752677931080,0.013702,0.097408,-0.028667
1752677931084,0.009977,0.097068,-0.000390
1752677931099,0.006606,0.096760,0.025197
1752677931149,0.001655,0.102039,0.065066
1752677931254,-0.022535,0.129365,0.204820
1752677931279,-0.058652,0.165094,0.393281
1752677931976,-0.043179,0.156115,0.296682
1752677931985,-0.029178,0.147991,0.209271
1752677931997,-0.016509,0.140639,0.130176
1752677932011,-0.005045,0.133987,0.058604
1752677932019,0.005329,0.127967,-0.006159
1752677932027,0.014715,0.122520,-0.064761
1752677932037,0.023209,0.117592,-0.117789
1752677932047,0.030895,0.113132,-0.165773
1752677932054,0.037850,0.109096,-0.209193
1752677932064,0.044143,0.105444,-0.248482
1752677932071,0.049837,0.102140,-0.284033
1752677932077,0.054990,0.099150,-0.316203
1752677932094,0.059653,0.096444,-0.345313
1752677932099,0.063872,0.093996,-0.371653
1752677932104,0.067690,0.091780,-0.395488
1752677932108,0.071144,0.089776,-0.417056
1752677932117,0.074270,0.087962,-0.436572
1752677932123,0.077099,0.086320,-0.454232
1752677932127,0.079659,0.084835,-0.470211
1752677932133,0.081975,0.083491,-0.484671
1752677932156,0.084070,0.082275,-0.497755
1752677932162,0.085967,0.081175,-0.509595
1752677932166,0.087683,0.080179,-0.520308
1752677932169,0.089236,0.079278,-0.530002
1752677932185,0.090641,0.078462,-0.538774
1752677932190,0.091912,0.077725,-0.546712
1752677932191,0.092952,0.077073,-0.553453
1752677932196,0.093893,0.076483,-0.559553
1752677932203,0.094855,0.075934,-0.565514
1752677932217,0.095725,0.075436,-0.570908
1752677932245,0.096368,0.075010,-0.575894
1752677932248,0.096949,0.074624,-0.580406
1752677932253,0.097475,0.074275,-0.584488
1752677932255,0.097950,0.073959,-0.588182
1752677932274,0.098381,0.073673,-0.591525
1752677932284,0.098770,0.073414,-0.594549
1752677932286,0.099123,0.073180,-0.597286
1752677932300,0.099496,0.072958,-0.599466
1752677932310,0.099779,0.072767,-0.601736
1752677932317,0.100036,0.072594,-0.603789
1752677932338,0.100137,0.072426,-0.605057
1752677932558,0.099478,0.073124,-0.608777
1752677932558,0.098882,0.073754,-0.612143
1752677933025,0.093889,0.057283,-0.558547
1752677933026,0.089372,0.042378,-0.510049
1752677933037,0.085284,0.028891,-0.466164
1752677934743,0.089646,0.033363,-0.473737
1752677934868,0.079106,0.029183,-0.447742
1752677934875,0.069569,0.025400,-0.424220
1752677934882,0.060938,0.021977,-0.402935
1752677934907,0.053129,0.018880,-0.383675
1752677934919,0.046062,0.016077,-0.366248
1752677934938,0.039668,0.013541,-0.350478
1752677934947,0.033882,0.011247,-0.336208
1752677934975,0.028646,0.009170,-0.323295
1752677934979,0.023909,0.007291,-0.311611
1752677935002,0.019622,0.005591,-0.301039
1752677935019,0.015743,0.004052,-0.291472
1752677935032,0.026720,0.010887,-0.315662
1752677935049,0.036654,0.017071,-0.337551
1752677935067,0.031154,0.014441,-0.324511
1752677935083,0.026178,0.012061,-0.312711
1752677935100,0.021675,0.009907,-0.302034
1752677935117,0.017601,0.007958,-0.292372
1752677935132,0.013914,0.006194,-0.283630
1752677935165,0.010578,0.004598,-0.275719
1752677935198,0.007559,0.003154,-0.268561
1752677935232,0.004827,0.001847,-0.262083
1752677935265,0.002356,0.000665,-0.256222
1752677935299,0.000119,-0.000405,-0.250918
1752677935332,-0.001905,-0.001373,-0.246119
1752677935365,-0.003737,-0.002249,-0.241776
1752677935399,-0.005394,-0.003042,-0.237847
1752677935433,-0.006893,-0.003759,-0.234291
1752677935465,-0.008250,-0.004408,-0.231073
1752677935499,-0.009478,-0.004996,-0.228162
1752677935532,-0.010589,-0.005527,-0.225527
1752677935566,-0.011594,-0.006008,-0.223143
1752677935600,-0.012504,-0.006443,-0.220986
1752677935634,-0.013327,-0.006837,-0.219034
1752677935666,-0.014072,-0.007193,-0.217268
1752677935699,-0.014746,-0.007516,-0.215670
1752677935733,-0.015356,-0.007807,-0.214224
1752677935786,-0.015908,-0.008071,-0.212915
1752677935813,-0.016407,-0.008310,-0.211731
1752677935851,-0.016859,-0.008526,-0.210659
1752677935877,-0.017268,-0.008722,-0.209690
1752677935907,-0.017638,-0.008899,-0.208812
1752677935933,-0.017973,-0.009059,-0.208018
1752677935974,-0.018276,-0.009204,-0.207300
1752677936003,-0.018550,-0.009335,-0.206650
1752677936033,-0.018798,-0.009454,-0.206062
1752677936068,-0.019022,-0.009561,-0.205529
1752677936100,-0.019226,-0.009658,-0.205048
1752677936134,-0.019409,-0.009746,-0.204612
1752677936166,-0.019576,-0.009826,-0.204218
1752677936199,-0.019726,-0.009898,-0.203861
1752677936232,-0.019862,-0.009963,-0.203538
1752677936265,-0.019986,-0.010022,-0.203246
1752677936299,-0.020097,-0.010075,-0.202981
1752677936333,-0.020198,-0.010123,-0.202742
1752677945188,-0.029283,-0.004527,-0.201627
1752677945202,-0.037504,0.000536,-0.200618
1752677945209,-0.044943,0.005118,-0.199706
1752677945219,-0.051674,0.009264,-0.198880
1752677945240,-0.057765,0.013016,-0.198132
1752677945251,-0.063276,0.016411,-0.197456
1752677945266,-0.068263,0.019483,-0.196844
1752677945286,-0.072776,0.022263,-0.196290
1752677945301,-0.076860,0.024778,-0.195789
1752677945314,-0.080555,0.027054,-0.195335
1752677945334,-0.083898,0.029114,-0.194925
1752677945348,-0.086924,0.030977,-0.194554
1752677945375,-0.089662,0.032664,-0.194218
1752677945385,-0.092139,0.034189,-0.193914
1752677945398,-0.094380,0.035570,-0.193639
1752677945415,-0.096409,0.036820,-0.193390
1752677945431,-0.098149,0.037880,-0.193321
1752677945446,-0.099723,0.038840,-0.193259
1752677945464,-0.101209,0.039753,-0.193101
1752677945481,-0.102554,0.040579,-0.192959
1752677945498,-0.103808,0.041334,-0.192803
1752677953717,-0.108118,0.042923,-0.181462
1752677953733,-0.112018,0.044361,-0.171199
1752677953767,-0.115547,0.045663,-0.161913
1752677953781,-0.118741,0.046840,-0.153510
1752677953803,-0.121631,0.047906,-0.145907
1752677953817,-0.124245,0.048870,-0.139026
1752677953836,-0.126612,0.049743,-0.132800
1752677953847,-0.128753,0.050532,-0.127167
1752677953869,-0.130690,0.051247,-0.122069
1752677953882,-0.132443,0.051893,-0.117456
1752677953902,-0.134029,0.052478,-0.113282
1752677953913,-0.135465,0.053007,-0.109505
1752677953932,-0.136764,0.053486,-0.106088
1752677953946,-0.137939,0.053920,-0.102995
1752677953966,-0.139002,0.054312,-0.100197
1752677953981,-0.139965,0.054667,-0.097665
1752677953983,-0.140836,0.054988,-0.095373
1752677954329,-0.128137,0.056301,-0.110329
1752677954334,-0.116646,0.057490,-0.123863
1752677956489,-0.141337,0.086363,0.049852
1752677956520,-0.173538,0.124170,0.258560
1752677956531,-0.196203,0.154381,0.418868
1752677956540,-0.216712,0.181718,0.563927
1752677956549,-0.235271,0.206454,0.695187
1752677956558,-0.252064,0.228837,0.813961
1752677956566,-0.267259,0.249092,0.921437
1752677956574,-0.281010,0.267419,1.018689
1752677956584,-0.293452,0.284003,1.106689
1752677956592,-0.304710,0.299010,1.186319
1752677956599,-0.314898,0.312589,1.258374
1752677956606,-0.324116,0.324876,1.323575
1752677956617,-0.332458,0.335995,1.382574
1752677956623,-0.340006,0.346055,1.435960
1752677956635,-0.346836,0.355159,1.484268
1752677956644,-0.353017,0.363397,1.527981
1752677956651,-0.358609,0.370851,1.567535
1752677956660,-0.363670,0.377596,1.603327
1752677956676,-0.368249,0.383700,1.635714
1752677956681,-0.372392,0.389223,1.665021
1752677956685,-0.376142,0.394220,1.691539
1752677956703,-0.379534,0.398742,1.715535
1752677956706,-0.382604,0.402834,1.737249
1752677956714,-0.385382,0.406537,1.756896
1752677956734,-0.387896,0.409888,1.774675
1752677956741,-0.386785,0.405239,1.767792
1752677956751,-0.389165,0.408713,1.784534
1752677956770,-0.391319,0.411856,1.799684
1752677956771,-0.393268,0.414701,1.813393
1752677956781,-0.395031,0.417275,1.825798
1752677956801,-0.396627,0.419604,1.837022
1752677956802,-0.408191,0.434822,1.903141
1752677956804,-0.418654,0.448593,1.962971
1752677956815,-0.423233,0.457843,1.996008
1752677956831,-0.427377,0.466213,2.025902
1752677956836,-0.431127,0.473787,2.052952
1752677956981,-0.554484,0.606015,2.649284
1752677957020,-0.649875,0.699607,3.081661
1752677957064,-0.701920,0.746529,3.300817
1752677957075,-0.749014,0.788987,3.499126
1752677957085,-0.791628,0.827407,3.678571
1752677957096,-0.830188,0.862171,3.840946
1752677957105,-0.865081,0.893629,3.987875
1752677957114,-0.896654,0.922095,4.120828
1752677957123,-0.925224,0.947852,4.241134
1752677957131,-0.951076,0.971160,4.349995
1752677957139,-0.974469,0.992250,4.448501
1752677957146,-0.995637,1.011334,4.537637
1752677957156,-1.014791,1.028603,4.618293
1752677957172,-1.032123,1.044229,4.691278
1752677957177,-1.047806,1.058369,4.757319
1752677957183,-1.061998,1.071163,4.817079
1752677957200,-1.074839,1.082741,4.871153
1752677957204,-1.136790,1.159514,5.207470
1752677957216,-1.142517,1.162687,5.224409
1752677957238,-1.147699,1.165558,5.239737
1752677957238,-1.186660,1.205923,5.425697
1752677957247,-1.187643,1.204682,5.421877
1752677957267,-1.188533,1.203558,5.418421
1752677957268,-1.189337,1.202542,5.415293
1752677957281,-1.155586,1.163031,5.236460
1752677957303,-1.125045,1.127278,5.074638
1752677957304,-1.097409,1.094926,4.928210
1752677957312,-1.072402,1.065652,4.795711
1752677957334,-1.049774,1.039162,4.675816
1752677957335,-1.029298,1.015192,4.567326
1752677957345,-1.010771,0.993503,4.469155
1752677957363,-0.994005,0.973876,4.380323
1752677957368,-0.978835,0.956117,4.299942
1752677957378,-0.965107,0.940047,4.227207
1752677957396,-0.952685,0.925505,4.161390
1752677957560,-0.893071,0.864021,3.890014
1752677957596,-0.847410,0.817343,3.682824
1752677957629,-0.819812,0.791153,3.564896
1752677957639,-0.787941,0.763262,3.429849
1752677957649,-0.759101,0.738025,3.307649
1752677957659,-0.733005,0.715189,3.197073
1752677957668,-0.709392,0.694524,3.097016
1752677957677,-0.688024,0.675826,3.006476
1752677957685,-0.668689,0.658906,2.924550
1752677957694,-0.651194,0.643596,2.850416
1752677957704,-0.635362,0.629742,2.783334
1752677957721,-0.621037,0.617206,2.722634
1752677957729,-0.608074,0.605862,2.667707
1752677957745,-0.596345,0.595598,2.618006
1752677957755,-0.585731,0.586310,2.573032
1752677957765,-0.576127,0.577905,2.532337
1752677957774,-0.567436,0.570300,2.495512
1752677957779,-0.559572,0.563418,2.462191
1752677957785,-0.552456,0.557191,2.432039
1752677957804,-0.546017,0.551556,2.404755
1752677957807,-0.528794,0.527363,2.316198
1752677957822,-0.524606,0.524566,2.299933
1752677957834,-0.520817,0.522034,2.285216
1752677957844,-0.510567,0.507888,2.230682
1752677957852,-0.508112,0.506943,2.222553
1752677957866,-0.505892,0.506088,2.215197
1752677957878,-0.510780,0.509506,2.236877
1752677957878,-0.515204,0.512599,2.256495
1752677957905,-0.519207,0.515397,2.274246
1752677957907,-0.524185,0.526708,2.305940
1752677957914,-0.528690,0.536943,2.334618
1752677957936,-0.532767,0.546205,2.360569
1752677957996,-0.539267,0.564336,2.403888
1752677958338,-0.505726,0.536900,2.266744
1752677958372,-0.474979,0.509307,2.136647
1752677958381,-0.449420,0.485602,2.029814
1752677958391,-0.426293,0.464152,1.933144
1752677958405,-0.405366,0.444742,1.845670
1752677958414,-0.386430,0.427179,1.766517
1752677958423,-0.369294,0.411286,1.694893
1752677958436,-0.353789,0.396905,1.630083
1752677958443,-0.339759,0.383893,1.571437
1752677958450,-0.327063,0.372117,1.518370
1752677958458,-0.315575,0.361463,1.470351
1752677958464,-0.305180,0.351821,1.426900
1752677958470,-0.295774,0.343097,1.387583
1752677958476,-0.287262,0.335203,1.352005
1752677958485,-0.279560,0.328059,1.319812
1752677958502,-0.272591,0.321595,1.290681
1752677958507,-0.266285,0.315746,1.264321
1752677958516,-0.260578,0.310454,1.240469
1752677958537,-0.255415,0.305665,1.218885
1752677958542,-0.250742,0.301331,1.199355
1752677958548,-0.246514,0.297410,1.181682
1752677958570,-0.239431,0.294651,1.154719
1752677958573,-0.233022,0.292155,1.130321
1752677958578,-0.228612,0.290610,1.114325
1752677958599,-0.224623,0.289212,1.099851
1752677958604,-0.221012,0.287946,1.086753
1752677958621,-0.219612,0.285298,1.079792
1752677958636,-0.218346,0.282902,1.073493
1752677958645,-0.217199,0.280734,1.067793
1752677958648,-0.216162,0.278772,1.062635
1752677958664,-0.215224,0.276996,1.057968
1752677958683,-0.213532,0.274924,1.052828
1752677958683,-0.211714,0.269736,1.039408
1752677958699,-0.210070,0.265040,1.027264
1752677958709,-0.208868,0.264106,1.025045
1752677958724,-0.207781,0.263260,1.023036
1752677958737,-0.206798,0.262494,1.021219
1752677958746,-0.205908,0.261802,1.019575
1752677958755,-0.205102,0.261175,1.018086
1752677958771,-0.204373,0.260608,1.016740
1752677958778,-0.203714,0.260095,1.015522
1752677958784,-0.203117,0.259631,1.014419
1752677958803,-0.202577,0.259210,1.013421
1752677958810,-0.202089,0.258830,1.012519
1752677958817,-0.201646,0.258486,1.011702
1752677958836,-0.201246,0.258175,1.010962
1752677958843,-0.200884,0.257893,1.010294
1752677958851,-0.200557,0.257638,1.009688
1752677958867,-0.200260,0.257408,1.009141
1752677958875,-0.199992,0.257199,1.008645
1752677958882,-0.199749,0.257010,1.008197
1752677958906,-0.199530,0.256839,1.007791
1752677958910,-0.199331,0.256685,1.007424
1752677958912,-0.199151,0.256545,1.007092
1752677958934,-0.198988,0.256418,1.006791
1752677958934,-0.200948,0.257456,1.016758
1752677958947,-0.200614,0.257242,1.015538
1752677958970,-0.202236,0.262010,1.029266
1752677958972,-0.203704,0.266325,1.041688
1752677958978,-0.205032,0.270229,1.052929
1752677958999,-0.206234,0.273762,1.063100
1752677959317,-0.214844,0.281834,1.091301
1752677959385,-0.228230,0.286544,1.131678
1752677959395,-0.240344,0.290806,1.168215
1752677959405,-0.251305,0.294663,1.201276
1752677959414,-0.261223,0.298152,1.231192
1752677959424,-0.270198,0.301310,1.258262
1752677959433,-0.278319,0.304167,1.282757
1752677959442,-0.285668,0.306753,1.304923
1752677959450,-0.292317,0.309092,1.324979
1752677959458,-0.298334,0.311209,1.343128
1752677959465,-0.303779,0.313125,1.359550
1752677959478,-0.308706,0.314859,1.374411
1752677959484,-0.313164,0.316427,1.387857
1752677959491,-0.317198,0.317846,1.400025
1752677959506,-0.320848,0.319131,1.411035
1752677959510,-0.324151,0.320293,1.420998
1752677959516,-0.327140,0.321344,1.430013
1752677959534,-0.329845,0.322296,1.438170
1752677959534,-0.326696,0.325752,1.430692
1752677959545,-0.323847,0.328879,1.423926
1752677959561,-0.321268,0.331708,1.417803
1752677959571,-0.324531,0.331674,1.427122
1752677959579,-0.327484,0.331643,1.435554
1752677959596,-0.330156,0.331615,1.443185
1752677959760,-0.326010,0.328524,1.428602
1752677959827,-0.323298,0.331710,1.424771
1752677959843,-0.320844,0.334592,1.421304
1752677959860,-0.318623,0.337201,1.418168
1752677959869,-0.316614,0.339562,1.415329
1752677959885,-0.314796,0.341698,1.412761
1752677959894,-0.313150,0.343631,1.410436
1752677959907,-0.311662,0.345380,1.408333
1752677959914,-0.310314,0.346962,1.406430
1752677959921,-0.309095,0.348394,1.404708
1752677959929,-0.307992,0.349690,1.403150
1752677959941,-0.306994,0.350863,1.401740
1752677959949,-0.306091,0.351924,1.400464
1752677959955,-0.305274,0.352884,1.399310
1752677959970,-0.304534,0.353752,1.398265
1752677959974,-0.303865,0.354539,1.397320
1752677959981,-0.303260,0.355250,1.396464
1752677960004,-0.302712,0.355894,1.395690
1752677960006,-0.301176,0.350493,1.385626
1752677960017,-0.300827,0.351589,1.385883
1752677960033,-0.300510,0.352581,1.386116
1752677960043,-0.300224,0.353478,1.386326
1752677960049,-0.299965,0.354291,1.386516
1752677960068,-0.299730,0.355026,1.386689
1752677960370,-0.297590,0.352786,1.371705
1752677960385,-0.295653,0.350760,1.358147
1752677960395,-0.293900,0.348927,1.345879
1752677960410,-0.292314,0.347268,1.334778
1752677960425,-0.290879,0.345767,1.324733
1752677960434,-0.289580,0.344408,1.315643
1752677960447,-0.288405,0.343179,1.307418
1752677960456,-0.287342,0.342067,1.299975
1752677960463,-0.286380,0.341060,1.293241
1752677960474,-0.285509,0.340150,1.287147
1752677960481,-0.284721,0.339326,1.281632
1752677960487,-0.284008,0.338580,1.276643
1752677960494,-0.283363,0.337905,1.272127
1752677960499,-0.282780,0.337295,1.268042
1752677960513,-0.282251,0.336742,1.264345
1752677960517,-0.281773,0.336242,1.261000
1752677960522,-0.281341,0.335790,1.257972
1752677960532,-0.280950,0.335380,1.255233
1752677960537,-0.282430,0.341253,1.266442
1752677960547,-0.281935,0.340324,1.262897
1752677960564,-0.281487,0.339483,1.259690
1752677960577,-0.281082,0.338722,1.256787
1752677960588,-0.280715,0.338034,1.254161
1752677960613,-0.280384,0.337411,1.251784
1752677960614,-0.280083,0.336848,1.249634
1752677960845,-0.281231,0.331527,1.246062
1752677960892,-0.284649,0.334734,1.261467
1752677960903,-0.287741,0.337637,1.275407
1752677960912,-0.290540,0.340263,1.288021
1752677960922,-0.293072,0.342640,1.299435
1752677960931,-0.295364,0.344791,1.309763
1752677960939,-0.297437,0.346737,1.319109
1752677960947,-0.299314,0.348497,1.327566
1752677960956,-0.301011,0.350091,1.335218
1752677960963,-0.302548,0.351533,1.342142
1752677960973,-0.303938,0.352837,1.348408
1752677960981,-0.305196,0.354018,1.354078
1752677960991,-0.306334,0.355086,1.359208
1752677960998,-0.307364,0.356053,1.363850
1752677961010,-0.308296,0.356927,1.368051
1752677961018,-0.309139,0.357719,1.371852
1752677961025,-0.309902,0.358435,1.375292
1752677961036,-0.310593,0.359083,1.378404
1752677961040,-0.311218,0.359669,1.381220
1752677961051,-0.311783,0.360200,1.383769
1752677961067,-0.312295,0.360680,1.386075
1752677961079,-0.310378,0.353092,1.369524
1752677961082,-0.311023,0.354248,1.373185
1752677961097,-0.311607,0.355295,1.376498
1752677961102,-0.312136,0.356241,1.379496
1752677961113,-0.312614,0.357098,1.382208
1752677961135,-0.313046,0.357873,1.384663
1752677961136,-0.313438,0.358575,1.386883
1752677961353,-0.326304,0.375643,1.450372
1752677961391,-0.329003,0.378071,1.460419
1752677961402,-0.331445,0.380269,1.469510
1752677961411,-0.333655,0.382257,1.477737
1752677961421,-0.335655,0.384056,1.485180
1752677961430,-0.337465,0.385684,1.491916
1752677961438,-0.339102,0.387158,1.498011
1752677961447,-0.340584,0.388491,1.503527
1752677961457,-0.341924,0.389697,1.508517
1752677961465,-0.343138,0.390788,1.513033
1752677961473,-0.344235,0.391776,1.517119
1752677961480,-0.345229,0.392670,1.520817
1752677961487,-0.346128,0.393479,1.524163
1752677961503,-0.346941,0.394210,1.527190
1752677961512,-0.347677,0.394873,1.529930
1752677961518,-0.348343,0.395472,1.532409
1752677961536,-0.348945,0.396014,1.534652
1752677961540,-0.349491,0.396505,1.536682
1752677961547,-0.349984,0.396949,1.538518
1752677961570,-0.350431,0.397350,1.540180
1752677961573,-0.350835,0.397714,1.541684
1752677961578,-0.351200,0.398043,1.543045
1752677961599,-0.351531,0.398340,1.544277
1752677961601,-0.351830,0.398610,1.545391
1752677961906,-0.347502,0.388143,1.521902
1752677961949,-0.345516,0.387061,1.516860
1752677961964,-0.343720,0.386082,1.512297
1752677961974,-0.342095,0.385196,1.508168
1752677961983,-0.340624,0.384394,1.504432
1752677961993,-0.339293,0.383669,1.501051
1752677962002,-0.338089,0.383012,1.497992
1752677962012,-0.336999,0.382418,1.495224
1752677962021,-0.336013,0.381881,1.492719
1752677962035,-0.335121,0.381394,1.490452
1752677962043,-0.334313,0.380954,1.488401
1752677962055,-0.333583,0.380556,1.486545
1752677962062,-0.332922,0.380196,1.484866
1752677962069,-0.332324,0.379870,1.483347
1752677962077,-0.331782,0.379574,1.481972
1752677962083,-0.331293,0.379307,1.480727
1752677962090,-0.330849,0.379066,1.479601
1752677962103,-0.330448,0.378847,1.478583
1752677962110,-0.330085,0.378649,1.477661
1752677962115,-0.329757,0.378470,1.476827
1752677962134,-0.329460,0.378308,1.476072
1752677962140,-0.329191,0.378162,1.475389
1752677962147,-0.328948,0.378029,1.474771
1752677962166,-0.328727,0.377909,1.474211
1752677962172,-0.328528,0.377801,1.473705
1752677962180,-0.328348,0.377702,1.473247
1752677962203,-0.328185,0.377613,1.472833
1752677962205,-0.328037,0.377533,1.472458
1752677962218,-0.327904,0.377460,1.472119
1752677962235,-0.327783,0.377394,1.471812
1752677962254,-0.332922,0.390561,1.504370
1752677962265,-0.337573,0.402474,1.533831
1752677962586,-0.343310,0.411216,1.558671
1752677962596,-0.348502,0.419126,1.581147
1752677962646,-0.347791,0.413678,1.569589
1752677962656,-0.347148,0.408748,1.559131
1752677962666,-0.346566,0.404287,1.549667
1752677962676,-0.346039,0.400250,1.541104
1752677962685,-0.345562,0.396598,1.533355
1752677962694,-0.345131,0.393293,1.526343
1752677962703,-0.344741,0.390302,1.519999
1752677962715,-0.344388,0.387596,1.514258
1752677962722,-0.344068,0.385147,1.509063
1752677962729,-0.343779,0.382931,1.504362
1752677962745,-0.343518,0.380926,1.500108
1752677962753,-0.343281,0.379112,1.496259
1752677962760,-0.343067,0.377470,1.492776
1752677962772,-0.342873,0.375985,1.489625
1752677962782,-0.342697,0.374640,1.486773
1752677962788,-0.342539,0.373424,1.484192
1752677962800,-0.342395,0.372323,1.481857
1752677962801,-0.352540,0.398602,1.547384
1752677962815,-0.351445,0.395107,1.539037
1752677962834,-0.350454,0.391943,1.531485
1752677962841,-0.349558,0.389081,1.524651
1752677962847,-0.348747,0.386491,1.518468
1752677962866,-0.348012,0.384147,1.512872
1752677962867,-0.352757,0.394632,1.539705
1752677962878,-0.351641,0.391514,1.532089
1752677962898,-0.350632,0.388692,1.525198
1752677962900,-0.349718,0.386139,1.518962
1752677962910,-0.348892,0.383829,1.513320
1752677962928,-0.348144,0.381739,1.508214
1752677962948,-0.345336,0.372583,1.489158
1752677962965,-0.342795,0.364298,1.471914
1752677962980,-0.332439,0.349447,1.422591
1752677963050,-0.324970,0.341120,1.397066
1752677963060,-0.318211,0.333586,1.373969
1752677963106,-0.312937,0.333815,1.367206
1752677963118,-0.308165,0.334021,1.361086
1752677963127,-0.303847,0.334209,1.355549
1752677963137,-0.299940,0.334378,1.350538
1752677963145,-0.296404,0.334531,1.346003
1752677963155,-0.293205,0.334670,1.341900
1752677963163,-0.290310,0.334796,1.338188
1752677963176,-0.287690,0.334909,1.334828
1752677963186,-0.285320,0.335012,1.331788
1752677963193,-0.283175,0.335105,1.329037
1752677963203,-0.281234,0.335189,1.326548
1752677963209,-0.279477,0.335265,1.324296
1752677963216,-0.277888,0.335334,1.322258
1752677963236,-0.276450,0.335397,1.320414
1752677963241,-0.275149,0.335453,1.318745
1752677963250,-0.273971,0.335504,1.317235
1752677963269,-0.272906,0.335550,1.315868
1752677963274,-0.271942,0.335592,1.314632
1752677963285,-0.271070,0.335630,1.313513
1752677963300,-0.270280,0.335664,1.312501
1752677963304,-0.268724,0.328649,1.297449
1752677963310,-0.267315,0.322301,1.283828
1752677963331,-0.266040,0.316556,1.271503
1752677963331,-0.264887,0.311359,1.260350
1752677963342,-0.264686,0.313702,1.264395
1752677963366,-0.264504,0.315822,1.268055
1752677963367,-0.264339,0.317740,1.271367
1752677963380,-0.264190,0.319476,1.274364
1752677963397,-0.264055,0.321047,1.277076
1752677963655,-0.261922,0.322972,1.272236
1752677963701,-0.258442,0.317028,1.251326
1752677963712,-0.255293,0.311650,1.232405
1752677963722,-0.252444,0.306784,1.215284
1752677963737,-0.249865,0.302380,1.199792
1752677963753,-0.247532,0.298395,1.185773
1752677963771,-0.245421,0.294789,1.173088
1752677963781,-0.243511,0.291527,1.161610
1752677963794,-0.241782,0.288574,1.151223
1752677963803,-0.240218,0.285903,1.141825
1752677963815,-0.238803,0.283485,1.133320
1752677963825,-0.237522,0.281298,1.125625
1752677963831,-0.236363,0.279319,1.118661
1752677963841,-0.235314,0.277528,1.112360
1752677963849,-0.234365,0.275907,1.106658
1752677963855,-0.233507,0.274440,1.101499
1752677963864,-0.232730,0.273113,1.096831
1752677963871,-0.232027,0.271913,1.092606
1752677963871,-0.235606,0.290242,1.136565
1752677963877,-0.238844,0.306828,1.176342
1752677963885,-0.237560,0.302420,1.164554
1752677963899,-0.236397,0.298431,1.153888
1752677963905,-0.236895,0.302507,1.160766
1752677963916,-0.235796,0.298511,1.150460
1752677963937,-0.234801,0.294894,1.141134
1752677963939,-0.233901,0.291621,1.132695
1752677963948,-0.233087,0.288660,1.125059
1752677963967,-0.232350,0.285980,1.118150
1752677964047,-0.229379,0.277320,1.094545
1752677964113,-0.224364,0.267590,1.064290
1752677964171,-0.222363,0.265742,1.056386
1752677964183,-0.220553,0.264070,1.049235
1752677964200,-0.218914,0.262556,1.042764
1752677964210,-0.217432,0.261187,1.036908
1752677964221,-0.216090,0.259948,1.031610
1752677964234,-0.214877,0.258827,1.026815
1752677964243,-0.213778,0.257813,1.022476
1752677964252,-0.212784,0.256895,1.018551
1752677964260,-0.211885,0.256064,1.014998
1752677964267,-0.211071,0.255312,1.011784
1752677964278,-0.210335,0.254632,1.008875
1752677964284,-0.209669,0.254017,1.006243
1752677964291,-0.209066,0.253460,1.003862
1752677964306,-0.208520,0.252956,1.001707
1752677964307,-0.203702,0.240550,0.967194
1752677964319,-0.203667,0.241274,0.968527
1752677964335,-0.203635,0.241929,0.969733
1752677964339,-0.201068,0.235566,0.951351
1752677964349,-0.201284,0.236764,0.954191
1752677964364,-0.201478,0.237848,0.956761
1752677964371,-0.201654,0.238829,0.959086
1752677964382,-0.201814,0.239717,0.961191
1752677964396,-0.201958,0.240521,0.963095
1752677964409,-0.205595,0.250368,0.988454
1752677964417,-0.208886,0.259279,1.011401
1752677964429,-0.211864,0.267343,1.032165
1752677964881,-0.228730,0.285863,1.118565
1752677964891,-0.243991,0.302623,1.196746
1752677964900,-0.257801,0.317787,1.267490
1752677964908,-0.270297,0.331510,1.331504
1752677964918,-0.281604,0.343927,1.389429
1752677964925,-0.291836,0.355163,1.441844
1752677964933,-0.301094,0.365330,1.489273
1752677964940,-0.309472,0.374529,1.532190
1752677964947,-0.317053,0.382854,1.571025
1752677964954,-0.323912,0.390387,1.606166
1752677964961,-0.330120,0.397203,1.637964
1752677964970,-0.335736,0.403371,1.666737
1752677964976,-0.340819,0.408952,1.692773
1752677964986,-0.345418,0.414003,1.716332
1752677964991,-0.349579,0.418572,1.737651
1752677965002,-0.353345,0.422708,1.756941
1752677965010,-0.356752,0.426449,1.774396
1752677965017,-0.359835,0.429835,1.790191
1752677965039,-0.362625,0.432899,1.804484
1752677965042,-0.365150,0.435671,1.817417
1752677965053,-0.367434,0.438180,1.829119
1752677965071,-0.369502,0.440450,1.839709
1752677965073,-0.371372,0.442504,1.849291
1752677965078,-0.373065,0.444363,1.857962
1752677965097,-0.374596,0.446045,1.865807
1752677965102,-0.375982,0.447566,1.872907
1752677965114,-0.377236,0.448943,1.879331
1752677965133,-0.378371,0.450190,1.885144
1752677965134,-0.379398,0.451317,1.890404
1752677965135,-0.380327,0.452337,1.895164
1752677965145,-0.381168,0.453261,1.899471
1752677965166,-0.374383,0.441768,1.858129
1752677965171,-0.368244,0.431368,1.820719
1752677965177,-0.362689,0.421957,1.786869
1752677965203,-0.346234,0.398020,1.695465
1752677965206,-0.331344,0.376361,1.612756
1752677965211,-0.317871,0.356761,1.537915
1752677965214,-0.305680,0.339026,1.470194
1752677965230,-0.294648,0.322978,1.408914
1752677965234,-0.284666,0.308457,1.353463
1752677965246,-0.268489,0.288484,1.272801
1752677965295,-0.258843,0.273133,1.215281
1752677965296,-0.250113,0.259242,1.163232
1752677965298,-0.242215,0.246672,1.116135
1752677965317,-0.240782,0.245789,1.128416
1752677965330,-0.239485,0.244990,1.139529
1752677965343,-0.238312,0.244266,1.149585
1752677965354,-0.237250,0.243612,1.158684
1752677965366,-0.236290,0.243020,1.166918
1752677965377,-0.235421,0.242484,1.174369
1752677965388,-0.234634,0.241999,1.181110
1752677965399,-0.233922,0.241561,1.187211
1752677965409,-0.233278,0.241164,1.192731
1752677965420,-0.232696,0.240804,1.197726
1752677965430,-0.232168,0.240479,1.202246
1752677965438,-0.231691,0.240185,1.206336
1752677965447,-0.231259,0.239919,1.210037
1752677965454,-0.230869,0.239678,1.213386
1752677965461,-0.230515,0.239460,1.216416
1752677965471,-0.230195,0.239263,1.219158
1752677965478,-0.229906,0.239085,1.221639
1752677965485,-0.229644,0.238923,1.223884
1752677965502,-0.229407,0.238777,1.225916
1752677965507,-0.229192,0.238645,1.227754
1752677965513,-0.228998,0.238525,1.229418
1752677965534,-0.228823,0.238417,1.230923
1752677965536,-0.217959,0.225107,1.161917
1752677965549,-0.218833,0.226275,1.169843
1752677965565,-0.219624,0.227332,1.177016
1752677965566,-0.220341,0.228289,1.183506
1752677965567,-0.220989,0.229154,1.189378
1752677965576,-0.221575,0.229937,1.194692
1752677965600,-0.222105,0.230646,1.199501
1752677965602,-0.222585,0.231287,1.203852
1752677965614,-0.222593,0.238671,1.216177
1752677965629,-0.222600,0.245352,1.227329
1752677965634,-0.222607,0.251398,1.237421
1752677965644,-0.222613,0.256869,1.246552
1752677965664,-0.222618,0.261819,1.254815
1752677965975,0.465204,-0.445704,-2.038409
1752677965986,1.087596,-1.085923,-5.018365
1752677965996,1.650783,-1.665242,-7.714853
1752677966006,2.160398,-2.189453,-10.154839
1752677966022,2.621535,-2.663799,-12.362720
1752677966031,3.038806,-3.093022,-14.360578
1752677966039,3.416385,-3.481416,-16.168388
1752677966056,3.758047,-3.832864,-17.804232
1752677966064,4.067207,-4.150880,-19.284466
1752677966076,4.346960,-4.438645,-20.623892
1752677966087,4.600100,-4.699037,-21.835905
1752677966093,4.829161,-4.934658,-22.932627
1752677966105,5.036432,-5.147866,-23.925022
1752677966114,5.223987,-5.340793,-24.823017
1752677966123,5.393700,-5.515368,-25.635590
1752677966132,5.547270,-5.673336,-26.370867
1752677966140,5.686231,-5.816278,-27.036200
1752677966147,5.811974,-5.945622,-27.638243
1752677966155,5.925755,-6.062662,-28.183018
1752677966170,6.028713,-6.168569,-28.675970
1752677966173,6.121877,-6.264401,-29.122030
1752677966182,6.206179,-6.351118,-29.525660
1752677966203,6.282461,-6.429585,-29.890894
1752677966206,6.351487,-6.500589,-30.221384
1752677966212,6.413947,-6.564838,-30.520437
1752677966234,6.045474,-6.162260,-28.699892
1752677966236,5.712052,-5.797976,-27.052525
1752677966245,5.350107,-5.394574,-25.243404
1752677966267,5.022593,-5.029545,-23.606377
1752677966270,4.726233,-4.699239,-22.125071
1752677966296,4.458064,-4.400354,-20.784674
1752677966305,4.215405,-4.129900,-19.571781
1752677966331,3.995829,-3.885173,-18.474266
1752677966355,3.670213,-3.553226,-16.920403
1752677966397,3.381639,-3.263509,-15.548424
1752677966455,3.112712,-3.000492,-14.297109
1752677966465,2.869367,-2.762494,-13.164825
1752677966476,2.649170,-2.547136,-12.140250
1752677966489,2.449919,-2.352264,-11.213138
1752677966498,2.269622,-2.175929,-10.374216
1752677966507,2.106476,-2.016368,-9.615097
1752677966516,1.958849,-1.871985,-8.928189
1752677966523,1.825265,-1.741336,-8.306623
1752677966529,1.704388,-1.623116,-7.744184
1752677966536,1.595009,-1.516141,-7.235247
1752677966549,1.496035,-1.419342,-6.774723
1752677966558,1.406476,-1.331751,-6.358006
1752677966567,1.325437,-1.252492,-5.980928
1752677966572,1.252106,-1.180773,-5.639721
1752677966584,1.185751,-1.115876,-5.330971
1752677966601,1.125708,-1.057152,-5.051590
1752677966604,1.071376,-1.004014,-4.798786
1752677966611,1.022213,-0.955931,-4.570030
1752677966637,0.985529,-0.913282,-4.372879
1752677966639,0.952335,-0.874690,-4.194482
1752677966644,0.922298,-0.839770,-4.033055
1752677966666,0.895119,-0.808170,-3.886984
1752677966667,0.870525,-0.779577,-3.754807
1752677966679,0.840468,-0.752844,-3.625360
1752677966701,0.813270,-0.728654,-3.508225
1752677966702,0.788659,-0.706764,-3.402233
1752677966710,0.766389,-0.686957,-3.306324
1752677966729,0.746238,-0.669034,-3.219538
1752677972981,0.698588,-0.628062,-3.008461
1752677973239,0.655472,-0.590988,-2.817463
1752677973261,0.616457,-0.557440,-2.644634
1752677974011,0.512139,-0.455055,-2.191595
1752677974022,0.398962,-0.348321,-1.697581
1752677974031,0.296550,-0.251739,-1.250561
1752677974040,0.203881,-0.164345,-0.846063
1752677974050,0.120026,-0.085265,-0.480043
1752677974059,0.044149,-0.013707,-0.148841
1752677974067,-0.024511,0.051044,0.150856
1752677974079,-0.086640,0.109636,0.422044
1752677974087,-0.142858,0.162654,0.667436
1752677974095,-0.193729,0.210629,0.889484
1752677974101,-0.239761,0.254040,1.090410
1752677974108,-0.281414,0.293322,1.272223
1752677974114,-0.319105,0.328867,1.436741
1752677974136,-0.353210,0.361031,1.585610
1752677974145,-0.384071,0.390135,1.720317
1752677974150,-0.411997,0.416471,1.842210
1752677974162,-0.437266,0.440301,1.952509
1752677974170,-0.460131,0.461865,2.052315
1752677974175,-0.480821,0.481377,2.142627
1752677974189,-0.499544,0.499034,2.224348
1752677974199,-0.516485,0.515010,2.298295
1752677974203,-0.531814,0.529467,2.365208
1752677974213,-0.545686,0.542549,2.425756
1752677974234,-0.539455,0.540298,2.396475
1752677974237,-0.533816,0.538261,2.369979
1752677974245,-0.547497,0.550506,2.430073
1752677974263,-0.559877,0.561587,2.484451
1752677974264,-0.571079,0.571613,2.533656
1752677974814,-0.581349,0.564343,2.581032
1752677974846,-0.635859,0.596708,2.836172
1752677974857,-0.661191,0.611487,2.962008
1752677974866,-0.684113,0.624860,3.075873
1752677974879,-0.704855,0.636961,3.178907
1752677974890,-0.789958,0.711420,3.589981
1752677974900,-0.866965,0.778796,3.961952
1752677974910,-0.936647,0.839763,4.298539
1752677974920,-0.955210,0.860862,4.397540
1752677974930,-0.972007,0.879954,4.487123
1752677974940,-0.987206,0.897229,4.568185
1752677974949,-1.000960,0.912862,4.641536
1752677974958,-1.013405,0.927007,4.707909
1752677974970,-1.024666,0.939807,4.767969
1752677974978,-1.034856,0.951389,4.822315
1752677974986,-1.044077,0.961869,4.871491
1752677974993,-1.052420,0.971353,4.915990
1752677975006,-1.059970,0.979934,4.956255
1752677975013,-1.066802,0.987699,4.992691
1752677975018,-1.072984,0.994725,5.025661
1752677975038,-1.078578,1.001083,5.055494
1752677975044,-1.083640,1.006837,5.082489
1752677975048,-1.088220,1.012043,5.106917
1752677975065,-1.092364,1.016753,5.129021
1752677975069,-1.096115,1.021016,5.149022
1752677975078,-1.099508,1.024873,5.167121
1752677975098,-1.102579,1.028363,5.183498
1752677975099,-1.107507,1.016589,5.191079
1752677975108,-1.087973,0.991427,5.092904
1752677975128,-1.070298,0.968658,5.004067
1752677975131,-1.054304,0.948055,4.923682
1752677975142,-1.061675,0.958852,4.963216
1752677975162,-1.112835,1.002692,5.204558
1752677975162,-1.159129,1.042361,5.422943
1752677975175,-1.246440,1.133736,5.850700
1752677975196,-1.325446,1.216419,6.237767
1752677975197,-1.396937,1.291238,6.588014
1752677975208,-1.762372,1.658898,8.365390
1752677975228,-2.093045,1.991584,9.973693
1752677975229,-2.392262,2.292623,11.429007
1752677975244,-2.503833,2.413864,11.978349
1752677975261,-3.252152,3.159860,15.585031
1752677975262,-3.929288,3.834893,18.848627
1752677975275,-4.550158,4.459101,21.858953
1752677975294,-5.111967,5.023931,24.582924
1752677975295,-1.556336,1.381451,6.990625
1752677975297,1.661066,-1.914539,-8.928208
1752677975307,4.572413,-4.896998,-23.332764
1752677975327,7.206819,-7.595751,-36.367088
1752677975328,9.590627,-10.037785,-48.161522
1752677975329,11.747675,-12.247520,-58.834011
1752677975345,12.625090,-13.133626,-63.152706
1752677975360,13.419040,-13.935441,-67.060585
1752677975365,12.475559,-12.921723,-62.260998
1752677975385,11.621827,-12.004436,-57.917969
1752677975400,10.849306,-11.174405,-53.988071
1752677975405,10.150271,-10.423331,-50.432007
1752677975411,9.517733,-9.743703,-47.214211
1752677975417,8.945364,-9.128724,-44.302509
1752677975431,8.586094,-8.750862,-42.485924
1752677975432,8.261000,-8.408944,-40.842140
1752677975446,7.808177,-7.920934,-38.536579
1752677975462,7.398429,-7.479346,-36.450336
1752677975464,7.027659,-7.079764,-34.562546
1752677975467,6.692158,-6.718193,-32.854332
1752677975475,6.388571,-6.391016,-31.308611
1752677975493,6.113863,-6.094961,-29.909927
1752677975499,5.812465,-5.770144,-28.370502
1752677975514,5.523500,-5.455842,-26.887051
1752677975529,5.262024,-5.171438,-25.544712
1752677975532,5.025420,-4.914088,-24.330063
1752677975534,4.870979,-4.720207,-23.475027
1752677975546,4.731229,-4.544769,-22.701328
1752677975571,4.604773,-4.386020,-22.001226
1752677975625,4.433953,-4.167884,-21.054745
1752677975631,4.279382,-3.970498,-20.198296
1752677976064,4.037310,-3.728141,-18.986877
1752677976074,3.818264,-3.508838,-17.890696
1752677976084,3.620055,-3.310396,-16.898788
1752677976096,3.440701,-3.130831,-16.001236
1752677976105,3.278407,-2.968348,-15.189064
1752677976113,3.131552,-2.821320,-14.454149
1752677976121,2.998667,-2.688278,-13.789144
1752677976132,2.878422,-2.567893,-13.187396
1752677976140,2.769615,-2.458958,-12.642890
1752677976149,2.671159,-2.360386,-12.150180
1752677976163,2.582068,-2.271191,-11.704339
1752677976177,2.501452,-2.190480,-11.300909
1752677976194,2.428505,-2.117447,-10.935855
1752677976200,2.362497,-2.051362,-10.605527
1752677976205,2.302768,-1.991562,-10.306621
1752677976217,2.248720,-1.937451,-10.036148
1752677976221,2.199814,-1.888488,-9.791404
1752677976232,2.148200,-1.812612,-9.503948
1752677976233,2.101495,-1.743955,-9.243836
1752677976250,2.066594,-1.713398,-9.074461
1752677976267,2.035012,-1.685747,-8.921198
1752677976268,2.006435,-1.660727,-8.782514
1752677976281,1.980576,-1.638087,-8.657022
1752677976296,1.957177,-1.617600,-8.543467
1752677976297,1.936004,-1.599062,-8.440714
1752677976312,1.916845,-1.582288,-8.347735
1752677976331,1.899508,-1.567109,-8.263601
1752677976331,1.883821,-1.553374,-8.187470
1752677976345,1.872291,-1.557625,-8.161988
1752677976361,1.861858,-1.561471,-8.138929
1752677976381,2.550565,-2.198740,-11.273201
1752677976394,3.173760,-2.775389,-14.109325
1752677976407,3.737673,-3.297184,-16.675663
1752677976415,4.247944,-3.769344,-18.997879
1752677976427,4.709675,-4.196589,-21.099194
1752677976435,5.127484,-4.583193,-23.000622
1752677976442,5.505549,-4.933021,-24.721176
1752677976451,5.847651,-5.249572,-26.278063
1752677976467,6.157210,-5.536011,-27.686852
1752677976477,6.437323,-5.795202,-28.961628
1752677976485,6.690790,-6.029738,-30.115141
1752677976502,6.920146,-6.241963,-31.158926
1752677976506,7.127685,-6.434001,-32.103420
1752677976511,7.315481,-6.607771,-32.958073
1752677976532,7.485413,-6.765011,-33.731426
1752677976534,7.639181,-6.907294,-34.431213
1752677976544,7.778321,-7.036042,-35.064434
1752677976563,7.904225,-7.152543,-35.637421
1752677976564,7.847929,-7.142545,-35.442238
1752677976575,7.967212,-7.248915,-35.979282
1752677976595,8.075148,-7.345167,-36.465240
1752677976601,-185.292725,173.582916,841.422119
1752677976618,-166.478607,156.047668,756.115540
1752677976630,-149.454193,140.180450,678.923767
1752677976630,-134.049225,125.822609,609.074829
1752677976644,-91.955872,90.062752,423.594391
1752677976663,-53.866650,57.704548,255.757782
1752677976665,-19.400661,28.424419,103.886612
1752677976678,11.786753,1.929560,-33.537827
1752677977236,10.180351,1.945676,-28.550074
1752677977260,8.726759,1.960259,-24.036781
1752677977261,7.411439,1.973455,-19.952816
1752677977343,6.817558,1.719584,-18.498970
1752677977364,6.280170,1.489862,-17.183422
1752677979696,5.698921,1.325430,-15.645447
1752677979961,5.172964,1.176640,-14.253771
1752677980610,4.854200,0.872132,-13.790986
1752677980614,4.565759,0.596590,-13.372224
1752677980632,4.304756,0.347259,-12.993297
1752677980636,4.068581,0.121646,-12.650414
1752677980644,3.854872,-0.082506,-12.340149
1752677980648,3.661492,-0.267238,-12.059398
1752677980663,3.486507,-0.434397,-11.805352
1752677980667,3.328168,-0.585656,-11.575473
1752677980673,3.184891,-0.722526,-11.367461
1752677980678,3.055243,-0.846376,-11.179236
1752677980697,2.937927,-0.958445,-11.008917
1752677980700,2.831772,-1.059853,-10.854798
1752677980704,2.735714,-1.151615,-10.715341
1752677980710,2.648794,-1.234648,-10.589149
1752677980728,2.570142,-1.309783,-10.474960
1752677980732,2.498972,-1.377770,-10.371634
1752677980742,2.434572,-1.439290,-10.278137
1752677980762,2.376298,-1.494958,-10.193534
1752677980764,2.323567,-1.545331,-10.116979
1752677980774,2.275852,-1.590912,-10.047706
1752677980793,2.232676,-1.632157,-9.985023
1752677980793,2.193608,-1.669478,-9.928302
1752677980795,2.158255,-1.703250,-9.876977
1752677980806,2.126266,-1.733809,-9.830534
1752677980826,2.097320,-1.761461,-9.788509
1752677980827,2.071127,-1.786482,-9.750483
1752677980840,2.047425,-1.809124,-9.716073
1752677980925,1.683322,-1.499950,-8.032727
1752677980927,1.353855,-1.220187,-6.509509
1752677980952,1.154574,-1.055995,-5.594472
1752677981172,0.960530,-0.882036,-4.671165
1752677981183,0.784944,-0.724625,-3.835688
1752677981206,0.610475,-0.560395,-2.985331
1752677981223,0.452603,-0.411788,-2.215864
1752677981239,0.309748,-0.277317,-1.519592
1752677981251,0.180482,-0.155638,-0.889553
1752677981262,0.063512,-0.045533,-0.319447
1752677981273,-0.042330,0.054098,0.196428
1752677981282,-0.138105,0.144251,0.663231
1752677981290,-0.224769,0.225829,1.085629
1752677981298,-0.303189,0.299646,1.467847
1752677981313,-0.374149,0.366442,1.813706
1752677981323,-0.438359,0.426884,2.126665
1752677981330,-0.496462,0.481576,2.409854
1752677981331,-0.518791,0.478617,2.480897
1752677981341,-0.538996,0.475939,2.545183
1752677981350,-0.587525,0.525965,2.788560
1752677981367,-0.631438,0.571232,3.008787
1752677981371,-0.671174,0.612193,3.208064
1752677981379,-0.707129,0.649258,3.388385
1752677981398,-0.739665,0.682797,3.551553
1752677981399,-0.753520,0.691353,3.604844
1752677981408,-0.766057,0.699096,3.653067
1752677981434,-0.777401,0.706102,3.696702
1752677981435,-0.803252,0.734234,3.830541
1752677981450,-0.785819,0.736121,3.808261
1752677981464,-0.770044,0.737828,3.788100
1752677981475,-0.755770,0.739374,3.769856
1752677981479,-0.742854,0.740772,3.753349
1752677981496,-0.731166,0.742037,3.738411
1752677981502,-0.720590,0.743182,3.724894
1752677981509,-0.711020,0.744218,3.712663
1752677981529,-0.702361,0.745156,3.701596
1752677981537,-0.694525,0.746004,3.691581
1752677981548,-0.687434,0.746771,3.682520
1752677981570,-0.681018,0.747466,3.674320
1752677981587,-0.709524,0.773452,3.846838
1752677981598,-0.735318,0.796966,4.002945
1752677981608,-0.758659,0.818243,4.144203
1752677981617,-0.779779,0.837496,4.272023
1752677981625,-0.798891,0.854918,4.387685
1752677981636,-0.816184,0.870682,4.492344
1752677981643,-0.831832,0.884947,4.587048
1752677981651,-0.845992,0.897855,4.672742
1752677981667,-0.858805,0.909535,4.750286
1752677981673,-0.870399,0.920104,4.820453
1752677981679,-0.880890,0.929668,4.883945
1752677981698,-0.890383,0.938322,4.941398
1752677981706,-0.898973,0.946152,4.993385
1752677981711,-0.906746,0.953238,5.040427
1752677981729,-0.913779,0.959650,5.082994
1752677981733,-0.920144,0.965452,5.121512
1752677981741,-0.925903,0.970702,5.156366
1752677981758,-0.909635,0.962175,5.093498
1752677981759,-0.894915,0.954460,5.036611
1752677981776,-0.903074,0.960755,5.079541
1752677981799,-0.903124,0.962511,5.087928
1752677981806,-0.903170,0.964100,5.095518
1752677981811,-0.910544,0.969479,5.132845
1752677981831,-0.917216,0.974346,5.166621
1752677981832,-0.907298,0.960040,5.098433
1752677981847,-0.901409,0.948440,5.048577
1752677981861,-0.896080,0.937943,5.003465
1752677981862,-0.881293,0.913834,4.894556
1752677981879,-0.867913,0.892018,4.796008
1752677981893,-0.855805,0.872278,4.706833
1752677981894,-0.844850,0.854415,4.626142
1752677981908,-0.849919,0.847553,4.624380
1752677982318,-0.929811,0.898290,5.095816
1752677982328,-0.972874,0.923589,5.360648
1752677982338,-1.011840,0.946481,5.600287
1752677982350,-1.047100,0.967195,5.817132
1752677982359,-1.079005,0.985939,6.013349
1752677982368,-1.107875,1.002900,6.190900
1752677982377,-1.134000,1.018248,6.351562
1752677982389,-1.157639,1.032135,6.496942
1752677982397,-1.179029,1.044702,6.628491
1752677982403,-1.198385,1.056073,6.747528
1752677982415,-1.215899,1.066363,6.855240
1752677982424,-1.231748,1.075673,6.952707
1752677982459,-1.246089,1.084098,7.040903
1752677982465,-1.259065,1.091722,7.120708
1752677982470,-1.270807,1.098620,7.192923
1752677982475,-1.281433,1.104863,7.258267
1752677982481,-1.291047,1.110511,7.317396
1752677982485,-1.299747,1.115622,7.370901
1752677982499,-1.307620,1.120247,7.419315
1752677982501,-1.314743,1.124432,7.463125
1752677982508,-1.321189,1.128219,7.502767
1752677982527,-1.327022,1.131646,7.538638
1752677982532,-1.361530,1.155358,7.732855
1752677982540,-1.392755,1.176815,7.908597
1752677982560,-1.421010,1.196230,8.067622
1752677982561,-1.446577,1.213799,8.211520
1752677982574,-1.440482,1.209085,8.179971
1752677982594,-1.434967,1.204819,8.151423
1752677982597,-1.429977,1.200959,8.125590
1752677982650,-1.401426,1.195333,8.026362
1752677982661,-1.375592,1.190242,7.936574
1752677982715,-2.105968,2.151577,13.471537
1752677985035,-1.890947,1.930238,12.092499
1752677985064,-1.696318,1.729648,10.843976
1752677985072,-1.520203,1.548139,9.714219
1752677985101,-1.360840,1.383896,8.691931
1752677985133,-1.216637,1.235277,7.766887
1752677985160,-1.086152,1.100795,6.929838
1752677985177,-0.968079,0.979106,6.172413
1752677985182,-0.861237,0.868993,5.487039
1752677985199,-0.764559,0.769354,4.866860
1752677985210,-0.677077,0.679193,4.305676
1752677985227,-0.597917,0.597608,3.797874
1752677985242,-0.526287,0.523785,3.338377
1752677985266,-0.461471,0.456984,2.922590
1752677985274,-0.402820,0.396537,2.546355
1752677985296,-0.349749,0.341840,2.205909
1752677985309,-0.301726,0.292347,1.897847
1752677985328,-0.258271,0.247561,1.619090
1752677985341,-0.218950,0.207036,1.366850
1752677991662,-0.176275,0.151724,1.117683
1752677991672,-0.137659,0.101673,0.892218
1752677991682,-0.102717,0.056384,0.688200
1752677991695,-0.071098,0.015402,0.503590
1752677991704,-0.042488,-0.021681,0.336540
1752677991713,-0.016598,-0.055236,0.185382
1752677991730,0.006828,-0.085599,0.048602
1752677991737,0.028026,-0.113075,-0.075167
1752677991744,0.047208,-0.137936,-0.187162
1752677991761,0.064565,-0.160433,-0.288504
1752677991777,0.080270,-0.180789,-0.380205
1752677991792,0.094482,-0.199210,-0.463184
1752677991797,0.107342,-0.215878,-0.538269
1752677991811,0.118979,-0.230960,-0.606212
1752677991824,0.129508,-0.244608,-0.667691
1752677991828,0.139036,-0.256957,-0.723323
1752677991841,0.147658,-0.268132,-0.773662
1752677991862,0.155460,-0.278244,-0.819213
1752677991864,0.162519,-0.287394,-0.860431
1752677991874,0.168907,-0.295673,-0.897728
1752677991891,0.174687,-0.303165,-0.931477
1752677991893,0.179918,-0.309944,-0.962016
1752677991905,0.184651,-0.316079,-0.989650
1752677991925,0.188933,-0.321629,-1.014655
1752677991926,0.192809,-0.326652,-1.037281
1752677991939,0.196071,-0.330566,-1.056620
1752677992769,0.188092,-0.290805,-1.017074
1752677992779,0.180873,-0.254826,-0.981290
1752677992787,0.174340,-0.222270,-0.948910
1752677992797,0.168429,-0.192811,-0.919610
1752677992805,0.163080,-0.166155,-0.893097
1752677992813,0.158240,-0.142034,-0.869106
1752677992850,0.153861,-0.120207,-0.847398
1752677992862,0.149898,-0.100457,-0.827754
1752677992871,0.146312,-0.082585,-0.809979
1752677992913,0.143067,-0.066414,-0.793895
1752677992918,0.140130,-0.051780,-0.779341
1752677992931,0.137473,-0.038539,-0.766171
1752677992938,0.135069,-0.026558,-0.754254
1752677992944,0.132894,-0.015716,-0.743471
1752677992961,0.130925,-0.005905,-0.733713
1752677992965,0.129144,0.002972,-0.724884
1752677992973,0.127532,0.011005,-0.716895
1752677993016,0.126073,0.018274,-0.709665
1752677993025,0.124754,0.024851,-0.703123
1752677993039,0.123559,0.030803,-0.697204
1752677993739,0.122357,0.036482,-0.692681
1752677993750,0.121269,0.041622,-0.688589
1752677993761,0.120284,0.046272,-0.684886
1752677993771,0.119393,0.050480,-0.681536
1752677993782,0.118587,0.054288,-0.678504
1752677993790,0.117858,0.057733,-0.675760
1752677993798,0.117198,0.060851,-0.673278
1752677993807,0.116600,0.063672,-0.671032
1752677993814,0.116060,0.066225,-0.668999
1752677993831,0.115571,0.068535,-0.667159
1752677993838,0.115128,0.070625,-0.665495
1752677993844,0.114728,0.072516,-0.663989
1752677993862,0.114365,0.074228,-0.662626
1752677993869,0.114037,0.075776,-0.661393
1752677993877,0.113741,0.077178,-0.660277
1752677993894,0.113472,0.078446,-0.659268
1752677993899,0.113229,0.079593,-0.658354
1752677993910,0.113009,0.080632,-0.657527
1752677993926,0.112810,0.081571,-0.656779
1752677993930,0.112630,0.082421,-0.656102
1752677993940,0.112468,0.083190,-0.655490
1752677993959,0.112320,0.083887,-0.654935
1752677993960,0.112187,0.084516,-0.654434
1752677993972,0.112066,0.085086,-0.653980
1752677993989,0.111957,0.085602,-0.653569
1752677993991,0.111830,0.086121,-0.653359
1752677994005,0.111715,0.086590,-0.653168
1752677994022,0.111611,0.087015,-0.652995
1752677994184,0.033196,0.142260,-0.222406
1752677994184,0.040415,0.137271,-0.263415
1752677994185,0.046948,0.132756,-0.300524
1752677994204,-0.025315,0.183650,0.096537
1752677994215,-0.090705,0.229703,0.455827
1752677994224,-0.149875,0.271375,0.780939
1752677994233,-0.203415,0.309082,1.075125
1752677994241,-0.251863,0.343203,1.341327
1752677994249,-0.295703,0.374078,1.582207
1752677994261,-0.335372,0.402016,1.800172
1752677994270,-0.371267,0.427297,1.997404
1752677994280,-0.403748,0.450173,2.175874
1752677994299,-0.433140,0.470872,2.337367
1752677994304,-0.459735,0.489603,2.483498
1752677994313,-0.483800,0.506552,2.615729
1752677994330,-0.505577,0.521888,2.735381
1752677994335,-0.525282,0.535766,2.843651
1752677994345,-0.543112,0.548324,2.941622
1752677994357,-0.559246,0.559687,3.030273
1752677994369,-0.573846,0.569969,3.110492
1752677994380,-0.587056,0.579273,3.183080
1752677994390,-0.599011,0.587692,3.248763
1752677994395,-0.609827,0.595310,3.308197
1752677994411,-0.619615,0.602203,3.361978
1752677994422,-0.628472,0.608441,3.410643
1752677994425,-0.636487,0.614085,3.454679
1752677994438,-0.643739,0.619193,3.494526
1752677994458,-0.650404,0.634520,3.544727
1752677994460,-0.656436,0.648390,3.590153
1752677994473,-0.661894,0.660940,3.631258
1752677994491,-0.666833,0.672296,3.668452
1752677994492,-0.671302,0.682572,3.702108
1752677994506,-0.675345,0.691870,3.732563
1752677994574,-0.739933,0.763989,4.077643
1752677994587,-0.798377,0.829247,4.389898
1752677994601,-0.851262,0.888298,4.672449
1752677994617,-0.899116,0.941731,4.928123
1752677994627,-0.942417,0.990082,5.159475
1752677994643,-0.981600,1.033833,5.368820
1752677994658,-1.017056,1.073423,5.558251
1752677994668,-1.049138,1.109246,5.729663
1752677994682,-1.078169,1.141662,5.884769
1752677994690,-1.104439,1.170994,6.025121
1752677994698,-1.128209,1.197536,6.152122
1752677994704,-1.149718,1.221554,6.267041
1752677994710,-1.169181,1.243286,6.371029
1752677994717,-1.186793,1.262951,6.465126
1752677994723,-1.202730,1.280746,6.550271
1752677994728,-1.217150,1.296848,6.627316
1752677994733,-1.230199,1.311418,6.697033
1752677994741,-1.242006,1.324602,6.760118
1752677994760,-1.252691,1.336532,6.817203
1752677994764,-1.262359,1.347328,6.868856
1752677994773,-1.271107,1.357096,6.915597
1752677994793,-1.279023,1.365935,6.957891
1752677994794,-1.296649,1.398447,7.079373
1752677994810,-1.302135,1.403353,7.106088
1752677994826,-1.278205,1.381038,6.975978
1752677994827,-1.256551,1.360846,6.858245
1752677994844,-1.225441,1.322402,6.680803
1752677994860,-1.197290,1.287616,6.520240
1752677994861,-1.171817,1.256139,6.374951
1752677994872,-1.148767,1.227656,6.243482
1752677994891,-1.127910,1.201882,6.124519
1752677994896,-1.092624,1.152194,5.908779
1752677994907,-1.060695,1.107232,5.713561
1752677994922,-1.031803,1.066548,5.536913
1752677994926,-1.005659,1.029733,5.377069
1752677994938,-1.003401,1.010663,5.338064
1752677995036,-0.897404,0.923117,4.768684
1752677995054,-0.801489,0.843900,4.253467
1752677995064,-0.714698,0.772217,3.787260
1752677995080,-0.636163,0.707354,3.365400
1752677995096,-0.565099,0.648661,2.983670
1752677995105,-0.500795,0.595551,2.638252
1752677995114,-0.442608,0.547493,2.325692
1752677995123,-0.389956,0.504006,2.042864
1752677995135,-0.342312,0.464656,1.786940
1752677995143,-0.299200,0.429050,1.555361
1752677995151,-0.260190,0.396830,1.345810
1752677995158,-0.224890,0.367675,1.156194
1752677995165,-0.192948,0.341294,0.984614
1752677995171,-0.164045,0.317422,0.829356
1752677995178,-0.137891,0.295821,0.688867
1752677995192,-0.114225,0.276275,0.561742
1752677995199,-0.092810,0.258588,0.446709
1752677995209,-0.073432,0.242583,0.342620
1752677995224,-0.055898,0.228101,0.248431
1752677995232,-0.040031,0.214997,0.163203
1752677995241,-0.025674,0.203139,0.086081
1752677995256,-0.012683,0.192409,0.016296
1752677995261,-0.000927,0.182700,-0.046851
1752677995274,0.009710,0.173914,-0.103991
1752677995290,0.019336,0.165964,-0.155695
1752677995293,0.028011,0.158797,-0.202367
1752677995309,0.035861,0.152312,-0.244600
1752677995378,0.042615,0.146402,-0.283996
1752677995388,0.048727,0.141053,-0.319645
1752677995398,0.054257,0.136214,-0.351902
1752677995408,0.059261,0.131835,-0.381092
1752677995418,0.063789,0.127872,-0.407504
1752677995429,0.067887,0.124286,-0.431404
1752677995438,0.071594,0.121042,-0.453031
1752677995447,0.074949,0.118106,-0.472600
1752677995463,0.077985,0.115449,-0.490308
1752677995471,0.080732,0.113045,-0.506331
1752677995478,0.083218,0.110870,-0.520830
1752677995495,0.085467,0.108902,-0.533950
1752677995502,0.087502,0.107121,-0.545822
1752677995510,0.089344,0.105509,-0.556565
1752677995528,0.091010,0.104051,-0.566285
1752677995533,0.092518,0.102731,-0.575081
1752677995542,0.093883,0.101537,-0.583041
1752677995559,0.095118,0.100456,-0.590243
1752677995562,0.096235,0.099479,-0.596760
1752677995573,0.097246,0.098594,-0.602657
1752677995589,0.098161,0.097793,-0.607993
1752677995595,0.098989,0.097069,-0.612822
1752677995610,0.099738,0.096413,-0.617191
1752677995623,0.100415,0.095820,-0.621145
1752677995625,0.101029,0.095283,-0.624722
1752677995639,0.101584,0.094798,-0.627959
1752677995656,0.102086,0.094358,-0.630889
1752677995656,0.102540,0.093961,-0.633539
1752677995670,0.102952,0.093601,-0.635938
1752677995694,0.065335,0.110425,-0.417565
1752677995703,0.031296,0.125649,-0.219964
1752677995710,0.000496,0.139424,-0.041161
1752677995726,-0.027375,0.151890,0.120634
1752677995732,-0.052594,0.163169,0.267039
1752677995742,-0.075415,0.173376,0.399516
1752677995760,-0.096065,0.182611,0.519392
1752677995763,-0.114750,0.190968,0.627864
1752677995773,-0.131658,0.198531,0.726018
1752677995790,-0.146957,0.205373,0.814836
1752677995793,-0.160802,0.211565,0.895204
1752677995805,-0.173329,0.217168,0.967927
1752677995823,-0.184664,0.222238,1.033733
1752677995823,-0.194922,0.226825,1.093279
1752677995837,-0.204203,0.230977,1.147160
1752677995857,-0.211052,0.238973,1.192865
1752677995859,-0.217248,0.246209,1.234222
1752677995871,-0.222856,0.252756,1.271645
1752677995890,-0.232959,0.267082,1.338659
1752677995892,-0.242101,0.280046,1.399299
1752677995904,-0.250374,0.291776,1.454170
1752677995924,-0.257860,0.302391,1.503821
1752677995926,-0.274339,0.325097,1.606901
1752677995939,-0.289251,0.345644,1.700174
1752677995958,-0.302744,0.364236,1.784575
1752677996070,-0.314820,0.376050,1.848356
1752677996081,-0.325748,0.386740,1.906069
1752677996091,-0.335636,0.396414,1.958292
1752677996106,-0.344584,0.405167,2.005548
1752677996116,-0.352680,0.413087,2.048308
1752677996125,-0.360006,0.420254,2.087001
1752677996135,-0.366635,0.426739,2.122013
1752677996148,-0.372634,0.432608,2.153695
1752677996156,-0.378062,0.437918,2.182363
1752677996164,-0.382974,0.442723,2.208304
1752677996172,-0.387418,0.447071,2.231777
1752677996179,-0.391440,0.451005,2.253017
1752677996199,-0.395079,0.454565,2.272237
1752677996205,-0.398372,0.457786,2.289629
1752677996210,-0.401352,0.460701,2.305366
1752677996231,-0.404048,0.463339,2.319607
1752677996239,-0.406488,0.465726,2.332492
1752677996246,-0.408696,0.467886,2.344152
1752677996263,-0.410693,0.469840,2.354703
1752677996267,-0.412501,0.471608,2.364250
1752677996278,-0.414137,0.473208,2.372889
1752677996292,-0.415617,0.474656,2.380706
1752677996297,-0.416956,0.475967,2.387779
1752677996312,-0.418168,0.477152,2.394180
1752677996324,-0.419265,0.478225,2.399972
1752677996331,-0.420257,0.479196,2.405213
1752677996374,-0.369852,0.442269,2.113836
1752677996390,-0.324242,0.408856,1.850177
1752677996401,-0.282970,0.378620,1.611598
1752677996412,-0.245624,0.351261,1.395715
1752677996422,-0.211831,0.326505,1.200367
1752677996423,-0.244566,0.339874,1.363443
1752677996432,-0.210874,0.316201,1.171165
1752677996449,-0.180386,0.294779,0.997177
1752677996462,-0.152799,0.275395,0.839740
1752677996471,-0.127835,0.257855,0.697279
1752677996479,-0.105247,0.241984,0.568370
1752677996486,-0.084807,0.227622,0.451723
1752677996499,-0.066311,0.214627,0.346172
1752677996511,-0.049575,0.202868,0.250662
1752677996529,-0.034431,0.192227,0.164237
1752677996539,-0.020728,0.182598,0.086033
1752677996547,-0.008328,0.173886,0.015269
1752677996556,0.002893,0.166002,-0.048764
1752677996561,0.013046,0.158868,-0.106706
1752677996575,0.022233,0.152413,-0.159136
1752677996583,0.030546,0.146572,-0.206579
1752677996593,0.038069,0.141286,-0.249509
1752677996597,0.044876,0.136503,-0.288355
1752677996606,0.051035,0.132176,-0.323506
1752677996624,0.056609,0.128259,-0.355313
1752677996628,0.061662,0.125134,-0.384540
1752677996651,0.066235,0.122306,-0.410986
1752677996655,0.070373,0.119748,-0.434917
1752677996667,0.074117,0.117432,-0.456571
1752677996674,0.077505,0.115337,-0.476166
1752677996701,0.080531,0.113330,-0.493679
1752677996711,0.083270,0.111514,-0.509527
1752677996719,0.085748,0.109871,-0.523867
1752677996731,0.087991,0.108384,-0.536843
1752677996740,0.090020,0.107039,-0.548585
1752677996748,0.091856,0.105821,-0.559210
1752677996767,0.093517,0.104720,-0.568824
1752677996774,0.095021,0.103723,-0.577523
1752677996782,0.096381,0.102821,-0.585395
1752677996794,0.097612,0.102005,-0.592519
1752677996800,0.098726,0.101266,-0.598964
1752677996810,0.099734,0.100598,-0.604797
1752677996828,0.100646,0.099993,-0.610074
1752677996834,0.101471,0.099446,-0.614850
1752677996853,0.102218,0.098951,-0.619171
1752677996861,0.102893,0.098503,-0.623082
1752677996864,0.103505,0.098097,-0.626620
1752677996877,0.104058,0.097730,-0.629822
1752677996893,0.104559,0.097398,-0.632719
1752677996896,0.105012,0.097098,-0.635340
1752677996908,0.105422,0.096826,-0.637713
1752677996936,0.041555,0.142440,-0.293823
1752677996947,-0.016236,0.183714,0.017354
1752677996958,-0.068529,0.221063,0.298931
1752677996969,-0.115849,0.254858,0.553723
1752677996980,-0.158667,0.285439,0.784277
1752677996990,-0.197412,0.313111,0.992900
1752677997000,-0.232471,0.338150,1.181678
1752677997010,-0.264195,0.360808,1.352498
1752677997020,-0.292902,0.381310,1.507069
1752677997029,-0.318878,0.399862,1.646937
1752677997037,-0.342383,0.416650,1.773499
1752677997060,-0.363652,0.431840,1.888023
1752677997066,-0.382898,0.445585,1.991652
1752677997077,-0.400313,0.458023,2.085424
1752677997086,-0.416071,0.469278,2.170275
1752677997094,-0.430330,0.479462,2.247055
1752677997099,-0.443233,0.488677,2.316532
1752677997113,-0.454909,0.497016,2.379399
1752677997124,-0.453677,0.485715,2.374348
1752677997125,-0.452561,0.475489,2.369778
1752677997141,-0.463350,0.485083,2.427581
1752677997158,-0.473112,0.493763,2.479885
1752677997163,-0.481945,0.501618,2.527213
1752677997174,-0.489938,0.508726,2.570040
1752677997191,-0.497171,0.515158,2.608792
1752677997193,-0.503716,0.520977,2.643858
1752677997205,-0.500655,0.519495,2.628449
1752677997221,-0.524436,0.544986,2.754565
1752677997233,-0.545954,0.568052,2.868683
1752677997246,-0.565425,0.588924,2.971947
1752677997259,-0.583045,0.607811,3.065387
1752677997408,-0.594664,0.622469,3.122018
1752677997420,-0.605178,0.635732,3.173263
1752677997430,-0.614692,0.647734,3.219632
1752677997439,-0.623301,0.658594,3.261591
1752677997450,-0.631091,0.668422,3.299559
1752677997459,-0.638140,0.677314,3.333915
1752677997467,-0.644518,0.685360,3.365002
1752677997479,-0.650290,0.692642,3.393133
1752677997488,-0.655513,0.699230,3.418587
1752677997496,-0.660239,0.705192,3.441620
1752677997505,-0.664515,0.710586,3.462463
1752677997512,-0.668385,0.715468,3.481322
1752677997530,-0.671886,0.719885,3.498388
1752677997537,-0.675054,0.723882,3.513830
1752677997543,-0.677921,0.727499,3.527803
1752677997559,-0.680516,0.730771,3.540447
1752677997566,-0.682863,0.733733,3.551888
1752677997576,-0.684987,0.736412,3.562242
1752677997597,-0.686909,0.738837,3.571610
1752677997601,-0.688649,0.741031,3.580087
1752677997607,-0.690222,0.743016,3.587757
1752677997623,-0.691647,0.744813,3.594698
1752677997624,-0.692935,0.746439,3.600979
1752677997639,-0.694101,0.747910,3.606662
1752677997656,-0.695156,0.749241,3.611805
1752677997657,-0.696111,0.750445,3.616458
1752677997672,-0.708517,0.761795,3.682141
1752677997965,-0.630556,0.698432,3.268404
1752677997976,-0.560011,0.641097,2.894024
1752677997986,-0.496176,0.589216,2.555257
1752677997997,-0.438414,0.542269,2.248715
1752677998006,-0.386146,0.499789,1.971333
1752677998015,-0.338851,0.461350,1.720337
1752677998026,-0.296054,0.426567,1.493217
1752677998037,-0.257329,0.395092,1.287702
1752677998046,-0.222287,0.366612,1.101736
1752677998060,-0.190578,0.340841,0.933460
1752677998069,-0.161886,0.317522,0.781192
1752677998082,-0.135923,0.296420,0.643408
1752677998096,-0.112430,0.277326,0.518730
1752677998101,-0.091172,0.260049,0.405913
1752677998115,-0.071935,0.244414,0.303827
1752677998130,-0.054529,0.230267,0.211453
1752677998138,-0.038778,0.217466,0.127865
1752677998143,-0.024526,0.205883,0.052229
1752677998161,-0.011630,0.195401,-0.016213
1752677998166,0.000040,0.185916,-0.078144
1752677998175,0.010600,0.177334,-0.134183
1752677998190,0.020155,0.169568,-0.184892
1752677998198,0.028801,0.162541,-0.230778
1752677998205,0.036625,0.156182,-0.272298
1752677998221,0.043705,0.150428,-0.309869
1752677998232,0.050111,0.145222,-0.343866
1752677998239,0.055907,0.140510,-0.374629
1752677998256,0.061190,0.136490,-0.402975
1752677998263,0.065970,0.132853,-0.428625
1752677998272,0.070296,0.129561,-0.451835
1752677998298,0.074202,0.126607,-0.472782
1752677998307,0.077714,0.124100,-0.492065
1752677998317,0.080892,0.121832,-0.509513
1752677998341,0.083767,0.119779,-0.525302
1752677998348,0.086370,0.117921,-0.539589
1752677998351,0.088724,0.116240,-0.552516
1752677998383,0.090855,0.114719,-0.564214
1752677998387,0.092783,0.113343,-0.574799
1752677998388,0.094528,0.112097,-0.584378
1752677998399,0.096106,0.110971,-0.593045
1752677998400,0.097535,0.109951,-0.600887
1752677998408,0.098734,0.108698,-0.607646
1752677998425,0.099820,0.107564,-0.613761
1752677998426,0.100802,0.106538,-0.619295
1752677998438,0.101691,0.105609,-0.624303
1752677999295,0.058544,0.127680,-0.399127
1752677999306,0.019501,0.147651,-0.195371
1752677999318,-0.015828,0.165722,-0.010997
1752677999333,-0.047796,0.182074,0.155838
1752677999341,-0.076723,0.196871,0.306803
1752677999350,-0.102899,0.210260,0.443407
1752677999361,-0.126584,0.222376,0.567017
1752677999370,-0.148017,0.233339,0.678869
1752677999377,-0.167410,0.243259,0.780080
1752677999384,-0.184959,0.252236,0.871664
1752677999391,-0.200839,0.260359,0.954536
1752677999399,-0.215208,0.267709,1.029525
1752677999405,-0.228210,0.274360,1.097381
1752677999414,-0.239975,0.280378,1.158781
1752677999427,-0.250621,0.285824,1.214341
1752677999433,-0.260255,0.290751,1.264616
1752677999442,-0.268972,0.295210,1.310109
1752677999456,-0.276860,0.299245,1.351274
1752677999462,-0.283997,0.302896,1.388523
1752677999475,-0.290456,0.306200,1.422229
1752677999487,-0.296300,0.309189,1.452728
1752677999498,-0.301588,0.311894,1.480327
1752677999505,-0.306373,0.314342,1.505300
1752677999524,-0.310703,0.316557,1.527897
1752677999525,-0.314622,0.318561,1.548345
1752677999538,-0.318167,0.320374,1.566848
1752677999553,-0.330661,0.335355,1.636575
1752677999562,-0.341967,0.348911,1.699669
1752677999570,-0.352197,0.361177,1.756762
1752677999584,-0.361454,0.372277,1.808424
1752677999596,-0.369830,0.382320,1.855171
1752677999604,-0.369933,0.386355,1.860910
1752677999621,-0.376863,0.400175,1.905548
1752677999623,-0.383135,0.412681,1.945940
1752677999638,-0.386319,0.422124,1.970321
1752677999664,-0.450735,0.497758,2.330965
1752677999674,-0.509024,0.566198,2.657303
1752677999684,-0.561768,0.628127,2.952598
1752677999694,-0.609495,0.684166,3.219803
1752677999704,-0.652681,0.734874,3.461591
1752677999713,-0.691760,0.780758,3.680378
1752677999727,-0.727121,0.822277,3.878353
1752677999734,-0.759118,0.859847,4.057496
1752677999744,-0.788072,0.893843,4.219598
1752677999757,-0.814272,0.924605,4.366280
1752677999764,-0.837979,0.952441,4.499009
1752677999777,-0.859431,0.977629,4.619112
1752677999790,-0.878842,1.000422,4.727790
1752677999800,-0.896407,1.021045,4.826130
1752677999810,-0.912301,1.039708,4.915115
1752677999821,-0.926684,1.056594,4.995636
1752677999828,-0.939698,1.071875,5.068498
1752677999842,-0.951474,1.085702,5.134428
1752677999856,-0.962130,1.098214,5.194087
1752677999864,-0.971772,1.109535,5.248071
1752677999872,-0.980497,1.119780,5.296919
1752677999887,-0.988392,1.129050,5.341121
1752677999891,-0.995536,1.137438,5.381118
1752677999905,-1.002000,1.145028,5.417311
1752677999922,-1.007850,1.151896,5.450060
1752677999924,-1.013143,1.158111,5.479695
1752677999936,-1.017933,1.163735,5.506510
1752677999951,-1.012815,1.157760,5.477580
1752677999957,-1.008183,1.152353,5.451401
1752677999975,-1.011666,1.154679,5.468215
1752677999989,-1.017904,1.160640,5.501775
1752677999990,-1.023548,1.166035,5.532144
1752678000003,-1.028655,1.170917,5.559623
1752678000021,-1.033277,1.175334,5.584489
1752678000022,-1.037459,1.179331,5.606989
1752678000040,-1.046728,1.187502,5.664098
1752678000054,-1.055116,1.194896,5.715775
1752678000060,-1.062706,1.201587,5.762536
1752678000074,-1.069574,1.207641,5.804849
1752678000097,-1.071847,1.208321,5.819308
1752678000100,-1.073904,1.208937,5.832392
1752678000111,-1.075765,1.209494,5.844231
1752678000125,-1.077450,1.209998,5.854944
1752678000129,-1.078974,1.210454,5.864638
1752678000143,-1.080353,1.210867,5.873410
1752678000161,-1.081601,1.211240,5.881347
1752678000163,-1.082730,1.211578,5.888529
1752678000176,-1.089555,1.220179,5.930912
1752678000190,-1.095732,1.227962,5.969263
1752678000200,-1.101321,1.235004,6.003966
1752678000208,-1.095358,1.228056,5.971056
1752678000222,-1.100983,1.235089,6.005589
1752678000231,-1.106072,1.241454,6.036836
1752678000238,-1.110677,1.247213,6.065111
1752678000258,-1.112889,1.249354,6.076674
1752678000258,-1.114891,1.251291,6.087136
1752678000273,-1.116702,1.253044,6.096604
1752678000297,-1.118341,1.254630,6.105171
1752678000299,-1.131157,1.269542,6.178776
1752678000330,-1.148471,1.286683,6.259954
1752678000340,-1.164139,1.302194,6.333410
1752678000350,-1.178316,1.316229,6.399879
1752678000359,-1.191144,1.328929,6.460024
1752678000370,-1.202752,1.340421,6.514449
1752678000379,-1.213256,1.350820,6.563696
1752678000393,-1.222761,1.360230,6.608258
1752678000400,-1.231362,1.368744,6.648582
1752678000406,-1.239144,1.376449,6.685070
1752678000422,-1.246186,1.383421,6.718086
1752678000429,-1.252559,1.389729,6.747962
1752678000435,-1.258325,1.395438,6.774997
1752678000447,-1.263542,1.400603,6.799459
1752678000455,-1.268264,1.405277,6.821595
1752678000461,-1.272536,1.409506,6.841625
1752678000474,-1.276402,1.413334,6.859750
1752678000486,-1.279900,1.416797,6.876150
1752678000491,-1.283065,1.419930,6.890990
1752678000506,-1.285929,1.422766,6.904419
1752678000519,-1.288521,1.425331,6.916570
1752678000523,-1.290866,1.427653,6.927566
1752678000537,-1.284680,1.421029,6.890759
1752678000550,-1.279083,1.415035,6.857454
1752678000555,-1.274017,1.409611,6.827318
1752678000575,-1.269434,1.404704,6.800048
1752678000590,-1.265287,1.400263,6.775372
1752678000594,-1.251773,1.387369,6.704472
1752678000608,-1.239544,1.375702,6.640316
1752678000619,-1.228478,1.365145,6.582263
1752678000625,-1.218465,1.355592,6.529732
1752678000646,-1.209405,1.346948,6.482198
1752678000654,-1.201206,1.339126,6.439186
1752678000658,-1.193788,1.332048,6.400265
1752678000674,-1.187075,1.325644,6.365047
1752678001016,-1.192733,1.336785,6.404835
1752678001026,-1.197852,1.346867,6.440839
1752678001037,-1.202485,1.355990,6.473418
1752678001047,-1.206677,1.364244,6.502898
1752678001057,-1.210470,1.371714,6.529574
1752678001066,-1.213902,1.378473,6.553712
1752678001080,-1.217008,1.384589,6.575554
1752678001088,-1.219819,1.390124,6.595318
1752678001102,-1.222362,1.395131,6.613203
1752678001114,-1.224663,1.399663,6.629385
1752678001122,-1.226745,1.403763,6.644029
1752678001133,-1.228629,1.407474,6.657279
1752678001140,-1.230334,1.410831,6.669270
1752678001147,-1.231877,1.413869,6.680119
1752678001154,-1.233273,1.416618,6.689937
1752678001165,-1.234537,1.419106,6.698820
1752678001170,-1.235680,1.421357,6.706859
1752678001178,-1.236714,1.423394,6.714133
1752678001191,-1.237650,1.425237,6.720715
1752678001210,-1.238497,1.426904,6.726670
1752678001216,-1.239263,1.428414,6.732059
1752678001221,-1.239956,1.429779,6.736936
1752678001238,-1.240584,1.431015,6.741349
1752678001240,-1.241152,1.432133,6.745342
1752678001241,-1.241665,1.433145,6.748955
1752678001374,-1.219255,1.407969,6.626361
1752678001387,-1.198976,1.385189,6.515429
1752678001402,-1.180626,1.364576,6.415049
1752678001416,-1.164021,1.345923,6.324217
1752678001431,-1.148997,1.329045,6.242026
1752678001439,-1.135401,1.313772,6.167654
1752678001448,-1.123098,1.299952,6.100356
1752678001454,-1.111966,1.287447,6.039460
1752678001462,-1.101893,1.276131,5.984357
1752678001468,-1.092778,1.265892,5.934495
1752678001480,-1.084530,1.256626,5.889376
1752678001486,-1.077067,1.248242,5.848549
1752678001492,-1.070314,1.240656,5.811606
1752678001502,-1.064203,1.233791,5.778178
1752678001509,-1.058673,1.227579,5.747929
1752678001528,-1.053669,1.221959,5.720557
1752678001532,-1.049142,1.216872,5.695789
1752678001539,-1.045045,1.212270,5.673378
1752678001553,-1.041337,1.208105,5.653098
1752678001558,-1.037983,1.204337,5.634747
1752678001573,-1.034947,1.200927,5.618142
1752678001587,-1.032201,1.197841,5.603117
1752678001592,-1.029715,1.195049,5.589520
1752678001606,-1.029702,1.194976,5.590199
1752678001621,-1.029691,1.194909,5.590812
1752678001622,-1.029680,1.194849,5.591368
1752678001636,-1.029671,1.194795,5.591870
1752678001653,-1.025274,1.190114,5.569526
1752678001656,-1.021296,1.185878,5.549306
1752678002703,-1.031798,1.197380,5.602976
1752678002719,-1.041300,1.207788,5.651540
1752678002730,-1.049899,1.217206,5.695484
1752678002739,-1.057680,1.225728,5.735249
1752678002749,-1.064721,1.233439,5.771230
1752678002757,-1.071092,1.240417,5.803789
1752678002767,-1.076857,1.246732,5.833251
1752678002775,-1.082073,1.252445,5.859910
1752678002782,-1.086794,1.257615,5.884033
1752678002793,-1.091065,1.262293,5.905862
1752678002802,-1.094930,1.266526,5.925614
1752678002808,-1.098427,1.270357,5.943487
1752678002814,-1.101592,1.273823,5.959660
1752678002823,-1.104456,1.276960,5.974295
1752678002832,-1.107047,1.279798,5.987537
1752678002841,-1.109392,1.282366,5.999520
1752678002857,-1.111513,1.284689,6.010363
1752678002860,-1.113433,1.286792,6.020174
1752678002873,-1.115170,1.288695,6.029052
1752678002888,-1.116742,1.290417,6.037086
1752678002891,-1.118165,1.291975,6.044355
1752678002904,-1.119452,1.293384,6.050933
1752678002920,-1.120617,1.294660,6.056885
1752678002932,-1.121671,1.295814,6.062271
1752678002941,-1.122624,1.296859,6.067145
1752678003221,-1.112961,1.284365,6.011691
1752678003234,-1.104217,1.273059,5.961512
1752678003245,-1.096305,1.262829,5.916107
1752678003255,-1.089145,1.253572,5.875021
1752678003265,-1.082667,1.245195,5.837842
1752678003274,-1.076804,1.237615,5.804201
1752678003282,-1.071500,1.230757,5.773760
1752678003291,-1.066700,1.224550,5.746214
1752678003301,-1.062356,1.218934,5.721289
1752678003309,-1.058426,1.213853,5.698735
1752678003317,-1.054870,1.209254,5.678326
1752678003330,-1.051652,1.205094,5.659858
1752678003336,-1.048740,1.201328,5.643147
1752678003342,-1.046105,1.197922,5.628026
1752678003349,-1.043721,1.194839,5.614344
1752678003365,-1.041563,1.192049,5.601963
1752678003370,-1.039611,1.189525,5.590759
1752678003376,-1.037844,1.187241,5.580622
1752678003387,-1.036246,1.185174,5.571448
1752678003394,-1.034799,1.183303,5.563148
1752678003408,-1.033490,1.181611,5.555636
1752678003419,-1.032306,1.180080,5.548840
1752678003430,-1.031234,1.178694,5.542689
1752678003441,-1.030264,1.177440,5.537124
1752678003451,-1.029387,1.176306,5.532088
1752678003458,-1.028593,1.175279,5.527532
1752678003479,-1.041210,1.188860,5.598702
1752678003493,-1.052626,1.201149,5.663103
1752678003502,-1.062957,1.212269,5.721378
1752678003512,-1.072304,1.222331,5.774109
1752678003529,-1.080763,1.231436,5.821824
1752678003537,-1.088417,1.239675,5.865000
1752678003545,-1.095343,1.247130,5.904069
1752678003557,-1.101610,1.253876,5.939422
1752678003565,-1.107281,1.259981,5.971412
1752678003575,-1.112412,1.265504,6.000359
1752678003589,-1.117056,1.270503,6.026552
1752678003595,-1.121257,1.275025,6.050254
1752678003610,-1.125059,1.279118,6.071701
1752678003623,-1.128500,1.282821,6.091108
1752678003628,-1.131613,1.286172,6.108669
1752678003642,-1.134430,1.289204,6.124559
1752678003659,-1.136979,1.291948,6.138937
1752678003663,-1.139285,1.294431,6.151948
1752678003672,-1.141372,1.296677,6.163722
1752678003685,-1.137808,1.293002,6.143787
1752678003689,-1.134583,1.289676,6.125749
1752678003703,-1.137117,1.292375,6.140014
1752678003719,-1.135589,1.290979,6.133615
1752678003721,-1.134206,1.289716,6.127825
1752678003736,-1.132955,1.288573,6.122585
1752678003754,-1.132486,1.288227,6.121273
1752678003755,-1.132062,1.287914,6.120085
1752678003769,-1.131619,1.287895,6.119914
1752678003783,-1.131218,1.287878,6.119760
1752678003788,-1.130855,1.287863,6.119619
1752678003802,-1.124968,1.282372,6.089544
1752678003816,-1.121927,1.282840,6.082539
1752678003827,-1.106990,1.268284,6.010634
1752678003836,-1.105659,1.270092,6.011136
1752678003850,-1.091338,1.256790,5.939628
1752678003856,-1.078379,1.244752,5.874922
1752678003873,-1.067585,1.233819,5.822767
1752678003886,-1.057817,1.223926,5.775574
1752678003892,-1.048979,1.214974,5.732869
1752678003908,-1.040982,1.206874,5.694227
1752678003919,-1.033745,1.199544,5.659261
1752678003925,-1.027196,1.192912,5.627621
1752678003937,-1.021271,1.186910,5.598990
1752678003952,-1.015909,1.181479,5.573083
1752678003958,-1.011057,1.176565,5.549641
1752678003968,-1.006667,1.172118,5.528428
1752678003986,-1.014959,1.180722,5.572709
1752678003991,-1.022462,1.188507,5.612778
1752678004005,-1.029251,1.195552,5.649035
1752678004016,-1.032291,1.199483,5.668224
1752678004027,-1.035042,1.203041,5.685588
1752678004037,-1.040634,1.208703,5.714919
1752678004050,-1.045695,1.213827,5.741460
1752678004057,-1.050274,1.218463,5.765477
1752678004075,-1.056402,1.223324,5.793734
1752678004084,-1.061948,1.227723,5.819303
1752678004098,-1.066965,1.231703,5.842439
1752678004103,-1.071506,1.235305,5.863375
1752678004119,-1.075614,1.238564,5.882319
1752678004131,-1.079332,1.241513,5.899461
1752678004146,-1.081585,1.242299,5.907733
1752678004154,-1.083624,1.243011,5.915219
1752678004165,-1.085469,1.243655,5.921992
1752678004174,-1.087139,1.244237,5.928121
1752678004185,-1.088649,1.244764,5.933667
1752678004191,-1.090016,1.245241,5.938685
1752678004205,-1.091253,1.245673,5.943226
1752678004217,-1.092372,1.246063,5.947335
1752678004221,-1.093385,1.246417,5.951053
1752678004240,-1.085499,1.238565,5.908511
1752678004249,-1.078362,1.231460,5.870016
1752678004258,-1.071905,1.225031,5.835183
1752678004284,-1.075994,1.228963,5.857476
1752678004291,-1.072692,1.227585,5.846339
1752678004307,-1.069703,1.226339,5.836260
1752678004314,-1.066999,1.225211,5.827141
1752678004322,-1.064552,1.224191,5.818889
1752678004332,-1.062338,1.223268,5.811422
1752678004350,-1.060335,1.222432,5.804665
1752678004369,-1.058522,1.221676,5.798551
1752678004374,-1.056881,1.220992,5.793019
1752678004380,-1.055397,1.220373,5.788013
1752678004389,-1.054054,1.219813,5.783483
1752678004398,-1.052838,1.219306,5.779384
1752678004414,-1.051738,1.218847,5.775674
1752678004427,-1.050743,1.218432,5.772318
1752678004430,-1.049843,1.218057,5.769281
1752678004442,-1.049028,1.217717,5.766533
1752678004452,-1.048574,1.217732,5.765617
1752678004461,-1.048164,1.217746,5.764788
1752678004478,-1.047793,1.217759,5.764038
1752678004484,-1.047457,1.217770,5.763360
1752678004495,-1.047153,1.217781,5.762745
1752678004506,-1.051170,1.220410,5.780278
1752678004525,-1.054804,1.222789,5.796143
1752678004526,-1.058093,1.224942,5.810498
1752678004536,-1.061069,1.226889,5.823488
1752678004931,-1.049212,1.213089,5.757782
1752678004940,-1.038482,1.200602,5.698326
1752678004949,-1.028772,1.189302,5.644526
1752678004958,-1.019987,1.179078,5.595843
1752678004967,-1.012037,1.169826,5.551791
1752678004975,-1.004843,1.161454,5.511930
1752678004982,-0.998334,1.153878,5.475861
1752678004989,-0.992444,1.147023,5.443222
1752678004997,-0.987114,1.140820,5.413688
1752678005003,-0.982291,1.135207,5.386964
1752678005010,-0.977927,1.130129,5.362782
1752678005022,-0.973978,1.125533,5.340900
1752678005028,-0.970405,1.121374,5.321100
1752678005042,-0.967171,1.117611,5.303184
1752678005052,-0.964246,1.114206,5.286971
1752678005063,-0.961598,1.111125,5.272301
1752678005072,-0.959203,1.108337,5.259026
1752678005087,-0.957035,1.105814,5.247014
1752678005092,-0.955073,1.103531,5.236145
1752678005107,-0.953298,1.101465,5.226309
1752678005128,-0.951692,1.099596,5.217410
1752678005132,-0.950239,1.097905,5.209356
1752678005142,-0.948924,1.096374,5.202069
1752678005157,-0.955107,1.102105,5.235432
1752678005158,-0.960703,1.107291,5.265621
1752678005169,-0.958392,1.104868,5.252982
1752678005185,-0.960083,1.107087,5.262928
1752678005193,-0.961613,1.109094,5.271927
1752678005216,-0.971121,1.117826,5.317561
1752678005224,-0.979724,1.125727,5.358854
1752678005227,-0.987509,1.132876,5.396219
1752678005238,-0.994553,1.139346,5.430029
1752678005253,-1.000927,1.145199,5.460624
1752678005257,-1.006695,1.150496,5.488308
1752678005270,-1.011914,1.155290,5.513359
1752678005283,-1.016637,1.159627,5.536026
1752678005288,-1.020910,1.163551,5.556537
1752678005305,-1.019024,1.159505,5.541465
1752678005317,-1.017318,1.155844,5.527827
1752678005322,-1.015774,1.152531,5.515486
1752678005338,-1.006204,1.138853,5.455720
1752678005357,-0.997546,1.126477,5.401640
1752678005357,-0.989711,1.115279,5.352704
1752678005370,-0.998631,1.119262,5.391177
1752678005383,-0.954675,1.069468,5.151762
1752678005388,-0.914901,1.024410,4.935120
1752678005403,-0.885383,0.988133,4.770260
1752678005418,-0.858673,0.955307,4.621082
1752678005421,-0.834503,0.925604,4.486095
1752678005435,-0.812633,0.898727,4.363948
1752678005450,-0.777820,0.858510,4.171449
1752678005458,-0.746319,0.822118,3.997262
1752678005472,-0.722098,0.792176,3.861404
1752678006378,-0.673720,0.741838,3.616811
1752678006388,-0.629945,0.696288,3.395483
1752678006398,-0.590334,0.655071,3.195210
1752678006414,-0.554491,0.617775,3.013988
1752678006424,-0.522057,0.584027,2.850004
1752678006433,-0.492709,0.553490,2.701620
1752678006441,-0.466152,0.525857,2.567350
1752678006448,-0.442122,0.500852,2.445853
1752678006455,-0.420377,0.478226,2.335913
1752678006467,-0.400701,0.457753,2.236432
1752678006473,-0.382897,0.439227,2.146413
1752678006484,-0.366786,0.422463,2.064958
1752678006495,-0.352208,0.407294,1.991251
1752678006501,-0.339016,0.393568,1.924555
1752678006511,-0.327080,0.381147,1.864204
1752678006524,-0.316278,0.369908,1.809593
1752678006535,-0.306505,0.359739,1.760178
1752678006545,-0.297661,0.350536,1.715463
1752678006554,-0.289658,0.342209,1.675001
1752678006561,-0.282417,0.334674,1.638389
1752678006582,-0.275864,0.327856,1.605259
1752678006585,-0.269935,0.321686,1.575281
1752678006592,-0.264569,0.316104,1.548154
1752678006606,-0.259715,0.311052,1.523608
1752678006619,-0.255322,0.306481,1.501397
1752678006632,-0.251346,0.302345,1.481298
1752678006641,-0.247068,0.298248,1.459441
1752678006653,-0.243197,0.294541,1.439662
1752678006664,-0.239694,0.291186,1.421765
1752678006680,-0.236164,0.287840,1.402950
1752678006692,-0.235209,0.287495,1.399933
1752678006693,-0.234344,0.287182,1.397202
1752678006704,-0.233562,0.286899,1.394731
1752678006716,-0.236134,0.290101,1.411217
1752678006721,-0.238462,0.292998,1.426135
1752678006735,-0.239761,0.295065,1.434901
1752678006748,-0.244509,0.300028,1.460582
1752678006755,-0.248806,0.304518,1.483819
1752678006769,-0.252032,0.307943,1.500188
1752678006783,-0.261518,0.317296,1.549550
1752678006789,-0.270102,0.325760,1.594216
1752678006803,-0.276120,0.331926,1.623793
1752678006816,-0.291869,0.347587,1.705206
1752678006822,-0.306119,0.361759,1.778875
1752678006836,-0.312443,0.369639,1.809862
1752678006847,-0.329737,0.388454,1.899007
1752678006853,-0.345387,0.405479,1.979672
1752678006867,-0.353747,0.416349,2.021917
1752678006880,-0.376646,0.442640,2.143113
1752678006890,-0.397367,0.466429,2.252780
1752678006903,-0.412617,0.484683,2.332159
1752678006915,-0.441501,0.517071,2.483855
1752678006922,-0.467637,0.546378,2.621121
1752678006937,-0.484897,0.566787,2.709629
1752678006949,-0.532738,0.620660,2.963811
1752678006956,-0.576027,0.669408,3.193814
1752678006971,-0.606381,0.704323,3.351820
1752678007026,-0.151968,0.242845,1.128302
1752678007036,0.259219,-0.174734,-0.883703
1752678007047,0.631291,-0.552591,-2.704316
1752678007058,0.967970,-0.894505,-4.351744
1752678007067,1.272623,-1.203894,-5.842460
1752678007078,1.548296,-1.483853,-7.191372
1752678007089,1.797745,-1.737180,-8.411968
1752678007099,2.023465,-1.966410,-9.516456
1752678007113,2.227714,-2.173834,-10.515879
1752678007122,2.412534,-2.361527,-11.420232
1752678007130,2.579772,-2.531366,-12.238559
1752678007144,2.731102,-2.685049,-12.979042
1752678007154,2.868037,-2.824113,-13.649087
1752678007162,2.991946,-2.949948,-14.255394
1752678007175,3.104068,-3.063813,-14.804027
1752678007186,3.205524,-3.166847,-15.300470
1752678007194,3.297330,-3.260080,-15.749690
1752678007215,3.380402,-3.344444,-16.156178
1752678007219,3.455573,-3.420783,-16.523998
1752678007227,3.523592,-3.489860,-16.856831
1752678007243,3.585141,-3.552366,-17.158001
1752678007252,3.640836,-3.608927,-17.430523
1752678007258,3.691232,-3.660107,-17.677122
1752678007272,3.736835,-3.706418,-17.900263
1752678007289,3.778099,-3.748324,-18.102177
1752678007295,3.815439,-3.786244,-18.284883
1752678007306,3.773430,-3.739341,-18.078341
1752678007321,3.718040,-3.675133,-17.793186
1752678007327,3.667918,-3.617034,-17.535156
1752678007340,3.625110,-3.563220,-17.301474
1752678007347,3.586373,-3.514524,-17.090021
1752678007359,3.551322,-3.470461,-16.898682
1752678007370,3.511397,-3.419971,-16.679384
1752678007382,3.577289,-3.464989,-16.934898
1752678007388,3.636912,-3.505725,-17.166107
1752678007403,3.584564,-3.437697,-16.879961
1752678007415,3.607400,-3.434783,-16.924006
1752678007422,3.628064,-3.432146,-16.963861
1752678007438,3.599609,-3.381793,-16.774328
1752678007878,3.267381,-3.052871,-15.236563
1752678007888,2.966756,-2.755238,-13.845077
1752678007898,2.694727,-2.485917,-12.585956
1752678007907,2.448576,-2.242215,-11.446609
1752678007916,2.225840,-2.021695,-10.415642
1752678007925,2.024291,-1.822153,-9.482745
1752678007934,1.841915,-1.641591,-8.638591
1752678007942,1.676887,-1.478206,-7.874736
1752678007950,1.527558,-1.330363,-7.183544
1752678007962,1.392433,-1.196583,-6.558101
1752678007969,1.270162,-1.075529,-5.992153
1752678007976,1.159522,-0.965990,-5.480041
1752678007988,1.059407,-0.866871,-5.016643
1752678007993,0.968815,-0.777181,-4.597326
1752678008009,0.886841,-0.696023,-4.217897
1752678008024,0.812665,-0.622585,-3.874561
1752678008028,0.745544,-0.556132,-3.563884
1752678008039,0.684809,-0.496001,-3.282761
1752678008051,0.629851,-0.441590,-3.028380
1752678008058,0.580120,-0.392355,-2.798196
1752678008073,0.535121,-0.347803,-2.589909
1752678008084,0.494402,-0.307489,-2.401435
1752678008091,0.457556,-0.271010,-2.230890
1752678008105,0.424215,-0.238001,-2.076567
1752678008117,0.394046,-0.208132,-1.936925
1752678008126,0.366681,-0.181110,-1.810343
1752678008143,0.341919,-0.156658,-1.695802
1752678008149,0.319513,-0.134532,-1.592157
1752678008156,0.299225,-0.114492,-1.498311
1752678008170,0.280867,-0.096359,-1.413392
1752678008183,0.264244,-0.079904,-1.336640
1752678008204,0.249246,-0.064784,-1.267306
1752678008209,0.235675,-0.051101,-1.204567
1752678008229,0.223394,-0.038721,-1.147796
1752678008232,0.212282,-0.027518,-1.096426
1752678008242,0.202227,-0.017380,-1.049942
1752678008253,0.193128,-0.008207,-1.007880
1752678008264,0.184895,0.000093,-0.969819
1752678008272,0.177445,0.007604,-0.935379
1752678008285,0.170701,0.014388,-0.904218
1752678008291,0.164597,0.020515,-0.876010
1752678008303,0.159074,0.026058,-0.850485
1752678008315,0.154076,0.031075,-0.827388
1752678008322,0.149554,0.035614,-0.806488
1752678008348,0.145461,0.039721,-0.787576
1752678008350,0.141755,0.043579,-0.770537
1752678008361,0.138411,0.047073,-0.755092
1752678008374,0.135385,0.050235,-0.741117
1752678008396,0.132657,0.053090,-0.728520
1752678008398,0.130201,0.055679,-0.717062
1752678008409,0.127978,0.058023,-0.706694
1752678008419,0.125966,0.060143,-0.697313
1752678008424,0.124146,0.062062,-0.688824
1752678008437,0.122499,0.063798,-0.681142
1752678008455,0.121035,0.065359,-0.674045
1752678008459,0.119832,0.066609,-0.667077
1752678008475,0.118743,0.067739,-0.660772
1752678008484,0.117758,0.068762,-0.655066
1752678008493,0.116867,0.069687,-0.649904
1752678008505,0.116060,0.070524,-0.645232
1752678008519,0.115330,0.071282,-0.641005
1752678008523,0.114670,0.071968,-0.637180
1752678008537,0.114072,0.072588,-0.633719
1752678008549,0.113531,0.073150,-0.630587
1752678008560,0.113118,0.073624,-0.627587
1752678008573,0.112818,0.073999,-0.624629
1752678008583,0.112473,0.074392,-0.622195
1752678008600,0.112207,0.074763,-0.620132
1752678008609,0.111965,0.075099,-0.618266
1752678008615,0.111862,0.075302,-0.615822
1752678008630,0.111782,0.075471,-0.613665
1752678008637,0.111709,0.075624,-0.611713
1752678008650,0.111643,0.075763,-0.609946
1752678008655,0.111583,0.075888,-0.608347
1752678008670,0.111529,0.076001,-0.606901
1752678008683,0.111448,0.075985,-0.605019
1752678008697,0.111375,0.075970,-0.603315
1752678008704,0.111308,0.075956,-0.601774
1752678008718,0.111313,0.075913,-0.600006
1752678008726,0.111478,0.075702,-0.597621
1752678008739,0.111627,0.075511,-0.595462
1752678008749,0.111762,0.075339,-0.593508
1752678008757,0.111884,0.075183,-0.591741
1752678008770,0.111994,0.075042,-0.590141
1752678008783,0.112094,0.074914,-0.588694
1752678009603,0.150625,0.050437,-0.634914
1752678009613,0.185491,0.028289,-0.676738
1752678009622,0.217041,0.008248,-0.714583
1752678009636,0.245589,-0.009887,-0.748828
1752678009645,0.271422,-0.026297,-0.779815
1752678009653,0.294797,-0.041146,-0.807855
1752678009664,0.315949,-0.054582,-0.833228
1752678009672,0.335089,-0.066740,-0.856187
1752678009679,0.352408,-0.077742,-0.876962
1752678009687,0.368079,-0.087697,-0.895760
1752678009698,0.382260,-0.096705,-0.912771
1752678009707,0.395092,-0.104856,-0.928163
1752678009715,0.406703,-0.112232,-0.942092
1752678009720,0.417210,-0.118907,-0.954695
1752678009731,0.426717,-0.124946,-0.966099
1752678009740,0.435320,-0.130411,-0.976419
1752678009751,0.443105,-0.135356,-0.985757
1752678009763,0.450149,-0.139830,-0.994206
1752678009771,0.456523,-0.143879,-1.001852
1752678009783,0.462290,-0.147543,-1.008771
1752678009796,0.467509,-0.150858,-1.015031
1752678009804,0.472232,-0.153858,-1.020696
1752678009816,0.476505,-0.156573,-1.025822
1752678009826,0.480372,-0.159029,-1.030461
1752678009838,0.483871,-0.161252,-1.034658
1752678009848,0.487037,-0.163263,-1.038456
1752678009855,0.489902,-0.165083,-1.041892
1752678009869,0.495720,-0.168443,-1.049290
1752678010480,0.429201,-0.149780,-0.951025
1752678010500,0.369010,-0.132893,-0.862107
1752678010535,0.314545,-0.117612,-0.781647
1752678010561,0.265261,-0.103785,-0.708842
1752678010592,0.220664,-0.091273,-0.642961
1752678010626,0.180310,-0.079951,-0.583348
1752678010660,0.143795,-0.069706,-0.529405
1752678010695,0.110753,-0.060436,-0.480594
1752678010733,0.080855,-0.052047,-0.436426
