=== 日志开始 2025/7/24 16:09:00 ===
2025-07-24 16:09:00.327,1.582,1.578,1.692,1.467,1.586,1.585,1.472,1.544,1.581,1.59
2025-07-24 16:09:00.378,1.582,1.579,1.692,1.468,1.586,1.586,1.47,1.544,1.58,1.59
2025-07-24 16:09:00.428,1.582,1.579,1.692,1.467,1.585,1.586,1.471,1.544,1.581,1.59
2025-07-24 16:09:00.478,1.582,1.58,1.693,1.467,1.583,1.585,1.47,1.544,1.58,1.59
2025-07-24 16:09:00.528,1.581,1.579,1.694,1.467,1.584,1.586,1.472,1.544,1.581,1.59
2025-07-24 16:09:00.577,1.582,1.578,1.693,1.467,1.578,1.586,1.472,1.544,1.58,1.59
2025-07-24 16:09:00.628,1.582,1.579,1.692,1.467,1.589,1.586,1.47,1.545,1.58,1.59
2025-07-24 16:09:00.678,1.581,1.578,1.692,1.467,1.584,1.586,1.471,1.544,1.581,1.59
2025-07-24 16:09:00.728,1.582,1.579,1.693,1.467,1.589,1.585,1.47,1.544,1.581,1.59
2025-07-24 16:09:00.778,1.582,1.578,1.693,1.467,1.584,1.586,1.47,1.544,1.58,1.59
2025-07-24 16:09:00.828,1.583,1.578,1.692,1.466,1.586,1.586,1.469,1.544,1.581,1.59
2025-07-24 16:09:00.878,1.582,1.578,1.692,1.467,1.583,1.586,1.469,1.544,1.58,1.59
2025-07-24 16:09:00.928,1.582,1.58,1.692,1.466,1.58,1.585,1.47,1.545,1.581,1.59
2025-07-24 16:09:00.977,1.582,1.579,1.693,1.467,1.6,1.586,1.47,1.544,1.581,1.59
2025-07-24 16:09:01.027,1.582,1.579,1.693,1.467,1.584,1.585,1.47,1.545,1.58,1.59
2025-07-24 16:09:01.078,1.582,1.578,1.693,1.466,1.582,1.586,1.47,1.545,1.581,1.59
2025-07-24 16:09:01.128,1.582,1.58,1.694,1.467,1.586,1.586,1.47,1.544,1.581,1.59
2025-07-24 16:09:01.178,1.582,1.579,1.694,1.467,1.582,1.586,1.47,1.544,1.581,1.59
2025-07-24 16:09:01.228,1.583,1.578,1.692,1.467,1.582,1.585,1.47,1.544,1.58,1.59
2025-07-24 16:09:01.278,1.582,1.579,1.693,1.467,1.583,1.586,1.47,1.544,1.581,1.59
2025-07-24 16:09:01.328,1.582,1.58,1.693,1.467,1.584,1.586,1.47,1.544,1.58,1.59
2025-07-24 16:09:01.378,1.582,1.579,1.693,1.467,1.582,1.586,1.47,1.544,1.58,1.591
2025-07-24 16:09:01.428,1.582,1.579,1.693,1.467,1.584,1.585,1.47,1.545,1.58,1.59
2025-07-24 16:09:01.478,1.582,1.578,1.692,1.467,1.58,1.586,1.47,1.544,1.58,1.59
2025-07-24 16:09:01.528,1.582,1.579,1.692,1.467,1.586,1.586,1.47,1.544,1.581,1.59
2025-07-24 16:09:01.578,1.582,1.579,1.693,1.467,1.577,1.585,1.47,1.544,1.581,1.59
2025-07-24 16:09:01.627,1.582,1.579,1.694,1.467,1.586,1.586,1.471,1.544,1.58,1.59
2025-07-24 16:09:01.679,1.582,1.579,1.692,1.467,1.59,1.586,1.47,1.544,1.581,1.59
2025-07-24 16:09:01.728,1.582,1.578,1.694,1.467,1.582,1.586,1.47,1.544,1.581,1.59
2025-07-24 16:09:01.778,1.581,1.578,1.692,1.466,1.573,1.585,1.47,1.544,1.58,1.59
2025-07-24 16:09:01.828,1.582,1.579,1.693,1.467,1.587,1.586,1.469,1.544,1.58,1.59
2025-07-24 16:09:01.878,1.582,1.579,1.693,1.467,1.579,1.586,1.47,1.544,1.58,1.59
2025-07-24 16:09:01.928,1.582,1.578,1.692,1.466,1.577,1.586,1.47,1.544,1.58,1.59
2025-07-24 16:09:01.978,1.582,1.578,1.692,1.466,1.579,1.586,1.471,1.544,1.58,1.59
2025-07-24 16:09:02.028,1.582,1.579,1.694,1.467,1.575,1.586,1.47,1.544,1.581,1.59
2025-07-24 16:09:02.078,1.582,1.579,1.692,1.467,1.587,1.585,1.47,1.544,1.581,1.59
2025-07-24 16:09:02.128,1.582,1.577,1.692,1.467,1.589,1.586,1.47,1.544,1.58,1.59
2025-07-24 16:09:02.178,1.582,1.58,1.693,1.467,1.586,1.586,1.47,1.544,1.581,1.59
2025-07-24 16:09:02.227,1.582,1.579,1.693,1.466,1.583,1.586,1.47,1.544,1.581,1.59
2025-07-24 16:09:02.278,1.582,1.578,1.693,1.467,1.586,1.585,1.47,1.544,1.58,1.59
2025-07-24 16:09:02.328,1.582,1.578,1.693,1.467,1.586,1.586,1.469,1.544,1.58,1.59
2025-07-24 16:09:02.379,1.582,1.58,1.693,1.468,1.585,1.586,1.469,1.544,1.581,1.59
2025-07-24 16:09:02.428,1.582,1.579,1.692,1.467,1.59,1.585,1.47,1.544,1.58,1.59
2025-07-24 16:09:02.479,1.582,1.578,1.693,1.466,1.583,1.586,1.47,1.544,1.58,1.59
2025-07-24 16:09:02.528,1.582,1.578,1.692,1.467,1.587,1.586,1.47,1.544,1.58,1.59
2025-07-24 16:09:02.578,1.582,1.579,1.694,1.466,1.582,1.586,1.47,1.544,1.58,1.59
2025-07-24 16:09:02.628,1.582,1.578,1.693,1.467,1.584,1.585,1.47,1.544,1.581,1.59
2025-07-24 16:09:02.678,1.582,1.58,1.693,1.466,1.589,1.585,1.469,1.544,1.581,1.59
2025-07-24 16:09:02.727,1.582,1.579,1.693,1.467,1.583,1.586,1.47,1.544,1.58,1.59
2025-07-24 16:09:02.778,1.582,1.579,1.693,1.467,1.582,1.586,1.47,1.544,1.581,1.59
2025-07-24 16:09:02.828,1.582,1.579,1.692,1.466,1.593,1.586,1.47,1.544,1.58,1.59
2025-07-24 16:09:02.878,1.582,1.579,1.693,1.467,1.586,1.586,1.471,1.544,1.581,1.59
2025-07-24 16:09:02.927,1.582,1.578,1.692,1.467,1.581,1.586,1.47,1.544,1.581,1.591
2025-07-24 16:09:02.978,1.582,1.579,1.693,1.467,1.583,1.586,1.47,1.544,1.581,1.59
2025-07-24 16:09:03.028,1.582,1.58,1.694,1.467,1.582,1.586,1.473,1.544,1.582,1.591
2025-07-24 16:09:03.079,1.582,1.579,1.693,1.467,1.585,1.586,1.47,1.545,1.581,1.59
2025-07-24 16:09:03.128,1.583,1.579,1.694,1.467,1.586,1.586,1.47,1.545,1.58,1.59
2025-07-24 16:09:03.178,1.582,1.58,1.693,1.467,1.589,1.585,1.47,1.545,1.58,1.59
2025-07-24 16:09:03.228,1.582,1.579,1.693,1.467,1.582,1.586,1.472,1.544,1.581,1.59
2025-07-24 16:09:03.278,1.582,1.58,1.693,1.467,1.586,1.586,1.47,1.544,1.581,1.591
2025-07-24 16:09:03.329,1.582,1.579,1.694,1.466,1.586,1.586,1.47,1.544,1.581,1.59
2025-07-24 16:09:03.379,1.582,1.579,1.693,1.467,1.584,1.586,1.469,1.544,1.581,1.59
2025-07-24 16:09:03.429,1.582,1.579,1.694,1.466,1.577,1.586,1.47,1.544,1.581,1.59
2025-07-24 16:09:03.478,1.582,1.579,1.694,1.466,1.582,1.585,1.469,1.545,1.581,1.59
2025-07-24 16:09:03.528,1.582,1.579,1.693,1.467,1.594,1.586,1.47,1.545,1.58,1.59
2025-07-24 16:09:03.578,1.582,1.578,1.694,1.467,1.588,1.586,1.472,1.544,1.58,1.59
2025-07-24 16:09:03.628,1.582,1.579,1.693,1.467,1.586,1.586,1.469,1.545,1.581,1.59
2025-07-24 16:09:03.678,1.582,1.579,1.693,1.466,1.586,1.586,1.47,1.544,1.581,1.59
2025-07-24 16:09:03.729,1.582,1.579,1.693,1.467,1.588,1.586,1.469,1.544,1.581,1.59
2025-07-24 16:09:03.778,1.582,1.578,1.692,1.467,1.583,1.585,1.47,1.544,1.581,1.59
2025-07-24 16:09:03.828,1.582,1.579,1.693,1.467,1.586,1.586,1.471,1.544,1.581,1.59
2025-07-24 16:09:03.878,1.582,1.58,1.693,1.467,1.587,1.586,1.47,1.544,1.581,1.59
2025-07-24 16:09:03.928,1.582,1.578,1.693,1.467,1.586,1.586,1.47,1.544,1.58,1.59
2025-07-24 16:09:03.979,1.582,1.579,1.693,1.467,1.582,1.585,1.47,1.544,1.58,1.59
2025-07-24 16:09:04.029,1.582,1.578,1.693,1.467,1.582,1.586,1.468,1.545,1.581,1.59
2025-07-24 16:09:04.078,1.582,1.579,1.692,1.466,1.588,1.586,1.47,1.544,1.581,1.59
2025-07-24 16:09:04.128,1.582,1.579,1.693,1.467,1.585,1.586,1.47,1.544,1.58,1.59
2025-07-24 16:09:04.178,1.582,1.578,1.693,1.467,1.581,1.585,1.47,1.544,1.58,1.59
2025-07-24 16:09:04.228,1.582,1.578,1.693,1.467,1.589,1.586,1.47,1.544,1.582,1.59
2025-07-24 16:09:04.278,1.582,1.579,1.692,1.467,1.582,1.586,1.468,1.545,1.581,1.59
2025-07-24 16:09:04.328,1.582,1.578,1.692,1.468,1.595,1.586,1.47,1.544,1.581,1.59
2025-07-24 16:09:04.378,1.582,1.579,1.692,1.467,1.586,1.586,1.47,1.545,1.58,1.59
2025-07-24 16:09:04.429,1.582,1.578,1.694,1.466,1.589,1.586,1.469,1.544,1.58,1.59
2025-07-24 16:09:04.478,1.582,1.577,1.692,1.467,1.59,1.586,1.47,1.544,1.579,1.59
2025-07-24 16:09:04.528,1.582,1.578,1.692,1.467,1.582,1.585,1.47,1.545,1.58,1.59
2025-07-24 16:09:04.579,1.582,1.579,1.692,1.467,1.59,1.586,1.47,1.544,1.58,1.59
2025-07-24 16:09:04.628,1.582,1.578,1.692,1.467,1.586,1.585,1.47,1.544,1.58,1.59
2025-07-24 16:09:04.678,1.582,1.579,1.693,1.467,1.586,1.585,1.469,1.544,1.58,1.59
2025-07-24 16:09:04.729,1.582,1.579,1.693,1.467,1.589,1.586,1.47,1.544,1.58,1.59
2025-07-24 16:09:04.778,1.582,1.579,1.693,1.467,1.583,1.586,1.47,1.544,1.581,1.59
2025-07-24 16:09:04.829,1.582,1.578,1.692,1.467,1.582,1.585,1.468,1.544,1.58,1.59
2025-07-24 16:09:04.878,1.582,1.579,1.692,1.467,1.59,1.586,1.47,1.544,1.581,1.59
2025-07-24 16:09:04.927,1.581,1.579,1.692,1.467,1.582,1.586,1.47,1.544,1.581,1.59
2025-07-24 16:09:04.978,1.582,1.579,1.694,1.467,1.585,1.586,1.47,1.544,1.58,1.59
2025-07-24 16:09:05.029,1.582,1.578,1.693,1.467,1.577,1.586,1.47,1.545,1.58,1.59
2025-07-24 16:09:05.079,1.582,1.579,1.693,1.467,1.571,1.586,1.47,1.544,1.582,1.59
2025-07-24 16:09:05.128,1.582,1.579,1.692,1.467,1.586,1.586,1.471,1.544,1.58,1.59
2025-07-24 16:09:05.178,1.582,1.577,1.692,1.466,1.578,1.586,1.47,1.544,1.581,1.59
2025-07-24 16:09:05.228,1.582,1.579,1.693,1.467,1.585,1.584,1.47,1.544,1.581,1.59
2025-07-24 16:09:05.278,1.582,1.578,1.693,1.467,1.588,1.586,1.47,1.544,1.581,1.59
2025-07-24 16:09:05.329,1.582,1.578,1.693,1.467,1.586,1.586,1.469,1.544,1.58,1.59
2025-07-24 16:09:05.379,1.582,1.578,1.693,1.467,1.583,1.586,1.47,1.544,1.58,1.59
2025-07-24 16:09:05.429,1.582,1.579,1.693,1.467,1.582,1.586,1.47,1.544,1.581,1.59
2025-07-24 16:09:05.478,1.581,1.579,1.693,1.467,1.591,1.586,1.469,1.544,1.581,1.59
2025-07-24 16:09:05.528,1.582,1.579,1.692,1.467,1.585,1.586,1.47,1.544,1.58,1.59
2025-07-24 16:09:05.579,1.582,1.578,1.693,1.467,1.582,1.586,1.469,1.544,1.58,1.591
2025-07-24 16:09:05.629,1.582,1.58,1.693,1.467,1.584,1.586,1.47,1.544,1.581,1.59
2025-07-24 16:09:05.678,1.582,1.579,1.694,1.467,1.583,1.586,1.47,1.544,1.58,1.59
2025-07-24 16:09:05.728,1.582,1.579,1.692,1.467,1.584,1.586,1.47,1.545,1.58,1.59
2025-07-24 16:09:05.778,1.582,1.579,1.692,1.467,1.589,1.585,1.47,1.544,1.581,1.59
2025-07-24 16:09:05.829,1.582,1.579,1.693,1.467,1.59,1.586,1.47,1.544,1.582,1.59
2025-07-24 16:09:05.879,1.582,1.58,1.693,1.467,1.587,1.586,1.47,1.545,1.58,1.59
2025-07-24 16:09:05.928,1.582,1.578,1.692,1.467,1.582,1.587,1.47,1.545,1.581,1.59
2025-07-24 16:09:05.978,1.582,1.578,1.693,1.467,1.582,1.585,1.47,1.544,1.58,1.59
2025-07-24 16:09:06.028,1.582,1.579,1.694,1.466,1.586,1.586,1.47,1.544,1.58,1.59
2025-07-24 16:09:06.078,1.582,1.579,1.693,1.467,1.581,1.586,1.469,1.544,1.581,1.59
2025-07-24 16:09:06.128,1.582,1.578,1.693,1.467,1.583,1.585,1.471,1.545,1.581,1.59
2025-07-24 16:09:06.179,1.582,1.578,1.693,1.467,1.584,1.586,1.469,1.545,1.581,1.59
2025-07-24 16:09:06.228,1.582,1.58,1.692,1.467,1.586,1.586,1.471,1.545,1.581,1.59
2025-07-24 16:09:06.278,1.582,1.578,1.693,1.467,1.587,1.586,1.47,1.544,1.581,1.59
2025-07-24 16:09:06.329,1.582,1.579,1.692,1.467,1.582,1.586,1.469,1.544,1.58,1.59
2025-07-24 16:09:06.379,1.582,1.579,1.693,1.467,1.58,1.586,1.47,1.544,1.58,1.59
2025-07-24 16:09:06.428,1.582,1.58,1.694,1.467,1.581,1.586,1.47,1.544,1.58,1.59
2025-07-24 16:09:06.478,1.582,1.58,1.693,1.467,1.582,1.586,1.47,1.544,1.581,1.59
2025-07-24 16:09:06.529,1.582,1.579,1.692,1.467,1.586,1.586,1.469,1.545,1.581,1.59
2025-07-24 16:09:06.579,1.582,1.578,1.692,1.468,1.582,1.586,1.47,1.545,1.581,1.59
2025-07-24 16:09:06.629,1.582,1.579,1.693,1.467,1.581,1.585,1.469,1.545,1.581,1.59
2025-07-24 16:09:06.678,1.582,1.58,1.692,1.467,1.582,1.585,1.468,1.544,1.581,1.59
2025-07-24 16:09:06.729,1.581,1.578,1.693,1.467,1.584,1.585,1.469,1.544,1.58,1.59
2025-07-24 16:09:06.779,1.582,1.578,1.693,1.467,1.586,1.586,1.469,1.545,1.582,1.59
2025-07-24 16:09:06.828,1.582,1.578,1.694,1.467,1.575,1.586,1.47,1.544,1.58,1.59
2025-07-24 16:09:06.878,1.582,1.579,1.692,1.467,1.565,1.585,1.47,1.545,1.581,1.59
2025-07-24 16:09:06.929,1.582,1.578,1.693,1.468,1.543,1.584,1.469,1.545,1.581,1.59
2025-07-24 16:09:06.978,1.582,1.578,1.693,1.467,1.523,1.584,1.47,1.545,1.581,1.59
2025-07-24 16:09:07.029,1.582,1.578,1.691,1.467,1.492,1.584,1.47,1.545,1.58,1.59
2025-07-24 16:09:07.079,1.581,1.578,1.691,1.468,1.44,1.582,1.469,1.545,1.581,1.59
2025-07-24 16:09:07.129,1.582,1.579,1.692,1.467,1.375,1.578,1.47,1.545,1.58,1.59
2025-07-24 16:09:07.179,1.581,1.579,1.692,1.467,1.322,1.577,1.469,1.545,1.58,1.59
2025-07-24 16:09:07.229,1.582,1.579,1.693,1.467,1.267,1.573,1.47,1.544,1.58,1.59
2025-07-24 16:09:07.279,1.582,1.579,1.692,1.467,1.215,1.569,1.47,1.544,1.581,1.59
2025-07-24 16:09:07.329,1.582,1.578,1.693,1.467,1.184,1.565,1.47,1.544,1.58,1.59
2025-07-24 16:09:07.378,1.582,1.578,1.692,1.467,1.178,1.561,1.47,1.545,1.58,1.589
2025-07-24 16:09:07.428,1.582,1.578,1.692,1.468,1.179,1.558,1.469,1.545,1.58,1.59
2025-07-24 16:09:07.479,1.582,1.579,1.692,1.467,1.226,1.554,1.469,1.545,1.579,1.59
2025-07-24 16:09:07.529,1.582,1.579,1.692,1.467,1.308,1.551,1.469,1.545,1.58,1.59
2025-07-24 16:09:07.579,1.582,1.578,1.692,1.468,1.391,1.55,1.468,1.545,1.58,1.59
2025-07-24 16:09:07.629,1.582,1.578,1.692,1.467,1.474,1.549,1.467,1.546,1.58,1.59
2025-07-24 16:09:07.680,1.582,1.578,1.692,1.467,1.532,1.549,1.468,1.546,1.581,1.59
2025-07-24 16:09:07.729,1.582,1.579,1.693,1.467,1.558,1.552,1.467,1.546,1.581,1.59
2025-07-24 16:09:07.780,1.581,1.579,1.693,1.467,1.569,1.552,1.468,1.546,1.581,1.59
2025-07-24 16:09:07.829,1.582,1.579,1.692,1.466,1.571,1.553,1.466,1.546,1.581,1.59
2025-07-24 16:09:07.879,1.582,1.578,1.694,1.467,1.57,1.554,1.466,1.546,1.581,1.59
2025-07-24 16:09:07.928,1.582,1.578,1.693,1.467,1.564,1.556,1.467,1.546,1.581,1.59
2025-07-24 16:09:07.979,1.582,1.578,1.693,1.467,1.572,1.556,1.466,1.547,1.581,1.59
2025-07-24 16:09:08.029,1.582,1.578,1.693,1.467,1.577,1.557,1.466,1.546,1.582,1.59
2025-07-24 16:09:08.079,1.582,1.578,1.692,1.467,1.572,1.558,1.466,1.546,1.581,1.59
2025-07-24 16:09:08.128,1.582,1.58,1.693,1.466,1.571,1.559,1.466,1.546,1.581,1.59
2025-07-24 16:09:08.180,1.582,1.578,1.693,1.467,1.558,1.561,1.466,1.546,1.581,1.59
2025-07-24 16:09:08.229,1.582,1.578,1.692,1.466,1.528,1.561,1.466,1.547,1.581,1.59
2025-07-24 16:09:08.278,1.583,1.578,1.692,1.467,1.489,1.561,1.465,1.547,1.58,1.59
2025-07-24 16:09:08.329,1.582,1.58,1.692,1.467,1.432,1.561,1.466,1.547,1.58,1.59
2025-07-24 16:09:08.379,1.582,1.578,1.693,1.467,1.39,1.559,1.465,1.547,1.58,1.59
2025-07-24 16:09:08.429,1.582,1.578,1.693,1.467,1.333,1.557,1.466,1.547,1.58,1.59
2025-07-24 16:09:08.479,1.582,1.578,1.692,1.467,1.275,1.556,1.466,1.547,1.58,1.59
2025-07-24 16:09:08.528,1.582,1.579,1.694,1.468,1.214,1.551,1.466,1.547,1.579,1.59
2025-07-24 16:09:08.579,1.582,1.578,1.692,1.467,1.183,1.548,1.465,1.547,1.579,1.59
2025-07-24 16:09:08.629,1.582,1.578,1.693,1.467,1.175,1.545,1.466,1.547,1.578,1.59
2025-07-24 16:09:08.679,1.582,1.579,1.693,1.466,1.173,1.542,1.465,1.548,1.578,1.59
2025-07-24 16:09:08.729,1.582,1.578,1.692,1.466,1.202,1.54,1.464,1.547,1.578,1.59
2025-07-24 16:09:08.779,1.582,1.578,1.693,1.467,1.254,1.536,1.463,1.547,1.577,1.59
2025-07-24 16:09:08.829,1.582,1.578,1.692,1.467,1.332,1.536,1.462,1.547,1.577,1.59
2025-07-24 16:09:08.879,1.581,1.579,1.692,1.467,1.418,1.533,1.464,1.547,1.577,1.59
2025-07-24 16:09:08.929,1.582,1.578,1.693,1.467,1.504,1.534,1.463,1.548,1.577,1.59
2025-07-24 16:09:08.980,1.582,1.58,1.693,1.467,1.541,1.536,1.462,1.547,1.577,1.59
2025-07-24 16:09:09.029,1.582,1.578,1.693,1.468,1.561,1.536,1.461,1.548,1.577,1.59
2025-07-24 16:09:09.079,1.582,1.578,1.692,1.466,1.564,1.539,1.463,1.547,1.577,1.59
2025-07-24 16:09:09.130,1.582,1.578,1.693,1.467,1.567,1.541,1.461,1.547,1.576,1.59
2025-07-24 16:09:09.179,1.582,1.578,1.692,1.467,1.573,1.542,1.463,1.547,1.576,1.59
2025-07-24 16:09:09.230,1.582,1.579,1.692,1.468,1.573,1.544,1.462,1.547,1.575,1.59
2025-07-24 16:09:09.280,1.582,1.578,1.693,1.467,1.575,1.545,1.461,1.547,1.577,1.59
2025-07-24 16:09:09.329,1.582,1.579,1.693,1.467,1.574,1.546,1.464,1.547,1.576,1.59
2025-07-24 16:09:09.380,1.582,1.578,1.692,1.467,1.573,1.549,1.462,1.547,1.576,1.59
2025-07-24 16:09:09.430,1.582,1.578,1.693,1.466,1.573,1.55,1.461,1.547,1.574,1.59
2025-07-24 16:09:09.479,1.582,1.578,1.693,1.468,1.566,1.55,1.461,1.548,1.575,1.589
2025-07-24 16:09:09.530,1.582,1.578,1.692,1.466,1.547,1.552,1.462,1.547,1.575,1.59
2025-07-24 16:09:09.578,1.582,1.578,1.693,1.466,1.518,1.552,1.462,1.548,1.574,1.589
2025-07-24 16:09:09.629,1.581,1.579,1.692,1.467,1.485,1.553,1.461,1.546,1.574,1.589
2025-07-24 16:09:09.679,1.581,1.578,1.692,1.467,1.438,1.553,1.461,1.547,1.575,1.589
2025-07-24 16:09:09.730,1.581,1.578,1.692,1.467,1.391,1.551,1.461,1.547,1.575,1.589
2025-07-24 16:09:09.780,1.581,1.578,1.692,1.467,1.337,1.55,1.461,1.546,1.574,1.589
2025-07-24 16:09:09.830,1.581,1.578,1.692,1.466,1.275,1.547,1.461,1.547,1.575,1.589
2025-07-24 16:09:09.879,1.582,1.579,1.691,1.466,1.227,1.544,1.461,1.546,1.575,1.589
2025-07-24 16:09:09.930,1.582,1.577,1.691,1.466,1.206,1.541,1.461,1.546,1.576,1.588
2025-07-24 16:09:09.979,1.582,1.578,1.693,1.466,1.188,1.54,1.461,1.547,1.575,1.588
2025-07-24 16:09:10.030,1.581,1.579,1.693,1.467,1.188,1.536,1.461,1.548,1.575,1.588
2025-07-24 16:09:10.080,1.582,1.579,1.692,1.467,1.185,1.532,1.462,1.547,1.575,1.59
2025-07-24 16:09:10.129,1.582,1.578,1.693,1.467,1.202,1.532,1.461,1.546,1.575,1.589
2025-07-24 16:09:10.179,1.582,1.577,1.693,1.468,1.241,1.529,1.46,1.547,1.576,1.589
2025-07-24 16:09:10.229,1.582,1.578,1.692,1.467,1.312,1.527,1.462,1.547,1.575,1.589
2025-07-24 16:09:10.279,1.582,1.579,1.692,1.466,1.397,1.526,1.461,1.547,1.575,1.589
2025-07-24 16:09:10.329,1.582,1.578,1.693,1.466,1.49,1.527,1.462,1.548,1.575,1.589
2025-07-24 16:09:10.379,1.582,1.578,1.693,1.466,1.541,1.529,1.461,1.546,1.576,1.589
2025-07-24 16:09:10.429,1.582,1.578,1.693,1.467,1.563,1.531,1.461,1.546,1.576,1.589
2025-07-24 16:09:10.479,1.582,1.578,1.691,1.466,1.565,1.533,1.459,1.546,1.575,1.589
2025-07-24 16:09:10.529,1.582,1.578,1.692,1.467,1.566,1.536,1.46,1.547,1.575,1.588
2025-07-24 16:09:10.579,1.581,1.579,1.693,1.467,1.566,1.536,1.46,1.547,1.576,1.589
2025-07-24 16:09:10.629,1.581,1.579,1.692,1.466,1.577,1.539,1.458,1.547,1.576,1.588
2025-07-24 16:09:10.679,1.582,1.579,1.692,1.467,1.586,1.54,1.462,1.546,1.575,1.589
2025-07-24 16:09:10.729,1.581,1.579,1.693,1.466,1.587,1.542,1.461,1.546,1.576,1.589
2025-07-24 16:09:10.780,1.581,1.578,1.692,1.467,1.572,1.544,1.46,1.546,1.577,1.589
2025-07-24 16:09:10.830,1.581,1.578,1.692,1.467,1.571,1.545,1.461,1.546,1.576,1.589
2025-07-24 16:09:10.880,1.582,1.579,1.692,1.467,1.569,1.546,1.461,1.547,1.577,1.588
2025-07-24 16:09:10.929,1.582,1.579,1.693,1.467,1.553,1.548,1.46,1.547,1.577,1.588
2025-07-24 16:09:10.979,1.582,1.579,1.693,1.467,1.518,1.549,1.46,1.546,1.577,1.589
2025-07-24 16:09:11.030,1.582,1.579,1.692,1.467,1.48,1.549,1.459,1.546,1.577,1.589
2025-07-24 16:09:11.079,1.582,1.579,1.693,1.467,1.444,1.549,1.46,1.546,1.577,1.589
2025-07-24 16:09:11.130,1.581,1.579,1.692,1.466,1.403,1.548,1.461,1.546,1.577,1.589
2025-07-24 16:09:11.180,1.582,1.578,1.693,1.467,1.353,1.547,1.458,1.546,1.577,1.589
2025-07-24 16:09:11.230,1.582,1.578,1.692,1.467,1.293,1.546,1.46,1.546,1.577,1.589
2025-07-24 16:09:11.279,1.582,1.578,1.692,1.467,1.235,1.543,1.461,1.546,1.577,1.589
2025-07-24 16:09:11.329,1.582,1.578,1.693,1.466,1.203,1.541,1.46,1.546,1.577,1.589
2025-07-24 16:09:11.379,1.581,1.578,1.692,1.466,1.196,1.539,1.46,1.546,1.577,1.589
2025-07-24 16:09:11.430,1.582,1.578,1.692,1.467,1.194,1.534,1.461,1.546,1.578,1.589
2025-07-24 16:09:11.480,1.581,1.578,1.692,1.467,1.207,1.532,1.457,1.546,1.578,1.589
2025-07-24 16:09:11.529,1.582,1.579,1.692,1.467,1.234,1.529,1.461,1.546,1.578,1.588
2025-07-24 16:09:11.579,1.582,1.578,1.691,1.467,1.264,1.528,1.458,1.546,1.578,1.589
2025-07-24 16:09:11.630,1.581,1.579,1.692,1.466,1.309,1.526,1.46,1.546,1.578,1.589
2025-07-24 16:09:11.680,1.581,1.578,1.692,1.467,1.372,1.525,1.459,1.546,1.577,1.589
2025-07-24 16:09:11.729,1.581,1.578,1.693,1.466,1.449,1.526,1.459,1.546,1.578,1.589
2025-07-24 16:09:11.779,1.581,1.579,1.693,1.467,1.515,1.526,1.458,1.546,1.578,1.59
2025-07-24 16:09:11.829,1.581,1.578,1.691,1.466,1.547,1.529,1.458,1.545,1.578,1.588
2025-07-24 16:09:11.880,1.581,1.578,1.693,1.467,1.557,1.53,1.458,1.545,1.579,1.589
2025-07-24 16:09:11.929,1.581,1.578,1.692,1.467,1.565,1.533,1.458,1.545,1.577,1.589
2025-07-24 16:09:11.979,1.581,1.577,1.692,1.467,1.569,1.534,1.459,1.545,1.578,1.589
2025-07-24 16:09:12.030,1.581,1.578,1.692,1.467,1.569,1.536,1.458,1.545,1.578,1.589
2025-07-24 16:09:12.080,1.581,1.579,1.692,1.467,1.569,1.537,1.459,1.544,1.578,1.59
2025-07-24 16:09:12.129,1.581,1.577,1.693,1.467,1.571,1.54,1.458,1.544,1.578,1.589
2025-07-24 16:09:12.180,1.581,1.577,1.693,1.466,1.572,1.541,1.458,1.544,1.579,1.589
2025-07-24 16:09:12.229,1.581,1.577,1.692,1.467,1.572,1.543,1.459,1.545,1.579,1.589
2025-07-24 16:09:12.279,1.582,1.578,1.692,1.467,1.574,1.544,1.458,1.544,1.579,1.589
2025-07-24 16:09:12.330,1.58,1.578,1.692,1.467,1.548,1.545,1.461,1.544,1.578,1.59
2025-07-24 16:09:12.379,1.581,1.579,1.692,1.467,1.519,1.546,1.459,1.544,1.58,1.59
2025-07-24 16:09:12.430,1.581,1.579,1.693,1.467,1.481,1.548,1.46,1.546,1.579,1.589
2025-07-24 16:09:12.480,1.582,1.579,1.692,1.467,1.424,1.548,1.458,1.544,1.58,1.59
2025-07-24 16:09:12.530,1.581,1.578,1.692,1.466,1.376,1.547,1.458,1.545,1.58,1.59
2025-07-24 16:09:12.579,1.581,1.578,1.693,1.466,1.325,1.546,1.459,1.544,1.579,1.588
2025-07-24 16:09:12.630,1.581,1.579,1.693,1.467,1.277,1.543,1.461,1.544,1.58,1.59
2025-07-24 16:09:12.680,1.581,1.578,1.694,1.467,1.239,1.541,1.46,1.545,1.58,1.589
2025-07-24 16:09:12.729,1.582,1.577,1.693,1.466,1.217,1.538,1.46,1.545,1.58,1.59
2025-07-24 16:09:12.779,1.582,1.578,1.692,1.467,1.217,1.536,1.459,1.545,1.579,1.589
2025-07-24 16:09:12.829,1.581,1.577,1.692,1.467,1.217,1.533,1.46,1.544,1.579,1.589
2025-07-24 16:09:12.879,1.582,1.579,1.693,1.466,1.217,1.531,1.459,1.545,1.58,1.59
2025-07-24 16:09:12.929,1.581,1.578,1.693,1.466,1.246,1.528,1.458,1.545,1.58,1.589
2025-07-24 16:09:12.980,1.582,1.578,1.692,1.467,1.281,1.527,1.459,1.545,1.579,1.589
2025-07-24 16:09:13.029,1.581,1.578,1.692,1.467,1.338,1.525,1.458,1.545,1.579,1.59
2025-07-24 16:09:13.079,1.581,1.578,1.693,1.466,1.403,1.526,1.458,1.545,1.58,1.59
2025-07-24 16:09:13.129,1.581,1.579,1.692,1.467,1.469,1.526,1.458,1.544,1.58,1.589
2025-07-24 16:09:13.179,1.581,1.578,1.693,1.466,1.52,1.528,1.459,1.544,1.58,1.59
2025-07-24 16:09:13.230,1.581,1.578,1.693,1.467,1.549,1.529,1.457,1.545,1.58,1.59
2025-07-24 16:09:13.280,1.581,1.578,1.693,1.467,1.554,1.53,1.457,1.544,1.58,1.59
2025-07-24 16:09:13.330,1.582,1.579,1.692,1.467,1.565,1.532,1.458,1.544,1.58,1.59
2025-07-24 16:09:13.379,1.582,1.578,1.694,1.467,1.565,1.536,1.458,1.545,1.58,1.59
2025-07-24 16:09:13.429,1.582,1.579,1.693,1.467,1.57,1.536,1.457,1.545,1.581,1.59
2025-07-24 16:09:13.479,1.582,1.579,1.693,1.467,1.568,1.54,1.459,1.544,1.58,1.59
2025-07-24 16:09:13.530,1.582,1.578,1.693,1.466,1.565,1.541,1.459,1.544,1.581,1.59
2025-07-24 16:09:13.579,1.582,1.579,1.692,1.467,1.571,1.542,1.459,1.544,1.581,1.59
2025-07-24 16:09:13.630,1.581,1.578,1.693,1.467,1.569,1.544,1.459,1.545,1.581,1.59
2025-07-24 16:09:13.680,1.582,1.578,1.693,1.466,1.572,1.545,1.459,1.544,1.581,1.59
2025-07-24 16:09:13.730,1.581,1.578,1.693,1.467,1.554,1.546,1.458,1.545,1.581,1.59
2025-07-24 16:09:13.780,1.582,1.579,1.693,1.467,1.526,1.547,1.461,1.544,1.58,1.59
2025-07-24 16:09:13.829,1.582,1.578,1.692,1.468,1.484,1.548,1.459,1.544,1.581,1.59
2025-07-24 16:09:13.879,1.582,1.578,1.693,1.467,1.433,1.548,1.459,1.545,1.58,1.59
2025-07-24 16:09:13.930,1.582,1.578,1.693,1.467,1.379,1.547,1.461,1.544,1.581,1.59
2025-07-24 16:09:13.979,1.582,1.579,1.693,1.466,1.321,1.545,1.459,1.545,1.58,1.59
2025-07-24 16:09:14.028,1.582,1.579,1.694,1.467,1.267,1.544,1.457,1.544,1.58,1.59
2025-07-24 16:09:14.080,1.582,1.579,1.693,1.467,1.231,1.542,1.46,1.544,1.58,1.59
2025-07-24 16:09:14.130,1.582,1.578,1.694,1.466,1.219,1.539,1.46,1.544,1.58,1.59
2025-07-24 16:09:14.179,1.582,1.578,1.692,1.467,1.211,1.536,1.46,1.544,1.58,1.589
2025-07-24 16:09:14.229,1.582,1.578,1.692,1.467,1.222,1.533,1.459,1.544,1.58,1.59
2025-07-24 16:09:14.279,1.581,1.579,1.693,1.467,1.235,1.532,1.458,1.544,1.58,1.59
2025-07-24 16:09:14.329,1.582,1.579,1.693,1.467,1.279,1.528,1.459,1.544,1.58,1.59
2025-07-24 16:09:14.379,1.581,1.577,1.693,1.466,1.33,1.528,1.458,1.544,1.58,1.59
2025-07-24 16:09:14.429,1.582,1.577,1.692,1.467,1.394,1.527,1.459,1.544,1.58,1.59
2025-07-24 16:09:14.479,1.582,1.578,1.692,1.466,1.459,1.528,1.457,1.544,1.58,1.59
2025-07-24 16:09:14.530,1.581,1.577,1.692,1.467,1.503,1.528,1.458,1.544,1.579,1.59
2025-07-24 16:09:14.580,1.582,1.578,1.693,1.467,1.537,1.53,1.459,1.544,1.58,1.59
2025-07-24 16:09:14.630,1.582,1.579,1.692,1.467,1.553,1.532,1.458,1.544,1.58,1.59
2025-07-24 16:09:14.679,1.582,1.577,1.692,1.466,1.557,1.534,1.458,1.543,1.58,1.59
2025-07-24 16:09:14.730,1.582,1.578,1.694,1.467,1.569,1.536,1.458,1.544,1.581,1.59
2025-07-24 16:09:14.779,1.583,1.578,1.692,1.467,1.569,1.538,1.458,1.544,1.58,1.59
2025-07-24 16:09:14.830,1.582,1.579,1.693,1.467,1.569,1.54,1.458,1.544,1.58,1.59
2025-07-24 16:09:14.880,1.582,1.579,1.694,1.467,1.568,1.54,1.458,1.544,1.58,1.59
2025-07-24 16:09:14.929,1.582,1.578,1.693,1.467,1.575,1.542,1.458,1.544,1.58,1.59
2025-07-24 16:09:14.979,1.582,1.58,1.693,1.467,1.569,1.544,1.458,1.544,1.581,1.59
2025-07-24 16:09:15.029,1.582,1.578,1.693,1.467,1.57,1.546,1.46,1.545,1.58,1.591
2025-07-24 16:09:15.079,1.582,1.58,1.693,1.467,1.564,1.548,1.459,1.545,1.58,1.59
2025-07-24 16:09:15.129,1.582,1.579,1.693,1.467,1.555,1.549,1.46,1.544,1.581,1.59
2025-07-24 16:09:15.180,1.582,1.58,1.694,1.467,1.525,1.551,1.46,1.544,1.581,1.591
2025-07-24 16:09:15.229,1.583,1.579,1.694,1.467,1.487,1.551,1.461,1.545,1.581,1.591
2025-07-24 16:09:15.280,1.583,1.581,1.694,1.467,1.438,1.55,1.461,1.545,1.582,1.59
2025-07-24 16:09:15.330,1.582,1.579,1.694,1.467,1.387,1.55,1.46,1.545,1.581,1.591
2025-07-24 16:09:15.379,1.582,1.581,1.694,1.467,1.336,1.548,1.461,1.545,1.582,1.59
2025-07-24 16:09:15.430,1.582,1.58,1.694,1.467,1.288,1.547,1.461,1.545,1.582,1.591
2025-07-24 16:09:15.479,1.583,1.579,1.694,1.467,1.258,1.544,1.462,1.545,1.582,1.591
2025-07-24 16:09:15.530,1.583,1.579,1.694,1.467,1.246,1.541,1.46,1.545,1.581,1.592
2025-07-24 16:09:15.580,1.583,1.58,1.694,1.468,1.245,1.54,1.461,1.545,1.581,1.591
2025-07-24 16:09:15.630,1.583,1.581,1.694,1.467,1.245,1.536,1.461,1.546,1.582,1.591
2025-07-24 16:09:15.680,1.583,1.58,1.694,1.467,1.256,1.535,1.461,1.546,1.582,1.591
2025-07-24 16:09:15.730,1.583,1.58,1.694,1.467,1.28,1.532,1.461,1.546,1.582,1.591
2025-07-24 16:09:15.780,1.583,1.58,1.694,1.468,1.323,1.531,1.461,1.546,1.582,1.591
2025-07-24 16:09:15.830,1.583,1.58,1.694,1.468,1.378,1.531,1.459,1.546,1.582,1.592
2025-07-24 16:09:15.879,1.583,1.581,1.694,1.468,1.438,1.531,1.46,1.547,1.582,1.59
2025-07-24 16:09:15.929,1.584,1.58,1.694,1.468,1.494,1.532,1.462,1.546,1.582,1.592
2025-07-24 16:09:15.979,1.584,1.581,1.693,1.467,1.528,1.532,1.461,1.547,1.582,1.591
2025-07-24 16:09:16.030,1.583,1.581,1.694,1.467,1.546,1.534,1.46,1.546,1.582,1.592
2025-07-24 16:09:16.080,1.584,1.581,1.694,1.467,1.553,1.536,1.461,1.546,1.582,1.592
2025-07-24 16:09:16.129,1.583,1.582,1.695,1.467,1.561,1.538,1.46,1.546,1.582,1.591
2025-07-24 16:09:16.179,1.583,1.58,1.694,1.467,1.562,1.54,1.46,1.546,1.581,1.592
2025-07-24 16:09:16.229,1.584,1.581,1.694,1.467,1.576,1.542,1.461,1.546,1.582,1.591
2025-07-24 16:09:16.280,1.583,1.582,1.694,1.467,1.573,1.543,1.461,1.546,1.582,1.592
2025-07-24 16:09:16.330,1.583,1.58,1.694,1.467,1.572,1.544,1.459,1.546,1.582,1.592
2025-07-24 16:09:16.379,1.584,1.58,1.694,1.468,1.572,1.546,1.463,1.547,1.581,1.591
2025-07-24 16:09:16.430,1.584,1.581,1.694,1.467,1.571,1.548,1.459,1.547,1.582,1.592
2025-07-24 16:09:16.479,1.583,1.581,1.694,1.467,1.575,1.549,1.46,1.547,1.581,1.591
2025-07-24 16:09:16.529,1.584,1.581,1.694,1.467,1.569,1.55,1.463,1.546,1.582,1.591
2025-07-24 16:09:16.579,1.583,1.581,1.694,1.467,1.547,1.551,1.46,1.546,1.581,1.592
2025-07-24 16:09:16.629,1.583,1.582,1.694,1.468,1.522,1.553,1.462,1.547,1.581,1.592
2025-07-24 16:09:16.680,1.583,1.581,1.694,1.467,1.491,1.553,1.463,1.547,1.581,1.591
2025-07-24 16:09:16.730,1.583,1.581,1.694,1.467,1.455,1.552,1.46,1.547,1.58,1.591
2025-07-24 16:09:16.780,1.584,1.58,1.694,1.467,1.406,1.553,1.46,1.547,1.58,1.592
2025-07-24 16:09:16.830,1.583,1.581,1.694,1.467,1.346,1.55,1.461,1.548,1.58,1.591
2025-07-24 16:09:16.879,1.584,1.581,1.694,1.467,1.295,1.549,1.461,1.547,1.579,1.591
2025-07-24 16:09:16.930,1.583,1.581,1.694,1.467,1.258,1.546,1.459,1.547,1.58,1.592
2025-07-24 16:09:16.980,1.583,1.581,1.694,1.467,1.237,1.544,1.462,1.547,1.579,1.591
2025-07-24 16:09:17.029,1.583,1.581,1.695,1.467,1.237,1.541,1.461,1.547,1.578,1.591
2025-07-24 16:09:17.080,1.582,1.581,1.694,1.468,1.232,1.539,1.461,1.546,1.578,1.591
2025-07-24 16:09:17.129,1.583,1.58,1.694,1.467,1.249,1.536,1.461,1.548,1.578,1.591
2025-07-24 16:09:17.179,1.584,1.581,1.694,1.467,1.267,1.534,1.461,1.548,1.577,1.591
2025-07-24 16:09:17.230,1.584,1.581,1.694,1.468,1.307,1.532,1.461,1.548,1.577,1.592
2025-07-24 16:09:17.279,1.583,1.582,1.693,1.468,1.352,1.532,1.461,1.547,1.577,1.59
2025-07-24 16:09:17.330,1.583,1.581,1.694,1.467,1.41,1.531,1.46,1.548,1.578,1.591
2025-07-24 16:09:17.380,1.582,1.581,1.693,1.467,1.47,1.531,1.46,1.547,1.577,1.592
2025-07-24 16:09:17.430,1.583,1.581,1.693,1.467,1.52,1.532,1.46,1.547,1.577,1.59
2025-07-24 16:09:17.480,1.583,1.58,1.694,1.468,1.553,1.533,1.461,1.547,1.577,1.59
2025-07-24 16:09:17.528,1.583,1.581,1.694,1.468,1.553,1.536,1.461,1.548,1.577,1.591
2025-07-24 16:09:17.580,1.582,1.58,1.694,1.468,1.566,1.538,1.461,1.548,1.577,1.59
2025-07-24 16:09:17.629,1.582,1.58,1.694,1.468,1.568,1.54,1.461,1.547,1.577,1.59
2025-07-24 16:09:17.680,1.583,1.581,1.694,1.467,1.573,1.541,1.459,1.546,1.577,1.59
2025-07-24 16:09:17.729,1.583,1.582,1.694,1.468,1.565,1.543,1.461,1.547,1.577,1.591
2025-07-24 16:09:17.780,1.582,1.581,1.694,1.468,1.563,1.544,1.46,1.546,1.577,1.591
2025-07-24 16:09:17.830,1.583,1.581,1.693,1.467,1.569,1.546,1.461,1.547,1.577,1.59
2025-07-24 16:09:17.880,1.583,1.58,1.694,1.468,1.565,1.547,1.461,1.547,1.577,1.59
2025-07-24 16:09:17.929,1.584,1.581,1.694,1.467,1.571,1.548,1.46,1.547,1.577,1.59
2025-07-24 16:09:17.979,1.583,1.58,1.693,1.468,1.572,1.55,1.458,1.546,1.577,1.59
2025-07-24 16:09:18.030,1.583,1.581,1.693,1.467,1.54,1.551,1.461,1.548,1.576,1.59
2025-07-24 16:09:18.080,1.582,1.581,1.694,1.468,1.5,1.551,1.461,1.546,1.576,1.59
2025-07-24 16:09:18.130,1.583,1.58,1.694,1.467,1.457,1.551,1.461,1.547,1.576,1.59
2025-07-24 16:09:18.179,1.582,1.58,1.694,1.468,1.403,1.552,1.46,1.547,1.577,1.59
2025-07-24 16:09:18.230,1.582,1.581,1.692,1.467,1.35,1.549,1.462,1.546,1.577,1.59
2025-07-24 16:09:18.279,1.583,1.581,1.694,1.467,1.288,1.546,1.461,1.547,1.577,1.59
2025-07-24 16:09:18.329,1.582,1.58,1.694,1.467,1.256,1.545,1.461,1.547,1.577,1.59
2025-07-24 16:09:18.379,1.582,1.58,1.694,1.467,1.242,1.543,1.461,1.547,1.577,1.59
2025-07-24 16:09:18.429,1.582,1.58,1.694,1.468,1.237,1.539,1.461,1.546,1.577,1.59
2025-07-24 16:09:18.479,1.582,1.581,1.694,1.468,1.241,1.536,1.461,1.546,1.576,1.59
2025-07-24 16:09:18.529,1.582,1.58,1.693,1.467,1.245,1.536,1.461,1.547,1.577,1.59
2025-07-24 16:09:18.579,1.582,1.58,1.694,1.467,1.262,1.532,1.461,1.547,1.577,1.59
2025-07-24 16:09:18.629,1.582,1.581,1.694,1.468,1.305,1.53,1.46,1.546,1.577,1.59
2025-07-24 16:09:18.680,1.583,1.581,1.693,1.468,1.354,1.53,1.459,1.547,1.577,1.59
2025-07-24 16:09:18.729,1.582,1.58,1.694,1.467,1.424,1.53,1.46,1.546,1.577,1.59
2025-07-24 16:09:18.780,1.582,1.579,1.693,1.468,1.485,1.53,1.461,1.546,1.577,1.59
2025-07-24 16:09:18.829,1.582,1.58,1.693,1.468,1.526,1.532,1.459,1.546,1.577,1.59
2025-07-24 16:09:18.879,1.582,1.58,1.693,1.467,1.561,1.533,1.459,1.546,1.577,1.59
2025-07-24 16:09:18.929,1.582,1.579,1.693,1.467,1.551,1.535,1.458,1.546,1.577,1.589
2025-07-24 16:09:18.979,1.582,1.58,1.693,1.467,1.553,1.536,1.459,1.546,1.577,1.59
2025-07-24 16:09:19.029,1.583,1.581,1.693,1.468,1.561,1.539,1.459,1.546,1.578,1.59
2025-07-24 16:09:19.080,1.583,1.58,1.693,1.467,1.567,1.54,1.46,1.546,1.578,1.589
2025-07-24 16:09:19.129,1.582,1.58,1.692,1.467,1.565,1.542,1.458,1.546,1.577,1.59
2025-07-24 16:09:19.180,1.582,1.58,1.693,1.468,1.577,1.544,1.46,1.546,1.577,1.59
2025-07-24 16:09:19.229,1.582,1.58,1.694,1.468,1.563,1.544,1.459,1.545,1.578,1.589
2025-07-24 16:09:19.278,1.582,1.579,1.694,1.467,1.573,1.546,1.461,1.546,1.578,1.59
2025-07-24 16:09:19.330,1.582,1.58,1.693,1.467,1.571,1.548,1.459,1.546,1.577,1.59
2025-07-24 16:09:19.379,1.582,1.579,1.694,1.467,1.566,1.549,1.459,1.546,1.578,1.59
2025-07-24 16:09:19.430,1.582,1.58,1.694,1.467,1.551,1.55,1.46,1.546,1.579,1.59
2025-07-24 16:09:19.479,1.582,1.58,1.693,1.467,1.512,1.551,1.461,1.546,1.579,1.59
2025-07-24 16:09:19.530,1.582,1.579,1.693,1.467,1.457,1.552,1.461,1.546,1.579,1.59
2025-07-24 16:09:19.579,1.582,1.58,1.694,1.467,1.411,1.551,1.459,1.546,1.579,1.59
2025-07-24 16:09:19.629,1.582,1.579,1.694,1.467,1.355,1.55,1.46,1.546,1.579,1.59
2025-07-24 16:09:19.679,1.582,1.58,1.693,1.468,1.299,1.548,1.459,1.546,1.58,1.59
2025-07-24 16:09:19.729,1.582,1.58,1.693,1.467,1.261,1.544,1.46,1.546,1.579,1.59
2025-07-24 16:09:19.779,1.583,1.579,1.693,1.467,1.243,1.543,1.46,1.546,1.58,1.59
2025-07-24 16:09:19.830,1.582,1.579,1.693,1.467,1.245,1.54,1.461,1.546,1.581,1.59
2025-07-24 16:09:19.879,1.582,1.579,1.694,1.467,1.236,1.537,1.46,1.546,1.58,1.59
2025-07-24 16:09:19.930,1.582,1.58,1.693,1.467,1.262,1.536,1.46,1.546,1.58,1.59
2025-07-24 16:09:19.980,1.582,1.58,1.694,1.468,1.289,1.533,1.46,1.546,1.581,1.59
2025-07-24 16:09:20.030,1.582,1.58,1.693,1.468,1.34,1.532,1.459,1.546,1.581,1.591
2025-07-24 16:09:20.080,1.582,1.58,1.693,1.467,1.418,1.532,1.46,1.546,1.581,1.59
2025-07-24 16:09:20.129,1.582,1.579,1.694,1.467,1.476,1.532,1.46,1.546,1.581,1.59
2025-07-24 16:09:20.179,1.582,1.58,1.693,1.468,1.516,1.533,1.459,1.546,1.58,1.59
2025-07-24 16:09:20.229,1.582,1.58,1.694,1.467,1.544,1.535,1.46,1.546,1.581,1.59
2025-07-24 16:09:20.279,1.582,1.581,1.693,1.468,1.541,1.536,1.461,1.546,1.58,1.59
2025-07-24 16:09:20.329,1.582,1.579,1.693,1.467,1.561,1.538,1.46,1.546,1.58,1.59
2025-07-24 16:09:20.379,1.582,1.579,1.694,1.467,1.572,1.539,1.461,1.546,1.581,1.59
2025-07-24 16:09:20.429,1.582,1.58,1.694,1.468,1.571,1.541,1.458,1.546,1.58,1.59
2025-07-24 16:09:20.479,1.582,1.579,1.694,1.467,1.57,1.544,1.461,1.546,1.581,1.59
2025-07-24 16:09:20.529,1.582,1.58,1.693,1.467,1.574,1.544,1.459,1.546,1.581,1.59
2025-07-24 16:09:20.580,1.582,1.58,1.693,1.468,1.571,1.546,1.46,1.546,1.581,1.59
2025-07-24 16:09:20.629,1.582,1.579,1.693,1.467,1.577,1.547,1.46,1.546,1.581,1.59
2025-07-24 16:09:20.679,1.582,1.58,1.694,1.466,1.569,1.549,1.46,1.546,1.581,1.59
2025-07-24 16:09:20.729,1.582,1.578,1.694,1.467,1.57,1.55,1.461,1.546,1.582,1.59
2025-07-24 16:09:20.779,1.582,1.581,1.693,1.468,1.567,1.551,1.46,1.546,1.582,1.59
2025-07-24 16:09:20.830,1.582,1.58,1.694,1.467,1.538,1.553,1.46,1.546,1.581,1.591
2025-07-24 16:09:20.880,1.582,1.58,1.693,1.468,1.497,1.553,1.46,1.546,1.581,1.59
2025-07-24 16:09:20.929,1.582,1.579,1.694,1.467,1.458,1.553,1.46,1.546,1.581,1.59
2025-07-24 16:09:20.979,1.582,1.58,1.693,1.467,1.405,1.551,1.461,1.546,1.581,1.59
2025-07-24 16:09:21.029,1.582,1.579,1.694,1.468,1.353,1.551,1.461,1.546,1.581,1.59
2025-07-24 16:09:21.079,1.582,1.579,1.693,1.467,1.3,1.548,1.46,1.545,1.581,1.59
2025-07-24 16:09:21.129,1.582,1.58,1.693,1.467,1.267,1.546,1.46,1.546,1.581,1.59
2025-07-24 16:09:21.180,1.582,1.58,1.693,1.467,1.249,1.543,1.46,1.546,1.582,1.59
2025-07-24 16:09:21.229,1.582,1.579,1.693,1.467,1.24,1.541,1.459,1.546,1.582,1.59
2025-07-24 16:09:21.279,1.582,1.579,1.694,1.467,1.253,1.538,1.458,1.546,1.581,1.59
2025-07-24 16:09:21.330,1.582,1.578,1.692,1.467,1.276,1.536,1.459,1.545,1.581,1.59
2025-07-24 16:09:21.380,1.582,1.579,1.694,1.468,1.315,1.533,1.46,1.546,1.582,1.59
2025-07-24 16:09:21.430,1.582,1.579,1.693,1.467,1.37,1.533,1.459,1.546,1.581,1.59
2025-07-24 16:09:21.480,1.582,1.579,1.693,1.468,1.429,1.533,1.459,1.545,1.58,1.59
2025-07-24 16:09:21.529,1.582,1.579,1.694,1.467,1.483,1.534,1.46,1.546,1.581,1.59
2025-07-24 16:09:21.579,1.582,1.578,1.692,1.467,1.536,1.534,1.46,1.546,1.581,1.59
2025-07-24 16:09:21.630,1.582,1.578,1.693,1.467,1.554,1.536,1.458,1.546,1.582,1.59
2025-07-24 16:09:21.679,1.582,1.579,1.691,1.467,1.559,1.538,1.459,1.545,1.581,1.59
2025-07-24 16:09:21.729,1.582,1.579,1.693,1.467,1.554,1.54,1.46,1.546,1.582,1.59
2025-07-24 16:09:21.780,1.582,1.578,1.693,1.467,1.571,1.541,1.459,1.546,1.582,1.59
2025-07-24 16:09:21.830,1.582,1.579,1.693,1.467,1.557,1.542,1.46,1.546,1.581,1.59
2025-07-24 16:09:21.880,1.582,1.578,1.693,1.467,1.568,1.544,1.46,1.545,1.582,1.59
2025-07-24 16:09:21.929,1.582,1.579,1.694,1.467,1.571,1.545,1.46,1.546,1.581,1.59
2025-07-24 16:09:21.980,1.582,1.58,1.693,1.467,1.564,1.548,1.46,1.546,1.582,1.59
2025-07-24 16:09:22.029,1.582,1.579,1.693,1.467,1.565,1.548,1.46,1.546,1.582,1.59
2025-07-24 16:09:22.080,1.582,1.579,1.694,1.467,1.563,1.549,1.461,1.546,1.582,1.59
2025-07-24 16:09:22.130,1.582,1.579,1.693,1.467,1.549,1.551,1.461,1.546,1.582,1.59
2025-07-24 16:09:22.179,1.582,1.579,1.693,1.468,1.515,1.551,1.461,1.546,1.582,1.59
2025-07-24 16:09:22.229,1.582,1.579,1.693,1.467,1.478,1.552,1.461,1.546,1.582,1.59
2025-07-24 16:09:22.280,1.582,1.579,1.694,1.467,1.422,1.552,1.46,1.546,1.582,1.591
2025-07-24 16:09:22.330,1.582,1.578,1.694,1.467,1.374,1.551,1.461,1.547,1.582,1.59
2025-07-24 16:09:22.380,1.582,1.579,1.693,1.467,1.319,1.549,1.461,1.546,1.582,1.59
2025-07-24 16:09:22.429,1.582,1.579,1.693,1.467,1.277,1.546,1.46,1.546,1.582,1.59
2025-07-24 16:09:22.480,1.582,1.578,1.693,1.467,1.252,1.544,1.461,1.546,1.582,1.591
2025-07-24 16:09:22.530,1.582,1.579,1.694,1.467,1.256,1.542,1.461,1.546,1.582,1.591
2025-07-24 16:09:22.580,1.583,1.58,1.693,1.468,1.254,1.539,1.462,1.546,1.582,1.591
2025-07-24 16:09:22.629,1.582,1.58,1.693,1.467,1.258,1.537,1.461,1.547,1.582,1.591
2025-07-24 16:09:22.679,1.582,1.579,1.694,1.467,1.276,1.535,1.461,1.546,1.582,1.59
2025-07-24 16:09:22.730,1.582,1.579,1.693,1.467,1.31,1.533,1.461,1.546,1.582,1.59
2025-07-24 16:09:22.779,1.582,1.579,1.694,1.467,1.342,1.532,1.461,1.547,1.582,1.59
2025-07-24 16:09:22.830,1.582,1.58,1.694,1.467,1.408,1.532,1.46,1.546,1.582,1.591
2025-07-24 16:09:22.880,1.582,1.58,1.693,1.467,1.466,1.532,1.459,1.546,1.582,1.591
2025-07-24 16:09:22.930,1.583,1.579,1.694,1.467,1.516,1.533,1.461,1.546,1.582,1.591
2025-07-24 16:09:22.979,1.582,1.579,1.694,1.467,1.548,1.534,1.461,1.546,1.581,1.59
2025-07-24 16:09:23.030,1.582,1.579,1.693,1.468,1.549,1.536,1.459,1.546,1.581,1.59
2025-07-24 16:09:23.080,1.582,1.58,1.694,1.467,1.561,1.538,1.459,1.546,1.582,1.591
2025-07-24 16:09:23.129,1.582,1.579,1.693,1.467,1.557,1.539,1.459,1.546,1.582,1.591
2025-07-24 16:09:23.180,1.582,1.579,1.694,1.468,1.563,1.541,1.458,1.546,1.581,1.591
2025-07-24 16:09:23.230,1.582,1.579,1.694,1.468,1.574,1.543,1.46,1.546,1.582,1.59
2025-07-24 16:09:23.279,1.582,1.579,1.692,1.467,1.572,1.545,1.461,1.546,1.582,1.591
2025-07-24 16:09:23.329,1.583,1.579,1.693,1.467,1.561,1.545,1.46,1.546,1.582,1.59
2025-07-24 16:09:23.380,1.582,1.579,1.692,1.467,1.565,1.547,1.461,1.546,1.582,1.591
2025-07-24 16:09:23.430,1.582,1.58,1.694,1.467,1.554,1.547,1.46,1.546,1.582,1.591
2025-07-24 16:09:23.479,1.582,1.58,1.693,1.468,1.536,1.548,1.461,1.546,1.582,1.59
2025-07-24 16:09:23.530,1.582,1.579,1.692,1.467,1.499,1.55,1.46,1.546,1.581,1.59
2025-07-24 16:09:23.580,1.582,1.579,1.692,1.467,1.452,1.55,1.459,1.546,1.581,1.591
2025-07-24 16:09:23.630,1.582,1.578,1.693,1.467,1.398,1.549,1.459,1.546,1.582,1.59
2025-07-24 16:09:23.680,1.582,1.58,1.693,1.467,1.345,1.548,1.461,1.545,1.582,1.59
2025-07-24 16:09:23.730,1.582,1.578,1.693,1.467,1.304,1.547,1.46,1.546,1.582,1.59
2025-07-24 16:09:23.779,1.583,1.58,1.692,1.467,1.269,1.544,1.46,1.546,1.582,1.59
2025-07-24 16:09:23.830,1.582,1.579,1.693,1.467,1.257,1.541,1.461,1.546,1.582,1.59
2025-07-24 16:09:23.880,1.582,1.578,1.692,1.468,1.265,1.539,1.46,1.545,1.581,1.59
2025-07-24 16:09:23.929,1.582,1.578,1.694,1.468,1.258,1.536,1.46,1.546,1.582,1.59
2025-07-24 16:09:23.981,1.582,1.579,1.693,1.466,1.261,1.534,1.46,1.546,1.581,1.59
2025-07-24 16:09:24.030,1.582,1.578,1.693,1.467,1.273,1.533,1.46,1.545,1.581,1.591
2025-07-24 16:09:24.079,1.582,1.578,1.693,1.468,1.291,1.531,1.461,1.546,1.581,1.59
2025-07-24 16:09:24.130,1.582,1.578,1.692,1.466,1.337,1.53,1.458,1.546,1.582,1.59
2025-07-24 16:09:24.179,1.582,1.578,1.692,1.467,1.391,1.529,1.457,1.546,1.582,1.59
2025-07-24 16:09:24.229,1.582,1.578,1.693,1.467,1.454,1.529,1.458,1.546,1.582,1.59
2025-07-24 16:09:24.281,1.582,1.579,1.692,1.467,1.499,1.53,1.458,1.545,1.582,1.591
2025-07-24 16:09:24.330,1.582,1.579,1.692,1.467,1.537,1.532,1.459,1.545,1.582,1.59
2025-07-24 16:09:24.379,1.582,1.579,1.692,1.466,1.544,1.532,1.459,1.545,1.582,1.59
2025-07-24 16:09:24.429,1.582,1.578,1.692,1.467,1.557,1.534,1.457,1.545,1.582,1.59
2025-07-24 16:09:24.479,1.582,1.579,1.693,1.467,1.559,1.537,1.458,1.545,1.581,1.59
2025-07-24 16:09:24.529,1.582,1.579,1.693,1.467,1.565,1.538,1.459,1.545,1.582,1.59
2025-07-24 16:09:24.580,1.582,1.578,1.692,1.466,1.571,1.54,1.46,1.545,1.582,1.59
2025-07-24 16:09:24.630,1.582,1.578,1.692,1.468,1.57,1.543,1.459,1.545,1.581,1.59
2025-07-24 16:09:24.680,1.582,1.579,1.693,1.466,1.565,1.544,1.459,1.545,1.581,1.59
2025-07-24 16:09:24.729,1.582,1.578,1.692,1.467,1.571,1.545,1.459,1.545,1.581,1.59
2025-07-24 16:09:24.780,1.582,1.579,1.693,1.467,1.569,1.547,1.459,1.545,1.582,1.59
2025-07-24 16:09:24.830,1.582,1.579,1.693,1.466,1.536,1.548,1.459,1.545,1.581,1.591
2025-07-24 16:09:24.880,1.582,1.578,1.692,1.466,1.495,1.548,1.461,1.545,1.582,1.591
2025-07-24 16:09:24.930,1.582,1.578,1.694,1.466,1.461,1.549,1.46,1.545,1.581,1.59
2025-07-24 16:09:24.980,1.582,1.578,1.692,1.467,1.411,1.548,1.459,1.546,1.582,1.59
2025-07-24 16:09:25.030,1.582,1.578,1.692,1.467,1.358,1.547,1.459,1.544,1.58,1.59
2025-07-24 16:09:25.080,1.582,1.578,1.693,1.467,1.312,1.545,1.458,1.545,1.582,1.59
2025-07-24 16:09:25.129,1.582,1.578,1.693,1.467,1.288,1.543,1.461,1.544,1.581,1.59
2025-07-24 16:09:25.180,1.582,1.579,1.692,1.467,1.281,1.541,1.461,1.544,1.581,1.59
2025-07-24 16:09:25.230,1.582,1.579,1.692,1.467,1.283,1.539,1.461,1.545,1.581,1.59
2025-07-24 16:09:25.280,1.582,1.579,1.692,1.467,1.273,1.538,1.46,1.545,1.581,1.59
2025-07-24 16:09:25.330,1.582,1.579,1.693,1.467,1.285,1.535,1.461,1.545,1.582,1.59
2025-07-24 16:09:25.380,1.582,1.579,1.693,1.467,1.28,1.533,1.458,1.545,1.582,1.591
2025-07-24 16:09:25.429,1.582,1.578,1.693,1.466,1.286,1.533,1.46,1.545,1.582,1.591
2025-07-24 16:09:25.479,1.582,1.578,1.693,1.467,1.314,1.53,1.46,1.545,1.581,1.59
2025-07-24 16:09:25.530,1.582,1.579,1.694,1.467,1.355,1.53,1.461,1.545,1.582,1.59
2025-07-24 16:09:25.580,1.582,1.579,1.692,1.467,1.415,1.529,1.459,1.545,1.581,1.59
2025-07-24 16:09:25.630,1.582,1.578,1.693,1.467,1.461,1.529,1.461,1.545,1.582,1.59
2025-07-24 16:09:25.680,1.582,1.579,1.693,1.466,1.515,1.53,1.458,1.544,1.581,1.59
2025-07-24 16:09:25.730,1.582,1.579,1.693,1.467,1.544,1.532,1.459,1.545,1.581,1.59
2025-07-24 16:09:25.780,1.582,1.579,1.693,1.466,1.553,1.534,1.459,1.544,1.582,1.59
2025-07-24 16:09:25.829,1.582,1.579,1.693,1.468,1.556,1.536,1.458,1.545,1.581,1.59
2025-07-24 16:09:25.879,1.582,1.579,1.692,1.467,1.563,1.537,1.457,1.544,1.582,1.59
2025-07-24 16:09:25.929,1.583,1.579,1.693,1.467,1.57,1.539,1.459,1.544,1.581,1.59
2025-07-24 16:09:25.979,1.582,1.58,1.693,1.467,1.569,1.54,1.459,1.545,1.582,1.591
2025-07-24 16:09:26.029,1.582,1.58,1.693,1.466,1.566,1.542,1.459,1.545,1.582,1.591
2025-07-24 16:09:26.080,1.582,1.579,1.692,1.468,1.562,1.544,1.457,1.545,1.582,1.59
2025-07-24 16:09:26.129,1.582,1.578,1.693,1.467,1.567,1.546,1.457,1.545,1.581,1.59
2025-07-24 16:09:26.180,1.582,1.579,1.693,1.467,1.561,1.546,1.461,1.544,1.581,1.59
2025-07-24 16:09:26.229,1.582,1.579,1.693,1.467,1.561,1.548,1.459,1.544,1.582,1.59
2025-07-24 16:09:26.280,1.582,1.579,1.692,1.468,1.508,1.548,1.46,1.545,1.582,1.59
2025-07-24 16:09:26.330,1.582,1.578,1.693,1.467,1.47,1.549,1.46,1.544,1.582,1.59
2025-07-24 16:09:26.380,1.582,1.579,1.693,1.467,1.41,1.549,1.459,1.545,1.581,1.59
2025-07-24 16:09:26.429,1.582,1.579,1.693,1.467,1.354,1.548,1.459,1.545,1.581,1.591
2025-07-24 16:09:26.480,1.582,1.579,1.693,1.468,1.303,1.546,1.46,1.546,1.582,1.59
2025-07-24 16:09:26.530,1.582,1.58,1.693,1.466,1.281,1.544,1.46,1.546,1.581,1.59
2025-07-24 16:09:26.579,1.582,1.579,1.693,1.467,1.278,1.541,1.461,1.545,1.581,1.591
2025-07-24 16:09:26.630,1.582,1.579,1.693,1.467,1.278,1.54,1.46,1.546,1.582,1.591
2025-07-24 16:09:26.680,1.583,1.579,1.693,1.467,1.29,1.539,1.459,1.546,1.582,1.59
2025-07-24 16:09:26.730,1.584,1.579,1.694,1.467,1.305,1.536,1.46,1.545,1.582,1.591
2025-07-24 16:09:26.780,1.583,1.58,1.694,1.468,1.333,1.534,1.458,1.546,1.582,1.591
2025-07-24 16:09:26.830,1.583,1.58,1.694,1.467,1.358,1.534,1.46,1.546,1.582,1.591
2025-07-24 16:09:26.879,1.582,1.58,1.694,1.468,1.412,1.534,1.46,1.546,1.582,1.591
2025-07-24 16:09:26.930,1.583,1.58,1.693,1.467,1.467,1.534,1.46,1.546,1.582,1.59
2025-07-24 16:09:26.979,1.583,1.58,1.694,1.467,1.516,1.536,1.46,1.546,1.582,1.591
2025-07-24 16:09:27.030,1.583,1.58,1.694,1.468,1.538,1.536,1.461,1.546,1.582,1.591
2025-07-24 16:09:27.080,1.583,1.58,1.694,1.468,1.55,1.537,1.459,1.546,1.583,1.591
2025-07-24 16:09:27.130,1.584,1.58,1.694,1.468,1.559,1.54,1.46,1.546,1.582,1.591
2025-07-24 16:09:27.179,1.583,1.58,1.694,1.467,1.558,1.541,1.46,1.546,1.582,1.592
2025-07-24 16:09:27.229,1.583,1.581,1.694,1.467,1.569,1.543,1.46,1.546,1.582,1.592
2025-07-24 16:09:27.279,1.583,1.58,1.694,1.468,1.572,1.544,1.46,1.547,1.582,1.591
2025-07-24 16:09:27.329,1.582,1.581,1.694,1.467,1.571,1.546,1.461,1.546,1.582,1.592
2025-07-24 16:09:27.380,1.584,1.58,1.695,1.467,1.567,1.548,1.461,1.546,1.582,1.592
2025-07-24 16:09:27.430,1.583,1.581,1.694,1.468,1.574,1.549,1.461,1.547,1.582,1.592
2025-07-24 16:09:27.479,1.584,1.581,1.694,1.467,1.563,1.551,1.461,1.547,1.582,1.593
2025-07-24 16:09:27.529,1.583,1.581,1.694,1.467,1.569,1.552,1.46,1.547,1.582,1.592
2025-07-24 16:09:27.579,1.584,1.58,1.694,1.467,1.569,1.553,1.461,1.547,1.582,1.592
2025-07-24 16:09:27.630,1.583,1.582,1.694,1.467,1.553,1.553,1.461,1.548,1.581,1.592
2025-07-24 16:09:27.681,1.584,1.58,1.694,1.468,1.521,1.555,1.461,1.547,1.581,1.591
2025-07-24 16:09:27.730,1.584,1.581,1.694,1.468,1.48,1.555,1.463,1.547,1.581,1.592
2025-07-24 16:09:27.780,1.583,1.581,1.694,1.467,1.438,1.553,1.461,1.547,1.58,1.592
2025-07-24 16:09:27.830,1.584,1.581,1.694,1.468,1.374,1.553,1.461,1.548,1.58,1.592
2025-07-24 16:09:27.880,1.584,1.582,1.695,1.467,1.312,1.552,1.461,1.547,1.579,1.592
2025-07-24 16:09:27.930,1.585,1.581,1.695,1.467,1.267,1.548,1.461,1.547,1.58,1.593
2025-07-24 16:09:27.980,1.584,1.582,1.695,1.468,1.257,1.547,1.461,1.547,1.579,1.592
2025-07-24 16:09:28.030,1.583,1.582,1.694,1.468,1.255,1.544,1.462,1.548,1.579,1.592
2025-07-24 16:09:28.081,1.584,1.582,1.694,1.467,1.275,1.542,1.462,1.548,1.578,1.593
2025-07-24 16:09:28.130,1.584,1.581,1.695,1.468,1.318,1.54,1.462,1.548,1.578,1.592
2025-07-24 16:09:28.180,1.584,1.582,1.694,1.468,1.359,1.539,1.461,1.548,1.579,1.591
2025-07-24 16:09:28.230,1.585,1.582,1.694,1.467,1.415,1.538,1.462,1.548,1.578,1.592
2025-07-24 16:09:28.281,1.585,1.581,1.694,1.468,1.452,1.538,1.462,1.547,1.578,1.592
2025-07-24 16:09:28.329,1.583,1.582,1.695,1.467,1.495,1.539,1.462,1.547,1.577,1.592
2025-07-24 16:09:28.380,1.584,1.581,1.695,1.468,1.52,1.54,1.461,1.548,1.577,1.591
2025-07-24 16:09:28.430,1.584,1.581,1.695,1.468,1.538,1.54,1.462,1.548,1.577,1.591
2025-07-24 16:09:28.480,1.584,1.581,1.694,1.467,1.548,1.542,1.462,1.548,1.577,1.592
2025-07-24 16:09:28.530,1.584,1.582,1.695,1.467,1.552,1.544,1.461,1.548,1.577,1.592
2025-07-24 16:09:28.581,1.584,1.581,1.694,1.468,1.556,1.544,1.462,1.548,1.577,1.591
2025-07-24 16:09:28.630,1.584,1.582,1.694,1.469,1.567,1.546,1.461,1.548,1.577,1.591
2025-07-24 16:09:28.680,1.583,1.582,1.694,1.468,1.571,1.548,1.464,1.548,1.577,1.591
2025-07-24 16:09:28.730,1.583,1.582,1.695,1.468,1.569,1.549,1.461,1.548,1.577,1.591
2025-07-24 16:09:28.780,1.584,1.582,1.694,1.468,1.572,1.551,1.463,1.548,1.577,1.592
2025-07-24 16:09:28.830,1.583,1.582,1.695,1.468,1.567,1.552,1.463,1.548,1.577,1.591
2025-07-24 16:09:28.880,1.583,1.582,1.695,1.468,1.563,1.553,1.461,1.548,1.577,1.591
2025-07-24 16:09:28.930,1.584,1.581,1.694,1.467,1.57,1.553,1.462,1.548,1.577,1.591
2025-07-24 16:09:28.980,1.584,1.582,1.695,1.468,1.565,1.555,1.462,1.548,1.577,1.591
2025-07-24 16:09:29.030,1.583,1.582,1.694,1.468,1.565,1.557,1.462,1.548,1.577,1.591
2025-07-24 16:09:29.080,1.584,1.582,1.694,1.467,1.544,1.557,1.461,1.548,1.577,1.591
2025-07-24 16:09:29.130,1.584,1.581,1.694,1.467,1.52,1.557,1.461,1.548,1.577,1.591
2025-07-24 16:09:29.180,1.584,1.582,1.695,1.468,1.479,1.557,1.464,1.548,1.577,1.59
2025-07-24 16:09:29.230,1.584,1.582,1.695,1.468,1.435,1.557,1.462,1.548,1.577,1.591
2025-07-24 16:09:29.280,1.584,1.582,1.694,1.468,1.375,1.557,1.463,1.548,1.577,1.591
2025-07-24 16:09:29.330,1.585,1.582,1.695,1.468,1.311,1.554,1.462,1.548,1.577,1.591
2025-07-24 16:09:29.380,1.583,1.582,1.694,1.467,1.254,1.552,1.462,1.548,1.577,1.591
2025-07-24 16:09:29.430,1.583,1.582,1.694,1.468,1.236,1.548,1.463,1.548,1.576,1.591
2025-07-24 16:09:29.480,1.583,1.581,1.694,1.467,1.225,1.545,1.462,1.548,1.577,1.591
2025-07-24 16:09:29.530,1.583,1.581,1.694,1.468,1.226,1.543,1.462,1.548,1.576,1.59
2025-07-24 16:09:29.580,1.583,1.582,1.694,1.468,1.244,1.54,1.462,1.548,1.576,1.59
2025-07-24 16:09:29.630,1.583,1.582,1.694,1.467,1.267,1.538,1.461,1.548,1.577,1.59
2025-07-24 16:09:29.680,1.583,1.581,1.694,1.468,1.312,1.536,1.461,1.547,1.575,1.591
2025-07-24 16:09:29.730,1.584,1.581,1.694,1.468,1.365,1.535,1.461,1.548,1.575,1.59
2025-07-24 16:09:29.780,1.583,1.582,1.694,1.467,1.436,1.535,1.464,1.548,1.576,1.59
2025-07-24 16:09:29.830,1.584,1.581,1.693,1.468,1.5,1.536,1.461,1.548,1.576,1.59
2025-07-24 16:09:29.880,1.583,1.582,1.694,1.467,1.542,1.537,1.461,1.548,1.577,1.59
2025-07-24 16:09:29.930,1.584,1.581,1.695,1.467,1.548,1.539,1.46,1.548,1.575,1.59
2025-07-24 16:09:29.981,1.583,1.582,1.695,1.468,1.565,1.54,1.46,1.548,1.576,1.59
2025-07-24 16:09:30.030,1.584,1.582,1.694,1.467,1.562,1.542,1.461,1.548,1.576,1.59
2025-07-24 16:09:30.081,1.583,1.581,1.694,1.468,1.565,1.545,1.461,1.548,1.575,1.59
2025-07-24 16:09:30.130,1.583,1.581,1.694,1.468,1.569,1.544,1.46,1.548,1.575,1.59
2025-07-24 16:09:30.180,1.583,1.581,1.693,1.467,1.575,1.546,1.462,1.548,1.575,1.59
2025-07-24 16:09:30.231,1.583,1.58,1.694,1.467,1.565,1.547,1.461,1.548,1.575,1.59
2025-07-24 16:09:30.280,1.583,1.582,1.694,1.468,1.569,1.548,1.461,1.548,1.575,1.589
2025-07-24 16:09:30.330,1.582,1.581,1.694,1.467,1.568,1.55,1.461,1.547,1.574,1.589
2025-07-24 16:09:30.380,1.583,1.58,1.694,1.468,1.563,1.552,1.461,1.547,1.574,1.589
2025-07-24 16:09:30.431,1.583,1.581,1.694,1.468,1.54,1.552,1.463,1.548,1.574,1.589
2025-07-24 16:09:30.480,1.582,1.581,1.694,1.468,1.502,1.552,1.461,1.548,1.574,1.59
2025-07-24 16:09:30.530,1.582,1.581,1.693,1.468,1.465,1.553,1.461,1.547,1.574,1.59
2025-07-24 16:09:30.580,1.583,1.581,1.694,1.468,1.419,1.553,1.461,1.547,1.574,1.589
2025-07-24 16:09:30.630,1.582,1.58,1.694,1.468,1.372,1.551,1.461,1.548,1.574,1.589
2025-07-24 16:09:30.680,1.582,1.58,1.694,1.467,1.316,1.549,1.461,1.548,1.574,1.588
2025-07-24 16:09:30.730,1.582,1.58,1.694,1.467,1.282,1.547,1.46,1.548,1.574,1.588
2025-07-24 16:09:30.781,1.582,1.58,1.694,1.468,1.254,1.545,1.46,1.548,1.573,1.588
2025-07-24 16:09:30.830,1.582,1.58,1.694,1.467,1.251,1.543,1.461,1.547,1.573,1.587
2025-07-24 16:09:30.881,1.582,1.581,1.694,1.467,1.247,1.54,1.462,1.547,1.573,1.588
2025-07-24 16:09:30.930,1.582,1.578,1.694,1.467,1.25,1.537,1.461,1.547,1.573,1.587
2025-07-24 16:09:30.980,1.582,1.58,1.693,1.468,1.272,1.535,1.461,1.547,1.573,1.587
2025-07-24 16:09:31.031,1.582,1.58,1.694,1.467,1.311,1.533,1.461,1.547,1.573,1.587
2025-07-24 16:09:31.080,1.581,1.58,1.693,1.468,1.366,1.532,1.461,1.548,1.573,1.587
2025-07-24 16:09:31.131,1.582,1.58,1.694,1.468,1.427,1.533,1.461,1.547,1.573,1.586
2025-07-24 16:09:31.180,1.581,1.58,1.694,1.468,1.498,1.533,1.46,1.547,1.573,1.586
2025-07-24 16:09:31.230,1.581,1.58,1.694,1.467,1.548,1.535,1.461,1.547,1.573,1.586
2025-07-24 16:09:31.280,1.58,1.58,1.694,1.468,1.55,1.536,1.46,1.548,1.574,1.587
2025-07-24 16:09:31.331,1.581,1.58,1.694,1.468,1.561,1.538,1.46,1.547,1.573,1.586
2025-07-24 16:09:31.380,1.581,1.581,1.694,1.468,1.558,1.54,1.461,1.547,1.573,1.586
2025-07-24 16:09:31.430,1.582,1.58,1.694,1.467,1.559,1.541,1.461,1.547,1.573,1.586
2025-07-24 16:09:31.480,1.581,1.58,1.694,1.468,1.561,1.543,1.46,1.547,1.573,1.586
2025-07-24 16:09:31.531,1.581,1.58,1.694,1.468,1.569,1.544,1.46,1.547,1.574,1.586
2025-07-24 16:09:31.580,1.58,1.58,1.694,1.468,1.568,1.545,1.461,1.548,1.574,1.586
2025-07-24 16:09:31.629,1.581,1.58,1.693,1.467,1.569,1.547,1.461,1.548,1.573,1.586
2025-07-24 16:09:31.680,1.58,1.581,1.694,1.468,1.557,1.548,1.459,1.547,1.573,1.586
2025-07-24 16:09:31.730,1.58,1.579,1.693,1.467,1.54,1.551,1.46,1.548,1.573,1.586
2025-07-24 16:09:31.781,1.58,1.58,1.694,1.467,1.51,1.55,1.46,1.547,1.573,1.586
2025-07-24 16:09:31.831,1.58,1.579,1.694,1.468,1.475,1.55,1.461,1.548,1.573,1.586
2025-07-24 16:09:31.880,1.579,1.58,1.693,1.468,1.43,1.55,1.461,1.547,1.573,1.585
2025-07-24 16:09:31.930,1.579,1.58,1.694,1.467,1.392,1.55,1.461,1.546,1.573,1.586
2025-07-24 16:09:31.981,1.578,1.579,1.694,1.468,1.343,1.548,1.461,1.548,1.573,1.586
2025-07-24 16:09:32.030,1.579,1.579,1.694,1.468,1.316,1.546,1.461,1.547,1.573,1.585
2025-07-24 16:09:32.080,1.578,1.578,1.694,1.468,1.284,1.544,1.461,1.546,1.573,1.586
2025-07-24 16:09:32.131,1.578,1.579,1.694,1.468,1.273,1.542,1.461,1.548,1.573,1.585
2025-07-24 16:09:32.180,1.578,1.579,1.694,1.468,1.275,1.54,1.461,1.547,1.573,1.585
2025-07-24 16:09:32.231,1.578,1.58,1.694,1.468,1.275,1.538,1.46,1.547,1.573,1.585
2025-07-24 16:09:32.280,1.579,1.579,1.694,1.468,1.275,1.538,1.46,1.547,1.573,1.585
2025-07-24 16:09:32.330,1.578,1.578,1.692,1.468,1.275,1.534,1.462,1.547,1.573,1.585
2025-07-24 16:09:32.381,1.578,1.579,1.694,1.468,1.279,1.532,1.461,1.547,1.573,1.584
2025-07-24 16:09:32.430,1.579,1.578,1.693,1.467,1.32,1.531,1.458,1.548,1.573,1.585
2025-07-24 16:09:32.481,1.578,1.579,1.693,1.468,1.378,1.53,1.46,1.547,1.573,1.585
2025-07-24 16:09:32.530,1.579,1.578,1.693,1.467,1.454,1.53,1.461,1.546,1.573,1.584
2025-07-24 16:09:32.580,1.578,1.578,1.694,1.467,1.509,1.532,1.459,1.547,1.573,1.584
2025-07-24 16:09:32.630,1.579,1.578,1.694,1.468,1.541,1.533,1.46,1.547,1.573,1.585
2025-07-24 16:09:32.680,1.579,1.578,1.694,1.468,1.55,1.535,1.46,1.547,1.573,1.585
2025-07-24 16:09:32.730,1.578,1.579,1.693,1.468,1.557,1.537,1.458,1.546,1.573,1.585
2025-07-24 16:09:32.780,1.579,1.58,1.694,1.467,1.56,1.537,1.461,1.547,1.573,1.584
2025-07-24 16:09:32.831,1.579,1.578,1.693,1.467,1.572,1.54,1.46,1.547,1.573,1.584
2025-07-24 16:09:32.880,1.578,1.579,1.694,1.467,1.567,1.542,1.46,1.546,1.574,1.584
2025-07-24 16:09:32.931,1.578,1.579,1.694,1.468,1.569,1.543,1.459,1.546,1.574,1.584
2025-07-24 16:09:32.980,1.578,1.578,1.693,1.467,1.565,1.545,1.46,1.547,1.574,1.584
2025-07-24 16:09:33.031,1.579,1.578,1.693,1.468,1.572,1.545,1.458,1.546,1.575,1.585
2025-07-24 16:09:33.080,1.578,1.578,1.694,1.468,1.558,1.548,1.461,1.546,1.575,1.585
2025-07-24 16:09:33.130,1.579,1.578,1.694,1.468,1.557,1.549,1.46,1.547,1.575,1.585
2025-07-24 16:09:33.180,1.578,1.578,1.692,1.468,1.528,1.549,1.461,1.546,1.576,1.585
2025-07-24 16:09:33.230,1.578,1.578,1.693,1.467,1.492,1.55,1.459,1.546,1.576,1.584
2025-07-24 16:09:33.281,1.578,1.579,1.693,1.467,1.458,1.55,1.461,1.546,1.577,1.585
2025-07-24 16:09:33.331,1.578,1.578,1.693,1.466,1.391,1.548,1.461,1.546,1.576,1.585
2025-07-24 16:09:33.381,1.579,1.577,1.693,1.467,1.354,1.548,1.459,1.546,1.576,1.585
2025-07-24 16:09:33.431,1.578,1.577,1.693,1.467,1.314,1.547,1.459,1.546,1.577,1.585
2025-07-24 16:09:33.480,1.578,1.578,1.693,1.467,1.288,1.544,1.46,1.546,1.577,1.585
2025-07-24 16:09:33.531,1.578,1.578,1.692,1.468,1.271,1.542,1.459,1.545,1.577,1.586
2025-07-24 16:09:33.580,1.578,1.578,1.693,1.468,1.262,1.539,1.46,1.545,1.577,1.586
2025-07-24 16:09:33.630,1.578,1.578,1.692,1.467,1.259,1.537,1.46,1.546,1.577,1.586
2025-07-24 16:09:33.681,1.578,1.577,1.693,1.467,1.259,1.535,1.459,1.546,1.577,1.586
2025-07-24 16:09:33.731,1.577,1.577,1.692,1.467,1.251,1.533,1.458,1.545,1.577,1.586
2025-07-24 16:09:33.780,1.578,1.578,1.692,1.468,1.271,1.531,1.458,1.546,1.577,1.586
2025-07-24 16:09:33.831,1.578,1.577,1.692,1.467,1.293,1.53,1.458,1.545,1.578,1.586
2025-07-24 16:09:33.881,1.577,1.578,1.693,1.467,1.337,1.528,1.458,1.545,1.579,1.586
2025-07-24 16:09:33.930,1.577,1.578,1.694,1.466,1.395,1.528,1.457,1.545,1.577,1.586
2025-07-24 16:09:33.980,1.577,1.578,1.693,1.467,1.445,1.528,1.458,1.545,1.578,1.587
2025-07-24 16:09:34.031,1.577,1.577,1.693,1.467,1.507,1.529,1.458,1.545,1.578,1.586
2025-07-24 16:09:34.080,1.577,1.577,1.693,1.467,1.54,1.532,1.458,1.545,1.577,1.587
2025-07-24 16:09:34.131,1.578,1.578,1.693,1.468,1.553,1.533,1.458,1.546,1.578,1.587
2025-07-24 16:09:34.181,1.577,1.578,1.693,1.468,1.57,1.534,1.457,1.546,1.578,1.587
2025-07-24 16:09:34.231,1.577,1.577,1.694,1.467,1.563,1.536,1.458,1.545,1.579,1.587
2025-07-24 16:09:34.281,1.577,1.578,1.693,1.468,1.565,1.54,1.458,1.545,1.579,1.587
2025-07-24 16:09:34.331,1.577,1.578,1.694,1.467,1.567,1.54,1.459,1.545,1.579,1.587
2025-07-24 16:09:34.381,1.578,1.578,1.693,1.467,1.56,1.542,1.46,1.545,1.579,1.587
2025-07-24 16:09:34.430,1.578,1.578,1.693,1.467,1.566,1.544,1.459,1.545,1.579,1.587
2025-07-24 16:09:34.480,1.578,1.578,1.693,1.467,1.566,1.544,1.46,1.545,1.58,1.588
2025-07-24 16:09:34.530,1.577,1.578,1.694,1.467,1.569,1.546,1.458,1.545,1.579,1.587
2025-07-24 16:09:34.581,1.577,1.579,1.693,1.467,1.532,1.547,1.461,1.545,1.58,1.589
2025-07-24 16:09:34.631,1.579,1.577,1.694,1.467,1.497,1.548,1.46,1.545,1.58,1.589
2025-07-24 16:09:34.680,1.578,1.578,1.693,1.466,1.46,1.548,1.459,1.545,1.581,1.588
2025-07-24 16:09:34.731,1.578,1.578,1.693,1.467,1.414,1.548,1.46,1.545,1.58,1.588
2025-07-24 16:09:34.781,1.578,1.577,1.693,1.467,1.364,1.547,1.458,1.545,1.58,1.588
2025-07-24 16:09:34.830,1.578,1.577,1.693,1.467,1.329,1.544,1.458,1.545,1.58,1.589
2025-07-24 16:09:34.881,1.578,1.577,1.694,1.467,1.296,1.544,1.459,1.545,1.579,1.589
2025-07-24 16:09:34.930,1.578,1.577,1.693,1.467,1.283,1.541,1.459,1.545,1.581,1.589
2025-07-24 16:09:34.980,1.578,1.578,1.693,1.468,1.286,1.539,1.459,1.546,1.58,1.588
2025-07-24 16:09:35.031,1.579,1.577,1.693,1.467,1.28,1.537,1.458,1.545,1.579,1.589
2025-07-24 16:09:35.081,1.579,1.577,1.693,1.467,1.275,1.536,1.459,1.545,1.579,1.589
2025-07-24 16:09:35.131,1.579,1.577,1.693,1.467,1.282,1.533,1.459,1.545,1.58,1.588
2025-07-24 16:09:35.181,1.578,1.577,1.692,1.466,1.276,1.532,1.459,1.545,1.581,1.588
2025-07-24 16:09:35.230,1.578,1.578,1.693,1.467,1.28,1.531,1.46,1.545,1.581,1.589
2025-07-24 16:09:35.281,1.58,1.578,1.694,1.467,1.304,1.529,1.459,1.545,1.58,1.589
2025-07-24 16:09:35.330,1.579,1.577,1.693,1.467,1.354,1.528,1.459,1.545,1.58,1.589
2025-07-24 16:09:35.380,1.579,1.578,1.693,1.467,1.397,1.528,1.458,1.544,1.58,1.589
2025-07-24 16:09:35.431,1.58,1.577,1.693,1.467,1.466,1.528,1.458,1.545,1.581,1.589
2025-07-24 16:09:35.480,1.578,1.577,1.693,1.467,1.524,1.53,1.459,1.545,1.58,1.59
2025-07-24 16:09:35.531,1.579,1.579,1.693,1.468,1.551,1.532,1.458,1.544,1.58,1.589
2025-07-24 16:09:35.581,1.579,1.577,1.693,1.467,1.557,1.533,1.457,1.544,1.58,1.588
2025-07-24 16:09:35.630,1.578,1.577,1.693,1.467,1.566,1.536,1.457,1.544,1.581,1.589
2025-07-24 16:09:35.680,1.58,1.577,1.693,1.467,1.558,1.536,1.459,1.544,1.58,1.589
2025-07-24 16:09:35.730,1.58,1.577,1.692,1.467,1.568,1.538,1.458,1.544,1.581,1.589
2025-07-24 16:09:35.780,1.58,1.577,1.692,1.468,1.569,1.54,1.458,1.544,1.58,1.59
2025-07-24 16:09:35.830,1.58,1.577,1.693,1.467,1.569,1.541,1.46,1.544,1.58,1.59
2025-07-24 16:09:35.881,1.58,1.577,1.693,1.467,1.578,1.543,1.461,1.545,1.581,1.59
2025-07-24 16:09:35.931,1.58,1.577,1.693,1.467,1.562,1.545,1.457,1.544,1.58,1.59
2025-07-24 16:09:35.980,1.581,1.577,1.694,1.467,1.562,1.547,1.461,1.544,1.581,1.59
2025-07-24 16:09:36.031,1.58,1.577,1.693,1.467,1.528,1.547,1.46,1.544,1.581,1.59
2025-07-24 16:09:36.081,1.581,1.578,1.692,1.467,1.503,1.548,1.458,1.544,1.581,1.59
2025-07-24 16:09:36.130,1.58,1.578,1.693,1.467,1.468,1.548,1.458,1.545,1.58,1.59
2025-07-24 16:09:36.181,1.58,1.579,1.693,1.468,1.419,1.548,1.459,1.544,1.581,1.59
2025-07-24 16:09:36.230,1.581,1.578,1.694,1.467,1.366,1.547,1.457,1.545,1.581,1.59
2025-07-24 16:09:36.281,1.58,1.578,1.692,1.467,1.314,1.546,1.46,1.545,1.581,1.59
2025-07-24 16:09:36.331,1.581,1.578,1.692,1.467,1.282,1.544,1.459,1.545,1.581,1.59
2025-07-24 16:09:36.381,1.581,1.578,1.693,1.468,1.271,1.54,1.459,1.545,1.581,1.59
2025-07-24 16:09:36.430,1.581,1.579,1.694,1.467,1.261,1.54,1.46,1.545,1.581,1.59
2025-07-24 16:09:36.481,1.581,1.578,1.693,1.468,1.258,1.536,1.459,1.545,1.581,1.59
2025-07-24 16:09:36.531,1.582,1.578,1.694,1.468,1.276,1.536,1.459,1.545,1.581,1.59
2025-07-24 16:09:36.581,1.581,1.578,1.693,1.467,1.284,1.533,1.46,1.545,1.581,1.59
2025-07-24 16:09:36.631,1.582,1.577,1.692,1.467,1.312,1.532,1.46,1.545,1.581,1.59
2025-07-24 16:09:36.681,1.582,1.578,1.693,1.467,1.339,1.531,1.459,1.545,1.581,1.59
2025-07-24 16:09:36.731,1.582,1.578,1.694,1.467,1.394,1.531,1.461,1.546,1.581,1.59
2025-07-24 16:09:36.781,1.582,1.578,1.693,1.467,1.449,1.53,1.461,1.545,1.581,1.59
2025-07-24 16:09:36.831,1.582,1.578,1.693,1.466,1.508,1.532,1.457,1.545,1.581,1.59
2025-07-24 16:09:36.881,1.582,1.578,1.693,1.467,1.549,1.534,1.459,1.546,1.582,1.59
2025-07-24 16:09:36.931,1.582,1.578,1.694,1.467,1.544,1.534,1.458,1.545,1.582,1.59
2025-07-24 16:09:36.981,1.582,1.579,1.691,1.467,1.561,1.536,1.458,1.545,1.582,1.59
2025-07-24 16:09:37.031,1.582,1.578,1.693,1.466,1.563,1.538,1.459,1.546,1.582,1.591
2025-07-24 16:09:37.081,1.582,1.578,1.693,1.467,1.566,1.54,1.459,1.544,1.582,1.59
2025-07-24 16:09:37.130,1.582,1.579,1.694,1.467,1.562,1.542,1.46,1.545,1.582,1.59
2025-07-24 16:09:37.181,1.582,1.578,1.693,1.467,1.573,1.543,1.459,1.545,1.582,1.591
2025-07-24 16:09:37.231,1.582,1.579,1.693,1.467,1.563,1.544,1.46,1.546,1.581,1.59
2025-07-24 16:09:37.281,1.582,1.579,1.693,1.467,1.565,1.546,1.46,1.546,1.582,1.591
2025-07-24 16:09:37.331,1.582,1.578,1.693,1.467,1.565,1.547,1.46,1.545,1.582,1.59
2025-07-24 16:09:37.381,1.582,1.578,1.693,1.466,1.565,1.549,1.459,1.545,1.582,1.59
2025-07-24 16:09:37.431,1.582,1.579,1.692,1.467,1.545,1.55,1.461,1.545,1.581,1.59
2025-07-24 16:09:37.480,1.582,1.579,1.692,1.467,1.509,1.551,1.459,1.545,1.581,1.59
2025-07-24 16:09:37.531,1.582,1.578,1.693,1.468,1.475,1.551,1.461,1.545,1.582,1.59
2025-07-24 16:09:37.581,1.582,1.579,1.694,1.467,1.421,1.55,1.46,1.546,1.581,1.59
2025-07-24 16:09:37.631,1.582,1.578,1.693,1.467,1.365,1.549,1.46,1.545,1.581,1.59
2025-07-24 16:09:37.681,1.582,1.578,1.694,1.467,1.307,1.548,1.459,1.545,1.581,1.59
2025-07-24 16:09:37.731,1.582,1.578,1.693,1.467,1.279,1.546,1.461,1.546,1.581,1.59
2025-07-24 16:09:37.781,1.582,1.579,1.694,1.468,1.276,1.544,1.459,1.545,1.582,1.59
2025-07-24 16:09:37.831,1.582,1.578,1.693,1.467,1.274,1.54,1.46,1.545,1.581,1.59
2025-07-24 16:09:37.881,1.582,1.579,1.693,1.467,1.27,1.538,1.461,1.545,1.582,1.591
2025-07-24 16:09:37.931,1.581,1.579,1.693,1.467,1.275,1.537,1.46,1.546,1.581,1.59
2025-07-24 16:09:37.981,1.581,1.578,1.692,1.467,1.279,1.534,1.461,1.545,1.582,1.59
2025-07-24 16:09:38.031,1.582,1.579,1.692,1.467,1.301,1.533,1.458,1.545,1.58,1.591
2025-07-24 16:09:38.081,1.582,1.578,1.693,1.468,1.333,1.532,1.459,1.545,1.581,1.59
2025-07-24 16:09:38.131,1.582,1.578,1.693,1.467,1.368,1.531,1.459,1.544,1.581,1.59
2025-07-24 16:09:38.181,1.582,1.578,1.692,1.468,1.416,1.531,1.459,1.545,1.581,1.59
2025-07-24 16:09:38.231,1.582,1.578,1.693,1.467,1.47,1.53,1.46,1.545,1.58,1.59
2025-07-24 16:09:38.281,1.581,1.578,1.694,1.467,1.505,1.532,1.461,1.545,1.581,1.59
2025-07-24 16:09:38.331,1.582,1.579,1.693,1.467,1.542,1.533,1.46,1.545,1.581,1.59
2025-07-24 16:09:38.381,1.582,1.579,1.693,1.467,1.557,1.536,1.461,1.545,1.581,1.59
2025-07-24 16:09:38.431,1.582,1.579,1.694,1.467,1.559,1.536,1.459,1.545,1.581,1.59
2025-07-24 16:09:38.481,1.582,1.578,1.692,1.467,1.553,1.539,1.458,1.545,1.581,1.59
2025-07-24 16:09:38.531,1.582,1.578,1.693,1.468,1.563,1.54,1.458,1.545,1.581,1.59
2025-07-24 16:09:38.581,1.582,1.577,1.693,1.466,1.572,1.542,1.46,1.545,1.581,1.59
2025-07-24 16:09:38.631,1.582,1.578,1.693,1.467,1.563,1.544,1.458,1.545,1.582,1.591
2025-07-24 16:09:38.681,1.582,1.579,1.693,1.467,1.565,1.544,1.46,1.545,1.582,1.59
2025-07-24 16:09:38.731,1.582,1.58,1.694,1.468,1.557,1.546,1.458,1.545,1.582,1.591
2025-07-24 16:09:38.781,1.583,1.58,1.694,1.468,1.565,1.548,1.46,1.546,1.582,1.59
2025-07-24 16:09:38.831,1.583,1.579,1.694,1.468,1.569,1.548,1.46,1.546,1.582,1.59
2025-07-24 16:09:38.881,1.582,1.578,1.693,1.467,1.543,1.551,1.459,1.545,1.582,1.59
2025-07-24 16:09:38.931,1.582,1.579,1.693,1.467,1.512,1.55,1.46,1.546,1.582,1.59
2025-07-24 16:09:38.980,1.582,1.579,1.694,1.467,1.476,1.552,1.461,1.545,1.582,1.59
2025-07-24 16:09:39.031,1.582,1.578,1.694,1.467,1.438,1.552,1.46,1.545,1.582,1.592
2025-07-24 16:09:39.081,1.582,1.579,1.694,1.467,1.391,1.551,1.459,1.545,1.582,1.591
2025-07-24 16:09:39.131,1.582,1.579,1.693,1.467,1.352,1.549,1.461,1.546,1.582,1.591
2025-07-24 16:09:39.181,1.582,1.578,1.693,1.467,1.313,1.547,1.461,1.545,1.582,1.591
2025-07-24 16:09:39.231,1.582,1.58,1.694,1.467,1.295,1.544,1.46,1.545,1.582,1.591
2025-07-24 16:09:39.281,1.582,1.579,1.693,1.466,1.29,1.543,1.461,1.546,1.581,1.59
2025-07-24 16:09:39.330,1.582,1.58,1.693,1.467,1.29,1.541,1.46,1.545,1.582,1.591
2025-07-24 16:09:39.381,1.582,1.578,1.694,1.467,1.281,1.54,1.46,1.545,1.582,1.591
2025-07-24 16:09:39.431,1.582,1.579,1.693,1.468,1.283,1.536,1.461,1.546,1.582,1.59
2025-07-24 16:09:39.480,1.583,1.58,1.693,1.467,1.303,1.535,1.461,1.546,1.582,1.59
2025-07-24 16:09:39.531,1.583,1.579,1.694,1.467,1.334,1.533,1.46,1.546,1.582,1.59
2025-07-24 16:09:39.581,1.582,1.58,1.694,1.467,1.366,1.533,1.46,1.545,1.582,1.591
2025-07-24 16:09:39.631,1.582,1.579,1.694,1.468,1.422,1.532,1.459,1.546,1.582,1.591
2025-07-24 16:09:39.681,1.583,1.58,1.693,1.467,1.494,1.533,1.46,1.546,1.582,1.59
2025-07-24 16:09:39.732,1.583,1.58,1.693,1.468,1.524,1.535,1.458,1.546,1.582,1.59
2025-07-24 16:09:39.781,1.582,1.581,1.693,1.467,1.545,1.536,1.461,1.547,1.582,1.59
2025-07-24 16:09:39.830,1.582,1.58,1.693,1.468,1.544,1.538,1.46,1.546,1.582,1.591
2025-07-24 16:09:39.881,1.582,1.579,1.693,1.468,1.559,1.54,1.46,1.546,1.582,1.591
2025-07-24 16:09:39.932,1.583,1.579,1.694,1.468,1.569,1.54,1.458,1.545,1.582,1.592
2025-07-24 16:09:39.981,1.583,1.579,1.694,1.468,1.563,1.543,1.46,1.546,1.582,1.591
2025-07-24 16:09:40.031,1.582,1.579,1.693,1.467,1.559,1.544,1.46,1.546,1.582,1.591
2025-07-24 16:09:40.080,1.582,1.58,1.694,1.468,1.572,1.545,1.459,1.547,1.582,1.591
2025-07-24 16:09:40.131,1.583,1.58,1.694,1.467,1.57,1.547,1.46,1.546,1.582,1.591
2025-07-24 16:09:40.181,1.583,1.579,1.694,1.467,1.574,1.548,1.46,1.546,1.582,1.591
2025-07-24 16:09:40.231,1.582,1.579,1.693,1.468,1.571,1.549,1.46,1.546,1.582,1.591
2025-07-24 16:09:40.281,1.583,1.58,1.694,1.468,1.562,1.552,1.46,1.546,1.582,1.59
2025-07-24 16:09:40.331,1.582,1.58,1.694,1.467,1.541,1.552,1.458,1.546,1.582,1.591
2025-07-24 16:09:40.381,1.582,1.58,1.694,1.468,1.515,1.552,1.46,1.546,1.582,1.591
2025-07-24 16:09:40.431,1.582,1.58,1.693,1.468,1.478,1.553,1.46,1.546,1.582,1.591
2025-07-24 16:09:40.481,1.582,1.579,1.693,1.468,1.435,1.552,1.46,1.546,1.582,1.591
2025-07-24 16:09:40.531,1.582,1.58,1.693,1.467,1.392,1.551,1.46,1.546,1.582,1.59
2025-07-24 16:09:40.581,1.583,1.578,1.693,1.467,1.351,1.551,1.461,1.546,1.582,1.591
2025-07-24 16:09:40.630,1.582,1.579,1.693,1.467,1.306,1.548,1.461,1.546,1.582,1.59
2025-07-24 16:09:40.680,1.582,1.58,1.693,1.467,1.291,1.546,1.46,1.545,1.582,1.591
2025-07-24 16:09:40.731,1.582,1.579,1.694,1.467,1.286,1.544,1.46,1.545,1.582,1.59
2025-07-24 16:09:40.781,1.582,1.58,1.693,1.467,1.286,1.542,1.46,1.546,1.582,1.591
2025-07-24 16:09:40.831,1.582,1.579,1.694,1.467,1.282,1.54,1.461,1.546,1.582,1.591
2025-07-24 16:09:40.881,1.582,1.578,1.693,1.466,1.286,1.538,1.46,1.546,1.581,1.592
2025-07-24 16:09:40.931,1.582,1.579,1.693,1.467,1.311,1.537,1.46,1.546,1.582,1.59
2025-07-24 16:09:40.981,1.582,1.579,1.693,1.467,1.351,1.534,1.46,1.546,1.581,1.591
2025-07-24 16:09:41.031,1.582,1.578,1.694,1.467,1.411,1.535,1.46,1.545,1.582,1.59
2025-07-24 16:09:41.080,1.582,1.578,1.693,1.468,1.482,1.534,1.46,1.546,1.582,1.59
2025-07-24 16:09:41.131,1.582,1.579,1.694,1.467,1.524,1.536,1.459,1.546,1.582,1.59
2025-07-24 16:09:41.181,1.583,1.579,1.692,1.467,1.537,1.537,1.46,1.546,1.582,1.591
2025-07-24 16:09:41.232,1.583,1.579,1.694,1.467,1.545,1.539,1.459,1.546,1.582,1.591
2025-07-24 16:09:41.280,1.582,1.58,1.694,1.467,1.562,1.541,1.461,1.545,1.582,1.59
2025-07-24 16:09:41.332,1.582,1.579,1.693,1.467,1.568,1.542,1.46,1.546,1.582,1.59
2025-07-24 16:09:41.381,1.582,1.578,1.693,1.467,1.561,1.544,1.46,1.546,1.582,1.59
2025-07-24 16:09:41.431,1.582,1.579,1.694,1.468,1.569,1.545,1.459,1.546,1.582,1.59
2025-07-24 16:09:41.482,1.582,1.579,1.693,1.467,1.572,1.546,1.461,1.546,1.582,1.591
2025-07-24 16:09:41.531,1.582,1.58,1.693,1.467,1.579,1.548,1.461,1.546,1.582,1.591
2025-07-24 16:09:41.582,1.582,1.578,1.694,1.468,1.571,1.549,1.46,1.546,1.582,1.591
2025-07-24 16:09:41.632,1.583,1.58,1.693,1.468,1.574,1.551,1.46,1.546,1.582,1.591
2025-07-24 16:09:41.682,1.583,1.579,1.694,1.468,1.574,1.553,1.462,1.546,1.582,1.59
2025-07-24 16:09:41.731,1.583,1.579,1.694,1.468,1.577,1.553,1.46,1.546,1.582,1.59
2025-07-24 16:09:41.781,1.582,1.579,1.694,1.467,1.581,1.555,1.461,1.546,1.582,1.59
2025-07-24 16:09:41.831,1.582,1.579,1.693,1.467,1.576,1.555,1.461,1.546,1.582,1.591
2025-07-24 16:09:41.881,1.582,1.578,1.694,1.467,1.577,1.556,1.461,1.546,1.582,1.592
2025-07-24 16:09:41.932,1.582,1.579,1.694,1.466,1.573,1.557,1.461,1.546,1.582,1.591
2025-07-24 16:09:41.981,1.582,1.579,1.693,1.467,1.572,1.56,1.46,1.546,1.582,1.591
2025-07-24 16:09:42.031,1.582,1.579,1.693,1.467,1.569,1.56,1.461,1.546,1.582,1.591
2025-07-24 16:09:42.082,1.582,1.579,1.694,1.467,1.573,1.561,1.46,1.546,1.582,1.591
2025-07-24 16:09:42.132,1.582,1.58,1.694,1.467,1.583,1.561,1.461,1.546,1.582,1.591
2025-07-24 16:09:42.182,1.582,1.579,1.694,1.467,1.571,1.561,1.46,1.546,1.582,1.591
2025-07-24 16:09:42.231,1.582,1.579,1.694,1.467,1.577,1.563,1.462,1.547,1.582,1.59
2025-07-24 16:09:42.281,1.583,1.58,1.694,1.468,1.574,1.564,1.461,1.546,1.582,1.591
2025-07-24 16:09:42.331,1.582,1.579,1.693,1.467,1.573,1.564,1.462,1.547,1.582,1.59
2025-07-24 16:09:42.381,1.582,1.579,1.693,1.468,1.578,1.564,1.462,1.546,1.582,1.591
2025-07-24 16:09:42.431,1.582,1.579,1.694,1.468,1.573,1.565,1.462,1.546,1.582,1.591
2025-07-24 16:09:42.481,1.583,1.579,1.693,1.468,1.573,1.567,1.463,1.546,1.582,1.591
2025-07-24 16:09:42.531,1.582,1.579,1.693,1.467,1.569,1.567,1.462,1.546,1.582,1.59
2025-07-24 16:09:42.581,1.582,1.578,1.693,1.467,1.58,1.567,1.464,1.546,1.582,1.59
2025-07-24 16:09:42.631,1.582,1.579,1.694,1.468,1.573,1.567,1.462,1.548,1.582,1.59
2025-07-24 16:09:42.681,1.582,1.579,1.693,1.467,1.578,1.569,1.464,1.546,1.581,1.591
2025-07-24 16:09:42.732,1.582,1.578,1.693,1.467,1.573,1.569,1.463,1.546,1.581,1.59
2025-07-24 16:09:42.781,1.582,1.578,1.694,1.466,1.579,1.57,1.464,1.546,1.581,1.591
2025-07-24 16:09:42.832,1.582,1.579,1.694,1.467,1.572,1.569,1.465,1.547,1.581,1.59
2025-07-24 16:09:42.882,1.582,1.579,1.692,1.467,1.579,1.57,1.463,1.547,1.582,1.59
2025-07-24 16:09:42.931,1.583,1.579,1.694,1.467,1.575,1.571,1.463,1.547,1.582,1.59
2025-07-24 16:09:42.981,1.582,1.58,1.693,1.468,1.582,1.571,1.466,1.546,1.581,1.591
2025-07-24 16:09:43.031,1.582,1.579,1.693,1.468,1.573,1.571,1.464,1.546,1.582,1.591
2025-07-24 16:09:43.082,1.582,1.578,1.694,1.467,1.566,1.573,1.466,1.547,1.581,1.59
2025-07-24 16:09:43.132,1.582,1.579,1.692,1.468,1.565,1.572,1.465,1.546,1.58,1.59
2025-07-24 16:09:43.182,1.582,1.579,1.692,1.467,1.58,1.573,1.466,1.547,1.58,1.59
2025-07-24 16:09:43.231,1.583,1.579,1.694,1.467,1.574,1.573,1.465,1.547,1.58,1.591
2025-07-24 16:09:43.281,1.582,1.579,1.693,1.468,1.581,1.573,1.465,1.547,1.58,1.591
2025-07-24 16:09:43.332,1.582,1.58,1.693,1.467,1.572,1.573,1.466,1.547,1.58,1.59
2025-07-24 16:09:43.382,1.582,1.579,1.694,1.467,1.573,1.574,1.465,1.547,1.579,1.59
2025-07-24 16:09:43.431,1.582,1.578,1.694,1.467,1.578,1.574,1.466,1.546,1.579,1.59
2025-07-24 16:09:43.481,1.583,1.579,1.694,1.467,1.571,1.574,1.464,1.546,1.579,1.591
2025-07-24 16:09:43.531,1.582,1.581,1.692,1.467,1.578,1.575,1.466,1.548,1.579,1.591
2025-07-24 16:09:43.582,1.582,1.579,1.694,1.467,1.577,1.575,1.466,1.547,1.578,1.592
2025-07-24 16:09:43.631,1.582,1.579,1.694,1.467,1.573,1.575,1.466,1.547,1.577,1.59
2025-07-24 16:09:43.682,1.582,1.58,1.694,1.467,1.572,1.576,1.468,1.548,1.577,1.591
2025-07-24 16:09:43.732,1.583,1.578,1.693,1.467,1.579,1.576,1.467,1.547,1.577,1.59
2025-07-24 16:09:43.782,1.582,1.579,1.694,1.467,1.573,1.576,1.466,1.548,1.577,1.591
2025-07-24 16:09:43.831,1.582,1.58,1.694,1.467,1.577,1.576,1.467,1.548,1.577,1.591
2025-07-24 16:09:43.882,1.583,1.581,1.694,1.467,1.577,1.576,1.467,1.548,1.577,1.591
2025-07-24 16:09:43.931,1.583,1.578,1.694,1.467,1.574,1.577,1.466,1.548,1.577,1.59
2025-07-24 16:09:43.982,1.583,1.579,1.694,1.467,1.577,1.577,1.466,1.548,1.577,1.591
2025-07-24 16:09:44.032,1.582,1.58,1.694,1.467,1.576,1.577,1.469,1.548,1.578,1.59
2025-07-24 16:09:44.081,1.584,1.58,1.694,1.467,1.577,1.578,1.468,1.548,1.577,1.591
2025-07-24 16:09:44.131,1.583,1.58,1.694,1.468,1.574,1.577,1.467,1.548,1.577,1.591
2025-07-24 16:09:44.182,1.583,1.579,1.694,1.467,1.565,1.578,1.467,1.548,1.577,1.591
2025-07-24 16:09:44.231,1.582,1.579,1.694,1.467,1.573,1.578,1.468,1.548,1.577,1.59
2025-07-24 16:09:44.281,1.582,1.581,1.694,1.467,1.569,1.578,1.467,1.548,1.576,1.59
2025-07-24 16:09:44.331,1.582,1.58,1.694,1.468,1.571,1.578,1.467,1.548,1.577,1.591
2025-07-24 16:09:44.382,1.582,1.58,1.694,1.468,1.582,1.578,1.469,1.548,1.577,1.59
2025-07-24 16:09:44.432,1.582,1.581,1.694,1.468,1.574,1.579,1.469,1.548,1.577,1.59
2025-07-24 16:09:44.482,1.582,1.579,1.694,1.467,1.581,1.579,1.468,1.548,1.577,1.59
2025-07-24 16:09:44.532,1.583,1.58,1.693,1.467,1.569,1.58,1.468,1.548,1.577,1.59
2025-07-24 16:09:44.582,1.582,1.579,1.694,1.467,1.573,1.579,1.469,1.548,1.577,1.59
2025-07-24 16:09:44.632,1.582,1.579,1.693,1.467,1.576,1.579,1.468,1.548,1.577,1.59
2025-07-24 16:09:44.682,1.582,1.58,1.693,1.467,1.573,1.579,1.469,1.548,1.577,1.59
2025-07-24 16:09:44.732,1.583,1.58,1.694,1.468,1.574,1.579,1.468,1.548,1.577,1.59
2025-07-24 16:09:44.781,1.582,1.579,1.693,1.468,1.572,1.58,1.469,1.548,1.577,1.59
2025-07-24 16:09:44.832,1.582,1.579,1.693,1.468,1.577,1.581,1.469,1.548,1.576,1.59
2025-07-24 16:09:44.881,1.582,1.58,1.694,1.468,1.574,1.579,1.469,1.548,1.576,1.59
2025-07-24 16:09:44.931,1.583,1.58,1.694,1.467,1.567,1.58,1.47,1.548,1.577,1.59
2025-07-24 16:09:44.981,1.582,1.58,1.694,1.467,1.577,1.58,1.469,1.548,1.577,1.59
2025-07-24 16:09:45.032,1.583,1.579,1.694,1.467,1.576,1.581,1.469,1.548,1.575,1.59
2025-07-24 16:09:45.081,1.582,1.58,1.693,1.467,1.576,1.582,1.469,1.548,1.576,1.59
2025-07-24 16:09:45.132,1.582,1.58,1.694,1.467,1.577,1.58,1.468,1.548,1.576,1.59
2025-07-24 16:09:45.182,1.583,1.58,1.694,1.467,1.577,1.58,1.47,1.548,1.577,1.59
2025-07-24 16:09:45.232,1.582,1.579,1.694,1.468,1.577,1.581,1.469,1.549,1.576,1.59
2025-07-24 16:09:45.281,1.583,1.579,1.694,1.468,1.578,1.58,1.47,1.548,1.576,1.59
2025-07-24 16:09:45.332,1.582,1.581,1.694,1.467,1.568,1.58,1.469,1.548,1.576,1.59
2025-07-24 16:09:45.382,1.583,1.581,1.693,1.468,1.582,1.58,1.468,1.548,1.575,1.59
2025-07-24 16:09:45.431,1.582,1.58,1.694,1.467,1.577,1.582,1.47,1.548,1.576,1.59
2025-07-24 16:09:45.481,1.582,1.58,1.694,1.467,1.574,1.579,1.47,1.548,1.576,1.59
2025-07-24 16:09:45.531,1.582,1.58,1.694,1.467,1.57,1.58,1.47,1.548,1.575,1.59
2025-07-24 16:09:45.582,1.582,1.58,1.694,1.468,1.569,1.581,1.47,1.548,1.576,1.59
2025-07-24 16:09:45.631,1.582,1.581,1.694,1.468,1.571,1.581,1.469,1.548,1.575,1.59
2025-07-24 16:09:45.682,1.582,1.579,1.694,1.468,1.578,1.581,1.469,1.548,1.575,1.59
2025-07-24 16:09:45.732,1.583,1.579,1.694,1.468,1.571,1.58,1.47,1.548,1.575,1.589
2025-07-24 16:09:45.782,1.582,1.579,1.694,1.468,1.57,1.581,1.469,1.548,1.575,1.59
2025-07-24 16:09:45.832,1.583,1.58,1.694,1.467,1.578,1.581,1.468,1.548,1.575,1.59
2025-07-24 16:09:45.882,1.583,1.58,1.694,1.468,1.572,1.582,1.47,1.548,1.575,1.59
2025-07-24 16:09:45.931,1.582,1.58,1.694,1.467,1.577,1.581,1.471,1.548,1.575,1.589
2025-07-24 16:09:45.982,1.583,1.58,1.694,1.468,1.569,1.582,1.471,1.548,1.576,1.59
2025-07-24 16:09:46.032,1.583,1.58,1.694,1.468,1.574,1.582,1.47,1.548,1.576,1.59
2025-07-24 16:09:46.081,1.583,1.58,1.695,1.468,1.574,1.581,1.47,1.548,1.575,1.59
2025-07-24 16:09:46.132,1.582,1.581,1.694,1.468,1.565,1.582,1.47,1.548,1.575,1.59
2025-07-24 16:09:46.182,1.583,1.581,1.694,1.467,1.577,1.582,1.47,1.547,1.576,1.59
2025-07-24 16:09:46.232,1.582,1.581,1.694,1.468,1.594,1.582,1.471,1.548,1.575,1.59
2025-07-24 16:09:46.282,1.583,1.581,1.694,1.467,1.579,1.582,1.47,1.548,1.575,1.59
2025-07-24 16:09:46.332,1.583,1.581,1.694,1.468,1.582,1.582,1.471,1.548,1.575,1.59
2025-07-24 16:09:46.381,1.583,1.58,1.694,1.467,1.573,1.582,1.471,1.547,1.575,1.59
2025-07-24 16:09:46.432,1.583,1.58,1.694,1.468,1.558,1.582,1.471,1.548,1.575,1.59
2025-07-24 16:09:46.481,1.582,1.581,1.694,1.467,1.544,1.581,1.47,1.548,1.575,1.589
2025-07-24 16:09:46.532,1.583,1.581,1.694,1.468,1.511,1.582,1.472,1.547,1.575,1.59
2025-07-24 16:09:46.581,1.583,1.581,1.695,1.468,1.471,1.582,1.47,1.548,1.576,1.59
2025-07-24 16:09:46.632,1.584,1.581,1.694,1.467,1.425,1.578,1.47,1.547,1.575,1.59
2025-07-24 16:09:46.682,1.583,1.581,1.694,1.467,1.377,1.577,1.471,1.548,1.575,1.59
2025-07-24 16:09:46.732,1.584,1.582,1.694,1.468,1.311,1.574,1.47,1.548,1.576,1.59
2025-07-24 16:09:46.782,1.584,1.581,1.694,1.468,1.265,1.57,1.471,1.548,1.575,1.59
2025-07-24 16:09:46.832,1.583,1.581,1.695,1.468,1.235,1.567,1.472,1.548,1.574,1.59
2025-07-24 16:09:46.882,1.584,1.582,1.695,1.468,1.219,1.564,1.47,1.548,1.575,1.59
2025-07-24 16:09:46.932,1.583,1.582,1.694,1.468,1.222,1.56,1.471,1.548,1.575,1.59
2025-07-24 16:09:46.981,1.583,1.582,1.694,1.468,1.217,1.557,1.47,1.547,1.575,1.59
2025-07-24 16:09:47.031,1.584,1.582,1.694,1.467,1.225,1.553,1.47,1.548,1.574,1.59
2025-07-24 16:09:47.082,1.584,1.581,1.695,1.467,1.242,1.551,1.471,1.548,1.575,1.59
2025-07-24 16:09:47.132,1.583,1.582,1.695,1.467,1.278,1.548,1.47,1.547,1.575,1.59
2025-07-24 16:09:47.182,1.584,1.581,1.695,1.467,1.325,1.545,1.469,1.548,1.575,1.59
2025-07-24 16:09:47.232,1.584,1.582,1.694,1.468,1.396,1.545,1.469,1.547,1.575,1.59
2025-07-24 16:09:47.282,1.583,1.582,1.695,1.469,1.467,1.546,1.469,1.548,1.575,1.589
2025-07-24 16:09:47.332,1.583,1.582,1.695,1.468,1.516,1.545,1.469,1.548,1.574,1.59
2025-07-24 16:09:47.383,1.584,1.582,1.695,1.468,1.541,1.548,1.469,1.548,1.575,1.59
2025-07-24 16:09:47.432,1.584,1.582,1.696,1.468,1.559,1.548,1.467,1.548,1.575,1.589
2025-07-24 16:09:47.482,1.584,1.582,1.695,1.467,1.557,1.548,1.467,1.548,1.575,1.59
2025-07-24 16:09:47.532,1.584,1.582,1.694,1.468,1.574,1.551,1.468,1.548,1.575,1.59
2025-07-24 16:09:47.582,1.583,1.582,1.695,1.468,1.571,1.552,1.466,1.548,1.575,1.59
2025-07-24 16:09:47.632,1.584,1.581,1.695,1.467,1.569,1.554,1.467,1.548,1.576,1.59
2025-07-24 16:09:47.681,1.584,1.581,1.695,1.468,1.57,1.555,1.466,1.548,1.574,1.589
2025-07-24 16:09:47.732,1.583,1.582,1.696,1.469,1.569,1.556,1.466,1.549,1.575,1.589
2025-07-24 16:09:47.782,1.584,1.582,1.695,1.467,1.577,1.557,1.466,1.548,1.575,1.59
2025-07-24 16:09:47.832,1.583,1.582,1.695,1.468,1.562,1.557,1.466,1.548,1.575,1.59
2025-07-24 16:09:47.881,1.583,1.581,1.695,1.468,1.561,1.558,1.466,1.548,1.575,1.589
2025-07-24 16:09:47.932,1.585,1.582,1.694,1.468,1.527,1.56,1.466,1.549,1.575,1.59
2025-07-24 16:09:47.982,1.583,1.582,1.694,1.468,1.477,1.559,1.466,1.548,1.575,1.589
2025-07-24 16:09:48.033,1.583,1.582,1.695,1.468,1.43,1.559,1.466,1.549,1.575,1.59
2025-07-24 16:09:48.082,1.583,1.582,1.695,1.468,1.374,1.557,1.466,1.549,1.576,1.59
2025-07-24 16:09:48.132,1.583,1.582,1.695,1.468,1.318,1.555,1.466,1.548,1.575,1.59
2025-07-24 16:09:48.181,1.583,1.582,1.694,1.468,1.271,1.553,1.466,1.548,1.575,1.589
2025-07-24 16:09:48.232,1.583,1.581,1.695,1.468,1.236,1.549,1.465,1.548,1.576,1.589
2025-07-24 16:09:48.282,1.583,1.581,1.695,1.468,1.221,1.547,1.466,1.549,1.575,1.589
2025-07-24 16:09:48.332,1.584,1.582,1.695,1.468,1.211,1.544,1.466,1.548,1.577,1.59
2025-07-24 16:09:48.382,1.582,1.582,1.695,1.468,1.22,1.541,1.466,1.548,1.575,1.59
2025-07-24 16:09:48.432,1.583,1.582,1.695,1.468,1.221,1.539,1.465,1.548,1.576,1.59
2025-07-24 16:09:48.483,1.583,1.581,1.695,1.468,1.221,1.536,1.464,1.549,1.576,1.589
2025-07-24 16:09:48.531,1.583,1.581,1.694,1.468,1.252,1.534,1.464,1.548,1.576,1.59
2025-07-24 16:09:48.582,1.583,1.581,1.695,1.468,1.302,1.532,1.465,1.549,1.576,1.589
2025-07-24 16:09:48.633,1.583,1.581,1.694,1.468,1.367,1.531,1.464,1.549,1.577,1.589
2025-07-24 16:09:48.682,1.583,1.581,1.695,1.468,1.434,1.532,1.464,1.548,1.575,1.589
2025-07-24 16:09:48.732,1.583,1.582,1.694,1.468,1.495,1.533,1.463,1.548,1.576,1.59
2025-07-24 16:09:48.783,1.582,1.581,1.694,1.467,1.534,1.534,1.463,1.548,1.576,1.59
2025-07-24 16:09:48.832,1.582,1.582,1.694,1.468,1.553,1.536,1.462,1.548,1.576,1.59
2025-07-24 16:09:48.882,1.583,1.58,1.694,1.468,1.561,1.537,1.462,1.548,1.576,1.589
2025-07-24 16:09:48.932,1.582,1.582,1.694,1.468,1.563,1.539,1.463,1.548,1.577,1.59
2025-07-24 16:09:48.982,1.582,1.581,1.694,1.468,1.569,1.541,1.464,1.548,1.576,1.59
2025-07-24 16:09:49.032,1.583,1.581,1.694,1.468,1.568,1.542,1.461,1.548,1.577,1.589
2025-07-24 16:09:49.082,1.583,1.581,1.694,1.468,1.568,1.544,1.464,1.548,1.576,1.589
2025-07-24 16:09:49.132,1.582,1.581,1.694,1.468,1.571,1.546,1.462,1.548,1.576,1.59
2025-07-24 16:09:49.182,1.582,1.58,1.694,1.468,1.567,1.547,1.461,1.548,1.576,1.589
2025-07-24 16:09:49.233,1.582,1.581,1.694,1.468,1.561,1.548,1.462,1.548,1.576,1.59
2025-07-24 16:09:49.282,1.583,1.581,1.694,1.468,1.569,1.549,1.461,1.548,1.577,1.59
2025-07-24 16:09:49.333,1.582,1.582,1.694,1.467,1.536,1.551,1.462,1.548,1.576,1.589
2025-07-24 16:09:49.382,1.582,1.581,1.694,1.468,1.506,1.55,1.463,1.548,1.576,1.59
2025-07-24 16:09:49.432,1.582,1.582,1.694,1.468,1.453,1.551,1.461,1.548,1.575,1.59
2025-07-24 16:09:49.482,1.582,1.58,1.694,1.467,1.392,1.55,1.461,1.548,1.576,1.589
2025-07-24 16:09:49.532,1.582,1.58,1.694,1.467,1.337,1.549,1.461,1.548,1.576,1.59
2025-07-24 16:09:49.582,1.582,1.581,1.694,1.467,1.279,1.546,1.462,1.547,1.575,1.589
2025-07-24 16:09:49.633,1.582,1.58,1.694,1.467,1.227,1.544,1.461,1.548,1.574,1.589
2025-07-24 16:09:49.683,1.583,1.581,1.694,1.468,1.208,1.542,1.461,1.548,1.575,1.589
2025-07-24 16:09:49.733,1.582,1.58,1.694,1.468,1.2,1.539,1.461,1.548,1.576,1.588
2025-07-24 16:09:49.783,1.582,1.58,1.694,1.468,1.2,1.536,1.461,1.548,1.575,1.588
2025-07-24 16:09:49.832,1.582,1.58,1.693,1.468,1.194,1.533,1.461,1.548,1.576,1.589
2025-07-24 16:09:49.882,1.582,1.58,1.693,1.468,1.193,1.531,1.461,1.548,1.575,1.588
2025-07-24 16:09:49.933,1.582,1.58,1.694,1.467,1.217,1.528,1.461,1.547,1.574,1.59
2025-07-24 16:09:49.983,1.582,1.581,1.694,1.467,1.255,1.525,1.46,1.548,1.574,1.588
2025-07-24 16:09:50.033,1.582,1.581,1.694,1.468,1.304,1.524,1.461,1.548,1.575,1.588
2025-07-24 16:09:50.083,1.582,1.581,1.694,1.468,1.378,1.524,1.46,1.547,1.574,1.588
2025-07-24 16:09:50.132,1.582,1.58,1.693,1.468,1.457,1.525,1.46,1.547,1.573,1.588
2025-07-24 16:09:50.182,1.582,1.58,1.694,1.468,1.511,1.525,1.459,1.547,1.574,1.588
2025-07-24 16:09:50.233,1.582,1.579,1.694,1.468,1.547,1.527,1.459,1.547,1.574,1.587
2025-07-24 16:09:50.282,1.582,1.58,1.694,1.468,1.553,1.529,1.459,1.547,1.574,1.587
2025-07-24 16:09:50.331,1.582,1.579,1.694,1.467,1.557,1.532,1.458,1.546,1.574,1.587
2025-07-24 16:09:50.383,1.582,1.579,1.694,1.468,1.575,1.533,1.457,1.546,1.574,1.586
2025-07-24 16:09:50.433,1.581,1.578,1.694,1.468,1.566,1.535,1.459,1.546,1.574,1.587
2025-07-24 16:09:50.483,1.581,1.578,1.694,1.468,1.572,1.536,1.458,1.546,1.574,1.587
2025-07-24 16:09:50.533,1.581,1.579,1.694,1.468,1.573,1.54,1.458,1.546,1.575,1.587
2025-07-24 16:09:50.583,1.581,1.58,1.694,1.467,1.565,1.54,1.458,1.546,1.575,1.587
2025-07-24 16:09:50.632,1.58,1.58,1.693,1.468,1.561,1.542,1.459,1.546,1.576,1.587
2025-07-24 16:09:50.683,1.581,1.578,1.694,1.468,1.57,1.543,1.458,1.546,1.575,1.587
2025-07-24 16:09:50.732,1.581,1.579,1.694,1.468,1.55,1.545,1.458,1.546,1.577,1.587
2025-07-24 16:09:50.783,1.58,1.579,1.693,1.468,1.511,1.546,1.461,1.546,1.577,1.587
2025-07-24 16:09:50.833,1.581,1.579,1.693,1.467,1.471,1.547,1.46,1.546,1.577,1.588
2025-07-24 16:09:50.883,1.58,1.58,1.694,1.468,1.416,1.546,1.46,1.546,1.577,1.588
2025-07-24 16:09:50.933,1.581,1.579,1.694,1.468,1.361,1.546,1.46,1.546,1.577,1.588
2025-07-24 16:09:50.982,1.582,1.579,1.693,1.468,1.3,1.543,1.461,1.546,1.578,1.588
2025-07-24 16:09:51.032,1.581,1.58,1.694,1.467,1.255,1.541,1.461,1.546,1.577,1.589
2025-07-24 16:09:51.082,1.581,1.579,1.694,1.468,1.213,1.539,1.46,1.545,1.577,1.589
2025-07-24 16:09:51.132,1.581,1.579,1.694,1.468,1.196,1.536,1.458,1.546,1.578,1.588
2025-07-24 16:09:51.183,1.581,1.579,1.694,1.467,1.188,1.534,1.46,1.546,1.577,1.589
2025-07-24 16:09:51.233,1.581,1.579,1.694,1.468,1.198,1.531,1.46,1.546,1.578,1.589
2025-07-24 16:09:51.283,1.581,1.579,1.694,1.467,1.19,1.528,1.46,1.546,1.577,1.589
2025-07-24 16:09:51.333,1.581,1.578,1.694,1.467,1.201,1.526,1.458,1.546,1.578,1.589
2025-07-24 16:09:51.382,1.582,1.579,1.694,1.468,1.241,1.524,1.46,1.547,1.579,1.589
2025-07-24 16:09:51.433,1.582,1.579,1.694,1.468,1.29,1.524,1.458,1.546,1.579,1.588
2025-07-24 16:09:51.483,1.581,1.58,1.694,1.468,1.355,1.521,1.46,1.546,1.578,1.59
2025-07-24 16:09:51.533,1.582,1.58,1.694,1.468,1.425,1.521,1.458,1.546,1.578,1.589
2025-07-24 16:09:51.583,1.581,1.579,1.694,1.467,1.487,1.523,1.457,1.546,1.579,1.589
2025-07-24 16:09:51.633,1.582,1.578,1.694,1.468,1.519,1.524,1.457,1.546,1.58,1.589
2025-07-24 16:09:51.683,1.581,1.578,1.693,1.467,1.545,1.528,1.457,1.546,1.58,1.589
2025-07-24 16:09:51.733,1.582,1.58,1.693,1.468,1.548,1.528,1.457,1.545,1.58,1.59
2025-07-24 16:09:51.783,1.581,1.579,1.694,1.467,1.567,1.53,1.457,1.545,1.58,1.59
2025-07-24 16:09:51.832,1.582,1.579,1.693,1.467,1.566,1.532,1.46,1.545,1.58,1.59
2025-07-24 16:09:51.883,1.581,1.58,1.694,1.468,1.571,1.534,1.457,1.545,1.579,1.589
2025-07-24 16:09:51.933,1.581,1.579,1.693,1.468,1.566,1.536,1.458,1.545,1.58,1.59
2025-07-24 16:09:51.982,1.581,1.579,1.694,1.468,1.571,1.538,1.456,1.544,1.58,1.59
2025-07-24 16:09:52.032,1.582,1.579,1.694,1.468,1.569,1.54,1.457,1.544,1.579,1.589
2025-07-24 16:09:52.083,1.582,1.579,1.694,1.467,1.566,1.542,1.458,1.545,1.58,1.59
2025-07-24 16:09:52.133,1.581,1.579,1.694,1.467,1.551,1.543,1.457,1.544,1.579,1.589
2025-07-24 16:09:52.183,1.581,1.578,1.694,1.468,1.511,1.544,1.458,1.544,1.58,1.589
2025-07-24 16:09:52.233,1.581,1.578,1.693,1.468,1.472,1.544,1.457,1.544,1.58,1.589
2025-07-24 16:09:52.283,1.582,1.578,1.694,1.467,1.419,1.544,1.458,1.544,1.58,1.589
2025-07-24 16:09:52.333,1.581,1.58,1.693,1.468,1.361,1.543,1.459,1.544,1.58,1.59
2025-07-24 16:09:52.383,1.581,1.578,1.694,1.468,1.3,1.541,1.46,1.544,1.58,1.59
2025-07-24 16:09:52.433,1.581,1.579,1.694,1.468,1.261,1.54,1.457,1.544,1.58,1.589
2025-07-24 16:09:52.483,1.581,1.578,1.693,1.468,1.222,1.537,1.46,1.544,1.579,1.59
2025-07-24 16:09:52.532,1.581,1.578,1.693,1.468,1.207,1.535,1.457,1.544,1.58,1.589
2025-07-24 16:09:52.583,1.582,1.578,1.693,1.468,1.209,1.532,1.46,1.544,1.58,1.59
2025-07-24 16:09:52.633,1.582,1.578,1.694,1.468,1.209,1.529,1.461,1.544,1.579,1.59
2025-07-24 16:09:52.683,1.581,1.578,1.693,1.468,1.204,1.528,1.459,1.544,1.58,1.59
2025-07-24 16:09:52.733,1.581,1.578,1.693,1.467,1.225,1.525,1.457,1.544,1.579,1.589
2025-07-24 16:09:52.783,1.581,1.578,1.693,1.468,1.255,1.523,1.459,1.544,1.579,1.589
2025-07-24 16:09:52.833,1.581,1.579,1.694,1.467,1.308,1.522,1.458,1.543,1.58,1.59
2025-07-24 16:09:52.883,1.581,1.577,1.693,1.468,1.371,1.522,1.457,1.543,1.58,1.59
2025-07-24 16:09:52.932,1.581,1.577,1.692,1.467,1.433,1.522,1.457,1.544,1.579,1.589
2025-07-24 16:09:52.982,1.581,1.577,1.693,1.467,1.492,1.524,1.457,1.544,1.579,1.589
2025-07-24 16:09:53.033,1.581,1.578,1.693,1.467,1.536,1.524,1.455,1.543,1.579,1.59
2025-07-24 16:09:53.084,1.581,1.578,1.692,1.468,1.549,1.527,1.456,1.544,1.58,1.589
2025-07-24 16:09:53.132,1.581,1.577,1.693,1.468,1.555,1.528,1.456,1.544,1.58,1.59
2025-07-24 16:09:53.182,1.581,1.578,1.693,1.467,1.565,1.53,1.457,1.543,1.58,1.59
2025-07-24 16:09:53.233,1.581,1.578,1.693,1.467,1.57,1.533,1.456,1.543,1.58,1.59
2025-07-24 16:09:53.283,1.581,1.578,1.693,1.467,1.571,1.535,1.457,1.543,1.58,1.59
2025-07-24 16:09:53.333,1.582,1.578,1.693,1.467,1.565,1.536,1.457,1.543,1.579,1.589
2025-07-24 16:09:53.382,1.581,1.578,1.694,1.467,1.572,1.538,1.457,1.543,1.579,1.589
2025-07-24 16:09:53.433,1.582,1.578,1.693,1.468,1.565,1.54,1.458,1.543,1.579,1.59
2025-07-24 16:09:53.482,1.582,1.578,1.693,1.468,1.565,1.541,1.456,1.544,1.58,1.59
2025-07-24 16:09:53.533,1.582,1.578,1.694,1.468,1.548,1.543,1.457,1.542,1.58,1.59
2025-07-24 16:09:53.583,1.582,1.578,1.694,1.466,1.532,1.545,1.457,1.543,1.579,1.59
2025-07-24 16:09:53.633,1.582,1.578,1.693,1.467,1.489,1.545,1.457,1.543,1.579,1.59
2025-07-24 16:09:53.683,1.582,1.579,1.693,1.468,1.449,1.546,1.457,1.543,1.58,1.59
2025-07-24 16:09:53.733,1.582,1.579,1.693,1.468,1.391,1.544,1.458,1.543,1.579,1.59
2025-07-24 16:09:53.783,1.582,1.578,1.694,1.467,1.337,1.544,1.457,1.543,1.579,1.59
2025-07-24 16:09:53.833,1.582,1.578,1.693,1.467,1.278,1.542,1.46,1.543,1.579,1.59
2025-07-24 16:09:53.883,1.582,1.579,1.694,1.467,1.235,1.54,1.459,1.543,1.58,1.59
2025-07-24 16:09:53.932,1.582,1.578,1.693,1.467,1.217,1.536,1.46,1.543,1.58,1.59
2025-07-24 16:09:53.983,1.582,1.579,1.694,1.467,1.215,1.534,1.461,1.544,1.58,1.59
2025-07-24 16:09:54.033,1.582,1.579,1.693,1.467,1.207,1.532,1.457,1.544,1.58,1.59
2025-07-24 16:09:54.083,1.582,1.578,1.693,1.467,1.219,1.529,1.459,1.543,1.58,1.59
2025-07-24 16:09:54.133,1.582,1.578,1.693,1.467,1.225,1.527,1.458,1.543,1.58,1.59
2025-07-24 16:09:54.183,1.582,1.579,1.693,1.467,1.26,1.526,1.458,1.543,1.579,1.59
2025-07-24 16:09:54.233,1.582,1.579,1.693,1.468,1.303,1.524,1.457,1.543,1.58,1.59
2025-07-24 16:09:54.283,1.582,1.58,1.694,1.467,1.37,1.524,1.458,1.544,1.58,1.59
2025-07-24 16:09:54.333,1.582,1.579,1.694,1.468,1.443,1.524,1.457,1.544,1.58,1.59
2025-07-24 16:09:54.383,1.582,1.58,1.694,1.468,1.499,1.525,1.458,1.543,1.58,1.59
2025-07-24 16:09:54.433,1.582,1.579,1.694,1.467,1.535,1.528,1.457,1.543,1.58,1.59
2025-07-24 16:09:54.482,1.582,1.578,1.693,1.467,1.559,1.528,1.457,1.544,1.58,1.59
2025-07-24 16:09:54.533,1.582,1.579,1.693,1.468,1.557,1.53,1.457,1.543,1.581,1.59
2025-07-24 16:09:54.583,1.582,1.58,1.693,1.467,1.565,1.533,1.457,1.543,1.579,1.59
2025-07-24 16:09:54.633,1.582,1.578,1.694,1.467,1.56,1.534,1.457,1.543,1.58,1.59
2025-07-24 16:09:54.683,1.582,1.578,1.694,1.468,1.564,1.536,1.457,1.544,1.58,1.59
2025-07-24 16:09:54.733,1.582,1.578,1.694,1.467,1.566,1.539,1.457,1.543,1.58,1.59
2025-07-24 16:09:54.783,1.582,1.578,1.693,1.467,1.566,1.54,1.457,1.543,1.579,1.59
2025-07-24 16:09:54.833,1.582,1.579,1.694,1.468,1.561,1.54,1.458,1.543,1.58,1.591
2025-07-24 16:09:54.883,1.582,1.58,1.693,1.467,1.57,1.542,1.457,1.542,1.58,1.59
2025-07-24 16:09:54.933,1.582,1.58,1.694,1.467,1.554,1.544,1.457,1.543,1.58,1.59
2025-07-24 16:09:54.983,1.582,1.579,1.693,1.467,1.513,1.544,1.458,1.543,1.579,1.59
2025-07-24 16:09:55.034,1.582,1.578,1.694,1.468,1.473,1.546,1.458,1.542,1.58,1.59
2025-07-24 16:09:55.083,1.582,1.579,1.693,1.467,1.414,1.546,1.457,1.543,1.581,1.59
2025-07-24 16:09:55.133,1.582,1.579,1.694,1.467,1.356,1.544,1.458,1.542,1.58,1.59
2025-07-24 16:09:55.183,1.581,1.578,1.693,1.468,1.306,1.543,1.459,1.543,1.579,1.59
2025-07-24 16:09:55.233,1.582,1.579,1.692,1.467,1.262,1.541,1.46,1.542,1.58,1.59
2025-07-24 16:09:55.283,1.582,1.578,1.694,1.467,1.235,1.538,1.459,1.542,1.578,1.59
2025-07-24 16:09:55.333,1.582,1.578,1.693,1.467,1.225,1.536,1.461,1.542,1.579,1.59
2025-07-24 16:09:55.383,1.581,1.578,1.693,1.467,1.226,1.533,1.458,1.543,1.579,1.59
2025-07-24 16:09:55.433,1.581,1.578,1.692,1.467,1.223,1.531,1.458,1.543,1.579,1.59
2025-07-24 16:09:55.483,1.581,1.578,1.694,1.468,1.223,1.528,1.457,1.542,1.579,1.59
2025-07-24 16:09:55.533,1.582,1.577,1.693,1.467,1.246,1.527,1.458,1.543,1.58,1.59
2025-07-24 16:09:55.583,1.582,1.579,1.693,1.467,1.279,1.525,1.457,1.543,1.58,1.59
2025-07-24 16:09:55.634,1.582,1.578,1.693,1.467,1.334,1.524,1.457,1.542,1.579,1.59
2025-07-24 16:09:55.684,1.582,1.578,1.693,1.467,1.401,1.523,1.46,1.543,1.58,1.59
2025-07-24 16:09:55.733,1.582,1.58,1.692,1.468,1.47,1.524,1.457,1.544,1.58,1.59
2025-07-24 16:09:55.783,1.582,1.579,1.693,1.467,1.525,1.526,1.458,1.543,1.58,1.59
2025-07-24 16:09:55.833,1.582,1.578,1.693,1.467,1.546,1.528,1.457,1.542,1.58,1.59
2025-07-24 16:09:55.883,1.582,1.579,1.693,1.468,1.555,1.529,1.458,1.543,1.579,1.59
2025-07-24 16:09:55.933,1.582,1.579,1.693,1.467,1.57,1.532,1.457,1.543,1.579,1.59
2025-07-24 16:09:55.984,1.582,1.58,1.692,1.467,1.567,1.533,1.458,1.543,1.58,1.59
2025-07-24 16:09:56.034,1.582,1.578,1.694,1.468,1.565,1.535,1.456,1.543,1.58,1.591
2025-07-24 16:09:56.083,1.582,1.579,1.694,1.467,1.565,1.536,1.458,1.542,1.58,1.59
2025-07-24 16:09:56.133,1.582,1.579,1.694,1.467,1.568,1.539,1.458,1.543,1.58,1.59
2025-07-24 16:09:56.183,1.582,1.578,1.693,1.468,1.564,1.541,1.458,1.543,1.58,1.59
2025-07-24 16:09:56.234,1.582,1.579,1.693,1.468,1.569,1.543,1.457,1.543,1.58,1.59
2025-07-24 16:09:56.283,1.582,1.579,1.693,1.467,1.565,1.544,1.458,1.543,1.579,1.59
2025-07-24 16:09:56.333,1.582,1.579,1.693,1.467,1.524,1.545,1.459,1.542,1.58,1.59
2025-07-24 16:09:56.384,1.582,1.579,1.694,1.467,1.486,1.546,1.457,1.543,1.58,1.59
2025-07-24 16:09:56.434,1.582,1.578,1.694,1.467,1.44,1.546,1.459,1.543,1.58,1.59
2025-07-24 16:09:56.483,1.582,1.578,1.694,1.467,1.394,1.545,1.46,1.543,1.579,1.59
2025-07-24 16:09:56.533,1.582,1.578,1.692,1.467,1.345,1.544,1.46,1.542,1.58,1.59
2025-07-24 16:09:56.583,1.582,1.58,1.694,1.467,1.294,1.543,1.46,1.543,1.58,1.59
2025-07-24 16:09:56.633,1.582,1.58,1.693,1.467,1.254,1.54,1.461,1.544,1.58,1.59
2025-07-24 16:09:56.684,1.582,1.579,1.693,1.467,1.228,1.537,1.46,1.544,1.58,1.59
2025-07-24 16:09:56.733,1.582,1.579,1.694,1.468,1.21,1.536,1.458,1.544,1.579,1.59
2025-07-24 16:09:56.783,1.582,1.579,1.693,1.467,1.21,1.533,1.46,1.544,1.581,1.59
2025-07-24 16:09:56.834,1.582,1.58,1.693,1.467,1.217,1.531,1.459,1.544,1.58,1.59
2025-07-24 16:09:56.883,1.582,1.578,1.694,1.467,1.223,1.528,1.46,1.544,1.58,1.59
2025-07-24 16:09:56.934,1.582,1.578,1.693,1.467,1.249,1.526,1.461,1.544,1.58,1.59
2025-07-24 16:09:56.983,1.582,1.579,1.694,1.467,1.291,1.525,1.458,1.544,1.579,1.59
2025-07-24 16:09:57.033,1.582,1.579,1.693,1.468,1.358,1.524,1.458,1.544,1.58,1.59
2025-07-24 16:09:57.084,1.582,1.579,1.693,1.467,1.429,1.524,1.457,1.543,1.58,1.59
2025-07-24 16:09:57.133,1.582,1.578,1.693,1.467,1.491,1.524,1.457,1.543,1.579,1.59
2025-07-24 16:09:57.184,1.582,1.578,1.694,1.468,1.536,1.527,1.457,1.543,1.58,1.59
2025-07-24 16:09:57.233,1.582,1.579,1.694,1.467,1.551,1.528,1.457,1.543,1.579,1.59
2025-07-24 16:09:57.283,1.582,1.578,1.693,1.467,1.562,1.531,1.458,1.543,1.58,1.59
2025-07-24 16:09:57.334,1.581,1.579,1.693,1.467,1.561,1.532,1.457,1.544,1.58,1.59
2025-07-24 16:09:57.383,1.582,1.578,1.694,1.467,1.566,1.534,1.457,1.543,1.579,1.59
2025-07-24 16:09:57.433,1.582,1.579,1.694,1.468,1.563,1.536,1.457,1.543,1.58,1.59
2025-07-24 16:09:57.483,1.582,1.579,1.694,1.467,1.572,1.538,1.458,1.543,1.58,1.59
2025-07-24 16:09:57.533,1.581,1.579,1.694,1.467,1.559,1.539,1.458,1.542,1.579,1.59
2025-07-24 16:09:57.583,1.582,1.578,1.694,1.467,1.569,1.541,1.457,1.543,1.579,1.59
2025-07-24 16:09:57.633,1.582,1.579,1.693,1.467,1.569,1.542,1.458,1.543,1.58,1.59
2025-07-24 16:09:57.683,1.582,1.578,1.694,1.468,1.561,1.544,1.458,1.543,1.579,1.59
2025-07-24 16:09:57.733,1.582,1.578,1.693,1.467,1.527,1.544,1.457,1.543,1.58,1.59
2025-07-24 16:09:57.783,1.582,1.578,1.693,1.467,1.488,1.546,1.458,1.543,1.58,1.59
2025-07-24 16:09:57.833,1.582,1.578,1.692,1.467,1.434,1.546,1.46,1.543,1.58,1.59
2025-07-24 16:09:57.883,1.582,1.578,1.693,1.467,1.391,1.545,1.459,1.543,1.58,1.59
2025-07-24 16:09:57.933,1.582,1.58,1.694,1.467,1.345,1.544,1.459,1.543,1.58,1.59
2025-07-24 16:09:57.983,1.582,1.579,1.694,1.467,1.292,1.543,1.459,1.543,1.58,1.59
2025-07-24 16:09:58.034,1.582,1.578,1.694,1.467,1.249,1.54,1.458,1.543,1.58,1.59
2025-07-24 16:09:58.084,1.582,1.579,1.693,1.468,1.22,1.538,1.458,1.544,1.579,1.59
2025-07-24 16:09:58.133,1.582,1.578,1.693,1.467,1.211,1.536,1.46,1.544,1.58,1.59
2025-07-24 16:09:58.183,1.582,1.579,1.692,1.467,1.213,1.533,1.459,1.544,1.58,1.59
2025-07-24 16:09:58.234,1.582,1.579,1.693,1.468,1.212,1.531,1.458,1.544,1.58,1.591
2025-07-24 16:09:58.283,1.582,1.58,1.693,1.467,1.232,1.528,1.461,1.544,1.58,1.591
2025-07-24 16:09:58.334,1.582,1.58,1.693,1.468,1.261,1.527,1.461,1.544,1.581,1.59
2025-07-24 16:09:58.384,1.582,1.579,1.693,1.467,1.32,1.525,1.458,1.544,1.58,1.59
2025-07-24 16:09:58.433,1.582,1.578,1.694,1.468,1.392,1.525,1.459,1.543,1.58,1.59
2025-07-24 16:09:58.484,1.582,1.58,1.693,1.467,1.471,1.527,1.458,1.544,1.581,1.59
2025-07-24 16:09:58.533,1.582,1.58,1.694,1.467,1.517,1.528,1.458,1.544,1.58,1.59
2025-07-24 16:09:58.583,1.582,1.58,1.693,1.467,1.542,1.528,1.457,1.544,1.581,1.59
2025-07-24 16:09:58.634,1.582,1.58,1.694,1.468,1.556,1.53,1.458,1.543,1.58,1.59
2025-07-24 16:09:58.683,1.582,1.579,1.694,1.467,1.559,1.532,1.457,1.544,1.58,1.59
2025-07-24 16:09:58.733,1.582,1.579,1.694,1.467,1.565,1.533,1.458,1.543,1.579,1.59
2025-07-24 16:09:58.783,1.582,1.58,1.693,1.468,1.569,1.536,1.459,1.544,1.58,1.59
2025-07-24 16:09:58.833,1.582,1.579,1.694,1.467,1.562,1.537,1.459,1.544,1.58,1.59
2025-07-24 16:09:58.883,1.582,1.578,1.693,1.467,1.566,1.54,1.457,1.544,1.58,1.59
2025-07-24 16:09:58.933,1.582,1.579,1.694,1.468,1.57,1.541,1.459,1.544,1.581,1.59
2025-07-24 16:09:58.984,1.582,1.578,1.693,1.468,1.56,1.543,1.458,1.543,1.58,1.59
2025-07-24 16:09:59.034,1.582,1.579,1.693,1.468,1.565,1.544,1.458,1.544,1.581,1.59
2025-07-24 16:09:59.084,1.582,1.579,1.693,1.467,1.538,1.545,1.458,1.543,1.58,1.59
2025-07-24 16:09:59.133,1.582,1.58,1.693,1.467,1.488,1.546,1.46,1.544,1.58,1.59
2025-07-24 16:09:59.184,1.582,1.579,1.694,1.468,1.447,1.547,1.46,1.544,1.581,1.59
2025-07-24 16:09:59.235,1.582,1.579,1.694,1.468,1.398,1.546,1.459,1.544,1.58,1.59
2025-07-24 16:09:59.283,1.582,1.58,1.692,1.468,1.347,1.544,1.46,1.543,1.58,1.59
2025-07-24 16:09:59.334,1.582,1.579,1.693,1.467,1.292,1.544,1.46,1.544,1.581,1.59
2025-07-24 16:09:59.384,1.582,1.579,1.694,1.467,1.253,1.541,1.46,1.544,1.58,1.59
2025-07-24 16:09:59.433,1.582,1.579,1.694,1.468,1.221,1.539,1.46,1.544,1.58,1.59
2025-07-24 16:09:59.484,1.582,1.578,1.692,1.468,1.21,1.535,1.46,1.544,1.58,1.59
2025-07-24 16:09:59.533,1.582,1.578,1.693,1.467,1.204,1.533,1.459,1.545,1.579,1.59
2025-07-24 16:09:59.583,1.582,1.579,1.692,1.468,1.215,1.53,1.459,1.544,1.581,1.59
2025-07-24 16:09:59.634,1.582,1.579,1.693,1.467,1.22,1.528,1.459,1.544,1.58,1.59
2025-07-24 16:09:59.684,1.582,1.578,1.694,1.467,1.254,1.526,1.459,1.544,1.579,1.59
2025-07-24 16:09:59.733,1.582,1.579,1.692,1.467,1.315,1.525,1.458,1.544,1.579,1.59
2025-07-24 16:09:59.783,1.582,1.579,1.693,1.467,1.382,1.524,1.458,1.544,1.579,1.59
2025-07-24 16:09:59.833,1.582,1.578,1.694,1.467,1.464,1.526,1.458,1.544,1.58,1.59
2025-07-24 16:09:59.884,1.582,1.577,1.693,1.467,1.524,1.525,1.457,1.544,1.58,1.59
2025-07-24 16:09:59.934,1.582,1.578,1.694,1.467,1.543,1.527,1.458,1.544,1.58,1.59
2025-07-24 16:09:59.984,1.582,1.579,1.693,1.467,1.548,1.53,1.457,1.544,1.581,1.59
2025-07-24 16:10:00.033,1.581,1.579,1.693,1.467,1.559,1.532,1.457,1.544,1.58,1.59
2025-07-24 16:10:00.084,1.582,1.578,1.693,1.467,1.553,1.532,1.457,1.543,1.579,1.59
2025-07-24 16:10:00.134,1.582,1.579,1.693,1.467,1.556,1.535,1.458,1.543,1.579,1.59
2025-07-24 16:10:00.184,1.582,1.579,1.693,1.467,1.56,1.537,1.457,1.543,1.58,1.589
2025-07-24 16:10:00.233,1.582,1.579,1.693,1.467,1.564,1.538,1.458,1.543,1.58,1.59
2025-07-24 16:10:00.283,1.581,1.578,1.693,1.467,1.56,1.54,1.457,1.543,1.579,1.59
2025-07-24 16:10:00.333,1.582,1.579,1.694,1.467,1.565,1.542,1.457,1.543,1.579,1.59
2025-07-24 16:10:00.383,1.582,1.579,1.693,1.468,1.564,1.543,1.457,1.543,1.579,1.59
2025-07-24 16:10:00.433,1.582,1.579,1.693,1.467,1.545,1.544,1.461,1.543,1.578,1.589
2025-07-24 16:10:00.484,1.582,1.579,1.693,1.467,1.492,1.545,1.461,1.543,1.58,1.59
2025-07-24 16:10:00.533,1.582,1.578,1.693,1.467,1.451,1.545,1.458,1.543,1.579,1.59
2025-07-24 16:10:00.583,1.582,1.579,1.694,1.467,1.4,1.544,1.459,1.543,1.579,1.59
2025-07-24 16:10:00.634,1.581,1.577,1.693,1.467,1.345,1.544,1.46,1.543,1.58,1.59
2025-07-24 16:10:00.684,1.582,1.579,1.694,1.467,1.296,1.543,1.459,1.544,1.579,1.59
2025-07-24 16:10:00.733,1.582,1.578,1.692,1.467,1.263,1.54,1.459,1.544,1.58,1.59
2025-07-24 16:10:00.783,1.582,1.579,1.693,1.467,1.225,1.537,1.46,1.544,1.58,1.59
2025-07-24 16:10:00.833,1.582,1.58,1.693,1.467,1.217,1.536,1.46,1.544,1.58,1.59
2025-07-24 16:10:00.884,1.582,1.579,1.694,1.467,1.22,1.532,1.46,1.544,1.58,1.59
2025-07-24 16:10:00.934,1.582,1.579,1.693,1.467,1.213,1.532,1.458,1.544,1.58,1.59
2025-07-24 16:10:00.983,1.582,1.578,1.693,1.468,1.221,1.53,1.46,1.544,1.58,1.59
2025-07-24 16:10:01.034,1.582,1.579,1.693,1.466,1.254,1.527,1.459,1.544,1.58,1.59
2025-07-24 16:10:01.083,1.582,1.579,1.694,1.467,1.3,1.525,1.461,1.544,1.58,1.59
2025-07-24 16:10:01.134,1.582,1.579,1.694,1.467,1.389,1.524,1.46,1.544,1.58,1.59
2025-07-24 16:10:01.184,1.582,1.578,1.694,1.467,1.472,1.525,1.458,1.544,1.58,1.59
2025-07-24 16:10:01.233,1.582,1.579,1.693,1.467,1.527,1.527,1.459,1.544,1.579,1.59
2025-07-24 16:10:01.284,1.582,1.578,1.692,1.468,1.544,1.529,1.459,1.544,1.581,1.59
2025-07-24 16:10:01.333,1.582,1.579,1.693,1.468,1.552,1.531,1.457,1.544,1.58,1.59
2025-07-24 16:10:01.383,1.582,1.579,1.694,1.466,1.561,1.532,1.459,1.544,1.579,1.59
2025-07-24 16:10:01.434,1.582,1.578,1.693,1.467,1.565,1.535,1.458,1.544,1.581,1.59
2025-07-24 16:10:01.483,1.582,1.578,1.694,1.468,1.569,1.536,1.457,1.544,1.58,1.59
2025-07-24 16:10:01.533,1.583,1.578,1.694,1.468,1.569,1.538,1.458,1.544,1.581,1.59
2025-07-24 16:10:01.583,1.582,1.579,1.694,1.467,1.563,1.539,1.458,1.544,1.58,1.59
2025-07-24 16:10:01.634,1.582,1.579,1.693,1.468,1.565,1.54,1.458,1.544,1.58,1.59
2025-07-24 16:10:01.683,1.582,1.58,1.693,1.467,1.569,1.543,1.458,1.544,1.58,1.59
2025-07-24 16:10:01.734,1.582,1.578,1.693,1.467,1.55,1.544,1.459,1.543,1.58,1.59
2025-07-24 16:10:01.784,1.582,1.578,1.693,1.467,1.503,1.545,1.458,1.544,1.58,1.59
2025-07-24 16:10:01.833,1.583,1.578,1.693,1.467,1.467,1.546,1.458,1.544,1.58,1.59
2025-07-24 16:10:01.884,1.582,1.578,1.693,1.467,1.416,1.545,1.459,1.544,1.581,1.59
2025-07-24 16:10:01.933,1.582,1.579,1.694,1.467,1.354,1.544,1.46,1.544,1.58,1.59
2025-07-24 16:10:01.984,1.582,1.579,1.693,1.468,1.304,1.543,1.458,1.544,1.58,1.59
2025-07-24 16:10:02.034,1.582,1.579,1.693,1.468,1.268,1.541,1.46,1.544,1.58,1.59
2025-07-24 16:10:02.083,1.582,1.579,1.694,1.467,1.236,1.538,1.459,1.544,1.578,1.59
2025-07-24 16:10:02.133,1.582,1.579,1.693,1.468,1.221,1.536,1.459,1.544,1.581,1.59
2025-07-24 16:10:02.184,1.582,1.579,1.693,1.468,1.217,1.532,1.459,1.544,1.58,1.59
2025-07-24 16:10:02.234,1.582,1.579,1.693,1.467,1.222,1.531,1.459,1.544,1.58,1.59
2025-07-24 16:10:02.284,1.582,1.579,1.692,1.467,1.218,1.528,1.458,1.545,1.58,1.59
2025-07-24 16:10:02.334,1.582,1.579,1.693,1.467,1.254,1.527,1.458,1.544,1.581,1.59
2025-07-24 16:10:02.384,1.582,1.578,1.693,1.467,1.296,1.525,1.458,1.544,1.58,1.59
2025-07-24 16:10:02.433,1.582,1.58,1.693,1.467,1.366,1.524,1.458,1.544,1.58,1.59
2025-07-24 16:10:02.484,1.582,1.579,1.693,1.467,1.424,1.524,1.458,1.544,1.58,1.59
2025-07-24 16:10:02.533,1.582,1.579,1.692,1.467,1.486,1.524,1.457,1.544,1.58,1.59
2025-07-24 16:10:02.584,1.582,1.578,1.693,1.467,1.528,1.526,1.458,1.544,1.581,1.59
2025-07-24 16:10:02.634,1.582,1.579,1.693,1.467,1.538,1.528,1.457,1.544,1.58,1.59
2025-07-24 16:10:02.685,1.582,1.578,1.693,1.468,1.548,1.53,1.458,1.544,1.58,1.59
2025-07-24 16:10:02.734,1.582,1.579,1.692,1.467,1.565,1.532,1.457,1.544,1.58,1.59
2025-07-24 16:10:02.784,1.582,1.578,1.694,1.467,1.568,1.534,1.457,1.543,1.579,1.59
2025-07-24 16:10:02.834,1.581,1.577,1.693,1.467,1.553,1.536,1.457,1.543,1.58,1.59
2025-07-24 16:10:02.884,1.582,1.579,1.692,1.468,1.561,1.538,1.457,1.543,1.58,1.59
2025-07-24 16:10:02.933,1.582,1.579,1.694,1.467,1.559,1.54,1.458,1.543,1.579,1.59
2025-07-24 16:10:02.985,1.581,1.578,1.693,1.467,1.564,1.541,1.458,1.544,1.579,1.59
2025-07-24 16:10:03.034,1.582,1.579,1.693,1.468,1.56,1.542,1.457,1.543,1.58,1.59
2025-07-24 16:10:03.084,1.582,1.579,1.693,1.466,1.548,1.544,1.458,1.543,1.579,1.59
2025-07-24 16:10:03.134,1.582,1.578,1.693,1.467,1.517,1.545,1.457,1.544,1.579,1.59
2025-07-24 16:10:03.184,1.582,1.579,1.693,1.466,1.478,1.546,1.459,1.544,1.581,1.59
2025-07-24 16:10:03.234,1.582,1.578,1.693,1.467,1.432,1.545,1.458,1.544,1.58,1.59
2025-07-24 16:10:03.284,1.582,1.578,1.693,1.467,1.392,1.545,1.46,1.544,1.58,1.59
2025-07-24 16:10:03.334,1.582,1.577,1.693,1.467,1.349,1.544,1.461,1.544,1.58,1.591
2025-07-24 16:10:03.383,1.582,1.58,1.693,1.467,1.305,1.543,1.459,1.544,1.58,1.59
2025-07-24 16:10:03.434,1.582,1.579,1.694,1.467,1.263,1.54,1.459,1.543,1.58,1.59
2025-07-24 16:10:03.484,1.582,1.579,1.693,1.468,1.232,1.537,1.46,1.544,1.58,1.59
2025-07-24 16:10:03.535,1.582,1.578,1.693,1.467,1.221,1.535,1.46,1.544,1.58,1.59
2025-07-24 16:10:03.583,1.582,1.58,1.693,1.467,1.224,1.532,1.459,1.544,1.581,1.59
2025-07-24 16:10:03.634,1.582,1.578,1.694,1.467,1.225,1.53,1.461,1.544,1.58,1.59
2025-07-24 16:10:03.683,1.582,1.58,1.694,1.467,1.238,1.528,1.46,1.544,1.58,1.59
2025-07-24 16:10:03.734,1.582,1.578,1.694,1.467,1.281,1.527,1.459,1.544,1.58,1.59
2025-07-24 16:10:03.783,1.582,1.579,1.693,1.467,1.347,1.527,1.459,1.544,1.58,1.59
2025-07-24 16:10:03.834,1.582,1.578,1.692,1.467,1.425,1.524,1.459,1.544,1.581,1.59
2025-07-24 16:10:03.884,1.582,1.58,1.693,1.468,1.49,1.527,1.457,1.544,1.581,1.59
2025-07-24 16:10:03.934,1.582,1.579,1.693,1.467,1.532,1.528,1.459,1.544,1.581,1.59
2025-07-24 16:10:03.984,1.582,1.58,1.694,1.467,1.546,1.53,1.458,1.544,1.58,1.59
2025-07-24 16:10:04.034,1.582,1.578,1.694,1.468,1.557,1.532,1.457,1.544,1.581,1.59
2025-07-24 16:10:04.084,1.582,1.579,1.694,1.467,1.553,1.532,1.458,1.544,1.581,1.59
2025-07-24 16:10:04.134,1.582,1.579,1.693,1.467,1.568,1.536,1.458,1.544,1.58,1.59
2025-07-24 16:10:04.184,1.582,1.579,1.693,1.467,1.561,1.537,1.458,1.544,1.58,1.59
2025-07-24 16:10:04.234,1.582,1.58,1.693,1.467,1.563,1.539,1.457,1.544,1.581,1.59
2025-07-24 16:10:04.284,1.582,1.579,1.694,1.468,1.561,1.542,1.457,1.544,1.58,1.59
2025-07-24 16:10:04.334,1.582,1.579,1.693,1.468,1.564,1.541,1.458,1.544,1.58,1.59
2025-07-24 16:10:04.384,1.582,1.579,1.694,1.468,1.569,1.544,1.458,1.544,1.58,1.591
2025-07-24 16:10:04.434,1.582,1.579,1.693,1.467,1.56,1.545,1.459,1.544,1.58,1.59
2025-07-24 16:10:04.484,1.582,1.579,1.694,1.467,1.529,1.546,1.46,1.544,1.58,1.59
2025-07-24 16:10:04.534,1.582,1.578,1.694,1.468,1.492,1.547,1.458,1.544,1.58,1.59
2025-07-24 16:10:04.584,1.582,1.578,1.693,1.467,1.45,1.547,1.458,1.544,1.58,1.59
2025-07-24 16:10:04.634,1.582,1.578,1.693,1.467,1.423,1.547,1.459,1.544,1.58,1.59
2025-07-24 16:10:04.684,1.582,1.579,1.694,1.467,1.352,1.544,1.459,1.544,1.58,1.59
2025-07-24 16:10:04.734,1.582,1.579,1.692,1.467,1.3,1.544,1.459,1.544,1.58,1.59
2025-07-24 16:10:04.784,1.582,1.579,1.693,1.468,1.261,1.541,1.459,1.543,1.58,1.59
2025-07-24 16:10:04.834,1.582,1.578,1.693,1.467,1.237,1.538,1.459,1.544,1.58,1.59
2025-07-24 16:10:04.884,1.582,1.578,1.693,1.467,1.241,1.536,1.459,1.544,1.579,1.59
2025-07-24 16:10:04.934,1.582,1.579,1.692,1.466,1.231,1.535,1.46,1.544,1.58,1.59
2025-07-24 16:10:04.984,1.582,1.579,1.692,1.467,1.231,1.532,1.459,1.544,1.58,1.59
2025-07-24 16:10:05.034,1.582,1.579,1.694,1.467,1.26,1.529,1.458,1.544,1.58,1.59
2025-07-24 16:10:05.083,1.582,1.579,1.693,1.468,1.314,1.528,1.458,1.544,1.58,1.59
2025-07-24 16:10:05.134,1.582,1.578,1.694,1.467,1.367,1.528,1.458,1.544,1.58,1.59
2025-07-24 16:10:05.184,1.582,1.578,1.693,1.468,1.446,1.527,1.458,1.544,1.58,1.59
2025-07-24 16:10:05.234,1.582,1.577,1.693,1.468,1.503,1.528,1.459,1.544,1.58,1.59
2025-07-24 16:10:05.284,1.582,1.578,1.694,1.468,1.541,1.531,1.458,1.544,1.58,1.589
2025-07-24 16:10:05.334,1.582,1.579,1.694,1.467,1.553,1.532,1.459,1.544,1.58,1.59
2025-07-24 16:10:05.384,1.582,1.579,1.693,1.467,1.563,1.533,1.458,1.544,1.58,1.59
2025-07-24 16:10:05.434,1.582,1.579,1.693,1.467,1.565,1.536,1.458,1.544,1.58,1.59
2025-07-24 16:10:05.484,1.582,1.579,1.694,1.467,1.566,1.538,1.459,1.544,1.579,1.59
2025-07-24 16:10:05.533,1.582,1.579,1.693,1.468,1.574,1.54,1.459,1.544,1.58,1.59
2025-07-24 16:10:05.584,1.582,1.579,1.693,1.468,1.573,1.541,1.458,1.544,1.58,1.59
2025-07-24 16:10:05.634,1.582,1.579,1.693,1.466,1.574,1.543,1.459,1.544,1.58,1.59
2025-07-24 16:10:05.684,1.582,1.579,1.694,1.467,1.578,1.545,1.458,1.544,1.58,1.59
2025-07-24 16:10:05.734,1.582,1.579,1.693,1.467,1.577,1.546,1.459,1.544,1.58,1.59
2025-07-24 16:10:05.785,1.582,1.579,1.694,1.467,1.575,1.548,1.459,1.543,1.58,1.59
2025-07-24 16:10:05.834,1.582,1.579,1.693,1.467,1.574,1.549,1.46,1.544,1.58,1.59
2025-07-24 16:10:05.884,1.582,1.579,1.693,1.467,1.585,1.55,1.46,1.544,1.581,1.59
2025-07-24 16:10:05.934,1.582,1.579,1.694,1.467,1.569,1.551,1.459,1.544,1.58,1.59
2025-07-24 16:10:05.984,1.581,1.579,1.694,1.467,1.574,1.552,1.459,1.544,1.581,1.59
2025-07-24 16:10:06.035,1.582,1.579,1.694,1.467,1.569,1.554,1.46,1.544,1.581,1.591
2025-07-24 16:10:06.084,1.582,1.579,1.694,1.467,1.573,1.556,1.461,1.545,1.58,1.59
2025-07-24 16:10:06.134,1.582,1.579,1.693,1.467,1.573,1.556,1.46,1.544,1.58,1.59
2025-07-24 16:10:06.184,1.582,1.579,1.694,1.467,1.571,1.557,1.46,1.544,1.58,1.59
2025-07-24 16:10:06.234,1.582,1.578,1.693,1.468,1.574,1.559,1.461,1.544,1.58,1.59
2025-07-24 16:10:06.284,1.582,1.578,1.694,1.468,1.571,1.559,1.46,1.544,1.58,1.59
2025-07-24 16:10:06.334,1.582,1.579,1.694,1.467,1.571,1.559,1.461,1.545,1.581,1.59
2025-07-24 16:10:06.385,1.582,1.579,1.692,1.468,1.572,1.561,1.461,1.545,1.581,1.59
2025-07-24 16:10:06.434,1.583,1.579,1.693,1.467,1.576,1.561,1.461,1.545,1.581,1.59
2025-07-24 16:10:06.485,1.582,1.578,1.694,1.467,1.576,1.562,1.461,1.544,1.58,1.59
2025-07-24 16:10:06.534,1.582,1.578,1.694,1.467,1.571,1.562,1.461,1.545,1.581,1.59
2025-07-24 16:10:06.584,1.582,1.579,1.694,1.467,1.572,1.565,1.461,1.545,1.58,1.59
2025-07-24 16:10:06.634,1.582,1.579,1.694,1.467,1.57,1.565,1.461,1.546,1.581,1.59
2025-07-24 16:10:06.684,1.582,1.579,1.693,1.467,1.573,1.565,1.461,1.545,1.581,1.59
2025-07-24 16:10:06.735,1.582,1.579,1.694,1.468,1.573,1.566,1.461,1.546,1.581,1.59
2025-07-24 16:10:06.784,1.582,1.58,1.694,1.468,1.577,1.565,1.463,1.545,1.581,1.59
2025-07-24 16:10:06.835,1.582,1.578,1.693,1.468,1.568,1.567,1.462,1.546,1.581,1.59
2025-07-24 16:10:06.884,1.582,1.578,1.693,1.467,1.572,1.568,1.465,1.545,1.581,1.59
2025-07-24 16:10:06.934,1.582,1.579,1.694,1.468,1.58,1.569,1.463,1.546,1.58,1.59
2025-07-24 16:10:06.984,1.582,1.579,1.694,1.468,1.586,1.568,1.464,1.546,1.581,1.59
2025-07-24 16:10:07.035,1.582,1.579,1.694,1.467,1.581,1.569,1.463,1.545,1.581,1.59
2025-07-24 16:10:07.084,1.582,1.579,1.693,1.468,1.573,1.57,1.463,1.545,1.581,1.59
2025-07-24 16:10:07.134,1.582,1.579,1.693,1.468,1.574,1.572,1.463,1.546,1.58,1.59
2025-07-24 16:10:07.184,1.582,1.578,1.693,1.467,1.565,1.57,1.464,1.545,1.581,1.59
2025-07-24 16:10:07.234,1.582,1.578,1.694,1.468,1.569,1.571,1.465,1.546,1.581,1.59
2025-07-24 16:10:07.284,1.582,1.579,1.693,1.467,1.573,1.572,1.464,1.546,1.58,1.59
2025-07-24 16:10:07.334,1.582,1.578,1.693,1.468,1.575,1.572,1.466,1.546,1.581,1.59
2025-07-24 16:10:07.384,1.582,1.577,1.693,1.468,1.573,1.572,1.465,1.546,1.581,1.59
2025-07-24 16:10:07.434,1.582,1.578,1.692,1.468,1.58,1.573,1.465,1.546,1.581,1.59
2025-07-24 16:10:07.484,1.582,1.578,1.694,1.467,1.575,1.573,1.464,1.546,1.581,1.59
2025-07-24 16:10:07.535,1.582,1.578,1.692,1.467,1.583,1.573,1.465,1.546,1.581,1.59
2025-07-24 16:10:07.585,1.582,1.579,1.693,1.467,1.585,1.573,1.465,1.545,1.582,1.59
2025-07-24 16:10:07.634,1.582,1.579,1.693,1.468,1.586,1.573,1.466,1.546,1.582,1.59
2025-07-24 16:10:07.685,1.582,1.578,1.694,1.467,1.579,1.574,1.465,1.546,1.581,1.59
2025-07-24 16:10:07.734,1.582,1.577,1.694,1.467,1.574,1.574,1.466,1.547,1.582,1.59
2025-07-24 16:10:07.785,1.582,1.578,1.694,1.468,1.582,1.575,1.466,1.547,1.581,1.59
2025-07-24 16:10:07.834,1.582,1.579,1.693,1.467,1.586,1.577,1.466,1.546,1.581,1.59
2025-07-24 16:10:07.884,1.582,1.579,1.693,1.467,1.582,1.577,1.464,1.547,1.582,1.591
2025-07-24 16:10:07.934,1.582,1.58,1.694,1.468,1.587,1.577,1.467,1.547,1.581,1.591
2025-07-24 16:10:07.984,1.582,1.58,1.694,1.467,1.585,1.577,1.466,1.547,1.581,1.591
2025-07-24 16:10:08.034,1.582,1.58,1.694,1.467,1.588,1.578,1.466,1.547,1.581,1.59
2025-07-24 16:10:08.084,1.582,1.58,1.694,1.467,1.587,1.578,1.466,1.547,1.58,1.59
2025-07-24 16:10:08.134,1.583,1.58,1.694,1.467,1.576,1.579,1.467,1.548,1.58,1.59
2025-07-24 16:10:08.185,1.583,1.58,1.694,1.467,1.582,1.58,1.467,1.548,1.579,1.591
2025-07-24 16:10:08.233,1.583,1.58,1.693,1.468,1.577,1.579,1.467,1.547,1.579,1.591
2025-07-24 16:10:08.284,1.582,1.58,1.694,1.467,1.587,1.58,1.467,1.548,1.579,1.59
2025-07-24 16:10:08.334,1.583,1.58,1.694,1.468,1.587,1.58,1.47,1.549,1.58,1.591
2025-07-24 16:10:08.384,1.582,1.58,1.694,1.467,1.581,1.581,1.468,1.548,1.58,1.591
2025-07-24 16:10:08.434,1.582,1.581,1.694,1.467,1.578,1.58,1.469,1.548,1.58,1.591
2025-07-24 16:10:08.485,1.583,1.58,1.694,1.467,1.581,1.581,1.47,1.548,1.579,1.592
2025-07-24 16:10:08.535,1.583,1.58,1.695,1.467,1.582,1.581,1.47,1.549,1.58,1.591
2025-07-24 16:10:08.585,1.583,1.58,1.694,1.467,1.592,1.582,1.468,1.548,1.579,1.591
2025-07-24 16:10:08.634,1.583,1.581,1.694,1.468,1.582,1.582,1.468,1.548,1.579,1.591
2025-07-24 16:10:08.684,1.584,1.581,1.694,1.468,1.582,1.582,1.469,1.548,1.578,1.591
2025-07-24 16:10:08.735,1.583,1.58,1.694,1.468,1.586,1.582,1.47,1.549,1.579,1.593
2025-07-24 16:10:08.785,1.583,1.582,1.694,1.468,1.587,1.582,1.469,1.548,1.579,1.591
2025-07-24 16:10:08.834,1.583,1.581,1.694,1.468,1.576,1.583,1.469,1.548,1.579,1.592
2025-07-24 16:10:08.884,1.584,1.581,1.695,1.468,1.582,1.582,1.47,1.548,1.578,1.591
2025-07-24 16:10:08.934,1.584,1.581,1.694,1.467,1.586,1.582,1.47,1.549,1.579,1.591
2025-07-24 16:10:08.984,1.584,1.582,1.695,1.468,1.581,1.583,1.47,1.548,1.578,1.59
2025-07-24 16:10:09.034,1.583,1.581,1.694,1.467,1.587,1.583,1.47,1.548,1.578,1.591
2025-07-24 16:10:09.084,1.583,1.581,1.694,1.468,1.577,1.583,1.47,1.548,1.577,1.591
2025-07-24 16:10:09.135,1.582,1.581,1.694,1.468,1.583,1.583,1.469,1.548,1.577,1.591
2025-07-24 16:10:09.184,1.583,1.581,1.694,1.467,1.586,1.584,1.47,1.548,1.577,1.59
2025-07-24 16:10:09.235,1.584,1.581,1.694,1.468,1.586,1.583,1.472,1.548,1.577,1.59
2025-07-24 16:10:09.285,1.584,1.581,1.694,1.468,1.585,1.584,1.47,1.548,1.578,1.591
2025-07-24 16:10:09.335,1.583,1.582,1.694,1.468,1.58,1.584,1.47,1.548,1.578,1.591
2025-07-24 16:10:09.385,1.583,1.581,1.695,1.468,1.578,1.584,1.471,1.548,1.577,1.59
2025-07-24 16:10:09.434,1.584,1.581,1.694,1.467,1.585,1.584,1.47,1.548,1.577,1.591
2025-07-24 16:10:09.484,1.584,1.581,1.695,1.468,1.584,1.585,1.47,1.547,1.577,1.591
2025-07-24 16:10:09.539,1.584,1.581,1.695,1.467,1.59,1.585,1.471,1.548,1.577,1.591
2025-07-24 16:10:09.585,1.583,1.582,1.694,1.468,1.59,1.584,1.473,1.548,1.578,1.591
2025-07-24 16:10:09.634,1.583,1.581,1.694,1.468,1.578,1.584,1.471,1.547,1.577,1.591
2025-07-24 16:10:09.684,1.583,1.581,1.694,1.468,1.587,1.585,1.473,1.547,1.577,1.591
2025-07-24 16:10:09.734,1.584,1.581,1.694,1.467,1.585,1.585,1.472,1.548,1.577,1.591
2025-07-24 16:10:09.786,1.583,1.581,1.694,1.468,1.587,1.585,1.472,1.548,1.576,1.591
2025-07-24 16:10:09.834,1.584,1.582,1.694,1.468,1.584,1.584,1.472,1.548,1.577,1.59
2025-07-24 16:10:09.886,1.584,1.581,1.694,1.467,1.582,1.585,1.471,1.548,1.576,1.591
2025-07-24 16:10:09.935,1.583,1.581,1.694,1.467,1.582,1.585,1.473,1.547,1.577,1.591
2025-07-24 16:10:09.985,1.583,1.581,1.694,1.468,1.586,1.586,1.471,1.548,1.577,1.591
2025-07-24 16:10:10.035,1.584,1.581,1.694,1.468,1.58,1.586,1.472,1.547,1.576,1.591
2025-07-24 16:10:10.084,1.584,1.582,1.694,1.468,1.582,1.585,1.471,1.548,1.576,1.591
2025-07-24 16:10:10.135,1.584,1.581,1.694,1.467,1.583,1.585,1.473,1.548,1.576,1.591
2025-07-24 16:10:10.184,1.583,1.582,1.695,1.468,1.593,1.585,1.47,1.548,1.575,1.591
2025-07-24 16:10:10.234,1.583,1.582,1.694,1.468,1.582,1.586,1.471,1.548,1.576,1.59
2025-07-24 16:10:10.284,1.584,1.581,1.695,1.467,1.582,1.585,1.471,1.548,1.576,1.59
2025-07-24 16:10:10.334,1.583,1.58,1.695,1.468,1.586,1.586,1.471,1.548,1.576,1.59
2025-07-24 16:10:10.385,1.584,1.581,1.694,1.468,1.578,1.586,1.471,1.548,1.575,1.59
2025-07-24 16:10:10.434,1.583,1.581,1.694,1.468,1.585,1.586,1.47,1.547,1.575,1.59
2025-07-24 16:10:10.484,1.584,1.582,1.695,1.468,1.582,1.585,1.471,1.547,1.575,1.59
2025-07-24 16:10:10.535,1.583,1.581,1.695,1.468,1.581,1.585,1.47,1.548,1.575,1.59
2025-07-24 16:10:10.584,1.584,1.581,1.694,1.467,1.582,1.585,1.474,1.548,1.574,1.59
2025-07-24 16:10:10.635,1.583,1.581,1.694,1.468,1.582,1.586,1.471,1.547,1.575,1.59
2025-07-24 16:10:10.685,1.583,1.582,1.694,1.468,1.587,1.586,1.471,1.548,1.575,1.59
2025-07-24 16:10:10.735,1.583,1.581,1.695,1.468,1.584,1.586,1.471,1.548,1.575,1.589
2025-07-24 16:10:10.785,1.583,1.581,1.694,1.468,1.586,1.586,1.47,1.547,1.574,1.59
2025-07-24 16:10:10.834,1.583,1.581,1.694,1.467,1.587,1.585,1.471,1.548,1.574,1.589
2025-07-24 16:10:10.885,1.583,1.581,1.694,1.468,1.587,1.586,1.47,1.548,1.575,1.59
2025-07-24 16:10:10.935,1.583,1.581,1.694,1.468,1.585,1.585,1.47,1.547,1.573,1.589
2025-07-24 16:10:10.985,1.583,1.581,1.694,1.467,1.574,1.585,1.47,1.547,1.574,1.589
2025-07-24 16:10:11.035,1.582,1.582,1.694,1.468,1.584,1.585,1.471,1.546,1.573,1.59
2025-07-24 16:10:11.085,1.583,1.582,1.694,1.468,1.578,1.586,1.471,1.547,1.574,1.589
2025-07-24 16:10:11.135,1.582,1.581,1.694,1.468,1.59,1.585,1.471,1.546,1.574,1.589
2025-07-24 16:10:11.185,1.582,1.58,1.694,1.468,1.581,1.586,1.473,1.546,1.574,1.588
2025-07-24 16:10:11.234,1.582,1.581,1.694,1.468,1.574,1.586,1.471,1.547,1.574,1.589
2025-07-24 16:10:11.284,1.583,1.58,1.694,1.467,1.583,1.585,1.47,1.546,1.574,1.588
2025-07-24 16:10:11.335,1.583,1.58,1.693,1.468,1.584,1.586,1.472,1.546,1.575,1.588
2025-07-24 16:10:11.385,1.582,1.58,1.694,1.468,1.582,1.586,1.471,1.546,1.575,1.589
2025-07-24 16:10:11.435,1.582,1.581,1.694,1.468,1.588,1.586,1.47,1.546,1.575,1.589
2025-07-24 16:10:11.485,1.582,1.581,1.694,1.468,1.59,1.585,1.471,1.546,1.575,1.588
2025-07-24 16:10:11.535,1.582,1.58,1.694,1.468,1.582,1.585,1.47,1.546,1.575,1.587
2025-07-24 16:10:11.584,1.582,1.58,1.694,1.467,1.587,1.586,1.47,1.546,1.576,1.588
2025-07-24 16:10:11.636,1.582,1.58,1.694,1.467,1.587,1.586,1.47,1.546,1.576,1.588
2025-07-24 16:10:11.684,1.582,1.579,1.694,1.467,1.582,1.586,1.47,1.545,1.576,1.588
2025-07-24 16:10:11.734,1.581,1.58,1.694,1.468,1.586,1.586,1.47,1.546,1.577,1.588
2025-07-24 16:10:11.784,1.582,1.581,1.694,1.468,1.586,1.586,1.47,1.546,1.577,1.588
2025-07-24 16:10:11.835,1.582,1.58,1.694,1.468,1.581,1.586,1.47,1.545,1.577,1.588
2025-07-24 16:10:11.884,1.582,1.58,1.693,1.468,1.582,1.585,1.47,1.545,1.577,1.59
2025-07-24 16:10:11.934,1.582,1.58,1.693,1.468,1.587,1.586,1.469,1.545,1.577,1.589
2025-07-24 16:10:11.985,1.582,1.579,1.693,1.468,1.586,1.585,1.47,1.545,1.577,1.588
2025-07-24 16:10:12.034,1.581,1.579,1.693,1.468,1.587,1.586,1.471,1.545,1.577,1.589
2025-07-24 16:10:12.084,1.581,1.579,1.694,1.468,1.585,1.585,1.47,1.545,1.577,1.589
2025-07-24 16:10:12.135,1.582,1.58,1.693,1.467,1.583,1.585,1.47,1.545,1.577,1.589
2025-07-24 16:10:12.184,1.581,1.579,1.694,1.468,1.578,1.585,1.47,1.545,1.578,1.588
2025-07-24 16:10:12.234,1.582,1.578,1.694,1.468,1.586,1.586,1.47,1.545,1.578,1.589
2025-07-24 16:10:12.285,1.582,1.58,1.694,1.467,1.583,1.586,1.47,1.545,1.578,1.589
2025-07-24 16:10:12.334,1.582,1.579,1.694,1.468,1.582,1.585,1.47,1.545,1.578,1.589
2025-07-24 16:10:12.384,1.581,1.58,1.694,1.468,1.586,1.585,1.47,1.546,1.578,1.589
2025-07-24 16:10:12.434,1.582,1.58,1.694,1.468,1.584,1.586,1.47,1.546,1.578,1.59
2025-07-24 16:10:12.484,1.582,1.579,1.694,1.468,1.584,1.586,1.471,1.545,1.579,1.589
2025-07-24 16:10:12.535,1.582,1.581,1.694,1.468,1.581,1.586,1.473,1.546,1.579,1.59
2025-07-24 16:10:12.584,1.583,1.581,1.695,1.468,1.577,1.585,1.47,1.545,1.579,1.59
2025-07-24 16:10:12.634,1.582,1.581,1.694,1.467,1.586,1.586,1.47,1.546,1.58,1.589
2025-07-24 16:10:12.685,1.582,1.581,1.694,1.468,1.586,1.586,1.471,1.546,1.58,1.59
2025-07-24 16:10:12.735,1.582,1.58,1.694,1.467,1.583,1.586,1.47,1.546,1.58,1.59
2025-07-24 16:10:12.784,1.583,1.582,1.694,1.468,1.585,1.586,1.472,1.546,1.58,1.59
2025-07-24 16:10:12.835,1.582,1.58,1.694,1.468,1.573,1.586,1.47,1.546,1.58,1.59
2025-07-24 16:10:12.885,1.583,1.579,1.694,1.468,1.553,1.586,1.47,1.546,1.581,1.59
2025-07-24 16:10:12.935,1.583,1.58,1.694,1.468,1.541,1.585,1.47,1.546,1.581,1.59
2025-07-24 16:10:12.989,1.582,1.58,1.694,1.468,1.524,1.585,1.471,1.546,1.58,1.59
2025-07-24 16:10:13.035,1.584,1.58,1.694,1.468,1.504,1.585,1.469,1.546,1.582,1.59
2025-07-24 16:10:13.085,1.583,1.581,1.694,1.467,1.478,1.583,1.471,1.546,1.582,1.59
2025-07-24 16:10:13.135,1.582,1.58,1.694,1.467,1.444,1.582,1.472,1.546,1.581,1.59
2025-07-24 16:10:13.185,1.583,1.58,1.694,1.468,1.409,1.58,1.472,1.546,1.581,1.59
2025-07-24 16:10:13.235,1.582,1.581,1.695,1.468,1.374,1.577,1.47,1.546,1.582,1.59
2025-07-24 16:10:13.285,1.582,1.58,1.694,1.468,1.319,1.574,1.471,1.546,1.582,1.59
2025-07-24 16:10:13.334,1.584,1.581,1.695,1.468,1.251,1.572,1.471,1.546,1.582,1.59
2025-07-24 16:10:13.385,1.583,1.581,1.695,1.468,1.207,1.567,1.471,1.547,1.581,1.59
2025-07-24 16:10:13.435,1.583,1.581,1.694,1.468,1.174,1.564,1.47,1.547,1.582,1.591
2025-07-24 16:10:13.486,1.583,1.581,1.694,1.468,1.157,1.559,1.471,1.546,1.582,1.591
2025-07-24 16:10:13.534,1.583,1.581,1.694,1.468,1.159,1.557,1.47,1.546,1.582,1.591
2025-07-24 16:10:13.584,1.583,1.582,1.694,1.468,1.164,1.552,1.47,1.546,1.582,1.591
2025-07-24 16:10:13.635,1.583,1.581,1.694,1.468,1.193,1.548,1.47,1.546,1.582,1.591
2025-07-24 16:10:13.685,1.583,1.581,1.696,1.468,1.217,1.544,1.47,1.546,1.582,1.591
2025-07-24 16:10:13.735,1.583,1.58,1.694,1.468,1.258,1.544,1.469,1.547,1.582,1.591
2025-07-24 16:10:13.785,1.583,1.581,1.694,1.468,1.308,1.54,1.468,1.546,1.582,1.591
2025-07-24 16:10:13.834,1.583,1.582,1.694,1.468,1.381,1.54,1.468,1.546,1.582,1.591
2025-07-24 16:10:13.885,1.583,1.581,1.694,1.468,1.455,1.54,1.468,1.547,1.582,1.591
2025-07-24 16:10:13.934,1.583,1.581,1.695,1.468,1.511,1.54,1.467,1.547,1.581,1.591
2025-07-24 16:10:13.985,1.584,1.581,1.694,1.468,1.544,1.541,1.468,1.547,1.581,1.591
2025-07-24 16:10:14.034,1.582,1.582,1.694,1.468,1.555,1.544,1.466,1.548,1.58,1.592
2025-07-24 16:10:14.085,1.582,1.582,1.695,1.468,1.565,1.544,1.468,1.548,1.58,1.592
2025-07-24 16:10:14.134,1.583,1.582,1.694,1.468,1.567,1.545,1.466,1.548,1.579,1.591
2025-07-24 16:10:14.185,1.583,1.582,1.695,1.468,1.563,1.548,1.467,1.548,1.579,1.591
2025-07-24 16:10:14.235,1.584,1.581,1.694,1.468,1.565,1.548,1.466,1.548,1.578,1.591
2025-07-24 16:10:14.287,1.585,1.581,1.695,1.468,1.569,1.549,1.466,1.548,1.579,1.591
2025-07-24 16:10:14.334,1.584,1.581,1.694,1.468,1.569,1.551,1.465,1.548,1.579,1.592
2025-07-24 16:10:14.384,1.583,1.582,1.695,1.467,1.572,1.552,1.466,1.548,1.579,1.592
2025-07-24 16:10:14.435,1.583,1.582,1.694,1.468,1.572,1.553,1.466,1.548,1.579,1.592
2025-07-24 16:10:14.484,1.584,1.582,1.695,1.468,1.572,1.554,1.466,1.548,1.578,1.591
2025-07-24 16:10:14.534,1.583,1.581,1.695,1.468,1.557,1.557,1.466,1.548,1.579,1.59
2025-07-24 16:10:14.585,1.583,1.582,1.694,1.468,1.518,1.557,1.465,1.548,1.578,1.592
2025-07-24 16:10:14.635,1.584,1.582,1.694,1.468,1.469,1.557,1.465,1.548,1.578,1.591
2025-07-24 16:10:14.684,1.583,1.582,1.694,1.468,1.406,1.557,1.465,1.548,1.578,1.591
2025-07-24 16:10:14.735,1.583,1.581,1.695,1.468,1.341,1.555,1.466,1.548,1.579,1.591
2025-07-24 16:10:14.784,1.583,1.581,1.695,1.468,1.263,1.553,1.465,1.548,1.578,1.592
2025-07-24 16:10:14.834,1.583,1.58,1.695,1.468,1.21,1.548,1.465,1.548,1.577,1.591
2025-07-24 16:10:14.885,1.584,1.582,1.695,1.468,1.175,1.545,1.465,1.548,1.577,1.59
2025-07-24 16:10:14.934,1.584,1.582,1.696,1.468,1.171,1.543,1.466,1.548,1.577,1.591
2025-07-24 16:10:14.985,1.583,1.58,1.694,1.468,1.179,1.539,1.464,1.549,1.577,1.591
2025-07-24 16:10:15.035,1.583,1.581,1.695,1.468,1.179,1.536,1.465,1.548,1.577,1.591
2025-07-24 16:10:15.085,1.584,1.581,1.694,1.468,1.197,1.533,1.464,1.548,1.577,1.591
2025-07-24 16:10:15.136,1.583,1.582,1.694,1.468,1.231,1.532,1.464,1.548,1.577,1.59
2025-07-24 16:10:15.185,1.584,1.581,1.694,1.468,1.29,1.529,1.463,1.548,1.577,1.59
2025-07-24 16:10:15.235,1.584,1.581,1.695,1.468,1.361,1.528,1.462,1.548,1.577,1.591
2025-07-24 16:10:15.284,1.583,1.582,1.694,1.468,1.451,1.528,1.463,1.548,1.577,1.59
2025-07-24 16:10:15.335,1.584,1.581,1.695,1.468,1.51,1.529,1.462,1.548,1.577,1.591
2025-07-24 16:10:15.384,1.583,1.581,1.695,1.468,1.544,1.532,1.462,1.548,1.577,1.591
2025-07-24 16:10:15.435,1.583,1.581,1.694,1.468,1.544,1.533,1.461,1.548,1.577,1.59
2025-07-24 16:10:15.485,1.583,1.581,1.694,1.468,1.56,1.535,1.461,1.548,1.577,1.591
2025-07-24 16:10:15.535,1.583,1.582,1.694,1.467,1.565,1.536,1.461,1.548,1.577,1.591
2025-07-24 16:10:15.585,1.584,1.582,1.694,1.468,1.571,1.538,1.461,1.548,1.577,1.591
2025-07-24 16:10:15.635,1.583,1.581,1.694,1.468,1.568,1.54,1.461,1.548,1.577,1.59
2025-07-24 16:10:15.684,1.584,1.58,1.694,1.468,1.564,1.541,1.461,1.548,1.576,1.59
2025-07-24 16:10:15.734,1.583,1.581,1.694,1.468,1.575,1.544,1.462,1.547,1.576,1.59
2025-07-24 16:10:15.784,1.583,1.58,1.695,1.468,1.571,1.544,1.459,1.548,1.577,1.59
2025-07-24 16:10:15.835,1.583,1.581,1.694,1.468,1.568,1.547,1.461,1.548,1.576,1.59
2025-07-24 16:10:15.884,1.582,1.581,1.694,1.467,1.565,1.548,1.461,1.548,1.576,1.59
2025-07-24 16:10:15.934,1.582,1.581,1.694,1.468,1.536,1.548,1.461,1.547,1.576,1.59
2025-07-24 16:10:15.984,1.583,1.581,1.694,1.467,1.49,1.548,1.461,1.548,1.576,1.59
2025-07-24 16:10:16.035,1.583,1.58,1.694,1.468,1.441,1.55,1.461,1.548,1.575,1.59
2025-07-24 16:10:16.084,1.583,1.581,1.694,1.468,1.391,1.548,1.46,1.548,1.576,1.59
2025-07-24 16:10:16.134,1.583,1.582,1.694,1.468,1.324,1.547,1.461,1.548,1.576,1.59
2025-07-24 16:10:16.184,1.583,1.58,1.694,1.468,1.263,1.545,1.461,1.547,1.576,1.59
2025-07-24 16:10:16.235,1.582,1.58,1.694,1.468,1.216,1.542,1.46,1.548,1.575,1.59
2025-07-24 16:10:16.284,1.583,1.581,1.694,1.467,1.199,1.54,1.461,1.547,1.574,1.59
2025-07-24 16:10:16.335,1.582,1.581,1.694,1.468,1.194,1.536,1.461,1.547,1.575,1.59
2025-07-24 16:10:16.384,1.582,1.58,1.694,1.468,1.199,1.532,1.461,1.547,1.575,1.59
2025-07-24 16:10:16.435,1.582,1.58,1.694,1.467,1.208,1.53,1.461,1.547,1.574,1.59
2025-07-24 16:10:16.490,1.582,1.58,1.694,1.467,1.242,1.529,1.46,1.547,1.575,1.59
2025-07-24 16:10:16.534,1.582,1.58,1.694,1.468,1.286,1.527,1.46,1.546,1.574,1.589
2025-07-24 16:10:16.585,1.582,1.579,1.694,1.468,1.338,1.526,1.459,1.547,1.574,1.589
2025-07-24 16:10:16.634,1.582,1.58,1.694,1.467,1.417,1.526,1.461,1.547,1.574,1.589
2025-07-24 16:10:16.684,1.582,1.58,1.694,1.468,1.482,1.526,1.458,1.547,1.574,1.589
2025-07-24 16:10:16.735,1.582,1.579,1.694,1.468,1.531,1.528,1.458,1.547,1.574,1.589
2025-07-24 16:10:16.789,1.582,1.578,1.694,1.467,1.554,1.531,1.458,1.546,1.574,1.589
2025-07-24 16:10:16.835,1.582,1.58,1.694,1.468,1.558,1.532,1.459,1.546,1.575,1.587
2025-07-24 16:10:16.885,1.582,1.579,1.693,1.468,1.566,1.533,1.457,1.546,1.576,1.589
2025-07-24 16:10:16.935,1.582,1.579,1.694,1.468,1.565,1.536,1.457,1.546,1.575,1.588
2025-07-24 16:10:16.985,1.582,1.58,1.693,1.468,1.567,1.537,1.457,1.546,1.576,1.589
2025-07-24 16:10:17.035,1.582,1.58,1.694,1.468,1.566,1.54,1.46,1.545,1.577,1.588
2025-07-24 16:10:17.084,1.582,1.579,1.694,1.468,1.561,1.54,1.458,1.546,1.577,1.589
2025-07-24 16:10:17.135,1.582,1.579,1.694,1.468,1.576,1.543,1.458,1.546,1.576,1.588
2025-07-24 16:10:17.186,1.582,1.579,1.693,1.468,1.57,1.544,1.458,1.545,1.577,1.587
2025-07-24 16:10:17.234,1.582,1.58,1.694,1.468,1.561,1.546,1.46,1.546,1.577,1.589
2025-07-24 16:10:17.284,1.582,1.579,1.694,1.468,1.526,1.547,1.46,1.545,1.577,1.588
2025-07-24 16:10:17.335,1.582,1.58,1.694,1.468,1.49,1.548,1.458,1.545,1.577,1.589
2025-07-24 16:10:17.385,1.582,1.58,1.693,1.469,1.435,1.548,1.459,1.545,1.577,1.589
2025-07-24 16:10:17.435,1.582,1.579,1.694,1.468,1.366,1.547,1.458,1.545,1.577,1.589
2025-07-24 16:10:17.485,1.582,1.579,1.694,1.468,1.304,1.544,1.459,1.546,1.578,1.589
2025-07-24 16:10:17.534,1.582,1.579,1.694,1.468,1.251,1.543,1.459,1.546,1.577,1.589
2025-07-24 16:10:17.584,1.582,1.579,1.693,1.468,1.217,1.54,1.46,1.545,1.578,1.589
2025-07-24 16:10:17.641,1.581,1.579,1.694,1.467,1.211,1.537,1.459,1.545,1.579,1.589
2025-07-24 16:10:17.685,1.582,1.578,1.694,1.467,1.213,1.536,1.461,1.545,1.578,1.589
2025-07-24 16:10:17.735,1.582,1.578,1.694,1.467,1.212,1.532,1.459,1.546,1.578,1.589
2025-07-24 16:10:17.784,1.582,1.579,1.694,1.468,1.222,1.529,1.458,1.546,1.578,1.59
2025-07-24 16:10:17.835,1.582,1.58,1.694,1.468,1.256,1.528,1.46,1.546,1.579,1.59
2025-07-24 16:10:17.885,1.582,1.58,1.694,1.469,1.303,1.528,1.46,1.545,1.579,1.588
2025-07-24 16:10:17.935,1.582,1.579,1.694,1.467,1.367,1.525,1.457,1.545,1.58,1.589
2025-07-24 16:10:17.985,1.582,1.579,1.694,1.468,1.441,1.526,1.457,1.545,1.579,1.589
2025-07-24 16:10:18.035,1.582,1.58,1.694,1.467,1.503,1.528,1.457,1.545,1.579,1.59
2025-07-24 16:10:18.085,1.582,1.58,1.694,1.468,1.541,1.529,1.459,1.546,1.579,1.59
2025-07-24 16:10:18.135,1.581,1.579,1.693,1.467,1.553,1.53,1.458,1.545,1.579,1.59
2025-07-24 16:10:18.185,1.582,1.579,1.694,1.468,1.56,1.532,1.458,1.545,1.58,1.589
2025-07-24 16:10:18.235,1.582,1.58,1.693,1.468,1.565,1.533,1.458,1.545,1.58,1.589
2025-07-24 16:10:18.285,1.581,1.579,1.693,1.468,1.561,1.536,1.458,1.544,1.579,1.59
2025-07-24 16:10:18.334,1.582,1.579,1.693,1.468,1.57,1.536,1.458,1.544,1.58,1.589
2025-07-24 16:10:18.385,1.582,1.58,1.694,1.468,1.574,1.539,1.458,1.544,1.579,1.59
2025-07-24 16:10:18.435,1.582,1.579,1.694,1.467,1.571,1.541,1.458,1.544,1.579,1.59
2025-07-24 16:10:18.485,1.582,1.578,1.694,1.467,1.569,1.542,1.457,1.545,1.579,1.589
2025-07-24 16:10:18.537,1.582,1.579,1.693,1.467,1.558,1.544,1.459,1.544,1.58,1.59
2025-07-24 16:10:18.584,1.582,1.579,1.694,1.467,1.544,1.545,1.459,1.544,1.58,1.589
2025-07-24 16:10:18.635,1.582,1.579,1.693,1.468,1.509,1.546,1.461,1.544,1.58,1.59
2025-07-24 16:10:18.684,1.581,1.58,1.694,1.468,1.466,1.546,1.458,1.544,1.58,1.59
2025-07-24 16:10:18.734,1.582,1.579,1.694,1.468,1.411,1.546,1.458,1.544,1.58,1.59
2025-07-24 16:10:18.785,1.581,1.58,1.694,1.468,1.361,1.544,1.459,1.544,1.58,1.589
2025-07-24 16:10:18.834,1.582,1.579,1.693,1.468,1.316,1.544,1.459,1.544,1.58,1.59
2025-07-24 16:10:18.885,1.582,1.578,1.694,1.467,1.269,1.542,1.459,1.544,1.579,1.59
2025-07-24 16:10:18.935,1.582,1.579,1.694,1.468,1.232,1.539,1.461,1.544,1.58,1.59
2025-07-24 16:10:18.985,1.581,1.578,1.694,1.468,1.217,1.536,1.46,1.544,1.58,1.59
2025-07-24 16:10:19.034,1.582,1.578,1.692,1.468,1.216,1.534,1.459,1.544,1.58,1.59
2025-07-24 16:10:19.089,1.582,1.578,1.693,1.467,1.219,1.532,1.459,1.544,1.58,1.59
2025-07-24 16:10:19.135,1.582,1.578,1.694,1.468,1.232,1.529,1.458,1.544,1.579,1.59
2025-07-24 16:10:19.185,1.582,1.579,1.694,1.468,1.276,1.528,1.458,1.544,1.58,1.59
2025-07-24 16:10:19.234,1.582,1.578,1.694,1.467,1.332,1.527,1.458,1.544,1.58,1.59
2025-07-24 16:10:19.287,1.582,1.579,1.693,1.467,1.417,1.527,1.458,1.545,1.58,1.59
2025-07-24 16:10:19.334,1.582,1.579,1.694,1.467,1.488,1.528,1.458,1.544,1.58,1.59
2025-07-24 16:10:19.384,1.582,1.579,1.692,1.468,1.524,1.529,1.458,1.544,1.581,1.59
2025-07-24 16:10:19.436,1.582,1.579,1.694,1.468,1.544,1.531,1.459,1.544,1.58,1.59
2025-07-24 16:10:19.484,1.582,1.579,1.694,1.467,1.552,1.532,1.458,1.544,1.581,1.59
2025-07-24 16:10:19.535,1.582,1.58,1.694,1.467,1.557,1.534,1.46,1.544,1.58,1.59
2025-07-24 16:10:19.585,1.582,1.579,1.694,1.468,1.562,1.536,1.458,1.544,1.58,1.59
2025-07-24 16:10:19.635,1.582,1.578,1.694,1.468,1.567,1.537,1.459,1.544,1.58,1.59
2025-07-24 16:10:19.685,1.582,1.58,1.693,1.468,1.573,1.54,1.457,1.545,1.58,1.59
2025-07-24 16:10:19.734,1.582,1.579,1.694,1.468,1.569,1.541,1.458,1.544,1.58,1.59
2025-07-24 16:10:19.785,1.582,1.579,1.693,1.467,1.572,1.541,1.459,1.544,1.58,1.59
2025-07-24 16:10:19.836,1.582,1.579,1.694,1.467,1.563,1.544,1.459,1.544,1.58,1.59
2025-07-24 16:10:19.884,1.583,1.579,1.694,1.468,1.561,1.546,1.458,1.544,1.581,1.59
2025-07-24 16:10:19.934,1.582,1.579,1.694,1.467,1.568,1.547,1.458,1.545,1.581,1.59
2025-07-24 16:10:19.984,1.582,1.578,1.694,1.468,1.526,1.548,1.459,1.545,1.58,1.59
2025-07-24 16:10:20.035,1.582,1.58,1.694,1.468,1.495,1.548,1.46,1.545,1.581,1.59
2025-07-24 16:10:20.084,1.582,1.579,1.694,1.468,1.442,1.548,1.458,1.544,1.579,1.59
2025-07-24 16:10:20.135,1.582,1.579,1.693,1.467,1.379,1.548,1.459,1.544,1.581,1.59
2025-07-24 16:10:20.185,1.582,1.579,1.694,1.468,1.324,1.546,1.459,1.544,1.581,1.59
2025-07-24 16:10:20.235,1.582,1.578,1.694,1.467,1.264,1.545,1.458,1.544,1.581,1.59
2025-07-24 16:10:20.284,1.583,1.578,1.694,1.467,1.23,1.541,1.458,1.544,1.581,1.59
2025-07-24 16:10:20.334,1.583,1.579,1.694,1.467,1.216,1.539,1.46,1.544,1.581,1.59
2025-07-24 16:10:20.386,1.582,1.58,1.694,1.468,1.213,1.537,1.46,1.545,1.581,1.59
2025-07-24 16:10:20.435,1.582,1.58,1.694,1.467,1.211,1.534,1.457,1.544,1.581,1.59
2025-07-24 16:10:20.484,1.582,1.578,1.694,1.467,1.216,1.531,1.46,1.544,1.58,1.59
2025-07-24 16:10:20.535,1.582,1.579,1.694,1.468,1.247,1.531,1.458,1.545,1.581,1.59
2025-07-24 16:10:20.584,1.582,1.579,1.694,1.467,1.291,1.527,1.457,1.545,1.581,1.59
2025-07-24 16:10:20.634,1.582,1.579,1.694,1.468,1.353,1.527,1.459,1.544,1.581,1.59
2025-07-24 16:10:20.685,1.583,1.58,1.694,1.468,1.426,1.527,1.458,1.544,1.582,1.59
2025-07-24 16:10:20.735,1.582,1.578,1.694,1.468,1.492,1.527,1.46,1.545,1.581,1.59
2025-07-24 16:10:20.790,1.582,1.58,1.694,1.467,1.524,1.528,1.459,1.544,1.581,1.59
2025-07-24 16:10:20.835,1.582,1.579,1.694,1.468,1.546,1.53,1.458,1.544,1.58,1.59
2025-07-24 16:10:20.885,1.582,1.58,1.693,1.467,1.555,1.532,1.459,1.544,1.58,1.59
2025-07-24 16:10:20.935,1.582,1.58,1.694,1.468,1.565,1.534,1.457,1.544,1.581,1.59
2025-07-24 16:10:20.985,1.582,1.579,1.693,1.467,1.565,1.536,1.458,1.544,1.581,1.59
2025-07-24 16:10:21.034,1.582,1.578,1.694,1.468,1.568,1.537,1.459,1.544,1.58,1.59
2025-07-24 16:10:21.085,1.582,1.579,1.694,1.468,1.568,1.54,1.458,1.544,1.58,1.59
2025-07-24 16:10:21.135,1.582,1.579,1.694,1.468,1.567,1.541,1.457,1.544,1.581,1.59
2025-07-24 16:10:21.184,1.582,1.578,1.693,1.468,1.57,1.542,1.458,1.544,1.58,1.59
2025-07-24 16:10:21.235,1.582,1.58,1.693,1.467,1.565,1.544,1.457,1.544,1.58,1.59
2025-07-24 16:10:21.285,1.582,1.579,1.694,1.468,1.565,1.545,1.458,1.544,1.58,1.59
2025-07-24 16:10:21.334,1.582,1.578,1.694,1.467,1.548,1.547,1.458,1.544,1.58,1.59
2025-07-24 16:10:21.385,1.582,1.578,1.694,1.468,1.508,1.548,1.458,1.544,1.58,1.59
2025-07-24 16:10:21.434,1.581,1.579,1.694,1.467,1.459,1.548,1.457,1.543,1.58,1.59
2025-07-24 16:10:21.485,1.582,1.579,1.694,1.468,1.409,1.548,1.457,1.544,1.58,1.59
2025-07-24 16:10:21.535,1.581,1.579,1.694,1.468,1.352,1.546,1.457,1.543,1.58,1.59
2025-07-24 16:10:21.585,1.582,1.578,1.694,1.467,1.297,1.544,1.457,1.544,1.58,1.59
2025-07-24 16:10:21.635,1.582,1.579,1.693,1.467,1.25,1.543,1.459,1.543,1.581,1.59
2025-07-24 16:10:21.688,1.582,1.579,1.693,1.468,1.229,1.539,1.459,1.544,1.579,1.59
2025-07-24 16:10:21.735,1.581,1.58,1.693,1.468,1.224,1.537,1.458,1.543,1.58,1.59
2025-07-24 16:10:21.784,1.582,1.578,1.693,1.468,1.223,1.535,1.458,1.543,1.58,1.59
2025-07-24 16:10:21.835,1.582,1.577,1.694,1.468,1.225,1.532,1.459,1.544,1.58,1.59
2025-07-24 16:10:21.884,1.582,1.578,1.693,1.467,1.244,1.53,1.458,1.544,1.579,1.59
2025-07-24 16:10:21.935,1.582,1.578,1.693,1.467,1.266,1.529,1.457,1.543,1.58,1.59
2025-07-24 16:10:21.985,1.582,1.577,1.694,1.468,1.305,1.527,1.458,1.544,1.58,1.59
2025-07-24 16:10:22.035,1.582,1.578,1.693,1.467,1.355,1.526,1.46,1.544,1.58,1.59
2025-07-24 16:10:22.085,1.582,1.579,1.694,1.468,1.42,1.526,1.458,1.543,1.58,1.59
2025-07-24 16:10:22.135,1.582,1.578,1.694,1.468,1.472,1.526,1.457,1.544,1.58,1.59
2025-07-24 16:10:22.194,1.582,1.578,1.694,1.467,1.528,1.528,1.457,1.543,1.58,1.59
2025-07-24 16:10:22.235,1.582,1.579,1.694,1.468,1.547,1.53,1.459,1.543,1.58,1.59
2025-07-24 16:10:22.288,1.582,1.579,1.693,1.468,1.554,1.532,1.457,1.543,1.58,1.59
2025-07-24 16:10:22.334,1.582,1.578,1.693,1.467,1.566,1.533,1.457,1.543,1.58,1.59
2025-07-24 16:10:22.385,1.582,1.578,1.694,1.468,1.561,1.536,1.456,1.543,1.58,1.59
2025-07-24 16:10:22.435,1.582,1.58,1.694,1.468,1.568,1.538,1.457,1.543,1.58,1.59
2025-07-24 16:10:22.485,1.582,1.578,1.692,1.468,1.56,1.54,1.457,1.543,1.58,1.59
2025-07-24 16:10:22.535,1.582,1.578,1.693,1.468,1.561,1.54,1.459,1.543,1.579,1.59
2025-07-24 16:10:22.585,1.582,1.578,1.694,1.468,1.569,1.543,1.457,1.543,1.58,1.59
2025-07-24 16:10:22.634,1.582,1.579,1.693,1.467,1.563,1.544,1.459,1.541,1.58,1.59
2025-07-24 16:10:22.684,1.582,1.578,1.694,1.467,1.565,1.545,1.458,1.543,1.58,1.59
2025-07-24 16:10:22.735,1.582,1.578,1.694,1.467,1.535,1.547,1.458,1.543,1.579,1.59
2025-07-24 16:10:22.785,1.582,1.578,1.694,1.467,1.504,1.548,1.46,1.543,1.58,1.59
2025-07-24 16:10:22.835,1.582,1.579,1.694,1.467,1.448,1.547,1.457,1.543,1.58,1.59
2025-07-24 16:10:22.884,1.582,1.579,1.693,1.468,1.391,1.547,1.457,1.544,1.58,1.59
2025-07-24 16:10:22.934,1.582,1.58,1.693,1.468,1.338,1.545,1.458,1.543,1.58,1.591
2025-07-24 16:10:22.985,1.582,1.58,1.694,1.468,1.281,1.544,1.46,1.543,1.58,1.59
2025-07-24 16:10:23.034,1.582,1.58,1.694,1.468,1.237,1.54,1.46,1.544,1.579,1.59
2025-07-24 16:10:23.084,1.582,1.579,1.694,1.468,1.22,1.54,1.459,1.543,1.58,1.59
2025-07-24 16:10:23.140,1.582,1.579,1.693,1.467,1.226,1.536,1.459,1.543,1.58,1.59
2025-07-24 16:10:23.185,1.582,1.579,1.694,1.468,1.225,1.533,1.457,1.543,1.58,1.59
2025-07-24 16:10:23.235,1.582,1.579,1.694,1.468,1.235,1.533,1.458,1.544,1.58,1.59
2025-07-24 16:10:23.284,1.583,1.579,1.693,1.467,1.27,1.529,1.458,1.543,1.58,1.59
2025-07-24 16:10:23.335,1.582,1.579,1.693,1.468,1.304,1.528,1.457,1.543,1.58,1.59
2025-07-24 16:10:23.384,1.582,1.579,1.693,1.468,1.353,1.526,1.457,1.543,1.58,1.59
2025-07-24 16:10:23.434,1.582,1.58,1.693,1.468,1.427,1.527,1.459,1.543,1.58,1.59
2025-07-24 16:10:23.484,1.582,1.579,1.693,1.467,1.474,1.528,1.459,1.543,1.579,1.59
2025-07-24 16:10:23.535,1.582,1.577,1.694,1.467,1.533,1.53,1.457,1.542,1.579,1.59
2025-07-24 16:10:23.584,1.581,1.577,1.693,1.467,1.55,1.531,1.457,1.543,1.579,1.59
2025-07-24 16:10:23.635,1.582,1.578,1.693,1.467,1.557,1.532,1.457,1.543,1.58,1.59
2025-07-24 16:10:23.684,1.582,1.578,1.694,1.468,1.562,1.534,1.457,1.544,1.579,1.59
2025-07-24 16:10:23.734,1.582,1.578,1.692,1.468,1.562,1.536,1.457,1.544,1.579,1.59
2025-07-24 16:10:23.784,1.582,1.58,1.694,1.467,1.567,1.539,1.457,1.542,1.58,1.59
2025-07-24 16:10:23.834,1.581,1.579,1.694,1.468,1.569,1.54,1.457,1.543,1.579,1.59
2025-07-24 16:10:23.885,1.582,1.578,1.693,1.468,1.568,1.542,1.458,1.542,1.579,1.59
2025-07-24 16:10:23.935,1.582,1.579,1.693,1.466,1.566,1.543,1.457,1.542,1.579,1.59
2025-07-24 16:10:23.985,1.582,1.579,1.694,1.467,1.574,1.544,1.457,1.543,1.58,1.59
2025-07-24 16:10:24.034,1.582,1.579,1.694,1.468,1.564,1.546,1.46,1.542,1.58,1.59
2025-07-24 16:10:24.084,1.582,1.579,1.694,1.468,1.561,1.548,1.458,1.543,1.579,1.59
2025-07-24 16:10:24.134,1.582,1.579,1.694,1.468,1.54,1.549,1.459,1.544,1.58,1.59
2025-07-24 16:10:24.184,1.582,1.579,1.694,1.468,1.502,1.549,1.459,1.544,1.579,1.59
2025-07-24 16:10:24.234,1.582,1.58,1.694,1.467,1.457,1.55,1.458,1.543,1.58,1.59
2025-07-24 16:10:24.284,1.582,1.58,1.694,1.468,1.405,1.55,1.459,1.543,1.58,1.59
2025-07-24 16:10:24.335,1.582,1.578,1.693,1.468,1.349,1.548,1.458,1.543,1.579,1.59
2025-07-24 16:10:24.385,1.582,1.578,1.694,1.467,1.293,1.546,1.458,1.544,1.58,1.59
2025-07-24 16:10:24.433,1.582,1.578,1.693,1.468,1.244,1.543,1.459,1.543,1.58,1.59
2025-07-24 16:10:24.484,1.582,1.578,1.694,1.467,1.237,1.541,1.46,1.543,1.58,1.59
2025-07-24 16:10:24.535,1.582,1.579,1.694,1.467,1.233,1.539,1.46,1.544,1.58,1.59
2025-07-24 16:10:24.585,1.582,1.58,1.694,1.468,1.237,1.537,1.46,1.544,1.58,1.59
2025-07-24 16:10:24.635,1.582,1.579,1.694,1.468,1.271,1.533,1.46,1.544,1.58,1.591
2025-07-24 16:10:24.684,1.582,1.579,1.693,1.468,1.313,1.532,1.459,1.544,1.58,1.59
2025-07-24 16:10:24.735,1.582,1.58,1.693,1.468,1.371,1.532,1.461,1.544,1.58,1.59
2025-07-24 16:10:24.785,1.582,1.579,1.694,1.468,1.424,1.531,1.459,1.545,1.58,1.59
2025-07-24 16:10:24.835,1.582,1.58,1.693,1.468,1.484,1.532,1.461,1.544,1.581,1.59
2025-07-24 16:10:24.887,1.582,1.579,1.694,1.467,1.528,1.533,1.458,1.544,1.58,1.59
2025-07-24 16:10:24.934,1.582,1.579,1.694,1.467,1.547,1.535,1.458,1.544,1.58,1.59
2025-07-24 16:10:24.984,1.582,1.579,1.694,1.468,1.544,1.537,1.459,1.544,1.58,1.591
2025-07-24 16:10:25.035,1.582,1.579,1.693,1.467,1.558,1.538,1.459,1.544,1.579,1.59
2025-07-24 16:10:25.085,1.582,1.58,1.694,1.468,1.561,1.54,1.458,1.544,1.58,1.59
2025-07-24 16:10:25.134,1.582,1.578,1.694,1.468,1.57,1.541,1.457,1.544,1.581,1.59
2025-07-24 16:10:25.184,1.582,1.579,1.694,1.467,1.565,1.543,1.459,1.544,1.581,1.59
2025-07-24 16:10:25.235,1.582,1.58,1.693,1.467,1.565,1.544,1.459,1.544,1.581,1.59
2025-07-24 16:10:25.285,1.582,1.579,1.694,1.468,1.562,1.546,1.458,1.545,1.581,1.59
2025-07-24 16:10:25.334,1.582,1.578,1.694,1.467,1.567,1.548,1.461,1.544,1.58,1.59
2025-07-24 16:10:25.385,1.582,1.58,1.694,1.468,1.561,1.548,1.461,1.544,1.581,1.59
2025-07-24 16:10:25.434,1.582,1.579,1.694,1.467,1.558,1.55,1.458,1.544,1.581,1.59
2025-07-24 16:10:25.485,1.582,1.58,1.694,1.468,1.555,1.551,1.46,1.544,1.581,1.591
2025-07-24 16:10:25.534,1.582,1.58,1.694,1.468,1.515,1.552,1.461,1.544,1.581,1.59
2025-07-24 16:10:25.585,1.582,1.58,1.694,1.468,1.47,1.551,1.46,1.544,1.58,1.59
2025-07-24 16:10:25.634,1.582,1.579,1.693,1.468,1.405,1.551,1.459,1.544,1.581,1.59
2025-07-24 16:10:25.684,1.582,1.579,1.693,1.467,1.35,1.55,1.459,1.544,1.581,1.59
2025-07-24 16:10:25.734,1.582,1.58,1.694,1.468,1.288,1.548,1.46,1.544,1.582,1.59
2025-07-24 16:10:25.784,1.582,1.579,1.694,1.468,1.251,1.545,1.46,1.544,1.58,1.59
2025-07-24 16:10:25.834,1.582,1.578,1.694,1.468,1.241,1.543,1.459,1.544,1.58,1.59
2025-07-24 16:10:25.885,1.582,1.579,1.694,1.467,1.239,1.54,1.46,1.544,1.579,1.59
2025-07-24 16:10:25.935,1.582,1.578,1.693,1.468,1.236,1.537,1.459,1.544,1.58,1.59
2025-07-24 16:10:25.985,1.582,1.578,1.693,1.468,1.257,1.535,1.458,1.544,1.58,1.59
2025-07-24 16:10:26.035,1.582,1.579,1.694,1.467,1.288,1.533,1.459,1.544,1.58,1.59
2025-07-24 16:10:26.084,1.582,1.579,1.693,1.467,1.325,1.532,1.459,1.544,1.58,1.59
2025-07-24 16:10:26.140,1.582,1.578,1.694,1.467,1.362,1.532,1.459,1.544,1.58,1.59
2025-07-24 16:10:26.184,1.582,1.578,1.693,1.468,1.428,1.53,1.458,1.544,1.58,1.59
2025-07-24 16:10:26.234,1.582,1.579,1.693,1.467,1.489,1.531,1.46,1.544,1.58,1.59
2025-07-24 16:10:26.284,1.582,1.578,1.693,1.467,1.528,1.532,1.458,1.544,1.58,1.59
2025-07-24 16:10:26.335,1.582,1.58,1.693,1.468,1.546,1.533,1.458,1.544,1.58,1.59
2025-07-24 16:10:26.384,1.582,1.578,1.694,1.467,1.55,1.536,1.458,1.544,1.58,1.59
2025-07-24 16:10:26.434,1.582,1.578,1.693,1.468,1.557,1.538,1.457,1.544,1.58,1.59
2025-07-24 16:10:26.485,1.582,1.578,1.694,1.467,1.561,1.539,1.458,1.544,1.58,1.59
2025-07-24 16:10:26.534,1.582,1.578,1.693,1.467,1.557,1.54,1.459,1.544,1.58,1.59
2025-07-24 16:10:26.585,1.582,1.579,1.693,1.468,1.557,1.542,1.459,1.544,1.581,1.59
2025-07-24 16:10:26.634,1.582,1.579,1.694,1.468,1.566,1.543,1.459,1.544,1.58,1.59
2025-07-24 16:10:26.685,1.582,1.578,1.693,1.468,1.562,1.544,1.459,1.544,1.58,1.59
2025-07-24 16:10:26.734,1.582,1.579,1.694,1.467,1.565,1.547,1.459,1.544,1.581,1.59
2025-07-24 16:10:26.789,1.582,1.578,1.694,1.468,1.568,1.548,1.458,1.544,1.58,1.59
2025-07-24 16:10:26.835,1.582,1.58,1.693,1.468,1.563,1.55,1.459,1.544,1.581,1.59
2025-07-24 16:10:26.884,1.582,1.579,1.694,1.467,1.553,1.549,1.458,1.544,1.58,1.591
2025-07-24 16:10:26.934,1.582,1.578,1.694,1.467,1.52,1.551,1.458,1.544,1.58,1.59
2025-07-24 16:10:26.984,1.582,1.579,1.693,1.467,1.483,1.552,1.458,1.545,1.58,1.59
2025-07-24 16:10:27.034,1.582,1.58,1.694,1.468,1.426,1.551,1.46,1.545,1.581,1.59
2025-07-24 16:10:27.085,1.582,1.578,1.693,1.467,1.37,1.55,1.459,1.545,1.581,1.59
2025-07-24 16:10:27.134,1.582,1.581,1.693,1.467,1.31,1.548,1.46,1.545,1.581,1.59
2025-07-24 16:10:27.184,1.583,1.58,1.694,1.467,1.27,1.546,1.46,1.544,1.581,1.59
2025-07-24 16:10:27.234,1.582,1.58,1.693,1.467,1.242,1.544,1.46,1.545,1.581,1.59
2025-07-24 16:10:27.284,1.582,1.579,1.694,1.467,1.237,1.541,1.46,1.545,1.581,1.59
2025-07-24 16:10:27.335,1.582,1.579,1.694,1.468,1.244,1.539,1.46,1.546,1.581,1.59
2025-07-24 16:10:27.385,1.582,1.579,1.694,1.468,1.241,1.536,1.46,1.546,1.581,1.59
2025-07-24 16:10:27.434,1.582,1.579,1.694,1.467,1.254,1.533,1.461,1.545,1.581,1.59
2025-07-24 16:10:27.485,1.582,1.579,1.694,1.468,1.286,1.532,1.459,1.545,1.581,1.591
2025-07-24 16:10:27.535,1.582,1.578,1.693,1.468,1.329,1.53,1.459,1.545,1.581,1.591
2025-07-24 16:10:27.585,1.582,1.579,1.693,1.467,1.403,1.53,1.459,1.545,1.581,1.59
2025-07-24 16:10:27.635,1.582,1.579,1.694,1.468,1.472,1.531,1.458,1.545,1.581,1.59
2025-07-24 16:10:27.684,1.582,1.579,1.694,1.468,1.534,1.532,1.459,1.546,1.581,1.59
2025-07-24 16:10:27.734,1.582,1.579,1.694,1.467,1.548,1.533,1.458,1.544,1.581,1.59
2025-07-24 16:10:27.784,1.583,1.579,1.694,1.468,1.559,1.535,1.459,1.545,1.581,1.59
2025-07-24 16:10:27.834,1.582,1.58,1.694,1.468,1.564,1.536,1.457,1.545,1.581,1.59
2025-07-24 16:10:27.884,1.583,1.579,1.694,1.468,1.567,1.539,1.461,1.545,1.581,1.59
2025-07-24 16:10:27.934,1.582,1.579,1.694,1.467,1.565,1.54,1.459,1.545,1.582,1.59
2025-07-24 16:10:27.984,1.582,1.579,1.693,1.468,1.561,1.541,1.458,1.546,1.581,1.59
2025-07-24 16:10:28.034,1.583,1.579,1.694,1.468,1.565,1.544,1.458,1.545,1.581,1.59
2025-07-24 16:10:28.085,1.582,1.579,1.694,1.468,1.562,1.545,1.459,1.545,1.582,1.59
2025-07-24 16:10:28.134,1.583,1.58,1.692,1.468,1.565,1.546,1.46,1.545,1.582,1.59
2025-07-24 16:10:28.185,1.583,1.579,1.693,1.468,1.565,1.548,1.459,1.545,1.581,1.59
2025-07-24 16:10:28.234,1.582,1.579,1.694,1.467,1.563,1.549,1.461,1.544,1.581,1.59
2025-07-24 16:10:28.284,1.582,1.58,1.694,1.467,1.531,1.551,1.46,1.545,1.582,1.59
2025-07-24 16:10:28.334,1.582,1.579,1.694,1.468,1.499,1.55,1.46,1.545,1.581,1.59
2025-07-24 16:10:28.384,1.582,1.578,1.693,1.468,1.452,1.55,1.46,1.545,1.581,1.59
2025-07-24 16:10:28.435,1.582,1.578,1.692,1.467,1.395,1.549,1.459,1.544,1.581,1.59
2025-07-24 16:10:28.484,1.582,1.579,1.693,1.468,1.352,1.548,1.459,1.544,1.581,1.59
2025-07-24 16:10:28.534,1.582,1.579,1.693,1.468,1.298,1.546,1.459,1.545,1.581,1.59
2025-07-24 16:10:28.585,1.582,1.579,1.694,1.467,1.256,1.543,1.458,1.544,1.581,1.59
2025-07-24 16:10:28.635,1.582,1.578,1.694,1.468,1.239,1.541,1.459,1.545,1.58,1.59
2025-07-24 16:10:28.684,1.582,1.578,1.694,1.467,1.233,1.538,1.458,1.545,1.581,1.59
2025-07-24 16:10:28.734,1.582,1.578,1.693,1.468,1.235,1.536,1.46,1.544,1.581,1.59
2025-07-24 16:10:28.785,1.582,1.579,1.693,1.467,1.239,1.533,1.46,1.544,1.581,1.59
2025-07-24 16:10:28.834,1.582,1.578,1.693,1.467,1.275,1.532,1.458,1.544,1.58,1.59
2025-07-24 16:10:28.885,1.582,1.579,1.694,1.467,1.3,1.529,1.459,1.544,1.582,1.59
2025-07-24 16:10:28.934,1.582,1.579,1.694,1.468,1.35,1.529,1.458,1.544,1.581,1.59
2025-07-24 16:10:28.984,1.581,1.578,1.693,1.467,1.406,1.529,1.458,1.544,1.581,1.59
2025-07-24 16:10:29.034,1.582,1.579,1.692,1.468,1.474,1.53,1.458,1.544,1.581,1.59
2025-07-24 16:10:29.085,1.581,1.579,1.693,1.467,1.531,1.531,1.459,1.544,1.581,1.59
2025-07-24 16:10:29.135,1.582,1.579,1.694,1.467,1.541,1.532,1.457,1.544,1.581,1.59
2025-07-24 16:10:29.184,1.581,1.578,1.694,1.468,1.549,1.534,1.458,1.545,1.58,1.59
2025-07-24 16:10:29.234,1.582,1.578,1.693,1.467,1.558,1.536,1.46,1.545,1.581,1.59
2025-07-24 16:10:29.284,1.582,1.579,1.694,1.467,1.56,1.538,1.458,1.544,1.581,1.59
2025-07-24 16:10:29.335,1.582,1.579,1.694,1.467,1.56,1.539,1.457,1.544,1.581,1.591
2025-07-24 16:10:29.384,1.582,1.579,1.694,1.468,1.558,1.54,1.459,1.545,1.582,1.59
2025-07-24 16:10:29.434,1.582,1.579,1.693,1.467,1.572,1.543,1.458,1.545,1.581,1.591
2025-07-24 16:10:29.485,1.582,1.58,1.693,1.468,1.57,1.544,1.459,1.545,1.581,1.59
2025-07-24 16:10:29.534,1.582,1.578,1.693,1.468,1.569,1.545,1.458,1.545,1.581,1.59
2025-07-24 16:10:29.584,1.583,1.578,1.694,1.467,1.57,1.547,1.459,1.544,1.582,1.591
2025-07-24 16:10:29.634,1.582,1.579,1.694,1.468,1.564,1.548,1.46,1.544,1.582,1.59
2025-07-24 16:10:29.684,1.582,1.579,1.694,1.468,1.53,1.549,1.46,1.545,1.581,1.591
2025-07-24 16:10:29.735,1.582,1.58,1.694,1.468,1.494,1.55,1.46,1.545,1.581,1.591
2025-07-24 16:10:29.784,1.582,1.58,1.694,1.468,1.445,1.55,1.46,1.546,1.582,1.59
2025-07-24 16:10:29.835,1.582,1.579,1.694,1.467,1.387,1.549,1.46,1.545,1.582,1.59
2025-07-24 16:10:29.884,1.582,1.578,1.693,1.468,1.329,1.548,1.459,1.545,1.581,1.59
2025-07-24 16:10:29.934,1.582,1.579,1.694,1.467,1.278,1.546,1.459,1.546,1.58,1.59
2025-07-24 16:10:29.984,1.582,1.58,1.693,1.468,1.238,1.543,1.458,1.544,1.581,1.59
2025-07-24 16:10:30.034,1.582,1.579,1.694,1.468,1.222,1.541,1.46,1.545,1.582,1.591
2025-07-24 16:10:30.084,1.582,1.578,1.693,1.468,1.225,1.538,1.459,1.545,1.582,1.59
2025-07-24 16:10:30.134,1.582,1.579,1.694,1.467,1.223,1.536,1.46,1.545,1.581,1.59
2025-07-24 16:10:30.184,1.582,1.579,1.694,1.468,1.235,1.532,1.46,1.545,1.581,1.59
2025-07-24 16:10:30.234,1.583,1.579,1.694,1.468,1.256,1.531,1.459,1.546,1.582,1.59
2025-07-24 16:10:30.284,1.582,1.58,1.694,1.468,1.296,1.529,1.457,1.545,1.581,1.59
2025-07-24 16:10:30.335,1.582,1.578,1.694,1.468,1.356,1.528,1.459,1.545,1.581,1.59
2025-07-24 16:10:30.384,1.582,1.579,1.693,1.468,1.428,1.528,1.457,1.545,1.581,1.59
2025-07-24 16:10:30.434,1.582,1.579,1.692,1.468,1.491,1.529,1.458,1.545,1.581,1.59
2025-07-24 16:10:30.484,1.582,1.579,1.693,1.468,1.536,1.53,1.458,1.545,1.582,1.59
2025-07-24 16:10:30.535,1.582,1.578,1.693,1.467,1.548,1.532,1.457,1.544,1.582,1.591
2025-07-24 16:10:30.584,1.582,1.58,1.694,1.467,1.547,1.535,1.458,1.544,1.582,1.59
2025-07-24 16:10:30.634,1.582,1.58,1.694,1.468,1.556,1.536,1.459,1.544,1.582,1.59
2025-07-24 16:10:30.685,1.582,1.58,1.693,1.468,1.559,1.537,1.46,1.544,1.581,1.59
2025-07-24 16:10:30.735,1.582,1.58,1.693,1.468,1.563,1.54,1.458,1.544,1.581,1.59
2025-07-24 16:10:30.785,1.582,1.579,1.693,1.467,1.566,1.54,1.458,1.545,1.581,1.59
2025-07-24 16:10:30.835,1.582,1.58,1.694,1.467,1.561,1.543,1.459,1.544,1.582,1.59
2025-07-24 16:10:30.883,1.582,1.579,1.693,1.468,1.565,1.544,1.458,1.544,1.582,1.591
2025-07-24 16:10:30.935,1.582,1.578,1.694,1.467,1.571,1.545,1.46,1.544,1.581,1.591
2025-07-24 16:10:30.984,1.582,1.579,1.694,1.468,1.559,1.547,1.458,1.545,1.581,1.59
2025-07-24 16:10:31.035,1.582,1.579,1.694,1.468,1.556,1.547,1.459,1.544,1.581,1.59
2025-07-24 16:10:31.085,1.583,1.58,1.694,1.468,1.519,1.548,1.459,1.544,1.58,1.59
2025-07-24 16:10:31.134,1.582,1.579,1.694,1.467,1.475,1.548,1.458,1.544,1.58,1.59
2025-07-24 16:10:31.184,1.582,1.579,1.693,1.467,1.427,1.548,1.458,1.545,1.581,1.59
2025-07-24 16:10:31.234,1.582,1.578,1.693,1.467,1.365,1.548,1.457,1.545,1.58,1.59
2025-07-24 16:10:31.285,1.582,1.578,1.694,1.468,1.304,1.547,1.459,1.544,1.581,1.59
2025-07-24 16:10:31.334,1.582,1.579,1.693,1.468,1.267,1.544,1.459,1.544,1.58,1.59
2025-07-24 16:10:31.384,1.582,1.579,1.693,1.468,1.242,1.541,1.459,1.544,1.58,1.59
2025-07-24 16:10:31.435,1.582,1.58,1.693,1.468,1.238,1.539,1.461,1.544,1.58,1.591
2025-07-24 16:10:31.485,1.582,1.578,1.694,1.467,1.24,1.536,1.458,1.544,1.581,1.59
2025-07-24 16:10:31.535,1.581,1.579,1.694,1.467,1.237,1.536,1.46,1.545,1.581,1.59
2025-07-24 16:10:31.584,1.582,1.578,1.693,1.467,1.247,1.532,1.459,1.545,1.58,1.59
2025-07-24 16:10:31.634,1.582,1.579,1.694,1.467,1.28,1.53,1.46,1.544,1.581,1.59
2025-07-24 16:10:31.685,1.582,1.58,1.694,1.467,1.312,1.528,1.46,1.544,1.581,1.591
2025-07-24 16:10:31.735,1.582,1.58,1.694,1.467,1.383,1.53,1.458,1.545,1.582,1.591
2025-07-24 16:10:31.784,1.582,1.58,1.694,1.468,1.461,1.529,1.459,1.545,1.582,1.591
2025-07-24 16:10:31.834,1.582,1.579,1.694,1.467,1.528,1.53,1.459,1.545,1.581,1.591
2025-07-24 16:10:31.885,1.582,1.579,1.694,1.468,1.548,1.532,1.459,1.545,1.582,1.59
2025-07-24 16:10:31.935,1.582,1.58,1.694,1.467,1.55,1.533,1.459,1.545,1.582,1.591
2025-07-24 16:10:31.984,1.583,1.579,1.694,1.467,1.561,1.536,1.459,1.545,1.582,1.591
2025-07-24 16:10:32.034,1.583,1.58,1.694,1.467,1.564,1.538,1.459,1.545,1.582,1.591
2025-07-24 16:10:32.084,1.582,1.581,1.695,1.468,1.565,1.54,1.461,1.546,1.582,1.59
2025-07-24 16:10:32.135,1.583,1.581,1.694,1.467,1.559,1.541,1.458,1.546,1.582,1.591
2025-07-24 16:10:32.184,1.583,1.58,1.694,1.467,1.561,1.542,1.459,1.546,1.582,1.59
2025-07-24 16:10:32.234,1.583,1.581,1.694,1.467,1.565,1.544,1.459,1.546,1.582,1.591
2025-07-24 16:10:32.284,1.583,1.58,1.694,1.468,1.562,1.545,1.46,1.545,1.582,1.591
2025-07-24 16:10:32.334,1.583,1.58,1.694,1.468,1.562,1.547,1.46,1.546,1.582,1.592
2025-07-24 16:10:32.384,1.583,1.58,1.694,1.468,1.561,1.548,1.461,1.546,1.582,1.591
2025-07-24 16:10:32.434,1.583,1.581,1.694,1.468,1.532,1.549,1.461,1.546,1.582,1.592
2025-07-24 16:10:32.485,1.583,1.581,1.694,1.467,1.483,1.549,1.46,1.546,1.582,1.591
2025-07-24 16:10:32.534,1.584,1.582,1.694,1.467,1.434,1.55,1.46,1.546,1.582,1.592
2025-07-24 16:10:32.585,1.583,1.581,1.695,1.468,1.362,1.549,1.46,1.546,1.582,1.591
2025-07-24 16:10:32.635,1.583,1.58,1.695,1.468,1.304,1.547,1.461,1.546,1.583,1.593
2025-07-24 16:10:32.684,1.583,1.581,1.694,1.467,1.258,1.545,1.461,1.546,1.582,1.592
2025-07-24 16:10:32.735,1.583,1.58,1.695,1.468,1.249,1.543,1.461,1.546,1.582,1.592
2025-07-24 16:10:32.785,1.584,1.581,1.694,1.468,1.243,1.54,1.461,1.546,1.582,1.592
2025-07-24 16:10:32.835,1.584,1.581,1.694,1.468,1.239,1.537,1.46,1.546,1.582,1.593
2025-07-24 16:10:32.884,1.584,1.581,1.694,1.468,1.268,1.535,1.461,1.546,1.582,1.592
2025-07-24 16:10:32.935,1.583,1.581,1.695,1.467,1.292,1.533,1.461,1.547,1.582,1.592
2025-07-24 16:10:32.984,1.584,1.581,1.695,1.467,1.337,1.532,1.46,1.547,1.582,1.592
2025-07-24 16:10:33.035,1.584,1.582,1.695,1.468,1.387,1.532,1.46,1.546,1.582,1.593
2025-07-24 16:10:33.084,1.584,1.582,1.695,1.468,1.457,1.532,1.46,1.546,1.582,1.592
2025-07-24 16:10:33.135,1.584,1.582,1.694,1.468,1.513,1.533,1.46,1.546,1.582,1.593
2025-07-24 16:10:33.185,1.583,1.58,1.694,1.468,1.547,1.534,1.459,1.547,1.582,1.592
2025-07-24 16:10:33.234,1.584,1.58,1.695,1.467,1.544,1.536,1.46,1.546,1.582,1.592
2025-07-24 16:10:33.285,1.584,1.581,1.694,1.468,1.558,1.538,1.459,1.546,1.582,1.593
2025-07-24 16:10:33.335,1.584,1.581,1.695,1.468,1.564,1.539,1.459,1.548,1.582,1.591
2025-07-24 16:10:33.384,1.584,1.582,1.695,1.468,1.564,1.541,1.46,1.547,1.582,1.593
2025-07-24 16:10:33.434,1.584,1.581,1.696,1.468,1.568,1.543,1.46,1.547,1.582,1.591
2025-07-24 16:10:33.485,1.583,1.581,1.695,1.468,1.561,1.544,1.461,1.546,1.582,1.593
2025-07-24 16:10:33.535,1.584,1.582,1.694,1.467,1.569,1.546,1.46,1.546,1.581,1.592
2025-07-24 16:10:33.584,1.584,1.581,1.695,1.468,1.57,1.547,1.461,1.547,1.581,1.592
2025-07-24 16:10:33.635,1.584,1.582,1.694,1.468,1.573,1.548,1.461,1.548,1.581,1.592
2025-07-24 16:10:33.684,1.584,1.582,1.694,1.468,1.572,1.55,1.459,1.548,1.581,1.592
2025-07-24 16:10:33.735,1.584,1.581,1.694,1.467,1.546,1.551,1.46,1.546,1.58,1.592
2025-07-24 16:10:33.785,1.584,1.581,1.694,1.468,1.515,1.551,1.461,1.546,1.579,1.592
2025-07-24 16:10:33.835,1.584,1.582,1.695,1.467,1.474,1.552,1.46,1.547,1.58,1.592
2025-07-24 16:10:33.885,1.584,1.581,1.694,1.468,1.422,1.552,1.461,1.547,1.58,1.592
2025-07-24 16:10:33.935,1.583,1.582,1.694,1.468,1.358,1.551,1.461,1.546,1.58,1.591
2025-07-24 16:10:33.985,1.583,1.582,1.694,1.468,1.296,1.548,1.461,1.547,1.58,1.591
2025-07-24 16:10:34.035,1.583,1.582,1.696,1.468,1.245,1.546,1.459,1.547,1.579,1.591
2025-07-24 16:10:34.084,1.583,1.581,1.694,1.468,1.22,1.544,1.461,1.546,1.579,1.592
2025-07-24 16:10:34.134,1.584,1.581,1.696,1.468,1.221,1.541,1.46,1.546,1.579,1.591
2025-07-24 16:10:34.184,1.583,1.581,1.694,1.468,1.228,1.538,1.461,1.548,1.579,1.592
2025-07-24 16:10:34.234,1.584,1.582,1.694,1.467,1.261,1.536,1.461,1.547,1.578,1.591
2025-07-24 16:10:34.285,1.583,1.581,1.694,1.468,1.312,1.535,1.461,1.546,1.578,1.591
2025-07-24 16:10:34.334,1.583,1.581,1.694,1.467,1.374,1.533,1.461,1.547,1.578,1.592
2025-07-24 16:10:34.384,1.583,1.582,1.695,1.468,1.433,1.533,1.461,1.547,1.577,1.592
2025-07-24 16:10:34.435,1.583,1.582,1.694,1.468,1.508,1.533,1.461,1.547,1.578,1.59
2025-07-24 16:10:34.484,1.583,1.58,1.694,1.468,1.539,1.535,1.459,1.546,1.577,1.591
2025-07-24 16:10:34.535,1.583,1.581,1.695,1.468,1.548,1.536,1.459,1.547,1.577,1.591
2025-07-24 16:10:34.585,1.583,1.581,1.694,1.469,1.552,1.538,1.461,1.546,1.577,1.591
2025-07-24 16:10:34.634,1.583,1.581,1.695,1.468,1.557,1.54,1.459,1.547,1.577,1.591
2025-07-24 16:10:34.685,1.583,1.581,1.695,1.467,1.556,1.542,1.459,1.547,1.578,1.591
2025-07-24 16:10:34.735,1.583,1.582,1.695,1.467,1.565,1.544,1.46,1.547,1.577,1.59
2025-07-24 16:10:34.785,1.583,1.582,1.694,1.468,1.567,1.545,1.46,1.546,1.577,1.59
2025-07-24 16:10:34.834,1.582,1.582,1.694,1.468,1.57,1.545,1.46,1.546,1.578,1.591
2025-07-24 16:10:34.885,1.583,1.581,1.694,1.468,1.57,1.548,1.458,1.547,1.577,1.59
2025-07-24 16:10:34.935,1.583,1.581,1.694,1.468,1.569,1.548,1.458,1.546,1.578,1.59
2025-07-24 16:10:34.985,1.583,1.58,1.694,1.468,1.57,1.55,1.461,1.546,1.577,1.59
2025-07-24 16:10:35.035,1.583,1.581,1.694,1.468,1.554,1.551,1.461,1.546,1.578,1.59
2025-07-24 16:10:35.084,1.583,1.58,1.694,1.468,1.516,1.552,1.461,1.547,1.579,1.59
2025-07-24 16:10:35.136,1.584,1.581,1.694,1.468,1.473,1.553,1.46,1.546,1.578,1.59
2025-07-24 16:10:35.184,1.583,1.581,1.694,1.468,1.42,1.553,1.46,1.546,1.578,1.591
2025-07-24 16:10:35.235,1.583,1.58,1.694,1.469,1.365,1.551,1.461,1.546,1.578,1.59
2025-07-24 16:10:35.284,1.582,1.581,1.694,1.468,1.306,1.548,1.46,1.546,1.578,1.59
2025-07-24 16:10:35.335,1.583,1.58,1.694,1.468,1.265,1.546,1.461,1.546,1.578,1.59
2025-07-24 16:10:35.385,1.583,1.581,1.694,1.467,1.248,1.544,1.461,1.546,1.578,1.59
2025-07-24 16:10:35.434,1.583,1.581,1.694,1.468,1.247,1.541,1.458,1.546,1.578,1.59
2025-07-24 16:10:35.484,1.582,1.581,1.694,1.468,1.244,1.538,1.46,1.546,1.578,1.591
2025-07-24 16:10:35.535,1.583,1.581,1.694,1.468,1.25,1.536,1.46,1.546,1.578,1.59
2025-07-24 16:10:35.584,1.582,1.58,1.694,1.468,1.276,1.534,1.46,1.546,1.58,1.59
2025-07-24 16:10:35.635,1.583,1.58,1.694,1.468,1.325,1.532,1.46,1.546,1.579,1.59
2025-07-24 16:10:35.684,1.583,1.58,1.694,1.468,1.386,1.532,1.46,1.546,1.58,1.59
2025-07-24 16:10:35.734,1.583,1.58,1.694,1.468,1.453,1.532,1.459,1.546,1.579,1.59
2025-07-24 16:10:35.785,1.582,1.581,1.693,1.468,1.513,1.532,1.458,1.546,1.58,1.59
2025-07-24 16:10:35.835,1.582,1.58,1.694,1.468,1.539,1.534,1.459,1.546,1.58,1.59
2025-07-24 16:10:35.885,1.582,1.579,1.694,1.468,1.546,1.536,1.46,1.545,1.58,1.59
2025-07-24 16:10:35.934,1.582,1.58,1.694,1.468,1.557,1.538,1.46,1.546,1.58,1.59
2025-07-24 16:10:35.984,1.582,1.579,1.694,1.468,1.563,1.54,1.458,1.546,1.58,1.59
2025-07-24 16:10:36.034,1.582,1.581,1.694,1.468,1.565,1.541,1.459,1.546,1.58,1.59
2025-07-24 16:10:36.084,1.583,1.58,1.694,1.468,1.568,1.543,1.46,1.546,1.581,1.59
2025-07-24 16:10:36.134,1.582,1.581,1.694,1.468,1.569,1.544,1.46,1.546,1.581,1.59
2025-07-24 16:10:36.184,1.582,1.58,1.693,1.468,1.569,1.545,1.461,1.546,1.58,1.59
2025-07-24 16:10:36.235,1.582,1.58,1.694,1.468,1.568,1.547,1.46,1.546,1.581,1.59
2025-07-24 16:10:36.284,1.583,1.581,1.694,1.468,1.568,1.548,1.46,1.546,1.581,1.59
2025-07-24 16:10:36.335,1.582,1.58,1.694,1.468,1.558,1.551,1.459,1.546,1.581,1.59
2025-07-24 16:10:36.384,1.583,1.581,1.694,1.468,1.532,1.552,1.461,1.546,1.582,1.59
2025-07-24 16:10:36.434,1.583,1.581,1.694,1.468,1.482,1.551,1.46,1.546,1.582,1.591
2025-07-24 16:10:36.485,1.584,1.581,1.694,1.468,1.442,1.553,1.461,1.546,1.582,1.591
2025-07-24 16:10:36.535,1.583,1.58,1.695,1.468,1.377,1.552,1.461,1.546,1.581,1.591
2025-07-24 16:10:36.585,1.583,1.58,1.694,1.467,1.318,1.548,1.462,1.547,1.582,1.591
2025-07-24 16:10:36.635,1.584,1.582,1.695,1.467,1.276,1.546,1.46,1.547,1.581,1.59
2025-07-24 16:10:36.685,1.583,1.581,1.694,1.468,1.251,1.544,1.461,1.547,1.581,1.591
2025-07-24 16:10:36.735,1.584,1.581,1.694,1.468,1.246,1.543,1.461,1.547,1.582,1.591
2025-07-24 16:10:36.785,1.583,1.582,1.694,1.468,1.249,1.54,1.461,1.547,1.58,1.591
2025-07-24 16:10:36.834,1.584,1.582,1.694,1.468,1.247,1.538,1.46,1.547,1.58,1.591
2025-07-24 16:10:36.885,1.584,1.582,1.694,1.468,1.26,1.536,1.461,1.546,1.58,1.592
2025-07-24 16:10:36.935,1.583,1.581,1.695,1.468,1.296,1.534,1.46,1.547,1.579,1.59
2025-07-24 16:10:36.984,1.583,1.582,1.694,1.468,1.349,1.532,1.461,1.547,1.579,1.591
2025-07-24 16:10:37.035,1.584,1.581,1.696,1.468,1.405,1.532,1.462,1.548,1.579,1.592
2025-07-24 16:10:37.085,1.584,1.582,1.694,1.468,1.478,1.532,1.461,1.548,1.579,1.591
2025-07-24 16:10:37.135,1.583,1.581,1.694,1.468,1.528,1.535,1.46,1.547,1.578,1.591
2025-07-24 16:10:37.185,1.583,1.581,1.695,1.467,1.547,1.535,1.461,1.548,1.577,1.592
2025-07-24 16:10:37.234,1.583,1.581,1.695,1.468,1.543,1.536,1.459,1.548,1.578,1.591
2025-07-24 16:10:37.285,1.584,1.581,1.695,1.468,1.559,1.539,1.461,1.548,1.578,1.592
2025-07-24 16:10:37.335,1.583,1.582,1.694,1.467,1.561,1.54,1.46,1.547,1.578,1.591
2025-07-24 16:10:37.384,1.584,1.582,1.696,1.468,1.569,1.542,1.461,1.548,1.578,1.591
2025-07-24 16:10:37.435,1.584,1.582,1.694,1.468,1.561,1.544,1.461,1.548,1.577,1.591
2025-07-24 16:10:37.485,1.584,1.582,1.694,1.469,1.553,1.545,1.461,1.548,1.577,1.591
2025-07-24 16:10:37.534,1.583,1.582,1.695,1.468,1.554,1.546,1.461,1.547,1.577,1.592
2025-07-24 16:10:37.585,1.583,1.581,1.695,1.468,1.564,1.547,1.461,1.548,1.577,1.591
2025-07-24 16:10:37.635,1.584,1.582,1.694,1.468,1.558,1.549,1.46,1.547,1.577,1.591
2025-07-24 16:10:37.685,1.584,1.581,1.696,1.468,1.534,1.551,1.461,1.548,1.577,1.591
2025-07-24 16:10:37.735,1.583,1.581,1.695,1.468,1.492,1.551,1.461,1.548,1.577,1.591
2025-07-24 16:10:37.785,1.583,1.582,1.695,1.469,1.451,1.551,1.461,1.548,1.577,1.592
2025-07-24 16:10:37.834,1.584,1.582,1.695,1.468,1.391,1.55,1.461,1.548,1.577,1.591
2025-07-24 16:10:37.885,1.585,1.582,1.696,1.468,1.342,1.548,1.461,1.548,1.577,1.591
2025-07-24 16:10:37.935,1.584,1.582,1.696,1.468,1.292,1.548,1.461,1.548,1.577,1.591
2025-07-24 16:10:37.984,1.583,1.582,1.694,1.469,1.258,1.546,1.46,1.548,1.577,1.59
2025-07-24 16:10:38.035,1.584,1.581,1.695,1.468,1.251,1.543,1.461,1.548,1.576,1.591
2025-07-24 16:10:38.085,1.584,1.582,1.695,1.468,1.248,1.54,1.46,1.548,1.576,1.59
2025-07-24 16:10:38.134,1.584,1.581,1.695,1.468,1.246,1.537,1.46,1.548,1.577,1.59
2025-07-24 16:10:38.185,1.583,1.582,1.695,1.468,1.261,1.536,1.461,1.548,1.577,1.591
2025-07-24 16:10:38.234,1.583,1.582,1.694,1.468,1.284,1.533,1.46,1.548,1.576,1.591
2025-07-24 16:10:38.284,1.584,1.582,1.694,1.468,1.326,1.532,1.461,1.548,1.577,1.591
2025-07-24 16:10:38.335,1.583,1.582,1.694,1.467,1.391,1.532,1.46,1.548,1.576,1.591
2025-07-24 16:10:38.385,1.583,1.581,1.695,1.468,1.445,1.532,1.461,1.548,1.576,1.591
2025-07-24 16:10:38.435,1.584,1.581,1.694,1.469,1.507,1.532,1.46,1.548,1.576,1.59
2025-07-24 16:10:38.485,1.583,1.582,1.695,1.469,1.537,1.532,1.461,1.547,1.575,1.59
2025-07-24 16:10:38.535,1.584,1.581,1.695,1.468,1.544,1.536,1.46,1.548,1.576,1.591
2025-07-24 16:10:38.585,1.582,1.581,1.694,1.468,1.553,1.538,1.46,1.548,1.575,1.591
2025-07-24 16:10:38.634,1.584,1.581,1.695,1.468,1.56,1.538,1.459,1.548,1.576,1.59
2025-07-24 16:10:38.685,1.583,1.582,1.695,1.468,1.557,1.54,1.458,1.547,1.575,1.59
2025-07-24 16:10:38.735,1.583,1.582,1.695,1.468,1.568,1.541,1.461,1.548,1.575,1.59
2025-07-24 16:10:38.785,1.583,1.582,1.694,1.468,1.561,1.544,1.461,1.548,1.576,1.59
2025-07-24 16:10:38.835,1.583,1.581,1.694,1.468,1.563,1.546,1.46,1.547,1.574,1.59
2025-07-24 16:10:38.885,1.583,1.581,1.695,1.468,1.561,1.547,1.462,1.547,1.575,1.59
2025-07-24 16:10:38.934,1.583,1.581,1.694,1.468,1.567,1.548,1.46,1.547,1.575,1.59
2025-07-24 16:10:38.985,1.583,1.582,1.694,1.468,1.563,1.548,1.46,1.547,1.574,1.589
2025-07-24 16:10:39.035,1.583,1.582,1.694,1.468,1.543,1.55,1.459,1.547,1.574,1.59
2025-07-24 16:10:39.085,1.583,1.582,1.694,1.467,1.513,1.55,1.46,1.547,1.575,1.59
2025-07-24 16:10:39.135,1.583,1.581,1.694,1.468,1.47,1.551,1.46,1.546,1.574,1.59
2025-07-24 16:10:39.184,1.583,1.58,1.695,1.468,1.413,1.55,1.461,1.546,1.573,1.589
2025-07-24 16:10:39.235,1.582,1.581,1.694,1.469,1.361,1.55,1.461,1.547,1.573,1.59
2025-07-24 16:10:39.285,1.582,1.581,1.695,1.468,1.313,1.548,1.459,1.548,1.574,1.59
2025-07-24 16:10:39.335,1.583,1.581,1.694,1.468,1.271,1.545,1.46,1.546,1.574,1.588
2025-07-24 16:10:39.384,1.582,1.581,1.695,1.468,1.257,1.544,1.46,1.547,1.574,1.588
2025-07-24 16:10:39.435,1.582,1.581,1.695,1.468,1.253,1.54,1.461,1.547,1.573,1.589
2025-07-24 16:10:39.485,1.582,1.581,1.694,1.468,1.25,1.538,1.46,1.546,1.573,1.587
2025-07-24 16:10:39.535,1.582,1.581,1.694,1.468,1.25,1.536,1.46,1.546,1.574,1.589
2025-07-24 16:10:39.585,1.582,1.582,1.694,1.468,1.278,1.535,1.459,1.548,1.574,1.589
2025-07-24 16:10:39.636,1.582,1.581,1.694,1.467,1.318,1.532,1.458,1.548,1.574,1.589
2025-07-24 16:10:39.685,1.582,1.581,1.695,1.468,1.374,1.532,1.459,1.546,1.574,1.589
2025-07-24 16:10:39.735,1.582,1.581,1.695,1.468,1.436,1.532,1.459,1.546,1.574,1.587
2025-07-24 16:10:39.786,1.582,1.58,1.694,1.468,1.503,1.532,1.459,1.547,1.575,1.588
2025-07-24 16:10:39.834,1.582,1.58,1.694,1.468,1.531,1.533,1.46,1.546,1.575,1.589
2025-07-24 16:10:39.885,1.582,1.581,1.694,1.467,1.543,1.536,1.461,1.546,1.575,1.588
2025-07-24 16:10:39.935,1.582,1.58,1.694,1.468,1.549,1.537,1.458,1.546,1.575,1.588
2025-07-24 16:10:39.985,1.582,1.58,1.694,1.468,1.563,1.538,1.458,1.546,1.575,1.588
2025-07-24 16:10:40.035,1.582,1.58,1.694,1.468,1.566,1.54,1.459,1.546,1.576,1.589
2025-07-24 16:10:40.085,1.582,1.581,1.694,1.468,1.565,1.542,1.459,1.545,1.576,1.589
2025-07-24 16:10:40.135,1.582,1.58,1.694,1.468,1.567,1.543,1.459,1.546,1.577,1.588
2025-07-24 16:10:40.185,1.582,1.58,1.694,1.468,1.563,1.544,1.46,1.546,1.577,1.589
2025-07-24 16:10:40.234,1.582,1.58,1.694,1.468,1.567,1.545,1.46,1.546,1.577,1.588
2025-07-24 16:10:40.285,1.582,1.58,1.693,1.468,1.566,1.547,1.459,1.546,1.577,1.589
2025-07-24 16:10:40.335,1.581,1.581,1.694,1.468,1.558,1.548,1.458,1.545,1.577,1.589
2025-07-24 16:10:40.386,1.581,1.579,1.694,1.468,1.54,1.549,1.457,1.546,1.577,1.588
2025-07-24 16:10:40.435,1.582,1.579,1.694,1.468,1.504,1.551,1.459,1.546,1.577,1.589
2025-07-24 16:10:40.485,1.582,1.579,1.694,1.468,1.461,1.551,1.459,1.546,1.577,1.588
2025-07-24 16:10:40.535,1.581,1.578,1.693,1.467,1.4,1.549,1.461,1.545,1.577,1.587
2025-07-24 16:10:40.585,1.582,1.58,1.694,1.467,1.348,1.549,1.458,1.545,1.577,1.588
2025-07-24 16:10:40.634,1.582,1.579,1.694,1.467,1.294,1.546,1.458,1.546,1.577,1.588
2025-07-24 16:10:40.685,1.581,1.579,1.694,1.468,1.26,1.544,1.457,1.545,1.577,1.588
2025-07-24 16:10:40.735,1.582,1.578,1.693,1.468,1.257,1.542,1.46,1.545,1.578,1.588
2025-07-24 16:10:40.786,1.582,1.58,1.694,1.467,1.253,1.539,1.461,1.545,1.578,1.588
2025-07-24 16:10:40.835,1.581,1.58,1.694,1.468,1.25,1.538,1.459,1.546,1.578,1.588
2025-07-24 16:10:40.885,1.581,1.579,1.694,1.467,1.266,1.536,1.46,1.546,1.579,1.589
2025-07-24 16:10:40.935,1.582,1.579,1.694,1.468,1.288,1.534,1.459,1.546,1.578,1.59
2025-07-24 16:10:40.985,1.582,1.579,1.694,1.467,1.328,1.533,1.459,1.546,1.579,1.589
2025-07-24 16:10:41.035,1.581,1.58,1.694,1.468,1.393,1.532,1.459,1.546,1.58,1.589
2025-07-24 16:10:41.085,1.582,1.58,1.694,1.468,1.462,1.532,1.46,1.545,1.579,1.589
2025-07-24 16:10:41.135,1.582,1.581,1.694,1.467,1.522,1.533,1.46,1.546,1.58,1.589
2025-07-24 16:10:41.185,1.582,1.58,1.694,1.468,1.545,1.535,1.46,1.545,1.58,1.589
2025-07-24 16:10:41.235,1.582,1.579,1.694,1.468,1.551,1.536,1.459,1.546,1.58,1.589
2025-07-24 16:10:41.285,1.582,1.58,1.694,1.467,1.557,1.538,1.459,1.546,1.58,1.59
2025-07-24 16:10:41.335,1.582,1.58,1.695,1.468,1.552,1.539,1.46,1.546,1.58,1.59
2025-07-24 16:10:41.385,1.582,1.578,1.695,1.467,1.555,1.542,1.46,1.546,1.58,1.59
2025-07-24 16:10:41.436,1.582,1.581,1.695,1.467,1.562,1.543,1.46,1.546,1.581,1.59
2025-07-24 16:10:41.486,1.582,1.579,1.694,1.468,1.561,1.545,1.461,1.547,1.581,1.59
2025-07-24 16:10:41.535,1.582,1.58,1.694,1.469,1.566,1.545,1.461,1.547,1.581,1.59
2025-07-24 16:10:41.585,1.582,1.581,1.695,1.468,1.559,1.547,1.46,1.546,1.581,1.59
2025-07-24 16:10:41.635,1.582,1.582,1.694,1.468,1.565,1.548,1.46,1.547,1.582,1.59
2025-07-24 16:10:41.685,1.582,1.58,1.695,1.468,1.562,1.55,1.461,1.547,1.581,1.59
2025-07-24 16:10:41.735,1.582,1.581,1.694,1.468,1.532,1.551,1.46,1.546,1.581,1.59
2025-07-24 16:10:41.786,1.582,1.58,1.696,1.468,1.487,1.552,1.462,1.547,1.581,1.59
2025-07-24 16:10:41.836,1.582,1.58,1.694,1.468,1.436,1.553,1.461,1.547,1.58,1.59
2025-07-24 16:10:41.885,1.582,1.58,1.694,1.468,1.379,1.551,1.461,1.546,1.58,1.59
2025-07-24 16:10:41.935,1.582,1.58,1.694,1.468,1.316,1.549,1.461,1.547,1.58,1.59
2025-07-24 16:10:41.985,1.582,1.58,1.695,1.468,1.274,1.548,1.461,1.547,1.58,1.591
2025-07-24 16:10:42.036,1.582,1.58,1.695,1.469,1.255,1.544,1.46,1.547,1.579,1.59
2025-07-24 16:10:42.085,1.582,1.581,1.694,1.468,1.254,1.542,1.461,1.546,1.579,1.59
2025-07-24 16:10:42.134,1.582,1.582,1.695,1.468,1.251,1.54,1.461,1.548,1.579,1.59
2025-07-24 16:10:42.185,1.582,1.58,1.695,1.467,1.255,1.536,1.461,1.548,1.578,1.591
2025-07-24 16:10:42.235,1.583,1.581,1.695,1.468,1.284,1.535,1.461,1.547,1.577,1.59
2025-07-24 16:10:42.285,1.582,1.581,1.694,1.468,1.322,1.533,1.461,1.546,1.578,1.59
2025-07-24 16:10:42.335,1.582,1.581,1.694,1.468,1.379,1.533,1.461,1.548,1.577,1.591
2025-07-24 16:10:42.386,1.583,1.581,1.695,1.467,1.453,1.532,1.46,1.547,1.577,1.59
2025-07-24 16:10:42.435,1.583,1.581,1.694,1.468,1.505,1.533,1.46,1.548,1.577,1.591
2025-07-24 16:10:42.485,1.582,1.58,1.694,1.468,1.539,1.534,1.461,1.547,1.578,1.591
2025-07-24 16:10:42.536,1.582,1.58,1.694,1.468,1.548,1.536,1.459,1.546,1.577,1.59
2025-07-24 16:10:42.586,1.582,1.581,1.694,1.468,1.546,1.538,1.46,1.547,1.577,1.59
2025-07-24 16:10:42.636,1.583,1.581,1.694,1.468,1.558,1.54,1.461,1.547,1.577,1.59
2025-07-24 16:10:42.685,1.582,1.58,1.694,1.468,1.567,1.541,1.461,1.547,1.577,1.59
2025-07-24 16:10:42.735,1.582,1.581,1.694,1.467,1.563,1.543,1.46,1.546,1.577,1.591
2025-07-24 16:10:42.786,1.583,1.58,1.694,1.468,1.561,1.544,1.46,1.547,1.577,1.591
2025-07-24 16:10:42.835,1.583,1.581,1.694,1.468,1.558,1.545,1.461,1.547,1.577,1.59
2025-07-24 16:10:42.885,1.583,1.58,1.694,1.467,1.558,1.547,1.459,1.546,1.576,1.59
2025-07-24 16:10:42.936,1.583,1.581,1.694,1.468,1.563,1.548,1.461,1.547,1.576,1.59
2025-07-24 16:10:42.985,1.582,1.581,1.694,1.467,1.565,1.549,1.459,1.547,1.577,1.59
2025-07-24 16:10:43.036,1.583,1.581,1.694,1.468,1.539,1.551,1.461,1.547,1.576,1.59
2025-07-24 16:10:43.085,1.583,1.58,1.694,1.469,1.508,1.551,1.461,1.546,1.576,1.59
2025-07-24 16:10:43.135,1.583,1.581,1.695,1.468,1.46,1.552,1.461,1.546,1.576,1.59
2025-07-24 16:10:43.185,1.583,1.579,1.694,1.468,1.407,1.551,1.461,1.547,1.576,1.589
2025-07-24 16:10:43.236,1.583,1.581,1.694,1.467,1.351,1.55,1.46,1.546,1.575,1.59
2025-07-24 16:10:43.285,1.583,1.581,1.694,1.467,1.295,1.547,1.461,1.547,1.575,1.59
2025-07-24 16:10:43.335,1.583,1.58,1.694,1.467,1.262,1.545,1.46,1.546,1.576,1.59
2025-07-24 16:10:43.386,1.582,1.581,1.694,1.468,1.251,1.542,1.46,1.547,1.576,1.59
2025-07-24 16:10:43.435,1.582,1.581,1.694,1.468,1.252,1.54,1.461,1.547,1.576,1.59
2025-07-24 16:10:43.486,1.583,1.581,1.694,1.468,1.25,1.538,1.461,1.547,1.576,1.59
2025-07-24 16:10:43.535,1.582,1.581,1.694,1.468,1.259,1.536,1.461,1.548,1.575,1.59
2025-07-24 16:10:43.585,1.582,1.58,1.694,1.468,1.287,1.534,1.46,1.547,1.575,1.59
2025-07-24 16:10:43.636,1.583,1.581,1.694,1.468,1.331,1.532,1.459,1.547,1.575,1.59
2025-07-24 16:10:43.684,1.583,1.58,1.694,1.468,1.385,1.532,1.459,1.547,1.575,1.59
2025-07-24 16:10:43.737,1.582,1.58,1.694,1.468,1.457,1.532,1.461,1.547,1.574,1.59
2025-07-24 16:10:43.785,1.582,1.58,1.694,1.468,1.509,1.532,1.46,1.546,1.574,1.589
2025-07-24 16:10:43.835,1.583,1.58,1.694,1.468,1.531,1.534,1.459,1.547,1.575,1.59
2025-07-24 16:10:43.885,1.582,1.58,1.694,1.468,1.543,1.536,1.459,1.546,1.575,1.59
2025-07-24 16:10:43.936,1.582,1.579,1.694,1.468,1.552,1.538,1.459,1.546,1.575,1.59
2025-07-24 16:10:43.986,1.582,1.579,1.694,1.467,1.555,1.54,1.459,1.546,1.575,1.589
2025-07-24 16:10:44.036,1.582,1.58,1.694,1.468,1.553,1.541,1.46,1.547,1.575,1.59
2025-07-24 16:10:44.086,1.582,1.58,1.694,1.467,1.562,1.544,1.46,1.547,1.575,1.59
2025-07-24 16:10:44.135,1.583,1.579,1.694,1.468,1.564,1.544,1.46,1.547,1.575,1.589
2025-07-24 16:10:44.185,1.582,1.58,1.694,1.468,1.557,1.545,1.46,1.546,1.576,1.589
2025-07-24 16:10:44.236,1.582,1.58,1.694,1.468,1.563,1.546,1.461,1.547,1.577,1.589
2025-07-24 16:10:44.287,1.582,1.58,1.694,1.469,1.552,1.548,1.458,1.547,1.576,1.589
2025-07-24 16:10:44.335,1.582,1.579,1.694,1.468,1.544,1.549,1.459,1.546,1.576,1.589
2025-07-24 16:10:44.385,1.582,1.58,1.694,1.468,1.511,1.549,1.46,1.547,1.577,1.589
2025-07-24 16:10:44.436,1.582,1.58,1.694,1.467,1.479,1.55,1.458,1.546,1.577,1.589
2025-07-24 16:10:44.485,1.582,1.579,1.694,1.468,1.423,1.549,1.46,1.546,1.577,1.59
2025-07-24 16:10:44.535,1.583,1.58,1.694,1.468,1.373,1.548,1.459,1.546,1.577,1.589
2025-07-24 16:10:44.585,1.582,1.579,1.694,1.468,1.313,1.547,1.459,1.546,1.576,1.589
2025-07-24 16:10:44.635,1.582,1.579,1.694,1.468,1.272,1.545,1.46,1.546,1.577,1.589
2025-07-24 16:10:44.686,1.582,1.579,1.694,1.468,1.258,1.542,1.458,1.546,1.577,1.588
2025-07-24 16:10:44.735,1.582,1.579,1.694,1.468,1.257,1.54,1.46,1.546,1.577,1.589
2025-07-24 16:10:44.785,1.582,1.579,1.693,1.468,1.255,1.536,1.459,1.546,1.577,1.589
2025-07-24 16:10:44.836,1.582,1.579,1.694,1.468,1.258,1.535,1.459,1.546,1.577,1.589
2025-07-24 16:10:44.885,1.582,1.579,1.694,1.468,1.277,1.534,1.459,1.546,1.577,1.589
2025-07-24 16:10:44.936,1.582,1.579,1.694,1.468,1.314,1.532,1.46,1.545,1.578,1.589
2025-07-24 16:10:44.985,1.582,1.579,1.693,1.468,1.375,1.531,1.458,1.546,1.578,1.589
2025-07-24 16:10:45.036,1.582,1.58,1.694,1.468,1.436,1.531,1.46,1.546,1.578,1.59
2025-07-24 16:10:45.085,1.581,1.579,1.694,1.468,1.499,1.532,1.458,1.546,1.579,1.588
2025-07-24 16:10:45.136,1.582,1.58,1.694,1.467,1.533,1.532,1.458,1.546,1.578,1.589
2025-07-24 16:10:45.186,1.582,1.581,1.693,1.468,1.539,1.535,1.458,1.546,1.578,1.589
2025-07-24 16:10:45.235,1.582,1.58,1.694,1.468,1.554,1.537,1.459,1.547,1.579,1.589
2025-07-24 16:10:45.286,1.582,1.58,1.694,1.468,1.559,1.539,1.458,1.546,1.58,1.59
2025-07-24 16:10:45.335,1.582,1.58,1.694,1.468,1.563,1.54,1.458,1.546,1.58,1.59
2025-07-24 16:10:45.385,1.583,1.58,1.694,1.468,1.56,1.542,1.459,1.546,1.58,1.59
2025-07-24 16:10:45.436,1.583,1.581,1.694,1.467,1.566,1.543,1.461,1.546,1.58,1.59
2025-07-24 16:10:45.486,1.582,1.581,1.694,1.468,1.569,1.544,1.459,1.546,1.579,1.59
2025-07-24 16:10:45.536,1.582,1.58,1.694,1.468,1.561,1.547,1.459,1.546,1.58,1.59
2025-07-24 16:10:45.586,1.583,1.581,1.695,1.468,1.565,1.548,1.461,1.546,1.58,1.59
2025-07-24 16:10:45.636,1.583,1.581,1.694,1.467,1.56,1.549,1.46,1.546,1.58,1.59
2025-07-24 16:10:45.685,1.582,1.58,1.694,1.468,1.535,1.551,1.458,1.546,1.58,1.59
2025-07-24 16:10:45.735,1.583,1.581,1.694,1.467,1.514,1.552,1.46,1.547,1.58,1.59
2025-07-24 16:10:45.786,1.583,1.58,1.694,1.468,1.464,1.552,1.461,1.547,1.58,1.59
2025-07-24 16:10:45.835,1.583,1.581,1.694,1.468,1.408,1.55,1.46,1.547,1.58,1.59
2025-07-24 16:10:45.886,1.582,1.58,1.694,1.467,1.345,1.549,1.461,1.547,1.58,1.59
2025-07-24 16:10:45.935,1.583,1.58,1.694,1.468,1.288,1.548,1.461,1.547,1.58,1.59
2025-07-24 16:10:45.986,1.584,1.581,1.695,1.467,1.25,1.546,1.461,1.548,1.579,1.59
2025-07-24 16:10:46.035,1.582,1.581,1.694,1.468,1.244,1.543,1.458,1.547,1.58,1.59
2025-07-24 16:10:46.085,1.583,1.581,1.694,1.467,1.241,1.54,1.461,1.548,1.579,1.59
2025-07-24 16:10:46.136,1.583,1.582,1.695,1.468,1.243,1.537,1.461,1.547,1.579,1.591
2025-07-24 16:10:46.186,1.584,1.581,1.694,1.468,1.249,1.536,1.46,1.547,1.579,1.591
2025-07-24 16:10:46.236,1.582,1.582,1.695,1.468,1.275,1.533,1.46,1.547,1.579,1.591
2025-07-24 16:10:46.286,1.583,1.58,1.694,1.468,1.315,1.532,1.461,1.548,1.579,1.59
2025-07-24 16:10:46.335,1.583,1.581,1.694,1.468,1.37,1.532,1.46,1.547,1.577,1.591
2025-07-24 16:10:46.385,1.584,1.581,1.694,1.467,1.432,1.532,1.46,1.548,1.577,1.59
2025-07-24 16:10:46.436,1.583,1.581,1.694,1.468,1.5,1.532,1.46,1.548,1.577,1.591
2025-07-24 16:10:46.486,1.583,1.581,1.695,1.467,1.532,1.535,1.46,1.548,1.577,1.591
2025-07-24 16:10:46.536,1.583,1.581,1.695,1.468,1.546,1.536,1.46,1.548,1.577,1.591
2025-07-24 16:10:46.586,1.584,1.581,1.695,1.468,1.551,1.536,1.46,1.548,1.577,1.59
2025-07-24 16:10:46.636,1.584,1.581,1.695,1.468,1.557,1.538,1.461,1.548,1.577,1.59
2025-07-24 16:10:46.686,1.583,1.582,1.694,1.468,1.562,1.54,1.462,1.548,1.577,1.591
2025-07-24 16:10:46.736,1.583,1.582,1.694,1.468,1.557,1.541,1.46,1.547,1.577,1.591
2025-07-24 16:10:46.786,1.584,1.582,1.695,1.468,1.556,1.544,1.461,1.548,1.577,1.591
2025-07-24 16:10:46.835,1.583,1.582,1.694,1.468,1.56,1.544,1.461,1.548,1.577,1.59
2025-07-24 16:10:46.886,1.583,1.582,1.695,1.468,1.558,1.546,1.461,1.548,1.577,1.59
2025-07-24 16:10:46.936,1.583,1.582,1.694,1.468,1.557,1.548,1.461,1.548,1.577,1.59
2025-07-24 16:10:46.986,1.584,1.582,1.695,1.468,1.562,1.549,1.461,1.548,1.577,1.591
2025-07-24 16:10:47.036,1.583,1.581,1.694,1.468,1.558,1.549,1.46,1.548,1.577,1.591
2025-07-24 16:10:47.086,1.584,1.582,1.694,1.468,1.517,1.551,1.462,1.547,1.576,1.591
2025-07-24 16:10:47.136,1.584,1.581,1.694,1.468,1.461,1.551,1.461,1.548,1.576,1.591
2025-07-24 16:10:47.186,1.584,1.582,1.694,1.468,1.413,1.55,1.459,1.548,1.576,1.591
2025-07-24 16:10:47.235,1.584,1.582,1.696,1.468,1.354,1.55,1.462,1.548,1.577,1.59
2025-07-24 16:10:47.286,1.583,1.581,1.695,1.468,1.31,1.548,1.461,1.548,1.576,1.591
2025-07-24 16:10:47.336,1.583,1.582,1.695,1.469,1.274,1.545,1.461,1.548,1.576,1.59
2025-07-24 16:10:47.386,1.584,1.582,1.695,1.468,1.264,1.543,1.461,1.548,1.577,1.59
2025-07-24 16:10:47.436,1.584,1.582,1.695,1.468,1.272,1.541,1.46,1.548,1.576,1.591
2025-07-24 16:10:47.486,1.584,1.582,1.694,1.468,1.265,1.537,1.461,1.548,1.577,1.591
2025-07-24 16:10:47.536,1.584,1.582,1.695,1.469,1.262,1.536,1.46,1.548,1.576,1.591
2025-07-24 16:10:47.586,1.583,1.582,1.694,1.468,1.271,1.534,1.46,1.548,1.577,1.591
2025-07-24 16:10:47.636,1.584,1.582,1.695,1.468,1.29,1.532,1.46,1.548,1.575,1.59
2025-07-24 16:10:47.686,1.584,1.581,1.694,1.468,1.344,1.531,1.46,1.548,1.576,1.59
2025-07-24 16:10:47.736,1.584,1.581,1.695,1.468,1.403,1.532,1.459,1.548,1.576,1.59
2025-07-24 16:10:47.786,1.584,1.582,1.696,1.468,1.47,1.531,1.46,1.548,1.575,1.59
2025-07-24 16:10:47.836,1.584,1.582,1.695,1.468,1.516,1.532,1.461,1.548,1.575,1.59
2025-07-24 16:10:47.886,1.583,1.582,1.695,1.468,1.536,1.534,1.46,1.548,1.575,1.59
2025-07-24 16:10:47.936,1.584,1.582,1.695,1.468,1.546,1.536,1.459,1.547,1.575,1.59
2025-07-24 16:10:47.986,1.584,1.581,1.695,1.469,1.557,1.538,1.46,1.547,1.575,1.59
2025-07-24 16:10:48.036,1.584,1.581,1.694,1.468,1.564,1.538,1.458,1.547,1.575,1.59
2025-07-24 16:10:48.085,1.582,1.582,1.694,1.468,1.564,1.54,1.461,1.547,1.575,1.59
2025-07-24 16:10:48.136,1.583,1.581,1.695,1.468,1.568,1.542,1.461,1.548,1.574,1.59
2025-07-24 16:10:48.186,1.583,1.581,1.694,1.468,1.562,1.544,1.458,1.548,1.574,1.59
2025-07-24 16:10:48.236,1.584,1.581,1.694,1.468,1.567,1.546,1.461,1.547,1.575,1.59
2025-07-24 16:10:48.286,1.583,1.581,1.695,1.468,1.562,1.546,1.461,1.547,1.574,1.59
2025-07-24 16:10:48.336,1.583,1.581,1.695,1.468,1.557,1.548,1.459,1.547,1.574,1.59
2025-07-24 16:10:48.386,1.583,1.581,1.694,1.468,1.567,1.549,1.46,1.547,1.574,1.59
2025-07-24 16:10:48.436,1.583,1.582,1.695,1.468,1.548,1.551,1.46,1.547,1.575,1.588
2025-07-24 16:10:48.486,1.582,1.581,1.694,1.468,1.52,1.551,1.459,1.547,1.575,1.589
2025-07-24 16:10:48.536,1.583,1.581,1.694,1.468,1.479,1.552,1.46,1.547,1.573,1.589
2025-07-24 16:10:48.586,1.583,1.581,1.695,1.468,1.429,1.553,1.46,1.547,1.573,1.589
2025-07-24 16:10:48.636,1.583,1.58,1.694,1.468,1.375,1.55,1.461,1.547,1.574,1.589
2025-07-24 16:10:48.687,1.583,1.582,1.694,1.468,1.324,1.548,1.46,1.546,1.573,1.589
2025-07-24 16:10:48.736,1.582,1.581,1.694,1.468,1.282,1.546,1.458,1.547,1.573,1.59
2025-07-24 16:10:48.785,1.582,1.58,1.694,1.468,1.252,1.544,1.461,1.547,1.574,1.589
2025-07-24 16:10:48.836,1.583,1.58,1.694,1.468,1.252,1.541,1.461,1.547,1.574,1.589
2025-07-24 16:10:48.886,1.582,1.581,1.694,1.468,1.25,1.539,1.461,1.547,1.574,1.588
2025-07-24 16:10:48.936,1.584,1.581,1.694,1.468,1.254,1.537,1.46,1.548,1.574,1.589
2025-07-24 16:10:48.986,1.582,1.58,1.695,1.467,1.275,1.535,1.46,1.548,1.574,1.588
2025-07-24 16:10:49.036,1.582,1.579,1.694,1.467,1.308,1.532,1.459,1.546,1.573,1.589
2025-07-24 16:10:49.086,1.582,1.58,1.694,1.468,1.361,1.532,1.459,1.546,1.573,1.588
2025-07-24 16:10:49.136,1.582,1.58,1.694,1.468,1.424,1.53,1.459,1.547,1.574,1.587
2025-07-24 16:10:49.186,1.581,1.58,1.694,1.467,1.483,1.532,1.46,1.547,1.575,1.587
2025-07-24 16:10:49.236,1.582,1.581,1.694,1.468,1.524,1.532,1.46,1.546,1.575,1.588
2025-07-24 16:10:49.286,1.582,1.58,1.694,1.468,1.542,1.535,1.459,1.546,1.575,1.588
2025-07-24 16:10:49.336,1.581,1.581,1.694,1.468,1.54,1.536,1.459,1.546,1.576,1.587
2025-07-24 16:10:49.386,1.582,1.58,1.694,1.467,1.553,1.538,1.46,1.546,1.575,1.587
2025-07-24 16:10:49.436,1.582,1.58,1.694,1.468,1.558,1.54,1.458,1.546,1.576,1.587
2025-07-24 16:10:49.486,1.582,1.58,1.694,1.469,1.561,1.54,1.459,1.546,1.577,1.588
2025-07-24 16:10:49.537,1.582,1.58,1.694,1.468,1.566,1.541,1.46,1.546,1.577,1.588
2025-07-24 16:10:49.586,1.581,1.579,1.694,1.467,1.563,1.544,1.458,1.546,1.576,1.588
2025-07-24 16:10:49.636,1.58,1.579,1.694,1.468,1.569,1.545,1.459,1.545,1.577,1.587
2025-07-24 16:10:49.686,1.581,1.579,1.694,1.468,1.566,1.546,1.457,1.545,1.577,1.586
2025-07-24 16:10:49.736,1.58,1.579,1.693,1.468,1.564,1.547,1.461,1.545,1.577,1.587
2025-07-24 16:10:49.787,1.58,1.58,1.694,1.467,1.565,1.548,1.459,1.546,1.577,1.587
2025-07-24 16:10:49.837,1.58,1.58,1.694,1.468,1.528,1.552,1.459,1.546,1.577,1.589
2025-07-24 16:10:49.886,1.582,1.579,1.693,1.467,1.49,1.55,1.459,1.545,1.577,1.587
2025-07-24 16:10:49.936,1.581,1.579,1.694,1.467,1.445,1.551,1.458,1.546,1.577,1.589
2025-07-24 16:10:49.986,1.58,1.579,1.694,1.467,1.391,1.549,1.461,1.546,1.577,1.589
2025-07-24 16:10:50.036,1.58,1.579,1.694,1.467,1.345,1.548,1.46,1.545,1.577,1.589
2025-07-24 16:10:50.086,1.58,1.578,1.694,1.468,1.291,1.547,1.46,1.546,1.578,1.588
2025-07-24 16:10:50.136,1.581,1.58,1.694,1.468,1.264,1.544,1.46,1.546,1.579,1.588
2025-07-24 16:10:50.187,1.581,1.579,1.694,1.468,1.255,1.541,1.46,1.546,1.578,1.589
2025-07-24 16:10:50.236,1.581,1.579,1.694,1.468,1.252,1.54,1.46,1.546,1.578,1.589
2025-07-24 16:10:50.285,1.581,1.58,1.694,1.468,1.255,1.537,1.46,1.545,1.579,1.589
2025-07-24 16:10:50.336,1.581,1.579,1.694,1.468,1.283,1.536,1.459,1.546,1.579,1.588
2025-07-24 16:10:50.386,1.581,1.58,1.694,1.467,1.318,1.533,1.46,1.545,1.579,1.588
2025-07-24 16:10:50.436,1.581,1.578,1.694,1.468,1.37,1.533,1.46,1.546,1.579,1.588
2025-07-24 16:10:50.486,1.58,1.579,1.694,1.468,1.434,1.533,1.46,1.545,1.579,1.589
2025-07-24 16:10:50.537,1.581,1.579,1.694,1.468,1.497,1.534,1.461,1.546,1.579,1.589
2025-07-24 16:10:50.587,1.581,1.579,1.694,1.468,1.535,1.535,1.458,1.546,1.58,1.589
2025-07-24 16:10:50.637,1.581,1.579,1.694,1.468,1.544,1.536,1.458,1.546,1.579,1.589
2025-07-24 16:10:50.687,1.581,1.579,1.694,1.468,1.557,1.537,1.46,1.546,1.579,1.589
2025-07-24 16:10:50.736,1.58,1.579,1.694,1.468,1.563,1.54,1.459,1.545,1.58,1.59
2025-07-24 16:10:50.787,1.581,1.578,1.694,1.467,1.567,1.541,1.461,1.546,1.58,1.589
2025-07-24 16:10:50.837,1.581,1.579,1.694,1.468,1.565,1.543,1.458,1.546,1.58,1.589
2025-07-24 16:10:50.887,1.582,1.579,1.694,1.467,1.567,1.544,1.46,1.546,1.581,1.59
2025-07-24 16:10:50.937,1.582,1.579,1.694,1.468,1.577,1.545,1.461,1.545,1.58,1.59
2025-07-24 16:10:50.986,1.58,1.58,1.694,1.468,1.573,1.546,1.46,1.546,1.58,1.59
2025-07-24 16:10:51.036,1.581,1.579,1.694,1.468,1.565,1.549,1.459,1.546,1.581,1.588
2025-07-24 16:10:51.086,1.581,1.579,1.694,1.468,1.569,1.548,1.461,1.545,1.58,1.59
2025-07-24 16:10:51.135,1.582,1.578,1.694,1.467,1.565,1.551,1.46,1.546,1.58,1.589
2025-07-24 16:10:51.186,1.581,1.579,1.694,1.467,1.536,1.551,1.459,1.546,1.581,1.59
2025-07-24 16:10:51.236,1.581,1.58,1.694,1.467,1.503,1.553,1.46,1.546,1.58,1.59
2025-07-24 16:10:51.287,1.581,1.579,1.694,1.468,1.466,1.553,1.46,1.545,1.581,1.59
2025-07-24 16:10:51.337,1.581,1.578,1.693,1.468,1.411,1.552,1.458,1.545,1.58,1.589
2025-07-24 16:10:51.386,1.581,1.578,1.694,1.467,1.35,1.551,1.458,1.545,1.58,1.589
2025-07-24 16:10:51.437,1.581,1.578,1.694,1.468,1.28,1.548,1.461,1.545,1.581,1.589
2025-07-24 16:10:51.486,1.582,1.579,1.694,1.467,1.252,1.546,1.459,1.546,1.581,1.59
2025-07-24 16:10:51.536,1.582,1.578,1.694,1.467,1.248,1.543,1.46,1.545,1.58,1.59
2025-07-24 16:10:51.587,1.582,1.578,1.693,1.467,1.241,1.54,1.461,1.545,1.581,1.59
2025-07-24 16:10:51.636,1.581,1.579,1.694,1.467,1.243,1.538,1.458,1.545,1.581,1.59
2025-07-24 16:10:51.687,1.582,1.578,1.693,1.468,1.265,1.536,1.46,1.545,1.581,1.59
2025-07-24 16:10:51.737,1.581,1.578,1.693,1.467,1.3,1.534,1.46,1.545,1.58,1.59
2025-07-24 16:10:51.787,1.582,1.578,1.694,1.468,1.354,1.532,1.459,1.544,1.58,1.59
2025-07-24 16:10:51.837,1.581,1.579,1.694,1.468,1.421,1.532,1.458,1.545,1.581,1.59
2025-07-24 16:10:51.886,1.581,1.578,1.693,1.468,1.481,1.532,1.459,1.545,1.581,1.59
2025-07-24 16:10:51.937,1.581,1.578,1.692,1.467,1.532,1.533,1.461,1.545,1.58,1.589
2025-07-24 16:10:51.987,1.582,1.577,1.692,1.468,1.544,1.536,1.458,1.545,1.58,1.59
2025-07-24 16:10:52.037,1.581,1.577,1.693,1.468,1.55,1.536,1.458,1.544,1.58,1.589
2025-07-24 16:10:52.087,1.582,1.577,1.693,1.467,1.557,1.538,1.458,1.544,1.581,1.59
2025-07-24 16:10:52.137,1.581,1.578,1.693,1.468,1.566,1.539,1.458,1.545,1.58,1.59
2025-07-24 16:10:52.186,1.582,1.577,1.692,1.467,1.568,1.541,1.458,1.545,1.581,1.59
2025-07-24 16:10:52.236,1.581,1.578,1.692,1.467,1.567,1.543,1.459,1.545,1.581,1.59
2025-07-24 16:10:52.287,1.581,1.579,1.692,1.468,1.562,1.544,1.459,1.545,1.58,1.59
2025-07-24 16:10:52.337,1.582,1.579,1.693,1.468,1.565,1.546,1.46,1.544,1.581,1.59
2025-07-24 16:10:52.386,1.582,1.578,1.694,1.467,1.569,1.548,1.459,1.546,1.581,1.59
2025-07-24 16:10:52.437,1.582,1.578,1.694,1.468,1.569,1.549,1.46,1.545,1.581,1.59
2025-07-24 16:10:52.486,1.581,1.579,1.694,1.467,1.559,1.551,1.46,1.545,1.581,1.59
2025-07-24 16:10:52.536,1.583,1.579,1.694,1.467,1.528,1.552,1.458,1.546,1.581,1.59
2025-07-24 16:10:52.587,1.582,1.578,1.694,1.467,1.491,1.553,1.46,1.546,1.582,1.59
2025-07-24 16:10:52.636,1.582,1.579,1.694,1.468,1.44,1.553,1.461,1.546,1.582,1.591
2025-07-24 16:10:52.687,1.582,1.579,1.694,1.467,1.381,1.551,1.461,1.546,1.582,1.59
2025-07-24 16:10:52.737,1.582,1.579,1.694,1.468,1.321,1.549,1.462,1.546,1.582,1.59
2025-07-24 16:10:52.787,1.582,1.579,1.693,1.468,1.275,1.547,1.461,1.546,1.582,1.59
2025-07-24 16:10:52.837,1.583,1.58,1.694,1.468,1.254,1.545,1.461,1.546,1.582,1.59
2025-07-24 16:10:52.887,1.583,1.58,1.694,1.467,1.254,1.543,1.461,1.546,1.582,1.591
2025-07-24 16:10:52.936,1.582,1.58,1.694,1.467,1.248,1.54,1.461,1.547,1.582,1.591
2025-07-24 16:10:52.987,1.582,1.58,1.694,1.468,1.26,1.539,1.461,1.546,1.582,1.591
2025-07-24 16:10:53.037,1.583,1.58,1.694,1.468,1.291,1.538,1.461,1.547,1.582,1.591
2025-07-24 16:10:53.087,1.582,1.58,1.694,1.468,1.337,1.535,1.459,1.547,1.582,1.591
2025-07-24 16:10:53.136,1.583,1.581,1.694,1.468,1.387,1.534,1.461,1.547,1.582,1.591
2025-07-24 16:10:53.187,1.582,1.58,1.694,1.468,1.454,1.534,1.459,1.548,1.582,1.591
2025-07-24 16:10:53.236,1.583,1.58,1.694,1.468,1.506,1.536,1.46,1.546,1.582,1.591
2025-07-24 16:10:53.287,1.583,1.58,1.694,1.468,1.54,1.536,1.46,1.547,1.581,1.592
2025-07-24 16:10:53.337,1.582,1.58,1.694,1.467,1.549,1.538,1.46,1.547,1.581,1.592
2025-07-24 16:10:53.386,1.583,1.581,1.695,1.468,1.548,1.54,1.461,1.547,1.581,1.591
2025-07-24 16:10:53.437,1.583,1.579,1.694,1.468,1.562,1.54,1.46,1.547,1.58,1.591
2025-07-24 16:10:53.487,1.583,1.581,1.695,1.467,1.562,1.544,1.46,1.546,1.58,1.591
2025-07-24 16:10:53.536,1.584,1.582,1.694,1.467,1.562,1.544,1.461,1.547,1.58,1.592
2025-07-24 16:10:53.586,1.583,1.58,1.694,1.468,1.566,1.545,1.461,1.548,1.578,1.591
2025-07-24 16:10:53.637,1.583,1.581,1.695,1.467,1.553,1.547,1.46,1.548,1.58,1.591
2025-07-24 16:10:53.687,1.583,1.581,1.694,1.468,1.566,1.548,1.461,1.548,1.579,1.591
2025-07-24 16:10:53.737,1.583,1.581,1.694,1.468,1.557,1.55,1.461,1.548,1.578,1.592
2025-07-24 16:10:53.787,1.583,1.581,1.695,1.468,1.565,1.552,1.461,1.548,1.578,1.592
2025-07-24 16:10:53.837,1.583,1.581,1.695,1.468,1.532,1.553,1.461,1.547,1.578,1.592
2025-07-24 16:10:53.887,1.583,1.581,1.695,1.468,1.491,1.553,1.461,1.548,1.579,1.591
2025-07-24 16:10:53.937,1.583,1.58,1.694,1.468,1.444,1.553,1.461,1.548,1.578,1.591
2025-07-24 16:10:53.987,1.583,1.581,1.694,1.468,1.385,1.553,1.461,1.548,1.577,1.591
2025-07-24 16:10:54.037,1.582,1.581,1.694,1.468,1.336,1.55,1.461,1.548,1.578,1.592
2025-07-24 16:10:54.086,1.585,1.581,1.694,1.468,1.293,1.548,1.46,1.548,1.577,1.592
2025-07-24 16:10:54.136,1.583,1.581,1.695,1.468,1.277,1.545,1.461,1.548,1.577,1.591
2025-07-24 16:10:54.187,1.583,1.581,1.694,1.468,1.275,1.544,1.461,1.548,1.577,1.591
2025-07-24 16:10:54.236,1.584,1.581,1.694,1.468,1.266,1.542,1.461,1.548,1.577,1.592
2025-07-24 16:10:54.286,1.583,1.581,1.694,1.468,1.268,1.54,1.461,1.547,1.577,1.591
2025-07-24 16:10:54.337,1.584,1.581,1.694,1.468,1.282,1.537,1.461,1.548,1.577,1.592
2025-07-24 16:10:54.386,1.583,1.582,1.694,1.468,1.317,1.535,1.46,1.548,1.577,1.591
2025-07-24 16:10:54.437,1.583,1.581,1.694,1.468,1.362,1.534,1.461,1.548,1.577,1.591
2025-07-24 16:10:54.487,1.584,1.582,1.694,1.468,1.424,1.534,1.461,1.548,1.577,1.591
2025-07-24 16:10:54.536,1.583,1.582,1.694,1.468,1.484,1.535,1.461,1.548,1.577,1.591
2025-07-24 16:10:54.586,1.584,1.581,1.696,1.468,1.529,1.536,1.461,1.547,1.576,1.592
2025-07-24 16:10:54.636,1.583,1.582,1.694,1.469,1.546,1.537,1.461,1.548,1.577,1.591
2025-07-24 16:10:54.687,1.583,1.581,1.694,1.468,1.555,1.54,1.46,1.548,1.577,1.591
2025-07-24 16:10:54.736,1.583,1.582,1.694,1.468,1.557,1.541,1.46,1.547,1.577,1.59
2025-07-24 16:10:54.787,1.584,1.582,1.694,1.468,1.561,1.542,1.459,1.548,1.576,1.591
2025-07-24 16:10:54.837,1.582,1.581,1.694,1.468,1.569,1.544,1.461,1.547,1.576,1.59
2025-07-24 16:10:54.886,1.583,1.581,1.694,1.468,1.568,1.545,1.461,1.548,1.576,1.59
2025-07-24 16:10:54.937,1.584,1.58,1.694,1.468,1.564,1.546,1.461,1.548,1.575,1.591
2025-07-24 16:10:54.987,1.583,1.581,1.695,1.468,1.563,1.548,1.459,1.547,1.576,1.59
2025-07-24 16:10:55.036,1.583,1.581,1.695,1.468,1.562,1.548,1.461,1.547,1.576,1.59
2025-07-24 16:10:55.087,1.583,1.581,1.694,1.468,1.569,1.55,1.461,1.548,1.575,1.59
2025-07-24 16:10:55.138,1.583,1.581,1.694,1.468,1.548,1.552,1.461,1.547,1.575,1.59
2025-07-24 16:10:55.187,1.582,1.581,1.694,1.468,1.511,1.552,1.46,1.547,1.575,1.59
2025-07-24 16:10:55.236,1.583,1.58,1.694,1.468,1.477,1.553,1.46,1.548,1.576,1.59
2025-07-24 16:10:55.286,1.583,1.581,1.694,1.469,1.428,1.553,1.46,1.548,1.575,1.59
2025-07-24 16:10:55.337,1.583,1.581,1.694,1.467,1.374,1.552,1.46,1.548,1.575,1.59
2025-07-24 16:10:55.387,1.583,1.581,1.694,1.468,1.321,1.55,1.461,1.548,1.575,1.59
2025-07-24 16:10:55.437,1.582,1.581,1.694,1.468,1.283,1.548,1.461,1.547,1.574,1.59
2025-07-24 16:10:55.487,1.583,1.582,1.694,1.468,1.265,1.544,1.46,1.548,1.575,1.59
2025-07-24 16:10:55.536,1.584,1.58,1.694,1.468,1.258,1.543,1.461,1.547,1.574,1.59
2025-07-24 16:10:55.587,1.583,1.58,1.695,1.468,1.265,1.54,1.461,1.547,1.575,1.59
2025-07-24 16:10:55.637,1.583,1.58,1.694,1.468,1.267,1.537,1.461,1.547,1.574,1.589
2025-07-24 16:10:55.687,1.582,1.581,1.694,1.468,1.288,1.536,1.461,1.547,1.574,1.589
2025-07-24 16:10:55.737,1.583,1.581,1.694,1.468,1.331,1.535,1.459,1.548,1.574,1.589
2025-07-24 16:10:55.786,1.582,1.58,1.695,1.467,1.382,1.533,1.46,1.548,1.574,1.589
2025-07-24 16:10:55.836,1.583,1.581,1.694,1.468,1.445,1.533,1.458,1.547,1.574,1.589
2025-07-24 16:10:55.887,1.582,1.581,1.695,1.467,1.497,1.535,1.46,1.547,1.574,1.589
2025-07-24 16:10:55.936,1.582,1.581,1.694,1.468,1.536,1.536,1.458,1.547,1.573,1.589
2025-07-24 16:10:55.986,1.582,1.581,1.694,1.467,1.546,1.537,1.458,1.547,1.574,1.588
2025-07-24 16:10:56.036,1.582,1.58,1.693,1.468,1.548,1.539,1.46,1.547,1.573,1.588
2025-07-24 16:10:56.087,1.582,1.58,1.694,1.468,1.557,1.54,1.46,1.547,1.574,1.588
2025-07-24 16:10:56.137,1.582,1.581,1.694,1.468,1.562,1.541,1.459,1.547,1.574,1.588
2025-07-24 16:10:56.187,1.582,1.582,1.694,1.468,1.563,1.544,1.461,1.546,1.574,1.587
2025-07-24 16:10:56.236,1.582,1.58,1.694,1.468,1.568,1.545,1.46,1.547,1.573,1.588
2025-07-24 16:10:56.287,1.582,1.581,1.694,1.468,1.565,1.546,1.459,1.547,1.574,1.588
2025-07-24 16:10:56.337,1.582,1.58,1.694,1.467,1.572,1.547,1.459,1.546,1.575,1.588
2025-07-24 16:10:56.386,1.582,1.58,1.695,1.468,1.569,1.549,1.46,1.546,1.575,1.588
2025-07-24 16:10:56.437,1.582,1.58,1.694,1.469,1.565,1.551,1.461,1.547,1.575,1.587
2025-07-24 16:10:56.486,1.582,1.579,1.694,1.468,1.536,1.552,1.458,1.546,1.576,1.587
2025-07-24 16:10:56.536,1.581,1.581,1.694,1.468,1.499,1.552,1.459,1.546,1.576,1.588
2025-07-24 16:10:56.587,1.581,1.581,1.694,1.468,1.454,1.552,1.458,1.546,1.577,1.588
2025-07-24 16:10:56.637,1.582,1.58,1.694,1.468,1.396,1.551,1.459,1.546,1.576,1.588
2025-07-24 16:10:56.687,1.582,1.58,1.694,1.468,1.347,1.551,1.46,1.546,1.576,1.587
2025-07-24 16:10:56.736,1.581,1.579,1.694,1.468,1.296,1.548,1.461,1.546,1.576,1.587
2025-07-24 16:10:56.787,1.582,1.579,1.693,1.468,1.266,1.545,1.459,1.546,1.576,1.588
2025-07-24 16:10:56.836,1.582,1.579,1.694,1.468,1.264,1.543,1.461,1.546,1.577,1.587
2025-07-24 16:10:56.887,1.581,1.58,1.693,1.467,1.259,1.54,1.46,1.547,1.577,1.588
2025-07-24 16:10:56.937,1.58,1.58,1.694,1.468,1.255,1.538,1.46,1.546,1.577,1.587
2025-07-24 16:10:56.987,1.581,1.58,1.694,1.469,1.269,1.537,1.46,1.546,1.577,1.588
2025-07-24 16:10:57.036,1.581,1.58,1.694,1.468,1.294,1.534,1.46,1.545,1.577,1.588
2025-07-24 16:10:57.087,1.582,1.579,1.694,1.468,1.341,1.533,1.459,1.546,1.577,1.588
2025-07-24 16:10:57.136,1.581,1.579,1.694,1.467,1.404,1.533,1.459,1.546,1.577,1.588
2025-07-24 16:10:57.187,1.581,1.58,1.694,1.467,1.474,1.532,1.459,1.546,1.578,1.59
2025-07-24 16:10:57.237,1.582,1.58,1.694,1.468,1.531,1.534,1.46,1.546,1.578,1.588
2025-07-24 16:10:57.287,1.58,1.579,1.694,1.468,1.542,1.536,1.458,1.546,1.578,1.589
2025-07-24 16:10:57.337,1.581,1.579,1.694,1.468,1.548,1.536,1.459,1.546,1.578,1.588
2025-07-24 16:10:57.387,1.581,1.578,1.694,1.468,1.561,1.539,1.459,1.546,1.578,1.589
2025-07-24 16:10:57.436,1.581,1.58,1.694,1.468,1.56,1.54,1.459,1.546,1.579,1.588
2025-07-24 16:10:57.486,1.581,1.58,1.694,1.468,1.566,1.541,1.458,1.546,1.578,1.589
2025-07-24 16:10:57.536,1.582,1.579,1.692,1.468,1.568,1.543,1.461,1.546,1.578,1.589
2025-07-24 16:10:57.587,1.581,1.579,1.694,1.467,1.561,1.544,1.459,1.546,1.578,1.589
2025-07-24 16:10:57.636,1.581,1.579,1.694,1.468,1.567,1.546,1.46,1.546,1.579,1.589
2025-07-24 16:10:57.686,1.582,1.578,1.693,1.467,1.573,1.548,1.461,1.546,1.579,1.589
2025-07-24 16:10:57.737,1.581,1.579,1.693,1.469,1.569,1.548,1.46,1.546,1.58,1.588
2025-07-24 16:10:57.787,1.581,1.579,1.694,1.467,1.567,1.55,1.46,1.546,1.579,1.59
2025-07-24 16:10:57.837,1.581,1.578,1.694,1.468,1.563,1.551,1.461,1.546,1.58,1.589
2025-07-24 16:10:57.886,1.581,1.578,1.694,1.468,1.532,1.553,1.46,1.546,1.579,1.589
2025-07-24 16:10:57.936,1.581,1.578,1.693,1.468,1.501,1.553,1.459,1.546,1.58,1.589
2025-07-24 16:10:57.986,1.58,1.579,1.693,1.468,1.47,1.553,1.461,1.545,1.58,1.589
2025-07-24 16:10:58.037,1.581,1.578,1.694,1.468,1.405,1.552,1.459,1.546,1.58,1.588
2025-07-24 16:10:58.086,1.581,1.578,1.693,1.468,1.345,1.551,1.46,1.546,1.58,1.59
2025-07-24 16:10:58.137,1.581,1.579,1.694,1.468,1.277,1.548,1.46,1.545,1.579,1.589
2025-07-24 16:10:58.187,1.582,1.578,1.693,1.468,1.249,1.546,1.458,1.546,1.58,1.589
2025-07-24 16:10:58.236,1.581,1.578,1.693,1.467,1.242,1.543,1.458,1.545,1.58,1.589
2025-07-24 16:10:58.287,1.581,1.579,1.694,1.468,1.246,1.54,1.459,1.546,1.58,1.589
2025-07-24 16:10:58.337,1.581,1.579,1.694,1.468,1.263,1.54,1.459,1.546,1.579,1.59
2025-07-24 16:10:58.386,1.581,1.578,1.694,1.469,1.299,1.536,1.458,1.545,1.58,1.589
2025-07-24 16:10:58.436,1.581,1.578,1.694,1.468,1.343,1.534,1.461,1.545,1.58,1.589
2025-07-24 16:10:58.487,1.58,1.578,1.694,1.467,1.391,1.534,1.459,1.545,1.58,1.589
2025-07-24 16:10:58.537,1.581,1.577,1.694,1.467,1.445,1.533,1.459,1.546,1.58,1.589
2025-07-24 16:10:58.587,1.582,1.578,1.693,1.468,1.495,1.535,1.458,1.545,1.58,1.588
2025-07-24 16:10:58.637,1.581,1.578,1.693,1.468,1.534,1.536,1.457,1.545,1.58,1.59
2025-07-24 16:10:58.687,1.58,1.578,1.694,1.468,1.539,1.538,1.459,1.545,1.581,1.589
2025-07-24 16:10:58.736,1.581,1.578,1.693,1.467,1.556,1.539,1.457,1.545,1.58,1.589
2025-07-24 16:10:58.787,1.582,1.578,1.693,1.468,1.565,1.54,1.458,1.545,1.579,1.589
2025-07-24 16:10:58.837,1.58,1.577,1.694,1.468,1.559,1.541,1.458,1.544,1.58,1.589
2025-07-24 16:10:58.887,1.581,1.578,1.693,1.467,1.565,1.544,1.458,1.545,1.58,1.59
2025-07-24 16:10:58.937,1.581,1.578,1.693,1.468,1.569,1.544,1.459,1.544,1.58,1.59
2025-07-24 16:10:58.987,1.581,1.578,1.694,1.468,1.565,1.547,1.461,1.545,1.58,1.589
2025-07-24 16:10:59.037,1.581,1.578,1.692,1.467,1.565,1.547,1.459,1.545,1.581,1.589
2025-07-24 16:10:59.086,1.58,1.577,1.693,1.468,1.567,1.548,1.46,1.545,1.581,1.589
2025-07-24 16:10:59.137,1.581,1.578,1.694,1.468,1.565,1.549,1.459,1.544,1.581,1.59
2025-07-24 16:10:59.187,1.582,1.578,1.693,1.468,1.553,1.551,1.46,1.545,1.58,1.59
2025-07-24 16:10:59.237,1.581,1.577,1.693,1.468,1.526,1.553,1.46,1.545,1.58,1.589
2025-07-24 16:10:59.286,1.581,1.577,1.693,1.466,1.491,1.553,1.46,1.545,1.581,1.59
2025-07-24 16:10:59.337,1.581,1.578,1.694,1.468,1.451,1.553,1.458,1.545,1.581,1.59
2025-07-24 16:10:59.386,1.58,1.578,1.694,1.467,1.397,1.551,1.46,1.544,1.58,1.589
2025-07-24 16:10:59.437,1.581,1.578,1.694,1.467,1.348,1.55,1.46,1.545,1.58,1.59
2025-07-24 16:10:59.486,1.582,1.578,1.694,1.468,1.301,1.548,1.458,1.545,1.581,1.59
2025-07-24 16:10:59.537,1.581,1.578,1.693,1.468,1.267,1.546,1.46,1.546,1.581,1.59
2025-07-24 16:10:59.586,1.581,1.58,1.694,1.468,1.261,1.544,1.46,1.545,1.581,1.59
2025-07-24 16:10:59.637,1.582,1.578,1.693,1.468,1.257,1.541,1.459,1.545,1.58,1.59
2025-07-24 16:10:59.687,1.581,1.579,1.693,1.468,1.278,1.54,1.46,1.545,1.581,1.59
2025-07-24 16:10:59.736,1.582,1.578,1.694,1.467,1.319,1.536,1.461,1.545,1.582,1.59
2025-07-24 16:10:59.787,1.58,1.578,1.694,1.467,1.368,1.536,1.46,1.546,1.581,1.59
2025-07-24 16:10:59.837,1.582,1.578,1.693,1.468,1.419,1.536,1.46,1.545,1.58,1.59
2025-07-24 16:10:59.887,1.582,1.578,1.694,1.467,1.461,1.536,1.459,1.545,1.581,1.59
2025-07-24 16:10:59.936,1.582,1.578,1.694,1.468,1.482,1.536,1.459,1.545,1.581,1.59
2025-07-24 16:10:59.987,1.582,1.579,1.694,1.468,1.522,1.537,1.459,1.546,1.582,1.59
2025-07-24 16:11:00.036,1.582,1.579,1.693,1.468,1.538,1.538,1.46,1.546,1.581,1.59
2025-07-24 16:11:00.087,1.582,1.579,1.693,1.468,1.555,1.541,1.459,1.545,1.581,1.59
2025-07-24 16:11:00.136,1.581,1.577,1.694,1.467,1.554,1.542,1.458,1.545,1.581,1.59
2025-07-24 16:11:00.186,1.582,1.578,1.694,1.467,1.564,1.543,1.46,1.546,1.581,1.59
2025-07-24 16:11:00.236,1.582,1.579,1.694,1.467,1.565,1.544,1.46,1.545,1.581,1.59
2025-07-24 16:11:00.287,1.582,1.578,1.694,1.467,1.569,1.546,1.46,1.545,1.581,1.59
2025-07-24 16:11:00.337,1.582,1.579,1.693,1.467,1.565,1.546,1.458,1.546,1.582,1.59
2025-07-24 16:11:00.386,1.582,1.579,1.693,1.468,1.571,1.548,1.46,1.545,1.581,1.59
2025-07-24 16:11:00.437,1.582,1.577,1.693,1.467,1.57,1.55,1.458,1.546,1.58,1.59
2025-07-24 16:11:00.486,1.581,1.578,1.693,1.468,1.569,1.55,1.459,1.545,1.58,1.59
2025-07-24 16:11:00.536,1.582,1.577,1.693,1.467,1.549,1.553,1.46,1.546,1.581,1.59
2025-07-24 16:11:00.587,1.582,1.579,1.694,1.468,1.508,1.553,1.459,1.545,1.581,1.59
2025-07-24 16:11:00.636,1.582,1.578,1.694,1.467,1.474,1.553,1.459,1.545,1.581,1.59
2025-07-24 16:11:00.687,1.582,1.578,1.693,1.467,1.428,1.553,1.46,1.545,1.58,1.59
2025-07-24 16:11:00.736,1.581,1.578,1.692,1.467,1.369,1.552,1.458,1.545,1.581,1.59
2025-07-24 16:11:00.786,1.582,1.578,1.693,1.468,1.318,1.549,1.459,1.545,1.581,1.59
2025-07-24 16:11:00.837,1.582,1.577,1.693,1.468,1.279,1.547,1.46,1.546,1.582,1.59
2025-07-24 16:11:00.886,1.581,1.577,1.693,1.467,1.253,1.544,1.459,1.545,1.58,1.59
2025-07-24 16:11:00.936,1.582,1.578,1.693,1.467,1.245,1.541,1.46,1.545,1.581,1.59
2025-07-24 16:11:00.986,1.581,1.577,1.693,1.467,1.248,1.539,1.46,1.545,1.581,1.59
2025-07-24 16:11:01.036,1.582,1.578,1.694,1.467,1.242,1.538,1.46,1.546,1.58,1.59
2025-07-24 16:11:01.087,1.582,1.579,1.693,1.467,1.247,1.535,1.46,1.545,1.58,1.59
2025-07-24 16:11:01.137,1.582,1.578,1.693,1.467,1.275,1.532,1.461,1.545,1.58,1.59
2025-07-24 16:11:01.187,1.582,1.579,1.694,1.468,1.317,1.531,1.46,1.546,1.582,1.59
2025-07-24 16:11:01.237,1.582,1.578,1.693,1.467,1.378,1.53,1.459,1.545,1.581,1.59
2025-07-24 16:11:01.286,1.582,1.578,1.692,1.467,1.449,1.531,1.458,1.545,1.581,1.59
2025-07-24 16:11:01.336,1.582,1.578,1.694,1.468,1.5,1.532,1.459,1.546,1.582,1.59
2025-07-24 16:11:01.387,1.582,1.579,1.693,1.467,1.54,1.532,1.46,1.545,1.581,1.59
2025-07-24 16:11:01.437,1.582,1.578,1.694,1.467,1.548,1.534,1.459,1.545,1.581,1.59
2025-07-24 16:11:01.486,1.582,1.578,1.694,1.468,1.557,1.536,1.46,1.545,1.581,1.59
2025-07-24 16:11:01.536,1.582,1.577,1.693,1.467,1.563,1.538,1.458,1.545,1.582,1.59
2025-07-24 16:11:01.587,1.582,1.579,1.692,1.467,1.568,1.54,1.458,1.545,1.581,1.59
2025-07-24 16:11:01.636,1.582,1.578,1.693,1.468,1.567,1.542,1.46,1.545,1.581,1.59
2025-07-24 16:11:01.687,1.582,1.579,1.693,1.467,1.565,1.542,1.459,1.545,1.582,1.59
2025-07-24 16:11:01.737,1.582,1.579,1.694,1.467,1.565,1.544,1.459,1.546,1.581,1.59
2025-07-24 16:11:01.786,1.582,1.577,1.694,1.468,1.566,1.546,1.46,1.545,1.581,1.59
2025-07-24 16:11:01.837,1.582,1.578,1.694,1.468,1.561,1.547,1.459,1.545,1.581,1.59
2025-07-24 16:11:01.886,1.581,1.578,1.694,1.467,1.562,1.549,1.459,1.544,1.581,1.59
2025-07-24 16:11:01.936,1.582,1.578,1.693,1.468,1.526,1.55,1.46,1.545,1.581,1.59
2025-07-24 16:11:01.987,1.582,1.579,1.693,1.468,1.48,1.55,1.461,1.544,1.582,1.59
2025-07-24 16:11:02.036,1.582,1.578,1.693,1.467,1.433,1.549,1.46,1.544,1.581,1.591
2025-07-24 16:11:02.087,1.582,1.579,1.694,1.468,1.393,1.549,1.459,1.545,1.582,1.59
2025-07-24 16:11:02.137,1.582,1.578,1.694,1.467,1.345,1.547,1.459,1.545,1.582,1.59
2025-07-24 16:11:02.187,1.583,1.579,1.694,1.467,1.288,1.547,1.458,1.545,1.581,1.59
2025-07-24 16:11:02.236,1.582,1.579,1.693,1.468,1.268,1.544,1.461,1.545,1.581,1.59
2025-07-24 16:11:02.287,1.582,1.579,1.694,1.468,1.262,1.541,1.459,1.546,1.581,1.591
2025-07-24 16:11:02.336,1.582,1.579,1.693,1.468,1.261,1.539,1.459,1.545,1.582,1.59
2025-07-24 16:11:02.387,1.582,1.578,1.693,1.467,1.256,1.536,1.46,1.545,1.582,1.59
2025-07-24 16:11:02.436,1.582,1.579,1.694,1.468,1.265,1.535,1.458,1.545,1.581,1.59
2025-07-24 16:11:02.486,1.582,1.578,1.694,1.468,1.289,1.532,1.459,1.545,1.581,1.59
2025-07-24 16:11:02.537,1.582,1.579,1.694,1.468,1.325,1.531,1.461,1.546,1.581,1.59
2025-07-24 16:11:02.587,1.582,1.579,1.693,1.467,1.365,1.531,1.458,1.544,1.582,1.59
2025-07-24 16:11:02.637,1.582,1.577,1.693,1.468,1.413,1.53,1.459,1.545,1.581,1.59
2025-07-24 16:11:02.687,1.582,1.578,1.694,1.467,1.47,1.53,1.459,1.544,1.581,1.59
2025-07-24 16:11:02.736,1.581,1.578,1.694,1.467,1.519,1.532,1.459,1.545,1.582,1.59
2025-07-24 16:11:02.787,1.582,1.578,1.694,1.467,1.543,1.532,1.458,1.544,1.58,1.59
2025-07-24 16:11:02.837,1.582,1.578,1.694,1.468,1.544,1.534,1.457,1.545,1.58,1.59
2025-07-24 16:11:02.887,1.582,1.578,1.693,1.467,1.561,1.536,1.458,1.544,1.581,1.59
2025-07-24 16:11:02.937,1.582,1.578,1.694,1.467,1.568,1.538,1.457,1.544,1.58,1.59
2025-07-24 16:11:02.987,1.582,1.578,1.693,1.467,1.567,1.54,1.458,1.544,1.58,1.59
2025-07-24 16:11:03.037,1.582,1.578,1.693,1.468,1.566,1.541,1.458,1.544,1.58,1.59
2025-07-24 16:11:03.086,1.582,1.579,1.694,1.468,1.565,1.544,1.458,1.544,1.581,1.59
2025-07-24 16:11:03.137,1.582,1.578,1.694,1.468,1.565,1.544,1.458,1.544,1.581,1.59
2025-07-24 16:11:03.187,1.582,1.577,1.694,1.467,1.574,1.546,1.461,1.544,1.58,1.59
2025-07-24 16:11:03.237,1.582,1.577,1.693,1.468,1.548,1.547,1.458,1.544,1.58,1.59
2025-07-24 16:11:03.286,1.582,1.577,1.693,1.467,1.508,1.548,1.458,1.544,1.581,1.59
2025-07-24 16:11:03.337,1.582,1.577,1.694,1.468,1.469,1.547,1.457,1.544,1.581,1.59
2025-07-24 16:11:03.387,1.581,1.578,1.693,1.467,1.416,1.548,1.459,1.544,1.581,1.59
2025-07-24 16:11:03.437,1.582,1.579,1.694,1.467,1.357,1.547,1.458,1.544,1.58,1.59
2025-07-24 16:11:03.486,1.582,1.578,1.693,1.467,1.32,1.544,1.46,1.544,1.581,1.59
2025-07-24 16:11:03.537,1.582,1.579,1.694,1.468,1.275,1.543,1.458,1.544,1.581,1.59
2025-07-24 16:11:03.587,1.582,1.578,1.694,1.468,1.254,1.542,1.459,1.544,1.581,1.59
2025-07-24 16:11:03.636,1.582,1.579,1.693,1.467,1.257,1.539,1.459,1.544,1.581,1.59
2025-07-24 16:11:03.687,1.582,1.578,1.694,1.468,1.252,1.536,1.459,1.544,1.58,1.59
2025-07-24 16:11:03.736,1.582,1.58,1.694,1.467,1.254,1.534,1.458,1.544,1.581,1.591
2025-07-24 16:11:03.787,1.582,1.579,1.694,1.468,1.281,1.532,1.458,1.544,1.581,1.59
2025-07-24 16:11:03.837,1.582,1.579,1.694,1.468,1.318,1.531,1.459,1.544,1.581,1.59
2025-07-24 16:11:03.887,1.582,1.58,1.694,1.468,1.364,1.53,1.458,1.545,1.581,1.591
2025-07-24 16:11:03.937,1.582,1.58,1.693,1.467,1.425,1.53,1.457,1.544,1.581,1.59
2025-07-24 16:11:03.987,1.582,1.58,1.694,1.467,1.476,1.53,1.458,1.544,1.582,1.59
2025-07-24 16:11:04.037,1.582,1.579,1.694,1.468,1.523,1.532,1.458,1.544,1.58,1.59
2025-07-24 16:11:04.086,1.583,1.579,1.694,1.468,1.542,1.535,1.458,1.545,1.581,1.59
2025-07-24 16:11:04.137,1.582,1.579,1.694,1.467,1.55,1.536,1.459,1.544,1.581,1.59
2025-07-24 16:11:04.186,1.582,1.579,1.694,1.468,1.557,1.536,1.46,1.544,1.58,1.59
2025-07-24 16:11:04.236,1.582,1.579,1.694,1.468,1.561,1.538,1.459,1.544,1.581,1.59
2025-07-24 16:11:04.287,1.582,1.579,1.694,1.467,1.564,1.54,1.458,1.544,1.581,1.59
2025-07-24 16:11:04.337,1.582,1.578,1.693,1.467,1.57,1.541,1.458,1.545,1.581,1.59
2025-07-24 16:11:04.387,1.582,1.579,1.695,1.468,1.571,1.544,1.457,1.544,1.581,1.59
2025-07-24 16:11:04.436,1.583,1.579,1.694,1.467,1.57,1.545,1.458,1.544,1.581,1.59
2025-07-24 16:11:04.486,1.582,1.579,1.693,1.467,1.577,1.546,1.459,1.544,1.581,1.59
2025-07-24 16:11:04.536,1.583,1.579,1.694,1.468,1.571,1.548,1.458,1.544,1.581,1.59
2025-07-24 16:11:04.587,1.582,1.58,1.694,1.467,1.566,1.549,1.458,1.544,1.581,1.59
2025-07-24 16:11:04.636,1.582,1.579,1.694,1.468,1.528,1.549,1.457,1.544,1.581,1.591
2025-07-24 16:11:04.687,1.582,1.578,1.693,1.468,1.505,1.55,1.458,1.544,1.58,1.59
2025-07-24 16:11:04.737,1.582,1.579,1.694,1.468,1.464,1.551,1.458,1.544,1.58,1.59
2025-07-24 16:11:04.787,1.582,1.581,1.693,1.467,1.418,1.55,1.458,1.544,1.581,1.59
2025-07-24 16:11:04.836,1.582,1.579,1.694,1.468,1.367,1.549,1.459,1.544,1.582,1.591
2025-07-24 16:11:04.887,1.581,1.578,1.694,1.468,1.312,1.548,1.458,1.544,1.581,1.591
2025-07-24 16:11:04.937,1.582,1.58,1.693,1.468,1.274,1.546,1.46,1.544,1.581,1.59
2025-07-24 16:11:04.987,1.582,1.58,1.694,1.467,1.258,1.544,1.459,1.544,1.581,1.59
2025-07-24 16:11:05.036,1.582,1.579,1.693,1.467,1.254,1.54,1.458,1.544,1.581,1.59
2025-07-24 16:11:05.087,1.582,1.579,1.694,1.468,1.253,1.537,1.459,1.544,1.581,1.59
2025-07-24 16:11:05.137,1.582,1.578,1.694,1.468,1.265,1.536,1.459,1.544,1.581,1.59
2025-07-24 16:11:05.187,1.582,1.578,1.694,1.467,1.291,1.534,1.459,1.544,1.58,1.59
2025-07-24 16:11:05.237,1.582,1.579,1.693,1.468,1.339,1.533,1.46,1.544,1.58,1.59
2025-07-24 16:11:05.286,1.582,1.578,1.694,1.468,1.391,1.532,1.46,1.544,1.581,1.59
2025-07-24 16:11:05.336,1.582,1.579,1.693,1.467,1.453,1.532,1.457,1.544,1.58,1.59
2025-07-24 16:11:05.387,1.582,1.579,1.693,1.467,1.509,1.533,1.459,1.544,1.58,1.59
2025-07-24 16:11:05.437,1.582,1.578,1.693,1.467,1.54,1.533,1.458,1.544,1.581,1.59
2025-07-24 16:11:05.487,1.582,1.578,1.694,1.467,1.542,1.536,1.457,1.544,1.58,1.59
2025-07-24 16:11:05.536,1.582,1.577,1.693,1.468,1.558,1.537,1.458,1.544,1.58,1.59
2025-07-24 16:11:05.586,1.582,1.578,1.694,1.468,1.562,1.538,1.457,1.544,1.58,1.59
2025-07-24 16:11:05.637,1.582,1.578,1.693,1.468,1.567,1.54,1.457,1.544,1.58,1.59
2025-07-24 16:11:05.687,1.582,1.579,1.694,1.467,1.567,1.541,1.458,1.543,1.58,1.59
2025-07-24 16:11:05.737,1.582,1.578,1.694,1.468,1.565,1.544,1.458,1.544,1.58,1.59
2025-07-24 16:11:05.787,1.582,1.578,1.694,1.468,1.57,1.546,1.458,1.544,1.58,1.59
2025-07-24 16:11:05.837,1.582,1.578,1.694,1.468,1.566,1.547,1.458,1.544,1.58,1.59
2025-07-24 16:11:05.887,1.582,1.578,1.694,1.468,1.561,1.548,1.458,1.544,1.581,1.59
2025-07-24 16:11:05.937,1.582,1.579,1.693,1.467,1.527,1.549,1.459,1.544,1.58,1.59
2025-07-24 16:11:05.986,1.582,1.579,1.693,1.467,1.489,1.55,1.459,1.545,1.58,1.59
2025-07-24 16:11:06.037,1.583,1.581,1.694,1.467,1.441,1.55,1.459,1.544,1.581,1.591
2025-07-24 16:11:06.087,1.582,1.58,1.694,1.468,1.389,1.549,1.459,1.545,1.581,1.591
2025-07-24 16:11:06.137,1.582,1.58,1.694,1.467,1.339,1.548,1.46,1.544,1.581,1.59
2025-07-24 16:11:06.187,1.582,1.579,1.694,1.468,1.297,1.546,1.459,1.545,1.582,1.591
2025-07-24 16:11:06.237,1.582,1.579,1.694,1.468,1.283,1.544,1.46,1.544,1.582,1.591
2025-07-24 16:11:06.287,1.582,1.58,1.694,1.467,1.283,1.543,1.46,1.544,1.582,1.591
2025-07-24 16:11:06.337,1.583,1.58,1.694,1.467,1.277,1.54,1.46,1.546,1.581,1.591
2025-07-24 16:11:06.387,1.583,1.58,1.695,1.468,1.279,1.539,1.461,1.545,1.582,1.591
2025-07-24 16:11:06.436,1.582,1.58,1.694,1.467,1.299,1.536,1.459,1.545,1.582,1.591
2025-07-24 16:11:06.487,1.583,1.579,1.694,1.467,1.329,1.535,1.461,1.546,1.582,1.591
2025-07-24 16:11:06.537,1.583,1.58,1.694,1.468,1.374,1.535,1.46,1.546,1.582,1.592
2025-07-24 16:11:06.587,1.583,1.58,1.694,1.468,1.434,1.535,1.46,1.545,1.582,1.592
2025-07-24 16:11:06.637,1.583,1.581,1.694,1.468,1.487,1.535,1.46,1.546,1.582,1.591
2025-07-24 16:11:06.687,1.584,1.58,1.694,1.467,1.531,1.536,1.46,1.546,1.582,1.591
2025-07-24 16:11:06.737,1.583,1.581,1.694,1.467,1.544,1.538,1.459,1.546,1.582,1.591
2025-07-24 16:11:06.787,1.583,1.581,1.694,1.468,1.555,1.54,1.46,1.546,1.582,1.591
2025-07-24 16:11:06.837,1.583,1.58,1.694,1.468,1.557,1.54,1.459,1.546,1.582,1.592
2025-07-24 16:11:06.887,1.583,1.581,1.694,1.468,1.563,1.543,1.459,1.546,1.582,1.592
2025-07-24 16:11:06.937,1.583,1.581,1.695,1.468,1.564,1.544,1.461,1.546,1.582,1.592
2025-07-24 16:11:06.987,1.583,1.581,1.694,1.468,1.569,1.545,1.461,1.546,1.582,1.592
2025-07-24 16:11:07.037,1.584,1.581,1.695,1.468,1.569,1.547,1.461,1.546,1.582,1.592
2025-07-24 16:11:07.087,1.583,1.581,1.694,1.468,1.569,1.548,1.46,1.546,1.582,1.592
2025-07-24 16:11:07.138,1.583,1.582,1.694,1.468,1.575,1.55,1.458,1.546,1.582,1.592
2025-07-24 16:11:07.187,1.583,1.58,1.695,1.468,1.57,1.551,1.461,1.546,1.582,1.591
2025-07-24 16:11:07.238,1.584,1.581,1.695,1.467,1.562,1.552,1.46,1.546,1.582,1.593
2025-07-24 16:11:07.287,1.584,1.58,1.696,1.468,1.542,1.554,1.461,1.546,1.582,1.592
2025-07-24 16:11:07.337,1.583,1.581,1.695,1.469,1.507,1.554,1.461,1.547,1.582,1.592
2025-07-24 16:11:07.387,1.583,1.582,1.694,1.467,1.458,1.554,1.46,1.546,1.582,1.592
2025-07-24 16:11:07.437,1.583,1.581,1.695,1.468,1.412,1.554,1.461,1.547,1.582,1.593
2025-07-24 16:11:07.487,1.585,1.582,1.694,1.468,1.368,1.551,1.461,1.547,1.582,1.592
2025-07-24 16:11:07.538,1.585,1.582,1.694,1.467,1.32,1.551,1.461,1.547,1.581,1.593
2025-07-24 16:11:07.587,1.584,1.582,1.695,1.468,1.294,1.548,1.46,1.546,1.58,1.592
2025-07-24 16:11:07.637,1.584,1.581,1.694,1.468,1.281,1.545,1.46,1.547,1.58,1.592
2025-07-24 16:11:07.687,1.585,1.581,1.696,1.468,1.278,1.544,1.461,1.546,1.58,1.593
2025-07-24 16:11:07.737,1.583,1.582,1.695,1.468,1.279,1.542,1.461,1.547,1.579,1.592
2025-07-24 16:11:07.787,1.584,1.582,1.696,1.467,1.279,1.54,1.461,1.548,1.579,1.592
2025-07-24 16:11:07.837,1.583,1.581,1.695,1.468,1.302,1.539,1.462,1.548,1.579,1.591
2025-07-24 16:11:07.887,1.585,1.582,1.695,1.468,1.354,1.536,1.461,1.548,1.579,1.591
2025-07-24 16:11:07.937,1.584,1.582,1.695,1.467,1.413,1.536,1.461,1.547,1.578,1.592
2025-07-24 16:11:07.986,1.583,1.582,1.695,1.468,1.479,1.536,1.461,1.547,1.579,1.591
2025-07-24 16:11:08.037,1.584,1.582,1.696,1.468,1.526,1.537,1.461,1.548,1.577,1.591
2025-07-24 16:11:08.087,1.583,1.581,1.695,1.468,1.535,1.538,1.461,1.547,1.579,1.592
2025-07-24 16:11:08.137,1.583,1.582,1.695,1.468,1.548,1.54,1.462,1.547,1.577,1.591
2025-07-24 16:11:08.187,1.584,1.582,1.696,1.467,1.56,1.542,1.461,1.548,1.578,1.592
2025-07-24 16:11:08.237,1.583,1.582,1.694,1.467,1.559,1.544,1.461,1.547,1.577,1.592
2025-07-24 16:11:08.287,1.584,1.581,1.694,1.468,1.564,1.544,1.461,1.548,1.577,1.591
2025-07-24 16:11:08.338,1.584,1.582,1.694,1.468,1.565,1.546,1.461,1.547,1.577,1.592
2025-07-24 16:11:08.387,1.584,1.582,1.695,1.467,1.565,1.548,1.461,1.547,1.577,1.592
2025-07-24 16:11:08.437,1.584,1.582,1.694,1.468,1.571,1.548,1.461,1.547,1.577,1.591
2025-07-24 16:11:08.486,1.584,1.582,1.694,1.468,1.573,1.551,1.461,1.548,1.577,1.591
2025-07-24 16:11:08.537,1.583,1.581,1.695,1.468,1.567,1.552,1.461,1.548,1.577,1.591
2025-07-24 16:11:08.587,1.583,1.581,1.695,1.467,1.53,1.553,1.459,1.547,1.576,1.591
2025-07-24 16:11:08.637,1.583,1.581,1.695,1.468,1.506,1.553,1.461,1.547,1.577,1.591
2025-07-24 16:11:08.686,1.584,1.581,1.695,1.468,1.47,1.553,1.461,1.548,1.576,1.591
2025-07-24 16:11:08.737,1.584,1.582,1.694,1.468,1.428,1.553,1.461,1.547,1.575,1.59
2025-07-24 16:11:08.786,1.583,1.581,1.695,1.468,1.381,1.551,1.461,1.548,1.576,1.591
2025-07-24 16:11:08.836,1.584,1.582,1.694,1.468,1.321,1.55,1.46,1.548,1.575,1.591
2025-07-24 16:11:08.887,1.584,1.582,1.695,1.468,1.287,1.547,1.461,1.548,1.575,1.591
2025-07-24 16:11:08.937,1.583,1.581,1.695,1.468,1.262,1.545,1.461,1.548,1.575,1.591
2025-07-24 16:11:08.986,1.583,1.581,1.695,1.468,1.257,1.542,1.461,1.548,1.574,1.59
2025-07-24 16:11:09.036,1.584,1.581,1.695,1.468,1.255,1.54,1.461,1.548,1.576,1.59
2025-07-24 16:11:09.086,1.583,1.581,1.694,1.468,1.258,1.538,1.461,1.548,1.575,1.59
2025-07-24 16:11:09.137,1.583,1.581,1.695,1.468,1.291,1.536,1.461,1.548,1.575,1.59
2025-07-24 16:11:09.187,1.583,1.581,1.695,1.469,1.337,1.536,1.461,1.547,1.575,1.59
2025-07-24 16:11:09.237,1.584,1.581,1.694,1.468,1.391,1.534,1.459,1.548,1.574,1.59
2025-07-24 16:11:09.287,1.584,1.581,1.695,1.468,1.46,1.535,1.461,1.547,1.574,1.59
2025-07-24 16:11:09.337,1.583,1.581,1.694,1.468,1.51,1.535,1.462,1.548,1.575,1.59
2025-07-24 16:11:09.387,1.583,1.58,1.695,1.468,1.546,1.536,1.459,1.546,1.574,1.59
2025-07-24 16:11:09.437,1.583,1.58,1.695,1.468,1.553,1.538,1.46,1.547,1.573,1.59
2025-07-24 16:11:09.487,1.583,1.581,1.694,1.468,1.553,1.54,1.461,1.547,1.574,1.59
2025-07-24 16:11:09.537,1.583,1.581,1.695,1.468,1.562,1.541,1.46,1.546,1.574,1.59
2025-07-24 16:11:09.586,1.582,1.581,1.694,1.469,1.567,1.542,1.46,1.546,1.575,1.589
2025-07-24 16:11:09.637,1.583,1.581,1.694,1.468,1.563,1.544,1.46,1.546,1.574,1.588
2025-07-24 16:11:09.687,1.582,1.58,1.694,1.468,1.565,1.546,1.46,1.547,1.575,1.588
2025-07-24 16:11:09.736,1.583,1.58,1.694,1.468,1.571,1.547,1.46,1.547,1.575,1.589
2025-07-24 16:11:09.786,1.582,1.579,1.695,1.468,1.572,1.548,1.461,1.546,1.574,1.589
2025-07-24 16:11:09.836,1.582,1.581,1.694,1.468,1.574,1.55,1.459,1.546,1.576,1.589
2025-07-24 16:11:09.887,1.582,1.58,1.695,1.467,1.568,1.552,1.459,1.547,1.575,1.589
2025-07-24 16:11:09.936,1.582,1.58,1.694,1.468,1.541,1.552,1.458,1.546,1.575,1.588
2025-07-24 16:11:09.986,1.582,1.581,1.694,1.468,1.5,1.553,1.46,1.546,1.576,1.589
2025-07-24 16:11:10.036,1.582,1.581,1.694,1.468,1.458,1.553,1.459,1.546,1.577,1.589
2025-07-24 16:11:10.086,1.582,1.58,1.694,1.468,1.393,1.553,1.458,1.546,1.576,1.589
2025-07-24 16:11:10.137,1.582,1.581,1.694,1.469,1.343,1.55,1.46,1.547,1.576,1.589
2025-07-24 16:11:10.187,1.582,1.58,1.693,1.468,1.297,1.548,1.46,1.546,1.577,1.588
2025-07-24 16:11:10.237,1.582,1.58,1.695,1.468,1.276,1.545,1.459,1.546,1.577,1.589
2025-07-24 16:11:10.287,1.582,1.579,1.694,1.469,1.269,1.543,1.46,1.546,1.577,1.588
2025-07-24 16:11:10.337,1.581,1.579,1.694,1.468,1.264,1.541,1.458,1.546,1.577,1.589
2025-07-24 16:11:10.387,1.582,1.579,1.694,1.468,1.267,1.54,1.46,1.546,1.577,1.588
2025-07-24 16:11:10.436,1.582,1.58,1.694,1.468,1.281,1.537,1.46,1.546,1.577,1.589
2025-07-24 16:11:10.486,1.582,1.58,1.694,1.468,1.312,1.536,1.458,1.546,1.577,1.588
2025-07-24 16:11:10.537,1.582,1.58,1.694,1.468,1.348,1.533,1.46,1.546,1.578,1.588
2025-07-24 16:11:10.587,1.582,1.58,1.694,1.468,1.406,1.533,1.461,1.546,1.578,1.589
2025-07-24 16:11:10.636,1.582,1.579,1.694,1.467,1.472,1.533,1.461,1.546,1.579,1.589
2025-07-24 16:11:10.686,1.582,1.579,1.694,1.468,1.529,1.534,1.459,1.546,1.579,1.589
2025-07-24 16:11:10.736,1.582,1.579,1.694,1.468,1.551,1.536,1.459,1.546,1.578,1.59
2025-07-24 16:11:10.786,1.582,1.58,1.694,1.468,1.549,1.539,1.46,1.546,1.579,1.589
2025-07-24 16:11:10.836,1.581,1.58,1.694,1.467,1.565,1.54,1.458,1.546,1.579,1.59
2025-07-24 16:11:10.887,1.583,1.58,1.695,1.468,1.565,1.54,1.46,1.546,1.579,1.589
2025-07-24 16:11:10.937,1.582,1.58,1.695,1.468,1.565,1.543,1.459,1.546,1.579,1.589
2025-07-24 16:11:10.987,1.582,1.58,1.694,1.468,1.566,1.544,1.461,1.546,1.579,1.59
2025-07-24 16:11:11.037,1.582,1.58,1.694,1.468,1.571,1.547,1.459,1.546,1.58,1.589
2025-07-24 16:11:11.087,1.582,1.579,1.694,1.468,1.569,1.547,1.46,1.546,1.579,1.59
2025-07-24 16:11:11.136,1.582,1.579,1.694,1.468,1.577,1.549,1.458,1.546,1.58,1.59
2025-07-24 16:11:11.186,1.582,1.581,1.694,1.468,1.571,1.549,1.459,1.546,1.58,1.59
2025-07-24 16:11:11.237,1.582,1.579,1.694,1.468,1.543,1.552,1.46,1.547,1.58,1.59
2025-07-24 16:11:11.286,1.582,1.58,1.694,1.469,1.501,1.552,1.459,1.546,1.58,1.59
2025-07-24 16:11:11.337,1.582,1.58,1.695,1.467,1.463,1.553,1.46,1.546,1.58,1.59
2025-07-24 16:11:11.387,1.582,1.58,1.694,1.468,1.407,1.551,1.459,1.545,1.58,1.59
2025-07-24 16:11:11.437,1.582,1.58,1.694,1.468,1.343,1.549,1.459,1.546,1.58,1.59
2025-07-24 16:11:11.487,1.582,1.58,1.694,1.469,1.279,1.548,1.46,1.546,1.581,1.59
2025-07-24 16:11:11.536,1.582,1.579,1.694,1.468,1.233,1.546,1.459,1.546,1.58,1.59
2025-07-24 16:11:11.587,1.582,1.579,1.694,1.467,1.233,1.543,1.459,1.546,1.581,1.59
2025-07-24 16:11:11.637,1.582,1.58,1.694,1.468,1.229,1.54,1.461,1.545,1.58,1.59
2025-07-24 16:11:11.687,1.582,1.579,1.694,1.468,1.238,1.537,1.46,1.546,1.581,1.59
2025-07-24 16:11:11.736,1.582,1.578,1.694,1.468,1.269,1.535,1.461,1.545,1.58,1.59
2025-07-24 16:11:11.787,1.582,1.579,1.694,1.468,1.326,1.533,1.46,1.546,1.581,1.59
2025-07-24 16:11:11.837,1.582,1.58,1.694,1.468,1.402,1.533,1.459,1.546,1.581,1.59
2025-07-24 16:11:11.886,1.582,1.58,1.694,1.468,1.481,1.533,1.46,1.546,1.582,1.59
2025-07-24 16:11:11.937,1.582,1.579,1.694,1.467,1.525,1.534,1.459,1.546,1.581,1.59
2025-07-24 16:11:11.987,1.582,1.578,1.694,1.468,1.542,1.536,1.457,1.546,1.581,1.59
2025-07-24 16:11:12.036,1.582,1.579,1.694,1.468,1.556,1.538,1.459,1.545,1.581,1.59
2025-07-24 16:11:12.087,1.582,1.579,1.694,1.468,1.564,1.54,1.46,1.545,1.582,1.59
2025-07-24 16:11:12.136,1.581,1.58,1.694,1.468,1.566,1.54,1.458,1.546,1.582,1.59
2025-07-24 16:11:12.187,1.582,1.579,1.694,1.468,1.569,1.541,1.459,1.545,1.58,1.59
2025-07-24 16:11:12.237,1.582,1.58,1.694,1.469,1.571,1.544,1.458,1.546,1.582,1.59
2025-07-24 16:11:12.286,1.582,1.58,1.694,1.468,1.572,1.546,1.461,1.545,1.582,1.59
2025-07-24 16:11:12.337,1.582,1.579,1.694,1.468,1.573,1.547,1.459,1.546,1.581,1.59
2025-07-24 16:11:12.387,1.582,1.578,1.694,1.468,1.565,1.549,1.459,1.546,1.581,1.59
2025-07-24 16:11:12.437,1.581,1.579,1.694,1.468,1.574,1.549,1.459,1.546,1.582,1.59
2025-07-24 16:11:12.487,1.582,1.58,1.694,1.468,1.575,1.551,1.459,1.545,1.582,1.59
2025-07-24 16:11:12.537,1.582,1.579,1.694,1.468,1.568,1.553,1.46,1.545,1.581,1.59
2025-07-24 16:11:12.587,1.582,1.578,1.694,1.468,1.573,1.553,1.46,1.545,1.582,1.59
2025-07-24 16:11:12.637,1.582,1.579,1.693,1.468,1.573,1.554,1.458,1.545,1.581,1.59
2025-07-24 16:11:12.686,1.582,1.578,1.694,1.468,1.577,1.555,1.459,1.545,1.581,1.59
2025-07-24 16:11:12.737,1.582,1.579,1.694,1.468,1.569,1.557,1.459,1.545,1.581,1.59
2025-07-24 16:11:12.787,1.582,1.579,1.694,1.468,1.571,1.557,1.459,1.545,1.581,1.59
2025-07-24 16:11:12.837,1.582,1.578,1.693,1.468,1.574,1.56,1.46,1.545,1.58,1.59
2025-07-24 16:11:12.887,1.582,1.578,1.694,1.467,1.57,1.56,1.459,1.545,1.581,1.59
2025-07-24 16:11:12.937,1.581,1.579,1.694,1.468,1.575,1.561,1.458,1.545,1.581,1.59
2025-07-24 16:11:12.986,1.582,1.579,1.694,1.468,1.573,1.561,1.46,1.544,1.581,1.59
2025-07-24 16:11:13.036,1.582,1.579,1.694,1.467,1.572,1.562,1.461,1.546,1.581,1.59
2025-07-24 16:11:13.087,1.582,1.58,1.694,1.468,1.572,1.561,1.46,1.545,1.582,1.59
2025-07-24 16:11:13.136,1.582,1.58,1.694,1.468,1.573,1.563,1.461,1.546,1.582,1.59
2025-07-24 16:11:13.186,1.582,1.578,1.694,1.468,1.567,1.564,1.462,1.545,1.582,1.59
2025-07-24 16:11:13.236,1.582,1.578,1.694,1.468,1.519,1.565,1.461,1.545,1.582,1.59
2025-07-24 16:11:13.286,1.582,1.579,1.694,1.467,1.475,1.564,1.464,1.546,1.581,1.59
2025-07-24 16:11:13.337,1.582,1.58,1.694,1.468,1.415,1.564,1.462,1.546,1.582,1.59
2025-07-24 16:11:13.387,1.582,1.579,1.694,1.468,1.35,1.562,1.461,1.546,1.582,1.591
2025-07-24 16:11:13.436,1.582,1.579,1.694,1.468,1.286,1.56,1.462,1.546,1.582,1.59
2025-07-24 16:11:13.487,1.582,1.58,1.694,1.468,1.242,1.556,1.462,1.546,1.582,1.59
2025-07-24 16:11:13.537,1.582,1.579,1.694,1.468,1.237,1.553,1.462,1.546,1.582,1.59
2025-07-24 16:11:13.587,1.582,1.579,1.694,1.468,1.236,1.55,1.462,1.546,1.582,1.59
2025-07-24 16:11:13.637,1.582,1.581,1.694,1.468,1.238,1.547,1.462,1.546,1.581,1.591
2025-07-24 16:11:13.687,1.582,1.578,1.694,1.468,1.271,1.544,1.46,1.546,1.582,1.59
2025-07-24 16:11:13.737,1.582,1.579,1.694,1.468,1.322,1.542,1.461,1.546,1.582,1.59
2025-07-24 16:11:13.786,1.582,1.579,1.694,1.468,1.385,1.542,1.461,1.547,1.582,1.59
2025-07-24 16:11:13.837,1.582,1.579,1.694,1.467,1.459,1.541,1.461,1.546,1.582,1.591
2025-07-24 16:11:13.886,1.582,1.578,1.694,1.468,1.52,1.542,1.46,1.546,1.582,1.591
2025-07-24 16:11:13.937,1.582,1.579,1.694,1.468,1.55,1.544,1.461,1.546,1.582,1.591
2025-07-24 16:11:13.986,1.582,1.579,1.694,1.468,1.555,1.545,1.462,1.546,1.582,1.591
2025-07-24 16:11:14.037,1.582,1.578,1.694,1.467,1.564,1.545,1.461,1.546,1.582,1.59
2025-07-24 16:11:14.087,1.583,1.578,1.694,1.468,1.567,1.548,1.461,1.546,1.581,1.59
2025-07-24 16:11:14.137,1.582,1.579,1.694,1.468,1.572,1.548,1.462,1.547,1.581,1.59
2025-07-24 16:11:14.186,1.582,1.579,1.694,1.468,1.572,1.549,1.461,1.546,1.582,1.59
2025-07-24 16:11:14.236,1.582,1.581,1.694,1.468,1.577,1.552,1.461,1.546,1.581,1.59
2025-07-24 16:11:14.287,1.583,1.58,1.694,1.468,1.573,1.553,1.461,1.546,1.581,1.591
2025-07-24 16:11:14.337,1.582,1.579,1.694,1.468,1.573,1.554,1.46,1.546,1.581,1.59
2025-07-24 16:11:14.387,1.582,1.579,1.694,1.468,1.568,1.554,1.461,1.546,1.581,1.59
2025-07-24 16:11:14.437,1.582,1.579,1.694,1.468,1.534,1.555,1.46,1.548,1.581,1.59
2025-07-24 16:11:14.486,1.582,1.579,1.694,1.467,1.49,1.556,1.462,1.548,1.58,1.591
2025-07-24 16:11:14.537,1.582,1.578,1.694,1.468,1.442,1.556,1.463,1.546,1.581,1.59
2025-07-24 16:11:14.587,1.582,1.579,1.693,1.467,1.391,1.555,1.461,1.546,1.58,1.59
2025-07-24 16:11:14.637,1.582,1.579,1.694,1.468,1.333,1.553,1.46,1.547,1.58,1.59
2025-07-24 16:11:14.686,1.582,1.58,1.694,1.468,1.296,1.551,1.46,1.547,1.581,1.59
2025-07-24 16:11:14.737,1.582,1.579,1.694,1.468,1.278,1.548,1.461,1.546,1.581,1.59
2025-07-24 16:11:14.787,1.582,1.58,1.694,1.468,1.275,1.545,1.46,1.546,1.58,1.591
2025-07-24 16:11:14.837,1.582,1.579,1.694,1.468,1.272,1.544,1.461,1.546,1.58,1.59
2025-07-24 16:11:14.887,1.581,1.578,1.693,1.467,1.277,1.541,1.46,1.546,1.58,1.59
2025-07-24 16:11:14.937,1.582,1.578,1.694,1.468,1.283,1.539,1.461,1.546,1.58,1.59
2025-07-24 16:11:14.987,1.582,1.579,1.693,1.468,1.33,1.537,1.461,1.546,1.581,1.59
2025-07-24 16:11:15.037,1.582,1.579,1.694,1.467,1.387,1.536,1.461,1.546,1.58,1.59
2025-07-24 16:11:15.086,1.582,1.578,1.694,1.468,1.464,1.536,1.461,1.546,1.58,1.59
2025-07-24 16:11:15.137,1.582,1.579,1.694,1.468,1.528,1.537,1.458,1.546,1.58,1.59
2025-07-24 16:11:15.186,1.582,1.579,1.693,1.467,1.553,1.539,1.461,1.546,1.58,1.59
2025-07-24 16:11:15.237,1.582,1.579,1.694,1.468,1.561,1.54,1.459,1.546,1.581,1.59
2025-07-24 16:11:15.286,1.582,1.579,1.694,1.468,1.563,1.542,1.461,1.546,1.581,1.59
2025-07-24 16:11:15.337,1.582,1.579,1.694,1.467,1.565,1.544,1.46,1.546,1.58,1.59
2025-07-24 16:11:15.386,1.583,1.578,1.694,1.468,1.573,1.545,1.461,1.546,1.58,1.59
2025-07-24 16:11:15.437,1.582,1.579,1.694,1.468,1.573,1.547,1.461,1.547,1.581,1.59
2025-07-24 16:11:15.486,1.582,1.579,1.694,1.468,1.573,1.548,1.46,1.547,1.58,1.59
2025-07-24 16:11:15.537,1.582,1.58,1.694,1.467,1.573,1.55,1.461,1.547,1.58,1.59
2025-07-24 16:11:15.587,1.582,1.579,1.694,1.468,1.577,1.551,1.461,1.547,1.58,1.591
2025-07-24 16:11:15.636,1.582,1.58,1.694,1.468,1.573,1.553,1.462,1.548,1.58,1.591
2025-07-24 16:11:15.687,1.582,1.58,1.694,1.468,1.544,1.553,1.461,1.547,1.579,1.591
2025-07-24 16:11:15.737,1.583,1.579,1.694,1.468,1.503,1.554,1.462,1.548,1.578,1.59
2025-07-24 16:11:15.787,1.582,1.58,1.694,1.468,1.454,1.554,1.463,1.548,1.579,1.59
2025-07-24 16:11:15.837,1.583,1.579,1.695,1.468,1.404,1.553,1.462,1.548,1.579,1.59
2025-07-24 16:11:15.887,1.583,1.58,1.694,1.468,1.359,1.553,1.461,1.547,1.578,1.591
2025-07-24 16:11:15.936,1.583,1.58,1.694,1.468,1.316,1.55,1.461,1.548,1.579,1.591
2025-07-24 16:11:15.987,1.583,1.581,1.694,1.469,1.288,1.548,1.461,1.548,1.578,1.591
2025-07-24 16:11:16.037,1.583,1.58,1.694,1.467,1.276,1.546,1.461,1.548,1.577,1.591
2025-07-24 16:11:16.086,1.583,1.58,1.695,1.468,1.274,1.543,1.461,1.548,1.577,1.592
2025-07-24 16:11:16.136,1.583,1.58,1.696,1.468,1.271,1.542,1.461,1.548,1.577,1.591
2025-07-24 16:11:16.187,1.583,1.58,1.694,1.468,1.27,1.54,1.461,1.548,1.577,1.591
2025-07-24 16:11:16.237,1.583,1.581,1.696,1.467,1.291,1.538,1.461,1.548,1.577,1.591
2025-07-24 16:11:16.287,1.583,1.581,1.696,1.468,1.337,1.536,1.464,1.548,1.577,1.591
2025-07-24 16:11:16.336,1.584,1.581,1.695,1.468,1.391,1.536,1.461,1.548,1.577,1.591
2025-07-24 16:11:16.387,1.583,1.581,1.695,1.468,1.467,1.536,1.461,1.548,1.578,1.591
2025-07-24 16:11:16.438,1.583,1.581,1.695,1.468,1.528,1.538,1.461,1.548,1.577,1.591
2025-07-24 16:11:16.487,1.583,1.582,1.694,1.468,1.543,1.538,1.461,1.548,1.578,1.592
2025-07-24 16:11:16.537,1.584,1.581,1.694,1.468,1.558,1.54,1.461,1.548,1.577,1.591
2025-07-24 16:11:16.587,1.583,1.581,1.695,1.467,1.564,1.541,1.461,1.548,1.577,1.591
2025-07-24 16:11:16.637,1.584,1.581,1.694,1.468,1.562,1.544,1.462,1.548,1.577,1.592
2025-07-24 16:11:16.686,1.583,1.581,1.695,1.467,1.568,1.546,1.461,1.548,1.577,1.59
2025-07-24 16:11:16.737,1.583,1.581,1.696,1.468,1.576,1.546,1.461,1.548,1.577,1.591
2025-07-24 16:11:16.786,1.584,1.58,1.695,1.468,1.577,1.548,1.461,1.548,1.577,1.591
2025-07-24 16:11:16.836,1.583,1.581,1.696,1.468,1.579,1.549,1.461,1.548,1.577,1.591
2025-07-24 16:11:16.886,1.584,1.581,1.695,1.468,1.577,1.551,1.462,1.548,1.577,1.591
2025-07-24 16:11:16.937,1.583,1.581,1.695,1.468,1.57,1.552,1.462,1.548,1.577,1.591
2025-07-24 16:11:16.986,1.584,1.582,1.695,1.468,1.532,1.553,1.461,1.548,1.577,1.591
2025-07-24 16:11:17.037,1.584,1.581,1.695,1.468,1.496,1.553,1.461,1.548,1.577,1.591
2025-07-24 16:11:17.086,1.583,1.582,1.695,1.468,1.444,1.553,1.461,1.548,1.577,1.591
2025-07-24 16:11:17.137,1.584,1.581,1.694,1.468,1.397,1.553,1.461,1.548,1.577,1.59
2025-07-24 16:11:17.189,1.584,1.581,1.696,1.468,1.349,1.552,1.461,1.548,1.577,1.59
2025-07-24 16:11:17.236,1.584,1.582,1.695,1.468,1.311,1.549,1.462,1.548,1.577,1.59
2025-07-24 16:11:17.286,1.583,1.582,1.694,1.469,1.283,1.546,1.461,1.548,1.577,1.591
2025-07-24 16:11:17.336,1.583,1.582,1.696,1.468,1.277,1.545,1.461,1.548,1.577,1.591
2025-07-24 16:11:17.387,1.584,1.582,1.696,1.468,1.274,1.542,1.461,1.548,1.577,1.591
2025-07-24 16:11:17.437,1.584,1.582,1.696,1.468,1.271,1.54,1.461,1.548,1.577,1.591
2025-07-24 16:11:17.486,1.583,1.581,1.695,1.468,1.273,1.539,1.461,1.548,1.577,1.591
2025-07-24 16:11:17.537,1.584,1.582,1.695,1.468,1.285,1.536,1.461,1.548,1.577,1.591
2025-07-24 16:11:17.587,1.584,1.582,1.696,1.469,1.325,1.535,1.461,1.548,1.577,1.591
2025-07-24 16:11:17.637,1.583,1.582,1.695,1.468,1.387,1.535,1.461,1.547,1.577,1.591
2025-07-24 16:11:17.686,1.583,1.582,1.695,1.468,1.46,1.534,1.46,1.548,1.577,1.591
2025-07-24 16:11:17.736,1.583,1.582,1.694,1.467,1.518,1.535,1.461,1.548,1.577,1.591
2025-07-24 16:11:17.786,1.584,1.582,1.694,1.468,1.543,1.536,1.461,1.548,1.576,1.591
2025-07-24 16:11:17.836,1.583,1.581,1.696,1.469,1.553,1.538,1.46,1.548,1.577,1.59
2025-07-24 16:11:17.887,1.584,1.582,1.695,1.468,1.559,1.54,1.46,1.548,1.576,1.59
2025-07-24 16:11:17.937,1.583,1.582,1.695,1.468,1.563,1.541,1.459,1.547,1.576,1.59
2025-07-24 16:11:17.987,1.584,1.582,1.695,1.468,1.57,1.543,1.461,1.548,1.576,1.59
2025-07-24 16:11:18.037,1.583,1.582,1.695,1.468,1.573,1.545,1.46,1.548,1.576,1.59
2025-07-24 16:11:18.087,1.583,1.581,1.694,1.468,1.572,1.546,1.46,1.548,1.575,1.59
2025-07-24 16:11:18.137,1.584,1.581,1.694,1.469,1.577,1.547,1.461,1.548,1.577,1.59
2025-07-24 16:11:18.187,1.583,1.582,1.696,1.468,1.581,1.548,1.461,1.547,1.575,1.59
2025-07-24 16:11:18.237,1.583,1.58,1.696,1.468,1.572,1.55,1.461,1.548,1.575,1.59
2025-07-24 16:11:18.286,1.583,1.581,1.695,1.468,1.55,1.552,1.461,1.548,1.575,1.59
2025-07-24 16:11:18.336,1.583,1.581,1.695,1.468,1.516,1.552,1.459,1.548,1.576,1.59
2025-07-24 16:11:18.387,1.583,1.581,1.694,1.468,1.479,1.552,1.461,1.548,1.575,1.59
2025-07-24 16:11:18.436,1.583,1.582,1.695,1.468,1.427,1.552,1.46,1.548,1.575,1.59
2025-07-24 16:11:18.486,1.582,1.581,1.694,1.468,1.378,1.551,1.46,1.547,1.574,1.59
2025-07-24 16:11:18.537,1.582,1.58,1.696,1.467,1.317,1.548,1.461,1.547,1.575,1.59
2025-07-24 16:11:18.586,1.582,1.58,1.695,1.468,1.278,1.547,1.46,1.547,1.574,1.589
2025-07-24 16:11:18.637,1.583,1.581,1.694,1.468,1.246,1.544,1.46,1.547,1.575,1.59
2025-07-24 16:11:18.687,1.582,1.582,1.695,1.468,1.252,1.542,1.46,1.548,1.574,1.59
2025-07-24 16:11:18.736,1.583,1.58,1.694,1.468,1.247,1.539,1.46,1.546,1.574,1.59
2025-07-24 16:11:18.787,1.583,1.581,1.694,1.468,1.258,1.537,1.461,1.547,1.574,1.589
2025-07-24 16:11:18.837,1.582,1.581,1.694,1.468,1.283,1.536,1.461,1.547,1.574,1.589
2025-07-24 16:11:18.887,1.582,1.58,1.695,1.468,1.322,1.534,1.46,1.547,1.573,1.59
2025-07-24 16:11:18.937,1.583,1.58,1.695,1.468,1.364,1.533,1.46,1.547,1.574,1.589
2025-07-24 16:11:18.986,1.582,1.58,1.694,1.468,1.425,1.532,1.46,1.547,1.573,1.588
2025-07-24 16:11:19.036,1.582,1.58,1.695,1.467,1.473,1.532,1.459,1.548,1.575,1.588
2025-07-24 16:11:19.086,1.582,1.58,1.695,1.468,1.524,1.533,1.46,1.547,1.575,1.588
2025-07-24 16:11:19.136,1.582,1.58,1.694,1.468,1.554,1.535,1.46,1.547,1.575,1.589
2025-07-24 16:11:19.187,1.582,1.58,1.694,1.468,1.555,1.536,1.459,1.546,1.574,1.589
2025-07-24 16:11:19.236,1.582,1.581,1.694,1.468,1.564,1.538,1.457,1.546,1.574,1.588
2025-07-24 16:11:19.287,1.582,1.58,1.694,1.468,1.562,1.54,1.46,1.546,1.575,1.589
2025-07-24 16:11:19.337,1.582,1.581,1.694,1.468,1.569,1.542,1.46,1.546,1.575,1.588
2025-07-24 16:11:19.387,1.582,1.58,1.694,1.468,1.574,1.544,1.458,1.546,1.576,1.589
2025-07-24 16:11:19.437,1.582,1.579,1.694,1.469,1.564,1.544,1.459,1.546,1.576,1.587
2025-07-24 16:11:19.487,1.582,1.579,1.694,1.468,1.576,1.545,1.459,1.546,1.576,1.588
2025-07-24 16:11:19.537,1.582,1.58,1.695,1.468,1.574,1.547,1.461,1.546,1.577,1.588
2025-07-24 16:11:19.587,1.582,1.58,1.694,1.468,1.573,1.548,1.459,1.546,1.576,1.589
2025-07-24 16:11:19.637,1.582,1.579,1.694,1.468,1.532,1.55,1.458,1.546,1.577,1.588
2025-07-24 16:11:19.686,1.581,1.579,1.695,1.468,1.493,1.551,1.459,1.545,1.576,1.589
2025-07-24 16:11:19.737,1.582,1.58,1.694,1.468,1.448,1.551,1.459,1.546,1.577,1.589
2025-07-24 16:11:19.786,1.582,1.579,1.694,1.468,1.403,1.55,1.458,1.546,1.577,1.588
2025-07-24 16:11:19.836,1.582,1.581,1.695,1.469,1.358,1.548,1.46,1.546,1.577,1.588
2025-07-24 16:11:19.887,1.582,1.58,1.694,1.468,1.32,1.547,1.459,1.546,1.577,1.59
2025-07-24 16:11:19.936,1.582,1.58,1.694,1.469,1.293,1.545,1.46,1.546,1.578,1.589
2025-07-24 16:11:19.986,1.582,1.58,1.694,1.468,1.288,1.544,1.46,1.546,1.578,1.588
2025-07-24 16:11:20.037,1.582,1.58,1.694,1.468,1.288,1.541,1.46,1.546,1.578,1.589
2025-07-24 16:11:20.087,1.582,1.58,1.695,1.467,1.286,1.54,1.46,1.545,1.579,1.59
2025-07-24 16:11:20.137,1.582,1.58,1.694,1.467,1.289,1.537,1.459,1.546,1.579,1.589
2025-07-24 16:11:20.186,1.58,1.58,1.694,1.468,1.318,1.536,1.458,1.546,1.58,1.588
2025-07-24 16:11:20.236,1.582,1.58,1.694,1.468,1.363,1.535,1.458,1.546,1.58,1.589
2025-07-24 16:11:20.286,1.582,1.58,1.694,1.468,1.416,1.535,1.458,1.546,1.579,1.589
2025-07-24 16:11:20.336,1.581,1.58,1.694,1.468,1.486,1.534,1.458,1.546,1.579,1.589
2025-07-24 16:11:20.387,1.582,1.58,1.694,1.468,1.531,1.537,1.459,1.546,1.579,1.59
2025-07-24 16:11:20.437,1.582,1.579,1.695,1.468,1.555,1.537,1.46,1.546,1.58,1.59
2025-07-24 16:11:20.486,1.582,1.579,1.695,1.468,1.563,1.54,1.458,1.546,1.579,1.59
2025-07-24 16:11:20.536,1.582,1.579,1.694,1.468,1.563,1.54,1.459,1.546,1.579,1.59
2025-07-24 16:11:20.587,1.582,1.579,1.694,1.468,1.569,1.543,1.459,1.546,1.58,1.589
2025-07-24 16:11:20.637,1.582,1.579,1.694,1.468,1.569,1.544,1.459,1.546,1.58,1.59
2025-07-24 16:11:20.686,1.582,1.579,1.694,1.468,1.569,1.545,1.458,1.546,1.579,1.59
2025-07-24 16:11:20.737,1.582,1.58,1.695,1.467,1.571,1.546,1.46,1.546,1.58,1.59
2025-07-24 16:11:20.787,1.582,1.58,1.694,1.469,1.582,1.548,1.46,1.545,1.58,1.59
2025-07-24 16:11:20.836,1.582,1.581,1.694,1.468,1.572,1.55,1.458,1.545,1.581,1.59
2025-07-24 16:11:20.887,1.582,1.579,1.694,1.468,1.569,1.551,1.459,1.546,1.58,1.59
2025-07-24 16:11:20.937,1.582,1.579,1.694,1.468,1.521,1.553,1.459,1.546,1.581,1.589
2025-07-24 16:11:20.986,1.582,1.58,1.694,1.468,1.482,1.552,1.459,1.546,1.58,1.59
2025-07-24 16:11:21.037,1.581,1.579,1.694,1.468,1.453,1.553,1.46,1.545,1.58,1.59
2025-07-24 16:11:21.086,1.582,1.578,1.694,1.468,1.401,1.551,1.46,1.545,1.58,1.59
2025-07-24 16:11:21.137,1.582,1.579,1.694,1.468,1.354,1.551,1.458,1.546,1.581,1.589
2025-07-24 16:11:21.187,1.582,1.579,1.694,1.468,1.317,1.548,1.461,1.545,1.581,1.59
2025-07-24 16:11:21.237,1.582,1.579,1.694,1.468,1.284,1.546,1.459,1.546,1.58,1.59
2025-07-24 16:11:21.287,1.582,1.578,1.694,1.468,1.269,1.544,1.458,1.546,1.581,1.59
2025-07-24 16:11:21.336,1.581,1.579,1.695,1.468,1.261,1.541,1.458,1.545,1.58,1.59
2025-07-24 16:11:21.387,1.582,1.578,1.694,1.467,1.262,1.539,1.459,1.545,1.581,1.59
2025-07-24 16:11:21.437,1.582,1.578,1.694,1.468,1.274,1.536,1.457,1.546,1.581,1.59
2025-07-24 16:11:21.487,1.582,1.579,1.694,1.468,1.304,1.535,1.46,1.545,1.581,1.59
2025-07-24 16:11:21.537,1.582,1.58,1.694,1.469,1.351,1.534,1.46,1.545,1.581,1.59
2025-07-24 16:11:21.587,1.582,1.58,1.694,1.468,1.403,1.532,1.459,1.546,1.581,1.59
2025-07-24 16:11:21.637,1.582,1.579,1.694,1.468,1.465,1.534,1.458,1.545,1.581,1.59
2025-07-24 16:11:21.687,1.582,1.578,1.693,1.468,1.521,1.534,1.458,1.545,1.581,1.59
2025-07-24 16:11:21.736,1.582,1.579,1.694,1.468,1.553,1.536,1.459,1.545,1.58,1.59
2025-07-24 16:11:21.787,1.582,1.579,1.694,1.467,1.561,1.538,1.46,1.545,1.582,1.59
2025-07-24 16:11:21.837,1.582,1.58,1.694,1.467,1.565,1.54,1.459,1.545,1.581,1.59
2025-07-24 16:11:21.887,1.582,1.578,1.694,1.468,1.563,1.541,1.458,1.545,1.582,1.59
2025-07-24 16:11:21.936,1.582,1.578,1.694,1.468,1.576,1.542,1.459,1.545,1.58,1.59
2025-07-24 16:11:21.987,1.581,1.578,1.694,1.467,1.578,1.544,1.458,1.545,1.581,1.59
2025-07-24 16:11:22.037,1.582,1.579,1.694,1.468,1.572,1.545,1.458,1.544,1.581,1.59
2025-07-24 16:11:22.087,1.582,1.578,1.694,1.468,1.579,1.546,1.458,1.544,1.58,1.59
2025-07-24 16:11:22.137,1.582,1.579,1.694,1.468,1.573,1.548,1.458,1.544,1.581,1.59
2025-07-24 16:11:22.187,1.582,1.578,1.694,1.468,1.577,1.55,1.461,1.545,1.581,1.59
2025-07-24 16:11:22.237,1.582,1.578,1.694,1.467,1.575,1.551,1.461,1.544,1.581,1.59
2025-07-24 16:11:22.287,1.582,1.578,1.694,1.468,1.543,1.553,1.458,1.544,1.58,1.59
2025-07-24 16:11:22.337,1.581,1.579,1.694,1.467,1.499,1.552,1.461,1.544,1.581,1.59
2025-07-24 16:11:22.386,1.582,1.58,1.694,1.468,1.456,1.553,1.46,1.544,1.581,1.59
2025-07-24 16:11:22.437,1.582,1.58,1.694,1.467,1.405,1.552,1.461,1.544,1.581,1.59
2025-07-24 16:11:22.487,1.582,1.579,1.694,1.468,1.347,1.551,1.459,1.545,1.582,1.59
2025-07-24 16:11:22.537,1.582,1.58,1.694,1.468,1.307,1.548,1.46,1.545,1.582,1.59
2025-07-24 16:11:22.587,1.582,1.578,1.694,1.468,1.28,1.547,1.459,1.545,1.581,1.59
2025-07-24 16:11:22.637,1.582,1.579,1.694,1.468,1.267,1.544,1.459,1.545,1.581,1.59
2025-07-24 16:11:22.687,1.582,1.58,1.694,1.468,1.264,1.541,1.46,1.545,1.582,1.59
2025-07-24 16:11:22.737,1.582,1.579,1.694,1.468,1.262,1.54,1.46,1.545,1.582,1.59
2025-07-24 16:11:22.786,1.582,1.578,1.694,1.468,1.267,1.537,1.46,1.545,1.582,1.59
2025-07-24 16:11:22.837,1.582,1.58,1.694,1.467,1.3,1.536,1.459,1.545,1.581,1.59
2025-07-24 16:11:22.887,1.582,1.579,1.694,1.468,1.348,1.534,1.459,1.545,1.581,1.59
2025-07-24 16:11:22.937,1.582,1.58,1.694,1.468,1.411,1.533,1.458,1.545,1.582,1.59
2025-07-24 16:11:22.987,1.582,1.579,1.694,1.467,1.479,1.534,1.46,1.546,1.582,1.59
2025-07-24 16:11:23.036,1.582,1.578,1.694,1.468,1.521,1.536,1.458,1.545,1.581,1.59
2025-07-24 16:11:23.087,1.582,1.579,1.694,1.468,1.549,1.536,1.459,1.546,1.581,1.59
2025-07-24 16:11:23.137,1.582,1.578,1.695,1.468,1.553,1.537,1.458,1.545,1.582,1.591
2025-07-24 16:11:23.187,1.582,1.579,1.694,1.468,1.562,1.54,1.461,1.545,1.581,1.59
2025-07-24 16:11:23.236,1.582,1.579,1.694,1.468,1.569,1.542,1.458,1.546,1.582,1.591
2025-07-24 16:11:23.287,1.582,1.58,1.694,1.468,1.568,1.544,1.458,1.544,1.582,1.59
2025-07-24 16:11:23.337,1.582,1.58,1.694,1.468,1.57,1.544,1.46,1.546,1.582,1.591
2025-07-24 16:11:23.386,1.582,1.579,1.694,1.468,1.573,1.546,1.46,1.546,1.582,1.59
2025-07-24 16:11:23.437,1.582,1.579,1.694,1.468,1.577,1.547,1.46,1.545,1.581,1.59
2025-07-24 16:11:23.488,1.582,1.579,1.694,1.467,1.58,1.549,1.46,1.545,1.582,1.59
2025-07-24 16:11:23.536,1.582,1.579,1.694,1.468,1.581,1.55,1.459,1.545,1.582,1.591
2025-07-24 16:11:23.587,1.583,1.579,1.694,1.468,1.577,1.551,1.46,1.545,1.581,1.59
2025-07-24 16:11:23.637,1.582,1.579,1.694,1.468,1.58,1.553,1.459,1.545,1.582,1.59
2025-07-24 16:11:23.687,1.582,1.578,1.694,1.468,1.574,1.554,1.459,1.545,1.581,1.59
2025-07-24 16:11:23.737,1.582,1.579,1.694,1.468,1.558,1.555,1.46,1.545,1.581,1.59
2025-07-24 16:11:23.786,1.582,1.579,1.694,1.467,1.523,1.555,1.459,1.545,1.581,1.59
2025-07-24 16:11:23.836,1.582,1.58,1.694,1.467,1.48,1.556,1.461,1.546,1.581,1.59
2025-07-24 16:11:23.887,1.582,1.578,1.694,1.468,1.426,1.556,1.461,1.545,1.581,1.59
2025-07-24 16:11:23.937,1.582,1.578,1.694,1.468,1.379,1.556,1.459,1.545,1.581,1.59
2025-07-24 16:11:23.987,1.582,1.578,1.694,1.468,1.328,1.552,1.461,1.545,1.582,1.59
2025-07-24 16:11:24.037,1.582,1.578,1.694,1.468,1.279,1.55,1.46,1.545,1.582,1.59
2025-07-24 16:11:24.087,1.583,1.58,1.694,1.468,1.25,1.547,1.461,1.545,1.582,1.591
2025-07-24 16:11:24.137,1.582,1.58,1.694,1.468,1.247,1.544,1.459,1.545,1.581,1.59
2025-07-24 16:11:24.187,1.582,1.579,1.694,1.468,1.249,1.542,1.46,1.546,1.582,1.59
2025-07-24 16:11:24.237,1.582,1.579,1.694,1.468,1.256,1.539,1.46,1.545,1.582,1.59
2025-07-24 16:11:24.287,1.582,1.578,1.693,1.468,1.294,1.536,1.459,1.545,1.58,1.59
2025-07-24 16:11:24.336,1.582,1.579,1.693,1.467,1.345,1.536,1.461,1.545,1.581,1.59
2025-07-24 16:11:24.387,1.582,1.579,1.693,1.468,1.407,1.536,1.46,1.544,1.582,1.59
2025-07-24 16:11:24.436,1.582,1.578,1.694,1.467,1.479,1.536,1.46,1.545,1.582,1.59
2025-07-24 16:11:24.487,1.582,1.578,1.694,1.468,1.535,1.536,1.459,1.545,1.581,1.59
2025-07-24 16:11:24.536,1.582,1.578,1.694,1.468,1.546,1.539,1.459,1.545,1.581,1.59
2025-07-24 16:11:24.587,1.582,1.579,1.694,1.468,1.557,1.541,1.459,1.545,1.581,1.59
2025-07-24 16:11:24.637,1.582,1.579,1.694,1.467,1.568,1.541,1.46,1.546,1.582,1.59
2025-07-24 16:11:24.686,1.582,1.579,1.694,1.468,1.569,1.543,1.46,1.546,1.581,1.59
2025-07-24 16:11:24.736,1.582,1.579,1.694,1.468,1.577,1.544,1.46,1.546,1.581,1.59
2025-07-24 16:11:24.786,1.582,1.579,1.695,1.468,1.573,1.546,1.459,1.545,1.581,1.59
2025-07-24 16:11:24.837,1.583,1.578,1.694,1.468,1.575,1.548,1.461,1.546,1.581,1.59
2025-07-24 16:11:24.887,1.582,1.58,1.694,1.468,1.576,1.549,1.461,1.545,1.581,1.591
2025-07-24 16:11:24.936,1.582,1.579,1.694,1.469,1.582,1.55,1.458,1.546,1.581,1.59
2025-07-24 16:11:24.986,1.582,1.579,1.694,1.468,1.585,1.552,1.458,1.545,1.582,1.59
2025-07-24 16:11:25.037,1.582,1.58,1.694,1.468,1.574,1.553,1.46,1.546,1.582,1.59
2025-07-24 16:11:25.086,1.582,1.579,1.694,1.468,1.531,1.553,1.46,1.546,1.582,1.591
2025-07-24 16:11:25.137,1.582,1.579,1.695,1.468,1.506,1.556,1.459,1.545,1.582,1.59
2025-07-24 16:11:25.186,1.582,1.579,1.694,1.467,1.47,1.554,1.46,1.545,1.582,1.591
2025-07-24 16:11:25.236,1.582,1.58,1.694,1.467,1.429,1.554,1.46,1.545,1.582,1.59
2025-07-24 16:11:25.286,1.582,1.579,1.694,1.468,1.378,1.553,1.461,1.546,1.582,1.591
2025-07-24 16:11:25.337,1.583,1.579,1.695,1.468,1.337,1.552,1.46,1.546,1.582,1.591
2025-07-24 16:11:25.386,1.582,1.579,1.694,1.467,1.309,1.549,1.46,1.545,1.582,1.591
2025-07-24 16:11:25.437,1.582,1.579,1.694,1.468,1.295,1.546,1.461,1.546,1.582,1.59
2025-07-24 16:11:25.487,1.582,1.58,1.694,1.468,1.294,1.545,1.461,1.546,1.582,1.59
2025-07-24 16:11:25.537,1.582,1.579,1.694,1.468,1.286,1.543,1.46,1.546,1.582,1.591
2025-07-24 16:11:25.587,1.583,1.579,1.694,1.467,1.292,1.541,1.461,1.546,1.582,1.591
2025-07-24 16:11:25.637,1.582,1.579,1.694,1.468,1.329,1.538,1.46,1.546,1.582,1.591
2025-07-24 16:11:25.687,1.582,1.579,1.694,1.468,1.373,1.538,1.461,1.546,1.582,1.59
2025-07-24 16:11:25.737,1.582,1.578,1.694,1.468,1.441,1.537,1.46,1.546,1.582,1.59
2025-07-24 16:11:25.787,1.582,1.579,1.694,1.468,1.507,1.538,1.461,1.546,1.582,1.591
2025-07-24 16:11:25.837,1.582,1.58,1.694,1.468,1.535,1.539,1.461,1.546,1.582,1.591
2025-07-24 16:11:25.887,1.582,1.58,1.694,1.468,1.551,1.54,1.46,1.546,1.582,1.591
2025-07-24 16:11:25.936,1.582,1.578,1.694,1.468,1.564,1.542,1.46,1.547,1.582,1.59
2025-07-24 16:11:25.987,1.582,1.58,1.694,1.468,1.563,1.543,1.461,1.546,1.582,1.591
2025-07-24 16:11:26.037,1.582,1.579,1.694,1.467,1.575,1.545,1.46,1.546,1.582,1.59
2025-07-24 16:11:26.087,1.582,1.579,1.694,1.467,1.573,1.546,1.461,1.546,1.582,1.59
2025-07-24 16:11:26.137,1.582,1.579,1.694,1.468,1.577,1.548,1.461,1.546,1.582,1.59
2025-07-24 16:11:26.187,1.582,1.579,1.694,1.468,1.573,1.549,1.461,1.546,1.582,1.592
2025-07-24 16:11:26.236,1.582,1.58,1.694,1.468,1.575,1.551,1.461,1.546,1.582,1.59
2025-07-24 16:11:26.287,1.582,1.578,1.694,1.468,1.576,1.553,1.459,1.546,1.582,1.59
2025-07-24 16:11:26.336,1.582,1.579,1.694,1.468,1.592,1.553,1.459,1.546,1.582,1.59
2025-07-24 16:11:26.387,1.582,1.579,1.693,1.468,1.576,1.555,1.46,1.546,1.582,1.59
2025-07-24 16:11:26.437,1.582,1.578,1.694,1.468,1.577,1.556,1.46,1.546,1.582,1.59
2025-07-24 16:11:26.487,1.582,1.578,1.695,1.468,1.575,1.557,1.461,1.546,1.582,1.59
2025-07-24 16:11:26.536,1.583,1.579,1.694,1.468,1.577,1.557,1.461,1.546,1.582,1.59
2025-07-24 16:11:26.587,1.582,1.579,1.694,1.467,1.565,1.559,1.46,1.546,1.582,1.59
2025-07-24 16:11:26.637,1.582,1.579,1.694,1.468,1.572,1.559,1.461,1.546,1.582,1.591
2025-07-24 16:11:26.686,1.582,1.58,1.694,1.468,1.57,1.56,1.461,1.545,1.582,1.59
2025-07-24 16:11:26.737,1.582,1.578,1.694,1.468,1.576,1.561,1.461,1.546,1.582,1.59
2025-07-24 16:11:26.787,1.582,1.58,1.694,1.467,1.579,1.562,1.46,1.546,1.582,1.59
2025-07-24 16:11:26.836,1.582,1.579,1.694,1.468,1.569,1.563,1.461,1.546,1.581,1.59
2025-07-24 16:11:26.887,1.582,1.579,1.694,1.468,1.578,1.564,1.461,1.546,1.582,1.591
2025-07-24 16:11:26.936,1.582,1.58,1.694,1.468,1.578,1.564,1.461,1.546,1.582,1.591
2025-07-24 16:11:26.987,1.582,1.579,1.694,1.468,1.576,1.566,1.463,1.546,1.582,1.59
2025-07-24 16:11:27.037,1.582,1.58,1.694,1.468,1.582,1.566,1.461,1.546,1.582,1.59
2025-07-24 16:11:27.086,1.582,1.579,1.695,1.468,1.576,1.567,1.462,1.546,1.582,1.59
2025-07-24 16:11:27.137,1.582,1.579,1.694,1.467,1.577,1.567,1.463,1.546,1.582,1.592
2025-07-24 16:11:27.187,1.582,1.58,1.694,1.468,1.574,1.568,1.463,1.547,1.582,1.591
2025-07-24 16:11:27.236,1.583,1.579,1.694,1.468,1.576,1.569,1.463,1.548,1.582,1.592
2025-07-24 16:11:27.287,1.582,1.579,1.695,1.468,1.579,1.57,1.464,1.548,1.582,1.591
2025-07-24 16:11:27.337,1.582,1.581,1.694,1.468,1.573,1.57,1.465,1.547,1.581,1.591
2025-07-24 16:11:27.386,1.583,1.581,1.694,1.468,1.58,1.571,1.463,1.547,1.581,1.591
2025-07-24 16:11:27.437,1.583,1.58,1.695,1.468,1.574,1.573,1.464,1.547,1.581,1.592
2025-07-24 16:11:27.487,1.583,1.58,1.695,1.468,1.574,1.573,1.466,1.548,1.581,1.592
2025-07-24 16:11:27.537,1.583,1.58,1.695,1.468,1.573,1.573,1.464,1.548,1.581,1.591
2025-07-24 16:11:27.587,1.583,1.58,1.696,1.468,1.574,1.573,1.466,1.547,1.581,1.591
2025-07-24 16:11:27.637,1.583,1.581,1.695,1.468,1.577,1.573,1.465,1.548,1.58,1.591
2025-07-24 16:11:27.687,1.583,1.58,1.694,1.468,1.578,1.574,1.463,1.548,1.579,1.592
2025-07-24 16:11:27.737,1.583,1.581,1.694,1.468,1.573,1.575,1.466,1.548,1.579,1.591
2025-07-24 16:11:27.787,1.583,1.581,1.694,1.468,1.579,1.575,1.464,1.548,1.58,1.592
2025-07-24 16:11:27.837,1.583,1.581,1.696,1.468,1.58,1.575,1.464,1.548,1.58,1.591
2025-07-24 16:11:27.887,1.583,1.581,1.694,1.469,1.577,1.576,1.466,1.548,1.579,1.591
2025-07-24 16:11:27.937,1.583,1.58,1.696,1.468,1.577,1.576,1.466,1.548,1.578,1.592
2025-07-24 16:11:27.987,1.584,1.581,1.694,1.468,1.571,1.576,1.466,1.548,1.578,1.592
2025-07-24 16:11:28.036,1.584,1.581,1.695,1.468,1.556,1.576,1.466,1.548,1.578,1.591
2025-07-24 16:11:28.087,1.583,1.581,1.695,1.467,1.533,1.576,1.465,1.549,1.577,1.591
2025-07-24 16:11:28.137,1.583,1.581,1.694,1.468,1.495,1.576,1.467,1.548,1.578,1.592
2025-07-24 16:11:28.187,1.584,1.581,1.696,1.467,1.452,1.575,1.467,1.548,1.579,1.592
2025-07-24 16:11:28.237,1.583,1.581,1.695,1.468,1.412,1.573,1.467,1.548,1.578,1.591
2025-07-24 16:11:28.287,1.583,1.581,1.694,1.468,1.348,1.571,1.466,1.548,1.579,1.591
2025-07-24 16:11:28.337,1.583,1.581,1.694,1.469,1.296,1.569,1.465,1.548,1.579,1.591
2025-07-24 16:11:28.386,1.583,1.582,1.696,1.468,1.25,1.565,1.467,1.548,1.578,1.591
2025-07-24 16:11:28.437,1.584,1.582,1.694,1.468,1.225,1.561,1.466,1.548,1.577,1.591
2025-07-24 16:11:28.487,1.584,1.581,1.695,1.468,1.231,1.558,1.466,1.549,1.577,1.591
2025-07-24 16:11:28.537,1.583,1.581,1.697,1.468,1.221,1.555,1.466,1.549,1.578,1.591
2025-07-24 16:11:28.587,1.583,1.581,1.695,1.467,1.236,1.552,1.466,1.549,1.577,1.591
2025-07-24 16:11:28.637,1.584,1.582,1.695,1.468,1.279,1.548,1.466,1.549,1.578,1.591
2025-07-24 16:11:28.687,1.584,1.582,1.694,1.468,1.328,1.548,1.466,1.549,1.578,1.591
2025-07-24 16:11:28.737,1.584,1.582,1.696,1.468,1.395,1.546,1.465,1.549,1.578,1.591
2025-07-24 16:11:28.786,1.583,1.582,1.696,1.468,1.465,1.546,1.466,1.549,1.578,1.591
2025-07-24 16:11:28.837,1.583,1.582,1.695,1.468,1.515,1.547,1.465,1.548,1.577,1.591
2025-07-24 16:11:28.887,1.584,1.582,1.696,1.468,1.548,1.547,1.466,1.549,1.578,1.591
2025-07-24 16:11:28.937,1.583,1.581,1.695,1.468,1.554,1.548,1.463,1.549,1.578,1.592
2025-07-24 16:11:28.986,1.584,1.581,1.695,1.469,1.558,1.549,1.465,1.549,1.577,1.591
2025-07-24 16:11:29.037,1.584,1.581,1.695,1.467,1.565,1.55,1.463,1.549,1.577,1.592
2025-07-24 16:11:29.086,1.583,1.581,1.695,1.468,1.567,1.553,1.466,1.549,1.577,1.591
2025-07-24 16:11:29.137,1.585,1.581,1.694,1.468,1.573,1.553,1.464,1.548,1.578,1.59
2025-07-24 16:11:29.186,1.583,1.581,1.695,1.468,1.574,1.555,1.463,1.548,1.577,1.591
2025-07-24 16:11:29.237,1.583,1.582,1.695,1.469,1.573,1.556,1.464,1.548,1.577,1.591
2025-07-24 16:11:29.287,1.584,1.582,1.696,1.468,1.571,1.557,1.463,1.548,1.578,1.591
2025-07-24 16:11:29.337,1.583,1.582,1.695,1.468,1.574,1.558,1.464,1.549,1.578,1.591
2025-07-24 16:11:29.387,1.583,1.581,1.695,1.468,1.572,1.558,1.465,1.549,1.577,1.59
2025-07-24 16:11:29.437,1.583,1.581,1.695,1.468,1.537,1.56,1.464,1.549,1.577,1.59
2025-07-24 16:11:29.487,1.584,1.581,1.696,1.468,1.495,1.56,1.464,1.548,1.578,1.591
2025-07-24 16:11:29.536,1.583,1.582,1.696,1.468,1.442,1.56,1.463,1.548,1.577,1.59
2025-07-24 16:11:29.587,1.583,1.581,1.696,1.468,1.391,1.558,1.463,1.548,1.578,1.59
2025-07-24 16:11:29.637,1.583,1.581,1.694,1.468,1.337,1.556,1.462,1.548,1.577,1.591
2025-07-24 16:11:29.687,1.583,1.582,1.695,1.468,1.275,1.553,1.463,1.548,1.577,1.591
2025-07-24 16:11:29.736,1.582,1.581,1.696,1.468,1.248,1.551,1.464,1.549,1.577,1.591
2025-07-24 16:11:29.787,1.585,1.582,1.696,1.468,1.235,1.548,1.464,1.549,1.577,1.591
2025-07-24 16:11:29.837,1.584,1.581,1.695,1.469,1.229,1.546,1.464,1.548,1.577,1.59
2025-07-24 16:11:29.887,1.583,1.581,1.695,1.468,1.233,1.543,1.461,1.548,1.577,1.59
2025-07-24 16:11:29.937,1.584,1.581,1.697,1.468,1.246,1.542,1.462,1.549,1.577,1.59
2025-07-24 16:11:29.987,1.584,1.58,1.695,1.468,1.27,1.54,1.463,1.548,1.577,1.59
2025-07-24 16:11:30.036,1.584,1.581,1.695,1.469,1.327,1.536,1.462,1.548,1.577,1.591
2025-07-24 16:11:30.087,1.583,1.582,1.694,1.468,1.392,1.536,1.462,1.548,1.577,1.591
2025-07-24 16:11:30.137,1.584,1.581,1.694,1.468,1.458,1.536,1.462,1.548,1.577,1.59
2025-07-24 16:11:30.187,1.583,1.581,1.695,1.469,1.519,1.537,1.461,1.548,1.577,1.59
2025-07-24 16:11:30.237,1.583,1.58,1.694,1.468,1.539,1.538,1.461,1.548,1.576,1.591
2025-07-24 16:11:30.287,1.583,1.581,1.694,1.468,1.548,1.539,1.461,1.548,1.577,1.59
2025-07-24 16:11:30.336,1.583,1.582,1.695,1.467,1.553,1.54,1.461,1.548,1.577,1.59
2025-07-24 16:11:30.387,1.583,1.581,1.696,1.468,1.561,1.543,1.46,1.548,1.577,1.59
2025-07-24 16:11:30.437,1.583,1.581,1.695,1.468,1.567,1.544,1.462,1.548,1.577,1.59
2025-07-24 16:11:30.487,1.583,1.581,1.694,1.468,1.559,1.546,1.461,1.548,1.576,1.59
2025-07-24 16:11:30.537,1.583,1.581,1.694,1.468,1.565,1.547,1.462,1.548,1.576,1.59
2025-07-24 16:11:30.587,1.583,1.581,1.695,1.468,1.568,1.548,1.461,1.548,1.577,1.59
2025-07-24 16:11:30.637,1.583,1.579,1.694,1.468,1.572,1.548,1.462,1.548,1.576,1.59
2025-07-24 16:11:30.687,1.583,1.581,1.694,1.468,1.566,1.552,1.461,1.548,1.576,1.59
2025-07-24 16:11:30.737,1.582,1.581,1.694,1.468,1.565,1.552,1.461,1.548,1.576,1.59
2025-07-24 16:11:30.787,1.583,1.58,1.694,1.467,1.541,1.552,1.461,1.548,1.577,1.59
2025-07-24 16:11:30.837,1.582,1.58,1.694,1.468,1.508,1.553,1.461,1.548,1.575,1.59
2025-07-24 16:11:30.887,1.583,1.58,1.694,1.469,1.466,1.553,1.461,1.548,1.575,1.59
2025-07-24 16:11:30.937,1.582,1.58,1.694,1.469,1.413,1.553,1.461,1.548,1.575,1.59
2025-07-24 16:11:30.987,1.583,1.581,1.694,1.468,1.352,1.552,1.461,1.548,1.575,1.59
2025-07-24 16:11:31.036,1.582,1.58,1.694,1.468,1.302,1.549,1.46,1.548,1.575,1.59
2025-07-24 16:11:31.086,1.582,1.58,1.694,1.468,1.263,1.548,1.461,1.548,1.575,1.59
2025-07-24 16:11:31.137,1.582,1.58,1.694,1.468,1.245,1.544,1.461,1.548,1.575,1.59
2025-07-24 16:11:31.186,1.582,1.58,1.694,1.468,1.239,1.542,1.462,1.547,1.575,1.59
2025-07-24 16:11:31.236,1.583,1.579,1.694,1.468,1.243,1.54,1.461,1.547,1.575,1.59
2025-07-24 16:11:31.287,1.582,1.58,1.694,1.468,1.243,1.537,1.461,1.547,1.575,1.589
2025-07-24 16:11:31.337,1.582,1.579,1.694,1.468,1.265,1.534,1.461,1.546,1.574,1.589
2025-07-24 16:11:31.387,1.582,1.581,1.694,1.468,1.289,1.532,1.461,1.547,1.574,1.589
2025-07-24 16:11:31.437,1.582,1.579,1.694,1.468,1.349,1.531,1.461,1.548,1.575,1.589
2025-07-24 16:11:31.487,1.582,1.58,1.695,1.468,1.415,1.531,1.461,1.548,1.573,1.589
2025-07-24 16:11:31.537,1.582,1.579,1.694,1.468,1.48,1.532,1.459,1.547,1.574,1.589
2025-07-24 16:11:31.587,1.582,1.58,1.694,1.469,1.527,1.534,1.461,1.548,1.574,1.589
2025-07-24 16:11:31.637,1.583,1.581,1.695,1.468,1.548,1.535,1.46,1.547,1.574,1.589
2025-07-24 16:11:31.687,1.582,1.58,1.694,1.468,1.55,1.536,1.461,1.548,1.574,1.589
2025-07-24 16:11:31.736,1.583,1.581,1.696,1.468,1.559,1.539,1.458,1.548,1.575,1.589
2025-07-24 16:11:31.786,1.582,1.58,1.694,1.467,1.566,1.54,1.458,1.547,1.574,1.588
2025-07-24 16:11:31.836,1.582,1.581,1.695,1.468,1.567,1.541,1.459,1.548,1.574,1.589
2025-07-24 16:11:31.887,1.582,1.581,1.695,1.469,1.561,1.544,1.46,1.548,1.575,1.589
2025-07-24 16:11:31.937,1.583,1.58,1.697,1.468,1.566,1.544,1.46,1.547,1.574,1.589
2025-07-24 16:11:31.987,1.582,1.58,1.695,1.469,1.571,1.547,1.461,1.548,1.574,1.589
2025-07-24 16:11:32.037,1.583,1.581,1.694,1.468,1.565,1.548,1.46,1.548,1.574,1.59
2025-07-24 16:11:32.087,1.582,1.581,1.695,1.468,1.554,1.549,1.461,1.548,1.575,1.589
2025-07-24 16:11:32.137,1.582,1.581,1.695,1.468,1.53,1.551,1.461,1.548,1.574,1.589
2025-07-24 16:11:32.186,1.582,1.581,1.694,1.468,1.495,1.551,1.461,1.548,1.574,1.588
2025-07-24 16:11:32.237,1.582,1.581,1.695,1.468,1.449,1.55,1.461,1.548,1.574,1.589
2025-07-24 16:11:32.287,1.582,1.581,1.694,1.468,1.394,1.55,1.461,1.548,1.575,1.588
2025-07-24 16:11:32.337,1.582,1.581,1.696,1.468,1.346,1.548,1.461,1.548,1.574,1.59
2025-07-24 16:11:32.387,1.582,1.58,1.696,1.468,1.297,1.547,1.462,1.548,1.574,1.589
2025-07-24 16:11:32.437,1.583,1.581,1.696,1.467,1.275,1.545,1.461,1.548,1.576,1.588
2025-07-24 16:11:32.487,1.582,1.581,1.695,1.468,1.256,1.543,1.461,1.548,1.574,1.589
2025-07-24 16:11:32.536,1.582,1.582,1.695,1.468,1.26,1.54,1.46,1.548,1.575,1.589
2025-07-24 16:11:32.587,1.582,1.581,1.695,1.468,1.262,1.538,1.461,1.548,1.575,1.589
2025-07-24 16:11:32.636,1.582,1.582,1.696,1.468,1.264,1.536,1.46,1.548,1.575,1.59
2025-07-24 16:11:32.687,1.583,1.582,1.696,1.468,1.291,1.535,1.461,1.548,1.575,1.589
2025-07-24 16:11:32.736,1.582,1.582,1.695,1.468,1.337,1.532,1.461,1.548,1.575,1.589
2025-07-24 16:11:32.786,1.582,1.581,1.695,1.468,1.399,1.533,1.461,1.548,1.574,1.589
2025-07-24 16:11:32.837,1.583,1.581,1.696,1.469,1.464,1.533,1.459,1.548,1.575,1.59
2025-07-24 16:11:32.887,1.582,1.58,1.695,1.468,1.52,1.534,1.462,1.548,1.575,1.588
2025-07-24 16:11:32.937,1.584,1.581,1.695,1.468,1.545,1.536,1.46,1.548,1.575,1.588
2025-07-24 16:11:32.987,1.583,1.582,1.697,1.468,1.548,1.537,1.461,1.548,1.575,1.588
2025-07-24 16:11:33.037,1.583,1.582,1.695,1.468,1.56,1.539,1.461,1.548,1.575,1.589
2025-07-24 16:11:33.087,1.582,1.581,1.694,1.468,1.565,1.54,1.461,1.548,1.575,1.589
2025-07-24 16:11:33.137,1.583,1.58,1.696,1.468,1.569,1.542,1.459,1.548,1.576,1.589
2025-07-24 16:11:33.186,1.583,1.581,1.694,1.467,1.57,1.544,1.461,1.548,1.576,1.589
2025-07-24 16:11:33.237,1.583,1.581,1.695,1.469,1.569,1.546,1.458,1.548,1.575,1.59
2025-07-24 16:11:33.286,1.583,1.582,1.695,1.468,1.569,1.548,1.461,1.548,1.575,1.589
2025-07-24 16:11:33.337,1.582,1.582,1.696,1.468,1.562,1.548,1.46,1.548,1.575,1.588
2025-07-24 16:11:33.387,1.583,1.581,1.695,1.468,1.566,1.55,1.461,1.548,1.575,1.59
2025-07-24 16:11:33.437,1.582,1.581,1.695,1.468,1.559,1.55,1.461,1.548,1.575,1.59
2025-07-24 16:11:33.487,1.582,1.58,1.695,1.468,1.524,1.552,1.461,1.548,1.575,1.588
2025-07-24 16:11:33.537,1.583,1.582,1.696,1.468,1.487,1.552,1.461,1.547,1.575,1.589
2025-07-24 16:11:33.587,1.582,1.581,1.694,1.469,1.438,1.552,1.461,1.547,1.575,1.589
2025-07-24 16:11:33.636,1.583,1.581,1.696,1.468,1.377,1.55,1.46,1.548,1.576,1.589
2025-07-24 16:11:33.687,1.582,1.581,1.696,1.468,1.337,1.548,1.46,1.548,1.575,1.589
2025-07-24 16:11:33.737,1.582,1.581,1.696,1.468,1.294,1.548,1.46,1.548,1.575,1.589
2025-07-24 16:11:33.786,1.582,1.581,1.696,1.468,1.259,1.544,1.461,1.548,1.576,1.589
2025-07-24 16:11:33.837,1.582,1.582,1.696,1.468,1.255,1.543,1.46,1.547,1.574,1.589
2025-07-24 16:11:33.886,1.583,1.581,1.694,1.468,1.254,1.54,1.46,1.548,1.575,1.59
2025-07-24 16:11:33.937,1.582,1.581,1.695,1.468,1.253,1.538,1.461,1.547,1.576,1.589
2025-07-24 16:11:33.987,1.582,1.581,1.696,1.469,1.256,1.536,1.461,1.548,1.575,1.589
2025-07-24 16:11:34.037,1.583,1.581,1.694,1.468,1.282,1.534,1.459,1.548,1.576,1.589
2025-07-24 16:11:34.087,1.582,1.581,1.696,1.468,1.333,1.532,1.461,1.548,1.576,1.589
2025-07-24 16:11:34.136,1.582,1.581,1.695,1.468,1.404,1.532,1.459,1.547,1.574,1.589
2025-07-24 16:11:34.187,1.582,1.581,1.695,1.468,1.478,1.532,1.46,1.548,1.575,1.589
2025-07-24 16:11:34.237,1.582,1.581,1.695,1.468,1.524,1.532,1.461,1.547,1.575,1.589
2025-07-24 16:11:34.287,1.583,1.58,1.696,1.469,1.546,1.535,1.46,1.548,1.575,1.588
2025-07-24 16:11:34.337,1.582,1.58,1.695,1.468,1.553,1.536,1.457,1.547,1.573,1.588
2025-07-24 16:11:34.387,1.582,1.581,1.695,1.468,1.553,1.538,1.46,1.547,1.575,1.589
2025-07-24 16:11:34.436,1.582,1.581,1.694,1.469,1.562,1.539,1.46,1.547,1.574,1.589
2025-07-24 16:11:34.487,1.582,1.58,1.695,1.468,1.558,1.541,1.459,1.547,1.574,1.587
2025-07-24 16:11:34.537,1.582,1.581,1.694,1.469,1.566,1.543,1.458,1.548,1.574,1.587
2025-07-24 16:11:34.586,1.582,1.58,1.694,1.468,1.57,1.545,1.46,1.547,1.574,1.588
2025-07-24 16:11:34.636,1.582,1.58,1.694,1.468,1.561,1.546,1.46,1.546,1.575,1.588
2025-07-24 16:11:34.687,1.582,1.58,1.694,1.469,1.565,1.547,1.459,1.546,1.574,1.587
2025-07-24 16:11:34.736,1.582,1.581,1.694,1.468,1.577,1.549,1.459,1.546,1.574,1.588
2025-07-24 16:11:34.787,1.582,1.58,1.694,1.468,1.569,1.549,1.46,1.546,1.574,1.589
2025-07-24 16:11:34.837,1.582,1.58,1.694,1.469,1.54,1.552,1.459,1.546,1.575,1.587
2025-07-24 16:11:34.887,1.581,1.579,1.695,1.468,1.499,1.551,1.459,1.548,1.574,1.589
2025-07-24 16:11:34.936,1.582,1.58,1.694,1.468,1.453,1.552,1.459,1.546,1.574,1.587
2025-07-24 16:11:34.986,1.581,1.58,1.695,1.468,1.399,1.551,1.46,1.546,1.574,1.588
2025-07-24 16:11:35.036,1.581,1.579,1.694,1.468,1.345,1.548,1.459,1.547,1.575,1.587
2025-07-24 16:11:35.087,1.581,1.58,1.694,1.468,1.304,1.547,1.46,1.547,1.575,1.587
2025-07-24 16:11:35.137,1.581,1.581,1.694,1.468,1.264,1.545,1.46,1.546,1.575,1.588
2025-07-24 16:11:35.187,1.581,1.58,1.695,1.468,1.261,1.542,1.46,1.546,1.576,1.587
2025-07-24 16:11:35.236,1.582,1.58,1.694,1.468,1.264,1.54,1.459,1.546,1.575,1.587
2025-07-24 16:11:35.287,1.581,1.58,1.694,1.468,1.255,1.538,1.46,1.546,1.577,1.587
2025-07-24 16:11:35.336,1.582,1.579,1.694,1.468,1.25,1.536,1.461,1.546,1.576,1.587
2025-07-24 16:11:35.386,1.581,1.58,1.694,1.468,1.279,1.533,1.459,1.546,1.577,1.587
2025-07-24 16:11:35.437,1.581,1.58,1.694,1.468,1.314,1.532,1.46,1.546,1.577,1.588
2025-07-24 16:11:35.487,1.581,1.579,1.694,1.469,1.361,1.532,1.46,1.545,1.577,1.588
2025-07-24 16:11:35.537,1.581,1.579,1.695,1.468,1.427,1.532,1.459,1.546,1.577,1.587
2025-07-24 16:11:35.587,1.581,1.578,1.694,1.468,1.488,1.532,1.461,1.546,1.576,1.587
2025-07-24 16:11:35.636,1.58,1.578,1.694,1.468,1.528,1.532,1.458,1.546,1.577,1.587
2025-07-24 16:11:35.687,1.579,1.579,1.695,1.468,1.547,1.534,1.459,1.546,1.577,1.588
2025-07-24 16:11:35.737,1.58,1.578,1.694,1.468,1.551,1.536,1.459,1.546,1.577,1.588
2025-07-24 16:11:35.788,1.58,1.579,1.695,1.468,1.557,1.538,1.459,1.545,1.577,1.588
2025-07-24 16:11:35.837,1.579,1.578,1.694,1.468,1.562,1.539,1.459,1.545,1.578,1.587
2025-07-24 16:11:35.886,1.58,1.578,1.694,1.468,1.565,1.54,1.458,1.546,1.577,1.587
2025-07-24 16:11:35.937,1.58,1.578,1.694,1.467,1.569,1.544,1.458,1.545,1.578,1.589
2025-07-24 16:11:35.987,1.58,1.578,1.694,1.469,1.566,1.544,1.459,1.546,1.578,1.588
2025-07-24 16:11:36.036,1.58,1.58,1.695,1.468,1.569,1.545,1.458,1.545,1.578,1.588
2025-07-24 16:11:36.087,1.581,1.578,1.696,1.469,1.568,1.548,1.459,1.545,1.579,1.589
2025-07-24 16:11:36.137,1.58,1.579,1.694,1.468,1.568,1.548,1.46,1.545,1.579,1.589
2025-07-24 16:11:36.187,1.581,1.578,1.694,1.469,1.544,1.549,1.459,1.545,1.579,1.589
2025-07-24 16:11:36.237,1.581,1.579,1.695,1.468,1.515,1.551,1.459,1.546,1.579,1.589
2025-07-24 16:11:36.287,1.581,1.579,1.694,1.468,1.466,1.552,1.458,1.546,1.579,1.59
2025-07-24 16:11:36.336,1.581,1.579,1.694,1.468,1.419,1.551,1.46,1.545,1.58,1.59
2025-07-24 16:11:36.387,1.581,1.579,1.695,1.468,1.366,1.55,1.459,1.546,1.58,1.589
2025-07-24 16:11:36.437,1.582,1.58,1.695,1.468,1.326,1.548,1.459,1.546,1.581,1.59
2025-07-24 16:11:36.487,1.581,1.58,1.694,1.468,1.285,1.546,1.459,1.546,1.581,1.59
2025-07-24 16:11:36.536,1.581,1.58,1.694,1.469,1.265,1.544,1.461,1.546,1.581,1.59
2025-07-24 16:11:36.586,1.582,1.579,1.694,1.468,1.267,1.541,1.46,1.546,1.581,1.59
2025-07-24 16:11:36.636,1.582,1.579,1.694,1.468,1.265,1.54,1.461,1.546,1.58,1.59
2025-07-24 16:11:36.687,1.582,1.579,1.695,1.468,1.267,1.537,1.459,1.546,1.581,1.59
2025-07-24 16:11:36.737,1.582,1.578,1.695,1.469,1.291,1.535,1.461,1.547,1.581,1.59
2025-07-24 16:11:36.787,1.583,1.58,1.694,1.467,1.329,1.533,1.461,1.547,1.581,1.59
2025-07-24 16:11:36.836,1.582,1.581,1.694,1.468,1.381,1.533,1.46,1.547,1.58,1.59
2025-07-24 16:11:36.887,1.582,1.58,1.695,1.468,1.448,1.532,1.46,1.546,1.581,1.591
2025-07-24 16:11:36.936,1.582,1.58,1.696,1.468,1.509,1.533,1.458,1.546,1.581,1.59
2025-07-24 16:11:36.987,1.582,1.581,1.695,1.468,1.545,1.536,1.46,1.546,1.581,1.59
2025-07-24 16:11:37.037,1.582,1.581,1.695,1.468,1.546,1.537,1.459,1.546,1.58,1.59
2025-07-24 16:11:37.087,1.582,1.58,1.696,1.467,1.56,1.539,1.459,1.547,1.581,1.59
2025-07-24 16:11:37.137,1.583,1.58,1.695,1.467,1.561,1.541,1.458,1.547,1.581,1.591
2025-07-24 16:11:37.187,1.582,1.58,1.694,1.468,1.566,1.542,1.46,1.547,1.58,1.591
2025-07-24 16:11:37.236,1.583,1.582,1.695,1.468,1.57,1.544,1.46,1.547,1.58,1.591
2025-07-24 16:11:37.287,1.582,1.58,1.695,1.468,1.571,1.546,1.461,1.546,1.58,1.59
2025-07-24 16:11:37.337,1.582,1.58,1.695,1.468,1.576,1.546,1.461,1.547,1.579,1.59
2025-07-24 16:11:37.387,1.582,1.581,1.696,1.468,1.571,1.548,1.46,1.547,1.58,1.591
2025-07-24 16:11:37.437,1.582,1.58,1.695,1.467,1.567,1.549,1.461,1.548,1.579,1.591
2025-07-24 16:11:37.487,1.583,1.58,1.696,1.468,1.568,1.551,1.458,1.547,1.579,1.591
2025-07-24 16:11:37.537,1.583,1.581,1.695,1.468,1.544,1.553,1.459,1.547,1.578,1.59
2025-07-24 16:11:37.587,1.583,1.58,1.695,1.468,1.507,1.553,1.461,1.548,1.578,1.59
2025-07-24 16:11:37.636,1.582,1.581,1.694,1.468,1.47,1.552,1.46,1.547,1.578,1.591
2025-07-24 16:11:37.686,1.583,1.581,1.694,1.467,1.427,1.553,1.461,1.548,1.579,1.591
2025-07-24 16:11:37.737,1.583,1.58,1.695,1.468,1.376,1.551,1.46,1.547,1.578,1.591
2025-07-24 16:11:37.786,1.583,1.58,1.696,1.468,1.331,1.549,1.46,1.548,1.578,1.59
2025-07-24 16:11:37.837,1.582,1.581,1.696,1.468,1.287,1.548,1.46,1.548,1.577,1.591
2025-07-24 16:11:37.887,1.583,1.58,1.696,1.468,1.258,1.545,1.461,1.548,1.578,1.59
2025-07-24 16:11:37.936,1.582,1.58,1.696,1.468,1.242,1.543,1.463,1.548,1.577,1.59
2025-07-24 16:11:37.987,1.582,1.581,1.695,1.468,1.229,1.54,1.46,1.547,1.577,1.591
2025-07-24 16:11:38.037,1.582,1.581,1.696,1.468,1.235,1.538,1.46,1.547,1.577,1.591
2025-07-24 16:11:38.087,1.583,1.581,1.695,1.468,1.252,1.536,1.461,1.547,1.577,1.591
2025-07-24 16:11:38.137,1.582,1.581,1.694,1.468,1.3,1.533,1.46,1.547,1.576,1.59
2025-07-24 16:11:38.187,1.583,1.581,1.694,1.468,1.371,1.533,1.461,1.548,1.577,1.591
2025-07-24 16:11:38.237,1.583,1.581,1.696,1.468,1.45,1.532,1.461,1.548,1.577,1.591
2025-07-24 16:11:38.287,1.583,1.581,1.694,1.468,1.507,1.535,1.46,1.548,1.576,1.59
2025-07-24 16:11:38.337,1.583,1.581,1.695,1.468,1.541,1.535,1.459,1.547,1.576,1.591
2025-07-24 16:11:38.387,1.583,1.581,1.696,1.468,1.548,1.537,1.458,1.547,1.576,1.59
2025-07-24 16:11:38.436,1.583,1.581,1.695,1.469,1.557,1.538,1.461,1.548,1.575,1.591
2025-07-24 16:11:38.487,1.583,1.581,1.694,1.468,1.562,1.539,1.461,1.547,1.576,1.59
2025-07-24 16:11:38.537,1.582,1.581,1.694,1.468,1.562,1.542,1.461,1.547,1.575,1.59
2025-07-24 16:11:38.587,1.583,1.58,1.695,1.469,1.568,1.543,1.46,1.547,1.575,1.591
2025-07-24 16:11:38.636,1.583,1.58,1.694,1.468,1.568,1.545,1.46,1.548,1.575,1.59
2025-07-24 16:11:38.687,1.583,1.581,1.695,1.468,1.564,1.546,1.46,1.548,1.575,1.59
2025-07-24 16:11:38.737,1.583,1.58,1.695,1.468,1.573,1.547,1.461,1.547,1.576,1.59
2025-07-24 16:11:38.787,1.582,1.581,1.696,1.468,1.571,1.55,1.461,1.547,1.576,1.59
2025-07-24 16:11:38.836,1.582,1.581,1.694,1.468,1.567,1.55,1.46,1.546,1.575,1.59
2025-07-24 16:11:38.887,1.582,1.581,1.695,1.468,1.561,1.553,1.46,1.547,1.575,1.59
2025-07-24 16:11:38.936,1.583,1.58,1.695,1.468,1.521,1.553,1.46,1.547,1.575,1.59
2025-07-24 16:11:38.987,1.583,1.58,1.695,1.468,1.478,1.553,1.46,1.547,1.574,1.59
2025-07-24 16:11:39.037,1.582,1.581,1.694,1.468,1.419,1.552,1.461,1.546,1.574,1.59
2025-07-24 16:11:39.087,1.583,1.58,1.695,1.468,1.345,1.551,1.461,1.548,1.575,1.59
2025-07-24 16:11:39.136,1.583,1.58,1.694,1.468,1.289,1.548,1.461,1.546,1.575,1.59
2025-07-24 16:11:39.187,1.582,1.581,1.694,1.468,1.254,1.547,1.459,1.547,1.576,1.59
2025-07-24 16:11:39.238,1.582,1.581,1.695,1.468,1.238,1.544,1.458,1.546,1.576,1.589
2025-07-24 16:11:39.286,1.582,1.581,1.694,1.468,1.233,1.541,1.46,1.547,1.574,1.589
2025-07-24 16:11:39.336,1.583,1.581,1.694,1.469,1.233,1.539,1.46,1.547,1.575,1.589
2025-07-24 16:11:39.387,1.583,1.579,1.694,1.468,1.229,1.536,1.461,1.546,1.575,1.589
2025-07-24 16:11:39.437,1.582,1.58,1.695,1.468,1.236,1.533,1.46,1.546,1.575,1.589
2025-07-24 16:11:39.487,1.582,1.58,1.695,1.468,1.275,1.532,1.459,1.546,1.575,1.589
2025-07-24 16:11:39.536,1.582,1.58,1.695,1.469,1.341,1.531,1.459,1.546,1.575,1.589
2025-07-24 16:11:39.587,1.582,1.58,1.695,1.468,1.413,1.53,1.46,1.546,1.576,1.59
2025-07-24 16:11:39.637,1.582,1.579,1.696,1.468,1.489,1.531,1.458,1.547,1.575,1.589
2025-07-24 16:11:39.687,1.582,1.58,1.694,1.468,1.53,1.532,1.46,1.546,1.575,1.589
2025-07-24 16:11:39.737,1.582,1.58,1.694,1.468,1.541,1.534,1.459,1.546,1.575,1.589
2025-07-24 16:11:39.787,1.582,1.58,1.694,1.468,1.548,1.536,1.458,1.546,1.577,1.589
2025-07-24 16:11:39.837,1.582,1.58,1.694,1.467,1.561,1.538,1.459,1.546,1.577,1.589
2025-07-24 16:11:39.887,1.582,1.58,1.694,1.469,1.555,1.539,1.458,1.546,1.577,1.589
2025-07-24 16:11:39.937,1.582,1.58,1.694,1.469,1.57,1.54,1.459,1.546,1.577,1.589
2025-07-24 16:11:39.987,1.582,1.58,1.694,1.468,1.572,1.542,1.459,1.546,1.577,1.589
2025-07-24 16:11:40.037,1.582,1.579,1.695,1.468,1.569,1.543,1.459,1.545,1.577,1.589
2025-07-24 16:11:40.087,1.581,1.579,1.694,1.467,1.573,1.546,1.459,1.545,1.577,1.589
2025-07-24 16:11:40.137,1.582,1.579,1.694,1.468,1.572,1.546,1.459,1.546,1.577,1.589
2025-07-24 16:11:40.187,1.582,1.579,1.694,1.468,1.572,1.548,1.457,1.545,1.578,1.589
2025-07-24 16:11:40.237,1.582,1.58,1.694,1.467,1.544,1.548,1.458,1.546,1.577,1.589
2025-07-24 16:11:40.288,1.582,1.58,1.694,1.468,1.509,1.548,1.457,1.545,1.578,1.59
2025-07-24 16:11:40.338,1.582,1.579,1.694,1.468,1.461,1.549,1.459,1.545,1.578,1.588
2025-07-24 16:11:40.386,1.582,1.578,1.694,1.468,1.405,1.55,1.457,1.545,1.579,1.589
2025-07-24 16:11:40.438,1.582,1.579,1.694,1.468,1.352,1.548,1.461,1.545,1.579,1.589
2025-07-24 16:11:40.486,1.582,1.579,1.694,1.468,1.295,1.546,1.46,1.546,1.579,1.589
2025-07-24 16:11:40.537,1.582,1.58,1.694,1.468,1.243,1.545,1.459,1.546,1.579,1.59
2025-07-24 16:11:40.587,1.582,1.58,1.694,1.468,1.218,1.541,1.458,1.545,1.579,1.59
2025-07-24 16:11:40.637,1.582,1.579,1.695,1.468,1.209,1.539,1.459,1.545,1.579,1.59
2025-07-24 16:11:40.687,1.582,1.58,1.694,1.468,1.2,1.536,1.46,1.546,1.579,1.589
2025-07-24 16:11:40.737,1.582,1.579,1.694,1.468,1.202,1.533,1.461,1.546,1.579,1.59
2025-07-24 16:11:40.787,1.582,1.58,1.694,1.468,1.216,1.531,1.459,1.546,1.58,1.59
2025-07-24 16:11:40.837,1.582,1.58,1.695,1.468,1.253,1.53,1.459,1.546,1.58,1.59
2025-07-24 16:11:40.887,1.583,1.58,1.695,1.469,1.323,1.529,1.459,1.546,1.58,1.59
2025-07-24 16:11:40.936,1.582,1.58,1.695,1.468,1.411,1.528,1.458,1.546,1.58,1.59
2025-07-24 16:11:40.988,1.582,1.581,1.695,1.468,1.485,1.529,1.46,1.546,1.581,1.59
2025-07-24 16:11:41.037,1.582,1.58,1.694,1.468,1.528,1.529,1.458,1.546,1.581,1.59
2025-07-24 16:11:41.087,1.582,1.581,1.694,1.468,1.553,1.531,1.459,1.546,1.581,1.59
2025-07-24 16:11:41.137,1.582,1.58,1.696,1.468,1.559,1.533,1.458,1.546,1.581,1.591
2025-07-24 16:11:41.187,1.582,1.582,1.695,1.468,1.566,1.536,1.46,1.546,1.581,1.591
2025-07-24 16:11:41.236,1.582,1.58,1.695,1.469,1.565,1.537,1.46,1.546,1.582,1.59
2025-07-24 16:11:41.287,1.583,1.581,1.695,1.467,1.573,1.539,1.458,1.546,1.581,1.59
2025-07-24 16:11:41.337,1.582,1.581,1.696,1.468,1.573,1.541,1.458,1.547,1.582,1.592
2025-07-24 16:11:41.387,1.583,1.581,1.696,1.469,1.569,1.543,1.46,1.546,1.582,1.591
2025-07-24 16:11:41.437,1.583,1.58,1.696,1.468,1.574,1.544,1.458,1.546,1.582,1.591
2025-07-24 16:11:41.487,1.583,1.582,1.696,1.468,1.577,1.546,1.459,1.546,1.582,1.591
2025-07-24 16:11:41.537,1.583,1.581,1.694,1.468,1.571,1.548,1.458,1.546,1.582,1.591
2025-07-24 16:11:41.588,1.584,1.581,1.695,1.468,1.538,1.548,1.459,1.546,1.582,1.592
2025-07-24 16:11:41.637,1.583,1.582,1.696,1.468,1.484,1.548,1.461,1.547,1.582,1.591
2025-07-24 16:11:41.687,1.583,1.581,1.696,1.468,1.42,1.548,1.458,1.546,1.582,1.592
2025-07-24 16:11:41.737,1.584,1.581,1.695,1.469,1.366,1.548,1.46,1.546,1.582,1.592
2025-07-24 16:11:41.787,1.583,1.581,1.696,1.468,1.312,1.546,1.458,1.546,1.582,1.591
2025-07-24 16:11:41.837,1.584,1.581,1.696,1.468,1.266,1.544,1.46,1.546,1.582,1.591
2025-07-24 16:11:41.887,1.583,1.581,1.695,1.469,1.229,1.542,1.46,1.546,1.582,1.591
2025-07-24 16:11:41.937,1.583,1.581,1.695,1.468,1.212,1.539,1.461,1.546,1.582,1.591
2025-07-24 16:11:41.987,1.583,1.582,1.695,1.469,1.213,1.536,1.46,1.547,1.582,1.591
2025-07-24 16:11:42.037,1.584,1.582,1.696,1.468,1.216,1.533,1.459,1.547,1.581,1.592
2025-07-24 16:11:42.087,1.584,1.581,1.696,1.468,1.219,1.532,1.46,1.546,1.582,1.591
2025-07-24 16:11:42.137,1.583,1.582,1.694,1.468,1.255,1.53,1.459,1.546,1.58,1.591
2025-07-24 16:11:42.187,1.583,1.582,1.696,1.468,1.311,1.528,1.459,1.548,1.581,1.592
2025-07-24 16:11:42.237,1.583,1.582,1.696,1.468,1.379,1.528,1.46,1.546,1.58,1.592
2025-07-24 16:11:42.288,1.583,1.581,1.696,1.468,1.459,1.528,1.459,1.546,1.581,1.591
2025-07-24 16:11:42.337,1.585,1.582,1.697,1.468,1.519,1.529,1.459,1.546,1.581,1.591
2025-07-24 16:11:42.387,1.584,1.581,1.697,1.469,1.538,1.531,1.458,1.546,1.581,1.591
2025-07-24 16:11:42.437,1.582,1.581,1.696,1.469,1.552,1.532,1.458,1.546,1.581,1.591
2025-07-24 16:11:42.487,1.584,1.582,1.695,1.468,1.565,1.535,1.459,1.546,1.581,1.591
2025-07-24 16:11:42.537,1.584,1.582,1.695,1.468,1.566,1.536,1.458,1.546,1.581,1.592
2025-07-24 16:11:42.587,1.583,1.582,1.697,1.468,1.56,1.538,1.459,1.546,1.581,1.591
2025-07-24 16:11:42.637,1.584,1.582,1.695,1.468,1.569,1.54,1.457,1.546,1.581,1.592
2025-07-24 16:11:42.687,1.583,1.581,1.695,1.468,1.572,1.542,1.46,1.547,1.581,1.591
2025-07-24 16:11:42.737,1.584,1.581,1.695,1.468,1.573,1.544,1.461,1.546,1.581,1.592
2025-07-24 16:11:42.787,1.583,1.582,1.696,1.469,1.572,1.545,1.459,1.546,1.581,1.592
2025-07-24 16:11:42.837,1.583,1.582,1.697,1.468,1.574,1.546,1.458,1.546,1.581,1.591
2025-07-24 16:11:42.887,1.584,1.582,1.696,1.468,1.541,1.548,1.46,1.546,1.581,1.591
2025-07-24 16:11:42.937,1.584,1.582,1.695,1.469,1.503,1.548,1.459,1.547,1.581,1.591
2025-07-24 16:11:42.987,1.583,1.581,1.696,1.468,1.461,1.549,1.459,1.546,1.581,1.592
2025-07-24 16:11:43.036,1.583,1.582,1.695,1.468,1.399,1.548,1.458,1.546,1.581,1.591
2025-07-24 16:11:43.087,1.583,1.582,1.696,1.469,1.345,1.548,1.458,1.546,1.581,1.591
2025-07-24 16:11:43.138,1.583,1.582,1.696,1.468,1.298,1.546,1.459,1.546,1.582,1.592
2025-07-24 16:11:43.187,1.585,1.581,1.696,1.468,1.255,1.543,1.459,1.546,1.582,1.592
2025-07-24 16:11:43.237,1.584,1.582,1.695,1.468,1.217,1.54,1.458,1.546,1.582,1.592
2025-07-24 16:11:43.287,1.584,1.582,1.695,1.468,1.215,1.537,1.459,1.546,1.582,1.591
2025-07-24 16:11:43.337,1.584,1.582,1.696,1.468,1.213,1.535,1.458,1.546,1.582,1.592
2025-07-24 16:11:43.387,1.584,1.582,1.696,1.468,1.212,1.532,1.458,1.546,1.582,1.591
2025-07-24 16:11:43.437,1.584,1.582,1.696,1.468,1.228,1.53,1.458,1.545,1.582,1.592
2025-07-24 16:11:43.488,1.584,1.582,1.696,1.467,1.26,1.528,1.458,1.547,1.582,1.592
2025-07-24 16:11:43.537,1.583,1.581,1.695,1.468,1.328,1.527,1.459,1.545,1.582,1.592
2025-07-24 16:11:43.587,1.583,1.581,1.695,1.469,1.411,1.525,1.459,1.546,1.582,1.591
2025-07-24 16:11:43.638,1.584,1.582,1.696,1.469,1.484,1.527,1.457,1.546,1.582,1.591
2025-07-24 16:11:43.687,1.583,1.582,1.695,1.469,1.532,1.528,1.457,1.545,1.582,1.591
2025-07-24 16:11:43.737,1.583,1.582,1.696,1.468,1.544,1.531,1.459,1.546,1.582,1.591
2025-07-24 16:11:43.788,1.583,1.581,1.694,1.468,1.548,1.532,1.458,1.545,1.582,1.591
2025-07-24 16:11:43.837,1.583,1.582,1.694,1.468,1.559,1.534,1.457,1.545,1.581,1.59
2025-07-24 16:11:43.887,1.582,1.581,1.695,1.467,1.561,1.535,1.457,1.544,1.582,1.591
2025-07-24 16:11:43.937,1.583,1.581,1.694,1.468,1.572,1.537,1.457,1.544,1.582,1.591
2025-07-24 16:11:43.987,1.583,1.581,1.695,1.468,1.569,1.54,1.457,1.545,1.581,1.591
2025-07-24 16:11:44.038,1.582,1.58,1.694,1.468,1.573,1.54,1.457,1.544,1.582,1.592
2025-07-24 16:11:44.087,1.584,1.581,1.694,1.468,1.571,1.542,1.458,1.544,1.582,1.591
2025-07-24 16:11:44.137,1.583,1.581,1.694,1.468,1.571,1.544,1.457,1.545,1.581,1.59
2025-07-24 16:11:44.187,1.583,1.581,1.695,1.468,1.568,1.545,1.459,1.544,1.582,1.59
2025-07-24 16:11:44.237,1.583,1.58,1.695,1.468,1.56,1.546,1.458,1.544,1.581,1.591
2025-07-24 16:11:44.287,1.583,1.581,1.694,1.468,1.513,1.548,1.458,1.544,1.581,1.591
2025-07-24 16:11:44.337,1.583,1.58,1.695,1.468,1.464,1.548,1.457,1.544,1.582,1.591
2025-07-24 16:11:44.387,1.584,1.581,1.694,1.468,1.411,1.548,1.458,1.544,1.581,1.591
2025-07-24 16:11:44.438,1.582,1.58,1.694,1.468,1.352,1.546,1.457,1.544,1.582,1.591
2025-07-24 16:11:44.487,1.582,1.58,1.695,1.468,1.303,1.544,1.457,1.544,1.581,1.591
2025-07-24 16:11:44.537,1.583,1.581,1.694,1.468,1.249,1.542,1.458,1.544,1.582,1.591
2025-07-24 16:11:44.587,1.582,1.58,1.695,1.469,1.219,1.539,1.457,1.544,1.581,1.591
2025-07-24 16:11:44.637,1.583,1.58,1.694,1.468,1.216,1.537,1.458,1.544,1.582,1.592
2025-07-24 16:11:44.687,1.582,1.58,1.695,1.468,1.212,1.535,1.459,1.544,1.581,1.59
2025-07-24 16:11:44.737,1.582,1.58,1.695,1.469,1.217,1.532,1.457,1.544,1.581,1.591
2025-07-24 16:11:44.787,1.582,1.58,1.694,1.469,1.232,1.529,1.458,1.543,1.582,1.591
2025-07-24 16:11:44.838,1.582,1.58,1.695,1.469,1.272,1.528,1.458,1.544,1.581,1.591
2025-07-24 16:11:44.887,1.582,1.58,1.694,1.468,1.339,1.527,1.457,1.543,1.582,1.59
2025-07-24 16:11:44.937,1.582,1.58,1.694,1.468,1.416,1.527,1.457,1.543,1.581,1.59
2025-07-24 16:11:44.987,1.582,1.579,1.694,1.468,1.482,1.527,1.457,1.543,1.581,1.59
2025-07-24 16:11:45.037,1.582,1.58,1.694,1.469,1.524,1.528,1.457,1.544,1.58,1.59
2025-07-24 16:11:45.087,1.582,1.58,1.694,1.468,1.547,1.53,1.458,1.543,1.581,1.59
2025-07-24 16:11:45.138,1.582,1.581,1.695,1.468,1.55,1.532,1.457,1.544,1.58,1.59
2025-07-24 16:11:45.187,1.582,1.581,1.695,1.468,1.56,1.534,1.457,1.543,1.581,1.59
2025-07-24 16:11:45.237,1.583,1.58,1.694,1.468,1.562,1.536,1.457,1.544,1.581,1.59
2025-07-24 16:11:45.288,1.582,1.58,1.694,1.468,1.567,1.537,1.457,1.543,1.58,1.591
2025-07-24 16:11:45.337,1.582,1.579,1.695,1.468,1.572,1.539,1.457,1.544,1.581,1.59
2025-07-24 16:11:45.387,1.583,1.58,1.695,1.468,1.569,1.54,1.457,1.543,1.581,1.591
2025-07-24 16:11:45.437,1.582,1.58,1.694,1.468,1.57,1.543,1.457,1.543,1.58,1.59
2025-07-24 16:11:45.488,1.582,1.58,1.694,1.468,1.569,1.545,1.458,1.544,1.58,1.59
2025-07-24 16:11:45.537,1.583,1.581,1.694,1.468,1.571,1.546,1.459,1.543,1.581,1.591
2025-07-24 16:11:45.588,1.583,1.581,1.694,1.469,1.541,1.547,1.457,1.543,1.581,1.591
2025-07-24 16:11:45.638,1.583,1.582,1.694,1.468,1.494,1.548,1.457,1.543,1.581,1.591
2025-07-24 16:11:45.687,1.583,1.58,1.694,1.468,1.441,1.548,1.458,1.543,1.58,1.591
2025-07-24 16:11:45.737,1.583,1.58,1.694,1.468,1.379,1.547,1.458,1.543,1.582,1.591
2025-07-24 16:11:45.788,1.582,1.579,1.694,1.468,1.325,1.546,1.458,1.544,1.581,1.59
2025-07-24 16:11:45.837,1.582,1.579,1.694,1.468,1.275,1.544,1.458,1.543,1.581,1.59
2025-07-24 16:11:45.887,1.582,1.58,1.694,1.468,1.235,1.541,1.457,1.543,1.58,1.591
2025-07-24 16:11:45.937,1.583,1.579,1.694,1.467,1.22,1.539,1.46,1.543,1.58,1.591
2025-07-24 16:11:45.987,1.583,1.58,1.694,1.468,1.224,1.536,1.458,1.543,1.581,1.59
2025-07-24 16:11:46.037,1.582,1.58,1.695,1.468,1.228,1.534,1.46,1.543,1.581,1.59
2025-07-24 16:11:46.086,1.582,1.58,1.694,1.468,1.237,1.532,1.458,1.543,1.58,1.59
2025-07-24 16:11:46.137,1.582,1.58,1.694,1.468,1.258,1.529,1.458,1.543,1.58,1.59
2025-07-24 16:11:46.188,1.582,1.581,1.694,1.468,1.311,1.528,1.46,1.543,1.58,1.59
2025-07-24 16:11:46.238,1.582,1.58,1.694,1.468,1.386,1.527,1.458,1.543,1.58,1.591
2025-07-24 16:11:46.287,1.582,1.58,1.695,1.468,1.46,1.528,1.459,1.543,1.58,1.59
2025-07-24 16:11:46.338,1.582,1.58,1.695,1.468,1.515,1.528,1.457,1.543,1.58,1.59
2025-07-24 16:11:46.387,1.582,1.58,1.694,1.468,1.542,1.532,1.457,1.542,1.58,1.591
2025-07-24 16:11:46.438,1.582,1.579,1.694,1.468,1.548,1.533,1.457,1.543,1.58,1.591
2025-07-24 16:11:46.487,1.582,1.581,1.694,1.468,1.557,1.533,1.456,1.542,1.58,1.591
2025-07-24 16:11:46.537,1.582,1.58,1.694,1.468,1.565,1.536,1.457,1.542,1.58,1.59
2025-07-24 16:11:46.589,1.582,1.579,1.694,1.468,1.566,1.537,1.458,1.542,1.581,1.59
2025-07-24 16:11:46.637,1.582,1.579,1.694,1.467,1.568,1.54,1.458,1.542,1.579,1.59
2025-07-24 16:11:46.687,1.582,1.581,1.694,1.468,1.57,1.541,1.457,1.544,1.581,1.59
2025-07-24 16:11:46.737,1.582,1.58,1.694,1.468,1.568,1.542,1.457,1.543,1.58,1.59
2025-07-24 16:11:46.787,1.582,1.58,1.694,1.467,1.559,1.543,1.457,1.542,1.58,1.59
2025-07-24 16:11:46.837,1.582,1.579,1.694,1.468,1.568,1.545,1.457,1.542,1.58,1.59
2025-07-24 16:11:46.887,1.582,1.578,1.695,1.468,1.552,1.546,1.457,1.542,1.579,1.59
2025-07-24 16:11:46.937,1.582,1.579,1.694,1.468,1.507,1.548,1.458,1.543,1.58,1.59
2025-07-24 16:11:46.987,1.582,1.58,1.694,1.469,1.449,1.548,1.457,1.542,1.58,1.59
2025-07-24 16:11:47.038,1.582,1.58,1.694,1.468,1.403,1.547,1.457,1.543,1.579,1.59
2025-07-24 16:11:47.087,1.582,1.58,1.694,1.468,1.353,1.546,1.457,1.541,1.579,1.59
2025-07-24 16:11:47.137,1.582,1.58,1.694,1.468,1.304,1.544,1.458,1.542,1.58,1.59
2025-07-24 16:11:47.187,1.582,1.579,1.694,1.467,1.266,1.542,1.457,1.542,1.579,1.59
2025-07-24 16:11:47.237,1.582,1.579,1.694,1.468,1.229,1.54,1.457,1.542,1.579,1.59
2025-07-24 16:11:47.287,1.582,1.579,1.694,1.468,1.223,1.538,1.458,1.542,1.579,1.59
2025-07-24 16:11:47.337,1.582,1.58,1.694,1.468,1.226,1.536,1.457,1.542,1.579,1.59
2025-07-24 16:11:47.387,1.582,1.579,1.694,1.468,1.229,1.532,1.457,1.542,1.578,1.59
2025-07-24 16:11:47.437,1.581,1.579,1.694,1.468,1.249,1.53,1.457,1.542,1.579,1.59
2025-07-24 16:11:47.487,1.582,1.579,1.694,1.468,1.285,1.528,1.457,1.542,1.579,1.59
2025-07-24 16:11:47.537,1.582,1.578,1.694,1.468,1.354,1.528,1.457,1.541,1.579,1.59
2025-07-24 16:11:47.587,1.582,1.579,1.694,1.468,1.432,1.527,1.457,1.542,1.579,1.59
2025-07-24 16:11:47.637,1.582,1.578,1.693,1.467,1.499,1.528,1.456,1.542,1.579,1.59
2025-07-24 16:11:47.688,1.582,1.579,1.694,1.468,1.536,1.53,1.458,1.542,1.579,1.59
2025-07-24 16:11:47.737,1.582,1.58,1.695,1.468,1.549,1.532,1.458,1.542,1.579,1.59
2025-07-24 16:11:47.787,1.582,1.578,1.694,1.468,1.549,1.532,1.457,1.542,1.58,1.59
2025-07-24 16:11:47.838,1.582,1.579,1.694,1.467,1.565,1.536,1.458,1.542,1.58,1.591
2025-07-24 16:11:47.887,1.582,1.58,1.695,1.468,1.565,1.537,1.457,1.541,1.58,1.59
2025-07-24 16:11:47.937,1.582,1.58,1.695,1.468,1.569,1.54,1.457,1.543,1.58,1.59
2025-07-24 16:11:47.988,1.582,1.58,1.694,1.468,1.577,1.542,1.457,1.542,1.58,1.59
2025-07-24 16:11:48.037,1.582,1.58,1.694,1.467,1.569,1.543,1.456,1.542,1.58,1.59
2025-07-24 16:11:48.087,1.583,1.58,1.696,1.468,1.565,1.545,1.457,1.542,1.58,1.591
2025-07-24 16:11:48.137,1.583,1.58,1.695,1.468,1.574,1.546,1.458,1.543,1.579,1.59
2025-07-24 16:11:48.187,1.583,1.58,1.696,1.467,1.569,1.548,1.46,1.543,1.58,1.591
2025-07-24 16:11:48.238,1.582,1.58,1.695,1.468,1.55,1.548,1.458,1.544,1.58,1.591
2025-07-24 16:11:48.288,1.583,1.58,1.694,1.468,1.495,1.55,1.458,1.543,1.581,1.59
2025-07-24 16:11:48.337,1.582,1.58,1.694,1.468,1.442,1.549,1.457,1.543,1.581,1.591
2025-07-24 16:11:48.387,1.582,1.58,1.695,1.468,1.383,1.549,1.46,1.543,1.581,1.591
2025-07-24 16:11:48.437,1.583,1.581,1.695,1.468,1.333,1.547,1.457,1.543,1.581,1.591
2025-07-24 16:11:48.487,1.583,1.58,1.695,1.468,1.287,1.546,1.458,1.543,1.581,1.591
2025-07-24 16:11:48.537,1.583,1.581,1.695,1.467,1.256,1.543,1.458,1.544,1.581,1.591
2025-07-24 16:11:48.587,1.583,1.581,1.695,1.468,1.237,1.541,1.458,1.544,1.581,1.591
2025-07-24 16:11:48.638,1.583,1.581,1.695,1.468,1.233,1.538,1.458,1.544,1.581,1.59
2025-07-24 16:11:48.687,1.584,1.581,1.695,1.468,1.237,1.536,1.46,1.544,1.582,1.591
2025-07-24 16:11:48.737,1.583,1.58,1.696,1.468,1.236,1.533,1.46,1.544,1.58,1.591
2025-07-24 16:11:48.787,1.583,1.58,1.695,1.468,1.258,1.532,1.458,1.544,1.581,1.591
2025-07-24 16:11:48.838,1.583,1.581,1.696,1.468,1.304,1.531,1.458,1.544,1.581,1.592
2025-07-24 16:11:48.887,1.583,1.581,1.694,1.468,1.374,1.529,1.46,1.544,1.581,1.591
2025-07-24 16:11:48.937,1.584,1.58,1.694,1.468,1.451,1.529,1.458,1.544,1.581,1.591
2025-07-24 16:11:48.987,1.582,1.581,1.695,1.468,1.513,1.53,1.459,1.544,1.581,1.591
2025-07-24 16:11:49.037,1.582,1.58,1.696,1.468,1.544,1.532,1.458,1.544,1.581,1.591
2025-07-24 16:11:49.088,1.583,1.581,1.694,1.468,1.55,1.533,1.457,1.544,1.582,1.592
2025-07-24 16:11:49.137,1.584,1.581,1.696,1.468,1.561,1.536,1.458,1.544,1.581,1.591
2025-07-24 16:11:49.187,1.584,1.581,1.695,1.468,1.568,1.537,1.458,1.544,1.582,1.591
2025-07-24 16:11:49.238,1.583,1.581,1.695,1.468,1.568,1.54,1.459,1.544,1.581,1.591
2025-07-24 16:11:49.287,1.583,1.581,1.696,1.469,1.565,1.542,1.459,1.545,1.581,1.592
2025-07-24 16:11:49.338,1.584,1.581,1.695,1.468,1.569,1.543,1.458,1.545,1.581,1.591
2025-07-24 16:11:49.388,1.584,1.581,1.695,1.469,1.574,1.544,1.46,1.544,1.581,1.591
2025-07-24 16:11:49.437,1.583,1.581,1.694,1.467,1.565,1.545,1.458,1.544,1.581,1.592
2025-07-24 16:11:49.487,1.584,1.581,1.695,1.467,1.57,1.548,1.459,1.544,1.581,1.591
2025-07-24 16:11:49.537,1.583,1.581,1.696,1.468,1.564,1.55,1.458,1.545,1.582,1.592
2025-07-24 16:11:49.587,1.584,1.581,1.696,1.469,1.52,1.55,1.46,1.545,1.581,1.592
2025-07-24 16:11:49.638,1.583,1.58,1.696,1.468,1.479,1.55,1.459,1.544,1.582,1.591
2025-07-24 16:11:49.687,1.583,1.582,1.695,1.469,1.428,1.55,1.458,1.545,1.582,1.591
2025-07-24 16:11:49.738,1.583,1.581,1.695,1.468,1.378,1.549,1.457,1.545,1.582,1.591
2025-07-24 16:11:49.787,1.583,1.581,1.694,1.468,1.332,1.548,1.458,1.545,1.582,1.592
2025-07-24 16:11:49.837,1.584,1.581,1.695,1.468,1.292,1.546,1.46,1.544,1.582,1.591
2025-07-24 16:11:49.888,1.584,1.582,1.695,1.468,1.253,1.544,1.459,1.545,1.582,1.592
2025-07-24 16:11:49.937,1.583,1.582,1.696,1.468,1.235,1.54,1.459,1.545,1.582,1.592
2025-07-24 16:11:49.987,1.583,1.581,1.695,1.468,1.229,1.538,1.459,1.545,1.582,1.591
2025-07-24 16:11:50.038,1.584,1.581,1.694,1.468,1.233,1.536,1.462,1.545,1.581,1.591
2025-07-24 16:11:50.087,1.584,1.582,1.694,1.468,1.232,1.533,1.459,1.545,1.581,1.592
2025-07-24 16:11:50.138,1.584,1.582,1.695,1.468,1.265,1.532,1.459,1.545,1.582,1.591
2025-07-24 16:11:50.190,1.583,1.582,1.696,1.468,1.319,1.53,1.459,1.546,1.582,1.591
2025-07-24 16:11:50.238,1.583,1.581,1.696,1.468,1.389,1.53,1.459,1.546,1.581,1.592
2025-07-24 16:11:50.288,1.582,1.581,1.696,1.468,1.461,1.53,1.459,1.545,1.581,1.591
2025-07-24 16:11:50.338,1.583,1.581,1.695,1.468,1.519,1.532,1.458,1.546,1.582,1.59
2025-07-24 16:11:50.388,1.582,1.582,1.695,1.468,1.544,1.533,1.458,1.545,1.582,1.592
2025-07-24 16:11:50.437,1.584,1.581,1.695,1.468,1.547,1.534,1.458,1.545,1.582,1.591
2025-07-24 16:11:50.487,1.583,1.582,1.695,1.468,1.559,1.536,1.457,1.544,1.582,1.591
2025-07-24 16:11:50.537,1.582,1.581,1.696,1.469,1.562,1.536,1.46,1.544,1.582,1.591
2025-07-24 16:11:50.588,1.583,1.581,1.695,1.468,1.567,1.54,1.46,1.545,1.582,1.59
2025-07-24 16:11:50.638,1.583,1.581,1.695,1.468,1.566,1.543,1.458,1.545,1.582,1.592
2025-07-24 16:11:50.687,1.583,1.581,1.695,1.468,1.57,1.544,1.458,1.546,1.581,1.591
2025-07-24 16:11:50.737,1.582,1.582,1.696,1.468,1.566,1.545,1.46,1.544,1.582,1.591
2025-07-24 16:11:50.787,1.583,1.58,1.696,1.468,1.572,1.546,1.458,1.545,1.582,1.591
2025-07-24 16:11:50.838,1.583,1.581,1.695,1.468,1.57,1.547,1.458,1.544,1.582,1.591
2025-07-24 16:11:50.888,1.583,1.581,1.694,1.467,1.569,1.549,1.459,1.545,1.582,1.591
2025-07-24 16:11:50.938,1.583,1.579,1.695,1.468,1.536,1.549,1.458,1.544,1.581,1.592
2025-07-24 16:11:50.988,1.582,1.582,1.694,1.468,1.49,1.551,1.459,1.545,1.582,1.591
2025-07-24 16:11:51.038,1.582,1.58,1.696,1.468,1.441,1.549,1.459,1.545,1.581,1.591
2025-07-24 16:11:51.088,1.584,1.581,1.694,1.469,1.391,1.549,1.459,1.545,1.581,1.59
2025-07-24 16:11:51.137,1.583,1.581,1.695,1.468,1.348,1.548,1.458,1.544,1.581,1.591
2025-07-24 16:11:51.187,1.583,1.58,1.695,1.468,1.316,1.546,1.458,1.544,1.582,1.591
2025-07-24 16:11:51.238,1.582,1.579,1.694,1.468,1.271,1.544,1.458,1.544,1.581,1.591
2025-07-24 16:11:51.287,1.583,1.581,1.694,1.469,1.256,1.54,1.461,1.544,1.581,1.591
2025-07-24 16:11:51.338,1.583,1.58,1.694,1.468,1.25,1.539,1.459,1.544,1.582,1.591
2025-07-24 16:11:51.388,1.582,1.58,1.695,1.468,1.249,1.537,1.458,1.544,1.581,1.59
2025-07-24 16:11:51.437,1.582,1.579,1.694,1.468,1.252,1.534,1.459,1.544,1.582,1.59
2025-07-24 16:11:51.488,1.582,1.58,1.694,1.468,1.276,1.532,1.457,1.544,1.581,1.59
2025-07-24 16:11:51.537,1.582,1.58,1.694,1.468,1.322,1.531,1.458,1.544,1.581,1.59
2025-07-24 16:11:51.588,1.582,1.58,1.694,1.468,1.387,1.53,1.458,1.544,1.581,1.59
2025-07-24 16:11:51.638,1.582,1.58,1.694,1.468,1.463,1.53,1.46,1.544,1.582,1.591
2025-07-24 16:11:51.687,1.582,1.579,1.695,1.468,1.519,1.532,1.457,1.544,1.582,1.592
2025-07-24 16:11:51.738,1.583,1.58,1.694,1.468,1.537,1.533,1.457,1.544,1.581,1.59
2025-07-24 16:11:51.788,1.582,1.58,1.695,1.468,1.556,1.534,1.457,1.544,1.581,1.59
2025-07-24 16:11:51.838,1.582,1.58,1.695,1.468,1.561,1.536,1.457,1.544,1.581,1.59
2025-07-24 16:11:51.888,1.582,1.58,1.694,1.468,1.569,1.537,1.457,1.544,1.58,1.591
2025-07-24 16:11:51.938,1.582,1.58,1.694,1.468,1.567,1.54,1.458,1.544,1.581,1.591
2025-07-24 16:11:51.988,1.582,1.579,1.694,1.468,1.57,1.541,1.458,1.544,1.581,1.591
2025-07-24 16:11:52.037,1.582,1.581,1.694,1.468,1.572,1.543,1.458,1.544,1.581,1.591
2025-07-24 16:11:52.088,1.583,1.58,1.695,1.469,1.57,1.544,1.457,1.544,1.581,1.591
2025-07-24 16:11:52.138,1.583,1.58,1.695,1.468,1.57,1.546,1.458,1.544,1.581,1.591
2025-07-24 16:11:52.187,1.583,1.58,1.695,1.468,1.575,1.546,1.459,1.544,1.58,1.591
2025-07-24 16:11:52.238,1.582,1.581,1.694,1.468,1.565,1.548,1.458,1.544,1.58,1.591
2025-07-24 16:11:52.288,1.582,1.58,1.694,1.468,1.528,1.55,1.459,1.544,1.581,1.591
2025-07-24 16:11:52.338,1.583,1.58,1.695,1.468,1.488,1.55,1.459,1.544,1.581,1.591
2025-07-24 16:11:52.388,1.582,1.58,1.694,1.468,1.443,1.551,1.458,1.544,1.582,1.59
2025-07-24 16:11:52.438,1.583,1.581,1.694,1.468,1.395,1.549,1.46,1.544,1.58,1.59
2025-07-24 16:11:52.488,1.582,1.58,1.695,1.468,1.345,1.548,1.458,1.544,1.581,1.59
2025-07-24 16:11:52.537,1.583,1.579,1.695,1.468,1.294,1.547,1.459,1.544,1.582,1.591
2025-07-24 16:11:52.588,1.583,1.58,1.694,1.468,1.256,1.544,1.459,1.544,1.581,1.59
2025-07-24 16:11:52.637,1.582,1.581,1.695,1.468,1.239,1.54,1.458,1.544,1.581,1.59
2025-07-24 16:11:52.688,1.582,1.579,1.694,1.468,1.236,1.539,1.459,1.544,1.581,1.59
2025-07-24 16:11:52.737,1.583,1.58,1.695,1.468,1.236,1.536,1.461,1.544,1.581,1.591
2025-07-24 16:11:52.788,1.583,1.58,1.694,1.469,1.249,1.534,1.459,1.544,1.581,1.591
2025-07-24 16:11:52.838,1.582,1.581,1.695,1.468,1.288,1.532,1.459,1.544,1.581,1.59
2025-07-24 16:11:52.888,1.582,1.58,1.695,1.469,1.353,1.531,1.458,1.544,1.581,1.59
2025-07-24 16:11:52.938,1.582,1.581,1.694,1.468,1.433,1.53,1.46,1.544,1.582,1.59
2025-07-24 16:11:52.987,1.582,1.58,1.694,1.468,1.503,1.531,1.457,1.544,1.581,1.591
2025-07-24 16:11:53.038,1.582,1.58,1.694,1.468,1.545,1.532,1.458,1.544,1.581,1.591
2025-07-24 16:11:53.088,1.583,1.58,1.694,1.468,1.553,1.535,1.458,1.544,1.58,1.591
2025-07-24 16:11:53.137,1.582,1.579,1.695,1.468,1.557,1.537,1.457,1.544,1.581,1.591
2025-07-24 16:11:53.187,1.582,1.579,1.694,1.468,1.568,1.538,1.457,1.544,1.581,1.591
2025-07-24 16:11:53.237,1.582,1.579,1.695,1.468,1.568,1.54,1.458,1.544,1.581,1.59
2025-07-24 16:11:53.288,1.582,1.58,1.694,1.469,1.57,1.542,1.458,1.544,1.581,1.591
2025-07-24 16:11:53.337,1.582,1.58,1.694,1.468,1.572,1.544,1.458,1.544,1.581,1.591
2025-07-24 16:11:53.388,1.583,1.579,1.695,1.468,1.574,1.544,1.459,1.544,1.581,1.59
2025-07-24 16:11:53.438,1.582,1.58,1.694,1.468,1.569,1.547,1.459,1.544,1.581,1.591
2025-07-24 16:11:53.488,1.582,1.58,1.694,1.468,1.572,1.547,1.46,1.544,1.581,1.59
2025-07-24 16:11:53.537,1.582,1.58,1.694,1.468,1.57,1.548,1.457,1.544,1.58,1.59
2025-07-24 16:11:53.588,1.582,1.579,1.694,1.468,1.564,1.549,1.457,1.544,1.58,1.59
2025-07-24 16:11:53.638,1.582,1.58,1.694,1.468,1.523,1.551,1.458,1.544,1.581,1.59
2025-07-24 16:11:53.687,1.582,1.58,1.694,1.468,1.477,1.551,1.458,1.544,1.581,1.59
2025-07-24 16:11:53.737,1.582,1.579,1.695,1.468,1.419,1.551,1.46,1.544,1.581,1.59
2025-07-24 16:11:53.788,1.582,1.581,1.694,1.468,1.37,1.55,1.457,1.544,1.581,1.59
2025-07-24 16:11:53.837,1.582,1.579,1.694,1.468,1.325,1.548,1.458,1.544,1.581,1.591
2025-07-24 16:11:53.888,1.582,1.58,1.694,1.468,1.267,1.546,1.459,1.544,1.58,1.59
2025-07-24 16:11:53.938,1.582,1.58,1.695,1.468,1.239,1.544,1.458,1.544,1.58,1.59
2025-07-24 16:11:53.987,1.581,1.579,1.694,1.467,1.236,1.541,1.458,1.544,1.58,1.59
2025-07-24 16:11:54.037,1.582,1.578,1.693,1.468,1.233,1.538,1.459,1.544,1.58,1.591
2025-07-24 16:11:54.087,1.582,1.579,1.694,1.469,1.242,1.536,1.458,1.544,1.581,1.59
2025-07-24 16:11:54.138,1.582,1.58,1.694,1.468,1.283,1.534,1.46,1.544,1.581,1.59
2025-07-24 16:11:54.188,1.582,1.58,1.694,1.468,1.333,1.532,1.458,1.544,1.58,1.59
2025-07-24 16:11:54.237,1.582,1.579,1.694,1.468,1.4,1.532,1.457,1.543,1.58,1.59
2025-07-24 16:11:54.287,1.582,1.578,1.694,1.468,1.477,1.531,1.458,1.544,1.58,1.59
2025-07-24 16:11:54.338,1.582,1.579,1.694,1.469,1.524,1.533,1.458,1.544,1.58,1.59
2025-07-24 16:11:54.387,1.582,1.58,1.695,1.468,1.549,1.535,1.458,1.544,1.58,1.59
2025-07-24 16:11:54.437,1.582,1.579,1.694,1.468,1.557,1.536,1.458,1.544,1.58,1.59
2025-07-24 16:11:54.488,1.582,1.579,1.694,1.467,1.555,1.538,1.458,1.544,1.58,1.59
2025-07-24 16:11:54.537,1.582,1.581,1.694,1.468,1.567,1.541,1.459,1.544,1.581,1.59
2025-07-24 16:11:54.587,1.582,1.579,1.694,1.468,1.567,1.542,1.458,1.544,1.58,1.59
2025-07-24 16:11:54.638,1.583,1.579,1.695,1.468,1.571,1.544,1.458,1.544,1.58,1.591
2025-07-24 16:11:54.688,1.582,1.581,1.694,1.468,1.572,1.545,1.459,1.544,1.582,1.59
2025-07-24 16:11:54.738,1.582,1.58,1.695,1.468,1.569,1.546,1.457,1.544,1.58,1.591
2025-07-24 16:11:54.788,1.583,1.58,1.694,1.468,1.569,1.547,1.459,1.544,1.581,1.59
2025-07-24 16:11:54.838,1.582,1.578,1.695,1.468,1.572,1.55,1.458,1.544,1.581,1.591
2025-07-24 16:11:54.887,1.582,1.579,1.694,1.468,1.561,1.55,1.457,1.544,1.58,1.59
2025-07-24 16:11:54.937,1.582,1.581,1.695,1.468,1.525,1.551,1.461,1.544,1.581,1.591
2025-07-24 16:11:54.987,1.582,1.58,1.694,1.468,1.483,1.553,1.458,1.544,1.58,1.59
2025-07-24 16:11:55.038,1.582,1.58,1.694,1.468,1.436,1.552,1.459,1.544,1.58,1.591
2025-07-24 16:11:55.088,1.583,1.579,1.694,1.468,1.379,1.551,1.46,1.544,1.581,1.59
2025-07-24 16:11:55.137,1.582,1.58,1.694,1.468,1.345,1.548,1.458,1.544,1.581,1.59
2025-07-24 16:11:55.188,1.582,1.58,1.694,1.468,1.296,1.547,1.458,1.544,1.581,1.591
2025-07-24 16:11:55.237,1.582,1.58,1.695,1.469,1.254,1.544,1.46,1.544,1.582,1.59
2025-07-24 16:11:55.288,1.583,1.579,1.695,1.468,1.237,1.542,1.459,1.544,1.581,1.59
2025-07-24 16:11:55.337,1.582,1.58,1.695,1.468,1.236,1.54,1.458,1.544,1.58,1.59
2025-07-24 16:11:55.387,1.582,1.581,1.694,1.468,1.225,1.538,1.459,1.545,1.581,1.59
2025-07-24 16:11:55.437,1.582,1.581,1.694,1.468,1.253,1.535,1.458,1.544,1.581,1.59
2025-07-24 16:11:55.487,1.582,1.579,1.695,1.468,1.292,1.532,1.461,1.544,1.581,1.59
2025-07-24 16:11:55.537,1.583,1.581,1.694,1.469,1.356,1.532,1.459,1.544,1.581,1.591
2025-07-24 16:11:55.588,1.583,1.58,1.694,1.468,1.421,1.531,1.458,1.544,1.581,1.591
2025-07-24 16:11:55.638,1.582,1.58,1.694,1.468,1.487,1.532,1.459,1.544,1.581,1.59
2025-07-24 16:11:55.687,1.582,1.581,1.694,1.468,1.536,1.533,1.457,1.544,1.58,1.59
2025-07-24 16:11:55.738,1.582,1.58,1.694,1.468,1.551,1.535,1.458,1.544,1.58,1.59
2025-07-24 16:11:55.787,1.582,1.58,1.694,1.467,1.561,1.536,1.457,1.544,1.581,1.59
2025-07-24 16:11:55.838,1.582,1.58,1.694,1.468,1.569,1.538,1.459,1.544,1.581,1.59
2025-07-24 16:11:55.888,1.582,1.579,1.695,1.468,1.563,1.54,1.458,1.545,1.581,1.591
2025-07-24 16:11:55.938,1.583,1.58,1.694,1.468,1.568,1.542,1.458,1.544,1.58,1.59
2025-07-24 16:11:55.988,1.582,1.579,1.694,1.468,1.568,1.543,1.459,1.544,1.581,1.591
2025-07-24 16:11:56.037,1.582,1.578,1.694,1.469,1.573,1.544,1.459,1.544,1.581,1.59
2025-07-24 16:11:56.087,1.582,1.58,1.695,1.468,1.577,1.546,1.457,1.544,1.582,1.59
2025-07-24 16:11:56.137,1.582,1.579,1.695,1.468,1.573,1.548,1.458,1.544,1.581,1.59
2025-07-24 16:11:56.188,1.582,1.58,1.694,1.468,1.573,1.548,1.458,1.544,1.581,1.59
2025-07-24 16:11:56.237,1.582,1.579,1.694,1.468,1.554,1.55,1.458,1.544,1.581,1.59
2025-07-24 16:11:56.288,1.582,1.579,1.695,1.468,1.517,1.549,1.458,1.544,1.581,1.59
2025-07-24 16:11:56.337,1.582,1.579,1.694,1.468,1.474,1.551,1.458,1.544,1.58,1.59
2025-07-24 16:11:56.388,1.582,1.579,1.694,1.468,1.429,1.55,1.457,1.544,1.58,1.59
2025-07-24 16:11:56.438,1.582,1.58,1.694,1.468,1.383,1.55,1.458,1.544,1.58,1.59
2025-07-24 16:11:56.487,1.582,1.579,1.694,1.468,1.333,1.547,1.459,1.544,1.581,1.59
2025-07-24 16:11:56.537,1.582,1.579,1.694,1.468,1.291,1.546,1.458,1.544,1.58,1.59
2025-07-24 16:11:56.587,1.582,1.579,1.694,1.468,1.256,1.544,1.458,1.544,1.58,1.59
2025-07-24 16:11:56.638,1.582,1.579,1.694,1.468,1.239,1.541,1.458,1.543,1.58,1.59
2025-07-24 16:11:56.688,1.582,1.579,1.694,1.467,1.244,1.539,1.46,1.544,1.58,1.59
2025-07-24 16:11:56.737,1.582,1.579,1.694,1.468,1.245,1.536,1.459,1.544,1.581,1.591
2025-07-24 16:11:56.788,1.583,1.579,1.695,1.468,1.271,1.535,1.459,1.544,1.581,1.59
2025-07-24 16:11:56.837,1.582,1.579,1.694,1.467,1.314,1.533,1.459,1.544,1.581,1.59
2025-07-24 16:11:56.887,1.582,1.58,1.694,1.468,1.378,1.532,1.458,1.544,1.581,1.59
2025-07-24 16:11:56.937,1.582,1.579,1.694,1.468,1.449,1.531,1.457,1.544,1.581,1.59
2025-07-24 16:11:56.987,1.583,1.579,1.695,1.468,1.506,1.533,1.458,1.544,1.581,1.591
2025-07-24 16:11:57.038,1.582,1.579,1.694,1.468,1.54,1.534,1.457,1.544,1.581,1.591
2025-07-24 16:11:57.087,1.582,1.58,1.695,1.468,1.546,1.538,1.459,1.545,1.581,1.591
2025-07-24 16:11:57.138,1.583,1.581,1.695,1.468,1.564,1.538,1.459,1.544,1.581,1.591
2025-07-24 16:11:57.187,1.583,1.58,1.695,1.468,1.565,1.54,1.457,1.545,1.582,1.591
2025-07-24 16:11:57.237,1.583,1.581,1.694,1.468,1.559,1.542,1.459,1.545,1.582,1.591
2025-07-24 16:11:57.287,1.583,1.58,1.696,1.468,1.569,1.543,1.46,1.545,1.582,1.591
2025-07-24 16:11:57.337,1.583,1.58,1.696,1.468,1.57,1.544,1.459,1.545,1.582,1.591
2025-07-24 16:11:57.388,1.583,1.581,1.695,1.468,1.572,1.546,1.46,1.546,1.581,1.591
2025-07-24 16:11:57.437,1.584,1.58,1.695,1.468,1.57,1.547,1.461,1.545,1.582,1.592
2025-07-24 16:11:57.487,1.583,1.581,1.694,1.468,1.566,1.549,1.461,1.545,1.582,1.591
2025-07-24 16:11:57.538,1.583,1.581,1.695,1.468,1.564,1.55,1.461,1.545,1.582,1.592
2025-07-24 16:11:57.587,1.583,1.581,1.696,1.468,1.528,1.552,1.46,1.546,1.582,1.591
2025-07-24 16:11:57.638,1.583,1.581,1.695,1.468,1.492,1.553,1.46,1.546,1.582,1.591
2025-07-24 16:11:57.688,1.584,1.58,1.695,1.468,1.444,1.552,1.461,1.546,1.582,1.592
2025-07-24 16:11:57.737,1.583,1.581,1.695,1.468,1.393,1.551,1.46,1.546,1.582,1.592
2025-07-24 16:11:57.787,1.584,1.582,1.696,1.468,1.35,1.55,1.46,1.546,1.583,1.592
2025-07-24 16:11:57.838,1.584,1.581,1.696,1.468,1.304,1.548,1.461,1.546,1.582,1.592
2025-07-24 16:11:57.887,1.583,1.581,1.696,1.468,1.262,1.546,1.461,1.546,1.582,1.591
2025-07-24 16:11:57.938,1.584,1.581,1.695,1.468,1.252,1.543,1.461,1.546,1.582,1.591
2025-07-24 16:11:57.987,1.584,1.581,1.694,1.468,1.25,1.54,1.46,1.546,1.582,1.591
2025-07-24 16:11:58.037,1.584,1.581,1.695,1.468,1.253,1.539,1.46,1.547,1.582,1.593
2025-07-24 16:11:58.087,1.583,1.581,1.695,1.469,1.264,1.536,1.461,1.546,1.582,1.592
2025-07-24 16:11:58.137,1.583,1.582,1.697,1.468,1.301,1.534,1.461,1.546,1.583,1.593
2025-07-24 16:11:58.188,1.584,1.581,1.696,1.468,1.359,1.533,1.46,1.546,1.583,1.592
2025-07-24 16:11:58.238,1.584,1.582,1.695,1.468,1.438,1.533,1.461,1.546,1.583,1.592
2025-07-24 16:11:58.287,1.584,1.581,1.697,1.468,1.501,1.533,1.459,1.546,1.582,1.593
2025-07-24 16:11:58.337,1.584,1.582,1.696,1.468,1.539,1.536,1.459,1.547,1.582,1.592
2025-07-24 16:11:58.387,1.584,1.582,1.696,1.468,1.549,1.536,1.46,1.547,1.582,1.593
2025-07-24 16:11:58.437,1.584,1.582,1.696,1.468,1.548,1.539,1.46,1.546,1.582,1.593
2025-07-24 16:11:58.487,1.584,1.582,1.696,1.468,1.569,1.541,1.459,1.547,1.582,1.593
2025-07-24 16:11:58.538,1.584,1.582,1.696,1.467,1.566,1.542,1.46,1.546,1.582,1.592
2025-07-24 16:11:58.587,1.584,1.581,1.696,1.468,1.57,1.544,1.46,1.547,1.581,1.592
2025-07-24 16:11:58.638,1.583,1.582,1.696,1.468,1.571,1.545,1.459,1.547,1.582,1.592
2025-07-24 16:11:58.688,1.584,1.58,1.695,1.468,1.567,1.547,1.46,1.547,1.581,1.593
2025-07-24 16:11:58.738,1.584,1.581,1.696,1.468,1.573,1.548,1.46,1.547,1.581,1.593
2025-07-24 16:11:58.787,1.584,1.582,1.696,1.467,1.571,1.549,1.459,1.547,1.581,1.592
2025-07-24 16:11:58.837,1.584,1.582,1.696,1.469,1.561,1.551,1.458,1.547,1.581,1.593
2025-07-24 16:11:58.888,1.584,1.582,1.695,1.469,1.537,1.552,1.46,1.547,1.581,1.592
2025-07-24 16:11:58.938,1.583,1.582,1.696,1.469,1.499,1.553,1.46,1.547,1.58,1.592
2025-07-24 16:11:58.988,1.583,1.582,1.695,1.468,1.458,1.553,1.46,1.546,1.58,1.591
2025-07-24 16:11:59.038,1.583,1.582,1.696,1.468,1.416,1.552,1.46,1.546,1.58,1.591
2025-07-24 16:11:59.087,1.584,1.581,1.696,1.468,1.363,1.55,1.461,1.547,1.58,1.592
2025-07-24 16:11:59.138,1.583,1.581,1.696,1.468,1.325,1.549,1.461,1.546,1.58,1.592
2025-07-24 16:11:59.188,1.584,1.582,1.696,1.468,1.284,1.547,1.459,1.547,1.58,1.591
2025-07-24 16:11:59.238,1.583,1.582,1.696,1.468,1.259,1.544,1.461,1.546,1.579,1.592
2025-07-24 16:11:59.287,1.583,1.582,1.696,1.468,1.257,1.543,1.46,1.547,1.58,1.592
2025-07-24 16:11:59.337,1.583,1.581,1.696,1.468,1.258,1.54,1.461,1.546,1.579,1.592
2025-07-24 16:11:59.387,1.584,1.582,1.697,1.468,1.266,1.538,1.46,1.546,1.579,1.592
2025-07-24 16:11:59.436,1.583,1.581,1.696,1.468,1.297,1.536,1.461,1.547,1.579,1.592
2025-07-24 16:11:59.487,1.584,1.581,1.696,1.468,1.343,1.535,1.461,1.547,1.579,1.591
2025-07-24 16:11:59.538,1.584,1.581,1.695,1.468,1.406,1.534,1.459,1.547,1.578,1.592
2025-07-24 16:11:59.588,1.585,1.581,1.696,1.469,1.47,1.534,1.459,1.546,1.578,1.591
2025-07-24 16:11:59.637,1.584,1.582,1.695,1.468,1.522,1.536,1.461,1.547,1.578,1.591
2025-07-24 16:11:59.687,1.584,1.582,1.696,1.468,1.548,1.536,1.459,1.547,1.579,1.591
2025-07-24 16:11:59.738,1.583,1.582,1.694,1.468,1.553,1.538,1.459,1.547,1.579,1.591
2025-07-24 16:11:59.788,1.583,1.582,1.696,1.468,1.562,1.539,1.458,1.547,1.578,1.591
2025-07-24 16:11:59.837,1.583,1.582,1.696,1.468,1.562,1.54,1.46,1.546,1.579,1.591
2025-07-24 16:11:59.888,1.583,1.581,1.696,1.468,1.568,1.542,1.458,1.546,1.579,1.591
2025-07-24 16:11:59.937,1.583,1.582,1.695,1.467,1.57,1.544,1.46,1.546,1.579,1.591
2025-07-24 16:11:59.987,1.583,1.581,1.696,1.468,1.569,1.545,1.458,1.546,1.578,1.591
2025-07-24 16:12:00.037,1.582,1.581,1.695,1.469,1.569,1.547,1.459,1.547,1.578,1.59
2025-07-24 16:12:00.088,1.584,1.582,1.696,1.469,1.564,1.548,1.459,1.546,1.58,1.591
2025-07-24 16:12:00.137,1.583,1.581,1.696,1.468,1.564,1.551,1.46,1.546,1.579,1.592
2025-07-24 16:12:00.187,1.583,1.582,1.695,1.469,1.543,1.551,1.459,1.546,1.58,1.591
2025-07-24 16:12:00.238,1.584,1.581,1.696,1.469,1.516,1.551,1.459,1.546,1.579,1.59
2025-07-24 16:12:00.287,1.583,1.581,1.694,1.469,1.477,1.551,1.458,1.546,1.579,1.59
2025-07-24 16:12:00.337,1.582,1.581,1.695,1.468,1.434,1.553,1.459,1.546,1.58,1.59
2025-07-24 16:12:00.388,1.583,1.581,1.695,1.468,1.383,1.549,1.46,1.546,1.579,1.591
2025-07-24 16:12:00.438,1.582,1.581,1.694,1.468,1.35,1.549,1.461,1.546,1.58,1.59
2025-07-24 16:12:00.488,1.582,1.581,1.695,1.468,1.312,1.548,1.458,1.546,1.581,1.59
2025-07-24 16:12:00.537,1.584,1.581,1.695,1.468,1.287,1.545,1.46,1.546,1.58,1.59
2025-07-24 16:12:00.587,1.583,1.581,1.695,1.468,1.273,1.543,1.461,1.546,1.58,1.59
2025-07-24 16:12:00.637,1.583,1.581,1.695,1.468,1.28,1.54,1.459,1.546,1.581,1.59
2025-07-24 16:12:00.688,1.582,1.58,1.695,1.468,1.277,1.538,1.458,1.546,1.581,1.59
2025-07-24 16:12:00.737,1.582,1.58,1.694,1.468,1.301,1.536,1.459,1.546,1.581,1.59
2025-07-24 16:12:00.787,1.582,1.581,1.694,1.468,1.351,1.536,1.461,1.546,1.58,1.59
2025-07-24 16:12:00.837,1.582,1.58,1.695,1.468,1.418,1.536,1.459,1.546,1.58,1.59
2025-07-24 16:12:00.888,1.582,1.58,1.694,1.468,1.489,1.535,1.457,1.545,1.58,1.59
2025-07-24 16:12:00.937,1.582,1.581,1.695,1.468,1.539,1.536,1.457,1.545,1.581,1.59
2025-07-24 16:12:00.987,1.583,1.581,1.694,1.468,1.55,1.538,1.457,1.545,1.58,1.59
2025-07-24 16:12:01.038,1.583,1.579,1.694,1.468,1.555,1.539,1.458,1.545,1.58,1.59
2025-07-24 16:12:01.088,1.582,1.579,1.694,1.468,1.558,1.542,1.457,1.545,1.58,1.59
2025-07-24 16:12:01.138,1.582,1.579,1.694,1.468,1.558,1.543,1.457,1.545,1.581,1.59
2025-07-24 16:12:01.187,1.582,1.58,1.694,1.468,1.572,1.544,1.459,1.545,1.581,1.59
2025-07-24 16:12:01.237,1.582,1.579,1.695,1.469,1.573,1.544,1.458,1.544,1.579,1.59
2025-07-24 16:12:01.287,1.582,1.578,1.695,1.469,1.571,1.547,1.458,1.545,1.58,1.59
2025-07-24 16:12:01.337,1.582,1.579,1.695,1.468,1.57,1.548,1.459,1.545,1.581,1.59
2025-07-24 16:12:01.387,1.582,1.579,1.694,1.468,1.572,1.549,1.459,1.544,1.581,1.59
2025-07-24 16:12:01.438,1.582,1.58,1.694,1.468,1.575,1.551,1.458,1.546,1.581,1.59
2025-07-24 16:12:01.488,1.582,1.581,1.695,1.468,1.545,1.552,1.46,1.545,1.58,1.59
2025-07-24 16:12:01.538,1.582,1.58,1.695,1.469,1.507,1.552,1.461,1.545,1.582,1.59
2025-07-24 16:12:01.587,1.583,1.58,1.695,1.469,1.47,1.553,1.46,1.546,1.581,1.59
2025-07-24 16:12:01.638,1.582,1.579,1.695,1.468,1.435,1.553,1.46,1.546,1.581,1.59
2025-07-24 16:12:01.688,1.582,1.58,1.694,1.468,1.386,1.551,1.458,1.545,1.58,1.59
2025-07-24 16:12:01.737,1.582,1.579,1.695,1.468,1.326,1.55,1.461,1.545,1.581,1.59
2025-07-24 16:12:01.787,1.582,1.58,1.694,1.469,1.285,1.548,1.458,1.545,1.58,1.59
2025-07-24 16:12:01.837,1.582,1.58,1.695,1.468,1.258,1.546,1.458,1.545,1.581,1.591
2025-07-24 16:12:01.889,1.582,1.579,1.695,1.468,1.258,1.544,1.459,1.545,1.582,1.59
2025-07-24 16:12:01.938,1.582,1.58,1.694,1.468,1.262,1.54,1.459,1.545,1.581,1.591
2025-07-24 16:12:01.987,1.582,1.579,1.694,1.468,1.301,1.539,1.46,1.545,1.581,1.59
2025-07-24 16:12:02.037,1.582,1.58,1.695,1.468,1.351,1.537,1.459,1.546,1.582,1.59
2025-07-24 16:12:02.087,1.582,1.58,1.694,1.468,1.422,1.536,1.46,1.546,1.581,1.591
2025-07-24 16:12:02.137,1.582,1.579,1.694,1.469,1.481,1.538,1.461,1.545,1.581,1.59
2025-07-24 16:12:02.188,1.582,1.58,1.695,1.468,1.525,1.538,1.459,1.546,1.581,1.59
2025-07-24 16:12:02.237,1.582,1.579,1.695,1.468,1.549,1.54,1.46,1.545,1.581,1.59
2025-07-24 16:12:02.287,1.582,1.579,1.694,1.469,1.553,1.54,1.459,1.545,1.58,1.59
2025-07-24 16:12:02.337,1.582,1.579,1.694,1.468,1.561,1.542,1.458,1.546,1.581,1.59
2025-07-24 16:12:02.387,1.582,1.58,1.696,1.468,1.565,1.544,1.46,1.545,1.582,1.591
2025-07-24 16:12:02.438,1.583,1.58,1.694,1.468,1.569,1.544,1.46,1.545,1.582,1.59
2025-07-24 16:12:02.487,1.582,1.581,1.695,1.469,1.572,1.546,1.459,1.546,1.582,1.59
2025-07-24 16:12:02.538,1.582,1.58,1.694,1.468,1.569,1.548,1.46,1.545,1.58,1.59
2025-07-24 16:12:02.587,1.582,1.58,1.694,1.468,1.569,1.549,1.458,1.546,1.582,1.59
2025-07-24 16:12:02.637,1.582,1.58,1.694,1.469,1.578,1.55,1.458,1.546,1.582,1.59
2025-07-24 16:12:02.687,1.582,1.579,1.694,1.468,1.577,1.551,1.459,1.546,1.582,1.591
2025-07-24 16:12:02.738,1.583,1.58,1.695,1.468,1.577,1.553,1.459,1.546,1.582,1.591
2025-07-24 16:12:02.788,1.582,1.579,1.696,1.467,1.533,1.555,1.458,1.545,1.581,1.59
2025-07-24 16:12:02.838,1.582,1.579,1.694,1.468,1.495,1.553,1.459,1.545,1.582,1.59
2025-07-24 16:12:02.888,1.582,1.58,1.694,1.469,1.45,1.555,1.459,1.546,1.582,1.59
2025-07-24 16:12:02.937,1.582,1.579,1.694,1.468,1.398,1.553,1.46,1.546,1.581,1.59
2025-07-24 16:12:02.988,1.583,1.579,1.694,1.468,1.342,1.553,1.46,1.546,1.581,1.59
2025-07-24 16:12:03.037,1.582,1.579,1.694,1.468,1.295,1.549,1.461,1.545,1.582,1.59
2025-07-24 16:12:03.087,1.582,1.579,1.694,1.468,1.269,1.548,1.459,1.546,1.581,1.59
2025-07-24 16:12:03.138,1.582,1.58,1.694,1.468,1.266,1.544,1.46,1.545,1.582,1.59
2025-07-24 16:12:03.187,1.582,1.579,1.695,1.469,1.255,1.542,1.46,1.546,1.581,1.59
2025-07-24 16:12:03.238,1.582,1.579,1.694,1.468,1.279,1.54,1.46,1.544,1.581,1.591
2025-07-24 16:12:03.288,1.582,1.579,1.694,1.468,1.305,1.538,1.46,1.546,1.582,1.59
2025-07-24 16:12:03.337,1.582,1.58,1.694,1.467,1.339,1.537,1.46,1.545,1.581,1.59
2025-07-24 16:12:03.388,1.582,1.579,1.694,1.468,1.397,1.536,1.458,1.546,1.581,1.59
2025-07-24 16:12:03.438,1.582,1.579,1.694,1.468,1.46,1.536,1.46,1.545,1.582,1.59
2025-07-24 16:12:03.487,1.582,1.578,1.694,1.468,1.511,1.536,1.46,1.545,1.581,1.59
2025-07-24 16:12:03.537,1.582,1.579,1.694,1.468,1.548,1.538,1.458,1.545,1.581,1.591
2025-07-24 16:12:03.587,1.582,1.579,1.694,1.469,1.566,1.54,1.458,1.545,1.582,1.59
2025-07-24 16:12:03.637,1.582,1.579,1.694,1.468,1.566,1.542,1.458,1.545,1.581,1.59
2025-07-24 16:12:03.687,1.582,1.579,1.694,1.468,1.573,1.543,1.459,1.545,1.581,1.59
2025-07-24 16:12:03.738,1.582,1.578,1.694,1.468,1.573,1.544,1.457,1.545,1.582,1.59
2025-07-24 16:12:03.787,1.582,1.578,1.694,1.467,1.573,1.546,1.459,1.544,1.581,1.59
2025-07-24 16:12:03.838,1.582,1.579,1.694,1.468,1.575,1.547,1.458,1.545,1.58,1.59
2025-07-24 16:12:03.887,1.582,1.58,1.694,1.468,1.573,1.548,1.46,1.545,1.581,1.59
2025-07-24 16:12:03.938,1.582,1.579,1.694,1.468,1.58,1.55,1.458,1.545,1.581,1.59
2025-07-24 16:12:03.988,1.582,1.579,1.694,1.468,1.569,1.551,1.46,1.545,1.582,1.59
2025-07-24 16:12:04.037,1.582,1.579,1.694,1.468,1.533,1.552,1.46,1.544,1.582,1.59
2025-07-24 16:12:04.087,1.582,1.58,1.695,1.468,1.48,1.553,1.46,1.544,1.581,1.591
2025-07-24 16:12:04.137,1.582,1.579,1.694,1.469,1.43,1.552,1.46,1.546,1.582,1.59
2025-07-24 16:12:04.187,1.582,1.579,1.694,1.468,1.376,1.551,1.46,1.545,1.582,1.59
2025-07-24 16:12:04.237,1.582,1.579,1.695,1.468,1.337,1.549,1.459,1.545,1.581,1.591
2025-07-24 16:12:04.288,1.582,1.579,1.695,1.468,1.301,1.548,1.459,1.545,1.581,1.59
2025-07-24 16:12:04.338,1.582,1.579,1.694,1.468,1.264,1.547,1.46,1.545,1.582,1.591
2025-07-24 16:12:04.387,1.582,1.579,1.694,1.468,1.26,1.543,1.46,1.546,1.582,1.591
2025-07-24 16:12:04.438,1.582,1.58,1.694,1.468,1.262,1.541,1.46,1.546,1.582,1.59
2025-07-24 16:12:04.487,1.582,1.579,1.696,1.468,1.259,1.538,1.459,1.545,1.582,1.59
2025-07-24 16:12:04.538,1.582,1.579,1.694,1.468,1.276,1.536,1.46,1.545,1.582,1.59
2025-07-24 16:12:04.587,1.582,1.579,1.694,1.468,1.312,1.536,1.459,1.546,1.582,1.59
2025-07-24 16:12:04.637,1.582,1.579,1.695,1.468,1.372,1.534,1.459,1.546,1.582,1.59
2025-07-24 16:12:04.687,1.582,1.58,1.694,1.468,1.441,1.534,1.458,1.546,1.581,1.591
2025-07-24 16:12:04.738,1.582,1.578,1.695,1.468,1.506,1.535,1.46,1.546,1.581,1.59
2025-07-24 16:12:04.787,1.582,1.579,1.694,1.468,1.546,1.536,1.458,1.546,1.581,1.59
2025-07-24 16:12:04.837,1.582,1.58,1.694,1.468,1.552,1.537,1.458,1.546,1.582,1.591
2025-07-24 16:12:04.887,1.582,1.578,1.694,1.469,1.569,1.539,1.459,1.545,1.582,1.591
2025-07-24 16:12:04.937,1.582,1.58,1.694,1.468,1.561,1.54,1.46,1.545,1.582,1.591
2025-07-24 16:12:04.988,1.582,1.58,1.695,1.468,1.57,1.544,1.459,1.545,1.582,1.59
2025-07-24 16:12:05.038,1.582,1.579,1.694,1.468,1.567,1.545,1.46,1.545,1.582,1.591
2025-07-24 16:12:05.088,1.582,1.579,1.695,1.468,1.571,1.545,1.459,1.545,1.581,1.591
2025-07-24 16:12:05.137,1.582,1.579,1.694,1.468,1.575,1.546,1.458,1.546,1.582,1.59
2025-07-24 16:12:05.187,1.582,1.58,1.694,1.468,1.571,1.548,1.459,1.545,1.582,1.59
2025-07-24 16:12:05.238,1.582,1.579,1.694,1.468,1.573,1.549,1.458,1.545,1.582,1.59
2025-07-24 16:12:05.288,1.583,1.578,1.694,1.468,1.55,1.549,1.459,1.545,1.582,1.591
2025-07-24 16:12:05.337,1.582,1.579,1.694,1.468,1.508,1.551,1.459,1.545,1.581,1.59
2025-07-24 16:12:05.388,1.582,1.579,1.694,1.468,1.463,1.552,1.459,1.545,1.582,1.59
2025-07-24 16:12:05.438,1.582,1.579,1.694,1.468,1.406,1.55,1.459,1.545,1.582,1.591
2025-07-24 16:12:05.488,1.583,1.579,1.694,1.468,1.361,1.549,1.458,1.545,1.581,1.591
2025-07-24 16:12:05.537,1.582,1.579,1.694,1.469,1.319,1.548,1.459,1.545,1.582,1.59
2025-07-24 16:12:05.587,1.582,1.579,1.694,1.468,1.276,1.545,1.459,1.544,1.581,1.59
2025-07-24 16:12:05.637,1.582,1.578,1.694,1.468,1.257,1.543,1.458,1.545,1.582,1.59
2025-07-24 16:12:05.687,1.582,1.579,1.694,1.468,1.257,1.541,1.459,1.544,1.581,1.591
2025-07-24 16:12:05.738,1.582,1.579,1.693,1.468,1.254,1.539,1.459,1.545,1.582,1.591
2025-07-24 16:12:05.787,1.582,1.58,1.694,1.468,1.255,1.536,1.46,1.544,1.582,1.591
2025-07-24 16:12:05.837,1.582,1.579,1.694,1.468,1.287,1.534,1.458,1.544,1.581,1.59
2025-07-24 16:12:05.888,1.582,1.579,1.694,1.468,1.341,1.532,1.46,1.544,1.582,1.59
2025-07-24 16:12:05.937,1.582,1.578,1.694,1.468,1.411,1.532,1.459,1.545,1.582,1.591
2025-07-24 16:12:05.988,1.583,1.579,1.694,1.468,1.482,1.532,1.458,1.544,1.581,1.59
2025-07-24 16:12:06.038,1.582,1.579,1.695,1.468,1.528,1.533,1.458,1.544,1.582,1.59
2025-07-24 16:12:06.088,1.582,1.578,1.694,1.468,1.548,1.536,1.458,1.544,1.582,1.591
2025-07-24 16:12:06.138,1.582,1.579,1.694,1.468,1.552,1.536,1.458,1.545,1.582,1.59
2025-07-24 16:12:06.188,1.582,1.579,1.694,1.468,1.561,1.538,1.457,1.544,1.581,1.59
2025-07-24 16:12:06.238,1.582,1.578,1.694,1.468,1.568,1.54,1.458,1.544,1.581,1.591
2025-07-24 16:12:06.288,1.582,1.58,1.695,1.468,1.57,1.543,1.459,1.544,1.582,1.591
2025-07-24 16:12:06.338,1.582,1.579,1.694,1.468,1.571,1.544,1.459,1.544,1.581,1.59
2025-07-24 16:12:06.388,1.583,1.578,1.695,1.469,1.573,1.545,1.459,1.545,1.581,1.591
2025-07-24 16:12:06.438,1.582,1.579,1.694,1.468,1.573,1.546,1.459,1.544,1.581,1.591
2025-07-24 16:12:06.487,1.582,1.579,1.694,1.467,1.57,1.547,1.458,1.544,1.581,1.591
2025-07-24 16:12:06.538,1.582,1.579,1.694,1.468,1.573,1.548,1.459,1.544,1.581,1.59
2025-07-24 16:12:06.587,1.582,1.579,1.695,1.468,1.548,1.55,1.458,1.544,1.581,1.59
2025-07-24 16:12:06.638,1.582,1.58,1.694,1.468,1.517,1.55,1.458,1.544,1.582,1.59
2025-07-24 16:12:06.687,1.582,1.58,1.695,1.468,1.475,1.552,1.46,1.544,1.581,1.59
2025-07-24 16:12:06.737,1.582,1.58,1.694,1.468,1.434,1.551,1.458,1.544,1.581,1.59
2025-07-24 16:12:06.788,1.582,1.579,1.695,1.468,1.386,1.551,1.461,1.545,1.581,1.59
2025-07-24 16:12:06.838,1.582,1.58,1.694,1.468,1.34,1.548,1.459,1.544,1.581,1.59
2025-07-24 16:12:06.888,1.583,1.58,1.694,1.469,1.29,1.548,1.46,1.544,1.582,1.591
2025-07-24 16:12:06.938,1.582,1.58,1.694,1.468,1.262,1.544,1.458,1.544,1.581,1.591
2025-07-24 16:12:06.987,1.582,1.578,1.695,1.468,1.249,1.542,1.459,1.545,1.581,1.59
2025-07-24 16:12:07.038,1.582,1.579,1.694,1.468,1.247,1.54,1.459,1.544,1.581,1.59
2025-07-24 16:12:07.087,1.582,1.578,1.694,1.468,1.247,1.537,1.459,1.545,1.581,1.59
2025-07-24 16:12:07.138,1.582,1.58,1.694,1.468,1.265,1.535,1.459,1.544,1.581,1.591
2025-07-24 16:12:07.187,1.582,1.58,1.695,1.468,1.304,1.532,1.459,1.544,1.581,1.59
2025-07-24 16:12:07.238,1.582,1.578,1.694,1.468,1.365,1.532,1.457,1.545,1.581,1.591
2025-07-24 16:12:07.288,1.582,1.58,1.695,1.468,1.435,1.532,1.457,1.545,1.581,1.59
2025-07-24 16:12:07.337,1.582,1.579,1.694,1.468,1.494,1.533,1.458,1.544,1.581,1.59
2025-07-24 16:12:07.387,1.583,1.579,1.694,1.467,1.531,1.535,1.458,1.544,1.581,1.59
2025-07-24 16:12:07.437,1.583,1.579,1.695,1.468,1.549,1.536,1.457,1.544,1.581,1.591
2025-07-24 16:12:07.488,1.582,1.58,1.694,1.468,1.553,1.537,1.457,1.544,1.582,1.591
2025-07-24 16:12:07.537,1.582,1.579,1.695,1.468,1.565,1.538,1.459,1.544,1.58,1.59
2025-07-24 16:12:07.588,1.582,1.579,1.694,1.468,1.565,1.54,1.457,1.544,1.581,1.59
2025-07-24 16:12:07.637,1.582,1.579,1.694,1.468,1.566,1.543,1.46,1.544,1.581,1.59
2025-07-24 16:12:07.687,1.582,1.579,1.694,1.468,1.569,1.544,1.457,1.544,1.581,1.59
2025-07-24 16:12:07.737,1.582,1.58,1.694,1.467,1.571,1.545,1.458,1.544,1.581,1.59
2025-07-24 16:12:07.787,1.582,1.579,1.694,1.468,1.573,1.546,1.458,1.544,1.581,1.59
2025-07-24 16:12:07.838,1.582,1.578,1.694,1.468,1.578,1.548,1.458,1.544,1.58,1.59
2025-07-24 16:12:07.887,1.582,1.579,1.694,1.468,1.575,1.549,1.458,1.544,1.58,1.59
2025-07-24 16:12:07.938,1.582,1.578,1.694,1.468,1.585,1.55,1.459,1.544,1.581,1.59
2025-07-24 16:12:07.988,1.582,1.578,1.694,1.468,1.542,1.552,1.457,1.544,1.58,1.59
2025-07-24 16:12:08.037,1.582,1.578,1.694,1.468,1.503,1.553,1.458,1.544,1.581,1.59
2025-07-24 16:12:08.087,1.582,1.578,1.694,1.468,1.457,1.553,1.459,1.544,1.58,1.59
2025-07-24 16:12:08.137,1.582,1.579,1.694,1.468,1.403,1.552,1.459,1.544,1.579,1.59
2025-07-24 16:12:08.187,1.582,1.579,1.694,1.468,1.364,1.55,1.457,1.544,1.58,1.59
2025-07-24 16:12:08.237,1.582,1.578,1.694,1.468,1.314,1.548,1.458,1.544,1.581,1.59
2025-07-24 16:12:08.287,1.582,1.577,1.694,1.468,1.27,1.546,1.46,1.544,1.58,1.591
2025-07-24 16:12:08.337,1.582,1.58,1.694,1.468,1.237,1.544,1.458,1.544,1.581,1.59
2025-07-24 16:12:08.387,1.582,1.579,1.695,1.468,1.233,1.54,1.459,1.544,1.58,1.59
2025-07-24 16:12:08.437,1.582,1.579,1.694,1.468,1.232,1.538,1.46,1.544,1.58,1.59
2025-07-24 16:12:08.487,1.582,1.579,1.694,1.468,1.233,1.536,1.457,1.544,1.581,1.59
2025-07-24 16:12:08.538,1.582,1.579,1.694,1.468,1.257,1.535,1.458,1.544,1.581,1.59
2025-07-24 16:12:08.588,1.582,1.579,1.694,1.468,1.3,1.532,1.458,1.544,1.581,1.59
2025-07-24 16:12:08.638,1.581,1.579,1.694,1.468,1.362,1.532,1.458,1.544,1.58,1.591
2025-07-24 16:12:08.687,1.583,1.579,1.694,1.468,1.434,1.532,1.458,1.544,1.582,1.59
2025-07-24 16:12:08.737,1.582,1.579,1.694,1.468,1.486,1.532,1.457,1.544,1.581,1.59
2025-07-24 16:12:08.788,1.582,1.579,1.694,1.469,1.531,1.532,1.458,1.544,1.581,1.59
2025-07-24 16:12:08.837,1.582,1.579,1.694,1.468,1.545,1.535,1.457,1.544,1.58,1.59
2025-07-24 16:12:08.887,1.582,1.579,1.694,1.468,1.553,1.536,1.458,1.544,1.581,1.59
2025-07-24 16:12:08.937,1.582,1.579,1.694,1.468,1.552,1.538,1.458,1.544,1.581,1.59
2025-07-24 16:12:08.988,1.582,1.579,1.694,1.468,1.565,1.541,1.457,1.543,1.58,1.59
2025-07-24 16:12:09.037,1.582,1.578,1.695,1.468,1.569,1.542,1.458,1.544,1.58,1.59
2025-07-24 16:12:09.088,1.582,1.579,1.694,1.469,1.572,1.544,1.458,1.544,1.58,1.59
2025-07-24 16:12:09.137,1.582,1.579,1.694,1.468,1.567,1.545,1.461,1.544,1.581,1.59
2025-07-24 16:12:09.188,1.582,1.58,1.695,1.468,1.574,1.545,1.459,1.544,1.58,1.59
2025-07-24 16:12:09.238,1.582,1.58,1.694,1.468,1.573,1.548,1.459,1.544,1.581,1.59
2025-07-24 16:12:09.287,1.582,1.579,1.694,1.468,1.573,1.55,1.458,1.544,1.58,1.59
2025-07-24 16:12:09.337,1.582,1.579,1.695,1.468,1.575,1.55,1.459,1.544,1.58,1.591
2025-07-24 16:12:09.387,1.582,1.579,1.694,1.467,1.569,1.552,1.458,1.543,1.58,1.59
2025-07-24 16:12:09.438,1.582,1.579,1.695,1.467,1.53,1.553,1.46,1.544,1.581,1.59
2025-07-24 16:12:09.488,1.582,1.579,1.694,1.468,1.488,1.553,1.46,1.544,1.58,1.591
2025-07-24 16:12:09.537,1.582,1.58,1.695,1.468,1.458,1.553,1.458,1.544,1.581,1.591
2025-07-24 16:12:09.587,1.582,1.579,1.694,1.468,1.415,1.552,1.459,1.544,1.58,1.59
2025-07-24 16:12:09.637,1.582,1.578,1.694,1.468,1.366,1.551,1.458,1.544,1.58,1.59
2025-07-24 16:12:09.688,1.582,1.579,1.694,1.468,1.307,1.548,1.457,1.544,1.58,1.59
2025-07-24 16:12:09.738,1.582,1.579,1.694,1.468,1.271,1.547,1.459,1.544,1.58,1.59
2025-07-24 16:12:09.787,1.582,1.579,1.694,1.469,1.252,1.544,1.461,1.544,1.58,1.59
2025-07-24 16:12:09.837,1.582,1.579,1.694,1.468,1.247,1.543,1.459,1.544,1.58,1.59
2025-07-24 16:12:09.888,1.583,1.579,1.694,1.468,1.251,1.539,1.458,1.544,1.58,1.59
2025-07-24 16:12:09.937,1.582,1.579,1.694,1.468,1.251,1.536,1.46,1.544,1.58,1.59
2025-07-24 16:12:09.987,1.582,1.579,1.694,1.469,1.276,1.533,1.458,1.544,1.581,1.59
2025-07-24 16:12:10.037,1.582,1.578,1.694,1.467,1.329,1.532,1.46,1.544,1.58,1.59
2025-07-24 16:12:10.087,1.582,1.579,1.694,1.468,1.391,1.532,1.459,1.544,1.58,1.59
2025-07-24 16:12:10.137,1.583,1.578,1.694,1.467,1.461,1.532,1.458,1.544,1.58,1.59
2025-07-24 16:12:10.188,1.582,1.58,1.694,1.468,1.515,1.533,1.458,1.544,1.58,1.59
2025-07-24 16:12:10.238,1.582,1.579,1.694,1.468,1.542,1.534,1.458,1.544,1.581,1.59
2025-07-24 16:12:10.287,1.582,1.579,1.694,1.468,1.554,1.536,1.458,1.544,1.581,1.59
2025-07-24 16:12:10.337,1.582,1.578,1.694,1.468,1.563,1.538,1.457,1.544,1.58,1.59
2025-07-24 16:12:10.387,1.582,1.578,1.694,1.468,1.564,1.54,1.458,1.544,1.58,1.59
2025-07-24 16:12:10.437,1.582,1.579,1.694,1.468,1.571,1.541,1.458,1.544,1.58,1.59
2025-07-24 16:12:10.487,1.582,1.578,1.694,1.468,1.571,1.543,1.46,1.544,1.58,1.59
2025-07-24 16:12:10.538,1.582,1.579,1.694,1.468,1.572,1.544,1.459,1.544,1.58,1.59
2025-07-24 16:12:10.588,1.582,1.579,1.694,1.468,1.572,1.546,1.459,1.544,1.581,1.59
2025-07-24 16:12:10.637,1.582,1.578,1.695,1.468,1.564,1.547,1.459,1.545,1.58,1.59
2025-07-24 16:12:10.687,1.582,1.579,1.695,1.468,1.573,1.548,1.459,1.544,1.58,1.59
2025-07-24 16:12:10.737,1.582,1.579,1.694,1.467,1.565,1.55,1.458,1.544,1.581,1.59
2025-07-24 16:12:10.788,1.582,1.579,1.695,1.468,1.556,1.55,1.458,1.544,1.58,1.591
2025-07-24 16:12:10.837,1.582,1.579,1.694,1.468,1.515,1.553,1.459,1.544,1.58,1.59
2025-07-24 16:12:10.888,1.582,1.58,1.694,1.468,1.475,1.552,1.46,1.544,1.581,1.591
2025-07-24 16:12:10.937,1.582,1.579,1.695,1.468,1.438,1.553,1.458,1.544,1.58,1.59
2025-07-24 16:12:10.987,1.582,1.58,1.695,1.469,1.38,1.552,1.459,1.544,1.58,1.59
2025-07-24 16:12:11.036,1.582,1.579,1.695,1.468,1.329,1.55,1.459,1.544,1.582,1.59
2025-07-24 16:12:11.087,1.582,1.579,1.694,1.467,1.283,1.547,1.459,1.544,1.581,1.59
2025-07-24 16:12:11.138,1.582,1.58,1.694,1.467,1.263,1.545,1.458,1.544,1.582,1.591
2025-07-24 16:12:11.187,1.583,1.579,1.694,1.468,1.255,1.543,1.46,1.545,1.58,1.591
2025-07-24 16:12:11.238,1.582,1.579,1.695,1.468,1.252,1.541,1.459,1.544,1.581,1.59
2025-07-24 16:12:11.287,1.582,1.579,1.694,1.468,1.252,1.54,1.459,1.544,1.581,1.59
2025-07-24 16:12:11.338,1.582,1.579,1.694,1.468,1.267,1.536,1.46,1.545,1.581,1.59
2025-07-24 16:12:11.388,1.582,1.579,1.695,1.468,1.302,1.534,1.459,1.544,1.58,1.59
2025-07-24 16:12:11.438,1.583,1.58,1.694,1.468,1.355,1.532,1.458,1.544,1.581,1.59
2025-07-24 16:12:11.487,1.582,1.578,1.694,1.468,1.435,1.534,1.459,1.544,1.581,1.59
2025-07-24 16:12:11.537,1.582,1.578,1.695,1.468,1.486,1.533,1.46,1.544,1.581,1.59
2025-07-24 16:12:11.588,1.582,1.579,1.694,1.468,1.529,1.535,1.458,1.545,1.581,1.59
2025-07-24 16:12:11.637,1.583,1.578,1.694,1.468,1.549,1.536,1.458,1.544,1.581,1.59
2025-07-24 16:12:11.687,1.582,1.58,1.694,1.469,1.551,1.537,1.458,1.544,1.581,1.59
2025-07-24 16:12:11.737,1.582,1.58,1.694,1.468,1.559,1.538,1.458,1.544,1.581,1.59
2025-07-24 16:12:11.787,1.582,1.58,1.694,1.468,1.569,1.54,1.458,1.544,1.581,1.59
2025-07-24 16:12:11.837,1.582,1.579,1.695,1.469,1.567,1.541,1.46,1.544,1.582,1.59
2025-07-24 16:12:11.887,1.582,1.579,1.695,1.468,1.573,1.544,1.459,1.545,1.581,1.591
2025-07-24 16:12:11.937,1.582,1.579,1.694,1.469,1.572,1.545,1.458,1.544,1.581,1.591
2025-07-24 16:12:11.987,1.582,1.58,1.694,1.469,1.57,1.546,1.458,1.544,1.581,1.591
2025-07-24 16:12:12.037,1.582,1.579,1.695,1.468,1.57,1.548,1.458,1.545,1.581,1.591
2025-07-24 16:12:12.087,1.582,1.58,1.695,1.468,1.567,1.549,1.458,1.544,1.582,1.591
2025-07-24 16:12:12.137,1.583,1.579,1.694,1.468,1.563,1.552,1.462,1.545,1.581,1.59
2025-07-24 16:12:12.187,1.582,1.578,1.694,1.468,1.529,1.553,1.459,1.544,1.581,1.591
2025-07-24 16:12:12.237,1.582,1.58,1.695,1.468,1.49,1.552,1.457,1.544,1.581,1.59
2025-07-24 16:12:12.287,1.582,1.58,1.694,1.468,1.445,1.552,1.459,1.544,1.58,1.591
2025-07-24 16:12:12.338,1.583,1.58,1.694,1.468,1.399,1.551,1.46,1.545,1.581,1.59
2025-07-24 16:12:12.388,1.582,1.58,1.695,1.468,1.356,1.551,1.458,1.544,1.581,1.59
2025-07-24 16:12:12.437,1.582,1.579,1.694,1.468,1.303,1.549,1.458,1.545,1.581,1.59
2025-07-24 16:12:12.487,1.582,1.578,1.694,1.468,1.267,1.546,1.459,1.544,1.582,1.591
2025-07-24 16:12:12.537,1.582,1.579,1.694,1.468,1.251,1.543,1.457,1.544,1.581,1.591
2025-07-24 16:12:12.587,1.582,1.58,1.694,1.469,1.251,1.54,1.457,1.544,1.582,1.591
2025-07-24 16:12:12.637,1.582,1.579,1.694,1.468,1.25,1.537,1.459,1.544,1.581,1.59
2025-07-24 16:12:12.688,1.582,1.579,1.695,1.469,1.256,1.536,1.458,1.544,1.582,1.59
2025-07-24 16:12:12.737,1.582,1.579,1.694,1.468,1.286,1.534,1.458,1.545,1.581,1.59
2025-07-24 16:12:12.787,1.582,1.579,1.695,1.468,1.33,1.532,1.458,1.544,1.582,1.59
2025-07-24 16:12:12.837,1.583,1.58,1.694,1.468,1.398,1.532,1.46,1.544,1.582,1.591
2025-07-24 16:12:12.887,1.583,1.579,1.695,1.468,1.463,1.532,1.458,1.545,1.582,1.591
2025-07-24 16:12:12.937,1.582,1.579,1.694,1.468,1.507,1.535,1.458,1.544,1.581,1.59
2025-07-24 16:12:12.987,1.583,1.579,1.694,1.468,1.546,1.535,1.458,1.545,1.581,1.591
2025-07-24 16:12:13.038,1.583,1.578,1.695,1.468,1.556,1.537,1.459,1.545,1.581,1.59
2025-07-24 16:12:13.087,1.582,1.58,1.696,1.468,1.558,1.537,1.459,1.544,1.582,1.59
2025-07-24 16:12:13.138,1.582,1.579,1.694,1.468,1.565,1.54,1.459,1.545,1.581,1.591
2025-07-24 16:12:13.187,1.582,1.58,1.694,1.469,1.569,1.541,1.459,1.544,1.581,1.59
2025-07-24 16:12:13.239,1.582,1.579,1.695,1.468,1.567,1.543,1.458,1.545,1.581,1.59
2025-07-24 16:12:13.287,1.582,1.578,1.694,1.468,1.567,1.545,1.458,1.544,1.581,1.591
2025-07-24 16:12:13.338,1.582,1.578,1.695,1.468,1.572,1.545,1.458,1.544,1.581,1.59
2025-07-24 16:12:13.387,1.583,1.579,1.694,1.468,1.572,1.546,1.458,1.544,1.581,1.59
2025-07-24 16:12:13.437,1.582,1.58,1.695,1.468,1.573,1.548,1.459,1.544,1.581,1.59
2025-07-24 16:12:13.488,1.582,1.579,1.694,1.468,1.569,1.551,1.458,1.544,1.58,1.591
2025-07-24 16:12:13.537,1.582,1.579,1.694,1.468,1.548,1.551,1.46,1.545,1.582,1.59
2025-07-24 16:12:13.587,1.582,1.579,1.694,1.468,1.503,1.553,1.458,1.544,1.581,1.59
2025-07-24 16:12:13.637,1.582,1.58,1.694,1.468,1.468,1.552,1.461,1.545,1.581,1.59
2025-07-24 16:12:13.687,1.582,1.579,1.694,1.467,1.417,1.553,1.46,1.544,1.582,1.59
2025-07-24 16:12:13.738,1.583,1.58,1.694,1.468,1.365,1.55,1.458,1.544,1.581,1.591
2025-07-24 16:12:13.787,1.582,1.579,1.694,1.468,1.318,1.549,1.459,1.545,1.582,1.59
2025-07-24 16:12:13.838,1.583,1.579,1.694,1.467,1.276,1.547,1.461,1.545,1.581,1.59
2025-07-24 16:12:13.887,1.582,1.579,1.694,1.468,1.255,1.544,1.458,1.545,1.581,1.59
2025-07-24 16:12:13.938,1.583,1.58,1.695,1.468,1.256,1.541,1.459,1.544,1.582,1.59
2025-07-24 16:12:13.986,1.582,1.58,1.695,1.468,1.254,1.54,1.458,1.546,1.581,1.59
2025-07-24 16:12:14.037,1.582,1.579,1.695,1.467,1.252,1.536,1.461,1.545,1.581,1.59
2025-07-24 16:12:14.087,1.582,1.58,1.695,1.468,1.283,1.536,1.459,1.545,1.581,1.591
2025-07-24 16:12:14.137,1.582,1.578,1.695,1.468,1.309,1.534,1.46,1.545,1.582,1.59
2025-07-24 16:12:14.187,1.582,1.58,1.694,1.468,1.358,1.532,1.46,1.545,1.582,1.591
2025-07-24 16:12:14.238,1.583,1.579,1.694,1.469,1.414,1.532,1.458,1.544,1.581,1.59
2025-07-24 16:12:14.287,1.583,1.58,1.694,1.468,1.47,1.532,1.46,1.544,1.582,1.591
2025-07-24 16:12:14.337,1.582,1.58,1.694,1.468,1.526,1.533,1.458,1.544,1.581,1.59
2025-07-24 16:12:14.387,1.582,1.58,1.694,1.468,1.547,1.535,1.458,1.545,1.582,1.59
2025-07-24 16:12:14.438,1.582,1.58,1.695,1.468,1.552,1.537,1.459,1.544,1.581,1.59
2025-07-24 16:12:14.487,1.582,1.58,1.695,1.467,1.55,1.538,1.457,1.545,1.581,1.59
2025-07-24 16:12:14.537,1.582,1.58,1.694,1.468,1.567,1.54,1.457,1.545,1.581,1.59
2025-07-24 16:12:14.587,1.582,1.58,1.695,1.468,1.569,1.542,1.457,1.545,1.581,1.591
2025-07-24 16:12:14.637,1.582,1.58,1.695,1.468,1.57,1.543,1.458,1.545,1.581,1.591
2025-07-24 16:12:14.687,1.582,1.579,1.695,1.468,1.569,1.544,1.458,1.545,1.581,1.59
2025-07-24 16:12:14.738,1.582,1.579,1.694,1.468,1.569,1.545,1.459,1.545,1.581,1.591
2025-07-24 16:12:14.787,1.582,1.58,1.694,1.468,1.573,1.548,1.458,1.544,1.581,1.59
2025-07-24 16:12:14.838,1.582,1.579,1.695,1.468,1.572,1.548,1.459,1.544,1.581,1.59
2025-07-24 16:12:14.887,1.583,1.579,1.695,1.468,1.549,1.549,1.458,1.544,1.581,1.59
2025-07-24 16:12:14.937,1.582,1.579,1.695,1.468,1.511,1.552,1.458,1.544,1.581,1.59
2025-07-24 16:12:14.987,1.582,1.579,1.694,1.468,1.475,1.551,1.459,1.544,1.581,1.59
2025-07-24 16:12:15.038,1.582,1.579,1.694,1.468,1.428,1.55,1.459,1.544,1.581,1.59
2025-07-24 16:12:15.088,1.582,1.578,1.694,1.467,1.378,1.549,1.458,1.544,1.58,1.591
2025-07-24 16:12:15.137,1.582,1.58,1.694,1.468,1.327,1.547,1.457,1.544,1.581,1.59
2025-07-24 16:12:15.187,1.582,1.579,1.694,1.468,1.284,1.546,1.459,1.544,1.581,1.59
2025-07-24 16:12:15.237,1.582,1.58,1.694,1.468,1.258,1.544,1.46,1.544,1.581,1.59
2025-07-24 16:12:15.287,1.582,1.578,1.695,1.468,1.262,1.541,1.46,1.544,1.581,1.59
2025-07-24 16:12:15.338,1.582,1.579,1.694,1.468,1.262,1.538,1.459,1.544,1.581,1.59
2025-07-24 16:12:15.387,1.582,1.579,1.694,1.469,1.258,1.536,1.459,1.544,1.58,1.59
2025-07-24 16:12:15.437,1.582,1.578,1.694,1.468,1.27,1.535,1.458,1.544,1.58,1.59
2025-07-24 16:12:15.487,1.582,1.579,1.694,1.468,1.307,1.533,1.458,1.544,1.58,1.59
2025-07-24 16:12:15.537,1.582,1.579,1.694,1.468,1.355,1.532,1.46,1.544,1.581,1.59
2025-07-24 16:12:15.587,1.582,1.578,1.695,1.468,1.416,1.532,1.457,1.544,1.581,1.59
2025-07-24 16:12:15.637,1.582,1.58,1.694,1.468,1.495,1.532,1.459,1.544,1.581,1.59
2025-07-24 16:12:15.688,1.582,1.579,1.694,1.468,1.538,1.533,1.459,1.544,1.581,1.591
2025-07-24 16:12:15.738,1.583,1.58,1.695,1.468,1.556,1.535,1.46,1.544,1.581,1.591
2025-07-24 16:12:15.788,1.582,1.581,1.694,1.468,1.562,1.536,1.457,1.544,1.581,1.59
2025-07-24 16:12:15.837,1.583,1.579,1.694,1.468,1.565,1.539,1.458,1.544,1.581,1.59
2025-07-24 16:12:15.887,1.583,1.579,1.694,1.468,1.57,1.54,1.457,1.544,1.58,1.591
2025-07-24 16:12:15.937,1.582,1.58,1.694,1.468,1.577,1.542,1.457,1.544,1.58,1.591
2025-07-24 16:12:15.987,1.582,1.58,1.694,1.468,1.575,1.544,1.458,1.544,1.581,1.591
2025-07-24 16:12:16.037,1.583,1.58,1.694,1.468,1.573,1.545,1.46,1.544,1.581,1.591
2025-07-24 16:12:16.086,1.582,1.579,1.694,1.468,1.572,1.546,1.46,1.544,1.581,1.59
2025-07-24 16:12:16.137,1.582,1.58,1.694,1.468,1.569,1.548,1.458,1.544,1.581,1.59
2025-07-24 16:12:16.188,1.582,1.579,1.695,1.467,1.57,1.549,1.459,1.544,1.581,1.59
2025-07-24 16:12:16.237,1.582,1.58,1.694,1.468,1.55,1.55,1.458,1.544,1.581,1.591
2025-07-24 16:12:16.287,1.582,1.58,1.695,1.468,1.51,1.551,1.457,1.544,1.582,1.591
2025-07-24 16:12:16.337,1.583,1.579,1.694,1.468,1.473,1.552,1.458,1.544,1.58,1.59
2025-07-24 16:12:16.387,1.582,1.579,1.694,1.468,1.428,1.553,1.458,1.544,1.581,1.59
2025-07-24 16:12:16.437,1.582,1.58,1.694,1.468,1.387,1.55,1.459,1.544,1.581,1.59
2025-07-24 16:12:16.487,1.582,1.58,1.694,1.469,1.345,1.549,1.459,1.544,1.58,1.59
2025-07-24 16:12:16.538,1.582,1.578,1.694,1.468,1.306,1.546,1.46,1.544,1.581,1.59
2025-07-24 16:12:16.587,1.582,1.579,1.695,1.468,1.267,1.544,1.458,1.544,1.581,1.59
2025-07-24 16:12:16.637,1.582,1.578,1.694,1.468,1.254,1.542,1.459,1.544,1.581,1.59
2025-07-24 16:12:16.687,1.582,1.58,1.694,1.468,1.25,1.54,1.46,1.544,1.581,1.591
2025-07-24 16:12:16.737,1.583,1.579,1.694,1.468,1.244,1.537,1.457,1.544,1.581,1.59
2025-07-24 16:12:16.788,1.582,1.579,1.694,1.468,1.258,1.535,1.459,1.544,1.581,1.591
2025-07-24 16:12:16.837,1.583,1.58,1.694,1.468,1.294,1.533,1.459,1.544,1.581,1.591
2025-07-24 16:12:16.887,1.582,1.58,1.696,1.468,1.347,1.532,1.458,1.544,1.581,1.59
2025-07-24 16:12:16.936,1.583,1.578,1.694,1.468,1.412,1.532,1.458,1.545,1.58,1.59
2025-07-24 16:12:16.987,1.583,1.579,1.694,1.468,1.482,1.532,1.458,1.544,1.581,1.591
2025-07-24 16:12:17.036,1.582,1.579,1.694,1.468,1.532,1.533,1.457,1.544,1.581,1.59
2025-07-24 16:12:17.087,1.582,1.58,1.694,1.468,1.548,1.535,1.457,1.544,1.581,1.59
2025-07-24 16:12:17.137,1.582,1.579,1.694,1.468,1.561,1.536,1.457,1.544,1.581,1.591
2025-07-24 16:12:17.187,1.582,1.578,1.694,1.469,1.564,1.538,1.457,1.544,1.581,1.59
2025-07-24 16:12:17.237,1.582,1.579,1.694,1.468,1.567,1.54,1.458,1.544,1.581,1.59
2025-07-24 16:12:17.287,1.582,1.578,1.694,1.468,1.569,1.542,1.457,1.544,1.581,1.59
2025-07-24 16:12:17.337,1.582,1.578,1.695,1.468,1.569,1.542,1.457,1.544,1.58,1.59
2025-07-24 16:12:17.387,1.582,1.579,1.695,1.468,1.565,1.544,1.461,1.543,1.58,1.59
2025-07-24 16:12:17.437,1.582,1.578,1.694,1.468,1.572,1.546,1.458,1.544,1.579,1.59
2025-07-24 16:12:17.487,1.582,1.579,1.694,1.467,1.572,1.547,1.457,1.544,1.58,1.59
2025-07-24 16:12:17.537,1.582,1.578,1.695,1.468,1.565,1.548,1.458,1.544,1.58,1.59
2025-07-24 16:12:17.587,1.582,1.579,1.694,1.469,1.522,1.55,1.457,1.544,1.58,1.59
2025-07-24 16:12:17.637,1.582,1.578,1.694,1.468,1.482,1.55,1.458,1.543,1.58,1.591
2025-07-24 16:12:17.688,1.582,1.58,1.694,1.468,1.439,1.548,1.461,1.543,1.581,1.59
2025-07-24 16:12:17.736,1.582,1.579,1.695,1.468,1.399,1.548,1.46,1.544,1.58,1.59
2025-07-24 16:12:17.787,1.582,1.578,1.694,1.468,1.364,1.547,1.457,1.544,1.58,1.59
2025-07-24 16:12:17.837,1.582,1.578,1.694,1.468,1.336,1.546,1.457,1.543,1.58,1.59
2025-07-24 16:12:17.887,1.582,1.579,1.694,1.467,1.292,1.544,1.459,1.544,1.581,1.59
2025-07-24 16:12:17.937,1.582,1.579,1.694,1.468,1.254,1.543,1.46,1.544,1.58,1.59
2025-07-24 16:12:17.987,1.582,1.579,1.694,1.468,1.236,1.541,1.46,1.544,1.581,1.59
2025-07-24 16:12:18.037,1.582,1.579,1.694,1.468,1.231,1.537,1.458,1.544,1.58,1.591
2025-07-24 16:12:18.086,1.582,1.579,1.695,1.468,1.228,1.536,1.458,1.544,1.581,1.59
2025-07-24 16:12:18.137,1.582,1.581,1.694,1.468,1.254,1.532,1.458,1.544,1.581,1.59
2025-07-24 16:12:18.187,1.582,1.58,1.694,1.468,1.304,1.531,1.46,1.545,1.581,1.59
2025-07-24 16:12:18.237,1.583,1.579,1.694,1.468,1.361,1.531,1.458,1.544,1.581,1.59
2025-07-24 16:12:18.287,1.583,1.58,1.696,1.469,1.42,1.53,1.459,1.544,1.581,1.59
2025-07-24 16:12:18.337,1.582,1.581,1.695,1.468,1.476,1.532,1.458,1.544,1.581,1.591
2025-07-24 16:12:18.387,1.583,1.58,1.694,1.468,1.514,1.532,1.458,1.544,1.581,1.59
2025-07-24 16:12:18.437,1.583,1.581,1.695,1.468,1.553,1.534,1.458,1.545,1.581,1.591
2025-07-24 16:12:18.488,1.583,1.579,1.695,1.469,1.553,1.536,1.457,1.544,1.581,1.591
2025-07-24 16:12:18.537,1.583,1.58,1.695,1.468,1.557,1.537,1.459,1.544,1.581,1.591
2025-07-24 16:12:18.587,1.583,1.58,1.696,1.468,1.567,1.54,1.458,1.545,1.581,1.591
2025-07-24 16:12:18.636,1.583,1.581,1.696,1.468,1.571,1.54,1.458,1.545,1.582,1.591
2025-07-24 16:12:18.686,1.583,1.581,1.696,1.468,1.567,1.543,1.459,1.545,1.581,1.591
2025-07-24 16:12:18.737,1.584,1.58,1.696,1.469,1.568,1.545,1.459,1.545,1.581,1.591
2025-07-24 16:12:18.788,1.583,1.581,1.696,1.469,1.573,1.546,1.46,1.544,1.582,1.591
2025-07-24 16:12:18.837,1.583,1.581,1.695,1.468,1.574,1.548,1.458,1.545,1.582,1.592
2025-07-24 16:12:18.887,1.583,1.58,1.695,1.469,1.578,1.548,1.459,1.545,1.582,1.591
2025-07-24 16:12:18.938,1.583,1.581,1.695,1.468,1.557,1.55,1.459,1.545,1.581,1.592
2025-07-24 16:12:18.987,1.583,1.581,1.695,1.468,1.522,1.551,1.459,1.545,1.582,1.592
2025-07-24 16:12:19.036,1.584,1.58,1.696,1.468,1.482,1.551,1.459,1.546,1.582,1.591
2025-07-24 16:12:19.087,1.583,1.581,1.695,1.468,1.436,1.551,1.46,1.545,1.582,1.591
2025-07-24 16:12:19.138,1.583,1.581,1.696,1.469,1.396,1.551,1.46,1.545,1.581,1.593
2025-07-24 16:12:19.187,1.583,1.582,1.695,1.468,1.348,1.549,1.46,1.545,1.582,1.591
2025-07-24 16:12:19.238,1.583,1.581,1.696,1.468,1.312,1.548,1.46,1.546,1.582,1.591
2025-07-24 16:12:19.287,1.583,1.581,1.695,1.469,1.263,1.545,1.46,1.546,1.582,1.591
2025-07-24 16:12:19.337,1.583,1.581,1.695,1.468,1.235,1.544,1.46,1.546,1.582,1.591
2025-07-24 16:12:19.387,1.583,1.582,1.696,1.468,1.227,1.54,1.46,1.544,1.582,1.591
2025-07-24 16:12:19.438,1.584,1.582,1.696,1.468,1.225,1.537,1.46,1.546,1.582,1.592
2025-07-24 16:12:19.488,1.584,1.581,1.695,1.469,1.229,1.535,1.46,1.546,1.582,1.592
2025-07-24 16:12:19.537,1.585,1.581,1.695,1.468,1.272,1.534,1.459,1.545,1.582,1.592
2025-07-24 16:12:19.588,1.584,1.582,1.696,1.468,1.329,1.532,1.459,1.546,1.582,1.591
2025-07-24 16:12:19.637,1.583,1.581,1.696,1.468,1.398,1.531,1.46,1.546,1.583,1.592
2025-07-24 16:12:19.688,1.584,1.582,1.696,1.468,1.471,1.532,1.461,1.545,1.582,1.591
2025-07-24 16:12:19.737,1.583,1.581,1.697,1.468,1.524,1.533,1.46,1.546,1.582,1.593
2025-07-24 16:12:19.787,1.584,1.581,1.697,1.468,1.546,1.535,1.459,1.545,1.582,1.592
2025-07-24 16:12:19.837,1.584,1.581,1.695,1.468,1.548,1.537,1.459,1.546,1.582,1.592
2025-07-24 16:12:19.887,1.584,1.581,1.696,1.468,1.563,1.538,1.459,1.546,1.582,1.592
2025-07-24 16:12:19.937,1.584,1.581,1.697,1.468,1.569,1.54,1.46,1.546,1.582,1.593
2025-07-24 16:12:19.987,1.584,1.581,1.695,1.468,1.571,1.541,1.46,1.546,1.582,1.592
2025-07-24 16:12:20.037,1.584,1.581,1.696,1.469,1.572,1.542,1.457,1.546,1.582,1.593
2025-07-24 16:12:20.087,1.584,1.581,1.696,1.468,1.572,1.544,1.46,1.546,1.582,1.593
2025-07-24 16:12:20.136,1.585,1.581,1.695,1.468,1.573,1.545,1.461,1.546,1.583,1.592
2025-07-24 16:12:20.187,1.583,1.581,1.695,1.469,1.573,1.547,1.46,1.546,1.582,1.592
2025-07-24 16:12:20.237,1.583,1.582,1.696,1.468,1.572,1.549,1.46,1.546,1.582,1.591
2025-07-24 16:12:20.287,1.583,1.582,1.696,1.469,1.57,1.55,1.459,1.546,1.583,1.592
2025-07-24 16:12:20.336,1.584,1.58,1.696,1.468,1.538,1.551,1.461,1.545,1.582,1.592
2025-07-24 16:12:20.386,1.584,1.581,1.697,1.468,1.499,1.553,1.461,1.546,1.582,1.592
2025-07-24 16:12:20.437,1.584,1.581,1.696,1.468,1.45,1.552,1.459,1.546,1.582,1.592
2025-07-24 16:12:20.487,1.583,1.582,1.696,1.469,1.391,1.55,1.461,1.546,1.582,1.593
2025-07-24 16:12:20.537,1.583,1.582,1.696,1.468,1.326,1.551,1.461,1.546,1.582,1.593
2025-07-24 16:12:20.587,1.583,1.58,1.696,1.468,1.258,1.547,1.459,1.546,1.583,1.592
2025-07-24 16:12:20.637,1.583,1.58,1.695,1.469,1.218,1.544,1.461,1.545,1.582,1.592
2025-07-24 16:12:20.687,1.583,1.581,1.696,1.469,1.198,1.541,1.461,1.545,1.582,1.592
2025-07-24 16:12:20.737,1.584,1.582,1.696,1.468,1.193,1.538,1.459,1.546,1.583,1.592
2025-07-24 16:12:20.787,1.583,1.582,1.696,1.469,1.207,1.536,1.46,1.546,1.582,1.592
2025-07-24 16:12:20.838,1.584,1.581,1.697,1.468,1.239,1.533,1.459,1.546,1.582,1.592
2025-07-24 16:12:20.887,1.583,1.581,1.696,1.468,1.285,1.532,1.46,1.545,1.582,1.592
2025-07-24 16:12:20.936,1.583,1.581,1.696,1.468,1.356,1.531,1.459,1.546,1.583,1.591
2025-07-24 16:12:20.987,1.584,1.581,1.696,1.469,1.443,1.529,1.458,1.546,1.582,1.591
2025-07-24 16:12:21.037,1.583,1.581,1.695,1.468,1.509,1.531,1.458,1.545,1.583,1.592
2025-07-24 16:12:21.088,1.583,1.582,1.695,1.468,1.548,1.532,1.459,1.546,1.582,1.593
2025-07-24 16:12:21.137,1.583,1.581,1.695,1.468,1.553,1.535,1.458,1.546,1.582,1.591
2025-07-24 16:12:21.187,1.583,1.581,1.696,1.468,1.561,1.536,1.458,1.545,1.582,1.592
2025-07-24 16:12:21.237,1.583,1.581,1.694,1.468,1.568,1.539,1.458,1.545,1.583,1.593
2025-07-24 16:12:21.287,1.583,1.582,1.695,1.468,1.569,1.539,1.458,1.545,1.582,1.591
2025-07-24 16:12:21.337,1.583,1.581,1.694,1.469,1.574,1.541,1.458,1.546,1.582,1.592
2025-07-24 16:12:21.387,1.583,1.581,1.694,1.469,1.569,1.543,1.457,1.545,1.582,1.592
2025-07-24 16:12:21.437,1.584,1.581,1.695,1.469,1.574,1.544,1.458,1.544,1.582,1.592
2025-07-24 16:12:21.487,1.583,1.581,1.694,1.468,1.573,1.546,1.459,1.545,1.582,1.592
2025-07-24 16:12:21.537,1.583,1.581,1.694,1.468,1.565,1.547,1.458,1.545,1.582,1.592
2025-07-24 16:12:21.586,1.582,1.58,1.695,1.469,1.563,1.548,1.457,1.545,1.582,1.591
2025-07-24 16:12:21.637,1.583,1.58,1.695,1.468,1.567,1.549,1.458,1.546,1.582,1.592
2025-07-24 16:12:21.687,1.583,1.58,1.695,1.468,1.54,1.551,1.458,1.544,1.582,1.591
2025-07-24 16:12:21.738,1.582,1.581,1.694,1.468,1.495,1.551,1.459,1.544,1.582,1.59
2025-07-24 16:12:21.788,1.583,1.581,1.694,1.468,1.451,1.552,1.459,1.544,1.582,1.591
2025-07-24 16:12:21.837,1.582,1.58,1.695,1.469,1.383,1.55,1.458,1.545,1.582,1.591
2025-07-24 16:12:21.887,1.583,1.58,1.694,1.468,1.339,1.548,1.458,1.544,1.582,1.591
2025-07-24 16:12:21.937,1.583,1.58,1.695,1.468,1.281,1.546,1.459,1.544,1.582,1.591
2025-07-24 16:12:21.986,1.582,1.58,1.695,1.469,1.233,1.544,1.459,1.544,1.582,1.591
2025-07-24 16:12:22.037,1.582,1.579,1.694,1.468,1.198,1.542,1.458,1.545,1.581,1.591
2025-07-24 16:12:22.087,1.582,1.58,1.695,1.468,1.184,1.538,1.459,1.544,1.582,1.591
2025-07-24 16:12:22.137,1.582,1.58,1.694,1.468,1.191,1.536,1.458,1.544,1.582,1.591
2025-07-24 16:12:22.187,1.582,1.58,1.695,1.468,1.21,1.533,1.46,1.544,1.582,1.591
2025-07-24 16:12:22.237,1.582,1.581,1.695,1.468,1.255,1.53,1.458,1.545,1.582,1.592
2025-07-24 16:12:22.288,1.583,1.58,1.696,1.469,1.327,1.53,1.458,1.545,1.581,1.591
2025-07-24 16:12:22.338,1.583,1.58,1.695,1.468,1.403,1.529,1.458,1.545,1.582,1.591
2025-07-24 16:12:22.387,1.582,1.581,1.695,1.468,1.477,1.529,1.458,1.545,1.581,1.592
2025-07-24 16:12:22.437,1.583,1.582,1.696,1.468,1.531,1.531,1.458,1.544,1.582,1.592
2025-07-24 16:12:22.487,1.583,1.58,1.696,1.468,1.547,1.533,1.458,1.545,1.582,1.592
2025-07-24 16:12:22.537,1.583,1.581,1.695,1.469,1.558,1.535,1.457,1.545,1.581,1.592
2025-07-24 16:12:22.587,1.584,1.581,1.696,1.468,1.569,1.538,1.458,1.545,1.582,1.592
2025-07-24 16:12:22.637,1.584,1.582,1.695,1.468,1.564,1.539,1.461,1.546,1.582,1.592
2025-07-24 16:12:22.687,1.584,1.58,1.695,1.468,1.572,1.54,1.461,1.545,1.582,1.592
2025-07-24 16:12:22.737,1.584,1.581,1.697,1.468,1.576,1.542,1.458,1.544,1.582,1.593
2025-07-24 16:12:22.787,1.584,1.582,1.696,1.469,1.572,1.544,1.458,1.544,1.582,1.593
2025-07-24 16:12:22.837,1.583,1.582,1.696,1.469,1.57,1.545,1.461,1.545,1.582,1.592
2025-07-24 16:12:22.887,1.584,1.581,1.695,1.468,1.576,1.547,1.459,1.546,1.583,1.593
2025-07-24 16:12:22.937,1.584,1.582,1.696,1.468,1.572,1.549,1.458,1.546,1.582,1.592
2025-07-24 16:12:22.988,1.584,1.582,1.697,1.469,1.572,1.55,1.458,1.546,1.583,1.593
2025-07-24 16:12:23.037,1.584,1.582,1.696,1.469,1.562,1.552,1.459,1.545,1.582,1.592
2025-07-24 16:12:23.086,1.584,1.582,1.697,1.469,1.526,1.553,1.458,1.545,1.582,1.593
2025-07-24 16:12:23.137,1.583,1.582,1.697,1.468,1.478,1.554,1.461,1.545,1.582,1.593
2025-07-24 16:12:23.187,1.584,1.582,1.697,1.468,1.418,1.552,1.461,1.545,1.582,1.593
2025-07-24 16:12:23.236,1.584,1.582,1.697,1.469,1.361,1.551,1.46,1.546,1.582,1.593
2025-07-24 16:12:23.287,1.584,1.582,1.697,1.469,1.291,1.548,1.46,1.546,1.583,1.593
2025-07-24 16:12:23.337,1.584,1.582,1.697,1.468,1.221,1.546,1.46,1.546,1.582,1.593
2025-07-24 16:12:23.387,1.584,1.581,1.697,1.469,1.175,1.544,1.459,1.546,1.582,1.593
2025-07-24 16:12:23.437,1.584,1.581,1.696,1.469,1.159,1.54,1.46,1.546,1.583,1.593
2025-07-24 16:12:23.487,1.584,1.582,1.696,1.469,1.158,1.538,1.46,1.547,1.584,1.593
2025-07-24 16:12:23.537,1.585,1.582,1.696,1.469,1.175,1.533,1.46,1.546,1.583,1.594
2025-07-24 16:12:23.588,1.584,1.582,1.696,1.469,1.214,1.531,1.458,1.546,1.583,1.594
2025-07-24 16:12:23.636,1.584,1.582,1.697,1.469,1.285,1.529,1.46,1.546,1.583,1.593
2025-07-24 16:12:23.687,1.585,1.582,1.697,1.468,1.39,1.528,1.458,1.546,1.583,1.594
2025-07-24 16:12:23.737,1.584,1.582,1.697,1.469,1.482,1.529,1.459,1.546,1.583,1.593
2025-07-24 16:12:23.787,1.584,1.582,1.697,1.469,1.542,1.531,1.459,1.546,1.582,1.593
2025-07-24 16:12:23.837,1.584,1.581,1.697,1.468,1.549,1.532,1.459,1.547,1.583,1.593
2025-07-24 16:12:23.886,1.585,1.582,1.696,1.469,1.556,1.534,1.458,1.546,1.582,1.593
2025-07-24 16:12:23.937,1.584,1.582,1.697,1.469,1.565,1.537,1.458,1.546,1.583,1.593
2025-07-24 16:12:23.987,1.585,1.583,1.697,1.469,1.565,1.539,1.459,1.546,1.583,1.594
2025-07-24 16:12:24.037,1.586,1.582,1.697,1.468,1.576,1.54,1.459,1.546,1.582,1.593
2025-07-24 16:12:24.087,1.584,1.582,1.696,1.469,1.574,1.541,1.457,1.546,1.582,1.593
2025-07-24 16:12:24.136,1.584,1.582,1.697,1.468,1.568,1.543,1.46,1.546,1.583,1.593
2025-07-24 16:12:24.186,1.585,1.582,1.696,1.468,1.58,1.544,1.458,1.546,1.582,1.593
2025-07-24 16:12:24.237,1.584,1.582,1.697,1.469,1.574,1.547,1.459,1.545,1.582,1.592
2025-07-24 16:12:24.287,1.585,1.582,1.697,1.468,1.582,1.548,1.458,1.546,1.582,1.593
2025-07-24 16:12:24.337,1.585,1.582,1.696,1.468,1.582,1.549,1.458,1.546,1.583,1.593
2025-07-24 16:12:24.387,1.584,1.582,1.697,1.468,1.582,1.55,1.462,1.546,1.583,1.594
2025-07-24 16:12:24.437,1.584,1.582,1.697,1.468,1.577,1.552,1.46,1.546,1.583,1.592
2025-07-24 16:12:24.487,1.584,1.582,1.697,1.469,1.583,1.553,1.457,1.546,1.583,1.593
2025-07-24 16:12:24.537,1.584,1.582,1.698,1.469,1.578,1.554,1.459,1.546,1.582,1.594
2025-07-24 16:12:24.587,1.583,1.582,1.696,1.469,1.581,1.557,1.458,1.546,1.583,1.592
2025-07-24 16:12:24.637,1.584,1.582,1.697,1.469,1.581,1.557,1.459,1.546,1.582,1.593
2025-07-24 16:12:24.687,1.584,1.582,1.696,1.469,1.577,1.558,1.46,1.546,1.583,1.594
2025-07-24 16:12:24.737,1.584,1.582,1.696,1.469,1.586,1.56,1.46,1.546,1.583,1.592
2025-07-24 16:12:24.786,1.584,1.582,1.696,1.468,1.579,1.56,1.461,1.546,1.583,1.593
2025-07-24 16:12:24.837,1.585,1.581,1.696,1.469,1.581,1.561,1.46,1.546,1.582,1.593
2025-07-24 16:12:24.887,1.584,1.582,1.697,1.468,1.578,1.562,1.46,1.546,1.582,1.593
2025-07-24 16:12:24.936,1.583,1.582,1.696,1.469,1.581,1.563,1.461,1.546,1.582,1.594
2025-07-24 16:12:24.987,1.584,1.582,1.696,1.468,1.582,1.564,1.461,1.546,1.582,1.593
2025-07-24 16:12:25.037,1.584,1.581,1.696,1.468,1.58,1.565,1.462,1.546,1.582,1.593
2025-07-24 16:12:25.087,1.585,1.582,1.697,1.469,1.579,1.566,1.461,1.546,1.582,1.593
2025-07-24 16:12:25.137,1.584,1.582,1.697,1.468,1.579,1.567,1.462,1.546,1.582,1.594
2025-07-24 16:12:25.186,1.584,1.582,1.697,1.468,1.573,1.568,1.461,1.547,1.583,1.592
2025-07-24 16:12:25.237,1.584,1.582,1.696,1.468,1.582,1.567,1.461,1.546,1.582,1.592
2025-07-24 16:12:25.287,1.583,1.582,1.696,1.468,1.58,1.569,1.461,1.546,1.583,1.593
2025-07-24 16:12:25.337,1.585,1.582,1.696,1.469,1.573,1.569,1.461,1.547,1.582,1.593
2025-07-24 16:12:25.387,1.583,1.582,1.696,1.468,1.585,1.57,1.462,1.547,1.582,1.593
2025-07-24 16:12:25.437,1.583,1.582,1.696,1.468,1.581,1.57,1.462,1.546,1.582,1.591
2025-07-24 16:12:25.487,1.583,1.581,1.696,1.468,1.577,1.572,1.462,1.547,1.582,1.593
2025-07-24 16:12:25.537,1.584,1.582,1.696,1.469,1.578,1.571,1.465,1.547,1.581,1.592
2025-07-24 16:12:25.587,1.583,1.582,1.696,1.469,1.582,1.572,1.463,1.547,1.58,1.593
2025-07-24 16:12:25.636,1.585,1.581,1.696,1.468,1.587,1.572,1.465,1.547,1.58,1.592
2025-07-24 16:12:25.687,1.585,1.582,1.696,1.469,1.577,1.573,1.463,1.546,1.58,1.593
2025-07-24 16:12:25.737,1.584,1.581,1.695,1.468,1.583,1.572,1.464,1.547,1.58,1.592
2025-07-24 16:12:25.787,1.584,1.581,1.695,1.468,1.578,1.573,1.463,1.547,1.579,1.592
2025-07-24 16:12:25.837,1.583,1.582,1.696,1.469,1.582,1.573,1.462,1.548,1.58,1.592
2025-07-24 16:12:25.887,1.584,1.582,1.696,1.468,1.581,1.574,1.465,1.548,1.579,1.591
2025-07-24 16:12:25.937,1.582,1.581,1.697,1.468,1.581,1.575,1.464,1.546,1.578,1.592
2025-07-24 16:12:25.988,1.583,1.581,1.696,1.468,1.584,1.575,1.465,1.547,1.579,1.592
2025-07-24 16:12:26.037,1.583,1.581,1.695,1.469,1.585,1.576,1.466,1.547,1.579,1.591
2025-07-24 16:12:26.087,1.583,1.581,1.696,1.469,1.579,1.577,1.464,1.547,1.579,1.591
2025-07-24 16:12:26.137,1.583,1.581,1.696,1.468,1.585,1.576,1.464,1.547,1.578,1.591
2025-07-24 16:12:26.186,1.583,1.582,1.695,1.469,1.582,1.576,1.464,1.548,1.578,1.591
2025-07-24 16:12:26.237,1.583,1.581,1.696,1.469,1.586,1.576,1.465,1.547,1.577,1.591
2025-07-24 16:12:26.287,1.583,1.581,1.695,1.469,1.583,1.577,1.464,1.548,1.578,1.59
2025-07-24 16:12:26.337,1.582,1.581,1.694,1.469,1.576,1.577,1.465,1.547,1.577,1.59
2025-07-24 16:12:26.389,1.582,1.582,1.695,1.468,1.58,1.577,1.466,1.548,1.577,1.59
2025-07-24 16:12:26.436,1.582,1.581,1.696,1.468,1.58,1.577,1.466,1.547,1.577,1.59
2025-07-24 16:12:26.486,1.583,1.58,1.694,1.468,1.586,1.577,1.465,1.547,1.577,1.591
2025-07-24 16:12:26.536,1.583,1.581,1.695,1.468,1.582,1.577,1.464,1.547,1.577,1.591
2025-07-24 16:12:26.587,1.582,1.58,1.694,1.469,1.576,1.579,1.466,1.547,1.576,1.59
2025-07-24 16:12:26.637,1.582,1.581,1.694,1.469,1.577,1.578,1.466,1.547,1.576,1.59
2025-07-24 16:12:26.687,1.583,1.58,1.695,1.468,1.586,1.577,1.467,1.548,1.576,1.59
2025-07-24 16:12:26.737,1.582,1.579,1.695,1.468,1.582,1.578,1.466,1.547,1.576,1.59
2025-07-24 16:12:26.787,1.582,1.579,1.696,1.468,1.573,1.58,1.466,1.547,1.576,1.59
2025-07-24 16:12:26.837,1.582,1.581,1.695,1.468,1.577,1.579,1.466,1.547,1.576,1.59
2025-07-24 16:12:26.887,1.582,1.581,1.695,1.468,1.583,1.58,1.466,1.548,1.576,1.59
2025-07-24 16:12:26.937,1.583,1.58,1.695,1.468,1.586,1.58,1.466,1.547,1.575,1.59
2025-07-24 16:12:26.987,1.583,1.58,1.695,1.469,1.583,1.581,1.466,1.548,1.575,1.59
2025-07-24 16:12:27.038,1.582,1.58,1.695,1.468,1.581,1.58,1.467,1.548,1.575,1.59
2025-07-24 16:12:27.087,1.583,1.58,1.697,1.469,1.581,1.581,1.467,1.548,1.575,1.591
2025-07-24 16:12:27.137,1.583,1.58,1.694,1.468,1.58,1.581,1.466,1.548,1.576,1.59
2025-07-24 16:12:27.187,1.583,1.581,1.696,1.468,1.576,1.58,1.467,1.548,1.576,1.59
2025-07-24 16:12:27.236,1.583,1.581,1.695,1.468,1.583,1.582,1.467,1.548,1.576,1.59
2025-07-24 16:12:27.287,1.583,1.58,1.696,1.468,1.58,1.582,1.468,1.548,1.577,1.59
2025-07-24 16:12:27.337,1.583,1.581,1.696,1.469,1.57,1.582,1.468,1.548,1.576,1.59
2025-07-24 16:12:27.387,1.583,1.581,1.696,1.469,1.582,1.582,1.468,1.548,1.577,1.59
2025-07-24 16:12:27.438,1.583,1.582,1.695,1.468,1.582,1.582,1.468,1.548,1.576,1.59
2025-07-24 16:12:27.487,1.583,1.581,1.695,1.469,1.58,1.582,1.468,1.548,1.576,1.59
2025-07-24 16:12:27.537,1.583,1.58,1.696,1.468,1.582,1.582,1.467,1.548,1.577,1.59
2025-07-24 16:12:27.587,1.583,1.58,1.697,1.469,1.583,1.582,1.469,1.549,1.576,1.59
2025-07-24 16:12:27.637,1.584,1.581,1.696,1.469,1.577,1.583,1.468,1.549,1.576,1.591
2025-07-24 16:12:27.687,1.583,1.581,1.696,1.468,1.58,1.582,1.469,1.548,1.576,1.59
2025-07-24 16:12:27.738,1.584,1.581,1.695,1.468,1.582,1.584,1.47,1.549,1.577,1.59
2025-07-24 16:12:27.787,1.583,1.582,1.695,1.469,1.583,1.582,1.47,1.549,1.577,1.59
2025-07-24 16:12:27.837,1.583,1.582,1.696,1.468,1.582,1.583,1.47,1.548,1.577,1.591
2025-07-24 16:12:27.887,1.583,1.582,1.696,1.468,1.578,1.583,1.47,1.549,1.577,1.591
2025-07-24 16:12:27.937,1.584,1.582,1.696,1.468,1.573,1.584,1.47,1.549,1.577,1.59
2025-07-24 16:12:27.987,1.583,1.581,1.696,1.469,1.579,1.583,1.468,1.548,1.577,1.59
2025-07-24 16:12:28.037,1.584,1.582,1.696,1.468,1.584,1.583,1.471,1.548,1.577,1.591
2025-07-24 16:12:28.087,1.583,1.582,1.696,1.469,1.582,1.583,1.47,1.548,1.577,1.591
2025-07-24 16:12:28.137,1.583,1.582,1.697,1.469,1.583,1.584,1.47,1.548,1.577,1.591
2025-07-24 16:12:28.187,1.584,1.582,1.696,1.469,1.582,1.584,1.47,1.548,1.577,1.591
2025-07-24 16:12:28.236,1.585,1.582,1.696,1.469,1.577,1.585,1.47,1.548,1.577,1.591
2025-07-24 16:12:28.287,1.584,1.582,1.697,1.468,1.58,1.585,1.47,1.548,1.577,1.59
2025-07-24 16:12:28.337,1.584,1.582,1.697,1.469,1.589,1.584,1.47,1.548,1.577,1.59
2025-07-24 16:12:28.388,1.583,1.582,1.697,1.469,1.577,1.585,1.47,1.548,1.577,1.59
2025-07-24 16:12:28.438,1.584,1.582,1.696,1.468,1.582,1.584,1.47,1.548,1.577,1.59
2025-07-24 16:12:28.487,1.583,1.582,1.696,1.468,1.582,1.584,1.47,1.548,1.576,1.591
2025-07-24 16:12:28.537,1.584,1.582,1.696,1.468,1.58,1.584,1.472,1.548,1.576,1.59
2025-07-24 16:12:28.587,1.584,1.581,1.697,1.468,1.582,1.584,1.47,1.548,1.577,1.59
2025-07-24 16:12:28.638,1.584,1.582,1.697,1.469,1.581,1.584,1.47,1.548,1.577,1.59
2025-07-24 16:12:28.687,1.583,1.582,1.697,1.469,1.58,1.586,1.47,1.548,1.577,1.59
2025-07-24 16:12:28.737,1.583,1.582,1.696,1.468,1.581,1.584,1.47,1.548,1.577,1.591
2025-07-24 16:12:28.787,1.584,1.582,1.696,1.469,1.582,1.585,1.47,1.548,1.577,1.591
2025-07-24 16:12:28.837,1.584,1.581,1.697,1.469,1.581,1.584,1.47,1.548,1.576,1.59
2025-07-24 16:12:28.887,1.583,1.581,1.696,1.469,1.581,1.585,1.472,1.546,1.576,1.591
2025-07-24 16:12:28.936,1.584,1.582,1.697,1.469,1.582,1.585,1.47,1.548,1.577,1.59
2025-07-24 16:12:28.987,1.584,1.582,1.696,1.469,1.578,1.585,1.471,1.548,1.576,1.591
2025-07-24 16:12:29.037,1.584,1.582,1.696,1.468,1.578,1.586,1.471,1.547,1.575,1.591
2025-07-24 16:12:29.087,1.583,1.582,1.696,1.469,1.579,1.585,1.471,1.547,1.577,1.59
2025-07-24 16:12:29.137,1.584,1.582,1.696,1.469,1.569,1.584,1.471,1.547,1.575,1.59
2025-07-24 16:12:29.187,1.583,1.582,1.697,1.468,1.584,1.584,1.47,1.548,1.576,1.59
2025-07-24 16:12:29.236,1.584,1.582,1.696,1.468,1.582,1.584,1.47,1.548,1.575,1.59
2025-07-24 16:12:29.287,1.584,1.582,1.697,1.468,1.581,1.585,1.471,1.548,1.575,1.59
2025-07-24 16:12:29.337,1.583,1.582,1.696,1.469,1.577,1.585,1.471,1.546,1.574,1.59
2025-07-24 16:12:29.387,1.583,1.581,1.696,1.468,1.581,1.584,1.471,1.547,1.574,1.59
2025-07-24 16:12:29.437,1.583,1.582,1.697,1.469,1.583,1.585,1.471,1.548,1.575,1.59
2025-07-24 16:12:29.487,1.583,1.582,1.695,1.468,1.579,1.585,1.469,1.547,1.575,1.59
2025-07-24 16:12:29.537,1.583,1.581,1.697,1.469,1.581,1.584,1.47,1.547,1.575,1.59
2025-07-24 16:12:29.588,1.583,1.582,1.696,1.469,1.582,1.584,1.47,1.547,1.575,1.59
2025-07-24 16:12:29.637,1.583,1.582,1.696,1.468,1.578,1.585,1.471,1.547,1.575,1.589
2025-07-24 16:12:29.687,1.584,1.581,1.696,1.468,1.582,1.584,1.473,1.547,1.575,1.59
2025-07-24 16:12:29.737,1.583,1.582,1.696,1.468,1.58,1.585,1.47,1.547,1.574,1.59
2025-07-24 16:12:29.787,1.583,1.581,1.697,1.468,1.581,1.585,1.469,1.547,1.575,1.59
2025-07-24 16:12:29.838,1.583,1.58,1.696,1.469,1.584,1.584,1.47,1.546,1.575,1.59
2025-07-24 16:12:29.887,1.582,1.581,1.695,1.468,1.579,1.584,1.471,1.546,1.574,1.589
2025-07-24 16:12:29.938,1.583,1.582,1.696,1.468,1.583,1.585,1.471,1.546,1.575,1.589
2025-07-24 16:12:29.987,1.582,1.581,1.696,1.468,1.584,1.584,1.47,1.547,1.575,1.589
2025-07-24 16:12:30.037,1.582,1.582,1.695,1.468,1.583,1.585,1.472,1.547,1.575,1.589
2025-07-24 16:12:30.086,1.583,1.58,1.696,1.469,1.573,1.584,1.471,1.548,1.575,1.589
2025-07-24 16:12:30.138,1.583,1.581,1.695,1.468,1.575,1.585,1.47,1.546,1.575,1.588
2025-07-24 16:12:30.188,1.582,1.581,1.697,1.469,1.586,1.585,1.47,1.546,1.574,1.589
2025-07-24 16:12:30.237,1.582,1.581,1.696,1.468,1.582,1.585,1.47,1.546,1.576,1.589
2025-07-24 16:12:30.287,1.582,1.581,1.695,1.469,1.582,1.586,1.471,1.547,1.575,1.589
2025-07-24 16:12:30.337,1.583,1.581,1.694,1.468,1.582,1.585,1.471,1.547,1.575,1.589
2025-07-24 16:12:30.388,1.582,1.581,1.696,1.469,1.583,1.584,1.471,1.546,1.577,1.589
2025-07-24 16:12:30.438,1.582,1.582,1.695,1.469,1.587,1.584,1.471,1.546,1.576,1.588
2025-07-24 16:12:30.487,1.582,1.581,1.695,1.468,1.583,1.585,1.471,1.546,1.577,1.588
2025-07-24 16:12:30.536,1.582,1.581,1.695,1.468,1.582,1.584,1.471,1.546,1.577,1.589
2025-07-24 16:12:30.587,1.582,1.58,1.695,1.469,1.577,1.585,1.471,1.546,1.577,1.589
2025-07-24 16:12:30.637,1.582,1.581,1.695,1.468,1.583,1.584,1.471,1.546,1.577,1.588
2025-07-24 16:12:30.687,1.582,1.58,1.695,1.469,1.582,1.583,1.47,1.546,1.577,1.588
2025-07-24 16:12:30.738,1.581,1.579,1.695,1.468,1.581,1.585,1.471,1.546,1.577,1.589
2025-07-24 16:12:30.787,1.582,1.581,1.695,1.468,1.581,1.585,1.471,1.546,1.577,1.588
2025-07-24 16:12:30.837,1.582,1.58,1.695,1.468,1.577,1.584,1.471,1.546,1.577,1.588
2025-07-24 16:12:30.888,1.582,1.579,1.694,1.468,1.582,1.584,1.47,1.546,1.577,1.589
2025-07-24 16:12:30.937,1.581,1.58,1.694,1.469,1.579,1.584,1.472,1.546,1.578,1.589
2025-07-24 16:12:30.987,1.582,1.579,1.694,1.468,1.581,1.584,1.471,1.546,1.577,1.589
2025-07-24 16:12:31.037,1.582,1.581,1.695,1.469,1.582,1.584,1.471,1.546,1.577,1.589
2025-07-24 16:12:31.088,1.581,1.58,1.695,1.468,1.574,1.585,1.471,1.546,1.578,1.589
2025-07-24 16:12:31.137,1.582,1.579,1.695,1.468,1.586,1.583,1.473,1.546,1.578,1.589
2025-07-24 16:12:31.188,1.582,1.58,1.694,1.469,1.582,1.584,1.47,1.546,1.578,1.59
2025-07-24 16:12:31.238,1.582,1.58,1.695,1.468,1.58,1.583,1.474,1.546,1.579,1.589
2025-07-24 16:12:31.287,1.582,1.58,1.695,1.468,1.579,1.585,1.47,1.546,1.579,1.59
2025-07-24 16:12:31.337,1.582,1.58,1.696,1.468,1.584,1.585,1.471,1.546,1.579,1.59
2025-07-24 16:12:31.388,1.582,1.58,1.695,1.468,1.58,1.585,1.471,1.546,1.58,1.59
2025-07-24 16:12:31.438,1.582,1.58,1.694,1.468,1.582,1.585,1.473,1.546,1.579,1.59
2025-07-24 16:12:31.488,1.582,1.581,1.696,1.468,1.579,1.584,1.469,1.546,1.58,1.589
2025-07-24 16:12:31.537,1.582,1.58,1.695,1.468,1.578,1.583,1.47,1.546,1.58,1.59
2025-07-24 16:12:31.588,1.582,1.581,1.695,1.468,1.58,1.585,1.471,1.546,1.579,1.591
2025-07-24 16:12:31.637,1.582,1.58,1.696,1.468,1.574,1.585,1.47,1.546,1.581,1.59
2025-07-24 16:12:31.687,1.582,1.58,1.696,1.468,1.586,1.585,1.473,1.546,1.579,1.589
2025-07-24 16:12:31.737,1.582,1.58,1.695,1.469,1.58,1.584,1.472,1.546,1.58,1.59
2025-07-24 16:12:31.787,1.582,1.58,1.696,1.468,1.582,1.584,1.472,1.546,1.58,1.59
2025-07-24 16:12:31.838,1.582,1.58,1.695,1.468,1.573,1.584,1.471,1.546,1.58,1.59
2025-07-24 16:12:31.888,1.582,1.581,1.695,1.469,1.581,1.585,1.471,1.546,1.58,1.59
2025-07-24 16:12:31.937,1.582,1.58,1.696,1.468,1.581,1.584,1.471,1.546,1.581,1.59
2025-07-24 16:12:31.986,1.582,1.579,1.695,1.468,1.577,1.585,1.473,1.547,1.58,1.59
2025-07-24 16:12:32.037,1.582,1.58,1.695,1.468,1.58,1.585,1.47,1.546,1.58,1.59
2025-07-24 16:12:32.087,1.582,1.579,1.694,1.468,1.573,1.584,1.472,1.546,1.58,1.59
2025-07-24 16:12:32.138,1.582,1.58,1.695,1.469,1.585,1.584,1.47,1.546,1.581,1.59
2025-07-24 16:12:32.187,1.582,1.58,1.695,1.468,1.578,1.585,1.47,1.546,1.58,1.59
2025-07-24 16:12:32.237,1.582,1.581,1.694,1.469,1.583,1.585,1.472,1.546,1.581,1.59
2025-07-24 16:12:32.287,1.582,1.58,1.695,1.468,1.583,1.585,1.471,1.546,1.581,1.59
2025-07-24 16:12:32.337,1.582,1.579,1.695,1.468,1.578,1.585,1.471,1.547,1.581,1.59
2025-07-24 16:12:32.387,1.582,1.58,1.694,1.469,1.578,1.585,1.471,1.546,1.581,1.59
2025-07-24 16:12:32.437,1.582,1.579,1.696,1.468,1.585,1.585,1.471,1.546,1.581,1.59
2025-07-24 16:12:32.487,1.582,1.579,1.695,1.469,1.584,1.585,1.47,1.546,1.582,1.59
2025-07-24 16:12:32.537,1.582,1.579,1.694,1.468,1.579,1.585,1.472,1.546,1.581,1.59
2025-07-24 16:12:32.588,1.582,1.579,1.695,1.468,1.582,1.584,1.47,1.546,1.581,1.59
2025-07-24 16:12:32.637,1.582,1.58,1.696,1.468,1.573,1.585,1.471,1.546,1.581,1.59
2025-07-24 16:12:32.687,1.582,1.58,1.695,1.468,1.583,1.585,1.471,1.546,1.581,1.59
2025-07-24 16:12:32.737,1.582,1.578,1.694,1.468,1.582,1.585,1.471,1.546,1.581,1.59
2025-07-24 16:12:32.787,1.582,1.579,1.694,1.469,1.579,1.584,1.47,1.546,1.581,1.59
2025-07-24 16:12:32.837,1.582,1.58,1.694,1.468,1.582,1.585,1.471,1.546,1.581,1.59
2025-07-24 16:12:32.887,1.582,1.579,1.694,1.469,1.581,1.585,1.47,1.546,1.581,1.59
2025-07-24 16:12:32.938,1.582,1.579,1.694,1.469,1.588,1.584,1.472,1.546,1.582,1.59
2025-07-24 16:12:32.987,1.582,1.58,1.694,1.468,1.583,1.584,1.471,1.546,1.582,1.59
2025-07-24 16:12:33.037,1.582,1.58,1.694,1.468,1.577,1.584,1.47,1.546,1.581,1.59
2025-07-24 16:12:33.088,1.581,1.579,1.694,1.468,1.58,1.584,1.47,1.546,1.581,1.59
2025-07-24 16:12:33.136,1.582,1.578,1.694,1.468,1.589,1.585,1.47,1.546,1.581,1.59
2025-07-24 16:12:33.188,1.582,1.579,1.695,1.468,1.58,1.584,1.47,1.546,1.581,1.59
2025-07-24 16:12:33.237,1.582,1.58,1.695,1.468,1.585,1.583,1.471,1.545,1.582,1.59
2025-07-24 16:12:33.287,1.582,1.579,1.694,1.468,1.581,1.584,1.471,1.546,1.581,1.59
2025-07-24 16:12:33.337,1.582,1.579,1.695,1.469,1.579,1.585,1.47,1.545,1.582,1.59
2025-07-24 16:12:33.387,1.581,1.579,1.695,1.467,1.582,1.585,1.47,1.546,1.581,1.59
2025-07-24 16:12:33.437,1.582,1.578,1.694,1.468,1.576,1.584,1.471,1.545,1.581,1.59
2025-07-24 16:12:33.487,1.582,1.578,1.695,1.468,1.584,1.583,1.47,1.546,1.582,1.59
2025-07-24 16:12:33.538,1.582,1.579,1.694,1.468,1.579,1.584,1.47,1.546,1.581,1.59
2025-07-24 16:12:33.587,1.582,1.578,1.695,1.469,1.582,1.584,1.471,1.546,1.581,1.59
2025-07-24 16:12:33.638,1.582,1.579,1.694,1.468,1.583,1.585,1.471,1.545,1.581,1.59
2025-07-24 16:12:33.687,1.582,1.579,1.695,1.468,1.582,1.584,1.47,1.546,1.582,1.59
2025-07-24 16:12:33.737,1.582,1.579,1.695,1.468,1.572,1.584,1.471,1.546,1.582,1.59
2025-07-24 16:12:33.787,1.582,1.58,1.695,1.468,1.582,1.584,1.471,1.546,1.582,1.59
2025-07-24 16:12:33.838,1.582,1.58,1.695,1.468,1.584,1.584,1.47,1.546,1.582,1.591
2025-07-24 16:12:33.887,1.583,1.58,1.695,1.468,1.584,1.586,1.472,1.546,1.582,1.59
2025-07-24 16:12:33.938,1.582,1.579,1.695,1.468,1.586,1.585,1.471,1.546,1.582,1.591
2025-07-24 16:12:33.987,1.582,1.58,1.696,1.468,1.574,1.586,1.471,1.546,1.582,1.591
2025-07-24 16:12:34.037,1.582,1.58,1.695,1.468,1.582,1.586,1.47,1.547,1.582,1.59
2025-07-24 16:12:34.088,1.582,1.58,1.696,1.469,1.583,1.586,1.473,1.546,1.582,1.591
2025-07-24 16:12:34.137,1.583,1.58,1.696,1.468,1.578,1.585,1.471,1.547,1.582,1.591
2025-07-24 16:12:34.187,1.583,1.581,1.694,1.469,1.582,1.585,1.472,1.547,1.582,1.592
2025-07-24 16:12:34.237,1.583,1.58,1.695,1.468,1.585,1.586,1.471,1.547,1.581,1.591
2025-07-24 16:12:34.287,1.583,1.581,1.697,1.468,1.574,1.585,1.471,1.547,1.581,1.591
2025-07-24 16:12:34.337,1.582,1.58,1.696,1.468,1.583,1.585,1.47,1.548,1.581,1.591
2025-07-24 16:12:34.387,1.583,1.581,1.695,1.468,1.584,1.586,1.471,1.548,1.58,1.592
2025-07-24 16:12:34.438,1.583,1.581,1.695,1.469,1.582,1.586,1.471,1.546,1.581,1.591
2025-07-24 16:12:34.487,1.583,1.581,1.695,1.468,1.587,1.585,1.472,1.548,1.58,1.592
2025-07-24 16:12:34.537,1.583,1.581,1.695,1.468,1.583,1.585,1.471,1.548,1.58,1.591
2025-07-24 16:12:34.587,1.584,1.58,1.696,1.468,1.58,1.585,1.473,1.547,1.58,1.592
2025-07-24 16:12:34.637,1.583,1.58,1.697,1.469,1.578,1.584,1.471,1.547,1.579,1.592
2025-07-24 16:12:34.688,1.583,1.582,1.696,1.468,1.582,1.586,1.473,1.548,1.58,1.591
2025-07-24 16:12:34.737,1.584,1.581,1.696,1.468,1.582,1.586,1.472,1.548,1.578,1.592
2025-07-24 16:12:34.787,1.582,1.581,1.696,1.468,1.582,1.586,1.471,1.548,1.578,1.591
2025-07-24 16:12:34.837,1.583,1.581,1.695,1.468,1.584,1.586,1.471,1.547,1.577,1.591
2025-07-24 16:12:34.888,1.583,1.581,1.695,1.468,1.582,1.586,1.47,1.548,1.578,1.591
2025-07-24 16:12:34.937,1.583,1.581,1.696,1.468,1.583,1.586,1.471,1.547,1.578,1.593
2025-07-24 16:12:34.988,1.584,1.581,1.696,1.468,1.582,1.586,1.472,1.548,1.577,1.592
2025-07-24 16:12:35.038,1.584,1.582,1.697,1.469,1.581,1.586,1.47,1.547,1.577,1.592
2025-07-24 16:12:35.087,1.583,1.581,1.696,1.469,1.583,1.586,1.47,1.547,1.577,1.591
2025-07-24 16:12:35.138,1.584,1.581,1.696,1.468,1.584,1.586,1.47,1.547,1.577,1.591
2025-07-24 16:12:35.188,1.583,1.582,1.696,1.468,1.573,1.586,1.469,1.548,1.577,1.591
2025-07-24 16:12:35.238,1.584,1.581,1.696,1.468,1.585,1.586,1.47,1.547,1.577,1.591
2025-07-24 16:12:35.288,1.584,1.581,1.696,1.468,1.581,1.586,1.47,1.547,1.577,1.592
2025-07-24 16:12:35.337,1.584,1.582,1.696,1.468,1.576,1.586,1.47,1.546,1.577,1.591
2025-07-24 16:12:35.388,1.584,1.581,1.696,1.468,1.582,1.586,1.471,1.547,1.577,1.591
2025-07-24 16:12:35.437,1.583,1.581,1.696,1.468,1.577,1.585,1.47,1.546,1.577,1.591
2025-07-24 16:12:35.488,1.583,1.581,1.696,1.469,1.582,1.586,1.47,1.546,1.577,1.591
2025-07-24 16:12:35.537,1.583,1.582,1.696,1.469,1.577,1.585,1.47,1.546,1.577,1.591
2025-07-24 16:12:35.587,1.583,1.582,1.696,1.469,1.582,1.586,1.47,1.547,1.577,1.591
2025-07-24 16:12:35.637,1.584,1.582,1.696,1.469,1.58,1.586,1.47,1.547,1.577,1.59
2025-07-24 16:12:35.687,1.583,1.581,1.696,1.469,1.583,1.585,1.47,1.546,1.577,1.591
2025-07-24 16:12:35.738,1.583,1.582,1.695,1.469,1.581,1.586,1.47,1.547,1.578,1.59
2025-07-24 16:12:35.787,1.584,1.581,1.696,1.468,1.58,1.586,1.47,1.546,1.577,1.591
2025-07-24 16:12:35.837,1.584,1.582,1.696,1.468,1.582,1.586,1.47,1.546,1.578,1.591
2025-07-24 16:12:35.887,1.584,1.581,1.696,1.468,1.573,1.586,1.469,1.547,1.578,1.591
2025-07-24 16:12:35.937,1.584,1.582,1.697,1.468,1.581,1.586,1.469,1.546,1.577,1.59
2025-07-24 16:12:35.987,1.583,1.581,1.695,1.468,1.577,1.586,1.469,1.546,1.578,1.59
2025-07-24 16:12:36.037,1.583,1.582,1.697,1.468,1.582,1.585,1.47,1.546,1.578,1.591
2025-07-24 16:12:36.088,1.584,1.582,1.696,1.469,1.584,1.586,1.47,1.546,1.578,1.59
2025-07-24 16:12:36.137,1.583,1.581,1.698,1.469,1.583,1.586,1.47,1.546,1.578,1.591
2025-07-24 16:12:36.186,1.583,1.581,1.696,1.468,1.58,1.585,1.469,1.546,1.578,1.591
2025-07-24 16:12:36.237,1.583,1.581,1.697,1.468,1.582,1.586,1.47,1.547,1.579,1.591
2025-07-24 16:12:36.287,1.584,1.581,1.695,1.468,1.581,1.585,1.469,1.546,1.579,1.591
2025-07-24 16:12:36.337,1.584,1.582,1.696,1.469,1.582,1.586,1.47,1.546,1.579,1.591
2025-07-24 16:12:36.387,1.584,1.582,1.696,1.468,1.583,1.585,1.47,1.546,1.58,1.591
2025-07-24 16:12:36.437,1.583,1.582,1.697,1.468,1.582,1.586,1.47,1.546,1.58,1.59
2025-07-24 16:12:36.486,1.583,1.581,1.696,1.469,1.577,1.586,1.47,1.546,1.58,1.59
2025-07-24 16:12:36.537,1.583,1.581,1.697,1.468,1.582,1.586,1.47,1.546,1.58,1.591
2025-07-24 16:12:36.587,1.582,1.582,1.696,1.469,1.579,1.586,1.47,1.546,1.58,1.59
2025-07-24 16:12:36.637,1.583,1.582,1.696,1.469,1.577,1.586,1.47,1.546,1.58,1.591
2025-07-24 16:12:36.687,1.584,1.581,1.696,1.468,1.581,1.585,1.47,1.546,1.58,1.591
2025-07-24 16:12:36.737,1.584,1.581,1.696,1.469,1.579,1.585,1.47,1.545,1.58,1.591
2025-07-24 16:12:36.787,1.583,1.581,1.697,1.468,1.577,1.586,1.47,1.546,1.58,1.59
2025-07-24 16:12:36.837,1.583,1.581,1.695,1.469,1.581,1.585,1.47,1.545,1.58,1.59
2025-07-24 16:12:36.887,1.583,1.58,1.696,1.468,1.578,1.585,1.47,1.546,1.581,1.59
2025-07-24 16:12:36.937,1.583,1.58,1.696,1.468,1.582,1.586,1.47,1.545,1.58,1.591
2025-07-24 16:12:36.987,1.583,1.581,1.695,1.469,1.583,1.585,1.469,1.545,1.58,1.59
2025-07-24 16:12:37.036,1.582,1.581,1.695,1.468,1.582,1.585,1.469,1.545,1.58,1.59
2025-07-24 16:12:37.087,1.582,1.581,1.695,1.468,1.581,1.585,1.471,1.546,1.58,1.59
2025-07-24 16:12:37.137,1.583,1.581,1.695,1.469,1.583,1.583,1.47,1.545,1.581,1.59
2025-07-24 16:12:37.188,1.583,1.581,1.696,1.468,1.579,1.584,1.47,1.545,1.581,1.591
2025-07-24 16:12:37.237,1.582,1.58,1.696,1.469,1.583,1.584,1.47,1.545,1.58,1.591
2025-07-24 16:12:37.287,1.582,1.58,1.696,1.469,1.582,1.585,1.47,1.546,1.581,1.591
2025-07-24 16:12:37.337,1.583,1.58,1.695,1.469,1.579,1.585,1.471,1.545,1.58,1.59
2025-07-24 16:12:37.388,1.583,1.58,1.695,1.468,1.583,1.585,1.469,1.545,1.58,1.59
2025-07-24 16:12:37.437,1.582,1.581,1.695,1.469,1.584,1.586,1.47,1.545,1.581,1.59
2025-07-24 16:12:37.487,1.583,1.58,1.696,1.468,1.582,1.585,1.47,1.544,1.581,1.591
2025-07-24 16:12:37.537,1.582,1.58,1.695,1.468,1.581,1.585,1.471,1.545,1.581,1.59
2025-07-24 16:12:37.588,1.582,1.58,1.695,1.468,1.582,1.585,1.469,1.545,1.58,1.59
2025-07-24 16:12:37.637,1.582,1.58,1.695,1.467,1.577,1.585,1.472,1.545,1.581,1.59
2025-07-24 16:12:37.687,1.582,1.58,1.694,1.468,1.582,1.584,1.47,1.545,1.581,1.59
2025-07-24 16:12:37.738,1.582,1.58,1.695,1.468,1.578,1.583,1.47,1.544,1.581,1.59
2025-07-24 16:12:37.787,1.583,1.579,1.694,1.468,1.585,1.584,1.471,1.544,1.581,1.59
2025-07-24 16:12:37.838,1.582,1.581,1.695,1.468,1.583,1.584,1.47,1.544,1.581,1.59
2025-07-24 16:12:37.887,1.582,1.581,1.697,1.468,1.581,1.584,1.47,1.545,1.581,1.59
2025-07-24 16:12:37.937,1.582,1.58,1.694,1.467,1.579,1.586,1.47,1.544,1.581,1.59
2025-07-24 16:12:37.987,1.582,1.58,1.694,1.468,1.586,1.584,1.47,1.544,1.582,1.59
2025-07-24 16:12:38.037,1.582,1.58,1.695,1.468,1.577,1.584,1.47,1.544,1.581,1.59
2025-07-24 16:12:38.087,1.582,1.58,1.695,1.468,1.582,1.584,1.471,1.544,1.58,1.59
2025-07-24 16:12:38.137,1.582,1.58,1.696,1.469,1.582,1.585,1.47,1.544,1.582,1.59
2025-07-24 16:12:38.187,1.582,1.581,1.694,1.469,1.585,1.584,1.471,1.545,1.581,1.59
2025-07-24 16:12:38.237,1.582,1.58,1.695,1.468,1.578,1.585,1.471,1.545,1.582,1.59
2025-07-24 16:12:38.287,1.582,1.58,1.694,1.468,1.578,1.584,1.47,1.545,1.581,1.59
2025-07-24 16:12:38.336,1.584,1.581,1.696,1.469,1.577,1.585,1.471,1.544,1.582,1.591
2025-07-24 16:12:38.388,1.582,1.581,1.695,1.468,1.582,1.585,1.471,1.545,1.582,1.591
2025-07-24 16:12:38.437,1.583,1.58,1.695,1.468,1.583,1.584,1.47,1.545,1.581,1.59
2025-07-24 16:12:38.487,1.582,1.58,1.695,1.468,1.58,1.585,1.471,1.545,1.581,1.59
2025-07-24 16:12:38.537,1.582,1.579,1.695,1.468,1.582,1.584,1.471,1.545,1.581,1.591
2025-07-24 16:12:38.587,1.582,1.58,1.696,1.468,1.58,1.585,1.47,1.546,1.582,1.591
2025-07-24 16:12:38.638,1.583,1.58,1.695,1.468,1.579,1.585,1.471,1.546,1.582,1.59
2025-07-24 16:12:38.687,1.583,1.58,1.694,1.469,1.582,1.585,1.471,1.545,1.581,1.591
2025-07-24 16:12:38.737,1.582,1.579,1.695,1.468,1.586,1.586,1.471,1.545,1.581,1.591
2025-07-24 16:12:38.787,1.582,1.58,1.695,1.468,1.582,1.585,1.471,1.545,1.582,1.591
2025-07-24 16:12:38.837,1.582,1.58,1.695,1.468,1.585,1.585,1.47,1.546,1.582,1.59
2025-07-24 16:12:38.887,1.582,1.581,1.694,1.468,1.585,1.584,1.47,1.545,1.582,1.591
2025-07-24 16:12:38.937,1.582,1.58,1.694,1.469,1.577,1.584,1.47,1.546,1.581,1.59
2025-07-24 16:12:38.987,1.583,1.58,1.695,1.468,1.579,1.584,1.472,1.544,1.582,1.59
2025-07-24 16:12:39.036,1.582,1.581,1.694,1.468,1.581,1.585,1.471,1.545,1.582,1.59
2025-07-24 16:12:39.087,1.583,1.579,1.694,1.468,1.578,1.584,1.47,1.545,1.582,1.591
2025-07-24 16:12:39.137,1.582,1.58,1.695,1.469,1.582,1.585,1.47,1.544,1.582,1.591
2025-07-24 16:12:39.187,1.583,1.581,1.695,1.468,1.582,1.585,1.471,1.545,1.582,1.591
2025-07-24 16:12:39.237,1.583,1.58,1.695,1.468,1.57,1.585,1.471,1.545,1.582,1.591
2025-07-24 16:12:39.288,1.582,1.579,1.695,1.469,1.582,1.584,1.47,1.545,1.581,1.59
2025-07-24 16:12:39.337,1.582,1.58,1.694,1.468,1.581,1.585,1.472,1.545,1.581,1.59
2025-07-24 16:12:39.387,1.582,1.579,1.694,1.468,1.585,1.585,1.471,1.545,1.581,1.59
2025-07-24 16:12:39.437,1.582,1.58,1.695,1.468,1.581,1.584,1.47,1.546,1.582,1.591
2025-07-24 16:12:39.488,1.582,1.579,1.695,1.468,1.577,1.586,1.47,1.546,1.581,1.59
2025-07-24 16:12:39.537,1.582,1.579,1.695,1.468,1.582,1.586,1.47,1.545,1.581,1.591
2025-07-24 16:12:39.587,1.582,1.58,1.694,1.468,1.583,1.584,1.47,1.546,1.581,1.59
2025-07-24 16:12:39.637,1.582,1.579,1.695,1.468,1.582,1.585,1.47,1.545,1.581,1.59
2025-07-24 16:12:39.688,1.582,1.579,1.694,1.468,1.582,1.584,1.47,1.545,1.58,1.59
2025-07-24 16:12:39.737,1.582,1.58,1.695,1.469,1.582,1.583,1.47,1.545,1.581,1.59
2025-07-24 16:12:39.787,1.582,1.58,1.694,1.468,1.583,1.583,1.471,1.545,1.582,1.591
2025-07-24 16:12:39.837,1.582,1.58,1.694,1.469,1.582,1.584,1.472,1.545,1.582,1.591
2025-07-24 16:12:39.887,1.582,1.579,1.695,1.468,1.58,1.584,1.471,1.546,1.582,1.591
2025-07-24 16:12:39.937,1.582,1.58,1.695,1.468,1.582,1.585,1.471,1.546,1.582,1.59
2025-07-24 16:12:39.987,1.582,1.58,1.695,1.468,1.583,1.585,1.469,1.545,1.582,1.59
2025-07-24 16:12:40.038,1.582,1.58,1.694,1.468,1.58,1.584,1.47,1.545,1.582,1.59
2025-07-24 16:12:40.088,1.583,1.578,1.694,1.468,1.581,1.584,1.47,1.545,1.582,1.59
2025-07-24 16:12:40.137,1.583,1.579,1.695,1.468,1.58,1.585,1.47,1.545,1.581,1.59
2025-07-24 16:12:40.187,1.582,1.579,1.694,1.468,1.578,1.584,1.471,1.545,1.581,1.59
2025-07-24 16:12:40.237,1.582,1.579,1.694,1.468,1.583,1.584,1.471,1.545,1.581,1.59
2025-07-24 16:12:40.287,1.583,1.579,1.695,1.468,1.582,1.585,1.471,1.545,1.581,1.591
2025-07-24 16:12:40.337,1.582,1.58,1.696,1.468,1.583,1.584,1.471,1.545,1.581,1.59
2025-07-24 16:12:40.387,1.582,1.58,1.694,1.468,1.582,1.585,1.47,1.545,1.581,1.591
2025-07-24 16:12:40.437,1.582,1.579,1.696,1.468,1.587,1.585,1.471,1.545,1.581,1.59
2025-07-24 16:12:40.487,1.583,1.58,1.694,1.468,1.59,1.586,1.471,1.546,1.582,1.59
2025-07-24 16:12:40.537,1.583,1.58,1.695,1.469,1.582,1.584,1.471,1.546,1.582,1.591
2025-07-24 16:12:40.587,1.583,1.58,1.694,1.469,1.577,1.585,1.472,1.546,1.582,1.591
2025-07-24 16:12:40.637,1.582,1.58,1.695,1.468,1.579,1.584,1.47,1.546,1.582,1.591
2025-07-24 16:12:40.687,1.582,1.58,1.695,1.468,1.573,1.584,1.47,1.546,1.582,1.591
2025-07-24 16:12:40.737,1.582,1.579,1.695,1.468,1.577,1.585,1.474,1.546,1.582,1.592
2025-07-24 16:12:40.786,1.583,1.58,1.696,1.468,1.581,1.585,1.471,1.546,1.582,1.591
2025-07-24 16:12:40.837,1.583,1.58,1.695,1.468,1.578,1.585,1.47,1.546,1.582,1.591
2025-07-24 16:12:40.888,1.583,1.581,1.695,1.469,1.581,1.586,1.472,1.546,1.582,1.592
2025-07-24 16:12:40.937,1.583,1.58,1.695,1.468,1.573,1.586,1.47,1.546,1.582,1.592
2025-07-24 16:12:40.987,1.583,1.581,1.695,1.468,1.582,1.586,1.471,1.546,1.582,1.592
2025-07-24 16:12:41.037,1.583,1.58,1.696,1.468,1.581,1.585,1.471,1.547,1.582,1.592
2025-07-24 16:12:41.087,1.583,1.581,1.694,1.468,1.579,1.585,1.472,1.546,1.582,1.591
2025-07-24 16:12:41.137,1.583,1.58,1.696,1.469,1.58,1.585,1.472,1.548,1.582,1.592
2025-07-24 16:12:41.187,1.583,1.58,1.696,1.468,1.58,1.585,1.472,1.547,1.581,1.592
2025-07-24 16:12:41.238,1.583,1.581,1.695,1.468,1.575,1.585,1.47,1.546,1.581,1.592
2025-07-24 16:12:41.287,1.582,1.581,1.696,1.468,1.586,1.586,1.47,1.547,1.581,1.592
2025-07-24 16:12:41.337,1.583,1.581,1.697,1.468,1.582,1.586,1.473,1.547,1.582,1.592
2025-07-24 16:12:41.387,1.584,1.58,1.695,1.468,1.582,1.585,1.471,1.547,1.58,1.592
2025-07-24 16:12:41.437,1.584,1.581,1.695,1.467,1.582,1.586,1.47,1.547,1.581,1.593
2025-07-24 16:12:41.487,1.583,1.582,1.696,1.469,1.578,1.586,1.47,1.547,1.58,1.591
2025-07-24 16:12:41.538,1.584,1.581,1.696,1.468,1.58,1.586,1.47,1.547,1.58,1.591
2025-07-24 16:12:41.587,1.583,1.581,1.695,1.468,1.576,1.585,1.47,1.547,1.58,1.592
2025-07-24 16:12:41.638,1.585,1.582,1.697,1.468,1.584,1.586,1.471,1.548,1.579,1.592
2025-07-24 16:12:41.686,1.583,1.581,1.696,1.468,1.582,1.585,1.47,1.547,1.579,1.591
2025-07-24 16:12:41.737,1.583,1.582,1.696,1.468,1.583,1.585,1.47,1.547,1.58,1.592
2025-07-24 16:12:41.787,1.584,1.581,1.696,1.468,1.584,1.586,1.471,1.548,1.579,1.593
2025-07-24 16:12:41.837,1.583,1.582,1.696,1.469,1.578,1.586,1.472,1.547,1.578,1.592
2025-07-24 16:12:41.887,1.584,1.582,1.697,1.468,1.581,1.586,1.471,1.546,1.578,1.592
2025-07-24 16:12:41.937,1.583,1.582,1.696,1.469,1.581,1.585,1.471,1.547,1.578,1.591
2025-07-24 16:12:41.987,1.585,1.582,1.697,1.468,1.581,1.586,1.47,1.547,1.578,1.591
2025-07-24 16:12:42.037,1.584,1.581,1.697,1.468,1.577,1.586,1.47,1.548,1.577,1.592
2025-07-24 16:12:42.087,1.583,1.581,1.697,1.468,1.582,1.586,1.47,1.546,1.577,1.591
2025-07-24 16:12:42.137,1.583,1.581,1.696,1.468,1.579,1.586,1.47,1.547,1.577,1.591
2025-07-24 16:12:42.187,1.583,1.582,1.697,1.468,1.586,1.586,1.472,1.546,1.578,1.591
2025-07-24 16:12:42.237,1.583,1.582,1.697,1.469,1.582,1.586,1.47,1.546,1.579,1.591
2025-07-24 16:12:42.287,1.583,1.581,1.696,1.468,1.58,1.586,1.47,1.546,1.578,1.592
2025-07-24 16:12:42.336,1.583,1.582,1.697,1.469,1.58,1.585,1.47,1.546,1.578,1.592
2025-07-24 16:12:42.387,1.583,1.582,1.696,1.468,1.586,1.586,1.47,1.547,1.579,1.592
2025-07-24 16:12:42.437,1.583,1.581,1.695,1.469,1.582,1.585,1.47,1.547,1.579,1.591
2025-07-24 16:12:42.487,1.584,1.581,1.697,1.469,1.584,1.587,1.469,1.546,1.579,1.591
2025-07-24 16:12:42.537,1.583,1.581,1.697,1.468,1.582,1.585,1.469,1.546,1.579,1.591
2025-07-24 16:12:42.587,1.584,1.582,1.695,1.469,1.583,1.585,1.47,1.546,1.579,1.591
2025-07-24 16:12:42.637,1.583,1.581,1.696,1.468,1.584,1.586,1.47,1.546,1.58,1.592
2025-07-24 16:12:42.687,1.583,1.582,1.696,1.468,1.577,1.586,1.47,1.546,1.58,1.591
2025-07-24 16:12:42.737,1.584,1.581,1.696,1.469,1.582,1.585,1.469,1.546,1.578,1.59
2025-07-24 16:12:42.787,1.583,1.581,1.696,1.469,1.583,1.585,1.47,1.546,1.579,1.591
2025-07-24 16:12:42.837,1.584,1.582,1.696,1.468,1.581,1.585,1.471,1.546,1.58,1.592
2025-07-24 16:12:42.887,1.583,1.581,1.697,1.468,1.573,1.586,1.47,1.546,1.58,1.591
2025-07-24 16:12:42.937,1.583,1.582,1.697,1.468,1.574,1.586,1.468,1.546,1.579,1.592
2025-07-24 16:12:42.987,1.584,1.581,1.697,1.468,1.577,1.585,1.47,1.546,1.58,1.591
2025-07-24 16:12:43.037,1.583,1.581,1.695,1.468,1.583,1.586,1.469,1.546,1.58,1.591
2025-07-24 16:12:43.087,1.583,1.581,1.695,1.469,1.575,1.585,1.47,1.546,1.58,1.591
2025-07-24 16:12:43.137,1.584,1.581,1.695,1.468,1.58,1.585,1.472,1.546,1.58,1.591
2025-07-24 16:12:43.187,1.583,1.582,1.696,1.468,1.582,1.585,1.469,1.546,1.581,1.591
2025-07-24 16:12:43.237,1.584,1.582,1.696,1.468,1.575,1.584,1.47,1.546,1.58,1.59
2025-07-24 16:12:43.287,1.583,1.581,1.696,1.468,1.582,1.585,1.47,1.545,1.58,1.591
2025-07-24 16:12:43.337,1.583,1.581,1.696,1.468,1.581,1.585,1.471,1.545,1.58,1.591
2025-07-24 16:12:43.387,1.583,1.581,1.695,1.468,1.586,1.585,1.47,1.546,1.581,1.59
2025-07-24 16:12:43.437,1.583,1.582,1.694,1.469,1.579,1.585,1.472,1.546,1.58,1.591
2025-07-24 16:12:43.487,1.583,1.581,1.696,1.469,1.58,1.584,1.47,1.545,1.582,1.591
2025-07-24 16:12:43.537,1.583,1.582,1.696,1.469,1.575,1.586,1.47,1.545,1.58,1.591
2025-07-24 16:12:43.587,1.584,1.581,1.695,1.468,1.587,1.585,1.47,1.545,1.58,1.59
2025-07-24 16:12:43.636,1.583,1.581,1.695,1.469,1.579,1.585,1.47,1.545,1.581,1.59
2025-07-24 16:12:43.687,1.582,1.582,1.696,1.468,1.577,1.586,1.47,1.545,1.58,1.59
2025-07-24 16:12:43.737,1.583,1.58,1.696,1.468,1.58,1.584,1.47,1.545,1.581,1.59
2025-07-24 16:12:43.788,1.583,1.581,1.695,1.469,1.58,1.584,1.471,1.545,1.581,1.591
2025-07-24 16:12:43.837,1.582,1.581,1.695,1.468,1.582,1.585,1.47,1.545,1.581,1.59
2025-07-24 16:12:43.888,1.583,1.581,1.695,1.468,1.578,1.585,1.47,1.545,1.582,1.59
2025-07-24 16:12:43.937,1.583,1.581,1.694,1.469,1.579,1.585,1.47,1.544,1.581,1.59
2025-07-24 16:12:43.987,1.582,1.581,1.695,1.469,1.582,1.584,1.47,1.544,1.581,1.59
2025-07-24 16:12:44.038,1.582,1.58,1.696,1.468,1.578,1.586,1.47,1.545,1.581,1.591
2025-07-24 16:12:44.088,1.583,1.58,1.695,1.468,1.578,1.586,1.471,1.545,1.581,1.59
2025-07-24 16:12:44.137,1.582,1.581,1.696,1.468,1.578,1.584,1.47,1.545,1.581,1.59
2025-07-24 16:12:44.187,1.583,1.58,1.695,1.468,1.577,1.584,1.471,1.545,1.581,1.59
2025-07-24 16:12:44.237,1.582,1.581,1.695,1.469,1.582,1.583,1.47,1.545,1.581,1.59
2025-07-24 16:12:44.287,1.582,1.58,1.695,1.468,1.578,1.585,1.473,1.544,1.581,1.59
2025-07-24 16:12:44.338,1.582,1.579,1.696,1.468,1.58,1.584,1.471,1.545,1.582,1.59
2025-07-24 16:12:44.387,1.582,1.58,1.696,1.468,1.579,1.583,1.47,1.544,1.582,1.59
2025-07-24 16:12:44.437,1.582,1.579,1.694,1.468,1.581,1.584,1.47,1.545,1.58,1.59
2025-07-24 16:12:44.486,1.582,1.58,1.695,1.468,1.583,1.584,1.469,1.545,1.581,1.59
2025-07-24 16:12:44.537,1.582,1.58,1.694,1.468,1.571,1.584,1.47,1.544,1.58,1.59
2025-07-24 16:12:44.587,1.583,1.58,1.695,1.468,1.586,1.585,1.471,1.545,1.58,1.59
2025-07-24 16:12:44.637,1.582,1.579,1.695,1.468,1.577,1.584,1.47,1.545,1.581,1.59
2025-07-24 16:12:44.687,1.582,1.58,1.695,1.468,1.585,1.584,1.47,1.544,1.58,1.59
2025-07-24 16:12:44.737,1.582,1.579,1.695,1.468,1.58,1.584,1.47,1.544,1.581,1.59
2025-07-24 16:12:44.787,1.582,1.579,1.695,1.468,1.582,1.584,1.471,1.544,1.581,1.59
2025-07-24 16:12:44.836,1.582,1.579,1.694,1.468,1.581,1.584,1.471,1.544,1.581,1.59
2025-07-24 16:12:44.887,1.582,1.58,1.694,1.468,1.581,1.583,1.47,1.544,1.58,1.59
2025-07-24 16:12:44.937,1.582,1.58,1.695,1.468,1.58,1.584,1.472,1.544,1.581,1.59
2025-07-24 16:12:44.986,1.582,1.579,1.694,1.468,1.582,1.585,1.471,1.544,1.58,1.59
2025-07-24 16:12:45.037,1.582,1.579,1.694,1.468,1.577,1.584,1.471,1.544,1.58,1.59
2025-07-24 16:12:45.087,1.582,1.579,1.694,1.468,1.578,1.584,1.47,1.544,1.58,1.59
2025-07-24 16:12:45.137,1.582,1.58,1.694,1.469,1.573,1.585,1.47,1.544,1.581,1.59
2025-07-24 16:12:45.187,1.582,1.579,1.694,1.468,1.582,1.584,1.47,1.545,1.581,1.59
2025-07-24 16:12:45.237,1.582,1.58,1.695,1.468,1.58,1.585,1.47,1.545,1.58,1.59
2025-07-24 16:12:45.287,1.583,1.58,1.694,1.468,1.577,1.585,1.47,1.544,1.581,1.59
2025-07-24 16:12:45.337,1.582,1.579,1.694,1.468,1.582,1.584,1.47,1.545,1.58,1.591
2025-07-24 16:12:45.387,1.582,1.58,1.696,1.469,1.582,1.584,1.469,1.544,1.58,1.59
2025-07-24 16:12:45.437,1.582,1.579,1.695,1.468,1.576,1.584,1.471,1.544,1.581,1.59
2025-07-24 16:12:45.487,1.582,1.579,1.694,1.468,1.578,1.584,1.471,1.545,1.58,1.59
2025-07-24 16:12:45.537,1.582,1.579,1.695,1.468,1.57,1.584,1.47,1.545,1.581,1.59
2025-07-24 16:12:45.587,1.583,1.58,1.694,1.468,1.583,1.584,1.47,1.544,1.581,1.59
2025-07-24 16:12:45.637,1.582,1.58,1.695,1.468,1.579,1.584,1.471,1.544,1.581,1.59
2025-07-24 16:12:45.686,1.582,1.58,1.694,1.468,1.582,1.584,1.47,1.544,1.581,1.59
2025-07-24 16:12:45.737,1.582,1.579,1.695,1.468,1.57,1.584,1.471,1.544,1.581,1.59
2025-07-24 16:12:45.787,1.582,1.58,1.694,1.468,1.583,1.584,1.47,1.545,1.581,1.59
2025-07-24 16:12:45.837,1.582,1.579,1.695,1.468,1.582,1.584,1.47,1.545,1.581,1.59
2025-07-24 16:12:45.887,1.582,1.579,1.694,1.468,1.576,1.585,1.47,1.545,1.58,1.59
2025-07-24 16:12:45.937,1.582,1.58,1.694,1.469,1.581,1.584,1.47,1.545,1.581,1.59
=== 日志结束 2025/7/24 20:29:54 ===
