=== 日志开始 2025/7/24 13:34:13 ===
2025-07-24 13:34:13.254,1.577,1.573,1.676,1.452,1.588,1.583,1.484,1.548,1.573,1.583
2025-07-24 13:34:13.304,1.576,1.573,1.676,1.452,1.58,1.583,1.483,1.549,1.573,1.583
2025-07-24 13:34:13.354,1.576,1.574,1.677,1.452,1.577,1.582,1.483,1.548,1.573,1.583
2025-07-24 13:34:13.404,1.577,1.574,1.677,1.452,1.576,1.583,1.482,1.549,1.573,1.582
2025-07-24 13:34:13.454,1.577,1.574,1.677,1.452,1.579,1.583,1.484,1.549,1.573,1.582
2025-07-24 13:34:13.504,1.577,1.574,1.677,1.45,1.577,1.583,1.482,1.548,1.573,1.582
2025-07-24 13:34:13.554,1.577,1.574,1.677,1.452,1.577,1.582,1.482,1.548,1.573,1.583
2025-07-24 13:34:13.604,1.577,1.574,1.676,1.451,1.586,1.583,1.483,1.549,1.573,1.582
2025-07-24 13:34:13.655,1.577,1.574,1.676,1.451,1.579,1.583,1.483,1.548,1.573,1.582
2025-07-24 13:34:13.704,1.577,1.574,1.676,1.451,1.577,1.583,1.483,1.548,1.573,1.583
2025-07-24 13:34:13.755,1.577,1.573,1.676,1.451,1.582,1.583,1.483,1.548,1.573,1.583
2025-07-24 13:34:13.805,1.577,1.574,1.677,1.451,1.581,1.582,1.483,1.548,1.573,1.583
2025-07-24 13:34:13.854,1.576,1.576,1.676,1.451,1.582,1.583,1.483,1.548,1.573,1.583
2025-07-24 13:34:13.905,1.577,1.574,1.677,1.45,1.585,1.582,1.483,1.549,1.573,1.582
2025-07-24 13:34:13.954,1.577,1.574,1.677,1.451,1.582,1.582,1.482,1.548,1.573,1.582
2025-07-24 13:34:14.005,1.576,1.575,1.676,1.451,1.588,1.583,1.483,1.548,1.573,1.582
2025-07-24 13:34:14.055,1.577,1.574,1.677,1.451,1.579,1.583,1.483,1.548,1.573,1.582
2025-07-24 13:34:14.105,1.577,1.575,1.677,1.451,1.579,1.583,1.482,1.549,1.573,1.582
2025-07-24 13:34:14.155,1.576,1.574,1.677,1.45,1.582,1.583,1.483,1.548,1.573,1.582
2025-07-24 13:34:14.204,1.576,1.575,1.676,1.45,1.586,1.582,1.483,1.548,1.573,1.582
2025-07-24 13:34:14.254,1.577,1.575,1.677,1.451,1.579,1.583,1.483,1.548,1.574,1.583
2025-07-24 13:34:14.305,1.577,1.575,1.677,1.45,1.58,1.583,1.482,1.548,1.573,1.582
2025-07-24 13:34:14.355,1.576,1.575,1.677,1.451,1.579,1.583,1.482,1.548,1.573,1.582
2025-07-24 13:34:14.406,1.576,1.574,1.677,1.451,1.58,1.583,1.482,1.548,1.573,1.582
2025-07-24 13:34:14.455,1.576,1.574,1.676,1.45,1.581,1.582,1.483,1.548,1.573,1.582
2025-07-24 13:34:14.504,1.576,1.576,1.677,1.451,1.572,1.583,1.483,1.548,1.573,1.582
2025-07-24 13:34:14.555,1.577,1.574,1.677,1.451,1.583,1.582,1.483,1.548,1.573,1.582
2025-07-24 13:34:14.605,1.577,1.575,1.676,1.451,1.577,1.582,1.482,1.548,1.573,1.582
2025-07-24 13:34:14.656,1.577,1.574,1.677,1.451,1.579,1.583,1.482,1.548,1.573,1.582
2025-07-24 13:34:14.705,1.576,1.574,1.677,1.451,1.581,1.582,1.484,1.548,1.573,1.582
2025-07-24 13:34:14.755,1.577,1.574,1.677,1.451,1.575,1.582,1.484,1.548,1.573,1.582
2025-07-24 13:34:14.804,1.576,1.576,1.677,1.451,1.586,1.582,1.483,1.548,1.573,1.582
2025-07-24 13:34:14.856,1.577,1.575,1.677,1.451,1.58,1.583,1.482,1.548,1.573,1.582
2025-07-24 13:34:14.905,1.576,1.574,1.677,1.451,1.579,1.582,1.482,1.548,1.573,1.582
2025-07-24 13:34:14.956,1.577,1.576,1.676,1.45,1.581,1.583,1.483,1.548,1.573,1.582
2025-07-24 13:34:15.004,1.577,1.574,1.676,1.45,1.585,1.582,1.482,1.548,1.573,1.581
2025-07-24 13:34:15.055,1.577,1.574,1.676,1.45,1.582,1.582,1.482,1.548,1.573,1.581
2025-07-24 13:34:15.105,1.577,1.575,1.677,1.452,1.577,1.582,1.482,1.548,1.573,1.581
2025-07-24 13:34:15.155,1.576,1.574,1.677,1.45,1.581,1.582,1.483,1.549,1.573,1.581
2025-07-24 13:34:15.205,1.576,1.574,1.677,1.451,1.58,1.583,1.482,1.548,1.573,1.581
2025-07-24 13:34:15.255,1.576,1.574,1.677,1.451,1.581,1.583,1.482,1.548,1.573,1.581
2025-07-24 13:34:15.306,1.576,1.574,1.677,1.451,1.575,1.582,1.483,1.548,1.573,1.581
2025-07-24 13:34:15.355,1.576,1.574,1.677,1.451,1.577,1.583,1.482,1.548,1.573,1.581
2025-07-24 13:34:15.406,1.576,1.574,1.677,1.451,1.58,1.582,1.483,1.548,1.573,1.582
2025-07-24 13:34:15.455,1.575,1.575,1.677,1.451,1.579,1.582,1.482,1.548,1.573,1.581
2025-07-24 13:34:15.506,1.577,1.575,1.677,1.451,1.58,1.583,1.482,1.548,1.573,1.581
2025-07-24 13:34:15.556,1.575,1.574,1.676,1.451,1.581,1.582,1.482,1.548,1.573,1.581
2025-07-24 13:34:15.606,1.577,1.574,1.677,1.452,1.577,1.582,1.484,1.548,1.573,1.58
2025-07-24 13:34:15.656,1.575,1.574,1.677,1.452,1.58,1.583,1.482,1.548,1.572,1.581
2025-07-24 13:34:15.706,1.575,1.574,1.677,1.451,1.58,1.582,1.482,1.547,1.572,1.581
2025-07-24 13:34:15.756,1.576,1.574,1.677,1.452,1.582,1.582,1.482,1.548,1.572,1.581
2025-07-24 13:34:15.806,1.575,1.574,1.677,1.451,1.586,1.582,1.482,1.548,1.572,1.581
2025-07-24 13:34:15.856,1.575,1.575,1.676,1.451,1.58,1.582,1.482,1.548,1.572,1.581
2025-07-24 13:34:15.906,1.575,1.574,1.676,1.451,1.578,1.582,1.483,1.548,1.572,1.581
2025-07-24 13:34:15.956,1.576,1.574,1.676,1.45,1.579,1.582,1.482,1.548,1.572,1.582
2025-07-24 13:34:16.006,1.576,1.574,1.677,1.451,1.583,1.582,1.484,1.548,1.571,1.582
2025-07-24 13:34:16.056,1.575,1.574,1.677,1.45,1.581,1.583,1.482,1.548,1.571,1.582
2025-07-24 13:34:16.106,1.576,1.573,1.676,1.45,1.58,1.583,1.482,1.547,1.572,1.582
2025-07-24 13:34:16.156,1.577,1.574,1.677,1.451,1.582,1.582,1.482,1.548,1.572,1.582
2025-07-24 13:34:16.205,1.574,1.573,1.676,1.451,1.579,1.582,1.482,1.548,1.572,1.582
2025-07-24 13:34:16.256,1.576,1.573,1.677,1.451,1.578,1.582,1.482,1.548,1.572,1.583
2025-07-24 13:34:16.306,1.575,1.573,1.676,1.451,1.578,1.582,1.482,1.547,1.571,1.583
2025-07-24 13:34:16.356,1.575,1.574,1.677,1.451,1.588,1.582,1.482,1.548,1.572,1.582
2025-07-24 13:34:16.405,1.575,1.574,1.676,1.45,1.578,1.583,1.481,1.548,1.572,1.582
2025-07-24 13:34:16.456,1.575,1.573,1.676,1.451,1.579,1.582,1.482,1.547,1.571,1.583
2025-07-24 13:34:16.506,1.575,1.574,1.677,1.451,1.579,1.582,1.482,1.548,1.571,1.583
2025-07-24 13:34:16.556,1.575,1.573,1.677,1.45,1.579,1.583,1.482,1.548,1.57,1.583
2025-07-24 13:34:16.606,1.575,1.573,1.676,1.45,1.58,1.582,1.482,1.548,1.571,1.583
2025-07-24 13:34:16.656,1.575,1.573,1.675,1.45,1.579,1.582,1.482,1.548,1.571,1.583
2025-07-24 13:34:16.707,1.576,1.573,1.677,1.45,1.577,1.582,1.482,1.548,1.571,1.583
2025-07-24 13:34:16.757,1.576,1.573,1.676,1.45,1.58,1.582,1.483,1.548,1.571,1.583
2025-07-24 13:34:16.806,1.575,1.573,1.675,1.451,1.577,1.582,1.482,1.548,1.571,1.584
2025-07-24 13:34:16.856,1.575,1.573,1.676,1.452,1.58,1.582,1.481,1.548,1.571,1.584
2025-07-24 13:34:16.906,1.575,1.573,1.675,1.451,1.586,1.583,1.481,1.548,1.571,1.583
2025-07-24 13:34:16.956,1.575,1.573,1.675,1.451,1.58,1.582,1.482,1.548,1.571,1.585
2025-07-24 13:34:17.006,1.575,1.574,1.675,1.452,1.581,1.582,1.481,1.548,1.57,1.584
2025-07-24 13:34:17.057,1.576,1.573,1.674,1.452,1.579,1.582,1.481,1.548,1.571,1.584
2025-07-24 13:34:17.107,1.576,1.573,1.674,1.452,1.58,1.582,1.482,1.548,1.57,1.585
2025-07-24 13:34:17.157,1.576,1.573,1.675,1.452,1.577,1.582,1.482,1.548,1.57,1.585
2025-07-24 13:34:17.207,1.575,1.573,1.675,1.452,1.582,1.582,1.481,1.548,1.57,1.584
2025-07-24 13:34:17.257,1.575,1.573,1.674,1.453,1.58,1.582,1.482,1.548,1.571,1.584
2025-07-24 13:34:17.307,1.577,1.573,1.675,1.453,1.58,1.582,1.482,1.548,1.57,1.584
2025-07-24 13:34:17.356,1.576,1.573,1.675,1.453,1.58,1.581,1.482,1.548,1.571,1.584
2025-07-24 13:34:17.407,1.575,1.573,1.674,1.453,1.577,1.582,1.48,1.548,1.57,1.584
2025-07-24 13:34:17.456,1.576,1.573,1.675,1.453,1.581,1.582,1.482,1.548,1.57,1.585
2025-07-24 13:34:17.507,1.575,1.574,1.674,1.453,1.581,1.582,1.482,1.548,1.572,1.584
2025-07-24 13:34:17.557,1.576,1.573,1.674,1.453,1.581,1.582,1.482,1.548,1.57,1.584
2025-07-24 13:34:17.606,1.576,1.573,1.674,1.453,1.579,1.582,1.481,1.548,1.571,1.584
2025-07-24 13:34:17.656,1.576,1.573,1.675,1.454,1.579,1.582,1.482,1.548,1.571,1.584
2025-07-24 13:34:17.707,1.577,1.573,1.675,1.453,1.576,1.582,1.482,1.548,1.571,1.585
2025-07-24 13:34:17.756,1.576,1.573,1.673,1.454,1.581,1.582,1.482,1.548,1.571,1.585
2025-07-24 13:34:17.807,1.575,1.573,1.674,1.454,1.575,1.582,1.482,1.548,1.571,1.585
2025-07-24 13:34:17.857,1.577,1.574,1.673,1.454,1.58,1.582,1.482,1.548,1.571,1.586
2025-07-24 13:34:17.906,1.576,1.573,1.674,1.454,1.573,1.582,1.481,1.548,1.572,1.585
2025-07-24 13:34:17.957,1.576,1.573,1.675,1.455,1.585,1.582,1.482,1.549,1.572,1.585
2025-07-24 13:34:18.007,1.575,1.573,1.674,1.454,1.581,1.582,1.482,1.548,1.572,1.585
2025-07-24 13:34:18.057,1.576,1.575,1.675,1.455,1.573,1.582,1.482,1.549,1.572,1.586
2025-07-24 13:34:18.107,1.577,1.573,1.674,1.455,1.58,1.582,1.482,1.549,1.572,1.585
2025-07-24 13:34:18.157,1.576,1.573,1.674,1.455,1.582,1.582,1.482,1.549,1.572,1.586
2025-07-24 13:34:18.207,1.577,1.573,1.675,1.455,1.577,1.582,1.482,1.549,1.572,1.585
2025-07-24 13:34:18.257,1.577,1.573,1.675,1.455,1.577,1.582,1.481,1.549,1.572,1.586
2025-07-24 13:34:18.307,1.576,1.574,1.675,1.455,1.581,1.582,1.482,1.549,1.572,1.586
2025-07-24 13:34:18.357,1.576,1.574,1.674,1.455,1.579,1.582,1.481,1.55,1.572,1.586
2025-07-24 13:34:18.407,1.576,1.573,1.674,1.455,1.58,1.582,1.482,1.549,1.573,1.586
2025-07-24 13:34:18.457,1.575,1.574,1.674,1.455,1.58,1.582,1.482,1.549,1.573,1.585
2025-07-24 13:34:18.507,1.575,1.573,1.675,1.456,1.581,1.582,1.482,1.549,1.572,1.586
2025-07-24 13:34:18.556,1.575,1.573,1.675,1.455,1.579,1.582,1.481,1.549,1.573,1.586
2025-07-24 13:34:18.607,1.575,1.573,1.675,1.455,1.578,1.582,1.48,1.549,1.573,1.585
2025-07-24 13:34:18.657,1.575,1.573,1.674,1.455,1.586,1.582,1.482,1.548,1.573,1.584
2025-07-24 13:34:18.707,1.576,1.573,1.675,1.456,1.578,1.582,1.483,1.549,1.573,1.585
2025-07-24 13:34:18.758,1.576,1.573,1.675,1.456,1.58,1.582,1.48,1.549,1.573,1.584
2025-07-24 13:34:18.807,1.575,1.573,1.675,1.456,1.581,1.581,1.481,1.549,1.573,1.585
2025-07-24 13:34:18.858,1.575,1.573,1.676,1.456,1.578,1.582,1.482,1.549,1.573,1.584
2025-07-24 13:34:18.908,1.577,1.573,1.675,1.456,1.579,1.582,1.482,1.549,1.574,1.584
2025-07-24 13:34:18.958,1.576,1.573,1.676,1.455,1.582,1.582,1.481,1.548,1.573,1.584
2025-07-24 13:34:19.007,1.576,1.574,1.675,1.456,1.577,1.583,1.484,1.549,1.573,1.583
2025-07-24 13:34:19.057,1.575,1.573,1.675,1.456,1.582,1.582,1.482,1.549,1.573,1.583
2025-07-24 13:34:19.107,1.575,1.575,1.675,1.455,1.588,1.582,1.481,1.549,1.573,1.584
2025-07-24 13:34:19.157,1.576,1.573,1.675,1.456,1.59,1.582,1.482,1.549,1.573,1.583
2025-07-24 13:34:19.210,1.575,1.573,1.675,1.456,1.579,1.583,1.483,1.549,1.573,1.582
2025-07-24 13:34:19.258,1.576,1.573,1.676,1.454,1.582,1.582,1.482,1.548,1.573,1.582
2025-07-24 13:34:19.308,1.576,1.573,1.676,1.455,1.575,1.582,1.482,1.549,1.573,1.583
2025-07-24 13:34:19.357,1.575,1.574,1.675,1.455,1.579,1.582,1.482,1.549,1.573,1.582
2025-07-24 13:34:19.408,1.576,1.574,1.675,1.455,1.58,1.582,1.482,1.549,1.573,1.583
2025-07-24 13:34:19.458,1.576,1.573,1.675,1.455,1.581,1.582,1.482,1.548,1.573,1.583
2025-07-24 13:34:19.508,1.576,1.574,1.676,1.455,1.58,1.582,1.481,1.549,1.573,1.582
2025-07-24 13:34:19.558,1.575,1.574,1.674,1.454,1.577,1.582,1.48,1.549,1.573,1.582
2025-07-24 13:34:19.608,1.576,1.574,1.676,1.454,1.577,1.582,1.482,1.548,1.573,1.582
2025-07-24 13:34:19.658,1.575,1.573,1.676,1.455,1.58,1.582,1.482,1.549,1.573,1.582
2025-07-24 13:34:19.708,1.576,1.573,1.675,1.455,1.579,1.582,1.482,1.549,1.573,1.582
2025-07-24 13:34:19.758,1.574,1.573,1.675,1.455,1.584,1.582,1.482,1.549,1.573,1.582
2025-07-24 13:34:19.808,1.576,1.574,1.675,1.455,1.579,1.582,1.481,1.549,1.573,1.582
2025-07-24 13:34:19.858,1.575,1.573,1.676,1.455,1.577,1.582,1.481,1.549,1.573,1.582
2025-07-24 13:34:19.907,1.575,1.574,1.675,1.455,1.579,1.582,1.482,1.548,1.573,1.582
2025-07-24 13:34:19.958,1.575,1.573,1.675,1.454,1.579,1.582,1.481,1.549,1.573,1.582
2025-07-24 13:34:20.008,1.575,1.573,1.676,1.455,1.579,1.582,1.481,1.548,1.574,1.582
2025-07-24 13:34:20.058,1.577,1.573,1.675,1.454,1.582,1.582,1.481,1.548,1.573,1.582
2025-07-24 13:34:20.108,1.576,1.573,1.676,1.454,1.579,1.582,1.481,1.548,1.574,1.581
2025-07-24 13:34:20.158,1.575,1.573,1.674,1.454,1.586,1.582,1.482,1.548,1.573,1.581
2025-07-24 13:34:20.207,1.575,1.573,1.674,1.455,1.574,1.581,1.481,1.549,1.573,1.581
2025-07-24 13:34:20.258,1.575,1.573,1.675,1.454,1.581,1.582,1.484,1.549,1.573,1.581
2025-07-24 13:34:20.308,1.576,1.573,1.675,1.455,1.579,1.582,1.481,1.548,1.573,1.58
2025-07-24 13:34:20.359,1.575,1.574,1.675,1.455,1.582,1.582,1.481,1.548,1.573,1.581
2025-07-24 13:34:20.409,1.574,1.573,1.675,1.455,1.579,1.582,1.481,1.549,1.573,1.581
2025-07-24 13:34:20.458,1.576,1.573,1.674,1.455,1.58,1.582,1.482,1.548,1.573,1.581
2025-07-24 13:34:20.508,1.574,1.573,1.675,1.455,1.58,1.582,1.48,1.548,1.573,1.581
2025-07-24 13:34:20.558,1.574,1.573,1.675,1.455,1.589,1.582,1.481,1.548,1.573,1.582
2025-07-24 13:34:20.608,1.575,1.573,1.675,1.455,1.58,1.582,1.479,1.549,1.573,1.581
2025-07-24 13:34:20.659,1.574,1.573,1.674,1.455,1.58,1.582,1.481,1.548,1.573,1.581
2025-07-24 13:34:20.708,1.576,1.573,1.674,1.456,1.579,1.582,1.482,1.549,1.573,1.58
2025-07-24 13:34:20.758,1.574,1.573,1.674,1.456,1.579,1.582,1.481,1.549,1.574,1.58
2025-07-24 13:34:20.808,1.574,1.573,1.674,1.456,1.58,1.582,1.481,1.548,1.573,1.58
2025-07-24 13:34:20.859,1.574,1.573,1.674,1.456,1.579,1.582,1.481,1.548,1.573,1.58
2025-07-24 13:34:20.909,1.575,1.573,1.673,1.457,1.579,1.582,1.481,1.549,1.573,1.58
2025-07-24 13:34:20.958,1.574,1.573,1.673,1.456,1.581,1.582,1.482,1.549,1.573,1.581
2025-07-24 13:34:21.009,1.575,1.573,1.673,1.456,1.58,1.582,1.482,1.549,1.573,1.58
2025-07-24 13:34:21.059,1.575,1.573,1.673,1.456,1.582,1.582,1.482,1.549,1.573,1.58
2025-07-24 13:34:21.108,1.575,1.572,1.674,1.455,1.58,1.582,1.481,1.549,1.573,1.58
2025-07-24 13:34:21.158,1.575,1.573,1.674,1.456,1.582,1.582,1.481,1.549,1.573,1.58
2025-07-24 13:34:21.209,1.574,1.573,1.674,1.456,1.58,1.582,1.481,1.549,1.573,1.581
2025-07-24 13:34:21.258,1.574,1.572,1.674,1.456,1.586,1.582,1.482,1.549,1.573,1.581
2025-07-24 13:34:21.308,1.575,1.573,1.674,1.457,1.579,1.582,1.482,1.549,1.573,1.58
2025-07-24 13:34:21.358,1.575,1.573,1.674,1.456,1.58,1.582,1.482,1.55,1.574,1.58
2025-07-24 13:34:21.409,1.574,1.572,1.675,1.457,1.581,1.581,1.482,1.548,1.573,1.582
2025-07-24 13:34:21.459,1.575,1.572,1.674,1.457,1.582,1.582,1.481,1.549,1.573,1.581
2025-07-24 13:34:21.509,1.575,1.573,1.674,1.456,1.58,1.582,1.481,1.549,1.573,1.58
2025-07-24 13:34:21.559,1.574,1.572,1.673,1.457,1.579,1.583,1.48,1.55,1.573,1.581
2025-07-24 13:34:21.609,1.575,1.573,1.675,1.457,1.581,1.582,1.482,1.549,1.574,1.581
2025-07-24 13:34:21.658,1.574,1.573,1.674,1.457,1.579,1.582,1.481,1.55,1.573,1.582
2025-07-24 13:34:21.708,1.574,1.573,1.675,1.457,1.579,1.582,1.481,1.549,1.574,1.581
2025-07-24 13:34:21.759,1.575,1.573,1.674,1.457,1.579,1.582,1.482,1.55,1.575,1.581
2025-07-24 13:34:21.809,1.576,1.573,1.676,1.457,1.579,1.582,1.482,1.55,1.574,1.581
2025-07-24 13:34:21.859,1.574,1.573,1.673,1.457,1.584,1.582,1.481,1.55,1.574,1.581
2025-07-24 13:34:21.908,1.575,1.573,1.674,1.457,1.58,1.582,1.482,1.551,1.573,1.581
2025-07-24 13:34:21.959,1.576,1.573,1.673,1.457,1.579,1.582,1.482,1.549,1.574,1.582
2025-07-24 13:34:22.009,1.575,1.573,1.675,1.456,1.578,1.582,1.48,1.55,1.574,1.582
2025-07-24 13:34:22.058,1.575,1.573,1.675,1.457,1.577,1.582,1.481,1.55,1.574,1.582
2025-07-24 13:34:22.109,1.576,1.573,1.675,1.457,1.578,1.582,1.484,1.551,1.574,1.581
2025-07-24 13:34:22.159,1.576,1.573,1.673,1.457,1.578,1.582,1.482,1.55,1.575,1.582
2025-07-24 13:34:22.209,1.575,1.573,1.674,1.457,1.583,1.582,1.482,1.55,1.574,1.582
2025-07-24 13:34:22.259,1.575,1.573,1.674,1.457,1.58,1.582,1.482,1.55,1.574,1.582
2025-07-24 13:34:22.309,1.576,1.573,1.674,1.457,1.579,1.582,1.482,1.551,1.574,1.582
2025-07-24 13:34:22.359,1.576,1.573,1.674,1.457,1.584,1.582,1.482,1.55,1.575,1.582
2025-07-24 13:34:22.409,1.575,1.573,1.675,1.457,1.584,1.582,1.482,1.55,1.574,1.582
2025-07-24 13:34:22.459,1.575,1.573,1.674,1.457,1.577,1.582,1.483,1.549,1.574,1.582
2025-07-24 13:34:22.510,1.575,1.573,1.674,1.457,1.578,1.582,1.481,1.549,1.575,1.583
2025-07-24 13:34:22.560,1.576,1.573,1.674,1.457,1.577,1.582,1.482,1.55,1.575,1.582
2025-07-24 13:34:22.609,1.576,1.573,1.674,1.457,1.579,1.583,1.48,1.55,1.575,1.582
2025-07-24 13:34:22.659,1.576,1.573,1.675,1.457,1.578,1.582,1.482,1.55,1.574,1.582
2025-07-24 13:34:22.710,1.575,1.574,1.675,1.457,1.58,1.582,1.482,1.55,1.574,1.582
2025-07-24 13:34:22.759,1.575,1.573,1.676,1.457,1.577,1.582,1.482,1.55,1.575,1.582
2025-07-24 13:34:22.809,1.576,1.573,1.674,1.457,1.58,1.582,1.481,1.549,1.576,1.582
2025-07-24 13:34:22.860,1.575,1.573,1.675,1.457,1.579,1.582,1.482,1.55,1.575,1.583
2025-07-24 13:34:22.910,1.575,1.573,1.674,1.457,1.58,1.583,1.482,1.55,1.575,1.582
2025-07-24 13:34:22.959,1.575,1.573,1.674,1.457,1.58,1.582,1.482,1.549,1.575,1.583
2025-07-24 13:34:23.009,1.577,1.573,1.673,1.457,1.58,1.582,1.482,1.55,1.575,1.582
2025-07-24 13:34:23.059,1.575,1.573,1.673,1.457,1.58,1.581,1.482,1.55,1.575,1.583
2025-07-24 13:34:23.109,1.575,1.573,1.673,1.457,1.58,1.582,1.482,1.55,1.575,1.583
2025-07-24 13:34:23.160,1.576,1.573,1.675,1.457,1.578,1.582,1.482,1.549,1.575,1.582
2025-07-24 13:34:23.208,1.576,1.573,1.674,1.457,1.576,1.582,1.484,1.55,1.575,1.582
2025-07-24 13:34:23.259,1.575,1.573,1.674,1.457,1.578,1.582,1.484,1.55,1.574,1.582
2025-07-24 13:34:23.310,1.577,1.573,1.675,1.457,1.579,1.582,1.48,1.55,1.574,1.582
2025-07-24 13:34:23.359,1.576,1.573,1.675,1.457,1.578,1.582,1.482,1.549,1.576,1.583
2025-07-24 13:34:23.409,1.576,1.574,1.674,1.458,1.581,1.582,1.481,1.55,1.575,1.583
2025-07-24 13:34:23.459,1.575,1.573,1.674,1.457,1.584,1.582,1.481,1.549,1.575,1.583
2025-07-24 13:34:23.509,1.576,1.573,1.673,1.457,1.581,1.582,1.481,1.55,1.575,1.583
2025-07-24 13:34:23.560,1.575,1.573,1.674,1.458,1.582,1.582,1.482,1.55,1.574,1.583
2025-07-24 13:34:23.610,1.575,1.573,1.674,1.457,1.58,1.582,1.482,1.55,1.575,1.583
2025-07-24 13:34:23.659,1.577,1.573,1.674,1.457,1.58,1.582,1.48,1.549,1.575,1.583
2025-07-24 13:34:23.710,1.576,1.574,1.674,1.457,1.578,1.582,1.482,1.55,1.576,1.583
2025-07-24 13:34:23.760,1.576,1.573,1.674,1.457,1.579,1.582,1.481,1.549,1.574,1.583
2025-07-24 13:34:23.810,1.577,1.573,1.674,1.457,1.575,1.582,1.481,1.55,1.575,1.584
2025-07-24 13:34:23.859,1.576,1.573,1.675,1.457,1.58,1.582,1.48,1.55,1.574,1.583
2025-07-24 13:34:23.910,1.577,1.574,1.673,1.457,1.581,1.582,1.482,1.549,1.576,1.583
2025-07-24 13:34:23.960,1.575,1.573,1.674,1.457,1.577,1.582,1.481,1.55,1.575,1.583
2025-07-24 13:34:24.009,1.576,1.573,1.673,1.457,1.579,1.582,1.481,1.55,1.575,1.583
2025-07-24 13:34:24.059,1.576,1.574,1.674,1.457,1.578,1.581,1.481,1.55,1.575,1.584
2025-07-24 13:34:24.110,1.575,1.573,1.673,1.457,1.582,1.583,1.48,1.55,1.574,1.583
2025-07-24 13:34:24.159,1.575,1.573,1.675,1.457,1.577,1.582,1.482,1.55,1.574,1.584
2025-07-24 13:34:24.210,1.576,1.573,1.673,1.457,1.577,1.581,1.48,1.55,1.575,1.584
2025-07-24 13:34:24.259,1.574,1.573,1.674,1.458,1.581,1.582,1.481,1.548,1.575,1.584
2025-07-24 13:34:24.310,1.576,1.574,1.674,1.457,1.579,1.582,1.48,1.549,1.575,1.583
2025-07-24 13:34:24.360,1.576,1.573,1.674,1.457,1.581,1.582,1.481,1.55,1.574,1.583
2025-07-24 13:34:24.410,1.575,1.573,1.673,1.457,1.579,1.582,1.482,1.549,1.575,1.583
2025-07-24 13:34:24.460,1.576,1.573,1.673,1.457,1.579,1.582,1.482,1.549,1.574,1.584
2025-07-24 13:34:24.510,1.576,1.573,1.674,1.457,1.582,1.582,1.48,1.549,1.575,1.584
2025-07-24 13:34:24.559,1.575,1.573,1.675,1.457,1.586,1.582,1.481,1.55,1.574,1.583
2025-07-24 13:34:24.610,1.575,1.574,1.674,1.457,1.58,1.582,1.481,1.549,1.574,1.584
2025-07-24 13:34:24.660,1.576,1.574,1.675,1.457,1.582,1.582,1.481,1.549,1.574,1.584
2025-07-24 13:34:24.710,1.575,1.573,1.674,1.457,1.58,1.582,1.481,1.55,1.575,1.584
2025-07-24 13:34:24.760,1.576,1.574,1.674,1.457,1.58,1.582,1.482,1.549,1.575,1.584
2025-07-24 13:34:24.810,1.575,1.573,1.674,1.457,1.579,1.582,1.482,1.55,1.575,1.585
2025-07-24 13:34:24.861,1.576,1.574,1.675,1.458,1.58,1.582,1.482,1.55,1.575,1.584
2025-07-24 13:34:24.909,1.577,1.574,1.674,1.457,1.577,1.582,1.481,1.55,1.575,1.584
2025-07-24 13:34:24.961,1.577,1.573,1.675,1.458,1.577,1.582,1.48,1.55,1.574,1.584
2025-07-24 13:34:25.011,1.576,1.574,1.675,1.458,1.58,1.582,1.481,1.549,1.576,1.584
2025-07-24 13:34:25.060,1.576,1.573,1.674,1.457,1.577,1.582,1.479,1.549,1.575,1.584
2025-07-24 13:34:25.111,1.577,1.575,1.675,1.457,1.58,1.583,1.481,1.55,1.575,1.583
2025-07-24 13:34:25.160,1.576,1.573,1.676,1.457,1.582,1.582,1.481,1.551,1.575,1.584
2025-07-24 13:34:25.211,1.577,1.575,1.676,1.458,1.579,1.582,1.482,1.55,1.575,1.585
2025-07-24 13:34:25.259,1.577,1.573,1.676,1.458,1.581,1.582,1.481,1.55,1.575,1.584
2025-07-24 13:34:25.311,1.576,1.574,1.675,1.457,1.579,1.582,1.482,1.551,1.575,1.584
2025-07-24 13:34:25.360,1.577,1.574,1.675,1.457,1.578,1.582,1.481,1.549,1.576,1.585
2025-07-24 13:34:25.411,1.577,1.573,1.676,1.457,1.578,1.582,1.482,1.551,1.575,1.585
2025-07-24 13:34:25.461,1.577,1.574,1.676,1.457,1.58,1.582,1.482,1.55,1.575,1.584
2025-07-24 13:34:25.511,1.577,1.574,1.676,1.457,1.58,1.582,1.481,1.551,1.575,1.584
2025-07-24 13:34:25.561,1.577,1.575,1.676,1.456,1.578,1.582,1.482,1.55,1.577,1.585
2025-07-24 13:34:25.610,1.577,1.574,1.677,1.456,1.583,1.582,1.482,1.55,1.576,1.585
2025-07-24 13:34:25.661,1.576,1.575,1.677,1.456,1.585,1.582,1.481,1.55,1.575,1.585
2025-07-24 13:34:25.710,1.577,1.574,1.676,1.455,1.578,1.582,1.482,1.551,1.576,1.585
2025-07-24 13:34:25.761,1.577,1.575,1.676,1.456,1.579,1.582,1.481,1.55,1.575,1.585
2025-07-24 13:34:25.811,1.577,1.573,1.676,1.455,1.58,1.582,1.481,1.55,1.576,1.585
2025-07-24 13:34:25.861,1.577,1.574,1.677,1.455,1.581,1.582,1.482,1.55,1.576,1.584
2025-07-24 13:34:25.911,1.577,1.575,1.677,1.454,1.58,1.582,1.482,1.55,1.575,1.585
2025-07-24 13:34:25.961,1.577,1.574,1.676,1.455,1.582,1.582,1.481,1.55,1.577,1.585
2025-07-24 13:34:26.011,1.577,1.575,1.676,1.454,1.58,1.582,1.482,1.55,1.576,1.585
2025-07-24 13:34:26.061,1.577,1.575,1.676,1.454,1.578,1.582,1.482,1.55,1.576,1.585
2025-07-24 13:34:26.111,1.577,1.574,1.677,1.454,1.58,1.582,1.482,1.551,1.576,1.585
2025-07-24 13:34:26.161,1.577,1.575,1.677,1.453,1.579,1.582,1.482,1.55,1.577,1.585
2025-07-24 13:34:26.211,1.577,1.574,1.677,1.453,1.579,1.582,1.482,1.551,1.576,1.585
2025-07-24 13:34:26.262,1.577,1.574,1.676,1.453,1.58,1.582,1.482,1.55,1.576,1.585
2025-07-24 13:34:26.311,1.577,1.575,1.677,1.454,1.578,1.583,1.481,1.55,1.576,1.585
2025-07-24 13:34:26.361,1.577,1.575,1.677,1.454,1.581,1.582,1.482,1.55,1.576,1.586
2025-07-24 13:34:26.410,1.577,1.573,1.677,1.453,1.579,1.582,1.482,1.55,1.575,1.585
2025-07-24 13:34:26.461,1.577,1.574,1.677,1.453,1.582,1.582,1.481,1.551,1.575,1.585
2025-07-24 13:34:26.512,1.577,1.575,1.677,1.454,1.58,1.582,1.481,1.55,1.575,1.586
2025-07-24 13:34:26.560,1.577,1.576,1.677,1.453,1.582,1.582,1.481,1.551,1.575,1.585
2025-07-24 13:34:26.612,1.577,1.574,1.677,1.453,1.579,1.582,1.482,1.551,1.576,1.586
2025-07-24 13:34:26.660,1.577,1.575,1.677,1.453,1.582,1.582,1.481,1.55,1.576,1.585
2025-07-24 13:34:26.710,1.577,1.574,1.677,1.454,1.585,1.582,1.482,1.549,1.575,1.585
2025-07-24 13:34:26.761,1.577,1.575,1.677,1.453,1.577,1.582,1.481,1.55,1.576,1.586
2025-07-24 13:34:26.811,1.577,1.574,1.677,1.453,1.579,1.582,1.482,1.549,1.575,1.585
2025-07-24 13:34:26.861,1.577,1.575,1.677,1.453,1.579,1.582,1.482,1.55,1.577,1.585
2025-07-24 13:34:26.911,1.576,1.575,1.676,1.453,1.582,1.582,1.482,1.55,1.576,1.586
2025-07-24 13:34:26.962,1.576,1.575,1.677,1.453,1.581,1.582,1.482,1.549,1.575,1.585
2025-07-24 13:34:27.012,1.576,1.574,1.678,1.453,1.579,1.582,1.481,1.549,1.575,1.585
2025-07-24 13:34:27.061,1.576,1.575,1.677,1.453,1.579,1.582,1.481,1.549,1.576,1.585
2025-07-24 13:34:27.112,1.576,1.574,1.677,1.453,1.577,1.582,1.479,1.55,1.576,1.586
2025-07-24 13:34:27.162,1.577,1.574,1.677,1.453,1.58,1.582,1.482,1.549,1.575,1.585
2025-07-24 13:34:27.211,1.576,1.574,1.677,1.453,1.583,1.582,1.481,1.551,1.575,1.585
2025-07-24 13:34:27.262,1.576,1.574,1.677,1.453,1.581,1.582,1.48,1.55,1.576,1.585
2025-07-24 13:34:27.310,1.576,1.574,1.677,1.454,1.59,1.582,1.482,1.551,1.575,1.586
2025-07-24 13:34:27.362,1.576,1.573,1.678,1.453,1.579,1.581,1.48,1.55,1.576,1.586
2025-07-24 13:34:27.411,1.576,1.575,1.677,1.453,1.582,1.582,1.48,1.549,1.575,1.585
2025-07-24 13:34:27.461,1.577,1.574,1.677,1.453,1.58,1.582,1.482,1.55,1.575,1.586
2025-07-24 13:34:27.511,1.576,1.575,1.677,1.453,1.579,1.582,1.481,1.55,1.576,1.585
2025-07-24 13:34:27.562,1.576,1.574,1.677,1.453,1.58,1.582,1.482,1.549,1.575,1.585
2025-07-24 13:34:27.612,1.576,1.575,1.678,1.453,1.578,1.582,1.48,1.549,1.575,1.585
2025-07-24 13:34:27.661,1.576,1.575,1.677,1.453,1.578,1.582,1.481,1.549,1.575,1.585
2025-07-24 13:34:27.711,1.576,1.573,1.676,1.453,1.578,1.582,1.481,1.55,1.575,1.585
2025-07-24 13:34:27.761,1.576,1.574,1.677,1.453,1.578,1.582,1.48,1.55,1.576,1.585
2025-07-24 13:34:27.811,1.576,1.574,1.677,1.453,1.585,1.582,1.481,1.549,1.574,1.585
2025-07-24 13:34:27.862,1.576,1.574,1.677,1.454,1.579,1.581,1.481,1.549,1.575,1.584
2025-07-24 13:34:27.911,1.576,1.573,1.677,1.453,1.579,1.582,1.481,1.549,1.575,1.584
2025-07-24 13:34:27.962,1.577,1.573,1.677,1.453,1.578,1.582,1.481,1.55,1.574,1.584
2025-07-24 13:34:28.012,1.576,1.574,1.677,1.453,1.58,1.582,1.481,1.549,1.575,1.585
2025-07-24 13:34:28.062,1.577,1.574,1.677,1.453,1.582,1.583,1.479,1.549,1.575,1.585
2025-07-24 13:34:28.112,1.577,1.574,1.677,1.453,1.578,1.582,1.482,1.55,1.575,1.585
2025-07-24 13:34:28.161,1.577,1.574,1.677,1.453,1.582,1.582,1.48,1.55,1.575,1.586
2025-07-24 13:34:28.212,1.576,1.573,1.677,1.453,1.58,1.582,1.481,1.55,1.576,1.586
2025-07-24 13:34:28.262,1.577,1.574,1.677,1.453,1.58,1.582,1.48,1.55,1.575,1.586
2025-07-24 13:34:28.312,1.577,1.573,1.677,1.453,1.579,1.582,1.481,1.55,1.575,1.586
2025-07-24 13:34:28.362,1.577,1.574,1.677,1.453,1.579,1.582,1.482,1.55,1.576,1.585
2025-07-24 13:34:28.412,1.577,1.573,1.677,1.453,1.581,1.582,1.481,1.551,1.575,1.585
2025-07-24 13:34:28.461,1.577,1.575,1.677,1.453,1.577,1.582,1.48,1.55,1.575,1.586
2025-07-24 13:34:28.512,1.577,1.574,1.677,1.453,1.58,1.582,1.479,1.55,1.575,1.586
2025-07-24 13:34:28.562,1.577,1.573,1.677,1.453,1.577,1.582,1.481,1.551,1.575,1.585
2025-07-24 13:34:28.612,1.577,1.575,1.677,1.453,1.58,1.582,1.481,1.55,1.576,1.585
2025-07-24 13:34:28.662,1.577,1.574,1.677,1.452,1.577,1.582,1.481,1.55,1.576,1.585
2025-07-24 13:34:28.712,1.576,1.575,1.677,1.453,1.58,1.582,1.482,1.551,1.575,1.586
2025-07-24 13:34:28.762,1.577,1.574,1.677,1.453,1.579,1.583,1.482,1.549,1.576,1.586
2025-07-24 13:34:28.812,1.577,1.576,1.677,1.453,1.58,1.582,1.482,1.55,1.576,1.586
2025-07-24 13:34:28.862,1.577,1.575,1.677,1.453,1.581,1.582,1.481,1.55,1.575,1.586
2025-07-24 13:34:28.912,1.577,1.574,1.677,1.453,1.591,1.582,1.482,1.551,1.575,1.586
2025-07-24 13:34:28.962,1.577,1.575,1.677,1.453,1.579,1.582,1.482,1.55,1.576,1.585
2025-07-24 13:34:29.012,1.576,1.574,1.677,1.453,1.579,1.582,1.482,1.55,1.576,1.586
2025-07-24 13:34:29.062,1.577,1.575,1.677,1.453,1.579,1.582,1.482,1.551,1.575,1.586
2025-07-24 13:34:29.112,1.576,1.574,1.678,1.453,1.58,1.582,1.483,1.55,1.577,1.586
2025-07-24 13:34:29.162,1.576,1.575,1.677,1.454,1.58,1.583,1.479,1.55,1.576,1.586
2025-07-24 13:34:29.212,1.577,1.575,1.677,1.453,1.58,1.583,1.481,1.55,1.576,1.586
2025-07-24 13:34:29.262,1.576,1.574,1.678,1.453,1.578,1.583,1.481,1.55,1.576,1.586
2025-07-24 13:34:29.313,1.575,1.575,1.678,1.453,1.579,1.582,1.482,1.551,1.577,1.586
2025-07-24 13:34:29.363,1.575,1.574,1.678,1.454,1.575,1.582,1.482,1.55,1.576,1.586
2025-07-24 13:34:29.412,1.575,1.574,1.678,1.454,1.58,1.583,1.481,1.55,1.577,1.586
2025-07-24 13:34:29.462,1.575,1.575,1.677,1.453,1.582,1.582,1.482,1.55,1.576,1.586
2025-07-24 13:34:29.512,1.576,1.574,1.677,1.453,1.58,1.582,1.482,1.55,1.576,1.586
2025-07-24 13:34:29.562,1.575,1.575,1.678,1.454,1.577,1.582,1.482,1.551,1.576,1.586
2025-07-24 13:34:29.613,1.576,1.573,1.678,1.454,1.58,1.582,1.481,1.549,1.577,1.586
2025-07-24 13:34:29.663,1.574,1.575,1.677,1.453,1.578,1.582,1.481,1.55,1.576,1.586
2025-07-24 13:34:29.713,1.576,1.574,1.678,1.453,1.58,1.582,1.483,1.55,1.576,1.586
2025-07-24 13:34:29.763,1.574,1.575,1.678,1.454,1.58,1.582,1.482,1.551,1.576,1.586
2025-07-24 13:34:29.812,1.574,1.574,1.677,1.454,1.579,1.582,1.482,1.55,1.577,1.586
2025-07-24 13:34:29.863,1.575,1.574,1.679,1.455,1.59,1.582,1.482,1.551,1.576,1.586
2025-07-24 13:34:29.913,1.574,1.575,1.679,1.454,1.58,1.582,1.482,1.551,1.577,1.586
2025-07-24 13:34:29.962,1.574,1.575,1.678,1.455,1.58,1.582,1.48,1.551,1.577,1.586
2025-07-24 13:34:30.012,1.575,1.575,1.678,1.455,1.579,1.582,1.481,1.55,1.577,1.586
2025-07-24 13:34:30.063,1.575,1.574,1.679,1.454,1.579,1.583,1.481,1.551,1.576,1.586
2025-07-24 13:34:30.113,1.574,1.574,1.678,1.454,1.582,1.582,1.481,1.551,1.577,1.586
2025-07-24 13:34:30.163,1.574,1.573,1.677,1.455,1.579,1.582,1.482,1.55,1.577,1.586
2025-07-24 13:34:30.213,1.575,1.574,1.677,1.455,1.579,1.582,1.479,1.55,1.577,1.586
2025-07-24 13:34:30.262,1.575,1.573,1.678,1.455,1.579,1.582,1.481,1.55,1.577,1.586
2025-07-24 13:34:30.313,1.574,1.573,1.677,1.455,1.577,1.583,1.483,1.551,1.576,1.586
2025-07-24 13:34:30.363,1.574,1.573,1.677,1.454,1.58,1.583,1.48,1.55,1.576,1.586
2025-07-24 13:34:30.413,1.574,1.573,1.678,1.454,1.579,1.582,1.482,1.55,1.576,1.586
2025-07-24 13:34:30.462,1.574,1.573,1.677,1.454,1.581,1.582,1.481,1.551,1.576,1.586
2025-07-24 13:34:30.513,1.573,1.573,1.677,1.454,1.581,1.582,1.481,1.55,1.576,1.586
2025-07-24 13:34:30.563,1.574,1.573,1.677,1.454,1.579,1.582,1.48,1.55,1.576,1.586
2025-07-24 13:34:30.613,1.573,1.573,1.677,1.454,1.58,1.582,1.481,1.55,1.576,1.586
2025-07-24 13:34:30.663,1.573,1.573,1.677,1.454,1.579,1.582,1.48,1.55,1.577,1.586
2025-07-24 13:34:30.714,1.574,1.573,1.677,1.454,1.58,1.582,1.48,1.55,1.576,1.586
2025-07-24 13:34:30.763,1.574,1.573,1.676,1.454,1.579,1.582,1.48,1.55,1.577,1.586
2025-07-24 13:34:30.813,1.575,1.573,1.677,1.454,1.58,1.582,1.482,1.551,1.575,1.587
2025-07-24 13:34:30.863,1.574,1.573,1.677,1.453,1.579,1.582,1.48,1.551,1.577,1.586
2025-07-24 13:34:30.913,1.575,1.573,1.676,1.453,1.576,1.582,1.481,1.55,1.576,1.586
2025-07-24 13:34:30.963,1.573,1.573,1.677,1.453,1.582,1.582,1.482,1.551,1.576,1.586
2025-07-24 13:34:31.013,1.573,1.573,1.676,1.453,1.58,1.582,1.481,1.55,1.576,1.586
2025-07-24 13:34:31.063,1.573,1.572,1.677,1.453,1.58,1.583,1.479,1.549,1.575,1.586
2025-07-24 13:34:31.114,1.573,1.572,1.677,1.453,1.578,1.582,1.48,1.55,1.575,1.586
2025-07-24 13:34:31.163,1.573,1.572,1.677,1.453,1.578,1.582,1.481,1.55,1.575,1.586
2025-07-24 13:34:31.213,1.573,1.572,1.676,1.453,1.58,1.582,1.48,1.55,1.576,1.586
2025-07-24 13:34:31.264,1.573,1.572,1.677,1.453,1.575,1.582,1.481,1.549,1.575,1.586
2025-07-24 13:34:31.314,1.573,1.572,1.677,1.453,1.579,1.582,1.481,1.549,1.576,1.586
2025-07-24 13:34:31.362,1.574,1.573,1.677,1.453,1.579,1.582,1.481,1.551,1.576,1.586
2025-07-24 13:34:31.413,1.573,1.572,1.677,1.453,1.58,1.582,1.481,1.55,1.576,1.586
2025-07-24 13:34:31.462,1.574,1.571,1.677,1.453,1.58,1.584,1.479,1.551,1.577,1.587
2025-07-24 13:34:31.514,1.574,1.572,1.677,1.453,1.579,1.582,1.482,1.551,1.576,1.586
2025-07-24 13:34:31.563,1.574,1.573,1.677,1.453,1.58,1.582,1.48,1.551,1.577,1.586
2025-07-24 13:34:31.614,1.573,1.573,1.678,1.453,1.58,1.582,1.482,1.551,1.577,1.586
2025-07-24 13:34:31.664,1.574,1.573,1.678,1.453,1.581,1.582,1.482,1.551,1.577,1.587
2025-07-24 13:34:31.714,1.575,1.572,1.678,1.453,1.577,1.582,1.482,1.551,1.577,1.586
2025-07-24 13:34:31.764,1.574,1.572,1.677,1.453,1.579,1.582,1.481,1.552,1.577,1.586
2025-07-24 13:34:31.814,1.575,1.573,1.679,1.453,1.578,1.583,1.483,1.549,1.577,1.586
2025-07-24 13:34:31.862,1.575,1.572,1.678,1.453,1.581,1.582,1.482,1.55,1.577,1.587
2025-07-24 13:34:31.913,1.575,1.573,1.678,1.453,1.572,1.582,1.48,1.552,1.577,1.588
2025-07-24 13:34:31.964,1.575,1.573,1.678,1.453,1.547,1.583,1.481,1.551,1.577,1.588
2025-07-24 13:34:32.013,1.575,1.573,1.677,1.454,1.513,1.582,1.482,1.552,1.576,1.587
2025-07-24 13:34:32.064,1.576,1.573,1.677,1.454,1.47,1.582,1.482,1.551,1.577,1.587
2025-07-24 13:34:32.114,1.577,1.573,1.678,1.454,1.41,1.58,1.482,1.551,1.577,1.587
2025-07-24 13:34:32.163,1.576,1.573,1.677,1.453,1.352,1.577,1.482,1.551,1.577,1.587
2025-07-24 13:34:32.214,1.576,1.574,1.677,1.454,1.277,1.574,1.482,1.551,1.577,1.587
2025-07-24 13:34:32.264,1.575,1.573,1.678,1.454,1.214,1.571,1.482,1.551,1.577,1.587
2025-07-24 13:34:32.314,1.577,1.574,1.678,1.454,1.17,1.566,1.481,1.551,1.577,1.588
2025-07-24 13:34:32.364,1.577,1.573,1.677,1.454,1.157,1.561,1.482,1.552,1.577,1.588
2025-07-24 13:34:32.414,1.577,1.573,1.678,1.454,1.163,1.558,1.482,1.551,1.577,1.588
2025-07-24 13:34:32.464,1.577,1.573,1.677,1.454,1.206,1.554,1.481,1.551,1.578,1.588
2025-07-24 13:34:32.514,1.577,1.574,1.678,1.454,1.278,1.551,1.481,1.552,1.577,1.588
2025-07-24 13:34:32.564,1.577,1.574,1.677,1.454,1.36,1.55,1.48,1.551,1.577,1.589
2025-07-24 13:34:32.614,1.577,1.574,1.679,1.455,1.436,1.548,1.478,1.552,1.577,1.589
2025-07-24 13:34:32.664,1.576,1.575,1.678,1.455,1.51,1.549,1.478,1.552,1.577,1.588
2025-07-24 13:34:32.714,1.577,1.575,1.678,1.454,1.551,1.55,1.479,1.551,1.577,1.588
2025-07-24 13:34:32.764,1.578,1.574,1.679,1.455,1.561,1.551,1.48,1.552,1.578,1.588
2025-07-24 13:34:32.814,1.579,1.575,1.679,1.455,1.568,1.553,1.478,1.552,1.578,1.589
2025-07-24 13:34:32.864,1.577,1.574,1.678,1.454,1.571,1.553,1.477,1.552,1.577,1.589
2025-07-24 13:34:32.914,1.577,1.576,1.677,1.455,1.572,1.555,1.478,1.552,1.577,1.589
2025-07-24 13:34:32.964,1.577,1.575,1.679,1.455,1.577,1.557,1.478,1.551,1.578,1.588
2025-07-24 13:34:33.014,1.578,1.576,1.678,1.454,1.575,1.557,1.478,1.552,1.578,1.588
2025-07-24 13:34:33.064,1.578,1.576,1.679,1.455,1.577,1.557,1.478,1.55,1.578,1.589
2025-07-24 13:34:33.114,1.577,1.575,1.679,1.455,1.577,1.558,1.478,1.551,1.578,1.588
2025-07-24 13:34:33.164,1.578,1.576,1.68,1.455,1.573,1.56,1.477,1.551,1.578,1.588
2025-07-24 13:34:33.214,1.578,1.575,1.679,1.456,1.555,1.561,1.478,1.551,1.578,1.589
2025-07-24 13:34:33.264,1.578,1.576,1.679,1.456,1.524,1.561,1.475,1.551,1.579,1.589
2025-07-24 13:34:33.314,1.579,1.575,1.681,1.456,1.461,1.561,1.476,1.551,1.578,1.59
2025-07-24 13:34:33.365,1.578,1.577,1.679,1.456,1.389,1.56,1.475,1.551,1.578,1.589
2025-07-24 13:34:33.414,1.578,1.576,1.679,1.456,1.302,1.557,1.476,1.551,1.577,1.589
2025-07-24 13:34:33.464,1.58,1.575,1.68,1.456,1.218,1.555,1.476,1.552,1.578,1.588
2025-07-24 13:34:33.514,1.578,1.576,1.68,1.456,1.149,1.552,1.477,1.551,1.578,1.589
2025-07-24 13:34:33.564,1.58,1.577,1.679,1.456,1.125,1.546,1.476,1.551,1.579,1.589
2025-07-24 13:34:33.615,1.58,1.577,1.681,1.456,1.13,1.544,1.476,1.55,1.578,1.588
2025-07-24 13:34:33.664,1.58,1.577,1.68,1.457,1.167,1.54,1.475,1.551,1.578,1.589
2025-07-24 13:34:33.714,1.579,1.576,1.679,1.456,1.229,1.537,1.476,1.551,1.577,1.589
2025-07-24 13:34:33.765,1.579,1.576,1.681,1.457,1.316,1.536,1.475,1.551,1.578,1.588
2025-07-24 13:34:33.814,1.58,1.577,1.681,1.456,1.413,1.534,1.475,1.55,1.578,1.589
2025-07-24 13:34:33.865,1.579,1.577,1.68,1.457,1.505,1.536,1.476,1.551,1.578,1.589
2025-07-24 13:34:33.915,1.58,1.577,1.681,1.457,1.552,1.536,1.474,1.551,1.578,1.589
2025-07-24 13:34:33.965,1.579,1.577,1.68,1.457,1.563,1.538,1.474,1.55,1.577,1.589
2025-07-24 13:34:34.015,1.58,1.576,1.681,1.457,1.569,1.54,1.474,1.55,1.578,1.588
2025-07-24 13:34:34.065,1.581,1.576,1.681,1.457,1.569,1.541,1.474,1.549,1.577,1.589
2025-07-24 13:34:34.115,1.58,1.577,1.681,1.457,1.569,1.542,1.473,1.55,1.577,1.59
2025-07-24 13:34:34.165,1.58,1.577,1.681,1.457,1.569,1.544,1.473,1.55,1.578,1.589
2025-07-24 13:34:34.215,1.579,1.577,1.681,1.457,1.567,1.546,1.472,1.55,1.577,1.588
2025-07-24 13:34:34.265,1.58,1.577,1.681,1.457,1.563,1.547,1.474,1.55,1.578,1.587
2025-07-24 13:34:34.315,1.579,1.577,1.681,1.457,1.557,1.548,1.473,1.55,1.577,1.589
2025-07-24 13:34:34.365,1.58,1.577,1.681,1.457,1.539,1.549,1.472,1.549,1.578,1.587
2025-07-24 13:34:34.415,1.58,1.577,1.681,1.457,1.509,1.549,1.473,1.55,1.577,1.589
2025-07-24 13:34:34.465,1.581,1.576,1.68,1.457,1.468,1.55,1.473,1.549,1.577,1.588
2025-07-24 13:34:34.514,1.58,1.577,1.681,1.457,1.41,1.549,1.472,1.549,1.578,1.589
2025-07-24 13:34:34.565,1.581,1.577,1.681,1.457,1.33,1.549,1.471,1.549,1.577,1.589
2025-07-24 13:34:34.615,1.58,1.577,1.68,1.457,1.245,1.546,1.472,1.549,1.577,1.588
2025-07-24 13:34:34.665,1.58,1.577,1.68,1.457,1.163,1.543,1.472,1.549,1.577,1.588
2025-07-24 13:34:34.715,1.58,1.577,1.681,1.457,1.138,1.539,1.471,1.549,1.577,1.589
2025-07-24 13:34:34.765,1.58,1.576,1.681,1.457,1.146,1.536,1.471,1.548,1.577,1.588
2025-07-24 13:34:34.815,1.579,1.577,1.681,1.457,1.192,1.533,1.474,1.549,1.577,1.589
2025-07-24 13:34:34.865,1.58,1.577,1.681,1.457,1.268,1.53,1.472,1.549,1.577,1.588
2025-07-24 13:34:34.915,1.579,1.577,1.681,1.457,1.352,1.529,1.471,1.548,1.577,1.588
2025-07-24 13:34:34.965,1.58,1.577,1.681,1.457,1.439,1.529,1.47,1.548,1.577,1.588
2025-07-24 13:34:35.015,1.579,1.577,1.681,1.457,1.513,1.529,1.471,1.548,1.577,1.588
2025-07-24 13:34:35.065,1.58,1.577,1.681,1.458,1.551,1.532,1.47,1.548,1.577,1.588
2025-07-24 13:34:35.115,1.579,1.577,1.681,1.457,1.559,1.532,1.472,1.548,1.577,1.588
2025-07-24 13:34:35.165,1.58,1.576,1.681,1.458,1.566,1.535,1.471,1.548,1.576,1.589
2025-07-24 13:34:35.215,1.579,1.576,1.68,1.457,1.569,1.537,1.47,1.548,1.576,1.587
2025-07-24 13:34:35.265,1.579,1.577,1.681,1.457,1.573,1.539,1.47,1.548,1.575,1.588
2025-07-24 13:34:35.315,1.58,1.577,1.681,1.457,1.575,1.54,1.47,1.548,1.576,1.588
2025-07-24 13:34:35.365,1.58,1.577,1.681,1.458,1.577,1.542,1.47,1.546,1.576,1.589
2025-07-24 13:34:35.415,1.58,1.577,1.682,1.457,1.574,1.544,1.469,1.548,1.575,1.587
2025-07-24 13:34:35.464,1.579,1.576,1.681,1.458,1.579,1.545,1.47,1.547,1.575,1.589
2025-07-24 13:34:35.515,1.58,1.577,1.681,1.457,1.575,1.546,1.471,1.547,1.575,1.587
2025-07-24 13:34:35.566,1.58,1.577,1.681,1.457,1.558,1.548,1.47,1.547,1.576,1.588
2025-07-24 13:34:35.615,1.58,1.576,1.681,1.458,1.536,1.548,1.469,1.546,1.575,1.587
2025-07-24 13:34:35.665,1.578,1.577,1.681,1.458,1.499,1.549,1.47,1.546,1.575,1.587
2025-07-24 13:34:35.715,1.579,1.576,1.681,1.457,1.449,1.548,1.47,1.546,1.575,1.587
2025-07-24 13:34:35.765,1.579,1.577,1.681,1.457,1.377,1.548,1.47,1.546,1.575,1.587
2025-07-24 13:34:35.815,1.58,1.577,1.68,1.457,1.281,1.546,1.47,1.545,1.575,1.586
2025-07-24 13:34:35.866,1.579,1.577,1.681,1.458,1.18,1.543,1.47,1.545,1.575,1.586
2025-07-24 13:34:35.916,1.579,1.575,1.681,1.458,1.145,1.54,1.47,1.546,1.576,1.587
2025-07-24 13:34:35.966,1.579,1.576,1.681,1.458,1.146,1.536,1.47,1.546,1.576,1.587
2025-07-24 13:34:36.016,1.578,1.577,1.681,1.457,1.189,1.533,1.469,1.545,1.576,1.586
2025-07-24 13:34:36.065,1.578,1.577,1.681,1.458,1.26,1.531,1.471,1.546,1.576,1.587
2025-07-24 13:34:36.116,1.579,1.577,1.681,1.458,1.351,1.53,1.469,1.545,1.577,1.586
2025-07-24 13:34:36.165,1.578,1.576,1.681,1.458,1.441,1.529,1.47,1.545,1.577,1.586
2025-07-24 13:34:36.216,1.579,1.577,1.68,1.457,1.51,1.532,1.47,1.545,1.577,1.586
2025-07-24 13:34:36.266,1.578,1.577,1.681,1.458,1.54,1.533,1.471,1.545,1.576,1.586
2025-07-24 13:34:36.315,1.577,1.576,1.681,1.458,1.558,1.534,1.469,1.545,1.576,1.586
2025-07-24 13:34:36.365,1.577,1.577,1.68,1.457,1.563,1.536,1.469,1.544,1.577,1.587
2025-07-24 13:34:36.415,1.577,1.577,1.681,1.457,1.562,1.538,1.47,1.545,1.576,1.586
2025-07-24 13:34:36.466,1.578,1.576,1.681,1.458,1.563,1.538,1.469,1.545,1.577,1.586
2025-07-24 13:34:36.515,1.577,1.576,1.681,1.457,1.561,1.54,1.469,1.545,1.577,1.586
2025-07-24 13:34:36.566,1.577,1.575,1.681,1.458,1.569,1.542,1.47,1.544,1.577,1.586
2025-07-24 13:34:36.616,1.577,1.575,1.68,1.457,1.566,1.544,1.469,1.544,1.577,1.586
2025-07-24 13:34:36.666,1.577,1.576,1.681,1.457,1.553,1.544,1.47,1.545,1.577,1.586
2025-07-24 13:34:36.715,1.577,1.575,1.68,1.458,1.537,1.546,1.47,1.545,1.577,1.586
2025-07-24 13:34:36.766,1.577,1.577,1.681,1.458,1.507,1.547,1.47,1.546,1.577,1.586
2025-07-24 13:34:36.816,1.577,1.576,1.681,1.458,1.463,1.547,1.469,1.546,1.577,1.587
2025-07-24 13:34:36.866,1.577,1.575,1.681,1.458,1.405,1.546,1.469,1.545,1.577,1.586
2025-07-24 13:34:36.915,1.577,1.577,1.68,1.458,1.333,1.545,1.469,1.545,1.578,1.586
2025-07-24 13:34:36.966,1.577,1.576,1.68,1.457,1.249,1.543,1.47,1.544,1.577,1.586
2025-07-24 13:34:37.016,1.577,1.577,1.68,1.457,1.176,1.54,1.469,1.545,1.578,1.587
2025-07-24 13:34:37.066,1.577,1.576,1.68,1.458,1.151,1.536,1.469,1.544,1.577,1.586
2025-07-24 13:34:37.116,1.577,1.576,1.681,1.458,1.159,1.533,1.471,1.545,1.577,1.586
2025-07-24 13:34:37.165,1.577,1.576,1.68,1.458,1.204,1.53,1.47,1.544,1.577,1.586
2025-07-24 13:34:37.216,1.577,1.576,1.681,1.458,1.287,1.528,1.467,1.544,1.578,1.586
2025-07-24 13:34:37.266,1.577,1.576,1.681,1.457,1.391,1.528,1.469,1.544,1.577,1.586
2025-07-24 13:34:37.316,1.577,1.574,1.68,1.458,1.483,1.528,1.469,1.544,1.577,1.586
2025-07-24 13:34:37.367,1.577,1.574,1.68,1.458,1.535,1.529,1.468,1.545,1.577,1.587
2025-07-24 13:34:37.417,1.576,1.576,1.681,1.458,1.556,1.532,1.467,1.545,1.577,1.587
2025-07-24 13:34:37.466,1.575,1.574,1.679,1.458,1.573,1.532,1.469,1.545,1.578,1.586
2025-07-24 13:34:37.516,1.577,1.576,1.679,1.458,1.564,1.536,1.468,1.544,1.578,1.586
2025-07-24 13:34:37.567,1.576,1.575,1.68,1.458,1.565,1.536,1.467,1.545,1.577,1.586
2025-07-24 13:34:37.616,1.577,1.576,1.679,1.458,1.56,1.537,1.467,1.544,1.577,1.586
2025-07-24 13:34:37.666,1.576,1.575,1.68,1.458,1.575,1.54,1.467,1.545,1.577,1.586
2025-07-24 13:34:37.716,1.577,1.575,1.679,1.458,1.557,1.541,1.468,1.545,1.578,1.587
2025-07-24 13:34:37.766,1.576,1.576,1.68,1.457,1.553,1.542,1.468,1.546,1.578,1.587
2025-07-24 13:34:37.816,1.576,1.575,1.681,1.458,1.528,1.544,1.469,1.546,1.578,1.586
2025-07-24 13:34:37.867,1.577,1.575,1.681,1.458,1.507,1.545,1.469,1.546,1.578,1.588
2025-07-24 13:34:37.916,1.577,1.576,1.681,1.458,1.463,1.545,1.47,1.546,1.578,1.586
2025-07-24 13:34:37.966,1.577,1.575,1.68,1.458,1.408,1.545,1.47,1.545,1.578,1.586
2025-07-24 13:34:38.016,1.576,1.576,1.68,1.458,1.341,1.544,1.47,1.546,1.579,1.587
2025-07-24 13:34:38.066,1.577,1.577,1.681,1.458,1.254,1.542,1.469,1.546,1.58,1.587
2025-07-24 13:34:38.116,1.577,1.577,1.681,1.458,1.182,1.54,1.47,1.546,1.578,1.588
2025-07-24 13:34:38.166,1.577,1.576,1.681,1.457,1.154,1.536,1.47,1.546,1.578,1.588
2025-07-24 13:34:38.217,1.577,1.576,1.681,1.458,1.156,1.533,1.47,1.545,1.579,1.587
2025-07-24 13:34:38.266,1.577,1.576,1.681,1.458,1.188,1.531,1.47,1.546,1.58,1.588
2025-07-24 13:34:38.317,1.577,1.577,1.68,1.458,1.254,1.528,1.469,1.545,1.58,1.587
2025-07-24 13:34:38.366,1.577,1.576,1.681,1.458,1.334,1.527,1.47,1.546,1.579,1.587
2025-07-24 13:34:38.416,1.577,1.577,1.681,1.457,1.426,1.526,1.469,1.545,1.58,1.588
2025-07-24 13:34:38.467,1.578,1.577,1.681,1.458,1.506,1.527,1.47,1.546,1.58,1.588
2025-07-24 13:34:38.517,1.577,1.577,1.681,1.458,1.548,1.529,1.469,1.545,1.58,1.589
2025-07-24 13:34:38.567,1.577,1.577,1.681,1.458,1.557,1.532,1.47,1.545,1.58,1.589
2025-07-24 13:34:38.616,1.578,1.577,1.681,1.457,1.56,1.533,1.469,1.546,1.58,1.587
2025-07-24 13:34:38.667,1.578,1.577,1.681,1.457,1.562,1.535,1.469,1.545,1.58,1.588
2025-07-24 13:34:38.716,1.578,1.577,1.681,1.458,1.572,1.536,1.47,1.545,1.581,1.588
2025-07-24 13:34:38.766,1.578,1.577,1.681,1.458,1.565,1.539,1.47,1.545,1.58,1.589
2025-07-24 13:34:38.817,1.578,1.577,1.681,1.458,1.569,1.54,1.469,1.546,1.581,1.589
2025-07-24 13:34:38.867,1.578,1.576,1.682,1.458,1.552,1.542,1.47,1.545,1.579,1.589
2025-07-24 13:34:38.917,1.58,1.578,1.681,1.458,1.539,1.542,1.47,1.546,1.58,1.588
2025-07-24 13:34:38.966,1.579,1.577,1.682,1.458,1.515,1.544,1.47,1.546,1.581,1.589
2025-07-24 13:34:39.016,1.58,1.577,1.681,1.458,1.478,1.544,1.47,1.546,1.58,1.59
2025-07-24 13:34:39.067,1.579,1.577,1.682,1.458,1.432,1.544,1.47,1.546,1.581,1.589
2025-07-24 13:34:39.117,1.579,1.577,1.681,1.458,1.37,1.544,1.47,1.546,1.581,1.589
2025-07-24 13:34:39.167,1.58,1.577,1.681,1.458,1.29,1.542,1.47,1.546,1.582,1.589
2025-07-24 13:34:39.217,1.579,1.577,1.682,1.458,1.201,1.539,1.47,1.546,1.58,1.59
2025-07-24 13:34:39.267,1.579,1.577,1.682,1.458,1.15,1.536,1.47,1.545,1.581,1.59
2025-07-24 13:34:39.317,1.578,1.578,1.682,1.458,1.146,1.533,1.47,1.546,1.581,1.589
2025-07-24 13:34:39.367,1.58,1.577,1.681,1.458,1.164,1.529,1.47,1.545,1.581,1.589
2025-07-24 13:34:39.417,1.58,1.577,1.681,1.458,1.213,1.528,1.47,1.545,1.58,1.589
2025-07-24 13:34:39.467,1.579,1.577,1.683,1.458,1.279,1.525,1.47,1.546,1.582,1.588
2025-07-24 13:34:39.517,1.579,1.578,1.682,1.458,1.362,1.524,1.47,1.545,1.582,1.589
2025-07-24 13:34:39.567,1.581,1.577,1.681,1.458,1.434,1.525,1.469,1.545,1.582,1.589
2025-07-24 13:34:39.616,1.58,1.577,1.681,1.458,1.508,1.525,1.469,1.545,1.581,1.589
2025-07-24 13:34:39.667,1.58,1.577,1.682,1.458,1.539,1.528,1.47,1.545,1.58,1.589
2025-07-24 13:34:39.717,1.58,1.577,1.682,1.458,1.552,1.529,1.469,1.545,1.581,1.589
2025-07-24 13:34:39.767,1.58,1.577,1.682,1.458,1.557,1.532,1.468,1.546,1.581,1.59
2025-07-24 13:34:39.817,1.58,1.577,1.681,1.458,1.56,1.533,1.468,1.546,1.58,1.59
2025-07-24 13:34:39.867,1.58,1.577,1.682,1.458,1.557,1.535,1.469,1.546,1.581,1.59
2025-07-24 13:34:39.917,1.58,1.577,1.683,1.458,1.562,1.536,1.469,1.546,1.581,1.589
2025-07-24 13:34:39.968,1.581,1.577,1.683,1.458,1.559,1.539,1.469,1.546,1.581,1.59
2025-07-24 13:34:40.017,1.581,1.577,1.681,1.459,1.552,1.539,1.469,1.546,1.58,1.589
2025-07-24 13:34:40.067,1.58,1.577,1.683,1.459,1.53,1.541,1.47,1.546,1.581,1.59
2025-07-24 13:34:40.118,1.581,1.577,1.681,1.459,1.511,1.542,1.469,1.546,1.581,1.589
2025-07-24 13:34:40.167,1.581,1.578,1.682,1.458,1.47,1.543,1.469,1.546,1.581,1.59
2025-07-24 13:34:40.217,1.581,1.577,1.681,1.458,1.417,1.543,1.47,1.546,1.581,1.59
2025-07-24 13:34:40.267,1.581,1.577,1.681,1.458,1.349,1.541,1.47,1.545,1.581,1.589
2025-07-24 13:34:40.318,1.581,1.577,1.682,1.459,1.262,1.541,1.47,1.547,1.581,1.589
2025-07-24 13:34:40.367,1.581,1.577,1.682,1.458,1.183,1.536,1.469,1.545,1.582,1.59
2025-07-24 13:34:40.417,1.581,1.578,1.681,1.458,1.152,1.534,1.469,1.546,1.58,1.59
2025-07-24 13:34:40.468,1.582,1.577,1.682,1.458,1.152,1.532,1.47,1.545,1.58,1.589
2025-07-24 13:34:40.517,1.581,1.577,1.681,1.458,1.188,1.528,1.471,1.545,1.581,1.59
2025-07-24 13:34:40.567,1.581,1.577,1.681,1.458,1.254,1.528,1.47,1.546,1.581,1.589
2025-07-24 13:34:40.618,1.581,1.577,1.681,1.459,1.342,1.524,1.469,1.546,1.581,1.589
2025-07-24 13:34:40.668,1.581,1.577,1.682,1.458,1.43,1.524,1.469,1.546,1.58,1.59
2025-07-24 13:34:40.717,1.582,1.577,1.682,1.459,1.485,1.526,1.469,1.546,1.581,1.59
2025-07-24 13:34:40.767,1.581,1.577,1.682,1.458,1.528,1.528,1.469,1.546,1.581,1.589
2025-07-24 13:34:40.817,1.581,1.577,1.683,1.458,1.549,1.529,1.469,1.547,1.581,1.589
2025-07-24 13:34:40.868,1.58,1.577,1.682,1.459,1.559,1.531,1.469,1.545,1.581,1.589
2025-07-24 13:34:40.917,1.581,1.577,1.682,1.459,1.569,1.532,1.468,1.546,1.581,1.59
2025-07-24 13:34:40.967,1.581,1.577,1.682,1.459,1.558,1.533,1.468,1.546,1.581,1.59
2025-07-24 13:34:41.017,1.581,1.577,1.683,1.459,1.559,1.535,1.468,1.546,1.581,1.589
2025-07-24 13:34:41.068,1.581,1.576,1.682,1.458,1.565,1.537,1.468,1.546,1.581,1.589
2025-07-24 13:34:41.118,1.58,1.577,1.683,1.459,1.557,1.54,1.466,1.546,1.58,1.59
2025-07-24 13:34:41.168,1.581,1.577,1.682,1.458,1.544,1.54,1.468,1.547,1.581,1.589
2025-07-24 13:34:41.218,1.58,1.577,1.681,1.459,1.528,1.541,1.467,1.546,1.58,1.588
2025-07-24 13:34:41.268,1.58,1.577,1.683,1.458,1.497,1.543,1.468,1.546,1.58,1.589
2025-07-24 13:34:41.318,1.581,1.577,1.681,1.458,1.449,1.542,1.468,1.547,1.58,1.589
2025-07-24 13:34:41.368,1.58,1.577,1.682,1.457,1.391,1.543,1.469,1.547,1.58,1.589
2025-07-24 13:34:41.417,1.581,1.577,1.682,1.458,1.315,1.541,1.467,1.546,1.579,1.589
2025-07-24 13:34:41.468,1.58,1.577,1.681,1.458,1.231,1.538,1.469,1.547,1.579,1.589
2025-07-24 13:34:41.517,1.581,1.577,1.683,1.459,1.166,1.536,1.47,1.547,1.579,1.589
2025-07-24 13:34:41.568,1.58,1.577,1.681,1.459,1.153,1.532,1.469,1.546,1.579,1.589
2025-07-24 13:34:41.618,1.581,1.577,1.682,1.457,1.155,1.53,1.469,1.546,1.578,1.589
2025-07-24 13:34:41.667,1.581,1.577,1.681,1.459,1.192,1.527,1.468,1.547,1.579,1.589
2025-07-24 13:34:41.718,1.58,1.577,1.682,1.459,1.252,1.524,1.469,1.547,1.579,1.589
2025-07-24 13:34:41.768,1.58,1.577,1.682,1.458,1.327,1.524,1.47,1.546,1.579,1.588
2025-07-24 13:34:41.818,1.581,1.577,1.682,1.458,1.411,1.523,1.468,1.547,1.578,1.589
2025-07-24 13:34:41.868,1.581,1.577,1.681,1.458,1.486,1.524,1.47,1.548,1.578,1.588
2025-07-24 13:34:41.917,1.58,1.577,1.682,1.458,1.528,1.525,1.467,1.546,1.578,1.588
2025-07-24 13:34:41.967,1.581,1.577,1.681,1.458,1.554,1.527,1.467,1.547,1.577,1.589
2025-07-24 13:34:42.017,1.581,1.577,1.681,1.458,1.565,1.529,1.467,1.547,1.578,1.589
2025-07-24 13:34:42.068,1.58,1.577,1.682,1.459,1.564,1.531,1.467,1.546,1.577,1.588
2025-07-24 13:34:42.117,1.58,1.577,1.681,1.458,1.563,1.532,1.467,1.547,1.577,1.588
2025-07-24 13:34:42.168,1.58,1.577,1.681,1.459,1.56,1.535,1.466,1.547,1.577,1.589
2025-07-24 13:34:42.218,1.581,1.577,1.681,1.459,1.561,1.536,1.466,1.547,1.577,1.587
2025-07-24 13:34:42.269,1.579,1.577,1.681,1.459,1.557,1.537,1.468,1.548,1.577,1.589
2025-07-24 13:34:42.318,1.581,1.577,1.681,1.459,1.547,1.539,1.468,1.547,1.576,1.588
2025-07-24 13:34:42.368,1.581,1.577,1.682,1.458,1.531,1.54,1.467,1.546,1.576,1.589
2025-07-24 13:34:42.418,1.58,1.577,1.681,1.459,1.51,1.541,1.467,1.546,1.576,1.588
2025-07-24 13:34:42.468,1.579,1.577,1.681,1.458,1.465,1.541,1.467,1.547,1.576,1.587
2025-07-24 13:34:42.518,1.581,1.577,1.682,1.458,1.414,1.542,1.469,1.548,1.575,1.587
2025-07-24 13:34:42.568,1.581,1.577,1.681,1.458,1.348,1.54,1.468,1.547,1.576,1.588
2025-07-24 13:34:42.619,1.579,1.577,1.681,1.458,1.246,1.538,1.467,1.547,1.575,1.588
2025-07-24 13:34:42.668,1.579,1.577,1.681,1.458,1.169,1.536,1.47,1.546,1.575,1.588
2025-07-24 13:34:42.718,1.578,1.577,1.681,1.459,1.148,1.532,1.468,1.547,1.575,1.587
2025-07-24 13:34:42.768,1.58,1.577,1.68,1.458,1.151,1.529,1.468,1.547,1.574,1.587
2025-07-24 13:34:42.819,1.58,1.577,1.681,1.458,1.188,1.526,1.468,1.547,1.574,1.587
2025-07-24 13:34:42.869,1.578,1.576,1.681,1.459,1.262,1.524,1.467,1.548,1.574,1.587
2025-07-24 13:34:42.918,1.579,1.577,1.681,1.459,1.332,1.524,1.467,1.547,1.575,1.588
2025-07-24 13:34:42.968,1.578,1.577,1.681,1.458,1.412,1.522,1.466,1.547,1.574,1.587
2025-07-24 13:34:43.019,1.579,1.577,1.682,1.458,1.479,1.524,1.467,1.546,1.574,1.586
2025-07-24 13:34:43.068,1.578,1.576,1.682,1.458,1.527,1.525,1.466,1.547,1.574,1.586
2025-07-24 13:34:43.118,1.578,1.577,1.681,1.458,1.549,1.527,1.467,1.547,1.574,1.586
2025-07-24 13:34:43.168,1.578,1.577,1.681,1.458,1.553,1.528,1.466,1.548,1.574,1.586
2025-07-24 13:34:43.218,1.577,1.577,1.681,1.458,1.555,1.53,1.466,1.547,1.574,1.586
2025-07-24 13:34:43.268,1.577,1.576,1.681,1.459,1.558,1.532,1.466,1.546,1.573,1.586
2025-07-24 13:34:43.319,1.577,1.576,1.681,1.459,1.557,1.535,1.467,1.546,1.573,1.585
2025-07-24 13:34:43.368,1.577,1.575,1.681,1.458,1.559,1.536,1.466,1.547,1.573,1.586
2025-07-24 13:34:43.419,1.577,1.577,1.681,1.459,1.549,1.536,1.466,1.546,1.575,1.585
2025-07-24 13:34:43.469,1.577,1.576,1.68,1.458,1.554,1.538,1.466,1.546,1.573,1.585
2025-07-24 13:34:43.518,1.577,1.577,1.681,1.459,1.525,1.54,1.466,1.546,1.573,1.585
2025-07-24 13:34:43.568,1.577,1.576,1.68,1.458,1.495,1.54,1.466,1.546,1.574,1.586
2025-07-24 13:34:43.619,1.577,1.575,1.681,1.458,1.454,1.54,1.466,1.546,1.574,1.585
2025-07-24 13:34:43.668,1.577,1.575,1.681,1.458,1.395,1.542,1.466,1.547,1.574,1.585
2025-07-24 13:34:43.718,1.577,1.576,1.681,1.458,1.329,1.54,1.466,1.546,1.575,1.585
2025-07-24 13:34:43.768,1.577,1.575,1.681,1.458,1.251,1.537,1.466,1.547,1.575,1.585
2025-07-24 13:34:43.819,1.577,1.576,1.68,1.458,1.187,1.535,1.466,1.546,1.575,1.585
2025-07-24 13:34:43.868,1.577,1.577,1.681,1.459,1.171,1.532,1.468,1.547,1.574,1.584
2025-07-24 13:34:43.918,1.577,1.576,1.681,1.458,1.163,1.529,1.468,1.546,1.574,1.585
2025-07-24 13:34:43.969,1.577,1.576,1.681,1.459,1.185,1.527,1.466,1.546,1.575,1.585
2025-07-24 13:34:44.018,1.577,1.575,1.682,1.459,1.253,1.523,1.468,1.547,1.575,1.586
2025-07-24 13:34:44.069,1.577,1.577,1.681,1.458,1.333,1.524,1.468,1.548,1.575,1.585
2025-07-24 13:34:44.119,1.577,1.576,1.681,1.458,1.424,1.524,1.466,1.546,1.574,1.585
2025-07-24 13:34:44.168,1.577,1.576,1.682,1.458,1.5,1.524,1.465,1.547,1.574,1.585
2025-07-24 13:34:44.219,1.577,1.576,1.681,1.458,1.534,1.526,1.468,1.548,1.574,1.586
2025-07-24 13:34:44.269,1.578,1.577,1.681,1.458,1.554,1.527,1.466,1.548,1.575,1.585
2025-07-24 13:34:44.319,1.577,1.577,1.682,1.458,1.554,1.529,1.466,1.548,1.575,1.586
2025-07-24 13:34:44.369,1.578,1.577,1.681,1.459,1.557,1.532,1.467,1.548,1.575,1.586
2025-07-24 13:34:44.419,1.577,1.576,1.682,1.458,1.557,1.533,1.466,1.548,1.574,1.586
2025-07-24 13:34:44.469,1.577,1.577,1.681,1.458,1.558,1.535,1.466,1.548,1.575,1.586
2025-07-24 13:34:44.519,1.577,1.577,1.682,1.458,1.559,1.536,1.466,1.548,1.573,1.586
2025-07-24 13:34:44.569,1.577,1.576,1.683,1.459,1.559,1.538,1.466,1.548,1.574,1.586
2025-07-24 13:34:44.620,1.577,1.577,1.683,1.458,1.553,1.54,1.467,1.548,1.574,1.586
2025-07-24 13:34:44.670,1.577,1.577,1.681,1.459,1.537,1.541,1.468,1.548,1.575,1.586
2025-07-24 13:34:44.720,1.577,1.577,1.682,1.458,1.507,1.543,1.467,1.548,1.574,1.586
2025-07-24 13:34:44.769,1.577,1.577,1.683,1.458,1.474,1.543,1.468,1.548,1.574,1.586
2025-07-24 13:34:44.819,1.577,1.577,1.683,1.458,1.424,1.543,1.467,1.549,1.574,1.586
2025-07-24 13:34:44.869,1.577,1.578,1.683,1.459,1.362,1.542,1.469,1.548,1.574,1.586
2025-07-24 13:34:44.919,1.577,1.578,1.684,1.459,1.291,1.54,1.469,1.549,1.574,1.586
2025-07-24 13:34:44.969,1.578,1.577,1.682,1.458,1.225,1.54,1.469,1.548,1.575,1.586
2025-07-24 13:34:45.020,1.577,1.577,1.682,1.458,1.179,1.536,1.469,1.548,1.574,1.586
2025-07-24 13:34:45.070,1.577,1.577,1.682,1.458,1.169,1.533,1.468,1.548,1.574,1.586
2025-07-24 13:34:45.119,1.577,1.577,1.683,1.458,1.179,1.53,1.47,1.548,1.575,1.586
2025-07-24 13:34:45.169,1.577,1.577,1.682,1.458,1.227,1.527,1.468,1.548,1.575,1.586
2025-07-24 13:34:45.219,1.577,1.578,1.682,1.458,1.283,1.525,1.469,1.548,1.575,1.586
2025-07-24 13:34:45.269,1.577,1.577,1.683,1.459,1.361,1.525,1.468,1.548,1.574,1.586
2025-07-24 13:34:45.319,1.576,1.577,1.682,1.458,1.442,1.524,1.468,1.548,1.575,1.586
2025-07-24 13:34:45.370,1.577,1.577,1.684,1.459,1.499,1.527,1.467,1.548,1.574,1.586
2025-07-24 13:34:45.419,1.576,1.578,1.682,1.458,1.532,1.529,1.468,1.549,1.574,1.586
2025-07-24 13:34:45.470,1.577,1.577,1.682,1.459,1.547,1.529,1.467,1.548,1.575,1.586
2025-07-24 13:34:45.520,1.577,1.577,1.683,1.458,1.556,1.533,1.468,1.548,1.575,1.586
2025-07-24 13:34:45.569,1.576,1.577,1.682,1.459,1.556,1.534,1.468,1.548,1.575,1.586
2025-07-24 13:34:45.619,1.576,1.577,1.683,1.46,1.558,1.535,1.469,1.548,1.574,1.586
2025-07-24 13:34:45.669,1.576,1.577,1.684,1.459,1.556,1.537,1.468,1.548,1.575,1.587
2025-07-24 13:34:45.720,1.576,1.577,1.683,1.459,1.555,1.538,1.468,1.548,1.575,1.586
2025-07-24 13:34:45.770,1.577,1.577,1.683,1.458,1.549,1.539,1.468,1.549,1.574,1.586
2025-07-24 13:34:45.820,1.577,1.577,1.684,1.459,1.532,1.541,1.468,1.548,1.574,1.586
2025-07-24 13:34:45.870,1.577,1.576,1.682,1.458,1.507,1.541,1.468,1.548,1.574,1.586
2025-07-24 13:34:45.920,1.577,1.577,1.683,1.458,1.466,1.543,1.469,1.549,1.574,1.587
2025-07-24 13:34:45.969,1.577,1.577,1.682,1.46,1.413,1.542,1.468,1.548,1.575,1.586
2025-07-24 13:34:46.020,1.577,1.577,1.682,1.459,1.354,1.541,1.469,1.548,1.574,1.587
2025-07-24 13:34:46.070,1.577,1.577,1.683,1.459,1.285,1.539,1.469,1.548,1.575,1.586
2025-07-24 13:34:46.120,1.577,1.578,1.683,1.459,1.214,1.538,1.467,1.548,1.575,1.586
2025-07-24 13:34:46.169,1.576,1.577,1.683,1.459,1.176,1.534,1.47,1.548,1.575,1.586
2025-07-24 13:34:46.219,1.577,1.577,1.682,1.458,1.173,1.532,1.468,1.548,1.574,1.586
2025-07-24 13:34:46.270,1.575,1.577,1.682,1.458,1.182,1.528,1.468,1.548,1.574,1.586
2025-07-24 13:34:46.320,1.577,1.577,1.682,1.458,1.229,1.527,1.468,1.548,1.575,1.586
2025-07-24 13:34:46.369,1.577,1.577,1.683,1.459,1.312,1.525,1.468,1.548,1.575,1.586
2025-07-24 13:34:46.419,1.577,1.577,1.682,1.459,1.395,1.525,1.468,1.548,1.575,1.587
2025-07-24 13:34:46.470,1.577,1.577,1.683,1.458,1.475,1.525,1.469,1.548,1.575,1.586
2025-07-24 13:34:46.520,1.577,1.577,1.683,1.458,1.52,1.527,1.468,1.548,1.574,1.586
2025-07-24 13:34:46.570,1.576,1.577,1.682,1.459,1.54,1.529,1.467,1.548,1.574,1.586
2025-07-24 13:34:46.620,1.576,1.577,1.683,1.458,1.549,1.53,1.466,1.548,1.574,1.586
2025-07-24 13:34:46.670,1.576,1.576,1.683,1.458,1.552,1.533,1.466,1.548,1.574,1.586
2025-07-24 13:34:46.720,1.577,1.577,1.682,1.458,1.551,1.533,1.468,1.548,1.574,1.586
2025-07-24 13:34:46.770,1.577,1.576,1.682,1.458,1.553,1.535,1.468,1.548,1.574,1.586
2025-07-24 13:34:46.820,1.577,1.577,1.681,1.459,1.551,1.537,1.468,1.548,1.574,1.586
2025-07-24 13:34:46.870,1.576,1.577,1.682,1.458,1.549,1.538,1.468,1.548,1.575,1.586
2025-07-24 13:34:46.921,1.576,1.577,1.683,1.459,1.536,1.539,1.467,1.548,1.575,1.586
2025-07-24 13:34:46.970,1.577,1.577,1.683,1.459,1.515,1.54,1.466,1.549,1.575,1.587
2025-07-24 13:34:47.020,1.576,1.576,1.683,1.459,1.482,1.541,1.468,1.548,1.574,1.586
2025-07-24 13:34:47.071,1.575,1.577,1.681,1.458,1.434,1.542,1.468,1.548,1.574,1.586
2025-07-24 13:34:47.120,1.575,1.577,1.682,1.458,1.381,1.541,1.47,1.549,1.575,1.587
2025-07-24 13:34:47.171,1.577,1.577,1.682,1.459,1.321,1.54,1.469,1.548,1.575,1.586
2025-07-24 13:34:47.220,1.576,1.576,1.683,1.458,1.271,1.538,1.468,1.548,1.575,1.587
2025-07-24 13:34:47.270,1.577,1.577,1.683,1.46,1.227,1.536,1.469,1.548,1.575,1.586
2025-07-24 13:34:47.321,1.577,1.577,1.683,1.459,1.191,1.533,1.468,1.548,1.574,1.587
2025-07-24 13:34:47.370,1.576,1.577,1.682,1.458,1.184,1.531,1.469,1.548,1.575,1.586
2025-07-24 13:34:47.419,1.576,1.576,1.683,1.459,1.191,1.528,1.469,1.548,1.574,1.586
2025-07-24 13:34:47.469,1.576,1.577,1.682,1.46,1.231,1.525,1.467,1.548,1.574,1.586
2025-07-24 13:34:47.520,1.576,1.577,1.682,1.459,1.287,1.524,1.469,1.548,1.574,1.586
2025-07-24 13:34:47.571,1.576,1.576,1.683,1.458,1.357,1.524,1.467,1.548,1.574,1.586
2025-07-24 13:34:47.620,1.576,1.577,1.683,1.46,1.436,1.523,1.467,1.548,1.574,1.586
2025-07-24 13:34:47.670,1.576,1.577,1.682,1.459,1.497,1.524,1.469,1.548,1.575,1.586
2025-07-24 13:34:47.720,1.575,1.577,1.682,1.458,1.535,1.526,1.468,1.548,1.574,1.586
2025-07-24 13:34:47.770,1.575,1.577,1.682,1.459,1.55,1.528,1.468,1.548,1.574,1.586
2025-07-24 13:34:47.821,1.576,1.576,1.682,1.459,1.554,1.53,1.466,1.548,1.574,1.587
2025-07-24 13:34:47.871,1.576,1.576,1.682,1.459,1.556,1.532,1.468,1.548,1.575,1.586
2025-07-24 13:34:47.920,1.575,1.577,1.682,1.459,1.555,1.533,1.466,1.548,1.573,1.586
2025-07-24 13:34:47.970,1.574,1.576,1.682,1.459,1.557,1.534,1.466,1.548,1.575,1.586
2025-07-24 13:34:48.020,1.576,1.575,1.682,1.459,1.548,1.537,1.467,1.548,1.574,1.586
2025-07-24 13:34:48.070,1.576,1.576,1.682,1.459,1.548,1.538,1.467,1.548,1.573,1.586
2025-07-24 13:34:48.121,1.575,1.577,1.682,1.459,1.531,1.539,1.466,1.548,1.574,1.585
2025-07-24 13:34:48.171,1.575,1.576,1.681,1.46,1.502,1.54,1.466,1.548,1.574,1.586
2025-07-24 13:34:48.221,1.575,1.575,1.681,1.458,1.469,1.54,1.468,1.548,1.573,1.585
2025-07-24 13:34:48.271,1.575,1.575,1.682,1.459,1.422,1.54,1.467,1.548,1.573,1.585
2025-07-24 13:34:48.321,1.575,1.576,1.681,1.459,1.367,1.539,1.467,1.548,1.573,1.585
2025-07-24 13:34:48.371,1.576,1.576,1.683,1.459,1.313,1.538,1.468,1.548,1.573,1.585
2025-07-24 13:34:48.420,1.576,1.575,1.682,1.459,1.257,1.537,1.468,1.548,1.574,1.585
2025-07-24 13:34:48.470,1.576,1.576,1.681,1.46,1.217,1.535,1.468,1.548,1.573,1.585
2025-07-24 13:34:48.521,1.577,1.575,1.681,1.459,1.193,1.532,1.467,1.548,1.573,1.585
2025-07-24 13:34:48.570,1.576,1.576,1.683,1.458,1.204,1.529,1.467,1.548,1.573,1.584
2025-07-24 13:34:48.621,1.576,1.575,1.681,1.459,1.211,1.526,1.467,1.548,1.573,1.584
2025-07-24 13:34:48.671,1.577,1.575,1.681,1.459,1.243,1.525,1.466,1.548,1.573,1.584
2025-07-24 13:34:48.721,1.575,1.575,1.681,1.46,1.288,1.523,1.466,1.547,1.573,1.584
2025-07-24 13:34:48.771,1.575,1.574,1.681,1.458,1.349,1.522,1.466,1.548,1.573,1.584
2025-07-24 13:34:48.821,1.576,1.576,1.681,1.459,1.42,1.522,1.466,1.548,1.573,1.583
2025-07-24 13:34:48.871,1.577,1.575,1.681,1.458,1.483,1.524,1.466,1.547,1.573,1.583
2025-07-24 13:34:48.922,1.575,1.575,1.681,1.458,1.524,1.525,1.466,1.548,1.573,1.584
2025-07-24 13:34:48.971,1.577,1.575,1.681,1.459,1.538,1.527,1.465,1.548,1.573,1.583
2025-07-24 13:34:49.022,1.576,1.576,1.68,1.459,1.548,1.528,1.465,1.548,1.573,1.584
2025-07-24 13:34:49.071,1.575,1.575,1.681,1.459,1.551,1.529,1.467,1.547,1.573,1.583
2025-07-24 13:34:49.121,1.577,1.575,1.681,1.459,1.552,1.532,1.467,1.548,1.573,1.583
2025-07-24 13:34:49.172,1.576,1.576,1.681,1.459,1.552,1.534,1.466,1.548,1.573,1.583
2025-07-24 13:34:49.221,1.576,1.575,1.681,1.459,1.549,1.535,1.465,1.548,1.573,1.583
2025-07-24 13:34:49.271,1.576,1.576,1.681,1.46,1.542,1.536,1.465,1.547,1.572,1.583
2025-07-24 13:34:49.321,1.576,1.575,1.681,1.458,1.533,1.538,1.466,1.547,1.572,1.583
2025-07-24 13:34:49.371,1.576,1.575,1.681,1.458,1.507,1.538,1.466,1.547,1.572,1.583
2025-07-24 13:34:49.422,1.577,1.575,1.68,1.458,1.478,1.539,1.465,1.547,1.572,1.583
2025-07-24 13:34:49.471,1.576,1.575,1.681,1.459,1.436,1.539,1.466,1.547,1.572,1.583
2025-07-24 13:34:49.521,1.577,1.575,1.681,1.458,1.381,1.538,1.466,1.547,1.572,1.584
2025-07-24 13:34:49.571,1.577,1.575,1.68,1.459,1.328,1.537,1.466,1.547,1.572,1.583
2025-07-24 13:34:49.621,1.577,1.575,1.681,1.458,1.278,1.536,1.467,1.547,1.571,1.584
2025-07-24 13:34:49.671,1.577,1.575,1.681,1.459,1.224,1.535,1.466,1.547,1.572,1.584
2025-07-24 13:34:49.722,1.577,1.575,1.68,1.459,1.187,1.532,1.466,1.547,1.572,1.585
2025-07-24 13:34:49.772,1.577,1.575,1.681,1.458,1.175,1.528,1.466,1.547,1.572,1.584
2025-07-24 13:34:49.821,1.577,1.575,1.68,1.459,1.175,1.525,1.466,1.547,1.572,1.585
2025-07-24 13:34:49.872,1.577,1.574,1.681,1.458,1.192,1.524,1.465,1.547,1.573,1.584
2025-07-24 13:34:49.921,1.576,1.576,1.68,1.459,1.236,1.521,1.466,1.548,1.573,1.585
2025-07-24 13:34:49.972,1.577,1.576,1.681,1.459,1.293,1.519,1.466,1.547,1.572,1.585
2025-07-24 13:34:50.022,1.577,1.576,1.68,1.458,1.37,1.52,1.466,1.547,1.573,1.585
2025-07-24 13:34:50.071,1.577,1.575,1.682,1.459,1.449,1.519,1.466,1.548,1.573,1.585
2025-07-24 13:34:50.122,1.577,1.576,1.681,1.458,1.5,1.521,1.466,1.548,1.573,1.585
2025-07-24 13:34:50.172,1.577,1.576,1.68,1.46,1.532,1.523,1.465,1.548,1.572,1.585
2025-07-24 13:34:50.222,1.578,1.577,1.681,1.459,1.544,1.524,1.465,1.548,1.572,1.585
2025-07-24 13:34:50.271,1.577,1.577,1.68,1.458,1.551,1.526,1.466,1.547,1.572,1.586
2025-07-24 13:34:50.322,1.577,1.575,1.681,1.459,1.553,1.528,1.465,1.548,1.572,1.586
2025-07-24 13:34:50.372,1.577,1.576,1.681,1.459,1.552,1.53,1.465,1.547,1.572,1.586
2025-07-24 13:34:50.422,1.577,1.576,1.681,1.459,1.549,1.532,1.465,1.546,1.572,1.585
2025-07-24 13:34:50.472,1.577,1.575,1.681,1.458,1.553,1.534,1.464,1.547,1.572,1.585
2025-07-24 13:34:50.521,1.577,1.576,1.681,1.459,1.548,1.536,1.465,1.547,1.572,1.586
2025-07-24 13:34:50.572,1.577,1.576,1.681,1.458,1.528,1.537,1.466,1.548,1.572,1.586
2025-07-24 13:34:50.622,1.577,1.576,1.681,1.458,1.497,1.538,1.465,1.547,1.572,1.586
2025-07-24 13:34:50.672,1.577,1.577,1.682,1.459,1.46,1.539,1.466,1.547,1.573,1.586
2025-07-24 13:34:50.721,1.576,1.576,1.681,1.458,1.423,1.538,1.466,1.548,1.572,1.586
2025-07-24 13:34:50.771,1.577,1.576,1.681,1.458,1.368,1.537,1.465,1.547,1.572,1.586
2025-07-24 13:34:50.822,1.576,1.576,1.681,1.459,1.316,1.537,1.465,1.547,1.572,1.586
2025-07-24 13:34:50.872,1.577,1.576,1.681,1.458,1.268,1.535,1.467,1.547,1.571,1.586
2025-07-24 13:34:50.922,1.577,1.576,1.681,1.458,1.229,1.533,1.466,1.547,1.571,1.586
2025-07-24 13:34:50.972,1.576,1.575,1.681,1.458,1.197,1.53,1.466,1.548,1.571,1.587
2025-07-24 13:34:51.023,1.576,1.575,1.681,1.458,1.192,1.527,1.466,1.548,1.572,1.587
2025-07-24 13:34:51.071,1.576,1.576,1.681,1.458,1.19,1.525,1.466,1.547,1.572,1.586
2025-07-24 13:34:51.121,1.577,1.576,1.681,1.459,1.211,1.524,1.466,1.548,1.572,1.586
2025-07-24 13:34:51.172,1.577,1.575,1.681,1.458,1.25,1.52,1.465,1.547,1.572,1.586
2025-07-24 13:34:51.222,1.576,1.576,1.681,1.458,1.308,1.519,1.465,1.548,1.572,1.587
2025-07-24 13:34:51.272,1.577,1.575,1.681,1.458,1.373,1.519,1.466,1.548,1.572,1.587
2025-07-24 13:34:51.322,1.575,1.576,1.681,1.458,1.448,1.52,1.465,1.546,1.571,1.586
2025-07-24 13:34:51.372,1.576,1.576,1.681,1.458,1.502,1.521,1.465,1.546,1.572,1.586
2025-07-24 13:34:51.422,1.577,1.575,1.681,1.459,1.535,1.523,1.466,1.548,1.572,1.586
2025-07-24 13:34:51.472,1.576,1.576,1.681,1.458,1.546,1.524,1.465,1.546,1.571,1.586
2025-07-24 13:34:51.522,1.577,1.576,1.681,1.459,1.552,1.527,1.466,1.547,1.572,1.588
2025-07-24 13:34:51.572,1.577,1.575,1.681,1.458,1.549,1.528,1.465,1.547,1.572,1.587
2025-07-24 13:34:51.622,1.576,1.576,1.681,1.458,1.557,1.531,1.465,1.547,1.571,1.587
2025-07-24 13:34:51.672,1.576,1.575,1.681,1.458,1.554,1.532,1.466,1.547,1.572,1.586
2025-07-24 13:34:51.723,1.577,1.576,1.681,1.458,1.553,1.534,1.466,1.547,1.572,1.587
2025-07-24 13:34:51.772,1.577,1.575,1.681,1.458,1.55,1.536,1.466,1.547,1.572,1.587
2025-07-24 13:34:51.822,1.576,1.575,1.682,1.458,1.538,1.537,1.466,1.547,1.572,1.587
2025-07-24 13:34:51.872,1.577,1.575,1.681,1.46,1.522,1.538,1.465,1.548,1.572,1.586
2025-07-24 13:34:51.922,1.576,1.575,1.68,1.459,1.487,1.539,1.466,1.547,1.572,1.587
2025-07-24 13:34:51.973,1.576,1.576,1.68,1.458,1.45,1.539,1.466,1.546,1.572,1.588
2025-07-24 13:34:52.022,1.576,1.575,1.681,1.458,1.402,1.537,1.466,1.546,1.572,1.587
2025-07-24 13:34:52.073,1.576,1.575,1.681,1.459,1.353,1.537,1.466,1.547,1.572,1.586
2025-07-24 13:34:52.123,1.575,1.575,1.68,1.457,1.296,1.536,1.466,1.546,1.572,1.587
2025-07-24 13:34:52.173,1.577,1.575,1.681,1.458,1.243,1.533,1.466,1.546,1.573,1.588
2025-07-24 13:34:52.223,1.577,1.575,1.681,1.459,1.208,1.532,1.467,1.546,1.573,1.587
2025-07-24 13:34:52.272,1.577,1.575,1.681,1.458,1.193,1.529,1.466,1.546,1.572,1.586
2025-07-24 13:34:52.323,1.577,1.575,1.681,1.458,1.194,1.528,1.466,1.546,1.573,1.586
2025-07-24 13:34:52.372,1.577,1.576,1.681,1.458,1.213,1.524,1.466,1.546,1.573,1.586
2025-07-24 13:34:52.423,1.576,1.576,1.68,1.458,1.255,1.522,1.465,1.547,1.573,1.585
2025-07-24 13:34:52.473,1.576,1.574,1.68,1.458,1.316,1.52,1.464,1.546,1.573,1.585
2025-07-24 13:34:52.523,1.577,1.574,1.68,1.459,1.387,1.52,1.465,1.547,1.573,1.586
2025-07-24 13:34:52.573,1.576,1.575,1.681,1.458,1.454,1.52,1.464,1.546,1.573,1.586
2025-07-24 13:34:52.623,1.577,1.574,1.681,1.459,1.507,1.522,1.464,1.546,1.573,1.585
2025-07-24 13:34:52.672,1.576,1.575,1.68,1.458,1.528,1.524,1.465,1.546,1.574,1.585
2025-07-24 13:34:52.722,1.576,1.575,1.681,1.459,1.543,1.526,1.466,1.546,1.573,1.584
2025-07-24 13:34:52.772,1.577,1.574,1.68,1.459,1.548,1.528,1.464,1.546,1.574,1.585
2025-07-24 13:34:52.823,1.577,1.575,1.68,1.458,1.553,1.531,1.465,1.546,1.574,1.585
2025-07-24 13:34:52.872,1.575,1.575,1.681,1.459,1.552,1.531,1.464,1.546,1.573,1.585
2025-07-24 13:34:52.922,1.577,1.574,1.681,1.458,1.561,1.533,1.465,1.546,1.575,1.585
2025-07-24 13:34:52.973,1.576,1.575,1.681,1.458,1.552,1.535,1.465,1.546,1.575,1.584
2025-07-24 13:34:53.022,1.577,1.574,1.681,1.458,1.55,1.536,1.465,1.546,1.575,1.585
2025-07-24 13:34:53.073,1.577,1.575,1.68,1.458,1.54,1.537,1.465,1.546,1.575,1.585
2025-07-24 13:34:53.123,1.577,1.575,1.681,1.459,1.522,1.539,1.464,1.546,1.575,1.585
2025-07-24 13:34:53.173,1.576,1.574,1.681,1.459,1.495,1.54,1.465,1.546,1.575,1.585
2025-07-24 13:34:53.223,1.577,1.575,1.679,1.458,1.457,1.54,1.465,1.546,1.576,1.584
2025-07-24 13:34:53.273,1.576,1.575,1.68,1.458,1.41,1.54,1.465,1.546,1.576,1.584
2025-07-24 13:34:53.323,1.577,1.575,1.68,1.458,1.352,1.539,1.465,1.546,1.576,1.585
2025-07-24 13:34:53.373,1.577,1.575,1.68,1.458,1.286,1.537,1.466,1.546,1.577,1.586
2025-07-24 13:34:53.424,1.577,1.575,1.68,1.458,1.228,1.535,1.469,1.546,1.576,1.585
2025-07-24 13:34:53.473,1.577,1.574,1.681,1.458,1.188,1.533,1.466,1.546,1.576,1.585
2025-07-24 13:34:53.523,1.577,1.575,1.68,1.458,1.18,1.53,1.466,1.546,1.577,1.585
2025-07-24 13:34:53.573,1.577,1.574,1.681,1.458,1.179,1.527,1.466,1.546,1.577,1.586
2025-07-24 13:34:53.624,1.577,1.576,1.68,1.458,1.2,1.524,1.466,1.546,1.577,1.585
2025-07-24 13:34:53.673,1.577,1.576,1.681,1.459,1.239,1.522,1.465,1.546,1.577,1.586
2025-07-24 13:34:53.722,1.577,1.577,1.681,1.458,1.295,1.521,1.465,1.546,1.577,1.586
2025-07-24 13:34:53.772,1.577,1.575,1.681,1.458,1.358,1.521,1.466,1.546,1.577,1.586
2025-07-24 13:34:53.824,1.576,1.576,1.681,1.458,1.428,1.521,1.466,1.547,1.577,1.586
2025-07-24 13:34:53.873,1.576,1.576,1.681,1.458,1.491,1.522,1.465,1.546,1.577,1.586
2025-07-24 13:34:53.924,1.575,1.575,1.681,1.458,1.528,1.524,1.464,1.547,1.577,1.586
2025-07-24 13:34:53.973,1.577,1.575,1.681,1.457,1.552,1.525,1.465,1.546,1.577,1.586
2025-07-24 13:34:54.022,1.577,1.575,1.681,1.458,1.552,1.528,1.465,1.546,1.577,1.586
2025-07-24 13:34:54.074,1.577,1.575,1.681,1.459,1.556,1.529,1.464,1.546,1.577,1.586
2025-07-24 13:34:54.123,1.576,1.575,1.681,1.458,1.556,1.532,1.465,1.546,1.577,1.586
2025-07-24 13:34:54.174,1.576,1.575,1.681,1.458,1.549,1.534,1.465,1.547,1.577,1.586
2025-07-24 13:34:54.224,1.576,1.576,1.681,1.458,1.556,1.535,1.466,1.547,1.578,1.587
2025-07-24 13:34:54.274,1.575,1.575,1.681,1.458,1.557,1.536,1.465,1.546,1.577,1.586
2025-07-24 13:34:54.324,1.576,1.575,1.681,1.458,1.55,1.536,1.465,1.546,1.577,1.586
2025-07-24 13:34:54.374,1.575,1.574,1.681,1.457,1.532,1.54,1.465,1.546,1.577,1.586
2025-07-24 13:34:54.424,1.575,1.575,1.681,1.458,1.517,1.54,1.466,1.546,1.577,1.586
2025-07-24 13:34:54.474,1.575,1.575,1.681,1.459,1.477,1.54,1.466,1.546,1.577,1.586
2025-07-24 13:34:54.524,1.575,1.576,1.681,1.458,1.438,1.54,1.466,1.546,1.577,1.587
2025-07-24 13:34:54.574,1.575,1.575,1.681,1.458,1.387,1.54,1.466,1.546,1.577,1.586
2025-07-24 13:34:54.624,1.575,1.575,1.681,1.458,1.334,1.539,1.466,1.546,1.577,1.587
2025-07-24 13:34:54.674,1.576,1.576,1.681,1.458,1.28,1.536,1.466,1.546,1.578,1.586
2025-07-24 13:34:54.724,1.575,1.575,1.681,1.458,1.233,1.535,1.465,1.547,1.577,1.586
2025-07-24 13:34:54.774,1.576,1.575,1.68,1.458,1.201,1.532,1.466,1.546,1.577,1.587
2025-07-24 13:34:54.824,1.575,1.575,1.681,1.458,1.188,1.53,1.466,1.547,1.577,1.587
2025-07-24 13:34:54.874,1.576,1.576,1.681,1.458,1.187,1.527,1.466,1.546,1.577,1.586
2025-07-24 13:34:54.924,1.577,1.576,1.681,1.458,1.202,1.525,1.467,1.547,1.577,1.587
2025-07-24 13:34:54.974,1.577,1.575,1.681,1.458,1.239,1.524,1.465,1.548,1.577,1.587
2025-07-24 13:34:55.024,1.576,1.575,1.68,1.458,1.297,1.521,1.465,1.547,1.577,1.587
2025-07-24 13:34:55.074,1.576,1.576,1.68,1.458,1.372,1.52,1.466,1.547,1.577,1.586
2025-07-24 13:34:55.124,1.576,1.575,1.681,1.458,1.441,1.52,1.465,1.546,1.577,1.586
2025-07-24 13:34:55.174,1.575,1.575,1.681,1.458,1.5,1.522,1.465,1.546,1.577,1.586
2025-07-24 13:34:55.224,1.576,1.574,1.681,1.458,1.528,1.524,1.465,1.546,1.577,1.587
2025-07-24 13:34:55.274,1.576,1.575,1.681,1.46,1.54,1.526,1.465,1.546,1.577,1.587
2025-07-24 13:34:55.324,1.575,1.575,1.681,1.458,1.55,1.527,1.465,1.546,1.577,1.587
2025-07-24 13:34:55.374,1.576,1.575,1.681,1.458,1.569,1.529,1.465,1.546,1.577,1.587
2025-07-24 13:34:55.424,1.575,1.577,1.681,1.458,1.554,1.531,1.465,1.546,1.577,1.588
2025-07-24 13:34:55.474,1.576,1.575,1.681,1.458,1.554,1.532,1.465,1.547,1.577,1.586
2025-07-24 13:34:55.524,1.577,1.576,1.68,1.459,1.553,1.533,1.465,1.546,1.577,1.586
2025-07-24 13:34:55.574,1.575,1.575,1.681,1.458,1.553,1.536,1.464,1.546,1.577,1.587
2025-07-24 13:34:55.624,1.576,1.575,1.68,1.458,1.543,1.537,1.465,1.546,1.577,1.587
2025-07-24 13:34:55.674,1.575,1.575,1.681,1.459,1.529,1.539,1.465,1.546,1.577,1.587
2025-07-24 13:34:55.725,1.576,1.575,1.681,1.458,1.502,1.54,1.465,1.546,1.577,1.587
2025-07-24 13:34:55.774,1.577,1.575,1.68,1.458,1.47,1.54,1.466,1.546,1.577,1.586
2025-07-24 13:34:55.825,1.577,1.574,1.681,1.458,1.416,1.54,1.466,1.546,1.577,1.586
2025-07-24 13:34:55.875,1.577,1.574,1.68,1.458,1.36,1.538,1.466,1.546,1.577,1.587
2025-07-24 13:34:55.924,1.576,1.573,1.681,1.458,1.3,1.537,1.467,1.546,1.577,1.586
2025-07-24 13:34:55.974,1.576,1.575,1.68,1.458,1.234,1.536,1.466,1.546,1.577,1.587
2025-07-24 13:34:56.024,1.576,1.574,1.679,1.459,1.196,1.533,1.466,1.546,1.577,1.587
2025-07-24 13:34:56.074,1.575,1.575,1.681,1.458,1.178,1.53,1.466,1.546,1.577,1.586
2025-07-24 13:34:56.124,1.576,1.574,1.68,1.458,1.187,1.527,1.466,1.546,1.578,1.587
2025-07-24 13:34:56.175,1.576,1.575,1.681,1.458,1.194,1.524,1.466,1.546,1.577,1.587
2025-07-24 13:34:56.224,1.577,1.576,1.68,1.459,1.232,1.523,1.466,1.546,1.577,1.586
2025-07-24 13:34:56.274,1.576,1.575,1.681,1.458,1.273,1.521,1.466,1.546,1.578,1.587
2025-07-24 13:34:56.324,1.576,1.575,1.681,1.458,1.338,1.519,1.465,1.547,1.578,1.587
2025-07-24 13:34:56.375,1.577,1.574,1.679,1.458,1.403,1.519,1.465,1.546,1.577,1.587
2025-07-24 13:34:56.424,1.577,1.574,1.68,1.458,1.46,1.52,1.465,1.546,1.577,1.587
2025-07-24 13:34:56.474,1.576,1.575,1.68,1.458,1.505,1.522,1.466,1.546,1.577,1.587
2025-07-24 13:34:56.524,1.576,1.574,1.679,1.458,1.53,1.524,1.466,1.546,1.578,1.587
2025-07-24 13:34:56.574,1.576,1.574,1.68,1.458,1.543,1.526,1.465,1.545,1.578,1.587
2025-07-24 13:34:56.624,1.576,1.575,1.681,1.458,1.548,1.527,1.465,1.546,1.578,1.587
2025-07-24 13:34:56.675,1.577,1.575,1.68,1.458,1.552,1.529,1.464,1.546,1.578,1.587
2025-07-24 13:34:56.724,1.577,1.575,1.68,1.458,1.553,1.53,1.465,1.546,1.578,1.586
2025-07-24 13:34:56.774,1.576,1.575,1.681,1.458,1.549,1.532,1.464,1.547,1.578,1.587
2025-07-24 13:34:56.824,1.577,1.576,1.68,1.458,1.553,1.535,1.465,1.546,1.577,1.586
2025-07-24 13:34:56.875,1.577,1.574,1.68,1.459,1.551,1.536,1.465,1.546,1.577,1.588
2025-07-24 13:34:56.925,1.577,1.576,1.681,1.458,1.54,1.538,1.466,1.546,1.579,1.587
2025-07-24 13:34:56.975,1.576,1.575,1.68,1.458,1.52,1.539,1.465,1.546,1.578,1.587
2025-07-24 13:34:57.025,1.576,1.575,1.679,1.458,1.49,1.54,1.466,1.547,1.579,1.586
2025-07-24 13:34:57.075,1.577,1.575,1.68,1.458,1.449,1.54,1.465,1.546,1.579,1.587
2025-07-24 13:34:57.125,1.577,1.575,1.681,1.458,1.403,1.54,1.466,1.546,1.578,1.588
2025-07-24 13:34:57.174,1.577,1.575,1.681,1.459,1.35,1.539,1.466,1.546,1.578,1.587
2025-07-24 13:34:57.225,1.577,1.575,1.68,1.458,1.289,1.537,1.466,1.546,1.579,1.587
2025-07-24 13:34:57.275,1.577,1.577,1.681,1.458,1.223,1.535,1.465,1.546,1.577,1.588
2025-07-24 13:34:57.325,1.577,1.576,1.681,1.458,1.179,1.532,1.467,1.548,1.579,1.588
2025-07-24 13:34:57.375,1.577,1.575,1.68,1.458,1.173,1.529,1.464,1.547,1.579,1.588
2025-07-24 13:34:57.425,1.577,1.576,1.681,1.458,1.175,1.527,1.466,1.546,1.578,1.588
2025-07-24 13:34:57.475,1.577,1.575,1.681,1.458,1.204,1.524,1.467,1.546,1.578,1.587
2025-07-24 13:34:57.524,1.577,1.577,1.681,1.458,1.249,1.523,1.465,1.547,1.577,1.589
2025-07-24 13:34:57.576,1.577,1.575,1.681,1.458,1.305,1.521,1.466,1.547,1.577,1.588
2025-07-24 13:34:57.626,1.577,1.575,1.681,1.458,1.375,1.52,1.465,1.547,1.577,1.587
2025-07-24 13:34:57.675,1.577,1.576,1.68,1.458,1.454,1.52,1.466,1.546,1.577,1.588
2025-07-24 13:34:57.726,1.577,1.576,1.681,1.458,1.511,1.522,1.466,1.546,1.577,1.588
2025-07-24 13:34:57.775,1.577,1.576,1.681,1.458,1.538,1.524,1.465,1.547,1.577,1.587
2025-07-24 13:34:57.825,1.578,1.575,1.681,1.458,1.552,1.527,1.464,1.547,1.577,1.589
2025-07-24 13:34:57.875,1.577,1.576,1.681,1.459,1.55,1.528,1.465,1.546,1.577,1.588
2025-07-24 13:34:57.925,1.578,1.576,1.681,1.458,1.554,1.53,1.464,1.546,1.577,1.587
2025-07-24 13:34:57.975,1.577,1.575,1.681,1.459,1.553,1.531,1.464,1.546,1.577,1.588
2025-07-24 13:34:58.025,1.577,1.575,1.681,1.458,1.554,1.533,1.465,1.546,1.577,1.589
2025-07-24 13:34:58.075,1.577,1.575,1.681,1.458,1.548,1.535,1.465,1.546,1.577,1.588
2025-07-24 13:34:58.125,1.577,1.576,1.682,1.458,1.553,1.536,1.466,1.546,1.577,1.586
2025-07-24 13:34:58.175,1.578,1.576,1.681,1.458,1.544,1.539,1.465,1.547,1.577,1.587
2025-07-24 13:34:58.225,1.578,1.576,1.681,1.458,1.516,1.54,1.465,1.546,1.577,1.587
2025-07-24 13:34:58.276,1.577,1.576,1.681,1.458,1.481,1.54,1.466,1.546,1.577,1.588
2025-07-24 13:34:58.325,1.578,1.576,1.682,1.459,1.436,1.54,1.466,1.546,1.577,1.588
2025-07-24 13:34:58.375,1.577,1.576,1.681,1.458,1.37,1.539,1.466,1.546,1.577,1.587
2025-07-24 13:34:58.426,1.577,1.575,1.681,1.459,1.308,1.537,1.468,1.547,1.577,1.588
2025-07-24 13:34:58.476,1.578,1.577,1.681,1.458,1.246,1.536,1.466,1.547,1.577,1.589
2025-07-24 13:34:58.526,1.578,1.576,1.681,1.458,1.196,1.534,1.466,1.546,1.577,1.588
2025-07-24 13:34:58.576,1.578,1.575,1.681,1.458,1.178,1.53,1.466,1.546,1.576,1.587
2025-07-24 13:34:58.625,1.577,1.576,1.681,1.458,1.172,1.528,1.466,1.547,1.577,1.589
2025-07-24 13:34:58.676,1.578,1.576,1.681,1.458,1.18,1.524,1.466,1.546,1.577,1.588
2025-07-24 13:34:58.726,1.578,1.575,1.681,1.458,1.217,1.523,1.465,1.547,1.577,1.587
2025-07-24 13:34:58.776,1.578,1.576,1.682,1.459,1.274,1.521,1.466,1.547,1.577,1.588
2025-07-24 13:34:58.826,1.578,1.577,1.681,1.459,1.349,1.519,1.465,1.547,1.577,1.588
2025-07-24 13:34:58.876,1.578,1.576,1.681,1.459,1.422,1.52,1.465,1.547,1.577,1.588
2025-07-24 13:34:58.925,1.578,1.576,1.681,1.458,1.486,1.521,1.464,1.547,1.577,1.587
2025-07-24 13:34:58.976,1.578,1.576,1.681,1.458,1.524,1.523,1.465,1.546,1.576,1.588
2025-07-24 13:34:59.026,1.578,1.576,1.682,1.458,1.543,1.524,1.464,1.546,1.577,1.587
2025-07-24 13:34:59.075,1.579,1.577,1.681,1.458,1.557,1.527,1.465,1.546,1.576,1.587
2025-07-24 13:34:59.125,1.577,1.576,1.681,1.459,1.548,1.528,1.464,1.546,1.577,1.588
2025-07-24 13:34:59.175,1.578,1.575,1.681,1.459,1.553,1.53,1.465,1.546,1.577,1.587
2025-07-24 13:34:59.226,1.578,1.576,1.681,1.458,1.552,1.533,1.465,1.546,1.577,1.588
2025-07-24 13:34:59.276,1.577,1.576,1.681,1.459,1.553,1.535,1.464,1.546,1.577,1.588
2025-07-24 13:34:59.326,1.577,1.576,1.681,1.458,1.553,1.535,1.464,1.546,1.577,1.587
2025-07-24 13:34:59.376,1.578,1.577,1.681,1.458,1.54,1.536,1.464,1.546,1.577,1.587
2025-07-24 13:34:59.425,1.578,1.575,1.681,1.458,1.536,1.538,1.464,1.546,1.577,1.587
2025-07-24 13:34:59.476,1.577,1.575,1.681,1.458,1.502,1.539,1.465,1.546,1.577,1.587
2025-07-24 13:34:59.525,1.578,1.576,1.682,1.46,1.47,1.54,1.465,1.547,1.577,1.587
2025-07-24 13:34:59.576,1.578,1.577,1.682,1.459,1.425,1.54,1.466,1.546,1.578,1.587
2025-07-24 13:34:59.626,1.578,1.576,1.681,1.458,1.372,1.539,1.465,1.546,1.578,1.588
2025-07-24 13:34:59.675,1.579,1.577,1.681,1.458,1.31,1.537,1.466,1.547,1.578,1.587
2025-07-24 13:34:59.726,1.578,1.577,1.682,1.459,1.248,1.537,1.468,1.547,1.578,1.587
2025-07-24 13:34:59.776,1.578,1.577,1.682,1.458,1.206,1.533,1.466,1.548,1.577,1.587
2025-07-24 13:34:59.826,1.578,1.577,1.681,1.459,1.19,1.532,1.465,1.546,1.578,1.587
2025-07-24 13:34:59.876,1.578,1.576,1.683,1.459,1.18,1.528,1.466,1.547,1.578,1.588
2025-07-24 13:34:59.926,1.579,1.576,1.682,1.459,1.179,1.526,1.466,1.546,1.578,1.588
2025-07-24 13:34:59.976,1.58,1.576,1.681,1.458,1.217,1.524,1.465,1.547,1.577,1.588
2025-07-24 13:35:00.026,1.578,1.577,1.681,1.459,1.275,1.52,1.466,1.547,1.577,1.587
2025-07-24 13:35:00.076,1.578,1.577,1.681,1.458,1.358,1.52,1.466,1.546,1.577,1.588
2025-07-24 13:35:00.126,1.578,1.576,1.682,1.458,1.44,1.521,1.465,1.547,1.576,1.587
2025-07-24 13:35:00.176,1.578,1.577,1.682,1.459,1.5,1.522,1.466,1.546,1.577,1.587
2025-07-24 13:35:00.226,1.579,1.577,1.681,1.46,1.533,1.524,1.465,1.546,1.577,1.589
2025-07-24 13:35:00.276,1.579,1.577,1.683,1.458,1.548,1.525,1.466,1.547,1.576,1.588
2025-07-24 13:35:00.326,1.579,1.576,1.682,1.459,1.552,1.528,1.464,1.547,1.576,1.588
2025-07-24 13:35:00.376,1.578,1.577,1.682,1.46,1.553,1.529,1.466,1.548,1.577,1.588
2025-07-24 13:35:00.426,1.579,1.576,1.682,1.458,1.553,1.531,1.463,1.548,1.577,1.587
2025-07-24 13:35:00.476,1.578,1.577,1.682,1.458,1.557,1.533,1.465,1.548,1.577,1.588
2025-07-24 13:35:00.526,1.579,1.577,1.682,1.459,1.554,1.534,1.465,1.547,1.576,1.588
2025-07-24 13:35:00.576,1.579,1.577,1.682,1.459,1.552,1.536,1.466,1.547,1.576,1.588
2025-07-24 13:35:00.626,1.577,1.577,1.682,1.459,1.539,1.538,1.465,1.547,1.576,1.588
2025-07-24 13:35:00.676,1.579,1.577,1.682,1.459,1.518,1.539,1.466,1.547,1.576,1.589
2025-07-24 13:35:00.726,1.578,1.577,1.682,1.459,1.482,1.54,1.464,1.547,1.575,1.587
2025-07-24 13:35:00.776,1.578,1.577,1.682,1.458,1.447,1.54,1.465,1.547,1.575,1.587
2025-07-24 13:35:00.826,1.578,1.577,1.682,1.458,1.396,1.54,1.466,1.546,1.576,1.588
2025-07-24 13:35:00.876,1.579,1.576,1.682,1.459,1.337,1.539,1.466,1.547,1.575,1.588
2025-07-24 13:35:00.926,1.578,1.576,1.681,1.459,1.273,1.538,1.466,1.547,1.576,1.587
2025-07-24 13:35:00.976,1.578,1.576,1.682,1.459,1.208,1.534,1.466,1.546,1.576,1.587
2025-07-24 13:35:01.025,1.579,1.577,1.683,1.459,1.173,1.532,1.466,1.548,1.576,1.587
2025-07-24 13:35:01.076,1.578,1.577,1.682,1.459,1.168,1.529,1.466,1.548,1.574,1.586
2025-07-24 13:35:01.127,1.579,1.575,1.683,1.459,1.169,1.526,1.466,1.547,1.574,1.587
2025-07-24 13:35:01.176,1.578,1.577,1.682,1.459,1.195,1.524,1.466,1.547,1.575,1.587
2025-07-24 13:35:01.226,1.578,1.577,1.682,1.459,1.227,1.522,1.467,1.547,1.574,1.587
2025-07-24 13:35:01.277,1.578,1.577,1.683,1.459,1.285,1.519,1.466,1.547,1.575,1.587
2025-07-24 13:35:01.327,1.578,1.577,1.681,1.459,1.358,1.519,1.465,1.547,1.574,1.586
2025-07-24 13:35:01.376,1.579,1.577,1.681,1.46,1.442,1.519,1.465,1.547,1.575,1.586
2025-07-24 13:35:01.427,1.577,1.577,1.682,1.459,1.505,1.52,1.465,1.547,1.574,1.587
2025-07-24 13:35:01.477,1.579,1.577,1.681,1.46,1.536,1.523,1.465,1.547,1.575,1.587
2025-07-24 13:35:01.527,1.578,1.577,1.682,1.459,1.548,1.524,1.463,1.548,1.573,1.587
2025-07-24 13:35:01.576,1.578,1.577,1.682,1.459,1.554,1.526,1.464,1.547,1.574,1.587
2025-07-24 13:35:01.626,1.578,1.577,1.682,1.459,1.557,1.528,1.464,1.547,1.573,1.586
2025-07-24 13:35:01.676,1.578,1.576,1.682,1.458,1.553,1.53,1.464,1.546,1.574,1.586
2025-07-24 13:35:01.726,1.577,1.577,1.682,1.459,1.554,1.532,1.465,1.546,1.574,1.586
2025-07-24 13:35:01.777,1.577,1.577,1.682,1.46,1.554,1.534,1.465,1.547,1.574,1.586
2025-07-24 13:35:01.827,1.577,1.576,1.681,1.459,1.553,1.535,1.465,1.546,1.574,1.586
2025-07-24 13:35:01.877,1.577,1.577,1.682,1.459,1.536,1.536,1.466,1.546,1.574,1.586
2025-07-24 13:35:01.927,1.577,1.577,1.682,1.459,1.516,1.537,1.465,1.546,1.574,1.586
2025-07-24 13:35:01.977,1.577,1.576,1.682,1.459,1.474,1.538,1.465,1.546,1.573,1.586
2025-07-24 13:35:02.026,1.576,1.577,1.682,1.459,1.428,1.539,1.465,1.547,1.574,1.585
2025-07-24 13:35:02.077,1.577,1.576,1.683,1.459,1.374,1.538,1.465,1.547,1.574,1.586
2025-07-24 13:35:02.128,1.577,1.576,1.681,1.459,1.313,1.537,1.466,1.546,1.574,1.586
2025-07-24 13:35:02.177,1.577,1.576,1.682,1.46,1.254,1.534,1.467,1.546,1.575,1.585
2025-07-24 13:35:02.227,1.577,1.577,1.683,1.46,1.206,1.532,1.465,1.546,1.575,1.586
2025-07-24 13:35:02.277,1.577,1.576,1.683,1.459,1.184,1.53,1.465,1.546,1.575,1.586
2025-07-24 13:35:02.327,1.577,1.576,1.681,1.459,1.181,1.527,1.466,1.546,1.575,1.586
2025-07-24 13:35:02.377,1.577,1.575,1.681,1.458,1.19,1.524,1.465,1.546,1.576,1.585
2025-07-24 13:35:02.427,1.577,1.576,1.681,1.458,1.226,1.523,1.464,1.546,1.575,1.586
2025-07-24 13:35:02.476,1.577,1.577,1.682,1.459,1.285,1.52,1.465,1.546,1.575,1.586
2025-07-24 13:35:02.527,1.577,1.576,1.681,1.459,1.357,1.519,1.466,1.546,1.576,1.586
2025-07-24 13:35:02.577,1.575,1.575,1.682,1.459,1.43,1.519,1.465,1.546,1.576,1.585
2025-07-24 13:35:02.627,1.576,1.576,1.681,1.458,1.493,1.52,1.464,1.546,1.576,1.585
2025-07-24 13:35:02.677,1.577,1.576,1.682,1.458,1.536,1.522,1.465,1.546,1.576,1.585
2025-07-24 13:35:02.727,1.576,1.575,1.681,1.459,1.552,1.524,1.462,1.546,1.575,1.586
2025-07-24 13:35:02.777,1.577,1.575,1.682,1.458,1.558,1.527,1.465,1.546,1.577,1.585
2025-07-24 13:35:02.828,1.577,1.575,1.681,1.459,1.555,1.528,1.464,1.546,1.577,1.585
2025-07-24 13:35:02.877,1.576,1.575,1.682,1.459,1.556,1.532,1.466,1.546,1.577,1.586
2025-07-24 13:35:02.926,1.577,1.576,1.681,1.458,1.554,1.533,1.464,1.547,1.577,1.586
2025-07-24 13:35:02.978,1.577,1.575,1.682,1.46,1.557,1.534,1.464,1.547,1.577,1.586
2025-07-24 13:35:03.027,1.576,1.576,1.681,1.459,1.554,1.536,1.464,1.547,1.577,1.585
2025-07-24 13:35:03.077,1.575,1.577,1.682,1.459,1.545,1.537,1.465,1.546,1.577,1.586
2025-07-24 13:35:03.127,1.576,1.577,1.683,1.459,1.527,1.538,1.466,1.546,1.577,1.586
2025-07-24 13:35:03.178,1.577,1.575,1.681,1.458,1.495,1.54,1.465,1.546,1.577,1.586
2025-07-24 13:35:03.227,1.576,1.577,1.681,1.459,1.446,1.54,1.465,1.546,1.577,1.586
2025-07-24 13:35:03.277,1.575,1.576,1.682,1.459,1.389,1.54,1.465,1.546,1.577,1.586
2025-07-24 13:35:03.327,1.575,1.577,1.682,1.459,1.329,1.538,1.465,1.546,1.578,1.586
2025-07-24 13:35:03.377,1.576,1.575,1.682,1.459,1.269,1.536,1.465,1.546,1.578,1.586
2025-07-24 13:35:03.427,1.575,1.576,1.681,1.459,1.212,1.535,1.466,1.547,1.577,1.586
2025-07-24 13:35:03.477,1.576,1.576,1.681,1.459,1.182,1.532,1.466,1.546,1.577,1.586
2025-07-24 13:35:03.528,1.575,1.576,1.681,1.458,1.185,1.528,1.466,1.546,1.577,1.586
2025-07-24 13:35:03.578,1.576,1.576,1.682,1.459,1.181,1.525,1.466,1.547,1.577,1.586
2025-07-24 13:35:03.628,1.576,1.575,1.682,1.46,1.225,1.524,1.466,1.546,1.577,1.586
2025-07-24 13:35:03.677,1.576,1.575,1.682,1.458,1.29,1.522,1.465,1.546,1.577,1.587
2025-07-24 13:35:03.727,1.575,1.576,1.682,1.458,1.36,1.521,1.465,1.546,1.578,1.586
2025-07-24 13:35:03.777,1.576,1.575,1.681,1.459,1.427,1.521,1.465,1.547,1.577,1.587
2025-07-24 13:35:03.828,1.576,1.575,1.683,1.46,1.477,1.523,1.466,1.546,1.577,1.586
2025-07-24 13:35:03.877,1.576,1.575,1.682,1.459,1.517,1.524,1.465,1.546,1.577,1.586
2025-07-24 13:35:03.927,1.575,1.575,1.681,1.458,1.542,1.524,1.464,1.546,1.578,1.586
2025-07-24 13:35:03.977,1.576,1.575,1.681,1.459,1.553,1.528,1.464,1.546,1.577,1.586
2025-07-24 13:35:04.028,1.576,1.577,1.682,1.459,1.556,1.53,1.464,1.546,1.578,1.587
2025-07-24 13:35:04.078,1.577,1.576,1.681,1.458,1.557,1.532,1.463,1.546,1.577,1.587
2025-07-24 13:35:04.127,1.577,1.576,1.681,1.459,1.557,1.532,1.465,1.546,1.577,1.587
2025-07-24 13:35:04.177,1.577,1.576,1.681,1.458,1.561,1.535,1.463,1.546,1.578,1.587
2025-07-24 13:35:04.227,1.576,1.576,1.681,1.459,1.546,1.536,1.465,1.546,1.578,1.587
2025-07-24 13:35:04.277,1.577,1.577,1.683,1.459,1.555,1.538,1.465,1.546,1.578,1.589
2025-07-24 13:35:04.328,1.577,1.576,1.682,1.459,1.544,1.54,1.465,1.547,1.577,1.587
2025-07-24 13:35:04.378,1.577,1.576,1.682,1.459,1.524,1.54,1.465,1.546,1.577,1.587
2025-07-24 13:35:04.428,1.577,1.575,1.683,1.459,1.484,1.541,1.466,1.546,1.577,1.587
2025-07-24 13:35:04.478,1.577,1.577,1.682,1.458,1.441,1.541,1.466,1.546,1.577,1.589
2025-07-24 13:35:04.528,1.577,1.576,1.682,1.459,1.378,1.54,1.466,1.547,1.577,1.588
2025-07-24 13:35:04.578,1.577,1.577,1.682,1.46,1.32,1.54,1.465,1.546,1.577,1.588
2025-07-24 13:35:04.628,1.577,1.576,1.682,1.458,1.267,1.537,1.467,1.547,1.577,1.588
2025-07-24 13:35:04.678,1.577,1.576,1.682,1.459,1.211,1.535,1.466,1.547,1.577,1.587
2025-07-24 13:35:04.728,1.577,1.577,1.681,1.46,1.175,1.532,1.466,1.547,1.577,1.588
2025-07-24 13:35:04.778,1.577,1.575,1.683,1.459,1.166,1.529,1.466,1.546,1.577,1.588
2025-07-24 13:35:04.828,1.577,1.575,1.682,1.459,1.177,1.526,1.466,1.546,1.576,1.587
2025-07-24 13:35:04.878,1.577,1.576,1.682,1.459,1.218,1.524,1.466,1.548,1.577,1.587
2025-07-24 13:35:04.928,1.577,1.576,1.683,1.458,1.278,1.522,1.466,1.547,1.576,1.587
2025-07-24 13:35:04.977,1.577,1.576,1.681,1.459,1.349,1.521,1.466,1.548,1.576,1.587
2025-07-24 13:35:05.028,1.577,1.577,1.681,1.459,1.427,1.521,1.465,1.546,1.577,1.588
2025-07-24 13:35:05.078,1.577,1.575,1.681,1.459,1.486,1.524,1.465,1.546,1.577,1.587
2025-07-24 13:35:05.128,1.577,1.575,1.682,1.459,1.523,1.524,1.465,1.546,1.576,1.587
2025-07-24 13:35:05.179,1.577,1.575,1.681,1.46,1.542,1.525,1.464,1.546,1.576,1.587
2025-07-24 13:35:05.228,1.578,1.575,1.682,1.459,1.55,1.528,1.462,1.546,1.576,1.586
2025-07-24 13:35:05.278,1.578,1.576,1.682,1.458,1.555,1.529,1.464,1.546,1.575,1.587
2025-07-24 13:35:05.328,1.577,1.575,1.681,1.458,1.555,1.531,1.464,1.546,1.576,1.587
2025-07-24 13:35:05.377,1.577,1.575,1.682,1.459,1.56,1.533,1.465,1.546,1.576,1.586
2025-07-24 13:35:05.428,1.577,1.576,1.682,1.459,1.557,1.535,1.465,1.546,1.576,1.587
2025-07-24 13:35:05.479,1.577,1.576,1.681,1.46,1.556,1.536,1.463,1.546,1.577,1.587
2025-07-24 13:35:05.528,1.577,1.576,1.681,1.459,1.559,1.538,1.466,1.547,1.577,1.586
2025-07-24 13:35:05.578,1.577,1.576,1.682,1.459,1.546,1.538,1.463,1.547,1.577,1.588
2025-07-24 13:35:05.629,1.576,1.575,1.681,1.459,1.52,1.54,1.464,1.546,1.577,1.587
2025-07-24 13:35:05.678,1.577,1.576,1.681,1.459,1.482,1.54,1.465,1.546,1.577,1.587
2025-07-24 13:35:05.728,1.577,1.576,1.682,1.46,1.428,1.541,1.465,1.546,1.577,1.586
2025-07-24 13:35:05.778,1.577,1.576,1.682,1.459,1.362,1.54,1.466,1.546,1.576,1.587
2025-07-24 13:35:05.828,1.577,1.575,1.681,1.459,1.297,1.538,1.466,1.546,1.577,1.587
2025-07-24 13:35:05.878,1.577,1.577,1.682,1.459,1.231,1.536,1.466,1.546,1.577,1.587
2025-07-24 13:35:05.927,1.577,1.575,1.681,1.459,1.188,1.533,1.465,1.546,1.577,1.588
2025-07-24 13:35:05.979,1.577,1.575,1.682,1.459,1.172,1.531,1.465,1.547,1.577,1.586
2025-07-24 13:35:06.028,1.577,1.576,1.681,1.459,1.173,1.528,1.465,1.546,1.577,1.586
2025-07-24 13:35:06.078,1.577,1.576,1.681,1.459,1.173,1.525,1.464,1.546,1.577,1.587
2025-07-24 13:35:06.128,1.577,1.575,1.682,1.459,1.204,1.523,1.464,1.546,1.577,1.587
2025-07-24 13:35:06.179,1.577,1.575,1.681,1.459,1.25,1.52,1.465,1.546,1.577,1.587
2025-07-24 13:35:06.228,1.577,1.575,1.681,1.459,1.313,1.52,1.463,1.546,1.577,1.586
2025-07-24 13:35:06.279,1.576,1.576,1.682,1.458,1.395,1.519,1.463,1.546,1.577,1.587
2025-07-24 13:35:06.328,1.577,1.576,1.681,1.459,1.474,1.521,1.465,1.547,1.577,1.587
2025-07-24 13:35:06.378,1.576,1.576,1.681,1.459,1.52,1.521,1.466,1.546,1.577,1.587
2025-07-24 13:35:06.429,1.577,1.576,1.681,1.459,1.542,1.523,1.464,1.546,1.578,1.586
2025-07-24 13:35:06.478,1.576,1.575,1.681,1.459,1.552,1.525,1.464,1.546,1.578,1.587
2025-07-24 13:35:06.528,1.577,1.577,1.682,1.459,1.551,1.527,1.464,1.546,1.578,1.587
2025-07-24 13:35:06.579,1.577,1.576,1.681,1.46,1.553,1.529,1.464,1.546,1.578,1.587
2025-07-24 13:35:06.629,1.577,1.575,1.682,1.459,1.553,1.532,1.466,1.546,1.579,1.587
2025-07-24 13:35:06.679,1.577,1.576,1.681,1.459,1.551,1.533,1.464,1.546,1.578,1.587
2025-07-24 13:35:06.729,1.577,1.575,1.681,1.459,1.553,1.535,1.465,1.546,1.578,1.587
2025-07-24 13:35:06.779,1.577,1.575,1.683,1.459,1.551,1.536,1.464,1.546,1.579,1.587
2025-07-24 13:35:06.829,1.577,1.577,1.681,1.459,1.536,1.537,1.465,1.546,1.578,1.588
2025-07-24 13:35:06.878,1.578,1.575,1.681,1.459,1.511,1.538,1.466,1.546,1.578,1.588
2025-07-24 13:35:06.928,1.577,1.577,1.683,1.459,1.477,1.54,1.465,1.546,1.578,1.587
2025-07-24 13:35:06.978,1.577,1.575,1.682,1.459,1.428,1.539,1.465,1.548,1.579,1.587
2025-07-24 13:35:07.028,1.577,1.576,1.682,1.46,1.372,1.539,1.466,1.548,1.578,1.588
2025-07-24 13:35:07.078,1.577,1.576,1.681,1.459,1.313,1.538,1.466,1.546,1.578,1.588
2025-07-24 13:35:07.129,1.577,1.576,1.682,1.459,1.25,1.536,1.466,1.546,1.578,1.589
2025-07-24 13:35:07.178,1.577,1.576,1.681,1.459,1.195,1.533,1.466,1.547,1.578,1.588
2025-07-24 13:35:07.229,1.577,1.575,1.681,1.459,1.17,1.531,1.465,1.546,1.579,1.588
2025-07-24 13:35:07.279,1.577,1.575,1.682,1.459,1.169,1.527,1.466,1.547,1.579,1.588
2025-07-24 13:35:07.328,1.577,1.575,1.682,1.46,1.175,1.524,1.466,1.546,1.578,1.587
2025-07-24 13:35:07.379,1.577,1.577,1.681,1.459,1.211,1.522,1.465,1.546,1.578,1.587
2025-07-24 13:35:07.429,1.577,1.575,1.681,1.459,1.268,1.521,1.465,1.546,1.579,1.588
2025-07-24 13:35:07.479,1.577,1.576,1.682,1.458,1.339,1.52,1.465,1.546,1.578,1.587
2025-07-24 13:35:07.529,1.577,1.576,1.682,1.459,1.408,1.52,1.465,1.546,1.578,1.587
2025-07-24 13:35:07.579,1.577,1.576,1.683,1.459,1.474,1.521,1.465,1.546,1.578,1.588
2025-07-24 13:35:07.629,1.577,1.576,1.682,1.459,1.518,1.523,1.463,1.546,1.578,1.587
2025-07-24 13:35:07.679,1.577,1.577,1.682,1.459,1.537,1.524,1.464,1.546,1.578,1.588
2025-07-24 13:35:07.729,1.578,1.576,1.681,1.458,1.549,1.525,1.464,1.546,1.577,1.587
2025-07-24 13:35:07.779,1.577,1.575,1.681,1.459,1.554,1.527,1.464,1.546,1.578,1.587
2025-07-24 13:35:07.829,1.577,1.577,1.683,1.459,1.555,1.529,1.465,1.546,1.578,1.588
2025-07-24 13:35:07.879,1.578,1.576,1.682,1.459,1.555,1.531,1.464,1.547,1.577,1.589
2025-07-24 13:35:07.929,1.578,1.577,1.682,1.459,1.555,1.533,1.463,1.547,1.577,1.589
2025-07-24 13:35:07.979,1.577,1.577,1.682,1.458,1.555,1.535,1.465,1.546,1.578,1.589
2025-07-24 13:35:08.029,1.578,1.575,1.682,1.459,1.554,1.536,1.466,1.547,1.578,1.588
2025-07-24 13:35:08.079,1.577,1.576,1.682,1.46,1.541,1.537,1.465,1.546,1.577,1.589
2025-07-24 13:35:08.128,1.578,1.577,1.682,1.459,1.52,1.539,1.465,1.547,1.578,1.588
2025-07-24 13:35:08.179,1.579,1.577,1.683,1.459,1.476,1.539,1.465,1.546,1.579,1.587
2025-07-24 13:35:08.229,1.578,1.577,1.683,1.459,1.43,1.54,1.465,1.547,1.578,1.588
2025-07-24 13:35:08.279,1.579,1.577,1.681,1.459,1.367,1.538,1.465,1.546,1.578,1.587
2025-07-24 13:35:08.329,1.578,1.576,1.683,1.459,1.313,1.538,1.466,1.546,1.577,1.587
2025-07-24 13:35:08.379,1.578,1.576,1.682,1.459,1.253,1.536,1.466,1.546,1.577,1.588
2025-07-24 13:35:08.429,1.579,1.577,1.683,1.459,1.201,1.533,1.465,1.546,1.578,1.588
2025-07-24 13:35:08.479,1.579,1.577,1.681,1.459,1.175,1.531,1.464,1.546,1.577,1.587
2025-07-24 13:35:08.530,1.578,1.576,1.681,1.46,1.172,1.527,1.466,1.546,1.578,1.587
2025-07-24 13:35:08.579,1.578,1.575,1.683,1.459,1.171,1.525,1.464,1.547,1.577,1.587
2025-07-24 13:35:08.629,1.578,1.577,1.681,1.459,1.2,1.521,1.465,1.546,1.577,1.587
2025-07-24 13:35:08.679,1.577,1.577,1.682,1.459,1.242,1.52,1.465,1.546,1.578,1.588
2025-07-24 13:35:08.729,1.578,1.576,1.683,1.459,1.299,1.519,1.465,1.546,1.577,1.587
2025-07-24 13:35:08.779,1.578,1.577,1.682,1.46,1.363,1.519,1.464,1.546,1.577,1.587
2025-07-24 13:35:08.830,1.579,1.576,1.682,1.46,1.431,1.519,1.465,1.546,1.578,1.587
2025-07-24 13:35:08.879,1.579,1.576,1.682,1.459,1.491,1.52,1.464,1.546,1.578,1.587
2025-07-24 13:35:08.930,1.578,1.577,1.681,1.46,1.528,1.521,1.464,1.546,1.578,1.587
2025-07-24 13:35:08.979,1.578,1.577,1.682,1.459,1.546,1.523,1.464,1.546,1.578,1.587
2025-07-24 13:35:09.030,1.578,1.577,1.681,1.459,1.556,1.525,1.464,1.545,1.579,1.588
2025-07-24 13:35:09.080,1.578,1.576,1.681,1.459,1.559,1.527,1.464,1.546,1.578,1.588
2025-07-24 13:35:09.129,1.577,1.576,1.682,1.46,1.557,1.529,1.463,1.546,1.578,1.587
2025-07-24 13:35:09.179,1.578,1.576,1.683,1.459,1.556,1.532,1.465,1.546,1.578,1.587
2025-07-24 13:35:09.229,1.577,1.576,1.682,1.459,1.567,1.532,1.464,1.546,1.578,1.587
2025-07-24 13:35:09.279,1.577,1.576,1.682,1.459,1.554,1.534,1.463,1.546,1.578,1.588
2025-07-24 13:35:09.330,1.578,1.576,1.681,1.459,1.553,1.536,1.464,1.545,1.578,1.587
2025-07-24 13:35:09.380,1.578,1.575,1.682,1.459,1.539,1.537,1.463,1.545,1.579,1.588
2025-07-24 13:35:09.429,1.578,1.575,1.681,1.46,1.51,1.539,1.464,1.546,1.577,1.587
2025-07-24 13:35:09.479,1.578,1.576,1.682,1.46,1.476,1.539,1.465,1.546,1.578,1.587
2025-07-24 13:35:09.530,1.578,1.577,1.682,1.459,1.426,1.54,1.466,1.547,1.58,1.588
2025-07-24 13:35:09.579,1.578,1.576,1.682,1.459,1.363,1.539,1.465,1.546,1.579,1.588
2025-07-24 13:35:09.630,1.579,1.576,1.682,1.459,1.296,1.538,1.466,1.546,1.58,1.588
2025-07-24 13:35:09.680,1.578,1.577,1.683,1.46,1.232,1.536,1.467,1.546,1.579,1.589
2025-07-24 13:35:09.729,1.578,1.576,1.682,1.459,1.185,1.534,1.466,1.547,1.579,1.589
2025-07-24 13:35:09.779,1.579,1.577,1.682,1.46,1.173,1.53,1.466,1.547,1.58,1.589
2025-07-24 13:35:09.830,1.578,1.577,1.683,1.458,1.171,1.528,1.466,1.547,1.579,1.588
2025-07-24 13:35:09.879,1.579,1.577,1.683,1.459,1.189,1.524,1.466,1.546,1.579,1.589
2025-07-24 13:35:09.929,1.58,1.577,1.683,1.459,1.23,1.522,1.466,1.547,1.579,1.588
2025-07-24 13:35:09.979,1.578,1.577,1.683,1.459,1.286,1.521,1.465,1.546,1.579,1.589
2025-07-24 13:35:10.030,1.58,1.577,1.684,1.459,1.352,1.52,1.464,1.546,1.578,1.589
2025-07-24 13:35:10.080,1.58,1.577,1.685,1.46,1.424,1.521,1.465,1.547,1.578,1.588
2025-07-24 13:35:10.130,1.579,1.577,1.684,1.459,1.486,1.521,1.465,1.548,1.578,1.588
2025-07-24 13:35:10.180,1.58,1.577,1.683,1.459,1.522,1.523,1.465,1.547,1.578,1.588
2025-07-24 13:35:10.229,1.58,1.577,1.683,1.459,1.541,1.526,1.465,1.548,1.578,1.589
2025-07-24 13:35:10.279,1.581,1.577,1.682,1.459,1.553,1.528,1.465,1.547,1.577,1.589
2025-07-24 13:35:10.329,1.58,1.577,1.683,1.46,1.561,1.53,1.465,1.548,1.577,1.589
2025-07-24 13:35:10.379,1.581,1.578,1.683,1.459,1.556,1.532,1.466,1.548,1.577,1.588
2025-07-24 13:35:10.430,1.581,1.577,1.683,1.459,1.558,1.534,1.465,1.548,1.577,1.59
2025-07-24 13:35:10.480,1.58,1.576,1.684,1.459,1.56,1.535,1.465,1.548,1.576,1.589
2025-07-24 13:35:10.529,1.58,1.577,1.685,1.459,1.556,1.536,1.466,1.548,1.577,1.589
2025-07-24 13:35:10.580,1.582,1.577,1.684,1.46,1.554,1.539,1.466,1.548,1.577,1.589
2025-07-24 13:35:10.630,1.581,1.577,1.684,1.46,1.549,1.539,1.466,1.548,1.576,1.589
2025-07-24 13:35:10.680,1.581,1.578,1.685,1.459,1.533,1.541,1.466,1.548,1.576,1.59
2025-07-24 13:35:10.730,1.581,1.577,1.684,1.459,1.503,1.542,1.466,1.548,1.576,1.59
2025-07-24 13:35:10.781,1.581,1.579,1.684,1.459,1.46,1.543,1.466,1.548,1.577,1.589
2025-07-24 13:35:10.829,1.582,1.577,1.684,1.46,1.416,1.542,1.466,1.548,1.577,1.589
2025-07-24 13:35:10.880,1.581,1.578,1.684,1.46,1.357,1.541,1.466,1.547,1.576,1.589
2025-07-24 13:35:10.930,1.582,1.578,1.684,1.459,1.296,1.54,1.466,1.548,1.575,1.589
2025-07-24 13:35:10.981,1.581,1.578,1.685,1.459,1.233,1.537,1.467,1.548,1.575,1.59
2025-07-24 13:35:11.031,1.58,1.577,1.684,1.459,1.187,1.536,1.467,1.548,1.576,1.589
2025-07-24 13:35:11.080,1.582,1.577,1.684,1.459,1.178,1.532,1.465,1.548,1.575,1.589
2025-07-24 13:35:11.130,1.582,1.578,1.682,1.459,1.175,1.531,1.467,1.548,1.576,1.59
2025-07-24 13:35:11.180,1.581,1.578,1.684,1.459,1.188,1.527,1.466,1.548,1.576,1.589
2025-07-24 13:35:11.230,1.582,1.577,1.684,1.459,1.226,1.524,1.466,1.548,1.575,1.59
2025-07-24 13:35:11.280,1.581,1.577,1.685,1.46,1.283,1.524,1.467,1.548,1.575,1.589
2025-07-24 13:35:11.331,1.581,1.577,1.684,1.459,1.357,1.524,1.466,1.548,1.575,1.589
2025-07-24 13:35:11.380,1.581,1.577,1.683,1.459,1.43,1.522,1.466,1.548,1.574,1.589
2025-07-24 13:35:11.430,1.581,1.578,1.684,1.46,1.483,1.524,1.466,1.548,1.574,1.588
2025-07-24 13:35:11.480,1.581,1.578,1.684,1.46,1.528,1.525,1.466,1.548,1.575,1.587
2025-07-24 13:35:11.531,1.582,1.577,1.685,1.46,1.544,1.528,1.466,1.548,1.575,1.588
2025-07-24 13:35:11.581,1.581,1.579,1.684,1.46,1.551,1.529,1.466,1.548,1.575,1.589
2025-07-24 13:35:11.631,1.582,1.578,1.685,1.46,1.556,1.531,1.466,1.548,1.575,1.588
2025-07-24 13:35:11.681,1.581,1.577,1.684,1.46,1.551,1.532,1.466,1.548,1.574,1.589
2025-07-24 13:35:11.730,1.582,1.578,1.684,1.46,1.553,1.535,1.464,1.548,1.574,1.588
2025-07-24 13:35:11.781,1.581,1.577,1.685,1.459,1.553,1.536,1.466,1.548,1.574,1.588
2025-07-24 13:35:11.831,1.582,1.578,1.684,1.459,1.553,1.537,1.466,1.548,1.575,1.589
2025-07-24 13:35:11.881,1.582,1.578,1.685,1.46,1.552,1.538,1.466,1.548,1.575,1.589
2025-07-24 13:35:11.931,1.582,1.578,1.684,1.459,1.552,1.54,1.466,1.548,1.575,1.589
2025-07-24 13:35:11.981,1.581,1.577,1.684,1.46,1.539,1.543,1.466,1.548,1.574,1.589
2025-07-24 13:35:12.031,1.581,1.578,1.684,1.46,1.517,1.542,1.466,1.548,1.574,1.587
2025-07-24 13:35:12.081,1.581,1.578,1.685,1.46,1.478,1.542,1.468,1.548,1.575,1.588
2025-07-24 13:35:12.130,1.581,1.578,1.684,1.46,1.435,1.543,1.467,1.548,1.574,1.589
2025-07-24 13:35:12.180,1.581,1.577,1.685,1.46,1.381,1.543,1.469,1.548,1.574,1.589
2025-07-24 13:35:12.230,1.581,1.578,1.685,1.46,1.325,1.541,1.466,1.548,1.574,1.589
2025-07-24 13:35:12.280,1.581,1.578,1.685,1.46,1.276,1.54,1.466,1.549,1.575,1.587
2025-07-24 13:35:12.331,1.582,1.578,1.684,1.46,1.221,1.537,1.466,1.548,1.574,1.588
2025-07-24 13:35:12.381,1.58,1.579,1.685,1.46,1.195,1.535,1.467,1.548,1.574,1.588
2025-07-24 13:35:12.430,1.58,1.578,1.684,1.46,1.19,1.532,1.466,1.548,1.574,1.587
2025-07-24 13:35:12.481,1.581,1.578,1.684,1.46,1.184,1.529,1.466,1.548,1.575,1.587
2025-07-24 13:35:12.531,1.581,1.577,1.683,1.46,1.22,1.528,1.47,1.548,1.575,1.587
2025-07-24 13:35:12.580,1.581,1.578,1.684,1.46,1.271,1.524,1.466,1.548,1.574,1.587
2025-07-24 13:35:12.631,1.58,1.579,1.683,1.46,1.337,1.524,1.466,1.548,1.574,1.587
2025-07-24 13:35:12.681,1.58,1.579,1.684,1.46,1.408,1.524,1.467,1.548,1.575,1.587
2025-07-24 13:35:12.731,1.58,1.578,1.685,1.459,1.47,1.525,1.465,1.548,1.575,1.587
2025-07-24 13:35:12.781,1.58,1.577,1.685,1.46,1.521,1.525,1.466,1.548,1.575,1.586
2025-07-24 13:35:12.831,1.581,1.577,1.683,1.459,1.54,1.528,1.466,1.548,1.574,1.586
2025-07-24 13:35:12.881,1.58,1.578,1.684,1.46,1.548,1.529,1.466,1.548,1.573,1.586
2025-07-24 13:35:12.931,1.58,1.578,1.683,1.46,1.555,1.532,1.466,1.548,1.574,1.587
2025-07-24 13:35:12.981,1.58,1.577,1.685,1.46,1.554,1.533,1.466,1.548,1.574,1.586
2025-07-24 13:35:13.031,1.58,1.577,1.683,1.46,1.556,1.534,1.465,1.548,1.573,1.586
2025-07-24 13:35:13.080,1.579,1.577,1.685,1.46,1.553,1.536,1.467,1.548,1.574,1.586
2025-07-24 13:35:13.130,1.58,1.577,1.684,1.46,1.553,1.536,1.466,1.548,1.574,1.586
2025-07-24 13:35:13.181,1.578,1.577,1.684,1.46,1.553,1.538,1.466,1.548,1.573,1.586
2025-07-24 13:35:13.231,1.578,1.577,1.684,1.46,1.549,1.54,1.465,1.548,1.573,1.586
2025-07-24 13:35:13.280,1.579,1.578,1.683,1.46,1.532,1.541,1.467,1.548,1.574,1.586
2025-07-24 13:35:13.331,1.578,1.577,1.683,1.46,1.507,1.542,1.466,1.548,1.573,1.586
2025-07-24 13:35:13.381,1.578,1.577,1.683,1.46,1.473,1.543,1.469,1.548,1.573,1.586
2025-07-24 13:35:13.431,1.577,1.577,1.683,1.459,1.432,1.543,1.467,1.548,1.573,1.585
2025-07-24 13:35:13.481,1.577,1.577,1.683,1.46,1.379,1.543,1.468,1.548,1.573,1.585
2025-07-24 13:35:13.531,1.578,1.577,1.684,1.459,1.329,1.541,1.466,1.548,1.573,1.585
2025-07-24 13:35:13.581,1.577,1.577,1.683,1.459,1.258,1.539,1.466,1.548,1.573,1.586
2025-07-24 13:35:13.631,1.578,1.577,1.684,1.46,1.199,1.536,1.466,1.548,1.573,1.585
2025-07-24 13:35:13.681,1.577,1.577,1.685,1.46,1.176,1.534,1.467,1.548,1.574,1.585
2025-07-24 13:35:13.731,1.577,1.577,1.684,1.46,1.172,1.531,1.467,1.548,1.573,1.585
2025-07-24 13:35:13.781,1.577,1.577,1.683,1.46,1.183,1.528,1.466,1.548,1.573,1.586
2025-07-24 13:35:13.831,1.578,1.577,1.684,1.46,1.222,1.526,1.466,1.548,1.573,1.585
2025-07-24 13:35:13.881,1.577,1.577,1.684,1.46,1.278,1.524,1.467,1.548,1.573,1.584
2025-07-24 13:35:13.931,1.577,1.577,1.683,1.46,1.349,1.523,1.465,1.548,1.573,1.584
2025-07-24 13:35:13.981,1.577,1.577,1.683,1.46,1.417,1.523,1.464,1.548,1.573,1.585
2025-07-24 13:35:14.030,1.577,1.577,1.683,1.46,1.481,1.524,1.466,1.547,1.573,1.584
2025-07-24 13:35:14.081,1.577,1.577,1.684,1.46,1.517,1.524,1.466,1.548,1.573,1.584
2025-07-24 13:35:14.132,1.577,1.577,1.684,1.459,1.54,1.526,1.466,1.548,1.573,1.585
2025-07-24 13:35:14.181,1.577,1.577,1.684,1.459,1.555,1.528,1.466,1.547,1.573,1.583
2025-07-24 13:35:14.231,1.577,1.577,1.684,1.46,1.552,1.53,1.465,1.547,1.573,1.584
2025-07-24 13:35:14.281,1.577,1.577,1.684,1.459,1.553,1.532,1.464,1.547,1.573,1.583
2025-07-24 13:35:14.331,1.577,1.577,1.683,1.46,1.552,1.533,1.465,1.548,1.573,1.582
2025-07-24 13:35:14.382,1.577,1.578,1.684,1.46,1.557,1.536,1.464,1.548,1.572,1.583
2025-07-24 13:35:14.432,1.577,1.577,1.684,1.46,1.556,1.536,1.465,1.547,1.572,1.583
2025-07-24 13:35:14.482,1.578,1.577,1.684,1.46,1.557,1.539,1.465,1.547,1.572,1.583
2025-07-24 13:35:14.531,1.577,1.577,1.683,1.46,1.556,1.54,1.465,1.547,1.572,1.583
2025-07-24 13:35:14.581,1.577,1.577,1.682,1.46,1.553,1.54,1.466,1.546,1.573,1.583
2025-07-24 13:35:14.632,1.577,1.576,1.684,1.46,1.531,1.541,1.465,1.548,1.572,1.584
2025-07-24 13:35:14.681,1.577,1.576,1.684,1.46,1.508,1.543,1.466,1.547,1.572,1.584
2025-07-24 13:35:14.731,1.577,1.576,1.684,1.46,1.473,1.544,1.466,1.547,1.573,1.583
2025-07-24 13:35:14.782,1.577,1.576,1.683,1.46,1.428,1.544,1.466,1.546,1.572,1.583
2025-07-24 13:35:14.831,1.577,1.576,1.683,1.46,1.377,1.542,1.466,1.547,1.572,1.584
2025-07-24 13:35:14.881,1.577,1.577,1.682,1.46,1.299,1.541,1.466,1.547,1.572,1.584
2025-07-24 13:35:14.931,1.577,1.577,1.683,1.46,1.229,1.538,1.466,1.546,1.572,1.584
2025-07-24 13:35:14.982,1.578,1.577,1.683,1.46,1.184,1.535,1.466,1.547,1.572,1.585
2025-07-24 13:35:15.032,1.577,1.577,1.684,1.459,1.178,1.532,1.466,1.547,1.572,1.585
2025-07-24 13:35:15.082,1.577,1.577,1.682,1.46,1.175,1.53,1.466,1.547,1.572,1.586
2025-07-24 13:35:15.131,1.577,1.576,1.684,1.459,1.189,1.528,1.466,1.547,1.572,1.585
2025-07-24 13:35:15.181,1.577,1.576,1.684,1.459,1.231,1.525,1.466,1.547,1.572,1.585
2025-07-24 13:35:15.232,1.577,1.577,1.683,1.459,1.287,1.522,1.466,1.546,1.572,1.585
2025-07-24 13:35:15.282,1.577,1.576,1.683,1.46,1.355,1.524,1.468,1.547,1.572,1.586
2025-07-24 13:35:15.332,1.577,1.577,1.684,1.459,1.43,1.523,1.466,1.547,1.572,1.585
2025-07-24 13:35:15.381,1.577,1.577,1.684,1.459,1.497,1.524,1.466,1.547,1.572,1.586
2025-07-24 13:35:15.432,1.577,1.576,1.682,1.46,1.531,1.525,1.466,1.546,1.572,1.586
2025-07-24 13:35:15.482,1.577,1.577,1.683,1.459,1.548,1.528,1.466,1.548,1.572,1.586
2025-07-24 13:35:15.531,1.577,1.577,1.684,1.46,1.551,1.528,1.465,1.546,1.572,1.586
2025-07-24 13:35:15.582,1.577,1.577,1.683,1.459,1.557,1.53,1.465,1.547,1.571,1.586
2025-07-24 13:35:15.632,1.577,1.577,1.684,1.459,1.553,1.533,1.465,1.547,1.572,1.587
2025-07-24 13:35:15.682,1.577,1.576,1.684,1.46,1.553,1.535,1.466,1.548,1.572,1.587
2025-07-24 13:35:15.732,1.576,1.577,1.683,1.46,1.548,1.536,1.465,1.548,1.572,1.586
2025-07-24 13:35:15.781,1.577,1.577,1.683,1.46,1.559,1.537,1.465,1.548,1.572,1.587
2025-07-24 13:35:15.833,1.576,1.577,1.684,1.46,1.554,1.539,1.465,1.547,1.572,1.587
2025-07-24 13:35:15.882,1.577,1.577,1.684,1.459,1.557,1.54,1.466,1.547,1.572,1.587
2025-07-24 13:35:15.932,1.577,1.576,1.683,1.46,1.544,1.541,1.467,1.547,1.572,1.587
2025-07-24 13:35:15.982,1.577,1.576,1.684,1.459,1.518,1.543,1.466,1.548,1.572,1.586
2025-07-24 13:35:16.032,1.577,1.576,1.683,1.46,1.477,1.544,1.466,1.548,1.571,1.587
2025-07-24 13:35:16.083,1.577,1.577,1.684,1.459,1.436,1.543,1.466,1.547,1.572,1.587
2025-07-24 13:35:16.132,1.576,1.577,1.685,1.46,1.379,1.544,1.466,1.548,1.571,1.587
2025-07-24 13:35:16.182,1.577,1.577,1.684,1.459,1.324,1.542,1.466,1.547,1.572,1.586
2025-07-24 13:35:16.232,1.577,1.577,1.685,1.46,1.258,1.54,1.467,1.547,1.572,1.587
2025-07-24 13:35:16.282,1.577,1.576,1.684,1.46,1.195,1.537,1.468,1.547,1.573,1.587
2025-07-24 13:35:16.332,1.577,1.577,1.683,1.459,1.171,1.534,1.467,1.548,1.572,1.587
2025-07-24 13:35:16.382,1.577,1.576,1.684,1.46,1.171,1.53,1.466,1.548,1.572,1.587
2025-07-24 13:35:16.433,1.578,1.576,1.684,1.459,1.176,1.528,1.466,1.548,1.571,1.587
2025-07-24 13:35:16.482,1.577,1.577,1.684,1.46,1.202,1.525,1.467,1.547,1.571,1.587
2025-07-24 13:35:16.532,1.577,1.577,1.684,1.46,1.24,1.524,1.468,1.548,1.572,1.587
2025-07-24 13:35:16.583,1.577,1.577,1.683,1.46,1.301,1.521,1.466,1.547,1.572,1.588
2025-07-24 13:35:16.633,1.577,1.576,1.685,1.459,1.367,1.521,1.466,1.548,1.572,1.588
2025-07-24 13:35:16.683,1.577,1.577,1.684,1.459,1.441,1.522,1.466,1.547,1.571,1.588
2025-07-24 13:35:16.733,1.577,1.577,1.683,1.459,1.499,1.523,1.465,1.548,1.572,1.587
2025-07-24 13:35:16.782,1.577,1.577,1.683,1.46,1.532,1.524,1.465,1.548,1.571,1.588
2025-07-24 13:35:16.832,1.577,1.577,1.683,1.459,1.546,1.528,1.466,1.548,1.572,1.588
2025-07-24 13:35:16.883,1.578,1.577,1.683,1.459,1.553,1.528,1.465,1.547,1.572,1.588
2025-07-24 13:35:16.932,1.577,1.577,1.684,1.46,1.552,1.531,1.466,1.547,1.571,1.589
2025-07-24 13:35:16.983,1.578,1.577,1.684,1.46,1.552,1.532,1.464,1.547,1.572,1.588
2025-07-24 13:35:17.032,1.578,1.577,1.685,1.46,1.557,1.533,1.465,1.548,1.572,1.588
2025-07-24 13:35:17.083,1.578,1.577,1.683,1.46,1.557,1.535,1.465,1.548,1.571,1.587
2025-07-24 13:35:17.133,1.577,1.577,1.683,1.46,1.555,1.537,1.465,1.547,1.571,1.588
2025-07-24 13:35:17.183,1.578,1.577,1.684,1.459,1.545,1.539,1.464,1.548,1.572,1.588
2025-07-24 13:35:17.232,1.578,1.577,1.684,1.46,1.54,1.54,1.465,1.548,1.571,1.589
2025-07-24 13:35:17.283,1.578,1.577,1.684,1.459,1.516,1.541,1.466,1.547,1.571,1.588
2025-07-24 13:35:17.332,1.578,1.577,1.684,1.46,1.486,1.542,1.465,1.547,1.571,1.589
2025-07-24 13:35:17.383,1.577,1.577,1.682,1.46,1.445,1.542,1.465,1.547,1.571,1.588
2025-07-24 13:35:17.432,1.578,1.577,1.682,1.46,1.398,1.54,1.466,1.547,1.572,1.587
2025-07-24 13:35:17.483,1.577,1.576,1.683,1.459,1.353,1.54,1.466,1.547,1.571,1.587
2025-07-24 13:35:17.533,1.578,1.575,1.682,1.459,1.304,1.538,1.466,1.546,1.572,1.588
2025-07-24 13:35:17.582,1.577,1.576,1.683,1.459,1.254,1.536,1.466,1.546,1.571,1.588
2025-07-24 13:35:17.632,1.578,1.576,1.683,1.46,1.213,1.535,1.465,1.547,1.572,1.587
2025-07-24 13:35:17.683,1.578,1.577,1.683,1.459,1.184,1.532,1.466,1.546,1.571,1.587
2025-07-24 13:35:17.732,1.578,1.577,1.683,1.46,1.178,1.528,1.465,1.546,1.572,1.587
2025-07-24 13:35:17.783,1.577,1.577,1.682,1.459,1.174,1.525,1.466,1.547,1.572,1.588
2025-07-24 13:35:17.833,1.578,1.576,1.683,1.459,1.191,1.524,1.465,1.547,1.572,1.587
2025-07-24 13:35:17.883,1.578,1.577,1.683,1.459,1.237,1.521,1.466,1.547,1.572,1.587
2025-07-24 13:35:17.932,1.578,1.577,1.683,1.459,1.301,1.52,1.465,1.546,1.571,1.587
2025-07-24 13:35:17.983,1.577,1.576,1.682,1.46,1.379,1.519,1.465,1.546,1.573,1.588
2025-07-24 13:35:18.033,1.578,1.575,1.683,1.46,1.447,1.52,1.464,1.546,1.573,1.587
2025-07-24 13:35:18.082,1.578,1.577,1.683,1.46,1.51,1.521,1.464,1.546,1.573,1.588
2025-07-24 13:35:18.133,1.578,1.577,1.682,1.46,1.542,1.523,1.463,1.547,1.573,1.587
2025-07-24 13:35:18.182,1.578,1.576,1.683,1.46,1.548,1.525,1.463,1.547,1.573,1.587
2025-07-24 13:35:18.233,1.577,1.576,1.682,1.46,1.549,1.527,1.465,1.547,1.573,1.586
2025-07-24 13:35:18.283,1.577,1.576,1.682,1.46,1.553,1.529,1.464,1.546,1.573,1.586
2025-07-24 13:35:18.333,1.577,1.576,1.682,1.459,1.553,1.531,1.462,1.546,1.573,1.586
2025-07-24 13:35:18.383,1.577,1.577,1.683,1.459,1.555,1.532,1.464,1.546,1.573,1.586
2025-07-24 13:35:18.432,1.576,1.576,1.682,1.46,1.553,1.534,1.462,1.546,1.573,1.585
2025-07-24 13:35:18.483,1.577,1.576,1.682,1.46,1.554,1.536,1.463,1.546,1.573,1.586
2025-07-24 13:35:18.533,1.577,1.576,1.682,1.46,1.554,1.537,1.464,1.547,1.573,1.585
2025-07-24 13:35:18.584,1.577,1.576,1.682,1.46,1.541,1.538,1.464,1.548,1.574,1.586
2025-07-24 13:35:18.634,1.577,1.577,1.684,1.46,1.518,1.539,1.464,1.546,1.575,1.586
2025-07-24 13:35:18.683,1.576,1.576,1.682,1.46,1.486,1.54,1.465,1.546,1.575,1.586
2025-07-24 13:35:18.734,1.577,1.577,1.683,1.459,1.441,1.54,1.465,1.547,1.575,1.586
2025-07-24 13:35:18.784,1.577,1.576,1.681,1.459,1.391,1.54,1.466,1.546,1.575,1.586
2025-07-24 13:35:18.834,1.577,1.576,1.682,1.459,1.335,1.539,1.466,1.546,1.576,1.586
2025-07-24 13:35:18.884,1.576,1.575,1.683,1.46,1.267,1.538,1.466,1.546,1.576,1.586
2025-07-24 13:35:18.933,1.576,1.576,1.682,1.459,1.201,1.536,1.466,1.547,1.575,1.586
2025-07-24 13:35:18.983,1.577,1.576,1.682,1.46,1.171,1.532,1.466,1.546,1.574,1.586
2025-07-24 13:35:19.033,1.576,1.576,1.684,1.46,1.173,1.529,1.467,1.547,1.576,1.585
2025-07-24 13:35:19.084,1.577,1.576,1.683,1.459,1.173,1.526,1.465,1.547,1.576,1.586
2025-07-24 13:35:19.134,1.577,1.575,1.682,1.46,1.202,1.524,1.466,1.547,1.575,1.586
2025-07-24 13:35:19.184,1.576,1.577,1.683,1.459,1.244,1.522,1.465,1.548,1.576,1.586
2025-07-24 13:35:19.234,1.575,1.577,1.683,1.46,1.294,1.52,1.465,1.546,1.577,1.586
2025-07-24 13:35:19.284,1.576,1.577,1.684,1.459,1.365,1.52,1.465,1.546,1.576,1.586
2025-07-24 13:35:19.334,1.576,1.576,1.684,1.46,1.44,1.52,1.464,1.547,1.577,1.586
2025-07-24 13:35:19.384,1.576,1.576,1.683,1.46,1.503,1.522,1.466,1.546,1.576,1.586
2025-07-24 13:35:19.433,1.575,1.576,1.683,1.46,1.533,1.523,1.464,1.548,1.576,1.586
2025-07-24 13:35:19.484,1.577,1.575,1.683,1.459,1.546,1.525,1.466,1.547,1.576,1.586
2025-07-24 13:35:19.534,1.576,1.576,1.683,1.46,1.547,1.528,1.464,1.546,1.577,1.586
2025-07-24 13:35:19.584,1.576,1.577,1.683,1.459,1.553,1.529,1.463,1.546,1.575,1.586
2025-07-24 13:35:19.634,1.576,1.576,1.685,1.461,1.553,1.532,1.464,1.546,1.575,1.586
2025-07-24 13:35:19.684,1.575,1.576,1.682,1.459,1.553,1.532,1.464,1.546,1.576,1.586
2025-07-24 13:35:19.734,1.576,1.575,1.683,1.46,1.555,1.535,1.466,1.546,1.576,1.586
2025-07-24 13:35:19.784,1.576,1.576,1.683,1.459,1.544,1.536,1.465,1.546,1.576,1.586
2025-07-24 13:35:19.834,1.575,1.576,1.682,1.459,1.553,1.538,1.466,1.547,1.576,1.586
2025-07-24 13:35:19.884,1.575,1.576,1.683,1.46,1.554,1.54,1.465,1.546,1.576,1.586
2025-07-24 13:35:19.933,1.575,1.576,1.682,1.46,1.541,1.54,1.466,1.547,1.575,1.586
2025-07-24 13:35:19.984,1.575,1.576,1.683,1.46,1.512,1.542,1.466,1.546,1.575,1.587
2025-07-24 13:35:20.034,1.576,1.577,1.684,1.46,1.478,1.542,1.464,1.547,1.577,1.586
2025-07-24 13:35:20.083,1.576,1.575,1.683,1.459,1.434,1.542,1.465,1.547,1.577,1.586
2025-07-24 13:35:20.134,1.575,1.576,1.685,1.459,1.393,1.541,1.466,1.546,1.576,1.586
2025-07-24 13:35:20.184,1.575,1.575,1.683,1.46,1.335,1.54,1.466,1.546,1.576,1.586
2025-07-24 13:35:20.234,1.575,1.576,1.683,1.46,1.272,1.539,1.466,1.546,1.576,1.586
2025-07-24 13:35:20.284,1.575,1.576,1.682,1.46,1.213,1.536,1.466,1.547,1.577,1.587
2025-07-24 13:35:20.334,1.576,1.575,1.683,1.459,1.179,1.533,1.466,1.546,1.576,1.586
2025-07-24 13:35:20.384,1.576,1.575,1.683,1.46,1.179,1.531,1.465,1.547,1.577,1.586
2025-07-24 13:35:20.434,1.575,1.576,1.682,1.459,1.178,1.528,1.466,1.546,1.576,1.586
2025-07-24 13:35:20.484,1.576,1.577,1.683,1.46,1.204,1.524,1.466,1.546,1.577,1.586
2025-07-24 13:35:20.534,1.576,1.576,1.682,1.46,1.26,1.523,1.465,1.546,1.576,1.586
2025-07-24 13:35:20.584,1.576,1.576,1.683,1.46,1.312,1.522,1.466,1.546,1.576,1.586
2025-07-24 13:35:20.634,1.576,1.576,1.682,1.459,1.39,1.523,1.462,1.547,1.576,1.586
2025-07-24 13:35:20.684,1.575,1.576,1.682,1.46,1.458,1.522,1.464,1.546,1.577,1.586
2025-07-24 13:35:20.734,1.575,1.574,1.682,1.46,1.509,1.524,1.464,1.546,1.576,1.587
2025-07-24 13:35:20.784,1.574,1.574,1.683,1.46,1.54,1.526,1.463,1.547,1.577,1.586
2025-07-24 13:35:20.834,1.576,1.574,1.682,1.459,1.549,1.528,1.463,1.547,1.576,1.586
2025-07-24 13:35:20.884,1.575,1.574,1.681,1.459,1.556,1.529,1.464,1.546,1.577,1.586
2025-07-24 13:35:20.934,1.575,1.575,1.682,1.46,1.562,1.531,1.463,1.546,1.577,1.586
2025-07-24 13:35:20.984,1.576,1.575,1.683,1.46,1.557,1.532,1.464,1.546,1.577,1.586
2025-07-24 13:35:21.034,1.575,1.575,1.681,1.46,1.553,1.534,1.463,1.546,1.577,1.586
2025-07-24 13:35:21.084,1.574,1.575,1.681,1.459,1.554,1.536,1.464,1.546,1.577,1.586
2025-07-24 13:35:21.134,1.575,1.574,1.682,1.459,1.557,1.537,1.464,1.546,1.577,1.587
2025-07-24 13:35:21.184,1.575,1.575,1.682,1.459,1.557,1.539,1.464,1.546,1.577,1.586
2025-07-24 13:35:21.235,1.575,1.574,1.681,1.459,1.555,1.54,1.464,1.546,1.577,1.587
2025-07-24 13:35:21.284,1.576,1.574,1.682,1.46,1.543,1.542,1.465,1.545,1.578,1.586
2025-07-24 13:35:21.335,1.576,1.574,1.681,1.459,1.535,1.543,1.464,1.546,1.577,1.587
2025-07-24 13:35:21.384,1.576,1.574,1.682,1.459,1.511,1.543,1.466,1.546,1.577,1.587
2025-07-24 13:35:21.434,1.577,1.575,1.682,1.459,1.461,1.544,1.466,1.546,1.578,1.587
2025-07-24 13:35:21.484,1.576,1.575,1.681,1.46,1.402,1.544,1.465,1.546,1.577,1.587
2025-07-24 13:35:21.534,1.575,1.574,1.681,1.46,1.329,1.543,1.466,1.547,1.577,1.589
2025-07-24 13:35:21.584,1.576,1.576,1.682,1.459,1.254,1.541,1.466,1.546,1.577,1.588
2025-07-24 13:35:21.635,1.577,1.575,1.681,1.459,1.188,1.538,1.466,1.547,1.578,1.587
2025-07-24 13:35:21.685,1.577,1.575,1.682,1.46,1.174,1.535,1.468,1.548,1.578,1.587
2025-07-24 13:35:21.734,1.577,1.576,1.683,1.46,1.175,1.532,1.466,1.547,1.577,1.588
2025-07-24 13:35:21.784,1.577,1.575,1.682,1.459,1.179,1.529,1.467,1.546,1.577,1.588
2025-07-24 13:35:21.835,1.577,1.576,1.683,1.459,1.21,1.528,1.466,1.548,1.577,1.589
2025-07-24 13:35:21.884,1.577,1.577,1.682,1.459,1.268,1.525,1.466,1.546,1.577,1.588
2025-07-24 13:35:21.934,1.577,1.576,1.682,1.459,1.329,1.524,1.466,1.548,1.577,1.588
2025-07-24 13:35:21.984,1.578,1.576,1.685,1.46,1.41,1.524,1.466,1.548,1.577,1.588
2025-07-24 13:35:22.035,1.577,1.577,1.683,1.46,1.486,1.525,1.466,1.547,1.577,1.588
2025-07-24 13:35:22.084,1.577,1.576,1.683,1.459,1.525,1.527,1.465,1.548,1.577,1.588
2025-07-24 13:35:22.134,1.578,1.576,1.683,1.46,1.544,1.528,1.465,1.548,1.577,1.589
2025-07-24 13:35:22.185,1.578,1.576,1.684,1.46,1.549,1.53,1.466,1.548,1.576,1.589
2025-07-24 13:35:22.234,1.578,1.576,1.683,1.459,1.554,1.532,1.466,1.548,1.576,1.589
2025-07-24 13:35:22.284,1.578,1.577,1.683,1.459,1.556,1.533,1.466,1.548,1.576,1.589
2025-07-24 13:35:22.335,1.578,1.577,1.684,1.46,1.561,1.535,1.466,1.548,1.576,1.589
2025-07-24 13:35:22.385,1.579,1.577,1.683,1.46,1.55,1.536,1.466,1.548,1.576,1.588
2025-07-24 13:35:22.435,1.579,1.577,1.684,1.46,1.561,1.538,1.466,1.548,1.576,1.589
2025-07-24 13:35:22.484,1.58,1.576,1.684,1.46,1.555,1.54,1.465,1.548,1.576,1.588
2025-07-24 13:35:22.534,1.579,1.577,1.683,1.46,1.555,1.542,1.466,1.548,1.577,1.589
2025-07-24 13:35:22.585,1.58,1.577,1.684,1.459,1.54,1.542,1.467,1.548,1.576,1.588
2025-07-24 13:35:22.635,1.58,1.578,1.684,1.46,1.507,1.544,1.466,1.548,1.575,1.589
2025-07-24 13:35:22.685,1.58,1.577,1.684,1.46,1.469,1.544,1.466,1.549,1.576,1.589
2025-07-24 13:35:22.735,1.58,1.577,1.685,1.46,1.424,1.544,1.468,1.548,1.576,1.589
2025-07-24 13:35:22.785,1.581,1.577,1.684,1.459,1.37,1.543,1.468,1.548,1.576,1.589
2025-07-24 13:35:22.835,1.581,1.577,1.685,1.46,1.305,1.542,1.468,1.549,1.577,1.588
2025-07-24 13:35:22.885,1.58,1.577,1.684,1.46,1.239,1.54,1.467,1.548,1.577,1.589
2025-07-24 13:35:22.935,1.581,1.578,1.685,1.46,1.193,1.538,1.467,1.548,1.575,1.588
2025-07-24 13:35:22.986,1.58,1.577,1.684,1.46,1.174,1.535,1.467,1.548,1.576,1.589
2025-07-24 13:35:23.035,1.581,1.577,1.685,1.46,1.178,1.532,1.468,1.548,1.576,1.589
2025-07-24 13:35:23.086,1.581,1.577,1.684,1.46,1.186,1.528,1.469,1.548,1.576,1.59
2025-07-24 13:35:23.135,1.581,1.577,1.685,1.46,1.234,1.526,1.469,1.549,1.577,1.589
2025-07-24 13:35:23.185,1.581,1.577,1.685,1.46,1.302,1.524,1.468,1.549,1.576,1.589
2025-07-24 13:35:23.235,1.581,1.577,1.685,1.459,1.379,1.524,1.467,1.549,1.577,1.589
2025-07-24 13:35:23.285,1.581,1.577,1.684,1.46,1.457,1.526,1.467,1.549,1.576,1.589
2025-07-24 13:35:23.334,1.581,1.577,1.685,1.46,1.511,1.527,1.467,1.549,1.576,1.589
2025-07-24 13:35:23.385,1.581,1.579,1.685,1.46,1.544,1.528,1.466,1.548,1.576,1.589
2025-07-24 13:35:23.435,1.582,1.577,1.685,1.46,1.549,1.531,1.466,1.549,1.577,1.588
2025-07-24 13:35:23.485,1.58,1.579,1.685,1.459,1.555,1.532,1.467,1.548,1.577,1.59
2025-07-24 13:35:23.535,1.581,1.577,1.685,1.46,1.556,1.533,1.467,1.549,1.576,1.589
2025-07-24 13:35:23.585,1.581,1.577,1.685,1.46,1.557,1.535,1.467,1.55,1.577,1.589
2025-07-24 13:35:23.635,1.581,1.577,1.685,1.46,1.555,1.536,1.467,1.548,1.576,1.59
2025-07-24 13:35:23.684,1.581,1.578,1.685,1.46,1.558,1.538,1.466,1.549,1.577,1.589
2025-07-24 13:35:23.736,1.581,1.577,1.685,1.46,1.556,1.54,1.467,1.548,1.577,1.588
2025-07-24 13:35:23.786,1.581,1.577,1.685,1.46,1.553,1.541,1.466,1.548,1.577,1.588
2025-07-24 13:35:23.836,1.581,1.578,1.684,1.46,1.554,1.543,1.467,1.549,1.576,1.589
2025-07-24 13:35:23.886,1.581,1.578,1.684,1.461,1.545,1.544,1.467,1.549,1.576,1.589
2025-07-24 13:35:23.935,1.581,1.578,1.685,1.46,1.52,1.544,1.469,1.548,1.576,1.589
2025-07-24 13:35:23.985,1.582,1.578,1.685,1.46,1.49,1.546,1.468,1.549,1.577,1.588
2025-07-24 13:35:24.035,1.581,1.577,1.685,1.46,1.445,1.546,1.468,1.549,1.576,1.589
2025-07-24 13:35:24.086,1.582,1.577,1.684,1.461,1.393,1.545,1.468,1.548,1.576,1.589
2025-07-24 13:35:24.135,1.582,1.577,1.685,1.461,1.324,1.544,1.468,1.55,1.576,1.589
2025-07-24 13:35:24.185,1.582,1.579,1.685,1.46,1.262,1.542,1.467,1.549,1.577,1.588
2025-07-24 13:35:24.236,1.58,1.579,1.684,1.46,1.2,1.539,1.469,1.548,1.577,1.589
2025-07-24 13:35:24.285,1.581,1.579,1.685,1.46,1.174,1.536,1.468,1.549,1.576,1.59
2025-07-24 13:35:24.336,1.582,1.579,1.685,1.46,1.171,1.533,1.467,1.549,1.576,1.589
2025-07-24 13:35:24.386,1.581,1.579,1.685,1.459,1.176,1.53,1.468,1.548,1.576,1.589
2025-07-24 13:35:24.435,1.581,1.578,1.685,1.461,1.203,1.528,1.467,1.548,1.577,1.589
2025-07-24 13:35:24.486,1.582,1.578,1.685,1.46,1.264,1.525,1.468,1.549,1.576,1.589
2025-07-24 13:35:24.536,1.582,1.578,1.685,1.46,1.325,1.524,1.467,1.549,1.576,1.589
2025-07-24 13:35:24.585,1.582,1.579,1.685,1.461,1.399,1.524,1.468,1.549,1.577,1.589
2025-07-24 13:35:24.636,1.582,1.578,1.685,1.46,1.466,1.525,1.466,1.549,1.577,1.59
2025-07-24 13:35:24.685,1.582,1.578,1.685,1.461,1.521,1.528,1.467,1.549,1.577,1.589
2025-07-24 13:35:24.735,1.582,1.579,1.685,1.46,1.537,1.528,1.468,1.549,1.577,1.59
2025-07-24 13:35:24.786,1.581,1.578,1.684,1.46,1.551,1.53,1.468,1.549,1.577,1.59
2025-07-24 13:35:24.836,1.582,1.578,1.685,1.461,1.553,1.532,1.466,1.549,1.577,1.589
2025-07-24 13:35:24.886,1.582,1.577,1.685,1.46,1.556,1.533,1.466,1.549,1.576,1.589
2025-07-24 13:35:24.935,1.582,1.577,1.685,1.461,1.555,1.536,1.466,1.549,1.576,1.588
2025-07-24 13:35:24.987,1.582,1.578,1.685,1.46,1.556,1.536,1.466,1.548,1.576,1.589
2025-07-24 13:35:25.036,1.582,1.577,1.685,1.46,1.558,1.538,1.467,1.548,1.576,1.588
2025-07-24 13:35:25.086,1.581,1.579,1.685,1.46,1.555,1.54,1.466,1.548,1.577,1.589
2025-07-24 13:35:25.135,1.582,1.579,1.684,1.461,1.555,1.54,1.466,1.548,1.577,1.588
2025-07-24 13:35:25.186,1.581,1.578,1.685,1.46,1.545,1.542,1.466,1.549,1.576,1.588
2025-07-24 13:35:25.236,1.581,1.577,1.685,1.46,1.52,1.544,1.467,1.548,1.575,1.588
2025-07-24 13:35:25.286,1.581,1.578,1.684,1.46,1.489,1.544,1.467,1.548,1.576,1.589
2025-07-24 13:35:25.336,1.581,1.577,1.684,1.46,1.443,1.544,1.467,1.548,1.576,1.589
2025-07-24 13:35:25.386,1.582,1.577,1.685,1.46,1.39,1.544,1.467,1.548,1.576,1.588
2025-07-24 13:35:25.436,1.581,1.578,1.685,1.46,1.32,1.543,1.469,1.548,1.576,1.588
2025-07-24 13:35:25.486,1.581,1.577,1.684,1.46,1.257,1.54,1.466,1.548,1.575,1.588
2025-07-24 13:35:25.536,1.58,1.578,1.685,1.46,1.2,1.538,1.467,1.548,1.575,1.589
2025-07-24 13:35:25.586,1.581,1.577,1.685,1.459,1.176,1.535,1.467,1.548,1.575,1.588
2025-07-24 13:35:25.636,1.581,1.577,1.684,1.46,1.171,1.532,1.467,1.548,1.575,1.587
2025-07-24 13:35:25.685,1.581,1.578,1.685,1.46,1.175,1.528,1.466,1.549,1.576,1.587
2025-07-24 13:35:25.736,1.582,1.577,1.684,1.46,1.204,1.527,1.466,1.549,1.575,1.589
2025-07-24 13:35:25.786,1.581,1.577,1.685,1.46,1.255,1.524,1.467,1.549,1.576,1.588
2025-07-24 13:35:25.836,1.581,1.577,1.685,1.46,1.322,1.524,1.467,1.548,1.575,1.589
2025-07-24 13:35:25.886,1.581,1.577,1.685,1.46,1.399,1.523,1.466,1.548,1.575,1.588
2025-07-24 13:35:25.936,1.582,1.577,1.684,1.46,1.469,1.524,1.467,1.548,1.575,1.587
2025-07-24 13:35:25.986,1.58,1.577,1.684,1.461,1.519,1.524,1.466,1.548,1.575,1.588
2025-07-24 13:35:26.036,1.58,1.578,1.684,1.46,1.542,1.526,1.466,1.548,1.575,1.588
2025-07-24 13:35:26.086,1.581,1.577,1.685,1.46,1.557,1.528,1.466,1.548,1.574,1.587
2025-07-24 13:35:26.136,1.581,1.577,1.685,1.46,1.557,1.53,1.465,1.548,1.575,1.588
2025-07-24 13:35:26.186,1.58,1.577,1.684,1.46,1.559,1.532,1.465,1.548,1.575,1.587
2025-07-24 13:35:26.237,1.58,1.578,1.684,1.461,1.56,1.534,1.465,1.548,1.574,1.587
2025-07-24 13:35:26.287,1.579,1.577,1.684,1.461,1.561,1.536,1.466,1.548,1.575,1.587
2025-07-24 13:35:26.336,1.579,1.577,1.684,1.459,1.559,1.537,1.466,1.548,1.575,1.588
2025-07-24 13:35:26.386,1.58,1.577,1.684,1.461,1.561,1.538,1.466,1.547,1.574,1.586
2025-07-24 13:35:26.437,1.579,1.578,1.683,1.461,1.559,1.54,1.466,1.548,1.574,1.587
2025-07-24 13:35:26.487,1.58,1.577,1.684,1.46,1.558,1.541,1.466,1.548,1.574,1.586
2025-07-24 13:35:26.536,1.579,1.578,1.684,1.46,1.555,1.543,1.466,1.548,1.574,1.586
2025-07-24 13:35:26.587,1.578,1.577,1.683,1.46,1.55,1.543,1.466,1.548,1.573,1.585
2025-07-24 13:35:26.636,1.578,1.577,1.683,1.46,1.519,1.545,1.466,1.548,1.574,1.586
2025-07-24 13:35:26.687,1.578,1.576,1.684,1.46,1.48,1.544,1.466,1.547,1.573,1.586
2025-07-24 13:35:26.736,1.578,1.577,1.684,1.46,1.435,1.545,1.466,1.548,1.573,1.586
2025-07-24 13:35:26.787,1.579,1.577,1.685,1.461,1.383,1.544,1.467,1.548,1.573,1.586
2025-07-24 13:35:26.836,1.577,1.577,1.683,1.461,1.325,1.543,1.467,1.548,1.573,1.586
2025-07-24 13:35:26.886,1.577,1.577,1.683,1.461,1.267,1.541,1.465,1.547,1.573,1.586
2025-07-24 13:35:26.936,1.577,1.577,1.684,1.46,1.217,1.538,1.466,1.548,1.573,1.586
2025-07-24 13:35:26.987,1.578,1.578,1.684,1.461,1.188,1.536,1.467,1.548,1.573,1.585
2025-07-24 13:35:27.036,1.578,1.577,1.685,1.46,1.183,1.533,1.466,1.547,1.573,1.584
2025-07-24 13:35:27.087,1.577,1.577,1.684,1.46,1.187,1.53,1.466,1.548,1.572,1.584
2025-07-24 13:35:27.137,1.578,1.577,1.685,1.46,1.223,1.528,1.466,1.548,1.572,1.584
2025-07-24 13:35:27.187,1.577,1.577,1.684,1.46,1.273,1.526,1.466,1.548,1.573,1.584
2025-07-24 13:35:27.237,1.578,1.577,1.683,1.46,1.341,1.524,1.464,1.548,1.572,1.584
2025-07-24 13:35:27.287,1.577,1.577,1.684,1.46,1.415,1.525,1.466,1.547,1.573,1.584
2025-07-24 13:35:27.336,1.577,1.577,1.684,1.46,1.481,1.524,1.466,1.548,1.573,1.584
2025-07-24 13:35:27.387,1.577,1.577,1.684,1.46,1.522,1.526,1.466,1.548,1.572,1.585
2025-07-24 13:35:27.437,1.577,1.576,1.684,1.459,1.543,1.528,1.466,1.548,1.573,1.585
2025-07-24 13:35:27.486,1.577,1.577,1.684,1.46,1.552,1.53,1.466,1.548,1.571,1.585
2025-07-24 13:35:27.537,1.578,1.577,1.685,1.46,1.555,1.531,1.466,1.548,1.573,1.585
2025-07-24 13:35:27.588,1.577,1.577,1.684,1.46,1.556,1.534,1.465,1.547,1.572,1.584
2025-07-24 13:35:27.637,1.578,1.577,1.684,1.46,1.56,1.535,1.465,1.548,1.572,1.584
2025-07-24 13:35:27.687,1.578,1.577,1.684,1.461,1.557,1.537,1.466,1.547,1.572,1.586
2025-07-24 13:35:27.737,1.577,1.577,1.684,1.46,1.563,1.537,1.465,1.547,1.572,1.586
2025-07-24 13:35:27.787,1.578,1.577,1.684,1.46,1.557,1.54,1.466,1.548,1.572,1.584
2025-07-24 13:35:27.837,1.578,1.577,1.684,1.46,1.561,1.541,1.466,1.547,1.572,1.585
2025-07-24 13:35:27.887,1.577,1.577,1.684,1.46,1.555,1.543,1.465,1.547,1.572,1.586
2025-07-24 13:35:27.937,1.578,1.577,1.684,1.46,1.544,1.544,1.466,1.548,1.572,1.586
2025-07-24 13:35:27.987,1.577,1.577,1.684,1.46,1.515,1.544,1.466,1.548,1.572,1.586
2025-07-24 13:35:28.037,1.577,1.577,1.684,1.459,1.478,1.546,1.466,1.547,1.572,1.586
2025-07-24 13:35:28.087,1.578,1.577,1.684,1.46,1.436,1.546,1.466,1.547,1.572,1.586
2025-07-24 13:35:28.137,1.578,1.576,1.684,1.46,1.391,1.544,1.466,1.548,1.572,1.586
2025-07-24 13:35:28.187,1.577,1.576,1.684,1.46,1.331,1.544,1.466,1.548,1.572,1.586
2025-07-24 13:35:28.237,1.577,1.577,1.685,1.459,1.267,1.542,1.467,1.548,1.572,1.586
2025-07-24 13:35:28.287,1.577,1.577,1.684,1.46,1.208,1.54,1.466,1.548,1.571,1.586
2025-07-24 13:35:28.338,1.577,1.576,1.683,1.461,1.178,1.536,1.468,1.548,1.572,1.586
2025-07-24 13:35:28.388,1.577,1.577,1.684,1.46,1.169,1.534,1.468,1.548,1.572,1.587
2025-07-24 13:35:28.438,1.577,1.577,1.685,1.46,1.174,1.529,1.466,1.548,1.572,1.586
2025-07-24 13:35:28.488,1.577,1.577,1.684,1.46,1.204,1.528,1.466,1.548,1.572,1.586
2025-07-24 13:35:28.538,1.577,1.577,1.684,1.46,1.254,1.524,1.466,1.548,1.572,1.586
2025-07-24 13:35:28.588,1.577,1.577,1.685,1.46,1.324,1.524,1.466,1.548,1.572,1.586
2025-07-24 13:35:28.638,1.577,1.577,1.684,1.46,1.403,1.524,1.467,1.548,1.572,1.587
2025-07-24 13:35:28.687,1.577,1.577,1.683,1.46,1.479,1.525,1.465,1.548,1.572,1.587
2025-07-24 13:35:28.737,1.577,1.577,1.684,1.459,1.516,1.527,1.466,1.548,1.573,1.586
2025-07-24 13:35:28.787,1.577,1.577,1.684,1.46,1.548,1.528,1.466,1.548,1.572,1.587
2025-07-24 13:35:28.838,1.577,1.577,1.684,1.46,1.557,1.53,1.466,1.548,1.572,1.587
2025-07-24 13:35:28.888,1.577,1.577,1.685,1.46,1.558,1.531,1.466,1.547,1.572,1.587
2025-07-24 13:35:28.937,1.577,1.577,1.684,1.46,1.557,1.533,1.466,1.548,1.572,1.587
2025-07-24 13:35:28.987,1.577,1.576,1.685,1.459,1.557,1.535,1.466,1.548,1.571,1.586
2025-07-24 13:35:29.037,1.577,1.576,1.685,1.46,1.557,1.536,1.466,1.548,1.573,1.587
2025-07-24 13:35:29.088,1.576,1.577,1.685,1.46,1.558,1.537,1.466,1.548,1.572,1.587
2025-07-24 13:35:29.137,1.577,1.576,1.684,1.46,1.56,1.54,1.466,1.548,1.572,1.586
2025-07-24 13:35:29.188,1.577,1.576,1.684,1.46,1.557,1.541,1.466,1.547,1.572,1.587
2025-07-24 13:35:29.238,1.577,1.576,1.684,1.46,1.539,1.542,1.466,1.548,1.571,1.587
2025-07-24 13:35:29.287,1.577,1.577,1.684,1.46,1.516,1.543,1.466,1.548,1.572,1.587
2025-07-24 13:35:29.337,1.577,1.576,1.684,1.461,1.481,1.544,1.466,1.548,1.572,1.587
2025-07-24 13:35:29.388,1.577,1.576,1.683,1.46,1.442,1.545,1.467,1.548,1.572,1.587
2025-07-24 13:35:29.438,1.577,1.577,1.684,1.46,1.381,1.542,1.466,1.547,1.572,1.587
2025-07-24 13:35:29.488,1.577,1.577,1.685,1.46,1.322,1.541,1.466,1.548,1.571,1.587
2025-07-24 13:35:29.538,1.577,1.576,1.684,1.46,1.262,1.54,1.466,1.548,1.572,1.586
2025-07-24 13:35:29.588,1.577,1.577,1.684,1.46,1.211,1.537,1.466,1.548,1.57,1.586
2025-07-24 13:35:29.638,1.577,1.577,1.683,1.46,1.18,1.535,1.466,1.548,1.571,1.587
2025-07-24 13:35:29.688,1.577,1.577,1.684,1.46,1.179,1.532,1.466,1.548,1.572,1.588
2025-07-24 13:35:29.738,1.577,1.576,1.683,1.46,1.175,1.528,1.467,1.546,1.572,1.588
2025-07-24 13:35:29.788,1.578,1.577,1.683,1.46,1.209,1.526,1.466,1.547,1.572,1.588
2025-07-24 13:35:29.837,1.577,1.577,1.685,1.46,1.253,1.524,1.466,1.547,1.571,1.587
2025-07-24 13:35:29.887,1.577,1.576,1.684,1.46,1.316,1.523,1.466,1.547,1.571,1.587
2025-07-24 13:35:29.938,1.577,1.575,1.684,1.46,1.387,1.523,1.466,1.548,1.571,1.587
2025-07-24 13:35:29.988,1.577,1.576,1.683,1.46,1.45,1.523,1.466,1.547,1.571,1.587
2025-07-24 13:35:30.038,1.577,1.575,1.683,1.46,1.502,1.524,1.463,1.547,1.571,1.587
2025-07-24 13:35:30.089,1.577,1.576,1.685,1.46,1.534,1.525,1.465,1.548,1.571,1.587
2025-07-24 13:35:30.138,1.577,1.576,1.684,1.46,1.552,1.528,1.464,1.547,1.571,1.587
2025-07-24 13:35:30.188,1.577,1.576,1.684,1.46,1.554,1.529,1.464,1.547,1.571,1.588
2025-07-24 13:35:30.238,1.577,1.576,1.684,1.46,1.551,1.53,1.464,1.546,1.57,1.587
2025-07-24 13:35:30.288,1.577,1.575,1.683,1.46,1.557,1.532,1.464,1.547,1.572,1.588
2025-07-24 13:35:30.339,1.577,1.577,1.685,1.46,1.555,1.534,1.464,1.547,1.571,1.588
2025-07-24 13:35:30.388,1.577,1.576,1.683,1.46,1.557,1.536,1.464,1.547,1.572,1.587
2025-07-24 13:35:30.439,1.577,1.576,1.685,1.46,1.558,1.538,1.464,1.546,1.571,1.588
2025-07-24 13:35:30.488,1.577,1.576,1.683,1.459,1.556,1.54,1.464,1.547,1.571,1.587
2025-07-24 13:35:30.538,1.577,1.577,1.683,1.46,1.557,1.541,1.465,1.547,1.572,1.588
2025-07-24 13:35:30.588,1.577,1.576,1.683,1.46,1.553,1.542,1.466,1.547,1.572,1.588
2025-07-24 13:35:30.638,1.578,1.577,1.684,1.46,1.546,1.543,1.466,1.546,1.572,1.589
2025-07-24 13:35:30.689,1.577,1.577,1.684,1.46,1.507,1.544,1.466,1.547,1.573,1.588
2025-07-24 13:35:30.739,1.578,1.576,1.685,1.46,1.468,1.544,1.466,1.547,1.571,1.588
2025-07-24 13:35:30.788,1.579,1.577,1.685,1.46,1.423,1.544,1.466,1.548,1.572,1.587
2025-07-24 13:35:30.838,1.579,1.576,1.684,1.46,1.368,1.544,1.465,1.548,1.572,1.589
2025-07-24 13:35:30.888,1.579,1.577,1.684,1.46,1.304,1.542,1.466,1.547,1.572,1.59
2025-07-24 13:35:30.938,1.578,1.577,1.684,1.46,1.236,1.541,1.466,1.548,1.573,1.589
2025-07-24 13:35:30.988,1.579,1.577,1.685,1.46,1.188,1.539,1.469,1.548,1.572,1.588
2025-07-24 13:35:31.038,1.581,1.577,1.684,1.46,1.168,1.535,1.466,1.548,1.572,1.589
2025-07-24 13:35:31.089,1.58,1.577,1.685,1.46,1.167,1.532,1.467,1.548,1.572,1.588
2025-07-24 13:35:31.139,1.579,1.578,1.685,1.46,1.18,1.528,1.466,1.548,1.572,1.589
2025-07-24 13:35:31.188,1.58,1.577,1.685,1.46,1.23,1.527,1.466,1.548,1.572,1.589
2025-07-24 13:35:31.239,1.58,1.577,1.685,1.461,1.29,1.524,1.466,1.548,1.573,1.588
2025-07-24 13:35:31.288,1.58,1.577,1.684,1.46,1.369,1.525,1.466,1.548,1.573,1.589
2025-07-24 13:35:31.339,1.579,1.577,1.685,1.46,1.44,1.524,1.466,1.548,1.573,1.587
2025-07-24 13:35:31.389,1.58,1.577,1.685,1.46,1.499,1.526,1.467,1.548,1.573,1.587
2025-07-24 13:35:31.439,1.581,1.577,1.684,1.46,1.531,1.528,1.465,1.548,1.573,1.588
2025-07-24 13:35:31.489,1.58,1.577,1.684,1.459,1.544,1.53,1.466,1.548,1.573,1.586
2025-07-24 13:35:31.538,1.579,1.577,1.685,1.46,1.558,1.53,1.466,1.548,1.573,1.587
2025-07-24 13:35:31.589,1.581,1.577,1.685,1.46,1.554,1.532,1.467,1.548,1.573,1.587
2025-07-24 13:35:31.638,1.579,1.577,1.685,1.46,1.555,1.535,1.467,1.548,1.573,1.587
2025-07-24 13:35:31.689,1.58,1.577,1.685,1.46,1.554,1.536,1.466,1.548,1.573,1.586
2025-07-24 13:35:31.738,1.58,1.577,1.685,1.46,1.555,1.538,1.466,1.548,1.573,1.586
2025-07-24 13:35:31.789,1.579,1.577,1.685,1.46,1.557,1.539,1.467,1.548,1.573,1.586
2025-07-24 13:35:31.839,1.579,1.578,1.685,1.46,1.558,1.542,1.467,1.548,1.574,1.586
2025-07-24 13:35:31.889,1.579,1.579,1.685,1.46,1.554,1.543,1.466,1.548,1.574,1.586
2025-07-24 13:35:31.939,1.58,1.578,1.685,1.46,1.553,1.544,1.466,1.549,1.574,1.586
2025-07-24 13:35:31.989,1.579,1.58,1.685,1.46,1.544,1.545,1.466,1.548,1.574,1.586
2025-07-24 13:35:32.039,1.58,1.578,1.686,1.46,1.523,1.546,1.466,1.549,1.574,1.586
2025-07-24 13:35:32.089,1.578,1.578,1.685,1.46,1.478,1.546,1.467,1.548,1.574,1.586
2025-07-24 13:35:32.139,1.578,1.577,1.685,1.461,1.436,1.547,1.467,1.549,1.573,1.586
2025-07-24 13:35:32.189,1.578,1.578,1.685,1.46,1.381,1.545,1.467,1.549,1.574,1.586
2025-07-24 13:35:32.238,1.579,1.577,1.685,1.46,1.313,1.544,1.47,1.548,1.575,1.586
2025-07-24 13:35:32.289,1.578,1.578,1.685,1.46,1.246,1.542,1.468,1.548,1.574,1.586
2025-07-24 13:35:32.339,1.579,1.578,1.685,1.46,1.192,1.539,1.468,1.549,1.575,1.586
2025-07-24 13:35:32.390,1.578,1.578,1.686,1.461,1.173,1.536,1.469,1.549,1.575,1.586
2025-07-24 13:35:32.439,1.578,1.578,1.685,1.46,1.176,1.533,1.468,1.549,1.575,1.587
2025-07-24 13:35:32.489,1.578,1.578,1.685,1.461,1.192,1.531,1.467,1.549,1.575,1.587
2025-07-24 13:35:32.539,1.579,1.578,1.685,1.46,1.236,1.529,1.468,1.549,1.575,1.586
2025-07-24 13:35:32.589,1.578,1.578,1.685,1.461,1.296,1.528,1.469,1.548,1.574,1.586
2025-07-24 13:35:32.639,1.578,1.578,1.685,1.46,1.365,1.525,1.468,1.549,1.575,1.586
2025-07-24 13:35:32.688,1.578,1.577,1.686,1.46,1.434,1.526,1.466,1.549,1.576,1.587
2025-07-24 13:35:32.739,1.578,1.58,1.685,1.46,1.497,1.527,1.466,1.55,1.576,1.586
2025-07-24 13:35:32.790,1.578,1.578,1.685,1.461,1.528,1.528,1.467,1.549,1.576,1.587
2025-07-24 13:35:32.838,1.578,1.578,1.685,1.461,1.543,1.53,1.467,1.549,1.576,1.587
2025-07-24 13:35:32.889,1.578,1.577,1.685,1.461,1.558,1.532,1.467,1.549,1.576,1.586
2025-07-24 13:35:32.939,1.578,1.578,1.686,1.461,1.555,1.533,1.467,1.55,1.575,1.588
2025-07-24 13:35:32.989,1.578,1.577,1.685,1.461,1.557,1.535,1.467,1.549,1.576,1.587
2025-07-24 13:35:33.039,1.578,1.578,1.685,1.46,1.556,1.537,1.466,1.549,1.576,1.587
2025-07-24 13:35:33.089,1.579,1.578,1.685,1.461,1.566,1.537,1.466,1.549,1.576,1.588
2025-07-24 13:35:33.139,1.578,1.577,1.685,1.461,1.565,1.541,1.466,1.549,1.575,1.588
2025-07-24 13:35:33.189,1.579,1.578,1.685,1.461,1.558,1.541,1.467,1.548,1.575,1.587
2025-07-24 13:35:33.239,1.579,1.577,1.685,1.461,1.565,1.543,1.467,1.549,1.576,1.587
2025-07-24 13:35:33.289,1.578,1.578,1.685,1.461,1.557,1.544,1.468,1.549,1.576,1.587
2025-07-24 13:35:33.339,1.578,1.579,1.686,1.461,1.561,1.546,1.467,1.549,1.577,1.587
2025-07-24 13:35:33.389,1.579,1.578,1.685,1.461,1.544,1.547,1.468,1.549,1.576,1.588
2025-07-24 13:35:33.439,1.58,1.577,1.685,1.461,1.511,1.548,1.468,1.549,1.576,1.588
2025-07-24 13:35:33.490,1.578,1.578,1.685,1.461,1.478,1.548,1.466,1.549,1.576,1.588
2025-07-24 13:35:33.540,1.579,1.578,1.685,1.46,1.43,1.548,1.468,1.548,1.577,1.587
2025-07-24 13:35:33.590,1.579,1.578,1.685,1.461,1.378,1.546,1.466,1.548,1.576,1.587
2025-07-24 13:35:33.640,1.579,1.577,1.685,1.461,1.322,1.545,1.467,1.549,1.577,1.587
2025-07-24 13:35:33.689,1.579,1.578,1.685,1.461,1.262,1.544,1.467,1.549,1.575,1.588
2025-07-24 13:35:33.740,1.579,1.578,1.685,1.461,1.204,1.54,1.467,1.548,1.577,1.587
2025-07-24 13:35:33.790,1.578,1.578,1.686,1.461,1.178,1.537,1.467,1.549,1.576,1.587
2025-07-24 13:35:33.840,1.579,1.577,1.685,1.46,1.174,1.536,1.468,1.55,1.576,1.587
2025-07-24 13:35:33.889,1.579,1.579,1.685,1.461,1.184,1.531,1.467,1.549,1.575,1.587
2025-07-24 13:35:33.940,1.578,1.578,1.685,1.461,1.222,1.529,1.467,1.548,1.575,1.588
2025-07-24 13:35:33.989,1.579,1.577,1.685,1.461,1.271,1.528,1.467,1.548,1.576,1.587
2025-07-24 13:35:34.040,1.579,1.577,1.684,1.461,1.335,1.528,1.466,1.548,1.576,1.588
2025-07-24 13:35:34.090,1.579,1.577,1.685,1.461,1.404,1.526,1.465,1.549,1.576,1.588
2025-07-24 13:35:34.138,1.579,1.577,1.685,1.46,1.476,1.528,1.466,1.548,1.576,1.587
2025-07-24 13:35:34.190,1.578,1.577,1.685,1.461,1.521,1.528,1.466,1.549,1.575,1.588
2025-07-24 13:35:34.239,1.579,1.577,1.685,1.46,1.541,1.53,1.466,1.549,1.576,1.589
2025-07-24 13:35:34.290,1.58,1.577,1.685,1.461,1.553,1.532,1.467,1.548,1.576,1.589
2025-07-24 13:35:34.340,1.579,1.577,1.685,1.46,1.559,1.533,1.465,1.548,1.575,1.589
2025-07-24 13:35:34.390,1.58,1.577,1.685,1.461,1.559,1.536,1.466,1.548,1.576,1.587
2025-07-24 13:35:34.440,1.579,1.579,1.684,1.461,1.56,1.537,1.466,1.549,1.577,1.588
2025-07-24 13:35:34.489,1.579,1.579,1.685,1.461,1.559,1.538,1.465,1.549,1.576,1.588
2025-07-24 13:35:34.540,1.579,1.578,1.685,1.461,1.559,1.539,1.468,1.548,1.575,1.588
2025-07-24 13:35:34.589,1.579,1.577,1.685,1.461,1.56,1.541,1.466,1.549,1.577,1.588
2025-07-24 13:35:34.640,1.579,1.577,1.684,1.461,1.559,1.542,1.467,1.548,1.575,1.587
2025-07-24 13:35:34.690,1.58,1.577,1.685,1.461,1.557,1.544,1.466,1.548,1.576,1.588
2025-07-24 13:35:34.739,1.579,1.578,1.685,1.461,1.556,1.546,1.466,1.548,1.576,1.587
2025-07-24 13:35:34.789,1.58,1.578,1.685,1.461,1.54,1.545,1.466,1.548,1.575,1.588
2025-07-24 13:35:34.840,1.58,1.577,1.685,1.461,1.518,1.547,1.467,1.548,1.576,1.588
2025-07-24 13:35:34.891,1.579,1.577,1.685,1.461,1.475,1.548,1.466,1.548,1.575,1.587
2025-07-24 13:35:34.940,1.58,1.578,1.685,1.461,1.432,1.548,1.466,1.548,1.575,1.587
2025-07-24 13:35:34.989,1.578,1.577,1.684,1.461,1.383,1.547,1.467,1.548,1.576,1.587
2025-07-24 13:35:35.040,1.579,1.577,1.684,1.461,1.329,1.545,1.466,1.548,1.575,1.586
2025-07-24 13:35:35.090,1.579,1.577,1.685,1.461,1.254,1.543,1.466,1.548,1.575,1.587
2025-07-24 13:35:35.140,1.578,1.577,1.685,1.46,1.202,1.54,1.466,1.548,1.575,1.588
2025-07-24 13:35:35.190,1.579,1.577,1.685,1.46,1.179,1.538,1.466,1.548,1.574,1.587
2025-07-24 13:35:35.240,1.578,1.577,1.685,1.46,1.181,1.534,1.466,1.548,1.574,1.587
2025-07-24 13:35:35.290,1.579,1.577,1.685,1.461,1.186,1.532,1.466,1.548,1.575,1.587
2025-07-24 13:35:35.339,1.579,1.577,1.685,1.461,1.226,1.529,1.466,1.548,1.575,1.587
2025-07-24 13:35:35.390,1.578,1.578,1.685,1.461,1.278,1.527,1.466,1.548,1.573,1.587
2025-07-24 13:35:35.441,1.578,1.577,1.685,1.461,1.341,1.526,1.466,1.548,1.575,1.586
2025-07-24 13:35:35.490,1.578,1.577,1.684,1.461,1.408,1.525,1.466,1.548,1.574,1.586
2025-07-24 13:35:35.540,1.578,1.577,1.684,1.461,1.469,1.526,1.466,1.548,1.573,1.586
2025-07-24 13:35:35.591,1.578,1.577,1.684,1.461,1.516,1.528,1.466,1.548,1.573,1.586
2025-07-24 13:35:35.640,1.577,1.577,1.685,1.461,1.542,1.529,1.465,1.548,1.573,1.587
2025-07-24 13:35:35.691,1.577,1.577,1.684,1.46,1.548,1.53,1.466,1.548,1.575,1.586
2025-07-24 13:35:35.740,1.579,1.577,1.685,1.461,1.557,1.534,1.465,1.548,1.574,1.586
2025-07-24 13:35:35.790,1.578,1.577,1.684,1.461,1.556,1.534,1.464,1.548,1.573,1.586
2025-07-24 13:35:35.840,1.577,1.577,1.684,1.46,1.556,1.536,1.466,1.547,1.573,1.586
2025-07-24 13:35:35.890,1.577,1.577,1.685,1.461,1.559,1.537,1.466,1.548,1.573,1.586
2025-07-24 13:35:35.941,1.577,1.576,1.684,1.46,1.567,1.539,1.465,1.548,1.573,1.586
2025-07-24 13:35:35.990,1.577,1.577,1.683,1.461,1.561,1.54,1.464,1.547,1.573,1.585
2025-07-24 13:35:36.040,1.577,1.576,1.685,1.46,1.563,1.541,1.466,1.548,1.573,1.585
2025-07-24 13:35:36.091,1.577,1.576,1.685,1.461,1.561,1.543,1.466,1.547,1.573,1.585
2025-07-24 13:35:36.140,1.577,1.577,1.684,1.461,1.561,1.544,1.464,1.548,1.573,1.584
2025-07-24 13:35:36.190,1.577,1.577,1.684,1.461,1.545,1.545,1.466,1.548,1.573,1.585
2025-07-24 13:35:36.240,1.577,1.577,1.685,1.461,1.521,1.547,1.467,1.548,1.573,1.585
2025-07-24 13:35:36.290,1.577,1.577,1.684,1.46,1.485,1.546,1.466,1.548,1.573,1.584
2025-07-24 13:35:36.340,1.577,1.577,1.684,1.46,1.437,1.546,1.466,1.548,1.573,1.584
2025-07-24 13:35:36.390,1.577,1.577,1.685,1.461,1.383,1.546,1.467,1.548,1.573,1.584
2025-07-24 13:35:36.440,1.577,1.577,1.685,1.46,1.324,1.544,1.467,1.548,1.573,1.585
2025-07-24 13:35:36.491,1.578,1.577,1.685,1.46,1.254,1.543,1.468,1.548,1.573,1.584
2025-07-24 13:35:36.540,1.578,1.577,1.684,1.46,1.203,1.54,1.466,1.547,1.573,1.584
2025-07-24 13:35:36.591,1.577,1.576,1.684,1.461,1.181,1.536,1.466,1.548,1.572,1.585
2025-07-24 13:35:36.640,1.577,1.577,1.684,1.46,1.181,1.535,1.466,1.548,1.573,1.584
2025-07-24 13:35:36.691,1.577,1.577,1.685,1.46,1.196,1.532,1.466,1.547,1.573,1.584
2025-07-24 13:35:36.741,1.578,1.577,1.685,1.459,1.241,1.528,1.466,1.548,1.573,1.584
2025-07-24 13:35:36.791,1.577,1.576,1.684,1.46,1.301,1.528,1.466,1.548,1.573,1.584
2025-07-24 13:35:36.840,1.577,1.577,1.685,1.46,1.374,1.527,1.466,1.548,1.573,1.583
2025-07-24 13:35:36.891,1.577,1.577,1.684,1.46,1.447,1.527,1.466,1.548,1.573,1.583
2025-07-24 13:35:36.940,1.577,1.577,1.684,1.46,1.507,1.528,1.466,1.547,1.572,1.584
2025-07-24 13:35:36.990,1.578,1.577,1.685,1.46,1.532,1.529,1.466,1.548,1.572,1.583
2025-07-24 13:35:37.041,1.577,1.577,1.685,1.461,1.544,1.531,1.465,1.548,1.573,1.584
2025-07-24 13:35:37.090,1.577,1.577,1.685,1.461,1.551,1.533,1.466,1.548,1.573,1.583
2025-07-24 13:35:37.141,1.577,1.577,1.685,1.461,1.559,1.535,1.466,1.548,1.573,1.584
2025-07-24 13:35:37.190,1.578,1.577,1.685,1.46,1.557,1.536,1.466,1.548,1.573,1.583
2025-07-24 13:35:37.240,1.578,1.577,1.685,1.46,1.558,1.538,1.466,1.548,1.573,1.584
2025-07-24 13:35:37.291,1.577,1.577,1.685,1.46,1.56,1.539,1.466,1.548,1.573,1.584
2025-07-24 13:35:37.341,1.578,1.577,1.685,1.461,1.561,1.542,1.466,1.548,1.573,1.583
2025-07-24 13:35:37.390,1.578,1.577,1.685,1.46,1.558,1.542,1.466,1.548,1.573,1.583
2025-07-24 13:35:37.440,1.578,1.577,1.684,1.461,1.559,1.544,1.466,1.548,1.573,1.583
2025-07-24 13:35:37.490,1.578,1.578,1.685,1.46,1.561,1.544,1.466,1.548,1.573,1.582
2025-07-24 13:35:37.541,1.577,1.577,1.685,1.46,1.559,1.547,1.466,1.548,1.573,1.583
2025-07-24 13:35:37.591,1.578,1.577,1.685,1.461,1.557,1.547,1.468,1.548,1.573,1.584
2025-07-24 13:35:37.641,1.577,1.577,1.685,1.46,1.536,1.548,1.466,1.548,1.573,1.582
2025-07-24 13:35:37.691,1.577,1.577,1.684,1.461,1.513,1.549,1.466,1.547,1.573,1.583
2025-07-24 13:35:37.740,1.577,1.577,1.685,1.46,1.461,1.549,1.466,1.548,1.573,1.582
2025-07-24 13:35:37.791,1.577,1.577,1.684,1.46,1.411,1.548,1.466,1.548,1.573,1.582
2025-07-24 13:35:37.841,1.578,1.577,1.684,1.461,1.352,1.548,1.466,1.548,1.572,1.583
2025-07-24 13:35:37.891,1.577,1.577,1.684,1.461,1.29,1.545,1.466,1.548,1.573,1.583
2025-07-24 13:35:37.941,1.577,1.577,1.684,1.46,1.221,1.543,1.466,1.548,1.572,1.583
2025-07-24 13:35:37.991,1.577,1.577,1.685,1.461,1.176,1.54,1.466,1.548,1.573,1.584
2025-07-24 13:35:38.041,1.578,1.576,1.685,1.461,1.156,1.536,1.466,1.548,1.572,1.582
2025-07-24 13:35:38.091,1.577,1.577,1.685,1.461,1.152,1.534,1.467,1.548,1.573,1.582
2025-07-24 13:35:38.141,1.577,1.577,1.684,1.46,1.181,1.53,1.466,1.548,1.572,1.584
2025-07-24 13:35:38.191,1.577,1.577,1.685,1.461,1.225,1.528,1.466,1.548,1.572,1.583
2025-07-24 13:35:38.241,1.577,1.577,1.684,1.46,1.284,1.526,1.465,1.548,1.572,1.583
2025-07-24 13:35:38.292,1.578,1.577,1.684,1.46,1.357,1.525,1.466,1.548,1.572,1.583
2025-07-24 13:35:38.341,1.577,1.576,1.684,1.46,1.435,1.525,1.465,1.548,1.572,1.583
2025-07-24 13:35:38.390,1.577,1.577,1.684,1.46,1.492,1.526,1.466,1.547,1.572,1.583
2025-07-24 13:35:38.441,1.577,1.576,1.685,1.46,1.523,1.527,1.465,1.548,1.572,1.584
2025-07-24 13:35:38.491,1.577,1.577,1.684,1.46,1.542,1.529,1.465,1.548,1.571,1.583
2025-07-24 13:35:38.541,1.577,1.577,1.684,1.461,1.548,1.531,1.465,1.547,1.571,1.584
2025-07-24 13:35:38.590,1.577,1.576,1.684,1.46,1.561,1.533,1.465,1.547,1.572,1.585
2025-07-24 13:35:38.641,1.577,1.576,1.684,1.461,1.558,1.534,1.465,1.547,1.571,1.584
2025-07-24 13:35:38.692,1.577,1.576,1.684,1.461,1.557,1.536,1.465,1.547,1.572,1.585
2025-07-24 13:35:38.741,1.577,1.577,1.683,1.461,1.561,1.537,1.465,1.546,1.572,1.585
2025-07-24 13:35:38.791,1.577,1.577,1.684,1.46,1.561,1.538,1.464,1.546,1.572,1.585
2025-07-24 13:35:38.841,1.577,1.577,1.683,1.46,1.559,1.54,1.465,1.547,1.571,1.586
2025-07-24 13:35:38.892,1.577,1.577,1.684,1.461,1.559,1.542,1.465,1.546,1.571,1.585
2025-07-24 13:35:38.942,1.577,1.576,1.683,1.461,1.562,1.544,1.464,1.548,1.572,1.585
2025-07-24 13:35:38.991,1.577,1.576,1.685,1.46,1.56,1.544,1.466,1.547,1.572,1.585
2025-07-24 13:35:39.042,1.577,1.577,1.684,1.46,1.553,1.546,1.466,1.547,1.572,1.586
2025-07-24 13:35:39.092,1.577,1.576,1.684,1.461,1.54,1.546,1.468,1.546,1.572,1.586
2025-07-24 13:35:39.141,1.578,1.576,1.684,1.459,1.523,1.548,1.465,1.547,1.572,1.585
2025-07-24 13:35:39.192,1.577,1.577,1.682,1.46,1.5,1.548,1.465,1.546,1.572,1.585
2025-07-24 13:35:39.241,1.577,1.576,1.684,1.46,1.466,1.548,1.466,1.546,1.573,1.586
2025-07-24 13:35:39.292,1.577,1.577,1.684,1.46,1.416,1.548,1.465,1.546,1.572,1.586
2025-07-24 13:35:39.342,1.576,1.576,1.683,1.46,1.362,1.547,1.465,1.547,1.573,1.585
2025-07-24 13:35:39.391,1.577,1.576,1.684,1.461,1.292,1.546,1.465,1.546,1.573,1.586
2025-07-24 13:35:39.441,1.577,1.576,1.684,1.46,1.23,1.543,1.466,1.547,1.573,1.585
2025-07-24 13:35:39.492,1.577,1.576,1.684,1.46,1.185,1.54,1.466,1.548,1.573,1.586
2025-07-24 13:35:39.542,1.577,1.576,1.684,1.46,1.164,1.536,1.466,1.546,1.573,1.585
2025-07-24 13:35:39.592,1.577,1.576,1.683,1.46,1.169,1.533,1.466,1.547,1.573,1.585
2025-07-24 13:35:39.641,1.577,1.577,1.684,1.461,1.2,1.531,1.466,1.548,1.572,1.585
2025-07-24 13:35:39.691,1.577,1.577,1.684,1.46,1.255,1.529,1.466,1.547,1.572,1.584
2025-07-24 13:35:39.741,1.577,1.577,1.684,1.461,1.32,1.527,1.466,1.547,1.573,1.584
2025-07-24 13:35:39.791,1.577,1.575,1.685,1.46,1.406,1.527,1.465,1.547,1.573,1.585
2025-07-24 13:35:39.842,1.577,1.577,1.685,1.46,1.478,1.528,1.466,1.547,1.573,1.584
2025-07-24 13:35:39.892,1.577,1.577,1.684,1.46,1.525,1.528,1.466,1.547,1.572,1.585
2025-07-24 13:35:39.941,1.577,1.576,1.684,1.46,1.553,1.531,1.466,1.546,1.572,1.585
2025-07-24 13:35:39.992,1.577,1.577,1.685,1.46,1.554,1.533,1.465,1.547,1.572,1.585
2025-07-24 13:35:40.042,1.577,1.577,1.684,1.46,1.555,1.533,1.464,1.547,1.572,1.585
2025-07-24 13:35:40.091,1.577,1.576,1.684,1.46,1.556,1.535,1.465,1.548,1.572,1.585
2025-07-24 13:35:40.142,1.577,1.577,1.685,1.46,1.559,1.536,1.466,1.548,1.572,1.584
2025-07-24 13:35:40.191,1.577,1.577,1.685,1.46,1.561,1.539,1.465,1.548,1.573,1.586
2025-07-24 13:35:40.242,1.577,1.576,1.685,1.46,1.563,1.54,1.466,1.547,1.572,1.585
2025-07-24 13:35:40.292,1.577,1.576,1.684,1.46,1.561,1.542,1.466,1.548,1.572,1.585
2025-07-24 13:35:40.342,1.578,1.577,1.684,1.46,1.56,1.543,1.465,1.547,1.572,1.585
2025-07-24 13:35:40.391,1.578,1.576,1.683,1.461,1.558,1.544,1.466,1.547,1.572,1.585
2025-07-24 13:35:40.442,1.578,1.577,1.685,1.461,1.562,1.545,1.466,1.548,1.572,1.585
2025-07-24 13:35:40.492,1.577,1.577,1.684,1.46,1.56,1.546,1.466,1.547,1.572,1.586
2025-07-24 13:35:40.542,1.577,1.577,1.684,1.46,1.553,1.548,1.466,1.547,1.572,1.586
2025-07-24 13:35:40.591,1.577,1.576,1.685,1.461,1.524,1.55,1.466,1.547,1.572,1.586
2025-07-24 13:35:40.642,1.577,1.576,1.685,1.461,1.499,1.549,1.466,1.547,1.571,1.586
2025-07-24 13:35:40.692,1.577,1.577,1.683,1.461,1.448,1.548,1.466,1.548,1.571,1.586
2025-07-24 13:35:40.741,1.577,1.577,1.685,1.46,1.398,1.548,1.466,1.547,1.572,1.586
2025-07-24 13:35:40.793,1.576,1.577,1.684,1.46,1.334,1.548,1.466,1.547,1.572,1.586
2025-07-24 13:35:40.842,1.577,1.575,1.684,1.46,1.262,1.546,1.466,1.548,1.572,1.586
2025-07-24 13:35:40.892,1.577,1.577,1.684,1.46,1.202,1.543,1.465,1.547,1.571,1.586
2025-07-24 13:35:40.942,1.576,1.576,1.684,1.46,1.177,1.539,1.467,1.547,1.571,1.586
2025-07-24 13:35:40.992,1.576,1.577,1.685,1.461,1.17,1.536,1.466,1.548,1.571,1.586
2025-07-24 13:35:41.041,1.576,1.576,1.685,1.46,1.179,1.532,1.466,1.548,1.572,1.586
2025-07-24 13:35:41.092,1.577,1.576,1.684,1.46,1.214,1.53,1.464,1.547,1.572,1.586
2025-07-24 13:35:41.142,1.577,1.576,1.685,1.46,1.262,1.529,1.465,1.547,1.571,1.586
2025-07-24 13:35:41.192,1.575,1.576,1.684,1.46,1.328,1.527,1.466,1.548,1.572,1.586
2025-07-24 13:35:41.242,1.577,1.577,1.684,1.46,1.402,1.527,1.465,1.547,1.572,1.586
2025-07-24 13:35:41.292,1.576,1.576,1.684,1.46,1.476,1.528,1.466,1.548,1.571,1.586
2025-07-24 13:35:41.343,1.577,1.577,1.684,1.46,1.515,1.528,1.466,1.547,1.572,1.586
2025-07-24 13:35:41.392,1.576,1.575,1.684,1.46,1.539,1.529,1.466,1.547,1.571,1.587
2025-07-24 13:35:41.441,1.576,1.576,1.684,1.461,1.549,1.532,1.466,1.547,1.572,1.586
2025-07-24 13:35:41.491,1.577,1.576,1.683,1.46,1.557,1.533,1.465,1.547,1.571,1.588
2025-07-24 13:35:41.543,1.577,1.577,1.685,1.46,1.559,1.535,1.466,1.547,1.571,1.587
2025-07-24 13:35:41.593,1.577,1.577,1.683,1.461,1.559,1.536,1.466,1.547,1.572,1.587
2025-07-24 13:35:41.641,1.576,1.577,1.683,1.46,1.56,1.538,1.466,1.547,1.571,1.588
2025-07-24 13:35:41.693,1.576,1.575,1.684,1.46,1.56,1.54,1.465,1.547,1.572,1.587
2025-07-24 13:35:41.742,1.577,1.576,1.683,1.461,1.561,1.541,1.465,1.546,1.571,1.587
2025-07-24 13:35:41.792,1.577,1.576,1.684,1.46,1.562,1.542,1.467,1.547,1.571,1.587
2025-07-24 13:35:41.842,1.577,1.575,1.683,1.461,1.557,1.544,1.466,1.547,1.572,1.587
2025-07-24 13:35:41.891,1.576,1.576,1.685,1.46,1.556,1.545,1.466,1.548,1.571,1.587
2025-07-24 13:35:41.942,1.576,1.577,1.684,1.46,1.542,1.547,1.466,1.548,1.571,1.587
2025-07-24 13:35:41.993,1.576,1.576,1.684,1.46,1.516,1.547,1.466,1.546,1.573,1.586
2025-07-24 13:35:42.042,1.576,1.575,1.684,1.461,1.485,1.548,1.465,1.547,1.572,1.587
2025-07-24 13:35:42.093,1.576,1.576,1.684,1.461,1.445,1.547,1.464,1.547,1.572,1.587
2025-07-24 13:35:42.143,1.577,1.575,1.683,1.46,1.403,1.546,1.465,1.547,1.572,1.587
2025-07-24 13:35:42.193,1.577,1.577,1.684,1.46,1.355,1.546,1.465,1.546,1.572,1.587
2025-07-24 13:35:42.243,1.577,1.576,1.684,1.46,1.299,1.544,1.466,1.546,1.572,1.588
2025-07-24 13:35:42.293,1.577,1.575,1.684,1.46,1.251,1.542,1.466,1.546,1.572,1.586
2025-07-24 13:35:42.342,1.576,1.576,1.684,1.46,1.213,1.539,1.464,1.546,1.573,1.587
2025-07-24 13:35:42.392,1.576,1.576,1.683,1.46,1.208,1.536,1.466,1.546,1.573,1.586
2025-07-24 13:35:42.442,1.576,1.575,1.683,1.46,1.21,1.534,1.466,1.546,1.572,1.586
2025-07-24 13:35:42.493,1.577,1.576,1.684,1.46,1.237,1.532,1.466,1.546,1.573,1.586
2025-07-24 13:35:42.542,1.577,1.575,1.684,1.461,1.287,1.529,1.466,1.546,1.573,1.586
2025-07-24 13:35:42.593,1.576,1.575,1.684,1.46,1.358,1.528,1.466,1.547,1.573,1.586
2025-07-24 13:35:42.643,1.577,1.576,1.684,1.46,1.44,1.528,1.466,1.546,1.573,1.586
2025-07-24 13:35:42.693,1.577,1.575,1.685,1.461,1.5,1.529,1.465,1.546,1.573,1.586
2025-07-24 13:35:42.742,1.577,1.577,1.684,1.46,1.525,1.53,1.466,1.548,1.573,1.586
2025-07-24 13:35:42.793,1.577,1.577,1.685,1.46,1.545,1.533,1.467,1.547,1.573,1.586
2025-07-24 13:35:42.843,1.577,1.576,1.684,1.46,1.551,1.535,1.466,1.548,1.573,1.585
2025-07-24 13:35:42.892,1.577,1.576,1.684,1.46,1.554,1.536,1.466,1.547,1.573,1.586
2025-07-24 13:35:42.943,1.576,1.577,1.685,1.46,1.55,1.538,1.466,1.548,1.573,1.586
2025-07-24 13:35:42.993,1.577,1.577,1.684,1.46,1.557,1.539,1.468,1.547,1.573,1.586
2025-07-24 13:35:43.043,1.577,1.577,1.685,1.461,1.557,1.54,1.466,1.548,1.573,1.586
2025-07-24 13:35:43.093,1.577,1.576,1.685,1.46,1.559,1.543,1.466,1.548,1.573,1.586
2025-07-24 13:35:43.143,1.577,1.577,1.684,1.46,1.562,1.543,1.466,1.548,1.573,1.585
2025-07-24 13:35:43.193,1.577,1.577,1.683,1.46,1.559,1.545,1.468,1.548,1.573,1.585
2025-07-24 13:35:43.242,1.577,1.577,1.685,1.46,1.562,1.547,1.466,1.548,1.573,1.585
2025-07-24 13:35:43.293,1.577,1.577,1.685,1.459,1.556,1.547,1.466,1.548,1.573,1.585
2025-07-24 13:35:43.343,1.577,1.576,1.685,1.46,1.54,1.548,1.466,1.548,1.573,1.586
2025-07-24 13:35:43.393,1.577,1.576,1.685,1.46,1.52,1.549,1.467,1.548,1.573,1.584
2025-07-24 13:35:43.443,1.577,1.577,1.685,1.46,1.486,1.549,1.466,1.548,1.573,1.585
2025-07-24 13:35:43.493,1.577,1.577,1.684,1.46,1.446,1.549,1.467,1.548,1.573,1.586
2025-07-24 13:35:43.543,1.577,1.577,1.685,1.46,1.391,1.55,1.467,1.548,1.573,1.584
2025-07-24 13:35:43.593,1.577,1.577,1.685,1.46,1.327,1.548,1.468,1.548,1.574,1.585
2025-07-24 13:35:43.642,1.577,1.577,1.685,1.461,1.257,1.545,1.468,1.548,1.573,1.585
2025-07-24 13:35:43.693,1.578,1.577,1.685,1.461,1.205,1.543,1.466,1.548,1.573,1.585
2025-07-24 13:35:43.743,1.577,1.577,1.685,1.461,1.175,1.54,1.468,1.548,1.574,1.585
2025-07-24 13:35:43.792,1.577,1.577,1.685,1.461,1.17,1.536,1.467,1.549,1.574,1.584
2025-07-24 13:35:43.843,1.578,1.577,1.685,1.461,1.169,1.534,1.467,1.548,1.574,1.585
2025-07-24 13:35:43.892,1.578,1.577,1.685,1.46,1.197,1.531,1.467,1.548,1.575,1.586
2025-07-24 13:35:43.943,1.578,1.577,1.686,1.461,1.238,1.528,1.467,1.548,1.575,1.586
2025-07-24 13:35:43.993,1.578,1.577,1.685,1.461,1.305,1.528,1.467,1.548,1.574,1.585
2025-07-24 13:35:44.043,1.578,1.577,1.685,1.461,1.386,1.527,1.466,1.549,1.575,1.585
2025-07-24 13:35:44.092,1.577,1.577,1.686,1.461,1.469,1.527,1.467,1.549,1.574,1.586
2025-07-24 13:35:44.143,1.578,1.578,1.686,1.46,1.522,1.528,1.467,1.548,1.575,1.586
2025-07-24 13:35:44.193,1.578,1.577,1.685,1.46,1.54,1.53,1.466,1.549,1.575,1.586
2025-07-24 13:35:44.243,1.578,1.578,1.685,1.461,1.55,1.532,1.466,1.548,1.575,1.585
2025-07-24 13:35:44.293,1.577,1.578,1.685,1.46,1.557,1.533,1.466,1.549,1.574,1.585
2025-07-24 13:35:44.343,1.577,1.577,1.685,1.46,1.559,1.536,1.467,1.548,1.575,1.586
2025-07-24 13:35:44.393,1.578,1.577,1.685,1.461,1.553,1.537,1.466,1.548,1.575,1.586
2025-07-24 13:35:44.443,1.578,1.578,1.685,1.46,1.558,1.539,1.466,1.549,1.574,1.586
2025-07-24 13:35:44.493,1.577,1.577,1.686,1.46,1.561,1.54,1.466,1.548,1.574,1.585
2025-07-24 13:35:44.542,1.577,1.578,1.685,1.46,1.562,1.542,1.466,1.549,1.574,1.586
2025-07-24 13:35:44.592,1.577,1.577,1.685,1.461,1.562,1.544,1.465,1.548,1.575,1.586
2025-07-24 13:35:44.643,1.577,1.579,1.685,1.461,1.559,1.545,1.467,1.548,1.575,1.586
2025-07-24 13:35:44.693,1.577,1.577,1.685,1.46,1.561,1.545,1.466,1.549,1.575,1.586
2025-07-24 13:35:44.742,1.577,1.577,1.685,1.461,1.561,1.547,1.466,1.549,1.575,1.586
2025-07-24 13:35:44.793,1.577,1.577,1.685,1.461,1.546,1.548,1.467,1.549,1.575,1.586
2025-07-24 13:35:44.844,1.577,1.577,1.685,1.46,1.515,1.55,1.467,1.548,1.574,1.586
2025-07-24 13:35:44.893,1.577,1.577,1.685,1.461,1.471,1.549,1.466,1.548,1.574,1.586
2025-07-24 13:35:44.944,1.577,1.577,1.685,1.46,1.42,1.549,1.468,1.549,1.576,1.586
2025-07-24 13:35:44.994,1.577,1.577,1.686,1.46,1.37,1.549,1.467,1.549,1.576,1.586
2025-07-24 13:35:45.043,1.577,1.577,1.685,1.461,1.308,1.546,1.467,1.548,1.575,1.586
2025-07-24 13:35:45.093,1.577,1.577,1.685,1.461,1.241,1.544,1.466,1.548,1.575,1.586
2025-07-24 13:35:45.143,1.577,1.577,1.685,1.46,1.189,1.541,1.466,1.548,1.576,1.586
2025-07-24 13:35:45.193,1.577,1.577,1.685,1.461,1.172,1.538,1.467,1.548,1.575,1.586
2025-07-24 13:35:45.243,1.577,1.577,1.686,1.461,1.163,1.535,1.467,1.548,1.575,1.586
2025-07-24 13:35:45.294,1.577,1.577,1.685,1.461,1.174,1.532,1.468,1.549,1.576,1.586
2025-07-24 13:35:45.344,1.577,1.577,1.686,1.46,1.213,1.529,1.467,1.548,1.575,1.586
2025-07-24 13:35:45.394,1.575,1.577,1.685,1.46,1.265,1.527,1.466,1.548,1.576,1.586
2025-07-24 13:35:45.444,1.576,1.577,1.685,1.461,1.333,1.526,1.466,1.548,1.575,1.586
2025-07-24 13:35:45.494,1.576,1.577,1.685,1.461,1.409,1.525,1.466,1.549,1.575,1.586
2025-07-24 13:35:45.544,1.577,1.577,1.685,1.46,1.48,1.526,1.466,1.548,1.576,1.586
2025-07-24 13:35:45.594,1.576,1.577,1.685,1.461,1.528,1.528,1.467,1.548,1.575,1.587
2025-07-24 13:35:45.644,1.575,1.577,1.686,1.461,1.548,1.529,1.466,1.548,1.575,1.586
2025-07-24 13:35:45.694,1.577,1.577,1.685,1.461,1.553,1.531,1.468,1.548,1.575,1.586
2025-07-24 13:35:45.743,1.577,1.577,1.685,1.46,1.558,1.533,1.466,1.548,1.574,1.586
2025-07-24 13:35:45.792,1.577,1.577,1.685,1.46,1.557,1.535,1.466,1.548,1.575,1.587
2025-07-24 13:35:45.844,1.576,1.577,1.686,1.46,1.569,1.536,1.466,1.548,1.575,1.586
2025-07-24 13:35:45.894,1.576,1.577,1.685,1.461,1.561,1.538,1.466,1.548,1.575,1.586
2025-07-24 13:35:45.944,1.577,1.577,1.685,1.46,1.559,1.54,1.466,1.548,1.575,1.586
2025-07-24 13:35:45.994,1.576,1.577,1.685,1.461,1.56,1.541,1.467,1.548,1.574,1.586
2025-07-24 13:35:46.044,1.575,1.577,1.685,1.46,1.56,1.542,1.466,1.548,1.574,1.586
2025-07-24 13:35:46.093,1.575,1.577,1.685,1.461,1.551,1.544,1.466,1.548,1.574,1.586
2025-07-24 13:35:46.144,1.576,1.576,1.686,1.46,1.56,1.545,1.466,1.548,1.574,1.586
2025-07-24 13:35:46.194,1.577,1.577,1.687,1.46,1.542,1.546,1.466,1.548,1.574,1.586
2025-07-24 13:35:46.244,1.575,1.577,1.685,1.46,1.531,1.548,1.466,1.548,1.574,1.586
2025-07-24 13:35:46.294,1.577,1.576,1.685,1.461,1.5,1.548,1.466,1.548,1.575,1.586
2025-07-24 13:35:46.344,1.576,1.577,1.685,1.461,1.46,1.548,1.466,1.548,1.575,1.586
2025-07-24 13:35:46.394,1.576,1.576,1.685,1.461,1.412,1.548,1.466,1.548,1.574,1.586
2025-07-24 13:35:46.444,1.576,1.577,1.685,1.461,1.355,1.546,1.466,1.548,1.574,1.586
2025-07-24 13:35:46.494,1.576,1.577,1.685,1.46,1.292,1.545,1.466,1.548,1.574,1.586
2025-07-24 13:35:46.544,1.576,1.576,1.685,1.461,1.217,1.542,1.466,1.547,1.574,1.586
2025-07-24 13:35:46.594,1.576,1.577,1.685,1.461,1.175,1.54,1.466,1.548,1.574,1.586
2025-07-24 13:35:46.644,1.575,1.576,1.685,1.461,1.167,1.536,1.466,1.548,1.574,1.586
2025-07-24 13:35:46.694,1.576,1.576,1.685,1.46,1.192,1.533,1.467,1.548,1.573,1.586
2025-07-24 13:35:46.744,1.574,1.576,1.685,1.461,1.25,1.532,1.466,1.548,1.573,1.586
2025-07-24 13:35:46.794,1.575,1.576,1.685,1.461,1.326,1.529,1.466,1.548,1.573,1.586
2025-07-24 13:35:46.844,1.575,1.577,1.684,1.461,1.399,1.528,1.466,1.548,1.573,1.585
2025-07-24 13:35:46.894,1.575,1.576,1.685,1.461,1.466,1.529,1.465,1.548,1.573,1.586
2025-07-24 13:35:46.945,1.576,1.576,1.685,1.46,1.503,1.53,1.466,1.548,1.573,1.585
2025-07-24 13:35:46.994,1.575,1.576,1.685,1.461,1.528,1.531,1.465,1.548,1.573,1.585
2025-07-24 13:35:47.044,1.576,1.576,1.685,1.461,1.544,1.533,1.466,1.548,1.573,1.585
2025-07-24 13:35:47.094,1.575,1.576,1.685,1.461,1.551,1.535,1.465,1.548,1.573,1.584
2025-07-24 13:35:47.144,1.575,1.576,1.685,1.461,1.549,1.536,1.465,1.548,1.573,1.585
2025-07-24 13:35:47.194,1.574,1.575,1.684,1.461,1.556,1.537,1.466,1.548,1.573,1.585
2025-07-24 13:35:47.244,1.576,1.576,1.685,1.461,1.55,1.539,1.465,1.548,1.573,1.585
2025-07-24 13:35:47.294,1.576,1.575,1.685,1.461,1.561,1.54,1.466,1.547,1.573,1.585
2025-07-24 13:35:47.344,1.577,1.575,1.685,1.461,1.558,1.541,1.466,1.548,1.573,1.584
2025-07-24 13:35:47.394,1.576,1.576,1.684,1.461,1.557,1.544,1.465,1.547,1.573,1.584
2025-07-24 13:35:47.444,1.576,1.577,1.684,1.46,1.557,1.544,1.466,1.548,1.573,1.584
2025-07-24 13:35:47.494,1.577,1.576,1.685,1.46,1.557,1.546,1.466,1.548,1.573,1.584
2025-07-24 13:35:47.544,1.577,1.575,1.685,1.461,1.548,1.546,1.466,1.548,1.573,1.583
2025-07-24 13:35:47.594,1.576,1.576,1.684,1.461,1.548,1.548,1.466,1.548,1.573,1.585
2025-07-24 13:35:47.644,1.577,1.575,1.684,1.461,1.538,1.548,1.467,1.547,1.573,1.583
2025-07-24 13:35:47.694,1.577,1.576,1.684,1.46,1.512,1.548,1.467,1.547,1.573,1.583
2025-07-24 13:35:47.745,1.576,1.575,1.684,1.46,1.48,1.549,1.466,1.547,1.573,1.584
2025-07-24 13:35:47.794,1.577,1.576,1.683,1.461,1.436,1.549,1.466,1.548,1.572,1.583
2025-07-24 13:35:47.845,1.577,1.576,1.685,1.46,1.395,1.548,1.466,1.546,1.572,1.584
2025-07-24 13:35:47.895,1.576,1.576,1.684,1.46,1.34,1.548,1.466,1.547,1.573,1.583
2025-07-24 13:35:47.944,1.577,1.575,1.684,1.461,1.279,1.545,1.466,1.547,1.573,1.584
2025-07-24 13:35:47.995,1.577,1.575,1.684,1.46,1.217,1.543,1.467,1.547,1.572,1.584
2025-07-24 13:35:48.044,1.577,1.576,1.684,1.461,1.186,1.54,1.466,1.548,1.572,1.584
2025-07-24 13:35:48.094,1.577,1.576,1.684,1.461,1.184,1.537,1.466,1.547,1.572,1.584
2025-07-24 13:35:48.144,1.577,1.575,1.684,1.461,1.196,1.533,1.467,1.547,1.572,1.585
2025-07-24 13:35:48.195,1.577,1.577,1.684,1.461,1.227,1.532,1.466,1.547,1.572,1.584
2025-07-24 13:35:48.244,1.577,1.576,1.684,1.461,1.277,1.529,1.466,1.547,1.572,1.584
2025-07-24 13:35:48.295,1.577,1.576,1.684,1.46,1.344,1.528,1.466,1.548,1.572,1.585
2025-07-24 13:35:48.344,1.577,1.576,1.684,1.46,1.41,1.528,1.466,1.548,1.572,1.584
2025-07-24 13:35:48.395,1.577,1.576,1.683,1.461,1.474,1.528,1.466,1.548,1.572,1.585
2025-07-24 13:35:48.444,1.577,1.575,1.685,1.46,1.522,1.531,1.465,1.548,1.572,1.586
2025-07-24 13:35:48.494,1.577,1.575,1.684,1.461,1.543,1.532,1.466,1.548,1.572,1.586
2025-07-24 13:35:48.545,1.577,1.576,1.684,1.46,1.554,1.533,1.466,1.547,1.573,1.586
2025-07-24 13:35:48.595,1.577,1.577,1.685,1.46,1.555,1.536,1.467,1.548,1.571,1.586
2025-07-24 13:35:48.645,1.577,1.577,1.685,1.461,1.557,1.536,1.467,1.548,1.572,1.586
2025-07-24 13:35:48.695,1.577,1.576,1.683,1.46,1.555,1.538,1.464,1.548,1.572,1.586
2025-07-24 13:35:48.745,1.577,1.577,1.685,1.461,1.557,1.539,1.465,1.548,1.572,1.586
2025-07-24 13:35:48.795,1.577,1.576,1.685,1.46,1.557,1.541,1.465,1.548,1.571,1.586
2025-07-24 13:35:48.845,1.577,1.576,1.684,1.46,1.561,1.542,1.466,1.547,1.572,1.586
2025-07-24 13:35:48.895,1.577,1.576,1.684,1.461,1.556,1.544,1.466,1.548,1.572,1.587
2025-07-24 13:35:48.945,1.577,1.577,1.684,1.459,1.559,1.544,1.466,1.547,1.572,1.586
2025-07-24 13:35:48.994,1.577,1.575,1.685,1.46,1.561,1.546,1.466,1.547,1.572,1.587
2025-07-24 13:35:49.045,1.577,1.577,1.684,1.46,1.561,1.547,1.467,1.548,1.572,1.586
2025-07-24 13:35:49.095,1.577,1.576,1.684,1.461,1.55,1.548,1.466,1.548,1.572,1.586
2025-07-24 13:35:49.145,1.577,1.577,1.684,1.46,1.526,1.548,1.465,1.547,1.573,1.586
2025-07-24 13:35:49.195,1.576,1.577,1.683,1.461,1.501,1.55,1.466,1.548,1.572,1.587
2025-07-24 13:35:49.245,1.577,1.576,1.685,1.461,1.46,1.549,1.466,1.547,1.572,1.587
2025-07-24 13:35:49.295,1.577,1.577,1.684,1.46,1.402,1.548,1.467,1.548,1.572,1.586
2025-07-24 13:35:49.344,1.577,1.577,1.685,1.46,1.342,1.548,1.466,1.547,1.572,1.586
2025-07-24 13:35:49.395,1.577,1.575,1.683,1.46,1.27,1.546,1.466,1.548,1.571,1.586
2025-07-24 13:35:49.445,1.576,1.577,1.685,1.46,1.197,1.544,1.466,1.548,1.571,1.587
2025-07-24 13:35:49.495,1.576,1.576,1.684,1.461,1.179,1.54,1.467,1.548,1.572,1.586
2025-07-24 13:35:49.545,1.577,1.577,1.684,1.461,1.18,1.537,1.465,1.548,1.571,1.587
2025-07-24 13:35:49.595,1.577,1.577,1.684,1.46,1.204,1.534,1.466,1.546,1.572,1.587
2025-07-24 13:35:49.644,1.577,1.577,1.684,1.46,1.253,1.532,1.468,1.547,1.571,1.587
2025-07-24 13:35:49.695,1.577,1.576,1.684,1.46,1.317,1.53,1.466,1.548,1.571,1.587
2025-07-24 13:35:49.745,1.577,1.577,1.684,1.461,1.387,1.529,1.466,1.548,1.572,1.587
2025-07-24 13:35:49.795,1.577,1.576,1.683,1.46,1.453,1.529,1.466,1.548,1.572,1.587
2025-07-24 13:35:49.845,1.577,1.577,1.684,1.46,1.5,1.53,1.466,1.548,1.572,1.587
2025-07-24 13:35:49.895,1.577,1.575,1.685,1.46,1.532,1.531,1.466,1.548,1.572,1.587
2025-07-24 13:35:49.945,1.577,1.577,1.684,1.461,1.548,1.533,1.465,1.547,1.572,1.588
2025-07-24 13:35:49.996,1.577,1.576,1.684,1.46,1.553,1.535,1.465,1.548,1.571,1.587
2025-07-24 13:35:50.045,1.577,1.576,1.684,1.46,1.559,1.536,1.465,1.548,1.57,1.587
2025-07-24 13:35:50.095,1.577,1.577,1.685,1.461,1.559,1.538,1.466,1.548,1.572,1.588
2025-07-24 13:35:50.145,1.577,1.577,1.684,1.461,1.552,1.54,1.465,1.548,1.571,1.587
2025-07-24 13:35:50.195,1.577,1.576,1.684,1.46,1.56,1.541,1.466,1.547,1.571,1.587
2025-07-24 13:35:50.245,1.578,1.576,1.685,1.46,1.556,1.542,1.464,1.548,1.571,1.588
2025-07-24 13:35:50.295,1.577,1.576,1.684,1.46,1.56,1.544,1.466,1.547,1.571,1.587
2025-07-24 13:35:50.345,1.577,1.577,1.685,1.46,1.56,1.544,1.465,1.548,1.572,1.588
2025-07-24 13:35:50.396,1.577,1.576,1.684,1.46,1.559,1.546,1.466,1.547,1.572,1.589
2025-07-24 13:35:50.445,1.577,1.576,1.683,1.461,1.56,1.547,1.465,1.548,1.57,1.589
2025-07-24 13:35:50.495,1.578,1.577,1.685,1.461,1.545,1.548,1.466,1.548,1.57,1.588
2025-07-24 13:35:50.545,1.577,1.576,1.684,1.461,1.533,1.549,1.466,1.548,1.572,1.588
2025-07-24 13:35:50.595,1.577,1.576,1.684,1.461,1.509,1.55,1.466,1.547,1.572,1.587
2025-07-24 13:35:50.646,1.577,1.576,1.684,1.46,1.466,1.55,1.467,1.548,1.571,1.588
2025-07-24 13:35:50.695,1.577,1.575,1.684,1.461,1.417,1.549,1.466,1.547,1.572,1.588
2025-07-24 13:35:50.745,1.577,1.576,1.685,1.461,1.366,1.548,1.466,1.548,1.571,1.587
2025-07-24 13:35:50.795,1.577,1.576,1.684,1.46,1.314,1.547,1.466,1.547,1.57,1.587
2025-07-24 13:35:50.846,1.577,1.576,1.683,1.46,1.25,1.544,1.466,1.546,1.571,1.588
2025-07-24 13:35:50.895,1.578,1.576,1.684,1.461,1.208,1.544,1.467,1.548,1.571,1.587
2025-07-24 13:35:50.946,1.577,1.577,1.684,1.46,1.196,1.538,1.467,1.547,1.57,1.587
2025-07-24 13:35:50.995,1.577,1.577,1.683,1.46,1.2,1.536,1.466,1.546,1.57,1.588
2025-07-24 13:35:51.046,1.577,1.576,1.684,1.46,1.239,1.533,1.466,1.547,1.571,1.587
2025-07-24 13:35:51.095,1.578,1.575,1.685,1.46,1.298,1.532,1.466,1.547,1.571,1.587
2025-07-24 13:35:51.145,1.577,1.575,1.683,1.46,1.366,1.531,1.466,1.547,1.571,1.587
2025-07-24 13:35:51.196,1.578,1.575,1.684,1.46,1.437,1.53,1.466,1.548,1.572,1.587
2025-07-24 13:35:51.246,1.577,1.576,1.684,1.46,1.499,1.531,1.465,1.546,1.571,1.588
2025-07-24 13:35:51.296,1.578,1.576,1.684,1.46,1.527,1.532,1.465,1.546,1.571,1.588
2025-07-24 13:35:51.346,1.577,1.576,1.684,1.46,1.544,1.534,1.466,1.546,1.572,1.587
2025-07-24 13:35:51.396,1.577,1.575,1.684,1.46,1.554,1.535,1.466,1.546,1.572,1.587
2025-07-24 13:35:51.446,1.577,1.576,1.683,1.461,1.558,1.537,1.464,1.547,1.572,1.589
2025-07-24 13:35:51.495,1.578,1.576,1.684,1.461,1.562,1.538,1.463,1.547,1.572,1.587
2025-07-24 13:35:51.545,1.577,1.575,1.684,1.461,1.561,1.539,1.466,1.547,1.572,1.588
2025-07-24 13:35:51.595,1.578,1.577,1.685,1.46,1.568,1.542,1.466,1.548,1.572,1.587
2025-07-24 13:35:51.646,1.577,1.577,1.684,1.461,1.562,1.543,1.466,1.548,1.572,1.587
2025-07-24 13:35:51.696,1.578,1.576,1.684,1.46,1.564,1.544,1.465,1.546,1.573,1.587
2025-07-24 13:35:51.746,1.577,1.577,1.684,1.46,1.57,1.546,1.466,1.547,1.573,1.587
2025-07-24 13:35:51.796,1.578,1.577,1.683,1.461,1.561,1.546,1.467,1.547,1.572,1.588
2025-07-24 13:35:51.845,1.577,1.577,1.685,1.46,1.563,1.548,1.466,1.547,1.573,1.587
2025-07-24 13:35:51.895,1.577,1.576,1.684,1.46,1.561,1.549,1.466,1.546,1.573,1.586
2025-07-24 13:35:51.945,1.577,1.575,1.684,1.46,1.55,1.549,1.465,1.547,1.573,1.587
2025-07-24 13:35:51.996,1.577,1.577,1.684,1.46,1.528,1.551,1.466,1.547,1.573,1.586
2025-07-24 13:35:52.045,1.577,1.577,1.684,1.46,1.492,1.552,1.467,1.548,1.573,1.586
2025-07-24 13:35:52.096,1.577,1.577,1.685,1.46,1.451,1.552,1.465,1.546,1.572,1.586
2025-07-24 13:35:52.146,1.578,1.577,1.684,1.46,1.398,1.551,1.466,1.547,1.572,1.586
2025-07-24 13:35:52.196,1.577,1.577,1.684,1.46,1.325,1.549,1.465,1.547,1.573,1.586
2025-07-24 13:35:52.245,1.578,1.576,1.684,1.46,1.253,1.548,1.466,1.548,1.573,1.586
2025-07-24 13:35:52.295,1.577,1.576,1.684,1.46,1.202,1.544,1.466,1.547,1.572,1.586
2025-07-24 13:35:52.346,1.577,1.577,1.684,1.461,1.188,1.54,1.466,1.547,1.573,1.586
2025-07-24 13:35:52.396,1.577,1.577,1.685,1.46,1.186,1.537,1.467,1.547,1.572,1.586
2025-07-24 13:35:52.446,1.577,1.577,1.685,1.46,1.216,1.535,1.466,1.547,1.572,1.586
2025-07-24 13:35:52.496,1.577,1.576,1.684,1.461,1.267,1.532,1.466,1.548,1.572,1.586
2025-07-24 13:35:52.546,1.577,1.577,1.683,1.459,1.336,1.53,1.468,1.548,1.572,1.586
2025-07-24 13:35:52.596,1.577,1.577,1.685,1.46,1.413,1.531,1.466,1.548,1.572,1.586
2025-07-24 13:35:52.646,1.577,1.577,1.685,1.46,1.482,1.532,1.466,1.548,1.572,1.587
2025-07-24 13:35:52.696,1.577,1.576,1.685,1.461,1.525,1.532,1.466,1.548,1.572,1.587
2025-07-24 13:35:52.746,1.577,1.577,1.685,1.46,1.539,1.534,1.468,1.547,1.572,1.587
2025-07-24 13:35:52.796,1.577,1.576,1.684,1.46,1.548,1.536,1.466,1.547,1.572,1.587
2025-07-24 13:35:52.846,1.577,1.576,1.684,1.46,1.554,1.536,1.465,1.548,1.571,1.587
2025-07-24 13:35:52.896,1.577,1.577,1.685,1.461,1.561,1.538,1.466,1.548,1.572,1.587
2025-07-24 13:35:52.946,1.578,1.577,1.685,1.461,1.557,1.54,1.466,1.547,1.572,1.587
2025-07-24 13:35:52.996,1.577,1.577,1.684,1.461,1.563,1.542,1.466,1.547,1.572,1.587
2025-07-24 13:35:53.046,1.577,1.577,1.685,1.46,1.56,1.544,1.466,1.547,1.573,1.587
2025-07-24 13:35:53.096,1.577,1.577,1.684,1.46,1.561,1.544,1.465,1.548,1.572,1.587
2025-07-24 13:35:53.146,1.578,1.577,1.684,1.461,1.557,1.545,1.466,1.548,1.572,1.587
2025-07-24 13:35:53.196,1.577,1.576,1.685,1.46,1.563,1.546,1.465,1.547,1.571,1.587
2025-07-24 13:35:53.246,1.577,1.577,1.685,1.46,1.556,1.546,1.466,1.547,1.571,1.587
2025-07-24 13:35:53.296,1.577,1.575,1.685,1.46,1.561,1.548,1.467,1.548,1.572,1.587
2025-07-24 13:35:53.345,1.577,1.576,1.684,1.46,1.562,1.55,1.466,1.548,1.572,1.587
2025-07-24 13:35:53.396,1.577,1.575,1.685,1.46,1.558,1.55,1.466,1.547,1.571,1.588
2025-07-24 13:35:53.447,1.577,1.577,1.685,1.461,1.553,1.551,1.466,1.548,1.571,1.587
2025-07-24 13:35:53.496,1.577,1.577,1.684,1.46,1.537,1.552,1.466,1.547,1.57,1.588
2025-07-24 13:35:53.546,1.577,1.576,1.684,1.46,1.511,1.553,1.466,1.546,1.572,1.588
2025-07-24 13:35:53.597,1.577,1.576,1.684,1.46,1.475,1.553,1.466,1.547,1.571,1.588
2025-07-24 13:35:53.646,1.577,1.577,1.685,1.461,1.428,1.553,1.466,1.547,1.571,1.587
2025-07-24 13:35:53.697,1.577,1.576,1.684,1.46,1.379,1.551,1.466,1.547,1.571,1.587
2025-07-24 13:35:53.746,1.577,1.575,1.684,1.46,1.325,1.551,1.466,1.548,1.572,1.587
2025-07-24 13:35:53.795,1.577,1.576,1.683,1.46,1.252,1.547,1.466,1.546,1.57,1.587
2025-07-24 13:35:53.846,1.577,1.576,1.684,1.46,1.199,1.544,1.466,1.547,1.571,1.588
2025-07-24 13:35:53.896,1.577,1.576,1.684,1.46,1.186,1.541,1.467,1.547,1.571,1.588
2025-07-24 13:35:53.946,1.577,1.577,1.684,1.46,1.184,1.538,1.466,1.547,1.571,1.587
2025-07-24 13:35:53.996,1.578,1.577,1.684,1.461,1.217,1.536,1.467,1.548,1.572,1.588
2025-07-24 13:35:54.046,1.577,1.576,1.684,1.461,1.277,1.534,1.469,1.548,1.572,1.588
2025-07-24 13:35:54.096,1.578,1.577,1.685,1.46,1.355,1.532,1.468,1.548,1.572,1.588
2025-07-24 13:35:54.147,1.578,1.577,1.685,1.461,1.424,1.532,1.466,1.548,1.572,1.588
2025-07-24 13:35:54.196,1.578,1.577,1.685,1.461,1.492,1.532,1.466,1.548,1.572,1.589
2025-07-24 13:35:54.246,1.578,1.577,1.685,1.461,1.529,1.534,1.466,1.548,1.571,1.589
2025-07-24 13:35:54.296,1.578,1.577,1.685,1.46,1.545,1.536,1.466,1.548,1.573,1.589
2025-07-24 13:35:54.346,1.579,1.577,1.685,1.461,1.553,1.537,1.467,1.548,1.572,1.588
2025-07-24 13:35:54.396,1.579,1.576,1.685,1.46,1.556,1.54,1.466,1.548,1.572,1.589
2025-07-24 13:35:54.446,1.58,1.577,1.685,1.46,1.56,1.541,1.467,1.548,1.572,1.588
2025-07-24 13:35:54.496,1.58,1.577,1.685,1.461,1.557,1.543,1.467,1.548,1.573,1.589
2025-07-24 13:35:54.546,1.578,1.577,1.685,1.46,1.561,1.544,1.467,1.548,1.573,1.587
2025-07-24 13:35:54.597,1.579,1.578,1.685,1.461,1.56,1.544,1.467,1.549,1.573,1.588
2025-07-24 13:35:54.647,1.579,1.577,1.686,1.46,1.564,1.547,1.468,1.548,1.573,1.587
2025-07-24 13:35:54.697,1.58,1.577,1.685,1.461,1.56,1.548,1.467,1.549,1.573,1.587
2025-07-24 13:35:54.747,1.579,1.577,1.685,1.461,1.559,1.549,1.467,1.548,1.573,1.587
2025-07-24 13:35:54.796,1.58,1.577,1.685,1.46,1.557,1.549,1.466,1.549,1.573,1.587
2025-07-24 13:35:54.847,1.58,1.577,1.685,1.461,1.564,1.551,1.467,1.548,1.574,1.587
2025-07-24 13:35:54.896,1.579,1.577,1.686,1.461,1.56,1.552,1.468,1.548,1.573,1.586
2025-07-24 13:35:54.947,1.58,1.578,1.685,1.461,1.56,1.552,1.468,1.549,1.573,1.588
2025-07-24 13:35:54.997,1.58,1.578,1.686,1.461,1.547,1.554,1.467,1.549,1.573,1.587
2025-07-24 13:35:55.047,1.579,1.577,1.685,1.461,1.519,1.555,1.468,1.548,1.575,1.586
2025-07-24 13:35:55.097,1.58,1.578,1.685,1.46,1.486,1.556,1.468,1.55,1.574,1.586
2025-07-24 13:35:55.147,1.58,1.577,1.686,1.461,1.442,1.554,1.467,1.549,1.574,1.586
2025-07-24 13:35:55.197,1.579,1.578,1.686,1.46,1.39,1.555,1.466,1.549,1.573,1.587
2025-07-24 13:35:55.247,1.58,1.578,1.686,1.461,1.323,1.553,1.467,1.549,1.574,1.586
2025-07-24 13:35:55.297,1.579,1.578,1.685,1.461,1.254,1.549,1.468,1.549,1.574,1.587
2025-07-24 13:35:55.346,1.579,1.578,1.686,1.461,1.201,1.548,1.469,1.55,1.574,1.586
2025-07-24 13:35:55.396,1.579,1.578,1.685,1.46,1.184,1.544,1.468,1.549,1.574,1.586
2025-07-24 13:35:55.447,1.578,1.579,1.685,1.461,1.182,1.54,1.467,1.549,1.575,1.587
2025-07-24 13:35:55.497,1.579,1.577,1.685,1.461,1.211,1.537,1.469,1.549,1.576,1.586
2025-07-24 13:35:55.547,1.578,1.577,1.685,1.46,1.267,1.536,1.468,1.548,1.574,1.586
2025-07-24 13:35:55.597,1.578,1.577,1.686,1.461,1.341,1.533,1.467,1.549,1.576,1.586
2025-07-24 13:35:55.646,1.579,1.577,1.685,1.46,1.42,1.533,1.468,1.549,1.576,1.587
2025-07-24 13:35:55.698,1.58,1.578,1.685,1.461,1.486,1.533,1.468,1.549,1.575,1.587
2025-07-24 13:35:55.747,1.578,1.577,1.685,1.461,1.528,1.536,1.468,1.548,1.575,1.586
2025-07-24 13:35:55.797,1.579,1.578,1.685,1.461,1.545,1.536,1.467,1.548,1.575,1.587
2025-07-24 13:35:55.848,1.578,1.577,1.686,1.461,1.554,1.537,1.468,1.55,1.575,1.587
2025-07-24 13:35:55.897,1.578,1.577,1.686,1.461,1.559,1.54,1.469,1.55,1.576,1.587
2025-07-24 13:35:55.947,1.578,1.578,1.685,1.461,1.556,1.542,1.468,1.548,1.576,1.586
2025-07-24 13:35:55.997,1.578,1.577,1.686,1.461,1.56,1.543,1.468,1.549,1.576,1.586
2025-07-24 13:35:56.047,1.579,1.577,1.686,1.461,1.565,1.544,1.467,1.549,1.575,1.587
2025-07-24 13:35:56.097,1.578,1.579,1.686,1.461,1.565,1.546,1.468,1.549,1.575,1.587
2025-07-24 13:35:56.147,1.578,1.577,1.685,1.461,1.565,1.548,1.468,1.548,1.576,1.586
2025-07-24 13:35:56.197,1.579,1.578,1.685,1.461,1.563,1.548,1.468,1.549,1.576,1.587
2025-07-24 13:35:56.247,1.578,1.577,1.685,1.461,1.561,1.548,1.467,1.55,1.576,1.587
2025-07-24 13:35:56.298,1.578,1.577,1.685,1.461,1.564,1.55,1.467,1.549,1.575,1.587
2025-07-24 13:35:56.347,1.577,1.578,1.686,1.461,1.568,1.552,1.468,1.549,1.576,1.587
2025-07-24 13:35:56.397,1.579,1.577,1.686,1.461,1.563,1.553,1.468,1.548,1.576,1.588
2025-07-24 13:35:56.447,1.578,1.577,1.686,1.46,1.562,1.554,1.468,1.549,1.576,1.587
2025-07-24 13:35:56.498,1.579,1.577,1.686,1.461,1.556,1.555,1.467,1.549,1.576,1.588
2025-07-24 13:35:56.547,1.578,1.577,1.685,1.46,1.535,1.555,1.468,1.549,1.576,1.587
2025-07-24 13:35:56.597,1.58,1.578,1.686,1.461,1.503,1.557,1.47,1.549,1.577,1.588
2025-07-24 13:35:56.648,1.579,1.579,1.686,1.461,1.458,1.556,1.468,1.549,1.577,1.588
2025-07-24 13:35:56.698,1.579,1.579,1.686,1.461,1.404,1.556,1.468,1.549,1.576,1.588
2025-07-24 13:35:56.748,1.579,1.578,1.686,1.461,1.342,1.553,1.468,1.548,1.576,1.587
2025-07-24 13:35:56.797,1.579,1.577,1.686,1.461,1.271,1.551,1.468,1.549,1.577,1.589
2025-07-24 13:35:56.848,1.58,1.578,1.687,1.461,1.207,1.548,1.469,1.549,1.576,1.587
2025-07-24 13:35:56.897,1.58,1.578,1.686,1.461,1.185,1.544,1.469,1.549,1.577,1.588
2025-07-24 13:35:56.947,1.58,1.578,1.686,1.461,1.186,1.543,1.468,1.55,1.577,1.588
2025-07-24 13:35:56.997,1.58,1.578,1.686,1.461,1.207,1.539,1.469,1.55,1.577,1.588
2025-07-24 13:35:57.047,1.579,1.578,1.685,1.461,1.25,1.537,1.467,1.55,1.576,1.588
2025-07-24 13:35:57.098,1.579,1.578,1.685,1.461,1.323,1.535,1.469,1.549,1.576,1.589
2025-07-24 13:35:57.146,1.579,1.578,1.686,1.461,1.407,1.533,1.469,1.549,1.576,1.588
2025-07-24 13:35:57.198,1.579,1.577,1.686,1.461,1.477,1.534,1.468,1.549,1.576,1.588
2025-07-24 13:35:57.248,1.58,1.577,1.686,1.461,1.515,1.536,1.468,1.548,1.576,1.588
2025-07-24 13:35:57.297,1.579,1.577,1.685,1.461,1.54,1.536,1.468,1.549,1.577,1.587
2025-07-24 13:35:57.348,1.579,1.577,1.685,1.461,1.553,1.539,1.467,1.549,1.577,1.588
2025-07-24 13:35:57.398,1.581,1.577,1.685,1.461,1.557,1.54,1.465,1.549,1.576,1.587
2025-07-24 13:35:57.448,1.58,1.577,1.686,1.461,1.562,1.541,1.467,1.548,1.576,1.588
2025-07-24 13:35:57.498,1.58,1.577,1.685,1.461,1.557,1.542,1.467,1.548,1.576,1.588
2025-07-24 13:35:57.547,1.579,1.578,1.686,1.461,1.561,1.544,1.467,1.549,1.577,1.588
2025-07-24 13:35:57.598,1.579,1.577,1.685,1.461,1.561,1.544,1.468,1.55,1.577,1.588
2025-07-24 13:35:57.648,1.579,1.578,1.685,1.461,1.56,1.546,1.468,1.549,1.576,1.588
2025-07-24 13:35:57.698,1.58,1.577,1.685,1.461,1.569,1.548,1.468,1.549,1.576,1.587
2025-07-24 13:35:57.748,1.579,1.577,1.685,1.461,1.561,1.548,1.467,1.549,1.576,1.588
2025-07-24 13:35:57.798,1.579,1.578,1.685,1.461,1.561,1.55,1.468,1.548,1.577,1.588
2025-07-24 13:35:57.847,1.58,1.577,1.685,1.461,1.561,1.551,1.468,1.548,1.577,1.587
2025-07-24 13:35:57.898,1.579,1.578,1.685,1.461,1.561,1.552,1.467,1.548,1.576,1.587
2025-07-24 13:35:57.948,1.579,1.577,1.686,1.461,1.564,1.553,1.468,1.548,1.576,1.588
2025-07-24 13:35:57.998,1.579,1.577,1.686,1.461,1.561,1.554,1.468,1.548,1.575,1.588
2025-07-24 13:35:58.048,1.58,1.578,1.685,1.46,1.545,1.555,1.468,1.549,1.576,1.589
2025-07-24 13:35:58.098,1.579,1.577,1.685,1.461,1.523,1.556,1.468,1.548,1.576,1.587
2025-07-24 13:35:58.148,1.58,1.577,1.685,1.461,1.485,1.555,1.469,1.548,1.576,1.589
2025-07-24 13:35:58.198,1.581,1.577,1.686,1.461,1.431,1.556,1.467,1.548,1.575,1.587
2025-07-24 13:35:58.248,1.579,1.577,1.685,1.461,1.367,1.553,1.468,1.548,1.575,1.588
2025-07-24 13:35:58.297,1.579,1.577,1.685,1.461,1.291,1.552,1.468,1.548,1.575,1.588
2025-07-24 13:35:58.348,1.579,1.578,1.685,1.461,1.227,1.548,1.468,1.548,1.575,1.588
2025-07-24 13:35:58.398,1.58,1.577,1.686,1.461,1.195,1.546,1.467,1.549,1.576,1.587
2025-07-24 13:35:58.448,1.578,1.577,1.685,1.461,1.196,1.542,1.467,1.549,1.575,1.587
2025-07-24 13:35:58.499,1.579,1.577,1.685,1.461,1.208,1.54,1.47,1.548,1.576,1.588
2025-07-24 13:35:58.548,1.578,1.577,1.686,1.461,1.262,1.537,1.467,1.549,1.575,1.587
2025-07-24 13:35:58.598,1.579,1.577,1.685,1.461,1.333,1.536,1.468,1.548,1.575,1.586
2025-07-24 13:35:58.649,1.579,1.577,1.685,1.461,1.409,1.535,1.469,1.548,1.575,1.587
2025-07-24 13:35:58.698,1.579,1.577,1.685,1.461,1.478,1.535,1.468,1.548,1.575,1.588
2025-07-24 13:35:58.749,1.579,1.577,1.685,1.461,1.518,1.536,1.467,1.548,1.575,1.587
2025-07-24 13:35:58.798,1.578,1.577,1.685,1.461,1.544,1.538,1.466,1.548,1.574,1.587
2025-07-24 13:35:58.848,1.578,1.577,1.685,1.461,1.551,1.539,1.467,1.548,1.575,1.587
2025-07-24 13:35:58.898,1.578,1.578,1.685,1.461,1.557,1.54,1.466,1.548,1.574,1.586
2025-07-24 13:35:58.949,1.578,1.577,1.685,1.461,1.558,1.542,1.467,1.548,1.574,1.586
2025-07-24 13:35:58.998,1.578,1.577,1.685,1.461,1.56,1.543,1.468,1.548,1.574,1.586
2025-07-24 13:35:59.048,1.579,1.577,1.685,1.461,1.561,1.544,1.468,1.548,1.574,1.587
2025-07-24 13:35:59.098,1.578,1.577,1.685,1.461,1.563,1.546,1.466,1.548,1.575,1.586
2025-07-24 13:35:59.148,1.578,1.577,1.685,1.461,1.569,1.547,1.467,1.548,1.574,1.586
2025-07-24 13:35:59.198,1.579,1.577,1.685,1.461,1.572,1.548,1.466,1.548,1.575,1.586
2025-07-24 13:35:59.249,1.578,1.577,1.685,1.461,1.561,1.548,1.467,1.548,1.575,1.587
2025-07-24 13:35:59.298,1.577,1.577,1.684,1.461,1.559,1.551,1.468,1.547,1.574,1.586
2025-07-24 13:35:59.349,1.578,1.577,1.684,1.461,1.561,1.551,1.466,1.548,1.573,1.586
2025-07-24 13:35:59.399,1.577,1.577,1.685,1.461,1.573,1.553,1.466,1.548,1.574,1.586
2025-07-24 13:35:59.449,1.577,1.577,1.685,1.461,1.557,1.554,1.467,1.548,1.573,1.586
2025-07-24 13:35:59.499,1.577,1.577,1.685,1.461,1.532,1.554,1.466,1.548,1.573,1.586
2025-07-24 13:35:59.548,1.577,1.577,1.685,1.461,1.499,1.554,1.467,1.548,1.574,1.586
2025-07-24 13:35:59.599,1.577,1.577,1.685,1.461,1.454,1.554,1.467,1.548,1.573,1.585
2025-07-24 13:35:59.648,1.577,1.576,1.685,1.461,1.406,1.553,1.467,1.548,1.573,1.585
2025-07-24 13:35:59.699,1.577,1.577,1.685,1.461,1.341,1.552,1.467,1.548,1.573,1.586
2025-07-24 13:35:59.748,1.577,1.576,1.685,1.46,1.261,1.549,1.467,1.548,1.574,1.586
2025-07-24 13:35:59.799,1.577,1.577,1.685,1.461,1.193,1.546,1.468,1.548,1.574,1.586
2025-07-24 13:35:59.849,1.577,1.576,1.685,1.461,1.168,1.544,1.468,1.548,1.574,1.585
2025-07-24 13:35:59.899,1.577,1.577,1.685,1.461,1.166,1.54,1.466,1.548,1.574,1.585
2025-07-24 13:35:59.949,1.577,1.577,1.685,1.461,1.2,1.537,1.467,1.548,1.573,1.586
2025-07-24 13:35:59.998,1.576,1.576,1.685,1.461,1.263,1.534,1.468,1.548,1.574,1.586
2025-07-24 13:36:00.049,1.577,1.575,1.685,1.461,1.345,1.532,1.466,1.548,1.573,1.586
2025-07-24 13:36:00.099,1.576,1.577,1.685,1.461,1.425,1.532,1.467,1.548,1.575,1.585
2025-07-24 13:36:00.149,1.577,1.576,1.685,1.46,1.492,1.533,1.466,1.548,1.573,1.585
2025-07-24 13:36:00.199,1.577,1.576,1.685,1.46,1.548,1.535,1.468,1.548,1.573,1.585
2025-07-24 13:36:00.249,1.577,1.577,1.685,1.46,1.554,1.536,1.466,1.548,1.573,1.585
2025-07-24 13:36:00.299,1.577,1.577,1.685,1.461,1.561,1.538,1.466,1.548,1.573,1.585
2025-07-24 13:36:00.349,1.577,1.577,1.685,1.461,1.561,1.54,1.466,1.548,1.574,1.585
2025-07-24 13:36:00.399,1.577,1.577,1.685,1.461,1.563,1.541,1.466,1.548,1.573,1.585
2025-07-24 13:36:00.448,1.577,1.577,1.685,1.461,1.563,1.542,1.467,1.548,1.573,1.585
2025-07-24 13:36:00.499,1.577,1.577,1.685,1.461,1.565,1.544,1.467,1.548,1.574,1.585
2025-07-24 13:36:00.549,1.577,1.577,1.685,1.461,1.565,1.546,1.466,1.548,1.574,1.586
2025-07-24 13:36:00.600,1.577,1.577,1.685,1.461,1.565,1.546,1.467,1.548,1.573,1.585
2025-07-24 13:36:00.649,1.577,1.576,1.685,1.461,1.563,1.548,1.465,1.548,1.573,1.585
2025-07-24 13:36:00.698,1.577,1.577,1.685,1.461,1.565,1.549,1.466,1.548,1.574,1.584
2025-07-24 13:36:00.749,1.577,1.577,1.685,1.461,1.564,1.551,1.466,1.548,1.573,1.584
2025-07-24 13:36:00.800,1.577,1.577,1.685,1.46,1.556,1.552,1.467,1.548,1.574,1.584
2025-07-24 13:36:00.848,1.577,1.576,1.685,1.461,1.535,1.553,1.466,1.548,1.574,1.585
2025-07-24 13:36:00.899,1.577,1.577,1.685,1.461,1.506,1.553,1.468,1.548,1.573,1.585
2025-07-24 13:36:00.949,1.577,1.576,1.685,1.461,1.464,1.553,1.468,1.548,1.573,1.584
2025-07-24 13:36:00.999,1.577,1.577,1.685,1.461,1.426,1.552,1.468,1.548,1.573,1.583
2025-07-24 13:36:01.049,1.577,1.577,1.685,1.461,1.376,1.551,1.466,1.548,1.573,1.584
2025-07-24 13:36:01.099,1.577,1.577,1.685,1.461,1.313,1.551,1.467,1.548,1.574,1.584
2025-07-24 13:36:01.149,1.578,1.577,1.685,1.461,1.237,1.547,1.466,1.548,1.573,1.583
2025-07-24 13:36:01.199,1.577,1.577,1.685,1.461,1.2,1.544,1.466,1.548,1.573,1.584
2025-07-24 13:36:01.249,1.577,1.577,1.684,1.46,1.188,1.542,1.466,1.549,1.573,1.583
2025-07-24 13:36:01.299,1.577,1.577,1.685,1.46,1.187,1.538,1.467,1.548,1.574,1.584
2025-07-24 13:36:01.348,1.578,1.577,1.685,1.461,1.238,1.536,1.467,1.548,1.573,1.583
2025-07-24 13:36:01.399,1.577,1.577,1.685,1.461,1.306,1.534,1.466,1.548,1.573,1.584
2025-07-24 13:36:01.449,1.577,1.576,1.685,1.461,1.391,1.533,1.468,1.548,1.573,1.583
2025-07-24 13:36:01.499,1.578,1.577,1.685,1.46,1.465,1.533,1.467,1.548,1.574,1.583
2025-07-24 13:36:01.548,1.578,1.577,1.685,1.46,1.524,1.534,1.466,1.548,1.573,1.583
2025-07-24 13:36:01.599,1.577,1.576,1.685,1.461,1.543,1.536,1.466,1.548,1.573,1.583
2025-07-24 13:36:01.649,1.577,1.577,1.685,1.461,1.551,1.537,1.466,1.548,1.573,1.583
2025-07-24 13:36:01.699,1.577,1.577,1.685,1.46,1.559,1.539,1.466,1.548,1.573,1.583
2025-07-24 13:36:01.749,1.578,1.577,1.685,1.461,1.56,1.539,1.467,1.548,1.573,1.583
2025-07-24 13:36:01.800,1.578,1.577,1.685,1.461,1.561,1.54,1.466,1.548,1.573,1.583
2025-07-24 13:36:01.850,1.577,1.577,1.685,1.461,1.561,1.543,1.468,1.548,1.573,1.583
2025-07-24 13:36:01.900,1.577,1.576,1.685,1.461,1.565,1.544,1.466,1.548,1.573,1.583
2025-07-24 13:36:01.949,1.577,1.577,1.685,1.461,1.566,1.546,1.466,1.548,1.573,1.583
2025-07-24 13:36:02.000,1.577,1.577,1.684,1.461,1.564,1.548,1.467,1.548,1.573,1.583
2025-07-24 13:36:02.049,1.577,1.577,1.685,1.461,1.557,1.548,1.466,1.548,1.573,1.583
2025-07-24 13:36:02.100,1.578,1.577,1.685,1.46,1.564,1.549,1.466,1.547,1.574,1.583
2025-07-24 13:36:02.150,1.577,1.577,1.685,1.46,1.561,1.55,1.467,1.548,1.573,1.582
2025-07-24 13:36:02.199,1.577,1.576,1.685,1.461,1.564,1.552,1.466,1.548,1.573,1.582
2025-07-24 13:36:02.250,1.578,1.577,1.685,1.461,1.559,1.553,1.467,1.548,1.573,1.582
2025-07-24 13:36:02.300,1.578,1.577,1.684,1.46,1.55,1.554,1.466,1.548,1.573,1.583
2025-07-24 13:36:02.348,1.577,1.576,1.684,1.461,1.519,1.554,1.466,1.547,1.573,1.582
2025-07-24 13:36:02.399,1.578,1.576,1.685,1.461,1.48,1.554,1.467,1.547,1.573,1.582
2025-07-24 13:36:02.449,1.577,1.577,1.685,1.46,1.443,1.554,1.466,1.547,1.573,1.582
2025-07-24 13:36:02.499,1.577,1.577,1.685,1.461,1.383,1.553,1.466,1.547,1.573,1.582
2025-07-24 13:36:02.549,1.577,1.577,1.685,1.461,1.308,1.551,1.466,1.548,1.573,1.582
2025-07-24 13:36:02.599,1.577,1.575,1.685,1.461,1.216,1.548,1.466,1.548,1.572,1.582
2025-07-24 13:36:02.650,1.577,1.577,1.685,1.461,1.184,1.545,1.467,1.548,1.572,1.582
2025-07-24 13:36:02.700,1.577,1.577,1.685,1.461,1.181,1.542,1.467,1.548,1.572,1.582
2025-07-24 13:36:02.750,1.577,1.577,1.684,1.461,1.204,1.54,1.466,1.548,1.573,1.582
2025-07-24 13:36:02.800,1.577,1.576,1.685,1.461,1.254,1.536,1.467,1.548,1.572,1.582
2025-07-24 13:36:02.849,1.577,1.577,1.685,1.461,1.329,1.535,1.466,1.547,1.572,1.583
2025-07-24 13:36:02.900,1.577,1.577,1.685,1.461,1.394,1.534,1.468,1.548,1.573,1.583
2025-07-24 13:36:02.950,1.578,1.577,1.685,1.461,1.466,1.535,1.466,1.547,1.572,1.583
2025-07-24 13:36:03.000,1.577,1.577,1.685,1.46,1.511,1.536,1.466,1.548,1.573,1.582
2025-07-24 13:36:03.050,1.577,1.577,1.685,1.461,1.545,1.536,1.466,1.548,1.573,1.583
2025-07-24 13:36:03.100,1.577,1.577,1.686,1.461,1.557,1.539,1.467,1.548,1.573,1.584
2025-07-24 13:36:03.149,1.578,1.577,1.685,1.46,1.564,1.541,1.466,1.548,1.573,1.583
2025-07-24 13:36:03.200,1.578,1.577,1.685,1.461,1.561,1.541,1.467,1.548,1.573,1.583
2025-07-24 13:36:03.250,1.577,1.577,1.685,1.46,1.561,1.543,1.466,1.548,1.573,1.582
2025-07-24 13:36:03.300,1.578,1.577,1.686,1.461,1.565,1.545,1.467,1.548,1.573,1.583
2025-07-24 13:36:03.350,1.578,1.577,1.685,1.46,1.565,1.546,1.466,1.548,1.573,1.583
2025-07-24 13:36:03.400,1.578,1.577,1.686,1.461,1.567,1.547,1.467,1.548,1.573,1.583
2025-07-24 13:36:03.450,1.579,1.577,1.685,1.461,1.565,1.548,1.467,1.548,1.573,1.583
2025-07-24 13:36:03.500,1.578,1.577,1.686,1.461,1.57,1.55,1.467,1.548,1.573,1.583
2025-07-24 13:36:03.550,1.578,1.577,1.686,1.461,1.573,1.552,1.466,1.548,1.573,1.584
2025-07-24 13:36:03.600,1.578,1.577,1.685,1.461,1.573,1.553,1.467,1.549,1.573,1.583
2025-07-24 13:36:03.650,1.578,1.577,1.686,1.461,1.563,1.555,1.468,1.548,1.574,1.584
2025-07-24 13:36:03.699,1.578,1.578,1.686,1.461,1.529,1.554,1.47,1.549,1.573,1.584
2025-07-24 13:36:03.751,1.578,1.578,1.686,1.46,1.495,1.555,1.467,1.548,1.573,1.585
2025-07-24 13:36:03.801,1.58,1.577,1.686,1.461,1.445,1.556,1.467,1.548,1.573,1.584
2025-07-24 13:36:03.850,1.578,1.577,1.685,1.46,1.395,1.554,1.469,1.549,1.574,1.584
2025-07-24 13:36:03.900,1.579,1.577,1.686,1.46,1.341,1.552,1.468,1.549,1.575,1.584
2025-07-24 13:36:03.950,1.579,1.577,1.686,1.461,1.284,1.551,1.467,1.549,1.575,1.584
2025-07-24 13:36:04.000,1.579,1.578,1.686,1.461,1.218,1.547,1.47,1.549,1.574,1.584
2025-07-24 13:36:04.050,1.579,1.577,1.686,1.461,1.184,1.544,1.469,1.549,1.574,1.585
2025-07-24 13:36:04.100,1.578,1.578,1.686,1.461,1.179,1.542,1.468,1.549,1.575,1.585
2025-07-24 13:36:04.150,1.579,1.577,1.686,1.461,1.191,1.539,1.468,1.549,1.575,1.585
2025-07-24 13:36:04.200,1.58,1.577,1.686,1.461,1.25,1.537,1.468,1.55,1.575,1.585
2025-07-24 13:36:04.250,1.58,1.578,1.686,1.461,1.329,1.534,1.469,1.549,1.575,1.585
2025-07-24 13:36:04.301,1.58,1.578,1.686,1.461,1.414,1.532,1.468,1.549,1.575,1.586
2025-07-24 13:36:04.349,1.579,1.579,1.686,1.461,1.483,1.534,1.467,1.549,1.575,1.586
2025-07-24 13:36:04.400,1.58,1.578,1.686,1.461,1.528,1.535,1.469,1.549,1.576,1.585
2025-07-24 13:36:04.450,1.578,1.578,1.687,1.461,1.558,1.536,1.469,1.55,1.575,1.586
2025-07-24 13:36:04.500,1.578,1.578,1.686,1.461,1.548,1.538,1.467,1.549,1.576,1.586
2025-07-24 13:36:04.550,1.579,1.579,1.687,1.461,1.561,1.54,1.469,1.549,1.576,1.586
2025-07-24 13:36:04.600,1.577,1.577,1.687,1.461,1.561,1.541,1.469,1.549,1.577,1.586
2025-07-24 13:36:04.651,1.58,1.577,1.687,1.461,1.565,1.543,1.468,1.55,1.576,1.586
2025-07-24 13:36:04.700,1.578,1.578,1.687,1.461,1.561,1.544,1.467,1.55,1.576,1.586
2025-07-24 13:36:04.750,1.578,1.577,1.687,1.461,1.565,1.546,1.469,1.549,1.577,1.586
2025-07-24 13:36:04.800,1.578,1.578,1.686,1.461,1.569,1.547,1.467,1.549,1.577,1.587
2025-07-24 13:36:04.850,1.578,1.578,1.688,1.46,1.566,1.548,1.467,1.549,1.576,1.586
2025-07-24 13:36:04.900,1.578,1.578,1.686,1.461,1.557,1.549,1.467,1.548,1.576,1.586
2025-07-24 13:36:04.950,1.578,1.578,1.686,1.461,1.563,1.552,1.468,1.548,1.576,1.586
2025-07-24 13:36:05.001,1.577,1.578,1.686,1.461,1.565,1.553,1.468,1.549,1.576,1.587
2025-07-24 13:36:05.051,1.577,1.578,1.685,1.461,1.565,1.554,1.467,1.549,1.577,1.586
2025-07-24 13:36:05.100,1.578,1.577,1.686,1.461,1.562,1.555,1.467,1.549,1.577,1.586
2025-07-24 13:36:05.150,1.577,1.578,1.686,1.461,1.553,1.557,1.466,1.549,1.577,1.587
2025-07-24 13:36:05.200,1.577,1.578,1.686,1.461,1.541,1.557,1.47,1.549,1.577,1.587
2025-07-24 13:36:05.251,1.577,1.578,1.687,1.461,1.497,1.557,1.468,1.549,1.576,1.587
2025-07-24 13:36:05.300,1.578,1.577,1.686,1.461,1.444,1.557,1.469,1.548,1.577,1.587
2025-07-24 13:36:05.350,1.577,1.577,1.686,1.462,1.384,1.556,1.468,1.549,1.577,1.587
2025-07-24 13:36:05.400,1.577,1.578,1.686,1.461,1.313,1.553,1.468,1.549,1.577,1.587
2025-07-24 13:36:05.450,1.578,1.577,1.687,1.461,1.229,1.551,1.468,1.548,1.577,1.588
2025-07-24 13:36:05.500,1.578,1.577,1.686,1.461,1.175,1.548,1.468,1.548,1.577,1.587
2025-07-24 13:36:05.550,1.578,1.578,1.686,1.461,1.162,1.544,1.468,1.55,1.577,1.588
2025-07-24 13:36:05.600,1.578,1.578,1.687,1.461,1.16,1.54,1.469,1.549,1.577,1.587
2025-07-24 13:36:05.650,1.578,1.578,1.686,1.461,1.193,1.537,1.468,1.549,1.577,1.587
2025-07-24 13:36:05.700,1.578,1.578,1.686,1.461,1.25,1.535,1.47,1.549,1.577,1.586
2025-07-24 13:36:05.750,1.578,1.577,1.686,1.461,1.329,1.534,1.468,1.548,1.576,1.587
2025-07-24 13:36:05.801,1.578,1.577,1.687,1.461,1.412,1.532,1.467,1.548,1.577,1.587
2025-07-24 13:36:05.851,1.578,1.577,1.687,1.461,1.49,1.533,1.466,1.549,1.577,1.588
2025-07-24 13:36:05.901,1.577,1.577,1.687,1.461,1.527,1.534,1.467,1.548,1.577,1.587
2025-07-24 13:36:05.950,1.578,1.577,1.686,1.461,1.553,1.536,1.468,1.549,1.577,1.588
2025-07-24 13:36:06.001,1.579,1.578,1.686,1.461,1.556,1.537,1.467,1.549,1.577,1.587
2025-07-24 13:36:06.050,1.578,1.578,1.686,1.461,1.563,1.538,1.467,1.549,1.577,1.588
2025-07-24 13:36:06.101,1.577,1.577,1.685,1.461,1.559,1.542,1.467,1.549,1.577,1.587
2025-07-24 13:36:06.150,1.578,1.577,1.686,1.461,1.571,1.543,1.467,1.549,1.576,1.588
2025-07-24 13:36:06.200,1.577,1.578,1.686,1.461,1.565,1.544,1.467,1.549,1.577,1.587
2025-07-24 13:36:06.251,1.579,1.577,1.686,1.461,1.561,1.546,1.468,1.548,1.577,1.588
2025-07-24 13:36:06.301,1.578,1.577,1.685,1.461,1.566,1.547,1.467,1.548,1.576,1.588
2025-07-24 13:36:06.351,1.578,1.577,1.685,1.461,1.568,1.548,1.467,1.549,1.575,1.588
2025-07-24 13:36:06.401,1.579,1.577,1.686,1.461,1.568,1.549,1.468,1.549,1.576,1.587
2025-07-24 13:36:06.451,1.578,1.577,1.685,1.461,1.565,1.551,1.466,1.549,1.576,1.588
2025-07-24 13:36:06.501,1.578,1.577,1.686,1.461,1.565,1.551,1.466,1.549,1.576,1.588
2025-07-24 13:36:06.550,1.578,1.577,1.685,1.461,1.564,1.553,1.467,1.549,1.576,1.588
2025-07-24 13:36:06.601,1.578,1.577,1.685,1.461,1.544,1.553,1.466,1.548,1.576,1.587
2025-07-24 13:36:06.650,1.578,1.577,1.685,1.461,1.512,1.554,1.468,1.548,1.575,1.587
2025-07-24 13:36:06.701,1.578,1.577,1.686,1.461,1.474,1.555,1.468,1.549,1.576,1.587
2025-07-24 13:36:06.750,1.579,1.577,1.685,1.461,1.431,1.554,1.467,1.548,1.575,1.588
2025-07-24 13:36:06.801,1.579,1.577,1.686,1.461,1.378,1.553,1.467,1.548,1.576,1.588
2025-07-24 13:36:06.851,1.579,1.578,1.685,1.461,1.31,1.551,1.467,1.548,1.575,1.588
2025-07-24 13:36:06.900,1.578,1.577,1.686,1.461,1.232,1.548,1.467,1.548,1.575,1.587
2025-07-24 13:36:06.951,1.578,1.577,1.685,1.461,1.179,1.545,1.466,1.549,1.575,1.587
2025-07-24 13:36:07.001,1.578,1.577,1.685,1.461,1.168,1.542,1.467,1.548,1.575,1.587
2025-07-24 13:36:07.051,1.577,1.577,1.685,1.461,1.175,1.538,1.467,1.548,1.575,1.587
2025-07-24 13:36:07.101,1.578,1.577,1.686,1.461,1.211,1.535,1.467,1.548,1.576,1.588
2025-07-24 13:36:07.151,1.578,1.577,1.685,1.461,1.289,1.534,1.466,1.548,1.575,1.587
2025-07-24 13:36:07.201,1.579,1.577,1.685,1.461,1.365,1.532,1.468,1.548,1.576,1.587
2025-07-24 13:36:07.251,1.578,1.577,1.685,1.461,1.446,1.532,1.466,1.548,1.575,1.586
2025-07-24 13:36:07.300,1.578,1.577,1.685,1.461,1.51,1.532,1.466,1.548,1.574,1.587
2025-07-24 13:36:07.351,1.578,1.577,1.686,1.461,1.539,1.535,1.466,1.548,1.576,1.587
2025-07-24 13:36:07.401,1.578,1.577,1.685,1.461,1.553,1.536,1.466,1.548,1.574,1.587
2025-07-24 13:36:07.451,1.579,1.577,1.685,1.461,1.553,1.538,1.466,1.548,1.574,1.586
2025-07-24 13:36:07.501,1.577,1.577,1.685,1.461,1.56,1.538,1.466,1.548,1.575,1.586
2025-07-24 13:36:07.551,1.577,1.577,1.685,1.461,1.562,1.541,1.466,1.548,1.575,1.586
2025-07-24 13:36:07.601,1.579,1.577,1.685,1.461,1.561,1.542,1.466,1.548,1.574,1.586
2025-07-24 13:36:07.652,1.578,1.577,1.685,1.461,1.566,1.544,1.468,1.548,1.575,1.587
2025-07-24 13:36:07.702,1.577,1.577,1.685,1.461,1.566,1.545,1.466,1.549,1.575,1.587
2025-07-24 13:36:07.751,1.578,1.577,1.686,1.461,1.565,1.545,1.468,1.548,1.575,1.586
2025-07-24 13:36:07.800,1.578,1.577,1.685,1.461,1.566,1.548,1.465,1.548,1.575,1.587
2025-07-24 13:36:07.851,1.578,1.577,1.685,1.461,1.569,1.549,1.467,1.548,1.575,1.587
2025-07-24 13:36:07.900,1.578,1.577,1.685,1.461,1.567,1.551,1.467,1.548,1.574,1.586
2025-07-24 13:36:07.951,1.578,1.577,1.686,1.461,1.565,1.552,1.466,1.548,1.575,1.586
2025-07-24 13:36:08.002,1.577,1.577,1.685,1.461,1.567,1.553,1.467,1.548,1.575,1.586
2025-07-24 13:36:08.051,1.577,1.577,1.685,1.461,1.56,1.553,1.466,1.548,1.575,1.586
2025-07-24 13:36:08.101,1.577,1.576,1.685,1.461,1.55,1.554,1.467,1.548,1.574,1.586
2025-07-24 13:36:08.151,1.577,1.577,1.685,1.461,1.529,1.554,1.467,1.548,1.574,1.586
2025-07-24 13:36:08.201,1.577,1.577,1.685,1.461,1.482,1.555,1.467,1.548,1.575,1.586
2025-07-24 13:36:08.251,1.577,1.577,1.685,1.461,1.424,1.555,1.468,1.548,1.576,1.587
2025-07-24 13:36:08.302,1.577,1.577,1.685,1.461,1.354,1.553,1.467,1.548,1.574,1.586
2025-07-24 13:36:08.351,1.577,1.577,1.686,1.461,1.271,1.551,1.468,1.548,1.574,1.587
2025-07-24 13:36:08.400,1.577,1.577,1.686,1.461,1.191,1.549,1.47,1.549,1.575,1.587
2025-07-24 13:36:08.452,1.578,1.577,1.686,1.461,1.169,1.545,1.467,1.549,1.575,1.587
2025-07-24 13:36:08.501,1.578,1.577,1.685,1.461,1.159,1.541,1.468,1.549,1.575,1.586
2025-07-24 13:36:08.551,1.578,1.578,1.686,1.461,1.169,1.539,1.47,1.549,1.575,1.587
2025-07-24 13:36:08.602,1.578,1.578,1.686,1.461,1.206,1.536,1.47,1.549,1.575,1.588
2025-07-24 13:36:08.651,1.578,1.577,1.686,1.461,1.275,1.532,1.468,1.549,1.575,1.587
2025-07-24 13:36:08.702,1.578,1.578,1.686,1.461,1.356,1.532,1.467,1.549,1.576,1.587
2025-07-24 13:36:08.751,1.578,1.577,1.686,1.461,1.442,1.532,1.468,1.549,1.575,1.587
2025-07-24 13:36:08.802,1.578,1.578,1.687,1.461,1.518,1.533,1.466,1.549,1.575,1.587
2025-07-24 13:36:08.852,1.58,1.577,1.686,1.461,1.546,1.535,1.467,1.548,1.576,1.588
2025-07-24 13:36:08.901,1.579,1.578,1.687,1.461,1.565,1.536,1.467,1.549,1.575,1.587
2025-07-24 13:36:08.951,1.579,1.577,1.686,1.461,1.569,1.539,1.466,1.549,1.576,1.587
2025-07-24 13:36:09.001,1.578,1.577,1.686,1.461,1.567,1.54,1.468,1.548,1.576,1.588
2025-07-24 13:36:09.051,1.578,1.578,1.687,1.461,1.562,1.542,1.466,1.549,1.577,1.588
2025-07-24 13:36:09.102,1.579,1.577,1.686,1.461,1.565,1.543,1.468,1.549,1.576,1.588
2025-07-24 13:36:09.151,1.58,1.578,1.686,1.461,1.571,1.544,1.468,1.549,1.576,1.588
2025-07-24 13:36:09.201,1.579,1.578,1.687,1.461,1.565,1.546,1.469,1.549,1.577,1.589
2025-07-24 13:36:09.252,1.579,1.577,1.687,1.461,1.567,1.548,1.467,1.549,1.577,1.589
2025-07-24 13:36:09.301,1.579,1.579,1.686,1.461,1.565,1.548,1.469,1.55,1.577,1.588
2025-07-24 13:36:09.352,1.58,1.578,1.686,1.461,1.569,1.55,1.469,1.55,1.577,1.588
2025-07-24 13:36:09.401,1.58,1.578,1.687,1.461,1.565,1.552,1.468,1.549,1.577,1.588
2025-07-24 13:36:09.452,1.579,1.578,1.687,1.461,1.568,1.553,1.47,1.549,1.577,1.588
2025-07-24 13:36:09.501,1.579,1.578,1.687,1.461,1.558,1.554,1.467,1.55,1.577,1.589
2025-07-24 13:36:09.551,1.58,1.578,1.687,1.461,1.54,1.555,1.468,1.55,1.577,1.589
2025-07-24 13:36:09.602,1.579,1.578,1.687,1.461,1.495,1.555,1.468,1.549,1.577,1.589
2025-07-24 13:36:09.651,1.58,1.579,1.686,1.461,1.455,1.554,1.468,1.55,1.577,1.589
2025-07-24 13:36:09.701,1.58,1.578,1.686,1.461,1.415,1.554,1.469,1.55,1.577,1.589
2025-07-24 13:36:09.751,1.58,1.578,1.687,1.461,1.352,1.553,1.469,1.549,1.578,1.589
2025-07-24 13:36:09.801,1.58,1.579,1.686,1.461,1.267,1.551,1.468,1.55,1.577,1.589
2025-07-24 13:36:09.852,1.58,1.579,1.687,1.461,1.204,1.548,1.469,1.549,1.577,1.589
2025-07-24 13:36:09.902,1.58,1.578,1.687,1.461,1.171,1.544,1.469,1.55,1.577,1.588
2025-07-24 13:36:09.952,1.581,1.578,1.687,1.461,1.171,1.541,1.469,1.549,1.577,1.589
2025-07-24 13:36:10.001,1.581,1.577,1.686,1.461,1.205,1.538,1.469,1.549,1.577,1.59
2025-07-24 13:36:10.051,1.581,1.579,1.686,1.461,1.271,1.536,1.468,1.549,1.577,1.589
2025-07-24 13:36:10.102,1.581,1.579,1.686,1.461,1.341,1.535,1.468,1.549,1.577,1.589
2025-07-24 13:36:10.151,1.582,1.577,1.687,1.461,1.411,1.533,1.467,1.549,1.577,1.589
2025-07-24 13:36:10.202,1.582,1.579,1.687,1.461,1.478,1.534,1.468,1.55,1.577,1.589
2025-07-24 13:36:10.251,1.581,1.579,1.687,1.461,1.526,1.537,1.47,1.549,1.577,1.589
2025-07-24 13:36:10.302,1.581,1.579,1.687,1.461,1.548,1.537,1.469,1.549,1.577,1.589
2025-07-24 13:36:10.351,1.581,1.578,1.687,1.461,1.554,1.539,1.466,1.55,1.577,1.589
2025-07-24 13:36:10.401,1.582,1.578,1.687,1.461,1.557,1.541,1.469,1.55,1.577,1.589
2025-07-24 13:36:10.451,1.581,1.579,1.687,1.461,1.563,1.542,1.469,1.549,1.577,1.589
2025-07-24 13:36:10.501,1.582,1.579,1.687,1.461,1.566,1.544,1.469,1.549,1.577,1.589
2025-07-24 13:36:10.551,1.581,1.578,1.686,1.461,1.565,1.545,1.468,1.549,1.578,1.59
2025-07-24 13:36:10.601,1.582,1.578,1.687,1.461,1.561,1.547,1.468,1.549,1.577,1.59
2025-07-24 13:36:10.651,1.582,1.579,1.687,1.461,1.566,1.548,1.468,1.549,1.577,1.589
2025-07-24 13:36:10.702,1.581,1.578,1.686,1.461,1.561,1.548,1.468,1.549,1.577,1.589
2025-07-24 13:36:10.752,1.582,1.578,1.687,1.461,1.565,1.551,1.468,1.549,1.577,1.589
2025-07-24 13:36:10.802,1.582,1.578,1.686,1.461,1.563,1.552,1.468,1.549,1.577,1.589
2025-07-24 13:36:10.852,1.581,1.578,1.687,1.461,1.562,1.553,1.467,1.549,1.577,1.59
2025-07-24 13:36:10.902,1.582,1.578,1.686,1.461,1.548,1.554,1.467,1.549,1.577,1.589
2025-07-24 13:36:10.952,1.582,1.578,1.687,1.461,1.519,1.554,1.466,1.549,1.577,1.589
2025-07-24 13:36:11.002,1.581,1.577,1.686,1.461,1.481,1.555,1.467,1.55,1.577,1.589
2025-07-24 13:36:11.051,1.582,1.578,1.686,1.462,1.439,1.556,1.468,1.55,1.577,1.59
2025-07-24 13:36:11.101,1.582,1.579,1.687,1.461,1.388,1.553,1.469,1.55,1.577,1.589
2025-07-24 13:36:11.152,1.582,1.578,1.687,1.461,1.32,1.551,1.469,1.55,1.577,1.59
2025-07-24 13:36:11.202,1.582,1.578,1.686,1.461,1.259,1.549,1.469,1.55,1.578,1.59
2025-07-24 13:36:11.252,1.582,1.578,1.687,1.461,1.197,1.547,1.467,1.55,1.577,1.59
2025-07-24 13:36:11.302,1.582,1.579,1.687,1.461,1.17,1.544,1.469,1.549,1.577,1.59
2025-07-24 13:36:11.352,1.582,1.578,1.687,1.461,1.167,1.539,1.47,1.55,1.578,1.59
2025-07-24 13:36:11.402,1.582,1.579,1.686,1.461,1.199,1.536,1.467,1.548,1.577,1.59
2025-07-24 13:36:11.452,1.583,1.578,1.685,1.461,1.265,1.535,1.468,1.548,1.577,1.59
2025-07-24 13:36:11.502,1.582,1.579,1.685,1.461,1.355,1.533,1.468,1.549,1.577,1.589
2025-07-24 13:36:11.552,1.582,1.579,1.686,1.461,1.441,1.532,1.467,1.549,1.577,1.589
2025-07-24 13:36:11.602,1.581,1.578,1.686,1.462,1.507,1.534,1.466,1.549,1.577,1.589
2025-07-24 13:36:11.652,1.581,1.578,1.687,1.461,1.543,1.535,1.467,1.549,1.577,1.589
2025-07-24 13:36:11.702,1.582,1.578,1.686,1.462,1.558,1.536,1.468,1.55,1.577,1.59
2025-07-24 13:36:11.752,1.582,1.578,1.687,1.461,1.562,1.538,1.467,1.548,1.577,1.589
2025-07-24 13:36:11.802,1.582,1.577,1.686,1.461,1.565,1.54,1.467,1.549,1.577,1.589
2025-07-24 13:36:11.852,1.581,1.579,1.687,1.461,1.562,1.541,1.467,1.55,1.577,1.59
2025-07-24 13:36:11.902,1.582,1.578,1.686,1.461,1.569,1.544,1.467,1.549,1.577,1.59
2025-07-24 13:36:11.952,1.582,1.578,1.686,1.462,1.572,1.544,1.466,1.549,1.577,1.59
2025-07-24 13:36:12.002,1.582,1.578,1.686,1.461,1.563,1.546,1.468,1.548,1.577,1.59
2025-07-24 13:36:12.053,1.582,1.577,1.686,1.461,1.566,1.548,1.466,1.548,1.577,1.589
2025-07-24 13:36:12.102,1.582,1.579,1.685,1.461,1.57,1.548,1.466,1.548,1.577,1.589
2025-07-24 13:36:12.152,1.582,1.578,1.685,1.461,1.564,1.55,1.466,1.549,1.577,1.589
2025-07-24 13:36:12.202,1.581,1.578,1.686,1.461,1.57,1.551,1.467,1.549,1.577,1.589
2025-07-24 13:36:12.252,1.582,1.577,1.685,1.461,1.565,1.553,1.467,1.548,1.577,1.59
2025-07-24 13:36:12.303,1.582,1.577,1.685,1.461,1.573,1.553,1.467,1.548,1.577,1.589
2025-07-24 13:36:12.352,1.581,1.578,1.686,1.461,1.552,1.554,1.469,1.548,1.576,1.589
2025-07-24 13:36:12.403,1.581,1.578,1.686,1.461,1.524,1.555,1.468,1.549,1.576,1.589
2025-07-24 13:36:12.452,1.582,1.578,1.686,1.461,1.484,1.554,1.468,1.549,1.575,1.589
2025-07-24 13:36:12.502,1.582,1.578,1.685,1.461,1.436,1.555,1.466,1.549,1.576,1.589
2025-07-24 13:36:12.552,1.581,1.577,1.685,1.461,1.387,1.553,1.468,1.548,1.576,1.589
2025-07-24 13:36:12.602,1.581,1.577,1.685,1.461,1.327,1.552,1.467,1.548,1.576,1.589
2025-07-24 13:36:12.652,1.581,1.577,1.685,1.461,1.258,1.549,1.467,1.548,1.575,1.588
2025-07-24 13:36:12.702,1.582,1.579,1.686,1.461,1.194,1.546,1.467,1.548,1.576,1.589
2025-07-24 13:36:12.753,1.581,1.577,1.686,1.461,1.165,1.543,1.467,1.548,1.577,1.588
2025-07-24 13:36:12.803,1.582,1.578,1.686,1.461,1.155,1.539,1.467,1.548,1.577,1.588
2025-07-24 13:36:12.853,1.581,1.579,1.686,1.461,1.171,1.536,1.467,1.548,1.575,1.588
2025-07-24 13:36:12.902,1.581,1.578,1.686,1.461,1.218,1.534,1.467,1.548,1.576,1.589
2025-07-24 13:36:12.953,1.582,1.578,1.686,1.461,1.293,1.532,1.468,1.548,1.576,1.588
2025-07-24 13:36:13.002,1.582,1.577,1.685,1.461,1.379,1.531,1.467,1.548,1.575,1.587
2025-07-24 13:36:13.052,1.58,1.577,1.685,1.461,1.456,1.531,1.467,1.548,1.575,1.588
2025-07-24 13:36:13.103,1.58,1.577,1.685,1.461,1.513,1.532,1.466,1.548,1.575,1.588
2025-07-24 13:36:13.152,1.581,1.577,1.685,1.461,1.537,1.533,1.466,1.548,1.576,1.588
2025-07-24 13:36:13.203,1.581,1.577,1.685,1.461,1.559,1.535,1.465,1.548,1.576,1.587
2025-07-24 13:36:13.252,1.581,1.577,1.685,1.461,1.567,1.537,1.465,1.548,1.575,1.587
2025-07-24 13:36:13.302,1.581,1.578,1.685,1.461,1.565,1.538,1.466,1.548,1.575,1.587
2025-07-24 13:36:13.351,1.581,1.578,1.685,1.461,1.568,1.54,1.466,1.548,1.575,1.586
2025-07-24 13:36:13.402,1.58,1.577,1.685,1.461,1.568,1.541,1.466,1.548,1.574,1.588
2025-07-24 13:36:13.452,1.58,1.577,1.685,1.461,1.567,1.543,1.466,1.548,1.574,1.587
2025-07-24 13:36:13.502,1.58,1.577,1.685,1.461,1.562,1.544,1.466,1.548,1.575,1.587
2025-07-24 13:36:13.552,1.58,1.577,1.685,1.461,1.567,1.546,1.466,1.548,1.574,1.587
2025-07-24 13:36:13.602,1.58,1.577,1.685,1.461,1.562,1.546,1.466,1.548,1.574,1.586
2025-07-24 13:36:13.652,1.579,1.577,1.685,1.461,1.566,1.548,1.466,1.548,1.574,1.586
2025-07-24 13:36:13.703,1.579,1.577,1.685,1.461,1.571,1.55,1.466,1.548,1.574,1.587
2025-07-24 13:36:13.752,1.579,1.577,1.685,1.461,1.57,1.55,1.466,1.548,1.574,1.586
2025-07-24 13:36:13.803,1.579,1.577,1.685,1.461,1.557,1.552,1.468,1.548,1.573,1.587
2025-07-24 13:36:13.853,1.578,1.577,1.685,1.461,1.54,1.553,1.466,1.548,1.574,1.587
2025-07-24 13:36:13.903,1.579,1.578,1.685,1.461,1.494,1.554,1.466,1.548,1.574,1.586
2025-07-24 13:36:13.952,1.579,1.577,1.685,1.46,1.452,1.554,1.466,1.547,1.574,1.587
2025-07-24 13:36:14.003,1.58,1.577,1.685,1.461,1.395,1.553,1.466,1.548,1.573,1.586
2025-07-24 13:36:14.053,1.578,1.577,1.685,1.461,1.344,1.551,1.466,1.548,1.574,1.586
2025-07-24 13:36:14.103,1.578,1.577,1.685,1.461,1.287,1.549,1.466,1.548,1.574,1.586
2025-07-24 13:36:14.152,1.578,1.577,1.685,1.461,1.225,1.547,1.466,1.548,1.574,1.586
2025-07-24 13:36:14.203,1.579,1.577,1.686,1.461,1.183,1.544,1.468,1.548,1.574,1.586
2025-07-24 13:36:14.253,1.578,1.577,1.685,1.461,1.165,1.54,1.467,1.548,1.573,1.586
2025-07-24 13:36:14.303,1.577,1.577,1.685,1.461,1.166,1.538,1.467,1.548,1.574,1.586
2025-07-24 13:36:14.352,1.577,1.577,1.686,1.461,1.211,1.535,1.467,1.548,1.574,1.586
2025-07-24 13:36:14.403,1.577,1.577,1.685,1.461,1.27,1.532,1.466,1.548,1.575,1.586
2025-07-24 13:36:14.453,1.578,1.578,1.686,1.461,1.358,1.531,1.466,1.548,1.574,1.586
2025-07-24 13:36:14.503,1.578,1.578,1.686,1.461,1.436,1.532,1.467,1.548,1.573,1.586
2025-07-24 13:36:14.553,1.577,1.577,1.686,1.461,1.499,1.531,1.466,1.548,1.573,1.586
2025-07-24 13:36:14.603,1.577,1.577,1.685,1.461,1.535,1.532,1.467,1.548,1.574,1.586
2025-07-24 13:36:14.653,1.577,1.577,1.685,1.461,1.555,1.535,1.466,1.548,1.573,1.585
2025-07-24 13:36:14.703,1.577,1.577,1.686,1.461,1.563,1.536,1.466,1.548,1.574,1.586
2025-07-24 13:36:14.753,1.578,1.578,1.685,1.461,1.564,1.538,1.466,1.548,1.574,1.586
2025-07-24 13:36:14.803,1.577,1.577,1.685,1.461,1.565,1.54,1.466,1.548,1.574,1.586
2025-07-24 13:36:14.853,1.577,1.577,1.685,1.461,1.567,1.542,1.466,1.548,1.574,1.586
2025-07-24 13:36:14.903,1.577,1.577,1.685,1.461,1.565,1.543,1.466,1.548,1.574,1.586
2025-07-24 13:36:14.953,1.576,1.577,1.686,1.461,1.569,1.544,1.467,1.548,1.574,1.586
2025-07-24 13:36:15.003,1.577,1.578,1.685,1.461,1.566,1.546,1.466,1.549,1.575,1.585
2025-07-24 13:36:15.053,1.577,1.577,1.686,1.461,1.57,1.547,1.465,1.548,1.573,1.585
2025-07-24 13:36:15.103,1.577,1.577,1.685,1.461,1.566,1.548,1.468,1.548,1.573,1.586
2025-07-24 13:36:15.152,1.577,1.577,1.685,1.461,1.57,1.549,1.467,1.548,1.573,1.585
2025-07-24 13:36:15.203,1.577,1.577,1.685,1.461,1.567,1.552,1.466,1.548,1.574,1.585
2025-07-24 13:36:15.253,1.577,1.577,1.685,1.461,1.544,1.551,1.468,1.548,1.573,1.586
2025-07-24 13:36:15.304,1.577,1.577,1.685,1.461,1.509,1.552,1.466,1.549,1.574,1.586
2025-07-24 13:36:15.353,1.576,1.577,1.686,1.461,1.461,1.552,1.466,1.548,1.573,1.585
2025-07-24 13:36:15.403,1.577,1.577,1.686,1.461,1.413,1.552,1.466,1.548,1.574,1.585
2025-07-24 13:36:15.453,1.577,1.577,1.685,1.461,1.363,1.55,1.467,1.548,1.573,1.585
2025-07-24 13:36:15.502,1.577,1.577,1.685,1.461,1.297,1.549,1.467,1.548,1.573,1.585
2025-07-24 13:36:15.554,1.577,1.576,1.686,1.461,1.237,1.546,1.466,1.548,1.574,1.585
2025-07-24 13:36:15.603,1.577,1.577,1.686,1.461,1.191,1.542,1.468,1.548,1.574,1.586
2025-07-24 13:36:15.654,1.577,1.577,1.686,1.461,1.167,1.54,1.466,1.548,1.573,1.585
2025-07-24 13:36:15.704,1.577,1.577,1.687,1.461,1.159,1.536,1.467,1.548,1.575,1.585
2025-07-24 13:36:15.752,1.577,1.577,1.685,1.461,1.173,1.534,1.466,1.548,1.574,1.585
2025-07-24 13:36:15.803,1.577,1.577,1.685,1.461,1.21,1.531,1.466,1.548,1.574,1.584
2025-07-24 13:36:15.852,1.577,1.577,1.686,1.461,1.269,1.528,1.465,1.548,1.574,1.585
2025-07-24 13:36:15.904,1.577,1.577,1.687,1.46,1.348,1.528,1.466,1.548,1.574,1.584
2025-07-24 13:36:15.952,1.577,1.577,1.685,1.461,1.431,1.528,1.466,1.548,1.574,1.585
2025-07-24 13:36:16.004,1.577,1.577,1.685,1.461,1.507,1.528,1.466,1.548,1.574,1.585
2025-07-24 13:36:16.053,1.577,1.577,1.685,1.461,1.542,1.53,1.466,1.548,1.573,1.585
2025-07-24 13:36:16.103,1.578,1.577,1.685,1.461,1.557,1.531,1.466,1.548,1.574,1.585
2025-07-24 13:36:16.153,1.577,1.577,1.685,1.461,1.562,1.534,1.466,1.548,1.574,1.585
2025-07-24 13:36:16.204,1.577,1.577,1.686,1.461,1.565,1.536,1.466,1.548,1.573,1.585
2025-07-24 13:36:16.253,1.578,1.577,1.686,1.461,1.573,1.538,1.466,1.547,1.573,1.585
2025-07-24 13:36:16.304,1.577,1.577,1.685,1.461,1.569,1.54,1.464,1.547,1.573,1.584
2025-07-24 13:36:16.354,1.577,1.577,1.685,1.461,1.569,1.54,1.466,1.548,1.573,1.584
2025-07-24 13:36:16.404,1.577,1.577,1.685,1.461,1.569,1.543,1.466,1.548,1.573,1.584
2025-07-24 13:36:16.454,1.577,1.577,1.685,1.461,1.567,1.544,1.467,1.548,1.573,1.584
2025-07-24 13:36:16.504,1.577,1.577,1.685,1.461,1.565,1.545,1.466,1.548,1.573,1.583
2025-07-24 13:36:16.553,1.578,1.577,1.685,1.461,1.566,1.547,1.467,1.548,1.573,1.584
2025-07-24 13:36:16.604,1.577,1.577,1.685,1.461,1.569,1.548,1.466,1.548,1.573,1.584
2025-07-24 13:36:16.654,1.577,1.577,1.685,1.461,1.573,1.548,1.464,1.548,1.573,1.583
2025-07-24 13:36:16.704,1.577,1.576,1.686,1.461,1.566,1.55,1.466,1.548,1.573,1.582
2025-07-24 13:36:16.754,1.577,1.576,1.685,1.461,1.537,1.552,1.465,1.548,1.573,1.583
2025-07-24 13:36:16.804,1.577,1.577,1.685,1.461,1.499,1.552,1.465,1.547,1.573,1.582
2025-07-24 13:36:16.853,1.577,1.577,1.685,1.461,1.44,1.552,1.466,1.548,1.573,1.583
2025-07-24 13:36:16.903,1.577,1.576,1.685,1.461,1.396,1.552,1.465,1.548,1.573,1.583
2025-07-24 13:36:16.953,1.577,1.576,1.685,1.461,1.341,1.549,1.466,1.548,1.573,1.584
2025-07-24 13:36:17.004,1.578,1.576,1.685,1.461,1.276,1.548,1.466,1.548,1.573,1.583
2025-07-24 13:36:17.054,1.577,1.577,1.686,1.461,1.213,1.544,1.466,1.547,1.573,1.583
2025-07-24 13:36:17.104,1.577,1.577,1.685,1.461,1.178,1.541,1.467,1.548,1.573,1.583
2025-07-24 13:36:17.153,1.577,1.577,1.685,1.461,1.167,1.539,1.466,1.548,1.573,1.583
2025-07-24 13:36:17.204,1.577,1.577,1.685,1.461,1.17,1.536,1.467,1.548,1.573,1.582
2025-07-24 13:36:17.254,1.577,1.577,1.685,1.461,1.191,1.532,1.469,1.548,1.573,1.582
2025-07-24 13:36:17.304,1.577,1.577,1.685,1.461,1.242,1.53,1.466,1.548,1.573,1.583
2025-07-24 13:36:17.353,1.577,1.577,1.686,1.461,1.318,1.528,1.466,1.548,1.572,1.582
2025-07-24 13:36:17.404,1.578,1.577,1.686,1.461,1.403,1.528,1.466,1.547,1.572,1.582
2025-07-24 13:36:17.454,1.578,1.577,1.685,1.461,1.471,1.528,1.465,1.548,1.573,1.582
2025-07-24 13:36:17.503,1.578,1.577,1.685,1.461,1.527,1.529,1.466,1.548,1.573,1.583
2025-07-24 13:36:17.554,1.577,1.577,1.686,1.461,1.553,1.532,1.466,1.548,1.573,1.582
2025-07-24 13:36:17.602,1.577,1.577,1.686,1.461,1.561,1.534,1.465,1.548,1.573,1.583
2025-07-24 13:36:17.654,1.578,1.577,1.685,1.461,1.565,1.536,1.465,1.547,1.573,1.582
2025-07-24 13:36:17.704,1.578,1.577,1.685,1.461,1.568,1.537,1.466,1.548,1.573,1.582
2025-07-24 13:36:17.754,1.577,1.577,1.685,1.461,1.567,1.54,1.465,1.548,1.572,1.582
2025-07-24 13:36:17.804,1.577,1.577,1.685,1.461,1.569,1.54,1.465,1.548,1.572,1.583
2025-07-24 13:36:17.853,1.578,1.577,1.685,1.461,1.57,1.542,1.466,1.548,1.573,1.583
2025-07-24 13:36:17.904,1.577,1.577,1.686,1.461,1.572,1.544,1.466,1.548,1.573,1.583
2025-07-24 13:36:17.954,1.577,1.577,1.686,1.461,1.568,1.545,1.466,1.548,1.572,1.582
2025-07-24 13:36:18.004,1.577,1.577,1.685,1.461,1.569,1.546,1.466,1.548,1.573,1.582
2025-07-24 13:36:18.054,1.577,1.577,1.685,1.461,1.576,1.548,1.465,1.548,1.573,1.582
2025-07-24 13:36:18.104,1.577,1.577,1.685,1.461,1.569,1.549,1.465,1.548,1.573,1.582
2025-07-24 13:36:18.154,1.577,1.577,1.686,1.461,1.554,1.551,1.465,1.548,1.572,1.583
2025-07-24 13:36:18.204,1.577,1.577,1.685,1.461,1.515,1.552,1.466,1.548,1.572,1.583
2025-07-24 13:36:18.254,1.578,1.577,1.685,1.461,1.47,1.552,1.465,1.548,1.573,1.582
2025-07-24 13:36:18.304,1.578,1.577,1.685,1.461,1.427,1.551,1.466,1.548,1.573,1.582
2025-07-24 13:36:18.354,1.577,1.577,1.685,1.461,1.379,1.549,1.468,1.547,1.573,1.582
2025-07-24 13:36:18.404,1.577,1.577,1.686,1.461,1.316,1.548,1.466,1.548,1.572,1.582
2025-07-24 13:36:18.454,1.577,1.577,1.686,1.461,1.245,1.545,1.466,1.548,1.573,1.582
2025-07-24 13:36:18.504,1.577,1.576,1.685,1.461,1.188,1.543,1.466,1.548,1.573,1.582
2025-07-24 13:36:18.555,1.578,1.577,1.685,1.461,1.163,1.54,1.466,1.548,1.573,1.582
2025-07-24 13:36:18.604,1.577,1.577,1.685,1.461,1.165,1.536,1.465,1.548,1.572,1.582
2025-07-24 13:36:18.654,1.578,1.577,1.685,1.461,1.184,1.533,1.466,1.548,1.573,1.582
2025-07-24 13:36:18.704,1.578,1.577,1.685,1.461,1.225,1.531,1.466,1.547,1.572,1.582
2025-07-24 13:36:18.754,1.577,1.577,1.685,1.461,1.287,1.529,1.465,1.548,1.572,1.582
2025-07-24 13:36:18.805,1.577,1.577,1.685,1.461,1.367,1.528,1.465,1.548,1.572,1.582
2025-07-24 13:36:18.855,1.577,1.576,1.685,1.461,1.438,1.528,1.465,1.548,1.573,1.582
2025-07-24 13:36:18.904,1.577,1.576,1.685,1.461,1.502,1.528,1.465,1.547,1.573,1.582
2025-07-24 13:36:18.954,1.577,1.577,1.686,1.461,1.534,1.53,1.466,1.548,1.572,1.582
2025-07-24 13:36:19.004,1.577,1.577,1.685,1.461,1.555,1.532,1.466,1.548,1.572,1.583
2025-07-24 13:36:19.054,1.577,1.577,1.685,1.461,1.563,1.534,1.463,1.546,1.572,1.583
2025-07-24 13:36:19.105,1.577,1.576,1.685,1.461,1.566,1.536,1.463,1.548,1.572,1.583
2025-07-24 13:36:19.154,1.577,1.577,1.685,1.461,1.56,1.537,1.465,1.548,1.571,1.583
2025-07-24 13:36:19.204,1.577,1.577,1.685,1.461,1.565,1.54,1.465,1.548,1.573,1.583
2025-07-24 13:36:19.254,1.577,1.577,1.685,1.461,1.563,1.542,1.466,1.548,1.572,1.583
2025-07-24 13:36:19.304,1.577,1.577,1.685,1.461,1.569,1.542,1.466,1.548,1.572,1.585
2025-07-24 13:36:19.354,1.577,1.576,1.685,1.461,1.568,1.544,1.465,1.547,1.573,1.584
2025-07-24 13:36:19.404,1.577,1.576,1.686,1.461,1.569,1.545,1.465,1.547,1.571,1.584
2025-07-24 13:36:19.455,1.577,1.576,1.685,1.461,1.565,1.546,1.464,1.548,1.572,1.584
2025-07-24 13:36:19.504,1.578,1.577,1.686,1.461,1.567,1.548,1.466,1.547,1.572,1.585
2025-07-24 13:36:19.554,1.577,1.577,1.685,1.461,1.575,1.55,1.467,1.548,1.572,1.585
2025-07-24 13:36:19.604,1.577,1.577,1.685,1.461,1.568,1.55,1.465,1.547,1.572,1.586
2025-07-24 13:36:19.654,1.577,1.577,1.685,1.461,1.541,1.552,1.466,1.548,1.572,1.586
2025-07-24 13:36:19.704,1.577,1.577,1.685,1.461,1.51,1.551,1.466,1.547,1.572,1.585
2025-07-24 13:36:19.754,1.577,1.577,1.685,1.46,1.468,1.552,1.465,1.547,1.572,1.586
2025-07-24 13:36:19.804,1.577,1.576,1.685,1.461,1.424,1.551,1.466,1.548,1.572,1.586
2025-07-24 13:36:19.854,1.577,1.577,1.685,1.461,1.367,1.551,1.466,1.548,1.572,1.586
2025-07-24 13:36:19.904,1.577,1.577,1.685,1.461,1.301,1.548,1.466,1.547,1.572,1.586
2025-07-24 13:36:19.954,1.577,1.577,1.685,1.461,1.222,1.546,1.468,1.547,1.572,1.586
2025-07-24 13:36:20.005,1.577,1.577,1.685,1.461,1.167,1.543,1.466,1.548,1.572,1.586
2025-07-24 13:36:20.054,1.577,1.577,1.685,1.461,1.142,1.539,1.466,1.548,1.571,1.586
2025-07-24 13:36:20.104,1.577,1.577,1.686,1.461,1.149,1.536,1.466,1.548,1.572,1.586
2025-07-24 13:36:20.154,1.577,1.577,1.685,1.461,1.167,1.533,1.466,1.548,1.572,1.586
2025-07-24 13:36:20.205,1.577,1.577,1.685,1.461,1.211,1.53,1.466,1.548,1.572,1.586
2025-07-24 13:36:20.254,1.577,1.577,1.685,1.461,1.272,1.528,1.466,1.548,1.572,1.587
2025-07-24 13:36:20.304,1.577,1.577,1.685,1.461,1.341,1.527,1.465,1.548,1.572,1.586
2025-07-24 13:36:20.355,1.577,1.577,1.685,1.461,1.412,1.526,1.466,1.548,1.572,1.586
2025-07-24 13:36:20.405,1.577,1.576,1.685,1.461,1.486,1.527,1.465,1.548,1.572,1.586
2025-07-24 13:36:20.455,1.577,1.577,1.685,1.461,1.536,1.529,1.467,1.548,1.572,1.587
2025-07-24 13:36:20.505,1.577,1.577,1.686,1.46,1.555,1.53,1.466,1.548,1.572,1.587
2025-07-24 13:36:20.554,1.577,1.577,1.686,1.461,1.563,1.532,1.464,1.548,1.571,1.586
2025-07-24 13:36:20.605,1.577,1.576,1.685,1.461,1.565,1.535,1.465,1.548,1.572,1.587
2025-07-24 13:36:20.654,1.577,1.577,1.685,1.461,1.57,1.536,1.465,1.548,1.572,1.587
2025-07-24 13:36:20.705,1.577,1.578,1.686,1.461,1.57,1.538,1.465,1.547,1.572,1.587
2025-07-24 13:36:20.754,1.577,1.577,1.686,1.461,1.569,1.54,1.466,1.548,1.572,1.587
2025-07-24 13:36:20.804,1.578,1.577,1.685,1.461,1.573,1.541,1.466,1.547,1.572,1.587
2025-07-24 13:36:20.855,1.577,1.576,1.686,1.461,1.569,1.543,1.466,1.547,1.572,1.587
2025-07-24 13:36:20.904,1.577,1.577,1.685,1.461,1.574,1.545,1.465,1.548,1.572,1.587
2025-07-24 13:36:20.954,1.577,1.577,1.686,1.461,1.568,1.546,1.466,1.548,1.572,1.587
2025-07-24 13:36:21.004,1.578,1.577,1.685,1.461,1.571,1.548,1.465,1.547,1.572,1.589
2025-07-24 13:36:21.055,1.578,1.576,1.686,1.46,1.569,1.548,1.467,1.548,1.573,1.588
2025-07-24 13:36:21.104,1.578,1.577,1.685,1.461,1.548,1.549,1.465,1.547,1.572,1.588
2025-07-24 13:36:21.154,1.578,1.577,1.685,1.461,1.511,1.552,1.465,1.548,1.572,1.587
2025-07-24 13:36:21.204,1.578,1.577,1.685,1.461,1.479,1.55,1.466,1.548,1.572,1.587
2025-07-24 13:36:21.255,1.578,1.577,1.686,1.461,1.42,1.55,1.466,1.547,1.572,1.588
2025-07-24 13:36:21.305,1.578,1.577,1.686,1.461,1.362,1.549,1.466,1.547,1.572,1.588
2025-07-24 13:36:21.355,1.577,1.577,1.686,1.461,1.3,1.548,1.466,1.548,1.572,1.588
2025-07-24 13:36:21.404,1.577,1.577,1.685,1.461,1.233,1.545,1.466,1.548,1.572,1.587
2025-07-24 13:36:21.455,1.578,1.577,1.686,1.461,1.18,1.542,1.466,1.547,1.571,1.588
2025-07-24 13:36:21.505,1.577,1.577,1.685,1.461,1.163,1.539,1.466,1.548,1.572,1.587
2025-07-24 13:36:21.555,1.578,1.577,1.686,1.461,1.164,1.535,1.466,1.548,1.572,1.588
2025-07-24 13:36:21.604,1.578,1.577,1.685,1.461,1.192,1.532,1.466,1.548,1.572,1.588
2025-07-24 13:36:21.655,1.578,1.577,1.685,1.461,1.24,1.53,1.464,1.548,1.572,1.588
2025-07-24 13:36:21.705,1.578,1.577,1.685,1.461,1.301,1.528,1.465,1.547,1.572,1.588
2025-07-24 13:36:21.755,1.578,1.577,1.685,1.461,1.366,1.528,1.466,1.548,1.571,1.589
2025-07-24 13:36:21.805,1.579,1.577,1.686,1.461,1.426,1.528,1.466,1.548,1.572,1.587
2025-07-24 13:36:21.855,1.579,1.577,1.685,1.461,1.477,1.528,1.465,1.548,1.571,1.588
2025-07-24 13:36:21.905,1.578,1.577,1.685,1.461,1.516,1.529,1.466,1.546,1.571,1.587
2025-07-24 13:36:21.955,1.578,1.577,1.685,1.461,1.551,1.531,1.465,1.548,1.572,1.589
2025-07-24 13:36:22.005,1.578,1.576,1.686,1.461,1.56,1.532,1.465,1.548,1.572,1.587
2025-07-24 13:36:22.055,1.578,1.577,1.685,1.461,1.564,1.535,1.464,1.547,1.572,1.588
2025-07-24 13:36:22.105,1.579,1.577,1.685,1.461,1.565,1.536,1.464,1.547,1.571,1.588
2025-07-24 13:36:22.155,1.578,1.577,1.685,1.461,1.571,1.538,1.464,1.547,1.571,1.588
2025-07-24 13:36:22.205,1.579,1.577,1.685,1.461,1.568,1.54,1.466,1.547,1.572,1.587
2025-07-24 13:36:22.255,1.578,1.576,1.685,1.461,1.569,1.54,1.465,1.547,1.571,1.589
2025-07-24 13:36:22.305,1.578,1.576,1.686,1.461,1.571,1.543,1.465,1.547,1.571,1.588
2025-07-24 13:36:22.355,1.578,1.577,1.685,1.461,1.565,1.544,1.465,1.548,1.571,1.587
2025-07-24 13:36:22.405,1.579,1.577,1.685,1.461,1.57,1.546,1.465,1.547,1.572,1.588
2025-07-24 13:36:22.455,1.578,1.577,1.685,1.461,1.573,1.548,1.465,1.547,1.572,1.588
2025-07-24 13:36:22.506,1.579,1.577,1.685,1.461,1.571,1.549,1.465,1.547,1.572,1.589
2025-07-24 13:36:22.555,1.578,1.576,1.685,1.461,1.555,1.549,1.465,1.547,1.571,1.587
2025-07-24 13:36:22.605,1.578,1.577,1.685,1.461,1.517,1.55,1.465,1.546,1.571,1.588
2025-07-24 13:36:22.655,1.579,1.577,1.686,1.461,1.478,1.55,1.466,1.546,1.572,1.588
2025-07-24 13:36:22.705,1.579,1.576,1.685,1.461,1.427,1.549,1.466,1.546,1.571,1.589
2025-07-24 13:36:22.755,1.579,1.577,1.685,1.461,1.365,1.548,1.465,1.547,1.572,1.588
2025-07-24 13:36:22.805,1.579,1.577,1.685,1.461,1.296,1.548,1.465,1.547,1.572,1.588
2025-07-24 13:36:22.854,1.578,1.576,1.685,1.461,1.221,1.544,1.466,1.547,1.573,1.588
2025-07-24 13:36:22.905,1.579,1.577,1.685,1.461,1.174,1.542,1.465,1.546,1.572,1.587
2025-07-24 13:36:22.955,1.578,1.577,1.685,1.461,1.165,1.537,1.466,1.546,1.572,1.588
2025-07-24 13:36:23.005,1.579,1.577,1.685,1.461,1.166,1.534,1.466,1.546,1.573,1.587
2025-07-24 13:36:23.054,1.579,1.576,1.685,1.461,1.198,1.532,1.467,1.547,1.573,1.587
2025-07-24 13:36:23.105,1.579,1.576,1.685,1.461,1.239,1.528,1.464,1.546,1.573,1.587
2025-07-24 13:36:23.155,1.579,1.576,1.685,1.461,1.304,1.528,1.465,1.546,1.573,1.586
2025-07-24 13:36:23.205,1.579,1.577,1.685,1.461,1.373,1.527,1.465,1.547,1.573,1.587
2025-07-24 13:36:23.255,1.579,1.577,1.685,1.461,1.441,1.527,1.465,1.547,1.573,1.586
2025-07-24 13:36:23.306,1.579,1.577,1.685,1.461,1.503,1.528,1.465,1.546,1.573,1.586
2025-07-24 13:36:23.355,1.578,1.577,1.685,1.461,1.542,1.531,1.464,1.546,1.573,1.586
2025-07-24 13:36:23.406,1.578,1.576,1.685,1.461,1.557,1.532,1.465,1.547,1.573,1.586
2025-07-24 13:36:23.456,1.578,1.576,1.685,1.461,1.564,1.534,1.465,1.546,1.573,1.586
2025-07-24 13:36:23.505,1.578,1.577,1.686,1.461,1.568,1.535,1.464,1.546,1.573,1.586
2025-07-24 13:36:23.555,1.577,1.577,1.685,1.461,1.567,1.537,1.466,1.548,1.573,1.586
2025-07-24 13:36:23.605,1.577,1.577,1.685,1.461,1.569,1.539,1.465,1.546,1.573,1.586
2025-07-24 13:36:23.655,1.577,1.576,1.685,1.461,1.569,1.54,1.464,1.546,1.573,1.586
2025-07-24 13:36:23.705,1.577,1.577,1.685,1.461,1.573,1.543,1.464,1.547,1.573,1.585
2025-07-24 13:36:23.755,1.577,1.576,1.686,1.461,1.573,1.544,1.464,1.547,1.573,1.585
2025-07-24 13:36:23.805,1.577,1.577,1.685,1.461,1.573,1.546,1.466,1.548,1.573,1.585
2025-07-24 13:36:23.855,1.577,1.575,1.685,1.461,1.573,1.545,1.465,1.547,1.573,1.586
2025-07-24 13:36:23.905,1.577,1.577,1.685,1.461,1.573,1.548,1.466,1.547,1.573,1.586
2025-07-24 13:36:23.955,1.577,1.577,1.685,1.461,1.573,1.55,1.467,1.547,1.573,1.585
2025-07-24 13:36:24.006,1.577,1.576,1.686,1.461,1.573,1.55,1.466,1.547,1.573,1.585
2025-07-24 13:36:24.055,1.577,1.577,1.685,1.461,1.553,1.552,1.465,1.548,1.573,1.586
2025-07-24 13:36:24.106,1.577,1.577,1.685,1.461,1.513,1.551,1.466,1.547,1.573,1.586
2025-07-24 13:36:24.155,1.578,1.577,1.685,1.461,1.474,1.553,1.465,1.546,1.573,1.585
2025-07-24 13:36:24.205,1.577,1.577,1.685,1.461,1.416,1.553,1.466,1.548,1.573,1.585
2025-07-24 13:36:24.255,1.577,1.577,1.685,1.461,1.357,1.551,1.466,1.548,1.573,1.585
2025-07-24 13:36:24.305,1.577,1.577,1.685,1.461,1.291,1.548,1.466,1.547,1.573,1.585
2025-07-24 13:36:24.356,1.578,1.577,1.686,1.461,1.231,1.545,1.466,1.548,1.573,1.584
2025-07-24 13:36:24.406,1.577,1.577,1.685,1.461,1.187,1.543,1.466,1.547,1.573,1.584
2025-07-24 13:36:24.455,1.578,1.576,1.686,1.461,1.167,1.54,1.466,1.548,1.573,1.584
2025-07-24 13:36:24.505,1.577,1.577,1.686,1.461,1.167,1.536,1.465,1.548,1.573,1.583
2025-07-24 13:36:24.555,1.578,1.577,1.685,1.461,1.185,1.534,1.465,1.547,1.572,1.583
2025-07-24 13:36:24.605,1.577,1.577,1.685,1.461,1.219,1.53,1.466,1.547,1.573,1.584
2025-07-24 13:36:24.656,1.578,1.577,1.685,1.461,1.256,1.528,1.466,1.548,1.573,1.583
2025-07-24 13:36:24.706,1.577,1.577,1.685,1.461,1.314,1.527,1.466,1.548,1.572,1.583
2025-07-24 13:36:24.756,1.577,1.577,1.685,1.461,1.383,1.527,1.466,1.547,1.572,1.584
2025-07-24 13:36:24.806,1.577,1.577,1.685,1.461,1.453,1.526,1.465,1.547,1.572,1.583
2025-07-24 13:36:24.855,1.577,1.576,1.685,1.461,1.511,1.528,1.465,1.547,1.573,1.583
2025-07-24 13:36:24.905,1.578,1.577,1.685,1.461,1.542,1.53,1.465,1.548,1.572,1.584
2025-07-24 13:36:24.955,1.577,1.577,1.685,1.461,1.564,1.532,1.466,1.548,1.572,1.585
2025-07-24 13:36:25.005,1.577,1.577,1.685,1.461,1.565,1.532,1.465,1.547,1.572,1.584
2025-07-24 13:36:25.055,1.577,1.575,1.685,1.461,1.568,1.536,1.465,1.546,1.572,1.585
2025-07-24 13:36:25.106,1.577,1.577,1.685,1.461,1.565,1.536,1.463,1.547,1.573,1.584
2025-07-24 13:36:25.155,1.577,1.576,1.685,1.461,1.569,1.538,1.464,1.547,1.573,1.584
2025-07-24 13:36:25.206,1.577,1.577,1.686,1.461,1.575,1.54,1.465,1.547,1.572,1.585
2025-07-24 13:36:25.256,1.577,1.577,1.685,1.461,1.569,1.542,1.466,1.546,1.573,1.584
2025-07-24 13:36:25.306,1.577,1.577,1.685,1.461,1.566,1.543,1.465,1.546,1.573,1.584
2025-07-24 13:36:25.356,1.577,1.577,1.686,1.461,1.569,1.544,1.465,1.546,1.573,1.584
2025-07-24 13:36:25.406,1.577,1.576,1.685,1.461,1.569,1.546,1.466,1.547,1.572,1.585
2025-07-24 13:36:25.455,1.577,1.577,1.685,1.461,1.562,1.546,1.465,1.546,1.573,1.583
2025-07-24 13:36:25.506,1.577,1.577,1.685,1.461,1.54,1.548,1.465,1.547,1.573,1.584
2025-07-24 13:36:25.555,1.579,1.577,1.686,1.461,1.512,1.548,1.466,1.547,1.573,1.584
2025-07-24 13:36:25.605,1.577,1.577,1.685,1.461,1.467,1.549,1.466,1.546,1.573,1.584
2025-07-24 13:36:25.656,1.578,1.577,1.685,1.461,1.423,1.548,1.466,1.546,1.572,1.584
2025-07-24 13:36:25.706,1.578,1.577,1.686,1.461,1.373,1.548,1.466,1.547,1.573,1.584
2025-07-24 13:36:25.755,1.578,1.577,1.685,1.461,1.319,1.546,1.465,1.548,1.573,1.584
2025-07-24 13:36:25.805,1.577,1.577,1.686,1.461,1.247,1.544,1.467,1.548,1.573,1.583
2025-07-24 13:36:25.857,1.577,1.577,1.685,1.461,1.196,1.543,1.467,1.548,1.573,1.583
2025-07-24 13:36:25.906,1.578,1.577,1.686,1.461,1.176,1.54,1.467,1.547,1.573,1.583
2025-07-24 13:36:25.956,1.578,1.577,1.685,1.461,1.175,1.536,1.466,1.547,1.573,1.582
2025-07-24 13:36:26.006,1.577,1.577,1.685,1.461,1.196,1.532,1.465,1.547,1.573,1.583
2025-07-24 13:36:26.055,1.578,1.577,1.685,1.461,1.241,1.53,1.466,1.548,1.573,1.583
2025-07-24 13:36:26.106,1.578,1.577,1.685,1.461,1.299,1.528,1.466,1.548,1.573,1.583
2025-07-24 13:36:26.155,1.578,1.577,1.685,1.461,1.371,1.528,1.466,1.547,1.573,1.583
2025-07-24 13:36:26.206,1.577,1.577,1.686,1.461,1.432,1.528,1.465,1.548,1.573,1.583
2025-07-24 13:36:26.256,1.577,1.577,1.686,1.461,1.491,1.529,1.465,1.547,1.572,1.583
2025-07-24 13:36:26.306,1.578,1.577,1.685,1.461,1.535,1.53,1.466,1.548,1.572,1.583
2025-07-24 13:36:26.356,1.578,1.577,1.685,1.461,1.557,1.531,1.465,1.548,1.572,1.583
2025-07-24 13:36:26.406,1.579,1.578,1.685,1.461,1.561,1.534,1.466,1.547,1.572,1.583
2025-07-24 13:36:26.456,1.579,1.577,1.686,1.461,1.562,1.535,1.464,1.547,1.572,1.583
2025-07-24 13:36:26.506,1.578,1.577,1.685,1.461,1.562,1.537,1.465,1.548,1.572,1.583
2025-07-24 13:36:26.555,1.577,1.577,1.687,1.461,1.569,1.54,1.465,1.547,1.572,1.583
2025-07-24 13:36:26.607,1.578,1.577,1.686,1.461,1.569,1.54,1.465,1.548,1.573,1.584
2025-07-24 13:36:26.656,1.578,1.577,1.685,1.461,1.569,1.542,1.466,1.547,1.572,1.584
2025-07-24 13:36:26.706,1.577,1.577,1.686,1.461,1.569,1.544,1.464,1.548,1.572,1.584
2025-07-24 13:36:26.756,1.578,1.577,1.685,1.461,1.569,1.545,1.465,1.547,1.572,1.584
2025-07-24 13:36:26.806,1.578,1.577,1.685,1.461,1.569,1.547,1.465,1.548,1.573,1.584
2025-07-24 13:36:26.857,1.578,1.577,1.685,1.461,1.569,1.548,1.466,1.548,1.572,1.584
2025-07-24 13:36:26.906,1.578,1.577,1.686,1.461,1.565,1.548,1.466,1.548,1.572,1.584
2025-07-24 13:36:26.956,1.579,1.577,1.685,1.461,1.549,1.55,1.466,1.548,1.572,1.585
2025-07-24 13:36:27.007,1.577,1.577,1.686,1.461,1.517,1.552,1.466,1.547,1.572,1.585
2025-07-24 13:36:27.056,1.579,1.576,1.686,1.461,1.482,1.551,1.465,1.548,1.571,1.585
2025-07-24 13:36:27.107,1.578,1.577,1.685,1.461,1.416,1.552,1.466,1.547,1.572,1.585
2025-07-24 13:36:27.156,1.577,1.577,1.685,1.461,1.35,1.55,1.466,1.548,1.572,1.585
2025-07-24 13:36:27.206,1.578,1.577,1.687,1.461,1.278,1.546,1.466,1.548,1.572,1.586
2025-07-24 13:36:27.256,1.577,1.577,1.686,1.461,1.211,1.544,1.466,1.547,1.572,1.586
2025-07-24 13:36:27.306,1.578,1.577,1.686,1.461,1.179,1.542,1.466,1.548,1.572,1.586
2025-07-24 13:36:27.356,1.577,1.577,1.685,1.461,1.173,1.539,1.466,1.547,1.572,1.586
2025-07-24 13:36:27.406,1.578,1.577,1.686,1.461,1.188,1.536,1.466,1.547,1.572,1.586
2025-07-24 13:36:27.457,1.577,1.577,1.685,1.461,1.235,1.532,1.466,1.548,1.571,1.586
2025-07-24 13:36:27.507,1.577,1.577,1.685,1.461,1.302,1.532,1.466,1.548,1.571,1.586
2025-07-24 13:36:27.557,1.577,1.577,1.685,1.461,1.378,1.529,1.465,1.548,1.572,1.586
2025-07-24 13:36:27.607,1.578,1.577,1.686,1.461,1.445,1.531,1.466,1.547,1.572,1.586
2025-07-24 13:36:27.657,1.577,1.577,1.686,1.461,1.498,1.53,1.465,1.548,1.571,1.586
2025-07-24 13:36:27.706,1.577,1.577,1.685,1.461,1.535,1.532,1.465,1.548,1.571,1.586
2025-07-24 13:36:27.757,1.577,1.577,1.686,1.461,1.553,1.533,1.465,1.548,1.572,1.587
2025-07-24 13:36:27.807,1.577,1.577,1.686,1.461,1.563,1.536,1.465,1.548,1.571,1.586
2025-07-24 13:36:27.857,1.577,1.577,1.685,1.461,1.563,1.537,1.465,1.547,1.571,1.586
2025-07-24 13:36:27.907,1.577,1.577,1.685,1.461,1.568,1.54,1.465,1.547,1.571,1.586
2025-07-24 13:36:27.957,1.577,1.577,1.685,1.461,1.571,1.541,1.465,1.548,1.572,1.587
2025-07-24 13:36:28.007,1.577,1.577,1.685,1.461,1.568,1.542,1.466,1.548,1.571,1.586
2025-07-24 13:36:28.056,1.576,1.577,1.685,1.461,1.569,1.544,1.464,1.548,1.571,1.586
2025-07-24 13:36:28.106,1.576,1.577,1.686,1.461,1.569,1.545,1.465,1.547,1.571,1.587
2025-07-24 13:36:28.157,1.577,1.577,1.686,1.461,1.573,1.546,1.465,1.548,1.572,1.587
2025-07-24 13:36:28.206,1.576,1.577,1.685,1.461,1.569,1.547,1.466,1.547,1.571,1.587
2025-07-24 13:36:28.256,1.577,1.576,1.686,1.461,1.572,1.548,1.466,1.547,1.572,1.587
2025-07-24 13:36:28.306,1.575,1.577,1.685,1.461,1.569,1.55,1.465,1.548,1.571,1.586
2025-07-24 13:36:28.357,1.577,1.576,1.685,1.461,1.556,1.551,1.466,1.546,1.572,1.587
2025-07-24 13:36:28.406,1.576,1.577,1.685,1.461,1.526,1.553,1.466,1.547,1.572,1.587
2025-07-24 13:36:28.456,1.577,1.576,1.685,1.461,1.497,1.553,1.466,1.546,1.572,1.586
2025-07-24 13:36:28.506,1.577,1.577,1.685,1.461,1.449,1.553,1.466,1.546,1.571,1.586
2025-07-24 13:36:28.557,1.577,1.576,1.685,1.461,1.409,1.551,1.466,1.547,1.571,1.587
2025-07-24 13:36:28.607,1.577,1.575,1.685,1.461,1.345,1.551,1.467,1.547,1.572,1.587
2025-07-24 13:36:28.657,1.577,1.576,1.685,1.461,1.275,1.548,1.465,1.546,1.571,1.587
2025-07-24 13:36:28.707,1.577,1.576,1.686,1.461,1.21,1.544,1.466,1.547,1.571,1.587
2025-07-24 13:36:28.756,1.577,1.576,1.685,1.461,1.179,1.543,1.466,1.547,1.571,1.587
2025-07-24 13:36:28.807,1.577,1.575,1.685,1.461,1.175,1.539,1.465,1.547,1.572,1.588
2025-07-24 13:36:28.857,1.578,1.576,1.685,1.461,1.185,1.536,1.465,1.547,1.572,1.587
2025-07-24 13:36:28.907,1.576,1.576,1.685,1.461,1.227,1.533,1.466,1.547,1.572,1.587
2025-07-24 13:36:28.957,1.577,1.577,1.686,1.461,1.288,1.531,1.466,1.546,1.572,1.588
2025-07-24 13:36:29.007,1.577,1.577,1.685,1.461,1.359,1.53,1.466,1.548,1.572,1.587
2025-07-24 13:36:29.057,1.577,1.577,1.685,1.461,1.437,1.529,1.466,1.546,1.572,1.588
2025-07-24 13:36:29.107,1.578,1.576,1.685,1.461,1.487,1.53,1.465,1.547,1.572,1.588
2025-07-24 13:36:29.157,1.577,1.577,1.685,1.461,1.528,1.532,1.465,1.547,1.572,1.588
2025-07-24 13:36:29.207,1.577,1.577,1.685,1.461,1.549,1.533,1.464,1.547,1.572,1.588
2025-07-24 13:36:29.256,1.577,1.576,1.685,1.461,1.557,1.536,1.464,1.546,1.572,1.588
2025-07-24 13:36:29.307,1.577,1.577,1.685,1.461,1.565,1.536,1.464,1.547,1.572,1.587
2025-07-24 13:36:29.357,1.578,1.576,1.685,1.461,1.565,1.54,1.465,1.546,1.573,1.588
2025-07-24 13:36:29.407,1.577,1.577,1.686,1.461,1.57,1.54,1.465,1.547,1.573,1.589
2025-07-24 13:36:29.456,1.578,1.577,1.686,1.461,1.574,1.542,1.466,1.548,1.572,1.588
2025-07-24 13:36:29.507,1.578,1.577,1.685,1.461,1.573,1.543,1.466,1.546,1.572,1.589
2025-07-24 13:36:29.556,1.578,1.577,1.687,1.461,1.574,1.545,1.466,1.547,1.571,1.588
2025-07-24 13:36:29.607,1.578,1.576,1.685,1.461,1.57,1.548,1.466,1.547,1.572,1.589
2025-07-24 13:36:29.657,1.578,1.577,1.685,1.461,1.569,1.548,1.465,1.548,1.572,1.588
2025-07-24 13:36:29.707,1.578,1.577,1.686,1.461,1.569,1.55,1.466,1.547,1.572,1.588
2025-07-24 13:36:29.757,1.579,1.577,1.685,1.461,1.57,1.551,1.464,1.548,1.571,1.588
2025-07-24 13:36:29.807,1.579,1.577,1.685,1.461,1.571,1.552,1.466,1.548,1.572,1.588
2025-07-24 13:36:29.858,1.578,1.577,1.686,1.461,1.554,1.553,1.466,1.548,1.572,1.588
2025-07-24 13:36:29.907,1.578,1.577,1.685,1.461,1.515,1.553,1.465,1.547,1.572,1.588
2025-07-24 13:36:29.957,1.58,1.577,1.686,1.461,1.469,1.554,1.468,1.548,1.572,1.589
2025-07-24 13:36:30.007,1.579,1.576,1.685,1.461,1.418,1.553,1.466,1.548,1.572,1.588
2025-07-24 13:36:30.057,1.578,1.577,1.685,1.461,1.364,1.551,1.466,1.547,1.572,1.589
2025-07-24 13:36:30.107,1.58,1.577,1.685,1.461,1.297,1.549,1.466,1.548,1.572,1.588
2025-07-24 13:36:30.156,1.58,1.577,1.685,1.461,1.229,1.547,1.466,1.548,1.572,1.589
2025-07-24 13:36:30.208,1.578,1.577,1.685,1.461,1.181,1.545,1.466,1.548,1.572,1.589
2025-07-24 13:36:30.257,1.579,1.577,1.685,1.461,1.165,1.54,1.466,1.548,1.571,1.588
2025-07-24 13:36:30.307,1.579,1.577,1.685,1.461,1.163,1.536,1.466,1.548,1.572,1.588
2025-07-24 13:36:30.358,1.579,1.577,1.686,1.46,1.183,1.534,1.466,1.548,1.571,1.589
2025-07-24 13:36:30.407,1.579,1.576,1.685,1.461,1.215,1.532,1.466,1.547,1.572,1.589
2025-07-24 13:36:30.457,1.579,1.577,1.685,1.461,1.258,1.53,1.466,1.548,1.571,1.589
2025-07-24 13:36:30.507,1.579,1.577,1.686,1.461,1.329,1.528,1.466,1.548,1.572,1.589
2025-07-24 13:36:30.558,1.579,1.577,1.685,1.461,1.4,1.528,1.465,1.548,1.571,1.589
2025-07-24 13:36:30.607,1.579,1.577,1.685,1.461,1.476,1.528,1.466,1.548,1.572,1.588
2025-07-24 13:36:30.656,1.579,1.577,1.685,1.461,1.532,1.53,1.465,1.548,1.572,1.589
2025-07-24 13:36:30.707,1.579,1.577,1.685,1.461,1.553,1.531,1.466,1.548,1.571,1.588
2025-07-24 13:36:30.757,1.578,1.577,1.685,1.461,1.562,1.532,1.466,1.547,1.572,1.588
2025-07-24 13:36:30.807,1.58,1.577,1.685,1.461,1.566,1.535,1.465,1.548,1.571,1.589
2025-07-24 13:36:30.857,1.58,1.577,1.685,1.461,1.568,1.537,1.465,1.547,1.571,1.588
2025-07-24 13:36:30.907,1.581,1.577,1.685,1.461,1.569,1.538,1.464,1.548,1.571,1.588
2025-07-24 13:36:30.957,1.579,1.577,1.685,1.461,1.574,1.54,1.466,1.547,1.572,1.589
2025-07-24 13:36:31.007,1.58,1.577,1.685,1.461,1.572,1.542,1.465,1.547,1.571,1.589
2025-07-24 13:36:31.057,1.579,1.577,1.685,1.461,1.576,1.543,1.464,1.547,1.571,1.588
2025-07-24 13:36:31.107,1.58,1.577,1.685,1.461,1.571,1.544,1.466,1.548,1.571,1.589
2025-07-24 13:36:31.157,1.58,1.577,1.686,1.461,1.572,1.545,1.468,1.547,1.571,1.589
2025-07-24 13:36:31.207,1.58,1.577,1.685,1.461,1.571,1.547,1.465,1.548,1.571,1.587
2025-07-24 13:36:31.257,1.58,1.576,1.684,1.461,1.57,1.548,1.465,1.546,1.571,1.589
2025-07-24 13:36:31.308,1.578,1.577,1.685,1.461,1.572,1.55,1.466,1.547,1.571,1.589
2025-07-24 13:36:31.358,1.58,1.576,1.685,1.461,1.56,1.55,1.465,1.547,1.571,1.588
2025-07-24 13:36:31.407,1.579,1.577,1.685,1.461,1.533,1.552,1.466,1.547,1.572,1.587
2025-07-24 13:36:31.457,1.578,1.577,1.685,1.461,1.493,1.553,1.466,1.546,1.571,1.587
2025-07-24 13:36:31.508,1.579,1.577,1.684,1.461,1.445,1.552,1.463,1.546,1.571,1.588
2025-07-24 13:36:31.557,1.579,1.576,1.685,1.461,1.388,1.551,1.465,1.546,1.572,1.588
2025-07-24 13:36:31.607,1.579,1.576,1.685,1.461,1.327,1.549,1.466,1.547,1.572,1.587
2025-07-24 13:36:31.658,1.579,1.577,1.685,1.461,1.262,1.547,1.466,1.547,1.572,1.589
2025-07-24 13:36:31.707,1.578,1.576,1.685,1.461,1.21,1.544,1.465,1.547,1.571,1.588
2025-07-24 13:36:31.757,1.579,1.577,1.685,1.461,1.173,1.541,1.466,1.546,1.572,1.588
2025-07-24 13:36:31.808,1.579,1.577,1.685,1.461,1.171,1.538,1.466,1.546,1.572,1.588
2025-07-24 13:36:31.858,1.58,1.576,1.684,1.461,1.171,1.535,1.465,1.546,1.573,1.587
2025-07-24 13:36:31.907,1.579,1.577,1.685,1.461,1.186,1.532,1.467,1.547,1.573,1.588
2025-07-24 13:36:31.958,1.579,1.576,1.685,1.461,1.223,1.529,1.465,1.546,1.573,1.589
2025-07-24 13:36:32.008,1.579,1.577,1.686,1.461,1.279,1.528,1.466,1.547,1.573,1.587
2025-07-24 13:36:32.057,1.579,1.577,1.685,1.461,1.349,1.527,1.465,1.546,1.573,1.587
2025-07-24 13:36:32.107,1.579,1.576,1.685,1.461,1.429,1.527,1.466,1.548,1.573,1.587
2025-07-24 13:36:32.157,1.579,1.577,1.685,1.461,1.496,1.528,1.466,1.547,1.573,1.586
2025-07-24 13:36:32.207,1.58,1.577,1.685,1.461,1.535,1.53,1.465,1.548,1.573,1.587
2025-07-24 13:36:32.257,1.579,1.577,1.685,1.461,1.56,1.531,1.465,1.548,1.573,1.587
2025-07-24 13:36:32.308,1.579,1.577,1.685,1.461,1.561,1.534,1.466,1.548,1.572,1.586
2025-07-24 13:36:32.357,1.579,1.578,1.685,1.461,1.56,1.535,1.465,1.548,1.573,1.587
2025-07-24 13:36:32.408,1.579,1.577,1.686,1.461,1.565,1.537,1.466,1.548,1.573,1.586
2025-07-24 13:36:32.457,1.579,1.577,1.685,1.461,1.561,1.539,1.466,1.548,1.573,1.586
2025-07-24 13:36:32.507,1.58,1.577,1.686,1.461,1.568,1.54,1.465,1.548,1.573,1.586
2025-07-24 13:36:32.558,1.578,1.577,1.686,1.461,1.573,1.542,1.465,1.548,1.573,1.586
2025-07-24 13:36:32.608,1.578,1.577,1.686,1.461,1.57,1.544,1.464,1.548,1.573,1.586
2025-07-24 13:36:32.658,1.578,1.578,1.685,1.461,1.569,1.545,1.466,1.548,1.573,1.586
2025-07-24 13:36:32.708,1.58,1.577,1.686,1.461,1.577,1.547,1.466,1.548,1.573,1.585
2025-07-24 13:36:32.757,1.578,1.577,1.686,1.461,1.569,1.548,1.466,1.547,1.573,1.586
2025-07-24 13:36:32.807,1.578,1.577,1.686,1.461,1.565,1.549,1.466,1.548,1.573,1.585
2025-07-24 13:36:32.857,1.578,1.577,1.686,1.461,1.536,1.551,1.466,1.548,1.573,1.586
2025-07-24 13:36:32.908,1.578,1.577,1.686,1.461,1.499,1.551,1.466,1.548,1.573,1.585
2025-07-24 13:36:32.958,1.579,1.577,1.687,1.461,1.452,1.551,1.465,1.548,1.573,1.585
2025-07-24 13:36:33.008,1.578,1.577,1.686,1.461,1.403,1.551,1.466,1.548,1.573,1.585
2025-07-24 13:36:33.058,1.578,1.578,1.687,1.461,1.351,1.55,1.467,1.548,1.573,1.586
2025-07-24 13:36:33.107,1.578,1.578,1.687,1.461,1.289,1.548,1.468,1.548,1.573,1.585
2025-07-24 13:36:33.157,1.578,1.579,1.687,1.461,1.233,1.545,1.467,1.548,1.573,1.585
2025-07-24 13:36:33.207,1.578,1.579,1.686,1.461,1.197,1.542,1.466,1.548,1.573,1.586
2025-07-24 13:36:33.257,1.578,1.578,1.686,1.461,1.181,1.54,1.466,1.548,1.573,1.586
2025-07-24 13:36:33.308,1.578,1.578,1.688,1.461,1.179,1.536,1.466,1.548,1.574,1.585
2025-07-24 13:36:33.358,1.578,1.578,1.687,1.461,1.184,1.534,1.467,1.548,1.574,1.585
2025-07-24 13:36:33.408,1.578,1.577,1.687,1.461,1.215,1.531,1.466,1.548,1.574,1.586
2025-07-24 13:36:33.457,1.578,1.579,1.686,1.461,1.264,1.529,1.467,1.548,1.574,1.586
2025-07-24 13:36:33.508,1.578,1.579,1.687,1.461,1.324,1.528,1.468,1.548,1.575,1.586
2025-07-24 13:36:33.558,1.579,1.578,1.687,1.461,1.405,1.528,1.466,1.548,1.574,1.585
2025-07-24 13:36:33.608,1.578,1.578,1.687,1.461,1.473,1.528,1.466,1.548,1.574,1.585
2025-07-24 13:36:33.657,1.577,1.577,1.687,1.461,1.523,1.529,1.465,1.548,1.574,1.585
2025-07-24 13:36:33.708,1.578,1.579,1.686,1.461,1.551,1.531,1.466,1.549,1.574,1.586
2025-07-24 13:36:33.757,1.577,1.579,1.687,1.461,1.561,1.532,1.466,1.549,1.574,1.585
2025-07-24 13:36:33.808,1.577,1.577,1.686,1.462,1.565,1.535,1.465,1.548,1.574,1.585
2025-07-24 13:36:33.857,1.577,1.577,1.687,1.461,1.569,1.536,1.466,1.548,1.574,1.585
2025-07-24 13:36:33.907,1.577,1.577,1.687,1.461,1.573,1.539,1.465,1.548,1.575,1.586
2025-07-24 13:36:33.958,1.578,1.578,1.687,1.461,1.567,1.54,1.465,1.548,1.575,1.586
2025-07-24 13:36:34.008,1.577,1.577,1.686,1.461,1.57,1.542,1.466,1.549,1.574,1.586
2025-07-24 13:36:34.058,1.577,1.577,1.687,1.461,1.571,1.544,1.466,1.548,1.575,1.587
2025-07-24 13:36:34.108,1.577,1.577,1.687,1.461,1.569,1.544,1.467,1.549,1.575,1.586
2025-07-24 13:36:34.158,1.577,1.577,1.686,1.461,1.57,1.546,1.466,1.548,1.574,1.586
2025-07-24 13:36:34.208,1.577,1.577,1.687,1.461,1.576,1.548,1.466,1.548,1.576,1.586
2025-07-24 13:36:34.258,1.577,1.578,1.686,1.461,1.57,1.549,1.466,1.549,1.575,1.586
2025-07-24 13:36:34.308,1.576,1.579,1.687,1.461,1.549,1.549,1.466,1.549,1.575,1.586
2025-07-24 13:36:34.358,1.576,1.579,1.687,1.461,1.515,1.551,1.466,1.548,1.575,1.586
2025-07-24 13:36:34.408,1.577,1.578,1.687,1.461,1.462,1.552,1.466,1.548,1.575,1.586
2025-07-24 13:36:34.457,1.577,1.577,1.686,1.461,1.416,1.551,1.466,1.548,1.575,1.586
2025-07-24 13:36:34.508,1.576,1.578,1.687,1.461,1.365,1.549,1.466,1.548,1.574,1.586
2025-07-24 13:36:34.557,1.577,1.578,1.686,1.461,1.304,1.548,1.466,1.549,1.575,1.586
2025-07-24 13:36:34.608,1.577,1.577,1.687,1.461,1.235,1.544,1.466,1.549,1.576,1.586
2025-07-24 13:36:34.658,1.577,1.577,1.687,1.461,1.183,1.543,1.466,1.548,1.575,1.586
2025-07-24 13:36:34.708,1.577,1.577,1.686,1.461,1.159,1.539,1.466,1.548,1.575,1.586
2025-07-24 13:36:34.758,1.577,1.577,1.688,1.461,1.156,1.536,1.466,1.548,1.575,1.586
2025-07-24 13:36:34.808,1.577,1.578,1.686,1.461,1.18,1.532,1.466,1.548,1.575,1.586
2025-07-24 13:36:34.858,1.577,1.577,1.687,1.461,1.214,1.529,1.464,1.549,1.575,1.586
2025-07-24 13:36:34.908,1.577,1.578,1.687,1.461,1.27,1.528,1.466,1.548,1.575,1.586
2025-07-24 13:36:34.958,1.577,1.577,1.686,1.461,1.337,1.526,1.465,1.548,1.575,1.587
2025-07-24 13:36:35.008,1.577,1.578,1.685,1.461,1.404,1.526,1.466,1.548,1.575,1.586
2025-07-24 13:36:35.058,1.577,1.577,1.687,1.462,1.468,1.528,1.466,1.548,1.576,1.586
2025-07-24 13:36:35.108,1.577,1.577,1.686,1.462,1.532,1.528,1.465,1.548,1.574,1.586
2025-07-24 13:36:35.158,1.577,1.578,1.687,1.461,1.549,1.531,1.467,1.548,1.575,1.587
2025-07-24 13:36:35.208,1.577,1.577,1.686,1.461,1.561,1.532,1.465,1.549,1.575,1.587
2025-07-24 13:36:35.258,1.576,1.578,1.686,1.462,1.565,1.535,1.466,1.548,1.575,1.586
2025-07-24 13:36:35.308,1.577,1.577,1.686,1.462,1.571,1.536,1.466,1.548,1.574,1.586
2025-07-24 13:36:35.357,1.577,1.577,1.685,1.461,1.568,1.537,1.465,1.548,1.575,1.587
2025-07-24 13:36:35.408,1.577,1.577,1.686,1.461,1.569,1.539,1.466,1.548,1.574,1.587
2025-07-24 13:36:35.459,1.577,1.577,1.687,1.461,1.572,1.54,1.463,1.548,1.574,1.587
2025-07-24 13:36:35.508,1.577,1.577,1.687,1.461,1.571,1.543,1.465,1.548,1.575,1.587
2025-07-24 13:36:35.558,1.577,1.577,1.688,1.461,1.572,1.544,1.466,1.548,1.574,1.587
2025-07-24 13:36:35.608,1.577,1.577,1.687,1.461,1.569,1.546,1.466,1.548,1.575,1.586
2025-07-24 13:36:35.659,1.577,1.577,1.686,1.461,1.571,1.548,1.466,1.548,1.576,1.586
2025-07-24 13:36:35.709,1.577,1.577,1.686,1.462,1.548,1.548,1.465,1.548,1.575,1.587
2025-07-24 13:36:35.758,1.577,1.577,1.686,1.461,1.511,1.548,1.466,1.548,1.575,1.586
2025-07-24 13:36:35.808,1.577,1.577,1.686,1.461,1.477,1.549,1.465,1.548,1.575,1.586
2025-07-24 13:36:35.857,1.576,1.577,1.685,1.461,1.414,1.548,1.466,1.548,1.574,1.586
2025-07-24 13:36:35.909,1.577,1.577,1.686,1.461,1.365,1.548,1.466,1.548,1.574,1.586
2025-07-24 13:36:35.959,1.577,1.577,1.686,1.461,1.311,1.546,1.465,1.548,1.574,1.586
2025-07-24 13:36:36.008,1.577,1.577,1.686,1.461,1.254,1.544,1.465,1.548,1.573,1.586
2025-07-24 13:36:36.058,1.576,1.577,1.687,1.461,1.206,1.541,1.465,1.548,1.573,1.586
2025-07-24 13:36:36.109,1.577,1.577,1.685,1.461,1.171,1.538,1.464,1.548,1.574,1.586
2025-07-24 13:36:36.157,1.576,1.577,1.686,1.461,1.177,1.535,1.466,1.548,1.573,1.586
2025-07-24 13:36:36.209,1.575,1.577,1.686,1.461,1.181,1.532,1.466,1.548,1.574,1.586
2025-07-24 13:36:36.258,1.576,1.577,1.686,1.461,1.213,1.529,1.465,1.548,1.573,1.586
2025-07-24 13:36:36.308,1.576,1.577,1.685,1.461,1.26,1.527,1.466,1.548,1.573,1.586
2025-07-24 13:36:36.358,1.575,1.576,1.685,1.462,1.32,1.526,1.465,1.548,1.574,1.585
2025-07-24 13:36:36.408,1.575,1.577,1.686,1.461,1.388,1.526,1.465,1.548,1.573,1.585
2025-07-24 13:36:36.458,1.575,1.577,1.685,1.461,1.453,1.526,1.464,1.548,1.573,1.585
2025-07-24 13:36:36.509,1.576,1.576,1.685,1.461,1.507,1.526,1.465,1.547,1.573,1.585
2025-07-24 13:36:36.559,1.577,1.576,1.686,1.461,1.544,1.528,1.464,1.547,1.573,1.585
2025-07-24 13:36:36.608,1.576,1.577,1.686,1.461,1.557,1.531,1.464,1.547,1.573,1.585
2025-07-24 13:36:36.658,1.576,1.577,1.686,1.461,1.564,1.532,1.464,1.547,1.573,1.584
2025-07-24 13:36:36.708,1.576,1.576,1.685,1.461,1.566,1.534,1.463,1.547,1.573,1.584
2025-07-24 13:36:36.757,1.577,1.575,1.686,1.461,1.568,1.536,1.464,1.548,1.573,1.584
2025-07-24 13:36:36.808,1.577,1.577,1.685,1.461,1.569,1.537,1.464,1.547,1.573,1.584
2025-07-24 13:36:36.857,1.576,1.575,1.685,1.461,1.573,1.539,1.463,1.546,1.572,1.584
2025-07-24 13:36:36.909,1.576,1.576,1.685,1.461,1.569,1.54,1.463,1.547,1.573,1.583
2025-07-24 13:36:36.958,1.577,1.575,1.685,1.461,1.568,1.542,1.464,1.547,1.573,1.584
2025-07-24 13:36:37.009,1.577,1.576,1.685,1.461,1.571,1.544,1.464,1.547,1.573,1.584
2025-07-24 13:36:37.058,1.576,1.576,1.685,1.461,1.569,1.544,1.464,1.547,1.573,1.584
2025-07-24 13:36:37.108,1.576,1.576,1.686,1.461,1.548,1.545,1.466,1.548,1.573,1.584
2025-07-24 13:36:37.158,1.577,1.576,1.685,1.461,1.519,1.546,1.463,1.546,1.572,1.583
2025-07-24 13:36:37.209,1.577,1.576,1.685,1.461,1.481,1.548,1.464,1.548,1.573,1.584
2025-07-24 13:36:37.258,1.577,1.576,1.685,1.461,1.438,1.548,1.465,1.547,1.573,1.584
2025-07-24 13:36:37.308,1.577,1.576,1.685,1.461,1.387,1.547,1.465,1.547,1.573,1.584
2025-07-24 13:36:37.358,1.577,1.577,1.686,1.461,1.328,1.545,1.464,1.548,1.573,1.584
2025-07-24 13:36:37.409,1.577,1.576,1.685,1.461,1.273,1.544,1.464,1.548,1.573,1.583
2025-07-24 13:36:37.459,1.577,1.577,1.685,1.461,1.22,1.54,1.464,1.547,1.572,1.585
2025-07-24 13:36:37.508,1.578,1.577,1.686,1.461,1.188,1.538,1.467,1.548,1.573,1.584
2025-07-24 13:36:37.558,1.578,1.577,1.686,1.461,1.177,1.536,1.466,1.547,1.573,1.584
2025-07-24 13:36:37.608,1.578,1.577,1.685,1.461,1.175,1.534,1.466,1.548,1.573,1.583
2025-07-24 13:36:37.659,1.577,1.577,1.686,1.461,1.19,1.531,1.464,1.548,1.573,1.584
2025-07-24 13:36:37.709,1.577,1.577,1.686,1.461,1.229,1.528,1.466,1.548,1.573,1.583
2025-07-24 13:36:37.759,1.577,1.577,1.686,1.461,1.282,1.527,1.465,1.548,1.573,1.583
2025-07-24 13:36:37.809,1.578,1.577,1.686,1.461,1.351,1.525,1.466,1.548,1.573,1.584
2025-07-24 13:36:37.859,1.577,1.577,1.687,1.461,1.42,1.525,1.465,1.548,1.573,1.583
2025-07-24 13:36:37.909,1.577,1.577,1.686,1.461,1.49,1.526,1.466,1.548,1.573,1.583
2025-07-24 13:36:37.958,1.578,1.578,1.686,1.461,1.535,1.528,1.465,1.548,1.573,1.584
2025-07-24 13:36:38.008,1.577,1.577,1.686,1.461,1.559,1.53,1.465,1.548,1.573,1.583
2025-07-24 13:36:38.058,1.579,1.577,1.686,1.461,1.564,1.532,1.465,1.548,1.573,1.584
2025-07-24 13:36:38.109,1.578,1.577,1.686,1.461,1.565,1.534,1.465,1.548,1.574,1.584
2025-07-24 13:36:38.159,1.578,1.577,1.686,1.461,1.573,1.536,1.465,1.548,1.573,1.584
2025-07-24 13:36:38.208,1.58,1.577,1.686,1.461,1.573,1.537,1.466,1.548,1.574,1.584
2025-07-24 13:36:38.258,1.578,1.577,1.686,1.461,1.575,1.539,1.465,1.548,1.574,1.584
2025-07-24 13:36:38.308,1.58,1.578,1.687,1.461,1.578,1.542,1.466,1.548,1.574,1.584
2025-07-24 13:36:38.359,1.578,1.577,1.688,1.461,1.569,1.543,1.465,1.548,1.574,1.586
2025-07-24 13:36:38.409,1.578,1.577,1.686,1.461,1.569,1.545,1.466,1.548,1.574,1.584
2025-07-24 13:36:38.459,1.578,1.578,1.687,1.461,1.57,1.547,1.466,1.548,1.574,1.585
2025-07-24 13:36:38.509,1.58,1.577,1.687,1.462,1.567,1.548,1.466,1.548,1.574,1.585
2025-07-24 13:36:38.559,1.579,1.578,1.687,1.461,1.557,1.548,1.466,1.548,1.575,1.585
2025-07-24 13:36:38.609,1.58,1.577,1.687,1.461,1.527,1.548,1.467,1.548,1.574,1.585
2025-07-24 13:36:38.659,1.58,1.577,1.687,1.462,1.487,1.551,1.465,1.548,1.575,1.585
2025-07-24 13:36:38.709,1.579,1.578,1.687,1.461,1.437,1.551,1.466,1.548,1.574,1.585
2025-07-24 13:36:38.759,1.579,1.578,1.686,1.461,1.383,1.548,1.466,1.548,1.574,1.585
2025-07-24 13:36:38.809,1.579,1.579,1.686,1.461,1.325,1.548,1.466,1.549,1.575,1.585
2025-07-24 13:36:38.859,1.578,1.579,1.687,1.461,1.263,1.545,1.468,1.548,1.574,1.585
2025-07-24 13:36:38.909,1.58,1.577,1.686,1.461,1.21,1.543,1.466,1.548,1.574,1.585
2025-07-24 13:36:38.958,1.579,1.577,1.687,1.461,1.19,1.54,1.466,1.548,1.574,1.585
2025-07-24 13:36:39.008,1.58,1.577,1.687,1.462,1.19,1.539,1.468,1.549,1.574,1.585
2025-07-24 13:36:39.059,1.58,1.578,1.686,1.462,1.2,1.534,1.466,1.548,1.575,1.585
2025-07-24 13:36:39.109,1.579,1.578,1.687,1.461,1.233,1.532,1.466,1.548,1.575,1.586
2025-07-24 13:36:39.159,1.579,1.578,1.687,1.461,1.279,1.53,1.466,1.548,1.575,1.585
2025-07-24 13:36:39.209,1.579,1.578,1.687,1.461,1.341,1.53,1.466,1.549,1.575,1.586
2025-07-24 13:36:39.259,1.578,1.578,1.687,1.461,1.406,1.528,1.466,1.548,1.575,1.586
2025-07-24 13:36:39.308,1.578,1.577,1.688,1.461,1.469,1.528,1.466,1.548,1.574,1.586
2025-07-24 13:36:39.359,1.577,1.579,1.686,1.462,1.515,1.531,1.466,1.548,1.574,1.586
2025-07-24 13:36:39.409,1.579,1.578,1.687,1.462,1.548,1.532,1.466,1.548,1.575,1.586
2025-07-24 13:36:39.459,1.578,1.578,1.687,1.461,1.56,1.534,1.466,1.548,1.575,1.586
2025-07-24 13:36:39.509,1.579,1.578,1.687,1.462,1.563,1.536,1.464,1.548,1.575,1.586
2025-07-24 13:36:39.559,1.577,1.577,1.687,1.461,1.569,1.537,1.466,1.548,1.575,1.586
2025-07-24 13:36:39.609,1.577,1.578,1.687,1.461,1.569,1.539,1.465,1.548,1.575,1.586
2025-07-24 13:36:39.659,1.577,1.577,1.688,1.461,1.571,1.54,1.466,1.549,1.575,1.586
2025-07-24 13:36:39.710,1.577,1.577,1.687,1.461,1.57,1.544,1.467,1.549,1.574,1.586
2025-07-24 13:36:39.759,1.577,1.578,1.687,1.462,1.571,1.544,1.466,1.548,1.574,1.587
2025-07-24 13:36:39.809,1.577,1.578,1.688,1.461,1.569,1.546,1.466,1.549,1.575,1.586
2025-07-24 13:36:39.859,1.578,1.578,1.688,1.461,1.573,1.548,1.466,1.549,1.575,1.586
2025-07-24 13:36:39.909,1.578,1.577,1.687,1.462,1.57,1.548,1.465,1.548,1.575,1.586
2025-07-24 13:36:39.960,1.577,1.577,1.686,1.461,1.572,1.549,1.466,1.548,1.575,1.586
2025-07-24 13:36:40.009,1.578,1.578,1.688,1.462,1.553,1.551,1.466,1.548,1.575,1.586
2025-07-24 13:36:40.059,1.577,1.578,1.688,1.461,1.52,1.552,1.465,1.549,1.575,1.587
2025-07-24 13:36:40.110,1.577,1.577,1.686,1.462,1.476,1.552,1.466,1.548,1.576,1.586
2025-07-24 13:36:40.159,1.578,1.577,1.688,1.461,1.424,1.551,1.467,1.548,1.576,1.586
2025-07-24 13:36:40.209,1.577,1.577,1.686,1.462,1.36,1.551,1.465,1.549,1.575,1.586
2025-07-24 13:36:40.260,1.578,1.577,1.687,1.462,1.297,1.548,1.466,1.548,1.575,1.587
2025-07-24 13:36:40.309,1.578,1.577,1.687,1.461,1.234,1.547,1.467,1.548,1.576,1.587
2025-07-24 13:36:40.359,1.577,1.577,1.687,1.461,1.182,1.544,1.467,1.548,1.575,1.586
2025-07-24 13:36:40.409,1.577,1.577,1.688,1.462,1.171,1.54,1.466,1.548,1.575,1.586
2025-07-24 13:36:40.459,1.577,1.577,1.687,1.462,1.167,1.536,1.466,1.548,1.576,1.586
2025-07-24 13:36:40.509,1.577,1.578,1.687,1.462,1.191,1.533,1.466,1.549,1.575,1.586
2025-07-24 13:36:40.559,1.577,1.577,1.687,1.461,1.229,1.531,1.466,1.548,1.575,1.586
2025-07-24 13:36:40.610,1.577,1.577,1.687,1.462,1.287,1.529,1.466,1.548,1.574,1.587
2025-07-24 13:36:40.659,1.577,1.577,1.687,1.461,1.355,1.528,1.466,1.548,1.574,1.586
2025-07-24 13:36:40.709,1.577,1.577,1.687,1.461,1.42,1.527,1.466,1.548,1.574,1.587
2025-07-24 13:36:40.759,1.577,1.577,1.686,1.461,1.482,1.528,1.466,1.548,1.575,1.587
2025-07-24 13:36:40.809,1.578,1.577,1.687,1.463,1.532,1.529,1.466,1.548,1.574,1.586
2025-07-24 13:36:40.859,1.577,1.578,1.687,1.461,1.551,1.531,1.465,1.548,1.575,1.586
2025-07-24 13:36:40.910,1.579,1.578,1.687,1.461,1.563,1.532,1.466,1.548,1.574,1.587
2025-07-24 13:36:40.959,1.577,1.577,1.687,1.461,1.561,1.535,1.466,1.548,1.575,1.587
2025-07-24 13:36:41.009,1.577,1.577,1.687,1.461,1.569,1.536,1.466,1.548,1.574,1.587
2025-07-24 13:36:41.060,1.577,1.577,1.687,1.461,1.571,1.539,1.465,1.548,1.574,1.587
2025-07-24 13:36:41.109,1.578,1.577,1.688,1.462,1.572,1.54,1.464,1.548,1.575,1.588
2025-07-24 13:36:41.159,1.577,1.577,1.687,1.461,1.573,1.543,1.467,1.548,1.575,1.588
2025-07-24 13:36:41.209,1.577,1.577,1.687,1.461,1.571,1.543,1.466,1.548,1.574,1.586
2025-07-24 13:36:41.260,1.577,1.577,1.688,1.461,1.569,1.546,1.466,1.548,1.574,1.586
2025-07-24 13:36:41.309,1.577,1.577,1.686,1.462,1.574,1.546,1.466,1.548,1.574,1.586
2025-07-24 13:36:41.359,1.577,1.577,1.686,1.462,1.571,1.548,1.466,1.548,1.575,1.587
2025-07-24 13:36:41.409,1.577,1.577,1.687,1.461,1.563,1.548,1.465,1.548,1.574,1.586
2025-07-24 13:36:41.458,1.577,1.577,1.685,1.462,1.536,1.55,1.466,1.548,1.573,1.586
2025-07-24 13:36:41.509,1.577,1.577,1.685,1.461,1.486,1.551,1.466,1.548,1.574,1.586
2025-07-24 13:36:41.559,1.577,1.577,1.686,1.461,1.435,1.55,1.468,1.548,1.574,1.586
2025-07-24 13:36:41.609,1.577,1.577,1.685,1.461,1.374,1.55,1.465,1.548,1.573,1.586
2025-07-24 13:36:41.659,1.577,1.577,1.687,1.461,1.317,1.548,1.467,1.548,1.573,1.586
2025-07-24 13:36:41.710,1.577,1.577,1.686,1.461,1.255,1.545,1.466,1.547,1.573,1.586
2025-07-24 13:36:41.760,1.577,1.577,1.686,1.461,1.208,1.542,1.466,1.548,1.573,1.586
2025-07-24 13:36:41.810,1.576,1.577,1.685,1.461,1.179,1.54,1.466,1.547,1.573,1.585
2025-07-24 13:36:41.859,1.577,1.577,1.686,1.461,1.179,1.536,1.466,1.548,1.573,1.586
2025-07-24 13:36:41.910,1.575,1.577,1.686,1.461,1.182,1.533,1.465,1.548,1.573,1.586
2025-07-24 13:36:41.960,1.576,1.577,1.686,1.461,1.207,1.532,1.465,1.548,1.573,1.586
2025-07-24 13:36:42.009,1.577,1.577,1.685,1.461,1.252,1.528,1.465,1.547,1.573,1.586
2025-07-24 13:36:42.059,1.577,1.577,1.686,1.461,1.305,1.528,1.465,1.548,1.572,1.585
2025-07-24 13:36:42.110,1.577,1.577,1.685,1.462,1.371,1.526,1.465,1.548,1.573,1.585
2025-07-24 13:36:42.160,1.577,1.577,1.686,1.461,1.445,1.526,1.465,1.548,1.573,1.585
2025-07-24 13:36:42.210,1.577,1.577,1.686,1.461,1.503,1.528,1.463,1.547,1.573,1.585
2025-07-24 13:36:42.260,1.577,1.577,1.685,1.461,1.544,1.529,1.464,1.548,1.573,1.583
2025-07-24 13:36:42.309,1.577,1.577,1.685,1.461,1.561,1.531,1.466,1.547,1.573,1.583
2025-07-24 13:36:42.359,1.577,1.577,1.685,1.461,1.564,1.533,1.464,1.548,1.573,1.584
2025-07-24 13:36:42.409,1.577,1.576,1.686,1.461,1.565,1.535,1.464,1.547,1.573,1.584
2025-07-24 13:36:42.460,1.576,1.577,1.685,1.461,1.567,1.536,1.463,1.547,1.573,1.584
2025-07-24 13:36:42.509,1.577,1.577,1.686,1.462,1.565,1.537,1.463,1.547,1.572,1.584
2025-07-24 13:36:42.560,1.577,1.575,1.686,1.462,1.574,1.54,1.462,1.546,1.573,1.584
2025-07-24 13:36:42.609,1.577,1.577,1.685,1.461,1.57,1.541,1.465,1.548,1.573,1.584
2025-07-24 13:36:42.659,1.577,1.577,1.685,1.461,1.571,1.542,1.466,1.547,1.572,1.584
2025-07-24 13:36:42.710,1.577,1.577,1.685,1.461,1.569,1.544,1.463,1.548,1.573,1.584
2025-07-24 13:36:42.759,1.577,1.577,1.686,1.461,1.572,1.546,1.464,1.547,1.572,1.584
2025-07-24 13:36:42.809,1.577,1.575,1.685,1.461,1.569,1.548,1.465,1.547,1.572,1.584
2025-07-24 13:36:42.860,1.577,1.577,1.685,1.461,1.555,1.548,1.465,1.547,1.572,1.584
2025-07-24 13:36:42.909,1.577,1.576,1.685,1.461,1.518,1.549,1.465,1.547,1.572,1.585
2025-07-24 13:36:42.959,1.577,1.577,1.685,1.461,1.472,1.55,1.465,1.546,1.573,1.585
2025-07-24 13:36:43.009,1.577,1.576,1.685,1.461,1.42,1.549,1.465,1.547,1.573,1.584
2025-07-24 13:36:43.060,1.577,1.577,1.686,1.461,1.368,1.549,1.466,1.546,1.572,1.585
2025-07-24 13:36:43.110,1.577,1.577,1.686,1.461,1.301,1.547,1.465,1.548,1.573,1.585
2025-07-24 13:36:43.159,1.578,1.576,1.685,1.461,1.242,1.545,1.466,1.547,1.573,1.585
2025-07-24 13:36:43.210,1.577,1.577,1.686,1.461,1.196,1.541,1.465,1.547,1.573,1.585
2025-07-24 13:36:43.261,1.577,1.577,1.685,1.461,1.181,1.539,1.466,1.547,1.572,1.585
2025-07-24 13:36:43.311,1.578,1.577,1.685,1.461,1.185,1.536,1.465,1.548,1.572,1.585
2025-07-24 13:36:43.360,1.578,1.577,1.686,1.461,1.204,1.533,1.467,1.547,1.572,1.585
2025-07-24 13:36:43.410,1.577,1.577,1.685,1.461,1.246,1.531,1.464,1.547,1.573,1.586
2025-07-24 13:36:43.459,1.577,1.577,1.686,1.461,1.3,1.528,1.465,1.548,1.572,1.586
2025-07-24 13:36:43.510,1.577,1.577,1.686,1.461,1.365,1.528,1.465,1.548,1.572,1.586
2025-07-24 13:36:43.560,1.577,1.577,1.685,1.461,1.428,1.529,1.466,1.547,1.572,1.585
2025-07-24 13:36:43.609,1.577,1.577,1.686,1.461,1.49,1.529,1.464,1.547,1.573,1.586
2025-07-24 13:36:43.659,1.578,1.577,1.686,1.461,1.524,1.529,1.464,1.548,1.572,1.586
2025-07-24 13:36:43.710,1.578,1.577,1.685,1.461,1.55,1.532,1.465,1.547,1.572,1.586
2025-07-24 13:36:43.760,1.577,1.577,1.685,1.461,1.561,1.533,1.463,1.547,1.572,1.586
2025-07-24 13:36:43.810,1.577,1.577,1.686,1.461,1.563,1.535,1.464,1.546,1.573,1.586
2025-07-24 13:36:43.860,1.577,1.577,1.685,1.461,1.566,1.538,1.464,1.547,1.573,1.586
2025-07-24 13:36:43.910,1.577,1.577,1.686,1.461,1.568,1.538,1.464,1.548,1.572,1.586
2025-07-24 13:36:43.961,1.577,1.577,1.686,1.461,1.568,1.54,1.465,1.548,1.571,1.586
2025-07-24 13:36:44.010,1.577,1.577,1.686,1.461,1.568,1.543,1.466,1.547,1.571,1.586
2025-07-24 13:36:44.060,1.577,1.577,1.686,1.461,1.571,1.544,1.466,1.547,1.571,1.586
2025-07-24 13:36:44.110,1.577,1.577,1.685,1.461,1.572,1.545,1.466,1.548,1.572,1.586
2025-07-24 13:36:44.160,1.577,1.577,1.686,1.461,1.572,1.546,1.466,1.547,1.572,1.586
2025-07-24 13:36:44.211,1.577,1.577,1.685,1.461,1.57,1.547,1.466,1.548,1.572,1.587
2025-07-24 13:36:44.261,1.576,1.577,1.686,1.461,1.569,1.548,1.466,1.548,1.572,1.587
2025-07-24 13:36:44.310,1.577,1.577,1.686,1.461,1.541,1.55,1.465,1.548,1.572,1.587
2025-07-24 13:36:44.360,1.577,1.577,1.685,1.461,1.499,1.55,1.466,1.547,1.572,1.586
2025-07-24 13:36:44.410,1.577,1.577,1.685,1.461,1.458,1.552,1.465,1.547,1.571,1.586
2025-07-24 13:36:44.460,1.577,1.577,1.686,1.461,1.403,1.55,1.466,1.548,1.572,1.586
2025-07-24 13:36:44.510,1.576,1.577,1.685,1.461,1.352,1.549,1.466,1.547,1.572,1.587
2025-07-24 13:36:44.560,1.577,1.577,1.686,1.461,1.291,1.547,1.465,1.546,1.572,1.587
2025-07-24 13:36:44.611,1.577,1.577,1.685,1.461,1.232,1.544,1.465,1.548,1.572,1.587
2025-07-24 13:36:44.660,1.577,1.577,1.685,1.461,1.185,1.541,1.466,1.547,1.571,1.586
2025-07-24 13:36:44.710,1.576,1.576,1.685,1.461,1.168,1.538,1.465,1.548,1.571,1.587
2025-07-24 13:36:44.760,1.577,1.577,1.686,1.461,1.168,1.535,1.466,1.548,1.572,1.587
2025-07-24 13:36:44.810,1.577,1.577,1.686,1.461,1.184,1.53,1.466,1.548,1.571,1.587
2025-07-24 13:36:44.860,1.577,1.577,1.686,1.461,1.216,1.53,1.465,1.546,1.571,1.586
2025-07-24 13:36:44.909,1.577,1.577,1.685,1.461,1.262,1.528,1.466,1.546,1.571,1.587
2025-07-24 13:36:44.960,1.577,1.577,1.686,1.461,1.328,1.527,1.465,1.548,1.571,1.587
2025-07-24 13:36:45.010,1.576,1.577,1.685,1.461,1.398,1.525,1.464,1.547,1.572,1.587
2025-07-24 13:36:45.060,1.577,1.577,1.686,1.461,1.467,1.526,1.462,1.547,1.572,1.588
2025-07-24 13:36:45.110,1.577,1.577,1.685,1.461,1.51,1.527,1.465,1.547,1.572,1.588
2025-07-24 13:36:45.160,1.577,1.577,1.685,1.461,1.54,1.528,1.466,1.547,1.572,1.587
2025-07-24 13:36:45.210,1.577,1.577,1.685,1.461,1.561,1.531,1.464,1.546,1.572,1.588
2025-07-24 13:36:45.261,1.577,1.577,1.685,1.461,1.563,1.533,1.464,1.547,1.571,1.587
2025-07-24 13:36:45.311,1.577,1.576,1.686,1.461,1.565,1.535,1.464,1.548,1.572,1.588
2025-07-24 13:36:45.360,1.577,1.577,1.685,1.461,1.567,1.536,1.464,1.547,1.571,1.588
2025-07-24 13:36:45.411,1.577,1.576,1.685,1.461,1.565,1.538,1.463,1.546,1.572,1.588
2025-07-24 13:36:45.460,1.577,1.575,1.685,1.461,1.569,1.54,1.463,1.547,1.572,1.589
2025-07-24 13:36:45.511,1.577,1.577,1.685,1.461,1.569,1.541,1.463,1.546,1.571,1.589
2025-07-24 13:36:45.560,1.577,1.577,1.685,1.461,1.568,1.543,1.464,1.546,1.572,1.587
2025-07-24 13:36:45.610,1.578,1.577,1.686,1.461,1.569,1.544,1.466,1.548,1.572,1.588
2025-07-24 13:36:45.660,1.578,1.576,1.685,1.461,1.568,1.546,1.463,1.546,1.573,1.589
2025-07-24 13:36:45.711,1.578,1.577,1.686,1.461,1.567,1.548,1.465,1.548,1.572,1.589
2025-07-24 13:36:45.761,1.577,1.577,1.686,1.461,1.551,1.548,1.465,1.546,1.573,1.588
2025-07-24 13:36:45.810,1.578,1.576,1.686,1.461,1.515,1.549,1.465,1.547,1.572,1.589
2025-07-24 13:36:45.861,1.579,1.577,1.685,1.461,1.468,1.551,1.465,1.548,1.572,1.588
2025-07-24 13:36:45.910,1.578,1.576,1.685,1.461,1.42,1.549,1.466,1.547,1.572,1.588
2025-07-24 13:36:45.961,1.578,1.578,1.686,1.461,1.366,1.548,1.465,1.548,1.572,1.588
2025-07-24 13:36:46.010,1.579,1.577,1.686,1.461,1.314,1.546,1.465,1.548,1.572,1.589
2025-07-24 13:36:46.061,1.579,1.577,1.685,1.461,1.262,1.544,1.465,1.547,1.572,1.589
2025-07-24 13:36:46.111,1.578,1.577,1.686,1.461,1.21,1.542,1.466,1.547,1.571,1.588
2025-07-24 13:36:46.160,1.579,1.577,1.685,1.461,1.183,1.539,1.465,1.548,1.572,1.589
2025-07-24 13:36:46.211,1.578,1.577,1.686,1.461,1.183,1.535,1.464,1.547,1.572,1.588
2025-07-24 13:36:46.261,1.579,1.577,1.686,1.461,1.189,1.533,1.466,1.547,1.572,1.589
2025-07-24 13:36:46.311,1.579,1.577,1.687,1.461,1.217,1.53,1.466,1.547,1.572,1.589
2025-07-24 13:36:46.361,1.581,1.577,1.686,1.461,1.262,1.528,1.465,1.548,1.571,1.589
2025-07-24 13:36:46.411,1.579,1.577,1.685,1.461,1.312,1.527,1.464,1.547,1.571,1.588
2025-07-24 13:36:46.461,1.579,1.577,1.686,1.461,1.381,1.527,1.465,1.548,1.572,1.588
2025-07-24 13:36:46.510,1.579,1.577,1.686,1.461,1.445,1.527,1.464,1.548,1.571,1.589
2025-07-24 13:36:46.560,1.579,1.577,1.686,1.461,1.499,1.528,1.465,1.547,1.572,1.589
2025-07-24 13:36:46.611,1.578,1.577,1.686,1.461,1.536,1.529,1.464,1.547,1.572,1.589
2025-07-24 13:36:46.661,1.579,1.577,1.685,1.461,1.553,1.532,1.463,1.547,1.573,1.589
2025-07-24 13:36:46.711,1.58,1.577,1.685,1.461,1.561,1.532,1.466,1.547,1.572,1.589
2025-07-24 13:36:46.761,1.58,1.577,1.686,1.461,1.564,1.534,1.464,1.547,1.572,1.588
2025-07-24 13:36:46.811,1.579,1.577,1.685,1.461,1.566,1.536,1.465,1.548,1.572,1.589
2025-07-24 13:36:46.861,1.58,1.578,1.686,1.461,1.569,1.54,1.463,1.548,1.572,1.589
2025-07-24 13:36:46.911,1.58,1.577,1.685,1.461,1.569,1.54,1.465,1.547,1.572,1.589
2025-07-24 13:36:46.961,1.58,1.577,1.686,1.461,1.569,1.542,1.464,1.548,1.572,1.589
2025-07-24 13:36:47.011,1.58,1.577,1.686,1.461,1.568,1.543,1.464,1.548,1.572,1.589
2025-07-24 13:36:47.060,1.581,1.577,1.686,1.461,1.57,1.544,1.464,1.548,1.572,1.588
2025-07-24 13:36:47.111,1.579,1.577,1.687,1.461,1.567,1.546,1.466,1.547,1.571,1.589
2025-07-24 13:36:47.161,1.58,1.577,1.685,1.461,1.568,1.548,1.465,1.547,1.572,1.589
2025-07-24 13:36:47.211,1.579,1.577,1.685,1.461,1.556,1.548,1.465,1.546,1.571,1.59
2025-07-24 13:36:47.261,1.58,1.577,1.686,1.461,1.537,1.549,1.464,1.547,1.572,1.589
2025-07-24 13:36:47.310,1.58,1.577,1.686,1.461,1.497,1.55,1.466,1.547,1.572,1.588
2025-07-24 13:36:47.361,1.58,1.577,1.686,1.461,1.446,1.551,1.466,1.547,1.571,1.589
2025-07-24 13:36:47.411,1.58,1.577,1.685,1.461,1.391,1.549,1.466,1.547,1.571,1.588
2025-07-24 13:36:47.461,1.58,1.577,1.686,1.461,1.333,1.548,1.465,1.548,1.571,1.589
2025-07-24 13:36:47.510,1.58,1.577,1.685,1.461,1.282,1.545,1.466,1.548,1.571,1.589
2025-07-24 13:36:47.561,1.58,1.577,1.685,1.461,1.229,1.544,1.465,1.547,1.572,1.589
2025-07-24 13:36:47.611,1.58,1.577,1.685,1.461,1.2,1.54,1.465,1.548,1.572,1.588
2025-07-24 13:36:47.661,1.58,1.577,1.685,1.461,1.192,1.537,1.466,1.548,1.572,1.589
2025-07-24 13:36:47.711,1.58,1.577,1.686,1.461,1.191,1.534,1.466,1.547,1.572,1.588
2025-07-24 13:36:47.761,1.58,1.577,1.685,1.461,1.203,1.532,1.464,1.547,1.572,1.589
2025-07-24 13:36:47.811,1.58,1.577,1.685,1.461,1.233,1.529,1.465,1.547,1.572,1.589
2025-07-24 13:36:47.861,1.581,1.577,1.685,1.461,1.283,1.528,1.464,1.548,1.572,1.589
2025-07-24 13:36:47.911,1.581,1.577,1.686,1.461,1.344,1.525,1.466,1.547,1.572,1.589
2025-07-24 13:36:47.960,1.58,1.577,1.687,1.461,1.41,1.527,1.462,1.547,1.572,1.589
2025-07-24 13:36:48.011,1.58,1.577,1.685,1.461,1.476,1.527,1.465,1.547,1.571,1.589
2025-07-24 13:36:48.061,1.58,1.577,1.686,1.461,1.52,1.528,1.463,1.546,1.571,1.589
2025-07-24 13:36:48.112,1.581,1.577,1.685,1.461,1.544,1.53,1.463,1.547,1.572,1.589
2025-07-24 13:36:48.162,1.579,1.577,1.685,1.461,1.556,1.532,1.464,1.546,1.571,1.589
2025-07-24 13:36:48.211,1.58,1.577,1.686,1.461,1.559,1.533,1.464,1.546,1.572,1.589
2025-07-24 13:36:48.261,1.58,1.576,1.685,1.461,1.561,1.536,1.463,1.547,1.572,1.589
2025-07-24 13:36:48.312,1.58,1.577,1.685,1.461,1.565,1.538,1.464,1.546,1.572,1.589
2025-07-24 13:36:48.361,1.58,1.576,1.685,1.461,1.567,1.54,1.463,1.547,1.572,1.588
2025-07-24 13:36:48.411,1.58,1.577,1.685,1.461,1.57,1.54,1.464,1.546,1.572,1.589
2025-07-24 13:36:48.462,1.58,1.577,1.685,1.461,1.567,1.54,1.465,1.547,1.572,1.588
2025-07-24 13:36:48.510,1.579,1.577,1.685,1.461,1.565,1.543,1.463,1.547,1.572,1.588
2025-07-24 13:36:48.561,1.579,1.577,1.686,1.461,1.569,1.544,1.465,1.547,1.573,1.587
2025-07-24 13:36:48.611,1.579,1.577,1.685,1.461,1.567,1.546,1.464,1.547,1.573,1.587
2025-07-24 13:36:48.661,1.579,1.576,1.685,1.461,1.567,1.548,1.463,1.546,1.573,1.586
2025-07-24 13:36:48.711,1.579,1.577,1.685,1.461,1.549,1.548,1.464,1.548,1.574,1.587
2025-07-24 13:36:48.761,1.58,1.577,1.685,1.461,1.525,1.549,1.464,1.547,1.573,1.586
2025-07-24 13:36:48.811,1.58,1.577,1.685,1.461,1.488,1.55,1.465,1.547,1.573,1.588
2025-07-24 13:36:48.861,1.579,1.577,1.685,1.461,1.439,1.551,1.464,1.546,1.574,1.586
2025-07-24 13:36:48.911,1.579,1.577,1.685,1.461,1.387,1.55,1.463,1.547,1.574,1.586
2025-07-24 13:36:48.962,1.578,1.577,1.685,1.461,1.325,1.548,1.465,1.547,1.574,1.587
2025-07-24 13:36:49.011,1.579,1.577,1.686,1.461,1.269,1.545,1.464,1.547,1.575,1.586
2025-07-24 13:36:49.062,1.578,1.577,1.686,1.461,1.213,1.543,1.466,1.547,1.574,1.586
2025-07-24 13:36:49.111,1.579,1.577,1.685,1.461,1.195,1.54,1.466,1.547,1.573,1.586
2025-07-24 13:36:49.162,1.578,1.577,1.686,1.461,1.192,1.536,1.466,1.547,1.574,1.586
2025-07-24 13:36:49.211,1.579,1.577,1.686,1.461,1.2,1.534,1.465,1.547,1.574,1.586
2025-07-24 13:36:49.262,1.578,1.577,1.685,1.461,1.229,1.532,1.465,1.547,1.574,1.586
2025-07-24 13:36:49.312,1.577,1.577,1.685,1.461,1.275,1.529,1.465,1.546,1.573,1.586
2025-07-24 13:36:49.361,1.579,1.577,1.686,1.461,1.324,1.528,1.466,1.547,1.573,1.586
2025-07-24 13:36:49.411,1.578,1.577,1.686,1.461,1.395,1.528,1.465,1.548,1.574,1.586
2025-07-24 13:36:49.462,1.577,1.577,1.685,1.461,1.451,1.528,1.465,1.547,1.573,1.586
2025-07-24 13:36:49.511,1.578,1.577,1.686,1.461,1.502,1.53,1.466,1.547,1.573,1.585
2025-07-24 13:36:49.562,1.577,1.577,1.686,1.461,1.536,1.531,1.463,1.547,1.573,1.585
2025-07-24 13:36:49.612,1.577,1.578,1.686,1.461,1.548,1.532,1.465,1.546,1.573,1.585
2025-07-24 13:36:49.661,1.577,1.577,1.687,1.461,1.555,1.534,1.463,1.547,1.573,1.586
2025-07-24 13:36:49.712,1.578,1.577,1.685,1.461,1.561,1.536,1.464,1.547,1.573,1.584
2025-07-24 13:36:49.761,1.577,1.577,1.685,1.461,1.565,1.537,1.464,1.547,1.573,1.585
2025-07-24 13:36:49.812,1.577,1.577,1.685,1.461,1.564,1.54,1.465,1.547,1.573,1.585
2025-07-24 13:36:49.862,1.577,1.577,1.686,1.461,1.563,1.541,1.466,1.548,1.573,1.585
2025-07-24 13:36:49.912,1.577,1.577,1.686,1.461,1.567,1.542,1.465,1.548,1.573,1.584
2025-07-24 13:36:49.961,1.578,1.577,1.686,1.461,1.561,1.544,1.465,1.547,1.573,1.585
2025-07-24 13:36:50.012,1.577,1.577,1.685,1.461,1.562,1.545,1.465,1.548,1.573,1.584
2025-07-24 13:36:50.062,1.577,1.577,1.686,1.461,1.567,1.548,1.466,1.547,1.573,1.585
2025-07-24 13:36:50.112,1.577,1.577,1.685,1.461,1.573,1.547,1.464,1.547,1.573,1.584
2025-07-24 13:36:50.161,1.578,1.577,1.685,1.461,1.567,1.548,1.465,1.547,1.573,1.584
2025-07-24 13:36:50.212,1.577,1.577,1.685,1.461,1.539,1.55,1.465,1.547,1.572,1.585
2025-07-24 13:36:50.262,1.578,1.577,1.686,1.461,1.508,1.552,1.465,1.547,1.573,1.583
2025-07-24 13:36:50.312,1.577,1.578,1.686,1.461,1.46,1.551,1.463,1.548,1.573,1.584
2025-07-24 13:36:50.362,1.578,1.577,1.686,1.461,1.409,1.551,1.465,1.547,1.573,1.583
2025-07-24 13:36:50.412,1.578,1.577,1.686,1.461,1.358,1.548,1.466,1.548,1.573,1.583
2025-07-24 13:36:50.462,1.577,1.577,1.686,1.461,1.302,1.548,1.466,1.546,1.572,1.583
2025-07-24 13:36:50.512,1.578,1.577,1.686,1.461,1.25,1.544,1.465,1.547,1.573,1.584
2025-07-24 13:36:50.561,1.578,1.577,1.686,1.461,1.211,1.543,1.466,1.547,1.573,1.584
2025-07-24 13:36:50.612,1.578,1.577,1.687,1.461,1.2,1.54,1.465,1.547,1.573,1.583
2025-07-24 13:36:50.662,1.577,1.577,1.685,1.461,1.193,1.536,1.466,1.548,1.573,1.583
2025-07-24 13:36:50.712,1.577,1.577,1.686,1.461,1.207,1.532,1.466,1.547,1.572,1.583
2025-07-24 13:36:50.762,1.577,1.577,1.686,1.461,1.245,1.532,1.465,1.546,1.572,1.583
2025-07-24 13:36:50.812,1.577,1.577,1.686,1.461,1.293,1.53,1.465,1.547,1.573,1.583
2025-07-24 13:36:50.862,1.577,1.577,1.686,1.461,1.36,1.528,1.465,1.548,1.571,1.584
2025-07-24 13:36:50.911,1.577,1.577,1.687,1.461,1.423,1.529,1.464,1.548,1.572,1.584
2025-07-24 13:36:50.962,1.578,1.577,1.685,1.461,1.482,1.528,1.466,1.547,1.572,1.584
2025-07-24 13:36:51.012,1.578,1.577,1.686,1.462,1.53,1.529,1.465,1.546,1.572,1.585
2025-07-24 13:36:51.061,1.578,1.577,1.686,1.461,1.545,1.532,1.464,1.546,1.572,1.585
2025-07-24 13:36:51.113,1.577,1.577,1.686,1.461,1.557,1.533,1.465,1.547,1.572,1.585
2025-07-24 13:36:51.162,1.578,1.577,1.686,1.461,1.561,1.535,1.463,1.547,1.572,1.585
2025-07-24 13:36:51.211,1.577,1.577,1.686,1.461,1.564,1.536,1.464,1.547,1.573,1.584
2025-07-24 13:36:51.263,1.577,1.577,1.686,1.461,1.569,1.539,1.464,1.546,1.573,1.585
2025-07-24 13:36:51.312,1.578,1.577,1.686,1.461,1.567,1.541,1.465,1.547,1.572,1.586
2025-07-24 13:36:51.363,1.579,1.577,1.686,1.461,1.566,1.542,1.463,1.547,1.572,1.586
2025-07-24 13:36:51.412,1.578,1.577,1.686,1.461,1.568,1.543,1.464,1.547,1.572,1.585
2025-07-24 13:36:51.463,1.577,1.577,1.686,1.461,1.565,1.544,1.463,1.547,1.572,1.585
2025-07-24 13:36:51.513,1.577,1.577,1.685,1.461,1.569,1.546,1.464,1.546,1.573,1.585
2025-07-24 13:36:51.563,1.577,1.577,1.686,1.461,1.574,1.547,1.465,1.547,1.572,1.585
2025-07-24 13:36:51.612,1.577,1.577,1.686,1.461,1.571,1.548,1.465,1.547,1.573,1.584
2025-07-24 13:36:51.662,1.578,1.577,1.686,1.461,1.568,1.55,1.462,1.547,1.573,1.585
2025-07-24 13:36:51.712,1.577,1.577,1.685,1.461,1.541,1.551,1.464,1.547,1.573,1.585
2025-07-24 13:36:51.762,1.577,1.577,1.685,1.461,1.504,1.552,1.465,1.547,1.573,1.584
2025-07-24 13:36:51.813,1.578,1.577,1.686,1.461,1.46,1.552,1.466,1.546,1.573,1.584
2025-07-24 13:36:51.862,1.578,1.577,1.685,1.461,1.403,1.55,1.465,1.547,1.573,1.584
2025-07-24 13:36:51.912,1.577,1.577,1.686,1.461,1.343,1.549,1.465,1.547,1.573,1.585
2025-07-24 13:36:51.962,1.578,1.577,1.685,1.461,1.283,1.548,1.466,1.547,1.573,1.583
2025-07-24 13:36:52.013,1.578,1.577,1.685,1.461,1.231,1.545,1.465,1.546,1.573,1.584
2025-07-24 13:36:52.063,1.578,1.577,1.686,1.461,1.205,1.543,1.466,1.548,1.573,1.585
2025-07-24 13:36:52.113,1.578,1.577,1.686,1.461,1.202,1.54,1.466,1.548,1.574,1.584
2025-07-24 13:36:52.163,1.578,1.577,1.686,1.462,1.2,1.536,1.466,1.548,1.573,1.584
2025-07-24 13:36:52.213,1.579,1.577,1.686,1.461,1.223,1.534,1.468,1.548,1.573,1.584
2025-07-24 13:36:52.262,1.578,1.577,1.686,1.461,1.266,1.533,1.467,1.548,1.573,1.584
2025-07-24 13:36:52.312,1.578,1.577,1.687,1.461,1.327,1.53,1.467,1.548,1.574,1.584
2025-07-24 13:36:52.362,1.578,1.577,1.687,1.461,1.391,1.53,1.464,1.548,1.573,1.585
2025-07-24 13:36:52.413,1.578,1.577,1.686,1.461,1.452,1.531,1.466,1.548,1.573,1.584
2025-07-24 13:36:52.463,1.578,1.577,1.687,1.461,1.499,1.532,1.465,1.548,1.574,1.584
2025-07-24 13:36:52.513,1.578,1.577,1.686,1.461,1.533,1.533,1.466,1.548,1.574,1.584
2025-07-24 13:36:52.562,1.578,1.577,1.687,1.461,1.551,1.535,1.466,1.548,1.573,1.585
2025-07-24 13:36:52.613,1.58,1.577,1.687,1.461,1.559,1.536,1.465,1.548,1.573,1.584
2025-07-24 13:36:52.663,1.579,1.577,1.687,1.461,1.565,1.539,1.466,1.548,1.573,1.584
2025-07-24 13:36:52.713,1.579,1.578,1.687,1.461,1.565,1.539,1.466,1.548,1.573,1.584
2025-07-24 13:36:52.762,1.579,1.578,1.688,1.461,1.565,1.541,1.466,1.548,1.573,1.584
2025-07-24 13:36:52.812,1.579,1.578,1.687,1.461,1.566,1.543,1.465,1.548,1.574,1.584
2025-07-24 13:36:52.863,1.579,1.578,1.687,1.462,1.563,1.544,1.465,1.548,1.573,1.584
2025-07-24 13:36:52.912,1.579,1.577,1.687,1.461,1.568,1.546,1.466,1.548,1.573,1.584
2025-07-24 13:36:52.963,1.578,1.578,1.688,1.461,1.569,1.548,1.466,1.549,1.574,1.584
2025-07-24 13:36:53.013,1.579,1.578,1.686,1.461,1.569,1.548,1.466,1.548,1.573,1.584
2025-07-24 13:36:53.062,1.58,1.578,1.688,1.461,1.566,1.549,1.467,1.548,1.574,1.584
2025-07-24 13:36:53.113,1.58,1.577,1.687,1.461,1.568,1.552,1.467,1.548,1.574,1.584
2025-07-24 13:36:53.163,1.579,1.578,1.687,1.461,1.547,1.553,1.466,1.548,1.573,1.584
2025-07-24 13:36:53.213,1.58,1.577,1.686,1.461,1.517,1.553,1.466,1.548,1.574,1.584
2025-07-24 13:36:53.263,1.579,1.578,1.687,1.461,1.472,1.553,1.466,1.548,1.574,1.585
2025-07-24 13:36:53.313,1.58,1.577,1.688,1.461,1.425,1.553,1.467,1.548,1.574,1.584
2025-07-24 13:36:53.362,1.58,1.577,1.688,1.462,1.37,1.552,1.467,1.548,1.574,1.585
2025-07-24 13:36:53.413,1.579,1.578,1.687,1.461,1.301,1.549,1.466,1.548,1.574,1.585
2025-07-24 13:36:53.463,1.581,1.578,1.688,1.461,1.238,1.548,1.466,1.548,1.573,1.585
2025-07-24 13:36:53.513,1.579,1.578,1.687,1.462,1.196,1.544,1.466,1.548,1.574,1.585
2025-07-24 13:36:53.563,1.58,1.577,1.686,1.462,1.188,1.541,1.467,1.548,1.574,1.585
2025-07-24 13:36:53.613,1.579,1.578,1.687,1.461,1.188,1.539,1.467,1.548,1.575,1.585
2025-07-24 13:36:53.663,1.58,1.578,1.688,1.462,1.207,1.536,1.467,1.549,1.575,1.585
2025-07-24 13:36:53.713,1.58,1.578,1.687,1.461,1.242,1.532,1.466,1.549,1.575,1.585
2025-07-24 13:36:53.763,1.579,1.578,1.687,1.461,1.297,1.532,1.466,1.548,1.573,1.585
2025-07-24 13:36:53.812,1.579,1.578,1.687,1.462,1.352,1.531,1.467,1.548,1.574,1.586
2025-07-24 13:36:53.862,1.579,1.579,1.688,1.462,1.417,1.531,1.467,1.548,1.575,1.586
2025-07-24 13:36:53.913,1.579,1.577,1.688,1.462,1.474,1.53,1.466,1.548,1.575,1.586
2025-07-24 13:36:53.963,1.579,1.578,1.687,1.462,1.516,1.532,1.466,1.548,1.575,1.586
2025-07-24 13:36:54.013,1.578,1.577,1.688,1.461,1.542,1.534,1.467,1.549,1.575,1.585
2025-07-24 13:36:54.063,1.579,1.578,1.687,1.461,1.557,1.534,1.466,1.548,1.574,1.586
2025-07-24 13:36:54.113,1.578,1.578,1.688,1.461,1.562,1.537,1.465,1.549,1.575,1.586
2025-07-24 13:36:54.162,1.579,1.577,1.687,1.461,1.563,1.539,1.465,1.548,1.574,1.586
2025-07-24 13:36:54.213,1.578,1.577,1.687,1.461,1.562,1.541,1.465,1.548,1.575,1.586
2025-07-24 13:36:54.263,1.579,1.578,1.687,1.462,1.565,1.542,1.466,1.549,1.576,1.586
2025-07-24 13:36:54.313,1.577,1.578,1.687,1.461,1.572,1.544,1.468,1.548,1.576,1.586
2025-07-24 13:36:54.363,1.577,1.577,1.687,1.462,1.568,1.545,1.467,1.548,1.575,1.586
2025-07-24 13:36:54.413,1.578,1.578,1.687,1.462,1.568,1.546,1.465,1.549,1.575,1.586
2025-07-24 13:36:54.462,1.577,1.578,1.687,1.461,1.573,1.547,1.466,1.548,1.575,1.586
2025-07-24 13:36:54.513,1.579,1.579,1.688,1.462,1.57,1.549,1.466,1.549,1.575,1.586
2025-07-24 13:36:54.563,1.577,1.578,1.687,1.462,1.567,1.55,1.468,1.548,1.575,1.586
2025-07-24 13:36:54.612,1.577,1.578,1.689,1.462,1.552,1.551,1.466,1.548,1.574,1.586
2025-07-24 13:36:54.662,1.578,1.579,1.687,1.462,1.517,1.553,1.466,1.548,1.575,1.586
2025-07-24 13:36:54.713,1.577,1.578,1.687,1.462,1.479,1.553,1.466,1.549,1.574,1.586
2025-07-24 13:36:54.763,1.577,1.577,1.687,1.462,1.423,1.553,1.466,1.548,1.575,1.587
2025-07-24 13:36:54.813,1.577,1.578,1.688,1.462,1.368,1.55,1.465,1.548,1.575,1.586
2025-07-24 13:36:54.863,1.577,1.577,1.688,1.462,1.308,1.549,1.466,1.548,1.575,1.587
2025-07-24 13:36:54.912,1.577,1.578,1.687,1.462,1.249,1.546,1.466,1.549,1.574,1.587
2025-07-24 13:36:54.963,1.578,1.577,1.687,1.462,1.204,1.544,1.466,1.548,1.575,1.586
2025-07-24 13:36:55.013,1.577,1.577,1.686,1.462,1.196,1.541,1.468,1.548,1.575,1.586
2025-07-24 13:36:55.063,1.578,1.577,1.687,1.462,1.189,1.538,1.467,1.549,1.575,1.586
2025-07-24 13:36:55.113,1.577,1.577,1.687,1.462,1.211,1.536,1.466,1.548,1.575,1.586
2025-07-24 13:36:55.163,1.577,1.577,1.687,1.462,1.245,1.532,1.467,1.548,1.575,1.586
2025-07-24 13:36:55.212,1.577,1.577,1.687,1.462,1.291,1.531,1.466,1.548,1.575,1.586
2025-07-24 13:36:55.263,1.577,1.577,1.687,1.462,1.353,1.529,1.465,1.548,1.575,1.586
2025-07-24 13:36:55.313,1.577,1.577,1.687,1.462,1.415,1.528,1.466,1.548,1.575,1.586
2025-07-24 13:36:55.363,1.577,1.578,1.686,1.462,1.474,1.529,1.466,1.548,1.576,1.587
2025-07-24 13:36:55.413,1.577,1.578,1.687,1.462,1.52,1.531,1.466,1.548,1.575,1.586
2025-07-24 13:36:55.463,1.577,1.577,1.688,1.461,1.541,1.533,1.466,1.548,1.575,1.587
2025-07-24 13:36:55.513,1.577,1.577,1.686,1.462,1.555,1.535,1.466,1.549,1.576,1.587
2025-07-24 13:36:55.562,1.577,1.577,1.687,1.462,1.556,1.536,1.465,1.548,1.575,1.586
2025-07-24 13:36:55.613,1.577,1.577,1.687,1.462,1.563,1.538,1.465,1.548,1.575,1.587
2025-07-24 13:36:55.663,1.577,1.577,1.687,1.462,1.565,1.54,1.465,1.548,1.575,1.586
2025-07-24 13:36:55.713,1.577,1.577,1.688,1.461,1.566,1.541,1.465,1.548,1.574,1.586
2025-07-24 13:36:55.764,1.577,1.577,1.687,1.461,1.565,1.543,1.463,1.548,1.574,1.586
2025-07-24 13:36:55.813,1.577,1.577,1.688,1.462,1.568,1.544,1.466,1.548,1.575,1.587
2025-07-24 13:36:55.863,1.577,1.577,1.686,1.462,1.57,1.545,1.466,1.548,1.574,1.586
2025-07-24 13:36:55.914,1.577,1.577,1.687,1.462,1.568,1.548,1.465,1.548,1.574,1.586
2025-07-24 13:36:55.964,1.577,1.577,1.686,1.461,1.565,1.548,1.466,1.548,1.574,1.586
2025-07-24 13:36:56.014,1.577,1.577,1.687,1.462,1.567,1.549,1.466,1.548,1.575,1.586
2025-07-24 13:36:56.063,1.577,1.577,1.687,1.462,1.544,1.55,1.466,1.548,1.574,1.586
2025-07-24 13:36:56.114,1.577,1.578,1.686,1.461,1.513,1.552,1.466,1.548,1.575,1.586
2025-07-24 13:36:56.163,1.577,1.577,1.686,1.462,1.466,1.552,1.465,1.548,1.575,1.586
2025-07-24 13:36:56.214,1.577,1.577,1.688,1.461,1.406,1.55,1.465,1.548,1.575,1.586
2025-07-24 13:36:56.264,1.577,1.577,1.686,1.462,1.343,1.55,1.466,1.548,1.574,1.586
2025-07-24 13:36:56.314,1.577,1.577,1.687,1.461,1.271,1.547,1.466,1.548,1.573,1.586
2025-07-24 13:36:56.364,1.577,1.577,1.687,1.462,1.221,1.544,1.465,1.548,1.574,1.586
2025-07-24 13:36:56.414,1.577,1.577,1.686,1.462,1.201,1.541,1.466,1.548,1.574,1.586
2025-07-24 13:36:56.464,1.577,1.577,1.687,1.462,1.204,1.54,1.466,1.548,1.573,1.586
2025-07-24 13:36:56.513,1.577,1.577,1.687,1.461,1.209,1.536,1.466,1.547,1.575,1.586
2025-07-24 13:36:56.564,1.576,1.576,1.687,1.461,1.246,1.533,1.467,1.548,1.574,1.585
2025-07-24 13:36:56.614,1.576,1.577,1.686,1.462,1.29,1.532,1.466,1.548,1.573,1.585
2025-07-24 13:36:56.664,1.576,1.577,1.686,1.462,1.344,1.53,1.464,1.548,1.573,1.586
2025-07-24 13:36:56.714,1.576,1.577,1.687,1.462,1.411,1.53,1.465,1.548,1.574,1.586
2025-07-24 13:36:56.764,1.576,1.577,1.685,1.462,1.481,1.53,1.466,1.548,1.573,1.586
2025-07-24 13:36:56.814,1.576,1.577,1.685,1.461,1.528,1.532,1.465,1.548,1.573,1.585
2025-07-24 13:36:56.864,1.576,1.577,1.686,1.461,1.551,1.532,1.466,1.548,1.573,1.586
2025-07-24 13:36:56.914,1.576,1.576,1.685,1.462,1.56,1.534,1.465,1.547,1.573,1.586
2025-07-24 13:36:56.964,1.577,1.577,1.687,1.461,1.565,1.536,1.465,1.548,1.573,1.586
2025-07-24 13:36:57.013,1.576,1.577,1.685,1.462,1.565,1.538,1.464,1.547,1.573,1.585
2025-07-24 13:36:57.063,1.577,1.577,1.685,1.462,1.572,1.54,1.464,1.547,1.573,1.585
2025-07-24 13:36:57.114,1.577,1.576,1.685,1.461,1.566,1.54,1.465,1.547,1.573,1.584
2025-07-24 13:36:57.164,1.577,1.575,1.687,1.462,1.563,1.543,1.466,1.547,1.573,1.584
2025-07-24 13:36:57.214,1.576,1.576,1.686,1.461,1.569,1.545,1.465,1.548,1.573,1.584
2025-07-24 13:36:57.264,1.577,1.575,1.686,1.461,1.57,1.546,1.465,1.546,1.572,1.584
2025-07-24 13:36:57.314,1.576,1.577,1.685,1.461,1.568,1.548,1.465,1.546,1.573,1.584
2025-07-24 13:36:57.364,1.577,1.577,1.685,1.462,1.568,1.548,1.465,1.547,1.572,1.584
2025-07-24 13:36:57.414,1.577,1.577,1.685,1.461,1.563,1.55,1.466,1.547,1.573,1.584
2025-07-24 13:36:57.464,1.577,1.576,1.685,1.461,1.568,1.55,1.466,1.548,1.573,1.584
2025-07-24 13:36:57.514,1.577,1.576,1.686,1.462,1.537,1.552,1.465,1.547,1.573,1.584
2025-07-24 13:36:57.564,1.576,1.576,1.686,1.461,1.499,1.553,1.466,1.546,1.573,1.584
2025-07-24 13:36:57.614,1.577,1.577,1.686,1.461,1.447,1.553,1.466,1.547,1.573,1.584
2025-07-24 13:36:57.664,1.577,1.577,1.686,1.461,1.391,1.553,1.466,1.546,1.573,1.583
2025-07-24 13:36:57.714,1.577,1.576,1.685,1.461,1.333,1.549,1.466,1.547,1.572,1.584
2025-07-24 13:36:57.764,1.577,1.576,1.685,1.461,1.265,1.548,1.466,1.547,1.572,1.584
2025-07-24 13:36:57.814,1.577,1.576,1.686,1.461,1.217,1.545,1.466,1.547,1.572,1.585
2025-07-24 13:36:57.865,1.577,1.577,1.686,1.461,1.201,1.542,1.466,1.547,1.572,1.584
2025-07-24 13:36:57.914,1.577,1.577,1.686,1.461,1.203,1.539,1.466,1.547,1.572,1.584
2025-07-24 13:36:57.964,1.577,1.576,1.685,1.461,1.222,1.537,1.466,1.548,1.572,1.585
2025-07-24 13:36:58.014,1.578,1.577,1.686,1.461,1.263,1.535,1.466,1.548,1.573,1.585
2025-07-24 13:36:58.064,1.578,1.577,1.687,1.461,1.314,1.532,1.465,1.548,1.572,1.584
2025-07-24 13:36:58.114,1.577,1.577,1.686,1.461,1.371,1.532,1.465,1.547,1.572,1.585
2025-07-24 13:36:58.165,1.577,1.576,1.687,1.461,1.425,1.532,1.465,1.548,1.572,1.586
2025-07-24 13:36:58.214,1.577,1.577,1.686,1.461,1.484,1.534,1.465,1.548,1.572,1.585
2025-07-24 13:36:58.264,1.577,1.577,1.687,1.461,1.526,1.533,1.465,1.548,1.573,1.585
2025-07-24 13:36:58.314,1.578,1.577,1.688,1.461,1.546,1.535,1.465,1.548,1.573,1.586
2025-07-24 13:36:58.364,1.578,1.577,1.686,1.461,1.557,1.537,1.467,1.548,1.572,1.586
2025-07-24 13:36:58.414,1.577,1.577,1.686,1.461,1.56,1.538,1.465,1.548,1.573,1.586
2025-07-24 13:36:58.464,1.577,1.576,1.685,1.462,1.563,1.54,1.465,1.547,1.573,1.586
2025-07-24 13:36:58.514,1.577,1.577,1.687,1.461,1.564,1.542,1.466,1.547,1.573,1.586
2025-07-24 13:36:58.565,1.577,1.577,1.686,1.461,1.568,1.543,1.465,1.548,1.572,1.586
2025-07-24 13:36:58.614,1.577,1.577,1.687,1.461,1.567,1.544,1.466,1.547,1.572,1.586
2025-07-24 13:36:58.664,1.577,1.577,1.686,1.461,1.568,1.545,1.465,1.548,1.572,1.586
2025-07-24 13:36:58.714,1.577,1.578,1.686,1.462,1.572,1.546,1.466,1.547,1.572,1.586
2025-07-24 13:36:58.764,1.576,1.577,1.686,1.461,1.571,1.548,1.465,1.548,1.572,1.586
2025-07-24 13:36:58.814,1.577,1.577,1.685,1.461,1.568,1.55,1.466,1.548,1.572,1.586
2025-07-24 13:36:58.864,1.577,1.577,1.686,1.461,1.567,1.551,1.465,1.548,1.572,1.586
2025-07-24 13:36:58.914,1.577,1.577,1.686,1.461,1.564,1.553,1.466,1.547,1.572,1.586
2025-07-24 13:36:58.964,1.577,1.577,1.687,1.461,1.532,1.553,1.465,1.547,1.572,1.586
2025-07-24 13:36:59.015,1.576,1.577,1.686,1.461,1.489,1.553,1.466,1.547,1.572,1.586
2025-07-24 13:36:59.064,1.577,1.576,1.686,1.461,1.431,1.553,1.465,1.548,1.572,1.586
2025-07-24 13:36:59.114,1.577,1.576,1.686,1.461,1.364,1.552,1.465,1.547,1.572,1.586
2025-07-24 13:36:59.164,1.577,1.577,1.687,1.461,1.297,1.549,1.466,1.547,1.572,1.587
2025-07-24 13:36:59.215,1.576,1.577,1.686,1.461,1.231,1.547,1.466,1.548,1.572,1.586
2025-07-24 13:36:59.264,1.576,1.577,1.686,1.461,1.198,1.544,1.466,1.548,1.571,1.587
2025-07-24 13:36:59.314,1.577,1.577,1.686,1.461,1.191,1.541,1.467,1.547,1.571,1.587
2025-07-24 13:36:59.365,1.576,1.577,1.685,1.461,1.193,1.538,1.465,1.548,1.571,1.586
2025-07-24 13:36:59.415,1.576,1.576,1.685,1.462,1.23,1.536,1.466,1.547,1.572,1.587
2025-07-24 13:36:59.464,1.576,1.577,1.685,1.461,1.283,1.533,1.464,1.548,1.572,1.587
2025-07-24 13:36:59.515,1.576,1.577,1.685,1.461,1.343,1.532,1.464,1.547,1.571,1.587
2025-07-24 13:36:59.564,1.577,1.577,1.686,1.462,1.411,1.532,1.466,1.547,1.572,1.587
2025-07-24 13:36:59.614,1.576,1.576,1.686,1.461,1.47,1.532,1.464,1.547,1.571,1.586
2025-07-24 13:36:59.664,1.577,1.577,1.685,1.461,1.515,1.532,1.465,1.546,1.572,1.587
2025-07-24 13:36:59.715,1.576,1.576,1.686,1.461,1.544,1.534,1.465,1.547,1.571,1.587
2025-07-24 13:36:59.764,1.577,1.576,1.685,1.461,1.555,1.535,1.466,1.547,1.572,1.587
2025-07-24 13:36:59.815,1.577,1.577,1.685,1.461,1.571,1.537,1.465,1.547,1.572,1.588
2025-07-24 13:36:59.865,1.577,1.575,1.685,1.461,1.565,1.539,1.463,1.547,1.571,1.587
2025-07-24 13:36:59.914,1.577,1.575,1.685,1.461,1.566,1.54,1.465,1.547,1.572,1.587
2025-07-24 13:36:59.964,1.576,1.576,1.685,1.461,1.566,1.542,1.465,1.546,1.571,1.587
2025-07-24 13:37:00.015,1.577,1.576,1.686,1.461,1.57,1.544,1.466,1.547,1.571,1.587
2025-07-24 13:37:00.064,1.577,1.577,1.686,1.461,1.565,1.544,1.466,1.548,1.572,1.588
2025-07-24 13:37:00.115,1.577,1.576,1.685,1.461,1.57,1.547,1.467,1.548,1.572,1.589
2025-07-24 13:37:00.165,1.577,1.577,1.687,1.461,1.572,1.548,1.465,1.548,1.573,1.588
2025-07-24 13:37:00.215,1.577,1.577,1.686,1.461,1.568,1.551,1.466,1.548,1.573,1.589
2025-07-24 13:37:00.265,1.578,1.577,1.686,1.461,1.567,1.551,1.466,1.548,1.572,1.588
2025-07-24 13:37:00.315,1.578,1.577,1.687,1.461,1.557,1.552,1.467,1.548,1.573,1.587
2025-07-24 13:37:00.365,1.578,1.577,1.686,1.461,1.523,1.553,1.466,1.548,1.572,1.588
2025-07-24 13:37:00.415,1.578,1.577,1.686,1.461,1.474,1.553,1.466,1.548,1.572,1.588
2025-07-24 13:37:00.465,1.579,1.577,1.687,1.462,1.424,1.552,1.466,1.548,1.573,1.587
2025-07-24 13:37:00.514,1.579,1.578,1.686,1.462,1.361,1.552,1.467,1.548,1.573,1.588
2025-07-24 13:37:00.566,1.579,1.577,1.686,1.461,1.294,1.551,1.466,1.548,1.573,1.588
2025-07-24 13:37:00.615,1.578,1.577,1.686,1.462,1.229,1.547,1.466,1.548,1.573,1.587
2025-07-24 13:37:00.665,1.579,1.578,1.688,1.462,1.193,1.544,1.467,1.548,1.573,1.586
2025-07-24 13:37:00.715,1.58,1.577,1.687,1.461,1.192,1.541,1.467,1.548,1.573,1.586
2025-07-24 13:37:00.765,1.58,1.577,1.687,1.461,1.191,1.538,1.467,1.548,1.573,1.586
2025-07-24 13:37:00.815,1.578,1.577,1.687,1.461,1.222,1.536,1.466,1.549,1.573,1.586
2025-07-24 13:37:00.865,1.578,1.577,1.688,1.462,1.267,1.533,1.466,1.548,1.573,1.587
2025-07-24 13:37:00.915,1.579,1.578,1.688,1.461,1.32,1.532,1.467,1.548,1.574,1.586
2025-07-24 13:37:00.965,1.579,1.578,1.686,1.461,1.381,1.532,1.466,1.549,1.573,1.586
2025-07-24 13:37:01.015,1.578,1.578,1.687,1.461,1.449,1.532,1.466,1.548,1.573,1.586
2025-07-24 13:37:01.065,1.578,1.578,1.688,1.461,1.495,1.532,1.466,1.548,1.573,1.586
2025-07-24 13:37:01.116,1.579,1.577,1.687,1.461,1.527,1.534,1.466,1.549,1.574,1.586
2025-07-24 13:37:01.165,1.578,1.577,1.687,1.462,1.547,1.535,1.466,1.548,1.574,1.586
2025-07-24 13:37:01.216,1.579,1.578,1.687,1.461,1.561,1.536,1.465,1.548,1.575,1.586
2025-07-24 13:37:01.265,1.579,1.578,1.688,1.462,1.563,1.539,1.466,1.548,1.575,1.586
2025-07-24 13:37:01.315,1.578,1.577,1.687,1.462,1.564,1.54,1.466,1.549,1.575,1.586
2025-07-24 13:37:01.365,1.578,1.577,1.687,1.461,1.561,1.541,1.465,1.548,1.575,1.587
2025-07-24 13:37:01.415,1.578,1.578,1.688,1.461,1.568,1.544,1.466,1.549,1.574,1.586
2025-07-24 13:37:01.465,1.578,1.578,1.688,1.462,1.573,1.545,1.466,1.549,1.575,1.586
2025-07-24 13:37:01.516,1.578,1.578,1.688,1.461,1.565,1.546,1.466,1.548,1.575,1.586
2025-07-24 13:37:01.565,1.578,1.577,1.688,1.462,1.57,1.548,1.466,1.549,1.575,1.587
2025-07-24 13:37:01.615,1.578,1.579,1.687,1.462,1.566,1.548,1.465,1.548,1.575,1.587
2025-07-24 13:37:01.665,1.578,1.578,1.688,1.462,1.569,1.549,1.466,1.548,1.575,1.587
2025-07-24 13:37:01.716,1.578,1.577,1.687,1.461,1.563,1.552,1.466,1.549,1.575,1.587
2025-07-24 13:37:01.765,1.579,1.578,1.689,1.462,1.529,1.553,1.469,1.548,1.576,1.586
2025-07-24 13:37:01.815,1.579,1.577,1.689,1.461,1.497,1.553,1.467,1.549,1.576,1.587
2025-07-24 13:37:01.865,1.579,1.578,1.689,1.462,1.449,1.553,1.466,1.549,1.574,1.586
2025-07-24 13:37:01.915,1.578,1.578,1.687,1.461,1.387,1.553,1.466,1.548,1.575,1.587
2025-07-24 13:37:01.966,1.578,1.578,1.687,1.461,1.32,1.552,1.466,1.549,1.575,1.587
2025-07-24 13:37:02.015,1.578,1.579,1.687,1.462,1.251,1.548,1.466,1.548,1.575,1.587
2025-07-24 13:37:02.065,1.579,1.577,1.688,1.462,1.212,1.545,1.468,1.548,1.576,1.587
2025-07-24 13:37:02.115,1.579,1.579,1.688,1.462,1.201,1.542,1.467,1.548,1.577,1.587
2025-07-24 13:37:02.165,1.578,1.578,1.689,1.462,1.205,1.54,1.467,1.548,1.576,1.587
2025-07-24 13:37:02.216,1.578,1.577,1.687,1.462,1.242,1.537,1.466,1.549,1.575,1.587
2025-07-24 13:37:02.265,1.579,1.578,1.688,1.462,1.287,1.535,1.468,1.549,1.576,1.587
2025-07-24 13:37:02.315,1.578,1.578,1.688,1.461,1.334,1.534,1.466,1.549,1.575,1.587
2025-07-24 13:37:02.366,1.578,1.578,1.688,1.462,1.394,1.533,1.467,1.548,1.575,1.587
2025-07-24 13:37:02.415,1.579,1.578,1.688,1.462,1.445,1.533,1.466,1.548,1.576,1.588
2025-07-24 13:37:02.466,1.578,1.578,1.688,1.462,1.498,1.534,1.466,1.548,1.577,1.588
2025-07-24 13:37:02.515,1.578,1.577,1.687,1.462,1.532,1.535,1.466,1.548,1.576,1.587
2025-07-24 13:37:02.565,1.579,1.577,1.687,1.461,1.552,1.536,1.466,1.548,1.576,1.587
2025-07-24 13:37:02.615,1.579,1.578,1.688,1.462,1.56,1.538,1.466,1.549,1.576,1.588
2025-07-24 13:37:02.666,1.58,1.578,1.688,1.462,1.561,1.54,1.466,1.549,1.576,1.588
2025-07-24 13:37:02.716,1.579,1.577,1.688,1.462,1.563,1.541,1.466,1.548,1.576,1.588
2025-07-24 13:37:02.766,1.579,1.578,1.687,1.462,1.566,1.543,1.466,1.548,1.576,1.587
2025-07-24 13:37:02.816,1.58,1.577,1.687,1.461,1.565,1.544,1.466,1.548,1.576,1.587
2025-07-24 13:37:02.864,1.579,1.577,1.688,1.461,1.569,1.545,1.466,1.549,1.576,1.588
2025-07-24 13:37:02.916,1.58,1.578,1.689,1.462,1.562,1.548,1.466,1.548,1.576,1.589
2025-07-24 13:37:02.966,1.579,1.579,1.688,1.462,1.559,1.548,1.467,1.549,1.577,1.588
2025-07-24 13:37:03.016,1.58,1.578,1.689,1.462,1.568,1.551,1.466,1.549,1.576,1.588
2025-07-24 13:37:03.066,1.578,1.578,1.687,1.462,1.569,1.551,1.466,1.548,1.576,1.588
2025-07-24 13:37:03.115,1.579,1.578,1.688,1.461,1.554,1.553,1.466,1.548,1.577,1.587
2025-07-24 13:37:03.165,1.579,1.579,1.687,1.462,1.515,1.553,1.466,1.549,1.577,1.587
2025-07-24 13:37:03.216,1.58,1.578,1.687,1.462,1.479,1.553,1.465,1.549,1.576,1.588
2025-07-24 13:37:03.265,1.58,1.577,1.687,1.462,1.421,1.554,1.467,1.548,1.576,1.588
2025-07-24 13:37:03.316,1.58,1.578,1.688,1.461,1.358,1.553,1.466,1.548,1.575,1.589
2025-07-24 13:37:03.366,1.58,1.577,1.687,1.462,1.294,1.551,1.468,1.548,1.576,1.588
2025-07-24 13:37:03.416,1.579,1.578,1.687,1.461,1.237,1.547,1.466,1.548,1.576,1.588
2025-07-24 13:37:03.465,1.579,1.578,1.688,1.462,1.202,1.544,1.466,1.549,1.575,1.587
2025-07-24 13:37:03.516,1.58,1.578,1.687,1.462,1.203,1.541,1.466,1.549,1.576,1.588
2025-07-24 13:37:03.566,1.58,1.577,1.687,1.462,1.211,1.539,1.466,1.548,1.576,1.589
2025-07-24 13:37:03.615,1.58,1.577,1.687,1.461,1.25,1.536,1.466,1.548,1.576,1.589
2025-07-24 13:37:03.666,1.58,1.577,1.687,1.461,1.299,1.535,1.466,1.548,1.576,1.588
2025-07-24 13:37:03.716,1.581,1.578,1.686,1.462,1.345,1.532,1.466,1.548,1.575,1.589
2025-07-24 13:37:03.766,1.58,1.577,1.688,1.462,1.406,1.532,1.466,1.548,1.576,1.588
2025-07-24 13:37:03.816,1.58,1.578,1.688,1.462,1.47,1.532,1.466,1.549,1.576,1.588
2025-07-24 13:37:03.865,1.579,1.579,1.688,1.462,1.515,1.534,1.466,1.549,1.575,1.589
2025-07-24 13:37:03.916,1.58,1.577,1.686,1.462,1.541,1.535,1.465,1.548,1.575,1.587
2025-07-24 13:37:03.967,1.579,1.577,1.686,1.461,1.555,1.536,1.465,1.548,1.576,1.588
2025-07-24 13:37:04.016,1.58,1.578,1.687,1.462,1.56,1.539,1.466,1.548,1.575,1.588
2025-07-24 13:37:04.066,1.58,1.578,1.688,1.462,1.562,1.54,1.466,1.548,1.576,1.588
2025-07-24 13:37:04.116,1.58,1.578,1.687,1.462,1.563,1.542,1.464,1.548,1.575,1.588
2025-07-24 13:37:04.166,1.58,1.577,1.687,1.462,1.558,1.543,1.466,1.548,1.575,1.588
2025-07-24 13:37:04.216,1.578,1.577,1.688,1.462,1.569,1.544,1.466,1.548,1.575,1.587
2025-07-24 13:37:04.266,1.58,1.577,1.686,1.462,1.566,1.545,1.466,1.548,1.576,1.587
2025-07-24 13:37:04.316,1.58,1.577,1.688,1.461,1.565,1.548,1.466,1.548,1.576,1.587
2025-07-24 13:37:04.367,1.579,1.578,1.686,1.462,1.569,1.548,1.466,1.548,1.574,1.588
2025-07-24 13:37:04.416,1.579,1.577,1.687,1.462,1.565,1.55,1.466,1.548,1.575,1.587
2025-07-24 13:37:04.466,1.579,1.577,1.687,1.461,1.565,1.55,1.466,1.548,1.574,1.588
2025-07-24 13:37:04.516,1.579,1.578,1.687,1.463,1.541,1.553,1.465,1.548,1.575,1.587
2025-07-24 13:37:04.566,1.58,1.577,1.687,1.463,1.505,1.552,1.464,1.548,1.575,1.587
2025-07-24 13:37:04.616,1.58,1.577,1.685,1.462,1.443,1.552,1.465,1.548,1.574,1.587
2025-07-24 13:37:04.666,1.579,1.577,1.686,1.462,1.385,1.552,1.466,1.548,1.574,1.587
2025-07-24 13:37:04.716,1.579,1.578,1.686,1.461,1.318,1.549,1.466,1.548,1.575,1.587
2025-07-24 13:37:04.766,1.579,1.577,1.687,1.462,1.239,1.547,1.467,1.548,1.574,1.587
2025-07-24 13:37:04.816,1.578,1.577,1.685,1.461,1.206,1.544,1.465,1.548,1.574,1.586
2025-07-24 13:37:04.866,1.579,1.577,1.686,1.462,1.204,1.541,1.465,1.548,1.574,1.586
2025-07-24 13:37:04.916,1.579,1.577,1.687,1.462,1.205,1.538,1.466,1.548,1.574,1.586
2025-07-24 13:37:04.966,1.577,1.577,1.685,1.461,1.236,1.536,1.466,1.547,1.574,1.587
2025-07-24 13:37:05.016,1.578,1.577,1.686,1.461,1.283,1.534,1.465,1.547,1.573,1.586
2025-07-24 13:37:05.066,1.578,1.577,1.687,1.461,1.345,1.533,1.465,1.548,1.574,1.586
2025-07-24 13:37:05.116,1.578,1.577,1.686,1.462,1.408,1.532,1.466,1.547,1.574,1.586
2025-07-24 13:37:05.166,1.577,1.577,1.686,1.462,1.47,1.532,1.466,1.548,1.573,1.586
2025-07-24 13:37:05.216,1.578,1.577,1.686,1.461,1.52,1.534,1.466,1.548,1.573,1.586
2025-07-24 13:37:05.266,1.578,1.577,1.686,1.461,1.542,1.535,1.465,1.547,1.573,1.586
2025-07-24 13:37:05.316,1.577,1.577,1.687,1.461,1.562,1.536,1.465,1.548,1.573,1.586
2025-07-24 13:37:05.366,1.577,1.577,1.686,1.462,1.557,1.539,1.464,1.548,1.573,1.585
2025-07-24 13:37:05.416,1.577,1.577,1.686,1.461,1.563,1.539,1.463,1.547,1.573,1.586
2025-07-24 13:37:05.466,1.577,1.576,1.685,1.461,1.563,1.54,1.463,1.547,1.573,1.585
2025-07-24 13:37:05.516,1.577,1.577,1.686,1.462,1.569,1.542,1.466,1.547,1.572,1.585
2025-07-24 13:37:05.567,1.578,1.577,1.686,1.461,1.567,1.544,1.465,1.546,1.573,1.585
2025-07-24 13:37:05.616,1.577,1.577,1.686,1.462,1.573,1.545,1.464,1.547,1.572,1.584
2025-07-24 13:37:05.666,1.577,1.576,1.685,1.461,1.569,1.547,1.465,1.547,1.572,1.584
2025-07-24 13:37:05.716,1.577,1.577,1.686,1.461,1.562,1.549,1.466,1.547,1.573,1.584
2025-07-24 13:37:05.766,1.577,1.577,1.685,1.462,1.567,1.55,1.465,1.547,1.572,1.585
2025-07-24 13:37:05.816,1.577,1.577,1.686,1.462,1.575,1.551,1.465,1.546,1.572,1.585
2025-07-24 13:37:05.867,1.577,1.577,1.686,1.461,1.542,1.552,1.465,1.547,1.573,1.585
2025-07-24 13:37:05.917,1.577,1.577,1.685,1.461,1.506,1.552,1.466,1.548,1.573,1.584
2025-07-24 13:37:05.967,1.577,1.576,1.685,1.461,1.459,1.553,1.467,1.547,1.572,1.585
2025-07-24 13:37:06.017,1.577,1.577,1.686,1.461,1.403,1.551,1.466,1.546,1.573,1.585
2025-07-24 13:37:06.066,1.577,1.577,1.686,1.461,1.343,1.551,1.466,1.548,1.572,1.585
2025-07-24 13:37:06.117,1.577,1.577,1.686,1.461,1.267,1.548,1.466,1.547,1.572,1.585
2025-07-24 13:37:06.166,1.578,1.577,1.686,1.461,1.23,1.546,1.466,1.547,1.573,1.585
2025-07-24 13:37:06.216,1.577,1.577,1.686,1.461,1.201,1.543,1.464,1.548,1.572,1.585
2025-07-24 13:37:06.267,1.577,1.577,1.686,1.461,1.207,1.54,1.466,1.548,1.572,1.584
2025-07-24 13:37:06.316,1.578,1.577,1.686,1.461,1.219,1.537,1.466,1.547,1.572,1.585
2025-07-24 13:37:06.366,1.577,1.577,1.687,1.461,1.259,1.534,1.466,1.547,1.572,1.585
2025-07-24 13:37:06.416,1.577,1.577,1.686,1.462,1.315,1.533,1.465,1.547,1.572,1.585
2025-07-24 13:37:06.467,1.579,1.577,1.686,1.461,1.362,1.532,1.464,1.547,1.572,1.584
2025-07-24 13:37:06.516,1.578,1.577,1.687,1.461,1.432,1.532,1.465,1.548,1.572,1.585
2025-07-24 13:37:06.566,1.578,1.577,1.686,1.461,1.489,1.532,1.465,1.548,1.572,1.586
2025-07-24 13:37:06.617,1.577,1.577,1.686,1.461,1.53,1.533,1.466,1.548,1.572,1.586
2025-07-24 13:37:06.666,1.578,1.577,1.686,1.462,1.547,1.536,1.465,1.546,1.572,1.586
2025-07-24 13:37:06.716,1.578,1.577,1.686,1.461,1.554,1.536,1.464,1.548,1.572,1.586
2025-07-24 13:37:06.767,1.577,1.577,1.686,1.461,1.562,1.539,1.466,1.547,1.572,1.586
2025-07-24 13:37:06.816,1.578,1.577,1.686,1.461,1.564,1.54,1.464,1.547,1.573,1.586
2025-07-24 13:37:06.867,1.577,1.577,1.686,1.462,1.565,1.541,1.465,1.548,1.572,1.587
2025-07-24 13:37:06.916,1.578,1.577,1.687,1.461,1.563,1.544,1.465,1.548,1.572,1.586
2025-07-24 13:37:06.967,1.577,1.576,1.686,1.462,1.579,1.545,1.466,1.548,1.572,1.586
2025-07-24 13:37:07.017,1.577,1.577,1.686,1.461,1.578,1.547,1.466,1.547,1.572,1.586
2025-07-24 13:37:07.066,1.577,1.577,1.687,1.461,1.565,1.547,1.466,1.547,1.572,1.586
2025-07-24 13:37:07.116,1.577,1.577,1.686,1.461,1.568,1.548,1.465,1.547,1.572,1.586
2025-07-24 13:37:07.167,1.577,1.577,1.686,1.462,1.561,1.55,1.465,1.548,1.572,1.586
2025-07-24 13:37:07.217,1.577,1.578,1.687,1.461,1.546,1.551,1.465,1.547,1.572,1.586
2025-07-24 13:37:07.266,1.577,1.577,1.686,1.461,1.517,1.552,1.466,1.548,1.572,1.586
2025-07-24 13:37:07.317,1.577,1.577,1.687,1.461,1.468,1.552,1.466,1.547,1.572,1.586
2025-07-24 13:37:07.367,1.577,1.577,1.686,1.461,1.428,1.551,1.465,1.547,1.571,1.586
2025-07-24 13:37:07.417,1.577,1.577,1.685,1.461,1.355,1.55,1.465,1.548,1.572,1.587
2025-07-24 13:37:07.466,1.577,1.577,1.686,1.461,1.3,1.548,1.465,1.547,1.572,1.586
2025-07-24 13:37:07.517,1.576,1.577,1.686,1.461,1.239,1.546,1.466,1.547,1.571,1.586
2025-07-24 13:37:07.567,1.577,1.577,1.685,1.461,1.214,1.544,1.466,1.546,1.572,1.586
2025-07-24 13:37:07.617,1.577,1.577,1.687,1.461,1.212,1.54,1.467,1.548,1.572,1.587
2025-07-24 13:37:07.667,1.577,1.576,1.685,1.461,1.231,1.537,1.465,1.546,1.571,1.587
2025-07-24 13:37:07.717,1.577,1.577,1.686,1.461,1.271,1.535,1.465,1.548,1.571,1.587
2025-07-24 13:37:07.767,1.577,1.576,1.686,1.461,1.325,1.532,1.465,1.548,1.571,1.587
2025-07-24 13:37:07.817,1.577,1.577,1.686,1.461,1.374,1.532,1.465,1.547,1.571,1.586
2025-07-24 13:37:07.867,1.577,1.577,1.686,1.461,1.434,1.532,1.465,1.546,1.571,1.587
2025-07-24 13:37:07.917,1.577,1.577,1.685,1.461,1.482,1.532,1.463,1.547,1.572,1.587
2025-07-24 13:37:07.967,1.577,1.577,1.685,1.462,1.524,1.534,1.465,1.547,1.572,1.587
2025-07-24 13:37:08.017,1.577,1.576,1.685,1.461,1.548,1.536,1.464,1.548,1.572,1.587
2025-07-24 13:37:08.068,1.577,1.577,1.685,1.461,1.558,1.537,1.463,1.547,1.572,1.587
2025-07-24 13:37:08.116,1.577,1.577,1.686,1.462,1.562,1.538,1.464,1.546,1.572,1.588
2025-07-24 13:37:08.166,1.577,1.576,1.686,1.461,1.575,1.54,1.465,1.546,1.572,1.588
2025-07-24 13:37:08.217,1.577,1.577,1.686,1.461,1.565,1.543,1.466,1.547,1.571,1.588
2025-07-24 13:37:08.267,1.577,1.577,1.688,1.461,1.559,1.544,1.464,1.548,1.572,1.588
2025-07-24 13:37:08.317,1.578,1.577,1.686,1.461,1.57,1.544,1.466,1.548,1.572,1.588
2025-07-24 13:37:08.367,1.577,1.577,1.686,1.461,1.569,1.546,1.466,1.547,1.572,1.588
2025-07-24 13:37:08.417,1.578,1.577,1.686,1.461,1.57,1.548,1.466,1.547,1.572,1.589
2025-07-24 13:37:08.467,1.578,1.577,1.686,1.461,1.571,1.549,1.464,1.547,1.572,1.589
2025-07-24 13:37:08.516,1.577,1.577,1.687,1.461,1.577,1.55,1.465,1.547,1.572,1.589
2025-07-24 13:37:08.566,1.578,1.577,1.688,1.461,1.561,1.552,1.466,1.548,1.572,1.588
2025-07-24 13:37:08.617,1.577,1.577,1.686,1.461,1.528,1.553,1.466,1.548,1.572,1.588
2025-07-24 13:37:08.667,1.579,1.577,1.687,1.461,1.487,1.553,1.466,1.548,1.571,1.589
2025-07-24 13:37:08.717,1.578,1.577,1.687,1.461,1.425,1.553,1.466,1.547,1.573,1.589
2025-07-24 13:37:08.766,1.578,1.577,1.687,1.461,1.358,1.551,1.468,1.548,1.572,1.588
2025-07-24 13:37:08.817,1.578,1.578,1.686,1.461,1.292,1.548,1.465,1.548,1.572,1.589
2025-07-24 13:37:08.867,1.579,1.577,1.687,1.462,1.238,1.546,1.466,1.548,1.572,1.589
2025-07-24 13:37:08.917,1.579,1.578,1.686,1.461,1.208,1.544,1.466,1.548,1.572,1.59
2025-07-24 13:37:08.967,1.579,1.577,1.686,1.461,1.208,1.541,1.466,1.548,1.572,1.588
2025-07-24 13:37:09.017,1.58,1.577,1.687,1.462,1.22,1.539,1.466,1.548,1.572,1.588
2025-07-24 13:37:09.067,1.579,1.577,1.687,1.461,1.258,1.535,1.467,1.548,1.572,1.588
2025-07-24 13:37:09.117,1.578,1.577,1.687,1.461,1.305,1.533,1.466,1.548,1.572,1.588
2025-07-24 13:37:09.167,1.579,1.577,1.686,1.462,1.363,1.533,1.466,1.548,1.572,1.589
2025-07-24 13:37:09.217,1.58,1.577,1.687,1.461,1.421,1.532,1.465,1.547,1.572,1.588
2025-07-24 13:37:09.267,1.58,1.577,1.688,1.462,1.469,1.533,1.465,1.548,1.573,1.589
2025-07-24 13:37:09.317,1.578,1.577,1.686,1.461,1.528,1.534,1.466,1.548,1.573,1.589
2025-07-24 13:37:09.367,1.579,1.577,1.687,1.461,1.547,1.536,1.465,1.548,1.573,1.588
2025-07-24 13:37:09.418,1.579,1.577,1.686,1.461,1.556,1.537,1.465,1.548,1.572,1.589
2025-07-24 13:37:09.467,1.579,1.577,1.687,1.461,1.561,1.538,1.465,1.548,1.572,1.589
2025-07-24 13:37:09.518,1.58,1.577,1.687,1.461,1.563,1.54,1.465,1.548,1.572,1.588
2025-07-24 13:37:09.567,1.579,1.577,1.687,1.461,1.567,1.543,1.466,1.548,1.573,1.587
2025-07-24 13:37:09.616,1.58,1.577,1.687,1.461,1.569,1.544,1.467,1.548,1.572,1.588
2025-07-24 13:37:09.668,1.579,1.577,1.687,1.461,1.57,1.544,1.466,1.548,1.572,1.588
2025-07-24 13:37:09.718,1.581,1.577,1.686,1.461,1.565,1.546,1.466,1.548,1.572,1.588
2025-07-24 13:37:09.768,1.58,1.577,1.687,1.461,1.565,1.548,1.467,1.548,1.572,1.589
2025-07-24 13:37:09.818,1.578,1.577,1.687,1.461,1.567,1.549,1.466,1.548,1.572,1.588
2025-07-24 13:37:09.867,1.58,1.577,1.686,1.461,1.566,1.55,1.465,1.548,1.573,1.589
2025-07-24 13:37:09.918,1.58,1.577,1.686,1.461,1.555,1.552,1.466,1.548,1.573,1.588
2025-07-24 13:37:09.967,1.58,1.577,1.686,1.461,1.523,1.552,1.465,1.548,1.572,1.587
2025-07-24 13:37:10.017,1.58,1.578,1.687,1.461,1.476,1.553,1.466,1.548,1.572,1.588
2025-07-24 13:37:10.066,1.579,1.577,1.687,1.461,1.421,1.552,1.466,1.547,1.572,1.588
2025-07-24 13:37:10.117,1.58,1.577,1.685,1.461,1.355,1.551,1.466,1.547,1.572,1.587
2025-07-24 13:37:10.168,1.579,1.577,1.686,1.461,1.286,1.548,1.466,1.548,1.573,1.588
2025-07-24 13:37:10.218,1.579,1.577,1.687,1.461,1.228,1.546,1.465,1.547,1.573,1.587
2025-07-24 13:37:10.267,1.579,1.577,1.686,1.461,1.202,1.543,1.466,1.548,1.572,1.587
2025-07-24 13:37:10.317,1.58,1.577,1.687,1.461,1.201,1.54,1.465,1.548,1.571,1.588
2025-07-24 13:37:10.368,1.58,1.577,1.687,1.461,1.218,1.538,1.466,1.547,1.573,1.587
2025-07-24 13:37:10.418,1.579,1.577,1.685,1.461,1.262,1.535,1.466,1.548,1.571,1.588
2025-07-24 13:37:10.467,1.578,1.577,1.687,1.461,1.311,1.533,1.466,1.548,1.571,1.587
2025-07-24 13:37:10.517,1.579,1.578,1.686,1.462,1.364,1.532,1.466,1.548,1.572,1.588
2025-07-24 13:37:10.568,1.579,1.577,1.687,1.462,1.427,1.532,1.466,1.548,1.572,1.588
2025-07-24 13:37:10.618,1.579,1.577,1.686,1.461,1.481,1.532,1.466,1.547,1.572,1.588
2025-07-24 13:37:10.667,1.579,1.577,1.686,1.462,1.524,1.534,1.465,1.548,1.572,1.588
2025-07-24 13:37:10.718,1.579,1.577,1.685,1.461,1.541,1.535,1.465,1.548,1.572,1.587
2025-07-24 13:37:10.768,1.58,1.576,1.685,1.461,1.56,1.536,1.465,1.548,1.571,1.587
2025-07-24 13:37:10.817,1.579,1.577,1.686,1.461,1.555,1.538,1.464,1.547,1.572,1.587
2025-07-24 13:37:10.868,1.579,1.577,1.686,1.461,1.569,1.539,1.466,1.547,1.571,1.588
2025-07-24 13:37:10.918,1.579,1.577,1.686,1.461,1.565,1.541,1.466,1.547,1.571,1.588
2025-07-24 13:37:10.968,1.579,1.577,1.686,1.461,1.56,1.543,1.465,1.547,1.572,1.588
2025-07-24 13:37:11.017,1.579,1.577,1.685,1.462,1.565,1.544,1.464,1.547,1.571,1.587
2025-07-24 13:37:11.067,1.579,1.577,1.685,1.461,1.574,1.546,1.465,1.547,1.571,1.589
2025-07-24 13:37:11.118,1.58,1.577,1.686,1.462,1.569,1.547,1.465,1.547,1.572,1.588
2025-07-24 13:37:11.167,1.579,1.577,1.685,1.461,1.569,1.548,1.465,1.547,1.571,1.589
2025-07-24 13:37:11.217,1.578,1.576,1.685,1.461,1.573,1.549,1.465,1.547,1.571,1.589
2025-07-24 13:37:11.268,1.578,1.577,1.686,1.461,1.555,1.553,1.465,1.547,1.572,1.589
2025-07-24 13:37:11.318,1.58,1.577,1.685,1.461,1.514,1.552,1.464,1.547,1.572,1.589
2025-07-24 13:37:11.368,1.579,1.577,1.685,1.461,1.476,1.552,1.464,1.547,1.572,1.588
2025-07-24 13:37:11.418,1.579,1.577,1.686,1.461,1.414,1.551,1.465,1.547,1.572,1.589
2025-07-24 13:37:11.467,1.58,1.577,1.686,1.461,1.358,1.55,1.464,1.547,1.572,1.588
2025-07-24 13:37:11.518,1.579,1.577,1.686,1.461,1.29,1.548,1.466,1.547,1.572,1.588
2025-07-24 13:37:11.567,1.58,1.578,1.686,1.462,1.241,1.546,1.466,1.546,1.572,1.588
2025-07-24 13:37:11.618,1.579,1.577,1.685,1.461,1.211,1.544,1.465,1.547,1.572,1.588
2025-07-24 13:37:11.668,1.58,1.577,1.687,1.461,1.213,1.54,1.467,1.548,1.572,1.589
2025-07-24 13:37:11.718,1.58,1.577,1.687,1.461,1.225,1.537,1.466,1.547,1.572,1.589
2025-07-24 13:37:11.767,1.58,1.577,1.686,1.461,1.266,1.535,1.465,1.546,1.572,1.59
2025-07-24 13:37:11.817,1.58,1.577,1.686,1.461,1.318,1.533,1.466,1.547,1.572,1.589
2025-07-24 13:37:11.868,1.58,1.577,1.687,1.462,1.374,1.532,1.466,1.547,1.571,1.589
2025-07-24 13:37:11.918,1.579,1.577,1.686,1.461,1.419,1.532,1.467,1.548,1.571,1.589
2025-07-24 13:37:11.968,1.58,1.577,1.686,1.461,1.478,1.532,1.465,1.548,1.572,1.588
2025-07-24 13:37:12.018,1.58,1.577,1.685,1.461,1.523,1.535,1.466,1.548,1.571,1.589
2025-07-24 13:37:12.073,1.58,1.577,1.685,1.461,1.545,1.536,1.464,1.547,1.571,1.589
2025-07-24 13:37:12.117,1.58,1.577,1.687,1.461,1.542,1.537,1.465,1.546,1.571,1.588
2025-07-24 13:37:12.168,1.58,1.577,1.687,1.461,1.559,1.538,1.466,1.547,1.572,1.589
2025-07-24 13:37:12.218,1.581,1.577,1.686,1.461,1.562,1.54,1.466,1.548,1.572,1.589
2025-07-24 13:37:12.268,1.58,1.577,1.686,1.461,1.561,1.542,1.465,1.548,1.571,1.59
2025-07-24 13:37:12.318,1.58,1.577,1.687,1.461,1.566,1.543,1.466,1.548,1.572,1.588
2025-07-24 13:37:12.368,1.58,1.577,1.686,1.461,1.567,1.544,1.467,1.548,1.572,1.589
2025-07-24 13:37:12.418,1.58,1.577,1.685,1.461,1.572,1.546,1.465,1.548,1.572,1.589
2025-07-24 13:37:12.468,1.581,1.577,1.685,1.461,1.569,1.547,1.466,1.548,1.572,1.589
2025-07-24 13:37:12.518,1.581,1.577,1.687,1.461,1.573,1.548,1.464,1.548,1.571,1.588
2025-07-24 13:37:12.568,1.58,1.577,1.687,1.461,1.562,1.55,1.466,1.547,1.572,1.589
2025-07-24 13:37:12.618,1.581,1.577,1.686,1.461,1.531,1.551,1.465,1.546,1.571,1.588
2025-07-24 13:37:12.668,1.581,1.577,1.687,1.461,1.49,1.553,1.465,1.547,1.572,1.589
2025-07-24 13:37:12.718,1.58,1.577,1.686,1.461,1.442,1.551,1.466,1.548,1.571,1.589
2025-07-24 13:37:12.768,1.58,1.577,1.685,1.461,1.381,1.55,1.465,1.547,1.571,1.589
2025-07-24 13:37:12.818,1.581,1.578,1.687,1.461,1.331,1.548,1.466,1.548,1.572,1.588
2025-07-24 13:37:12.867,1.582,1.577,1.686,1.461,1.272,1.546,1.465,1.548,1.571,1.589
2025-07-24 13:37:12.917,1.581,1.576,1.685,1.461,1.242,1.544,1.466,1.547,1.571,1.589
2025-07-24 13:37:12.968,1.58,1.577,1.687,1.461,1.215,1.541,1.466,1.547,1.571,1.589
2025-07-24 13:37:13.017,1.58,1.577,1.686,1.461,1.22,1.538,1.466,1.547,1.571,1.589
2025-07-24 13:37:13.068,1.581,1.577,1.686,1.461,1.231,1.536,1.466,1.548,1.572,1.589
2025-07-24 13:37:13.118,1.581,1.577,1.686,1.461,1.281,1.532,1.466,1.547,1.571,1.59
2025-07-24 13:37:13.168,1.58,1.577,1.686,1.461,1.341,1.532,1.466,1.548,1.571,1.588
2025-07-24 13:37:13.218,1.581,1.578,1.686,1.462,1.417,1.532,1.466,1.548,1.572,1.588
2025-07-24 13:37:13.269,1.58,1.577,1.685,1.461,1.488,1.532,1.465,1.547,1.572,1.589
2025-07-24 13:37:13.318,1.581,1.577,1.686,1.461,1.531,1.533,1.465,1.547,1.572,1.589
2025-07-24 13:37:13.368,1.58,1.577,1.686,1.461,1.55,1.535,1.463,1.548,1.571,1.589
2025-07-24 13:37:13.418,1.58,1.578,1.686,1.461,1.553,1.536,1.464,1.548,1.572,1.589
2025-07-24 13:37:13.468,1.58,1.577,1.686,1.461,1.563,1.538,1.464,1.547,1.572,1.589
2025-07-24 13:37:13.518,1.581,1.577,1.685,1.461,1.566,1.54,1.465,1.547,1.572,1.589
2025-07-24 13:37:13.569,1.581,1.577,1.687,1.461,1.566,1.541,1.465,1.547,1.571,1.589
2025-07-24 13:37:13.619,1.58,1.577,1.685,1.461,1.562,1.544,1.465,1.547,1.571,1.589
2025-07-24 13:37:13.668,1.58,1.577,1.685,1.461,1.569,1.544,1.465,1.548,1.572,1.589
2025-07-24 13:37:13.718,1.58,1.577,1.686,1.461,1.573,1.545,1.466,1.548,1.572,1.589
2025-07-24 13:37:13.768,1.58,1.577,1.685,1.461,1.567,1.548,1.465,1.547,1.571,1.589
2025-07-24 13:37:13.818,1.58,1.577,1.686,1.461,1.581,1.548,1.465,1.546,1.571,1.588
2025-07-24 13:37:13.869,1.581,1.577,1.685,1.461,1.567,1.549,1.466,1.548,1.571,1.589
2025-07-24 13:37:13.918,1.58,1.577,1.686,1.461,1.548,1.551,1.464,1.547,1.571,1.589
2025-07-24 13:37:13.968,1.58,1.577,1.685,1.461,1.518,1.553,1.464,1.547,1.57,1.589
2025-07-24 13:37:14.018,1.58,1.577,1.685,1.461,1.48,1.552,1.465,1.546,1.571,1.59
2025-07-24 13:37:14.068,1.58,1.577,1.686,1.462,1.426,1.551,1.465,1.547,1.572,1.588
2025-07-24 13:37:14.119,1.581,1.577,1.687,1.461,1.372,1.55,1.465,1.548,1.572,1.589
2025-07-24 13:37:14.168,1.58,1.577,1.687,1.461,1.302,1.549,1.467,1.547,1.571,1.589
2025-07-24 13:37:14.219,1.58,1.577,1.687,1.461,1.25,1.546,1.465,1.548,1.571,1.589
2025-07-24 13:37:14.268,1.58,1.577,1.687,1.461,1.224,1.543,1.466,1.548,1.572,1.589
2025-07-24 13:37:14.318,1.58,1.577,1.686,1.461,1.221,1.54,1.466,1.548,1.572,1.59
2025-07-24 13:37:14.369,1.581,1.577,1.686,1.461,1.225,1.539,1.467,1.548,1.572,1.589
2025-07-24 13:37:14.417,1.581,1.577,1.687,1.461,1.26,1.536,1.466,1.547,1.571,1.589
2025-07-24 13:37:14.469,1.58,1.577,1.686,1.461,1.299,1.534,1.466,1.548,1.571,1.589
2025-07-24 13:37:14.518,1.582,1.578,1.686,1.461,1.357,1.532,1.465,1.548,1.572,1.588
2025-07-24 13:37:14.568,1.582,1.577,1.686,1.461,1.414,1.533,1.466,1.548,1.571,1.589
2025-07-24 13:37:14.618,1.582,1.577,1.686,1.461,1.466,1.532,1.466,1.548,1.571,1.589
2025-07-24 13:37:14.668,1.581,1.577,1.688,1.461,1.515,1.534,1.466,1.547,1.571,1.589
2025-07-24 13:37:14.718,1.581,1.577,1.686,1.461,1.549,1.536,1.465,1.548,1.572,1.589
2025-07-24 13:37:14.769,1.58,1.577,1.687,1.462,1.56,1.537,1.465,1.548,1.572,1.589
2025-07-24 13:37:14.818,1.582,1.579,1.687,1.462,1.569,1.539,1.465,1.548,1.572,1.588
2025-07-24 13:37:14.869,1.582,1.578,1.686,1.462,1.565,1.54,1.466,1.548,1.572,1.59
2025-07-24 13:37:14.919,1.581,1.577,1.686,1.462,1.561,1.541,1.465,1.548,1.572,1.59
2025-07-24 13:37:14.969,1.581,1.577,1.687,1.461,1.569,1.544,1.465,1.547,1.572,1.589
2025-07-24 13:37:15.018,1.581,1.577,1.686,1.461,1.571,1.544,1.464,1.548,1.572,1.59
2025-07-24 13:37:15.068,1.581,1.577,1.687,1.461,1.574,1.546,1.465,1.548,1.571,1.589
2025-07-24 13:37:15.118,1.582,1.577,1.687,1.461,1.564,1.548,1.465,1.548,1.572,1.588
2025-07-24 13:37:15.167,1.581,1.577,1.686,1.461,1.573,1.549,1.466,1.548,1.572,1.59
2025-07-24 13:37:15.219,1.582,1.577,1.687,1.461,1.569,1.55,1.466,1.548,1.572,1.589
2025-07-24 13:37:15.269,1.581,1.577,1.686,1.461,1.545,1.551,1.466,1.547,1.571,1.59
2025-07-24 13:37:15.319,1.581,1.577,1.686,1.461,1.52,1.552,1.465,1.548,1.573,1.589
2025-07-24 13:37:15.369,1.581,1.578,1.686,1.461,1.486,1.553,1.465,1.548,1.572,1.59
2025-07-24 13:37:15.419,1.581,1.577,1.686,1.461,1.446,1.552,1.466,1.548,1.572,1.589
2025-07-24 13:37:15.469,1.581,1.577,1.687,1.461,1.402,1.552,1.466,1.547,1.572,1.59
2025-07-24 13:37:15.519,1.581,1.577,1.686,1.461,1.353,1.55,1.466,1.547,1.572,1.589
2025-07-24 13:37:15.568,1.582,1.577,1.687,1.461,1.304,1.548,1.466,1.548,1.572,1.589
2025-07-24 13:37:15.619,1.582,1.577,1.687,1.461,1.269,1.545,1.466,1.547,1.572,1.589
2025-07-24 13:37:15.669,1.581,1.577,1.687,1.461,1.253,1.544,1.465,1.548,1.572,1.59
2025-07-24 13:37:15.719,1.581,1.578,1.686,1.461,1.25,1.541,1.466,1.548,1.572,1.589
2025-07-24 13:37:15.768,1.58,1.578,1.686,1.462,1.258,1.538,1.467,1.547,1.572,1.589
2025-07-24 13:37:15.819,1.581,1.577,1.686,1.461,1.291,1.536,1.467,1.548,1.572,1.589
2025-07-24 13:37:15.869,1.582,1.577,1.686,1.461,1.337,1.535,1.466,1.547,1.571,1.589
2025-07-24 13:37:15.919,1.581,1.577,1.687,1.461,1.398,1.534,1.466,1.548,1.572,1.589
2025-07-24 13:37:15.969,1.582,1.577,1.686,1.462,1.456,1.533,1.464,1.548,1.571,1.59
2025-07-24 13:37:16.019,1.58,1.577,1.687,1.462,1.515,1.535,1.465,1.547,1.572,1.59
2025-07-24 13:37:16.068,1.581,1.577,1.686,1.461,1.547,1.536,1.465,1.547,1.572,1.589
2025-07-24 13:37:16.118,1.581,1.577,1.687,1.461,1.553,1.538,1.465,1.548,1.571,1.589
2025-07-24 13:37:16.168,1.581,1.577,1.685,1.461,1.561,1.539,1.465,1.547,1.571,1.589
2025-07-24 13:37:16.218,1.581,1.577,1.686,1.461,1.563,1.541,1.465,1.548,1.572,1.589
2025-07-24 13:37:16.268,1.581,1.577,1.685,1.461,1.561,1.542,1.463,1.547,1.571,1.589
2025-07-24 13:37:16.318,1.58,1.577,1.687,1.461,1.556,1.544,1.465,1.547,1.571,1.589
2025-07-24 13:37:16.368,1.581,1.577,1.686,1.461,1.561,1.545,1.464,1.548,1.571,1.589
2025-07-24 13:37:16.419,1.581,1.577,1.686,1.461,1.564,1.547,1.465,1.548,1.571,1.589
2025-07-24 13:37:16.469,1.58,1.577,1.686,1.461,1.563,1.548,1.464,1.547,1.571,1.589
2025-07-24 13:37:16.519,1.582,1.577,1.686,1.462,1.564,1.548,1.466,1.547,1.572,1.588
2025-07-24 13:37:16.569,1.581,1.577,1.686,1.461,1.53,1.55,1.465,1.547,1.571,1.588
2025-07-24 13:37:16.618,1.581,1.577,1.686,1.461,1.486,1.55,1.465,1.547,1.572,1.588
2025-07-24 13:37:16.669,1.58,1.577,1.685,1.461,1.432,1.551,1.465,1.546,1.572,1.589
2025-07-24 13:37:16.719,1.58,1.577,1.686,1.461,1.374,1.549,1.465,1.547,1.571,1.589
2025-07-24 13:37:16.769,1.581,1.577,1.687,1.461,1.315,1.548,1.465,1.547,1.572,1.588
2025-07-24 13:37:16.818,1.581,1.577,1.687,1.461,1.264,1.544,1.466,1.546,1.572,1.588
2025-07-24 13:37:16.869,1.579,1.577,1.686,1.461,1.233,1.543,1.465,1.547,1.572,1.588
2025-07-24 13:37:16.919,1.58,1.577,1.685,1.462,1.233,1.54,1.465,1.546,1.572,1.589
2025-07-24 13:37:16.969,1.581,1.577,1.685,1.461,1.236,1.537,1.465,1.546,1.572,1.589
2025-07-24 13:37:17.019,1.58,1.577,1.685,1.461,1.25,1.535,1.465,1.546,1.572,1.589
2025-07-24 13:37:17.069,1.58,1.577,1.686,1.461,1.284,1.533,1.465,1.546,1.572,1.589
2025-07-24 13:37:17.119,1.58,1.577,1.686,1.461,1.334,1.532,1.465,1.546,1.572,1.589
2025-07-24 13:37:17.169,1.581,1.577,1.686,1.462,1.407,1.532,1.464,1.547,1.572,1.588
2025-07-24 13:37:17.219,1.58,1.577,1.685,1.461,1.479,1.532,1.465,1.547,1.573,1.589
2025-07-24 13:37:17.269,1.581,1.577,1.686,1.461,1.532,1.533,1.465,1.547,1.572,1.59
2025-07-24 13:37:17.319,1.581,1.577,1.687,1.461,1.548,1.535,1.464,1.547,1.572,1.588
2025-07-24 13:37:17.369,1.58,1.577,1.686,1.461,1.559,1.536,1.465,1.546,1.572,1.588
2025-07-24 13:37:17.419,1.58,1.577,1.687,1.461,1.562,1.538,1.465,1.546,1.572,1.588
2025-07-24 13:37:17.468,1.581,1.577,1.686,1.461,1.559,1.54,1.465,1.548,1.572,1.589
2025-07-24 13:37:17.519,1.581,1.578,1.687,1.461,1.56,1.54,1.463,1.547,1.572,1.589
2025-07-24 13:37:17.569,1.581,1.577,1.687,1.461,1.565,1.543,1.465,1.547,1.573,1.589
2025-07-24 13:37:17.619,1.58,1.577,1.686,1.462,1.568,1.544,1.466,1.547,1.572,1.589
2025-07-24 13:37:17.668,1.581,1.578,1.685,1.461,1.565,1.544,1.464,1.547,1.572,1.589
2025-07-24 13:37:17.719,1.579,1.578,1.687,1.461,1.567,1.546,1.464,1.546,1.572,1.588
2025-07-24 13:37:17.768,1.582,1.577,1.686,1.462,1.56,1.548,1.466,1.547,1.572,1.59
2025-07-24 13:37:17.820,1.581,1.577,1.685,1.461,1.539,1.549,1.464,1.547,1.572,1.589
2025-07-24 13:37:17.868,1.58,1.577,1.686,1.461,1.499,1.55,1.465,1.547,1.572,1.589
2025-07-24 13:37:17.919,1.581,1.577,1.686,1.461,1.447,1.55,1.465,1.548,1.572,1.588
2025-07-24 13:37:17.968,1.581,1.577,1.687,1.461,1.387,1.548,1.465,1.548,1.572,1.59
2025-07-24 13:37:18.019,1.58,1.577,1.686,1.462,1.329,1.548,1.466,1.548,1.573,1.589
2025-07-24 13:37:18.069,1.581,1.577,1.686,1.461,1.276,1.545,1.466,1.547,1.572,1.589
2025-07-24 13:37:18.119,1.581,1.577,1.686,1.462,1.243,1.543,1.465,1.548,1.572,1.588
2025-07-24 13:37:18.169,1.581,1.577,1.685,1.462,1.234,1.54,1.466,1.548,1.572,1.589
2025-07-24 13:37:18.219,1.581,1.577,1.686,1.461,1.235,1.539,1.465,1.547,1.572,1.589
2025-07-24 13:37:18.269,1.581,1.578,1.686,1.462,1.242,1.536,1.464,1.548,1.572,1.59
2025-07-24 13:37:18.319,1.581,1.578,1.687,1.461,1.27,1.533,1.466,1.546,1.572,1.589
2025-07-24 13:37:18.369,1.581,1.577,1.687,1.461,1.299,1.532,1.465,1.548,1.572,1.589
2025-07-24 13:37:18.419,1.58,1.578,1.686,1.461,1.35,1.532,1.466,1.548,1.571,1.589
2025-07-24 13:37:18.469,1.581,1.577,1.687,1.461,1.422,1.531,1.466,1.547,1.572,1.589
2025-07-24 13:37:18.519,1.581,1.577,1.686,1.461,1.49,1.532,1.464,1.548,1.572,1.59
2025-07-24 13:37:18.569,1.581,1.578,1.687,1.461,1.534,1.532,1.465,1.547,1.572,1.59
2025-07-24 13:37:18.620,1.581,1.577,1.687,1.461,1.548,1.535,1.464,1.548,1.572,1.589
2025-07-24 13:37:18.668,1.581,1.578,1.687,1.461,1.559,1.536,1.465,1.547,1.571,1.589
2025-07-24 13:37:18.720,1.581,1.577,1.686,1.461,1.561,1.536,1.465,1.548,1.571,1.589
2025-07-24 13:37:18.770,1.581,1.578,1.686,1.461,1.565,1.539,1.465,1.548,1.572,1.588
2025-07-24 13:37:18.819,1.581,1.577,1.687,1.461,1.565,1.54,1.465,1.546,1.572,1.589
2025-07-24 13:37:18.869,1.58,1.577,1.685,1.461,1.565,1.542,1.464,1.546,1.571,1.589
2025-07-24 13:37:18.919,1.58,1.577,1.686,1.461,1.564,1.544,1.466,1.547,1.572,1.589
2025-07-24 13:37:18.969,1.582,1.577,1.686,1.461,1.567,1.545,1.464,1.547,1.572,1.589
2025-07-24 13:37:19.020,1.581,1.577,1.685,1.462,1.564,1.546,1.464,1.547,1.572,1.589
2025-07-24 13:37:19.070,1.581,1.577,1.686,1.461,1.565,1.548,1.465,1.547,1.572,1.59
2025-07-24 13:37:19.120,1.582,1.577,1.686,1.462,1.54,1.548,1.464,1.548,1.572,1.589
2025-07-24 13:37:19.169,1.581,1.577,1.686,1.461,1.5,1.549,1.464,1.548,1.572,1.589
2025-07-24 13:37:19.219,1.58,1.577,1.687,1.461,1.452,1.548,1.463,1.546,1.571,1.589
2025-07-24 13:37:19.269,1.58,1.577,1.686,1.461,1.395,1.548,1.464,1.548,1.57,1.589
2025-07-24 13:37:19.320,1.581,1.577,1.686,1.461,1.332,1.547,1.464,1.547,1.571,1.588
2025-07-24 13:37:19.368,1.581,1.577,1.687,1.462,1.275,1.544,1.464,1.547,1.572,1.589
2025-07-24 13:37:19.419,1.58,1.577,1.687,1.462,1.236,1.542,1.465,1.547,1.572,1.588
2025-07-24 13:37:19.469,1.58,1.577,1.685,1.461,1.22,1.54,1.465,1.546,1.572,1.588
2025-07-24 13:37:19.520,1.58,1.577,1.687,1.461,1.217,1.537,1.465,1.546,1.571,1.589
2025-07-24 13:37:19.569,1.58,1.577,1.686,1.461,1.23,1.535,1.465,1.547,1.571,1.589
2025-07-24 13:37:19.620,1.581,1.577,1.686,1.461,1.26,1.532,1.466,1.547,1.572,1.589
2025-07-24 13:37:19.669,1.58,1.577,1.687,1.461,1.307,1.53,1.464,1.546,1.572,1.589
2025-07-24 13:37:19.720,1.58,1.577,1.686,1.461,1.368,1.53,1.464,1.547,1.572,1.589
2025-07-24 13:37:19.770,1.58,1.577,1.687,1.461,1.441,1.53,1.464,1.546,1.572,1.588
2025-07-24 13:37:19.819,1.58,1.577,1.686,1.461,1.508,1.53,1.464,1.546,1.572,1.588
2025-07-24 13:37:19.869,1.58,1.577,1.685,1.462,1.54,1.532,1.466,1.546,1.572,1.588
2025-07-24 13:37:19.920,1.58,1.577,1.686,1.461,1.554,1.535,1.464,1.546,1.572,1.588
2025-07-24 13:37:19.970,1.58,1.577,1.685,1.461,1.562,1.536,1.466,1.547,1.572,1.588
2025-07-24 13:37:20.020,1.58,1.577,1.686,1.461,1.561,1.537,1.465,1.547,1.573,1.587
2025-07-24 13:37:20.070,1.58,1.577,1.685,1.461,1.56,1.538,1.464,1.546,1.573,1.586
2025-07-24 13:37:20.119,1.58,1.577,1.687,1.461,1.561,1.54,1.463,1.546,1.573,1.587
2025-07-24 13:37:20.170,1.58,1.577,1.686,1.461,1.562,1.542,1.463,1.547,1.573,1.587
2025-07-24 13:37:20.220,1.58,1.577,1.685,1.461,1.561,1.543,1.463,1.546,1.574,1.586
2025-07-24 13:37:20.269,1.58,1.577,1.686,1.461,1.568,1.544,1.462,1.546,1.574,1.587
2025-07-24 13:37:20.320,1.58,1.577,1.686,1.461,1.561,1.546,1.466,1.546,1.573,1.587
2025-07-24 13:37:20.369,1.579,1.577,1.686,1.462,1.564,1.547,1.464,1.547,1.574,1.586
2025-07-24 13:37:20.420,1.579,1.577,1.686,1.461,1.532,1.548,1.465,1.547,1.574,1.586
2025-07-24 13:37:20.469,1.579,1.577,1.686,1.461,1.485,1.549,1.465,1.548,1.574,1.586
2025-07-24 13:37:20.519,1.579,1.577,1.686,1.461,1.424,1.548,1.463,1.546,1.574,1.586
2025-07-24 13:37:20.570,1.578,1.577,1.685,1.461,1.358,1.548,1.465,1.547,1.574,1.586
2025-07-24 13:37:20.619,1.578,1.577,1.687,1.461,1.303,1.546,1.464,1.546,1.573,1.586
2025-07-24 13:37:20.670,1.578,1.577,1.687,1.461,1.244,1.543,1.464,1.548,1.573,1.586
2025-07-24 13:37:20.720,1.578,1.576,1.686,1.461,1.219,1.54,1.464,1.547,1.573,1.586
2025-07-24 13:37:20.769,1.578,1.577,1.686,1.461,1.213,1.538,1.465,1.548,1.574,1.586
2025-07-24 13:37:20.820,1.577,1.577,1.687,1.461,1.212,1.536,1.463,1.547,1.573,1.586
2025-07-24 13:37:20.869,1.578,1.578,1.686,1.461,1.237,1.532,1.466,1.547,1.573,1.586
2025-07-24 13:37:20.920,1.578,1.578,1.685,1.461,1.268,1.531,1.463,1.547,1.573,1.585
2025-07-24 13:37:20.970,1.578,1.577,1.685,1.461,1.319,1.529,1.465,1.546,1.573,1.586
2025-07-24 13:37:21.020,1.577,1.577,1.686,1.462,1.383,1.528,1.463,1.547,1.574,1.585
2025-07-24 13:37:21.070,1.577,1.577,1.687,1.461,1.458,1.528,1.464,1.547,1.573,1.585
2025-07-24 13:37:21.120,1.577,1.577,1.686,1.461,1.515,1.529,1.463,1.548,1.573,1.586
2025-07-24 13:37:21.170,1.578,1.577,1.686,1.461,1.548,1.532,1.464,1.547,1.573,1.585
2025-07-24 13:37:21.220,1.577,1.577,1.687,1.461,1.552,1.533,1.465,1.547,1.573,1.585
2025-07-24 13:37:21.270,1.577,1.577,1.687,1.461,1.557,1.535,1.462,1.546,1.574,1.585
2025-07-24 13:37:21.319,1.577,1.577,1.688,1.461,1.561,1.536,1.465,1.548,1.573,1.586
2025-07-24 13:37:21.370,1.577,1.577,1.687,1.461,1.564,1.537,1.464,1.547,1.573,1.584
2025-07-24 13:37:21.419,1.578,1.577,1.686,1.462,1.568,1.54,1.464,1.547,1.573,1.584
2025-07-24 13:37:21.470,1.577,1.577,1.687,1.461,1.564,1.542,1.462,1.547,1.573,1.585
2025-07-24 13:37:21.520,1.578,1.577,1.687,1.461,1.572,1.543,1.463,1.547,1.574,1.584
2025-07-24 13:37:21.570,1.577,1.577,1.686,1.462,1.559,1.544,1.465,1.547,1.573,1.585
2025-07-24 13:37:21.620,1.578,1.577,1.686,1.461,1.567,1.545,1.465,1.546,1.573,1.584
2025-07-24 13:37:21.670,1.577,1.578,1.687,1.462,1.565,1.547,1.465,1.547,1.573,1.584
2025-07-24 13:37:21.721,1.578,1.577,1.687,1.461,1.557,1.548,1.464,1.547,1.573,1.584
2025-07-24 13:37:21.769,1.577,1.577,1.687,1.461,1.518,1.549,1.465,1.546,1.573,1.584
2025-07-24 13:37:21.820,1.578,1.577,1.687,1.462,1.471,1.549,1.464,1.547,1.573,1.583
2025-07-24 13:37:21.869,1.577,1.577,1.686,1.461,1.417,1.548,1.465,1.547,1.574,1.584
2025-07-24 13:37:21.920,1.577,1.577,1.687,1.461,1.353,1.548,1.465,1.546,1.573,1.584
2025-07-24 13:37:21.970,1.577,1.577,1.687,1.461,1.292,1.547,1.465,1.547,1.573,1.584
2025-07-24 13:37:22.020,1.578,1.577,1.687,1.462,1.242,1.544,1.465,1.547,1.573,1.583
2025-07-24 13:37:22.069,1.578,1.577,1.687,1.461,1.223,1.541,1.466,1.547,1.573,1.584
2025-07-24 13:37:22.121,1.577,1.577,1.686,1.461,1.216,1.538,1.464,1.547,1.573,1.583
2025-07-24 13:37:22.170,1.577,1.577,1.687,1.461,1.221,1.535,1.464,1.548,1.574,1.583
2025-07-24 13:37:22.219,1.577,1.577,1.686,1.461,1.243,1.533,1.464,1.548,1.574,1.583
2025-07-24 13:37:22.270,1.578,1.577,1.686,1.462,1.284,1.531,1.463,1.546,1.574,1.583
2025-07-24 13:37:22.320,1.577,1.577,1.687,1.462,1.338,1.53,1.464,1.547,1.573,1.583
2025-07-24 13:37:22.370,1.577,1.577,1.686,1.461,1.41,1.529,1.465,1.547,1.573,1.583
2025-07-24 13:37:22.420,1.578,1.577,1.685,1.461,1.477,1.529,1.464,1.547,1.573,1.583
2025-07-24 13:37:22.470,1.577,1.577,1.686,1.461,1.528,1.531,1.463,1.547,1.573,1.583
2025-07-24 13:37:22.520,1.577,1.577,1.686,1.462,1.548,1.532,1.464,1.547,1.573,1.583
2025-07-24 13:37:22.570,1.577,1.577,1.686,1.462,1.555,1.534,1.463,1.546,1.574,1.582
2025-07-24 13:37:22.619,1.577,1.577,1.686,1.461,1.562,1.536,1.463,1.547,1.574,1.583
2025-07-24 13:37:22.670,1.577,1.576,1.686,1.461,1.559,1.538,1.463,1.546,1.574,1.583
2025-07-24 13:37:22.721,1.578,1.576,1.686,1.461,1.562,1.54,1.463,1.547,1.574,1.582
2025-07-24 13:37:22.770,1.577,1.577,1.687,1.462,1.562,1.541,1.463,1.546,1.575,1.583
2025-07-24 13:37:22.821,1.577,1.576,1.686,1.461,1.565,1.543,1.463,1.546,1.574,1.583
2025-07-24 13:37:22.870,1.577,1.577,1.686,1.462,1.568,1.544,1.464,1.546,1.575,1.583
2025-07-24 13:37:22.920,1.577,1.577,1.686,1.461,1.57,1.546,1.464,1.546,1.576,1.583
2025-07-24 13:37:22.971,1.577,1.577,1.685,1.461,1.565,1.546,1.465,1.546,1.576,1.584
2025-07-24 13:37:23.020,1.578,1.577,1.686,1.462,1.561,1.548,1.464,1.548,1.575,1.584
2025-07-24 13:37:23.070,1.578,1.577,1.686,1.461,1.559,1.548,1.466,1.546,1.576,1.585
2025-07-24 13:37:23.120,1.578,1.577,1.686,1.462,1.523,1.551,1.465,1.547,1.576,1.585
2025-07-24 13:37:23.170,1.577,1.577,1.687,1.461,1.467,1.551,1.464,1.548,1.576,1.584
2025-07-24 13:37:23.220,1.577,1.577,1.686,1.462,1.414,1.55,1.465,1.547,1.576,1.585
2025-07-24 13:37:23.270,1.578,1.577,1.686,1.462,1.354,1.55,1.465,1.547,1.575,1.585
2025-07-24 13:37:23.320,1.578,1.577,1.687,1.461,1.291,1.548,1.466,1.547,1.577,1.586
2025-07-24 13:37:23.370,1.579,1.577,1.687,1.461,1.24,1.544,1.466,1.547,1.576,1.586
2025-07-24 13:37:23.420,1.578,1.578,1.686,1.461,1.221,1.542,1.465,1.548,1.575,1.586
2025-07-24 13:37:23.471,1.577,1.577,1.687,1.462,1.22,1.54,1.466,1.548,1.575,1.586
2025-07-24 13:37:23.520,1.578,1.577,1.687,1.461,1.217,1.538,1.465,1.548,1.576,1.586
2025-07-24 13:37:23.571,1.577,1.577,1.688,1.461,1.233,1.535,1.466,1.548,1.575,1.586
2025-07-24 13:37:23.619,1.579,1.577,1.688,1.461,1.267,1.533,1.465,1.548,1.576,1.586
2025-07-24 13:37:23.670,1.577,1.577,1.688,1.461,1.323,1.532,1.465,1.548,1.575,1.586
2025-07-24 13:37:23.721,1.577,1.577,1.688,1.462,1.398,1.531,1.465,1.548,1.575,1.586
2025-07-24 13:37:23.770,1.578,1.577,1.688,1.461,1.46,1.532,1.466,1.548,1.574,1.586
2025-07-24 13:37:23.821,1.578,1.577,1.688,1.461,1.512,1.532,1.465,1.548,1.576,1.587
2025-07-24 13:37:23.870,1.577,1.578,1.688,1.462,1.545,1.534,1.466,1.548,1.575,1.587
2025-07-24 13:37:23.921,1.577,1.578,1.687,1.461,1.55,1.535,1.466,1.548,1.576,1.586
2025-07-24 13:37:23.970,1.578,1.577,1.687,1.461,1.56,1.536,1.465,1.548,1.575,1.587
2025-07-24 13:37:24.021,1.578,1.578,1.688,1.461,1.56,1.539,1.466,1.548,1.576,1.587
2025-07-24 13:37:24.070,1.578,1.577,1.688,1.461,1.561,1.54,1.465,1.548,1.575,1.587
2025-07-24 13:37:24.121,1.578,1.577,1.688,1.462,1.565,1.542,1.466,1.548,1.575,1.587
2025-07-24 13:37:24.171,1.578,1.578,1.688,1.462,1.565,1.544,1.466,1.548,1.575,1.587
2025-07-24 13:37:24.221,1.578,1.579,1.688,1.462,1.567,1.546,1.466,1.548,1.575,1.587
2025-07-24 13:37:24.271,1.578,1.579,1.688,1.462,1.569,1.547,1.466,1.548,1.575,1.587
2025-07-24 13:37:24.321,1.578,1.578,1.688,1.462,1.567,1.548,1.466,1.548,1.576,1.588
2025-07-24 13:37:24.371,1.578,1.578,1.688,1.461,1.565,1.549,1.466,1.548,1.576,1.587
2025-07-24 13:37:24.420,1.578,1.579,1.688,1.462,1.568,1.551,1.466,1.548,1.576,1.587
2025-07-24 13:37:24.471,1.578,1.578,1.689,1.462,1.536,1.552,1.465,1.548,1.575,1.588
2025-07-24 13:37:24.521,1.579,1.578,1.689,1.461,1.482,1.553,1.466,1.548,1.575,1.588
2025-07-24 13:37:24.570,1.579,1.577,1.688,1.461,1.434,1.553,1.468,1.548,1.576,1.589
2025-07-24 13:37:24.620,1.578,1.579,1.688,1.461,1.36,1.551,1.466,1.548,1.576,1.587
2025-07-24 13:37:24.671,1.578,1.578,1.688,1.461,1.297,1.549,1.466,1.548,1.575,1.588
2025-07-24 13:37:24.720,1.579,1.578,1.689,1.461,1.239,1.547,1.466,1.549,1.576,1.587
2025-07-24 13:37:24.770,1.579,1.578,1.688,1.461,1.221,1.544,1.466,1.549,1.576,1.588
2025-07-24 13:37:24.821,1.579,1.578,1.688,1.461,1.216,1.541,1.466,1.548,1.576,1.587
2025-07-24 13:37:24.870,1.58,1.578,1.688,1.461,1.221,1.538,1.467,1.548,1.575,1.589
2025-07-24 13:37:24.920,1.579,1.577,1.688,1.462,1.261,1.536,1.465,1.548,1.576,1.588
2025-07-24 13:37:24.971,1.58,1.577,1.688,1.462,1.311,1.535,1.466,1.548,1.575,1.588
2025-07-24 13:37:25.021,1.579,1.578,1.688,1.461,1.379,1.534,1.466,1.548,1.576,1.588
2025-07-24 13:37:25.070,1.579,1.58,1.688,1.462,1.45,1.533,1.466,1.549,1.575,1.588
2025-07-24 13:37:25.121,1.58,1.578,1.688,1.462,1.507,1.535,1.466,1.549,1.576,1.588
2025-07-24 13:37:25.171,1.579,1.577,1.687,1.461,1.544,1.536,1.465,1.548,1.575,1.588
2025-07-24 13:37:25.221,1.58,1.577,1.687,1.461,1.553,1.539,1.466,1.548,1.576,1.588
2025-07-24 13:37:25.271,1.58,1.579,1.688,1.461,1.561,1.539,1.466,1.548,1.575,1.588
2025-07-24 13:37:25.321,1.579,1.579,1.689,1.461,1.567,1.54,1.465,1.548,1.576,1.588
2025-07-24 13:37:25.371,1.579,1.579,1.688,1.462,1.563,1.543,1.466,1.548,1.577,1.588
2025-07-24 13:37:25.422,1.58,1.578,1.688,1.461,1.565,1.544,1.466,1.548,1.575,1.589
2025-07-24 13:37:25.470,1.58,1.578,1.688,1.461,1.573,1.545,1.466,1.548,1.576,1.589
2025-07-24 13:37:25.521,1.58,1.578,1.688,1.461,1.568,1.545,1.466,1.548,1.576,1.587
2025-07-24 13:37:25.571,1.581,1.578,1.688,1.462,1.568,1.548,1.466,1.549,1.575,1.587
2025-07-24 13:37:25.621,1.58,1.578,1.688,1.462,1.568,1.548,1.465,1.549,1.576,1.589
2025-07-24 13:37:25.671,1.581,1.577,1.688,1.461,1.568,1.551,1.466,1.548,1.576,1.588
2025-07-24 13:37:25.721,1.58,1.577,1.687,1.461,1.567,1.552,1.466,1.548,1.576,1.587
2025-07-24 13:37:25.771,1.58,1.578,1.688,1.461,1.567,1.553,1.466,1.549,1.575,1.587
2025-07-24 13:37:25.821,1.581,1.577,1.687,1.461,1.543,1.554,1.466,1.548,1.576,1.589
2025-07-24 13:37:25.871,1.58,1.578,1.688,1.462,1.491,1.554,1.466,1.548,1.576,1.588
2025-07-24 13:37:25.921,1.58,1.579,1.688,1.462,1.429,1.554,1.467,1.548,1.576,1.588
2025-07-24 13:37:25.971,1.58,1.578,1.689,1.461,1.361,1.553,1.466,1.548,1.575,1.588
2025-07-24 13:37:26.021,1.581,1.577,1.688,1.461,1.304,1.55,1.467,1.548,1.575,1.588
2025-07-24 13:37:26.071,1.58,1.578,1.687,1.461,1.242,1.548,1.466,1.548,1.575,1.589
2025-07-24 13:37:26.121,1.58,1.579,1.688,1.461,1.221,1.546,1.466,1.548,1.576,1.588
2025-07-24 13:37:26.171,1.581,1.578,1.687,1.462,1.217,1.542,1.466,1.548,1.575,1.588
2025-07-24 13:37:26.221,1.579,1.578,1.688,1.462,1.226,1.54,1.466,1.548,1.576,1.588
2025-07-24 13:37:26.271,1.581,1.577,1.689,1.461,1.27,1.537,1.466,1.548,1.577,1.588
2025-07-24 13:37:26.321,1.58,1.578,1.688,1.461,1.325,1.536,1.466,1.548,1.575,1.588
2025-07-24 13:37:26.371,1.581,1.577,1.687,1.461,1.391,1.535,1.467,1.548,1.575,1.588
2025-07-24 13:37:26.422,1.58,1.578,1.688,1.462,1.459,1.536,1.466,1.548,1.575,1.588
2025-07-24 13:37:26.471,1.58,1.577,1.688,1.461,1.515,1.536,1.466,1.549,1.574,1.588
2025-07-24 13:37:26.521,1.58,1.577,1.688,1.462,1.548,1.536,1.466,1.548,1.576,1.589
2025-07-24 13:37:26.572,1.581,1.577,1.688,1.462,1.553,1.539,1.466,1.548,1.576,1.588
2025-07-24 13:37:26.622,1.58,1.577,1.688,1.462,1.56,1.54,1.466,1.548,1.575,1.588
2025-07-24 13:37:26.672,1.58,1.577,1.687,1.462,1.561,1.541,1.466,1.548,1.575,1.588
2025-07-24 13:37:26.722,1.581,1.578,1.686,1.461,1.561,1.544,1.466,1.549,1.575,1.588
2025-07-24 13:37:26.771,1.58,1.579,1.688,1.461,1.565,1.544,1.466,1.548,1.575,1.587
2025-07-24 13:37:26.821,1.581,1.578,1.687,1.462,1.565,1.545,1.465,1.548,1.575,1.587
2025-07-24 13:37:26.872,1.579,1.577,1.687,1.462,1.562,1.547,1.466,1.548,1.575,1.587
2025-07-24 13:37:26.921,1.58,1.577,1.687,1.462,1.569,1.548,1.466,1.548,1.576,1.587
2025-07-24 13:37:26.972,1.58,1.577,1.687,1.462,1.566,1.55,1.464,1.548,1.575,1.587
2025-07-24 13:37:27.021,1.58,1.577,1.687,1.461,1.565,1.55,1.465,1.548,1.575,1.588
2025-07-24 13:37:27.072,1.58,1.577,1.687,1.461,1.565,1.552,1.466,1.548,1.575,1.587
2025-07-24 13:37:27.122,1.58,1.578,1.687,1.462,1.565,1.554,1.466,1.548,1.575,1.587
2025-07-24 13:37:27.172,1.578,1.577,1.687,1.462,1.565,1.555,1.466,1.548,1.574,1.587
2025-07-24 13:37:27.222,1.58,1.577,1.686,1.462,1.513,1.555,1.467,1.548,1.574,1.587
2025-07-24 13:37:27.272,1.579,1.577,1.688,1.462,1.457,1.555,1.466,1.548,1.575,1.587
2025-07-24 13:37:27.322,1.58,1.577,1.686,1.462,1.395,1.555,1.466,1.549,1.574,1.587
2025-07-24 13:37:27.372,1.579,1.577,1.687,1.462,1.329,1.553,1.466,1.548,1.574,1.586
2025-07-24 13:37:27.421,1.58,1.577,1.687,1.462,1.264,1.55,1.466,1.548,1.574,1.586
2025-07-24 13:37:27.471,1.579,1.578,1.687,1.462,1.224,1.548,1.466,1.548,1.574,1.587
2025-07-24 13:37:27.521,1.578,1.578,1.687,1.462,1.203,1.544,1.466,1.548,1.574,1.587
2025-07-24 13:37:27.572,1.579,1.577,1.687,1.462,1.204,1.541,1.465,1.548,1.573,1.586
2025-07-24 13:37:27.622,1.578,1.578,1.687,1.462,1.226,1.539,1.467,1.548,1.574,1.587
2025-07-24 13:37:27.672,1.579,1.577,1.686,1.462,1.279,1.536,1.466,1.548,1.574,1.587
2025-07-24 13:37:27.721,1.579,1.577,1.687,1.462,1.345,1.534,1.466,1.548,1.574,1.586
2025-07-24 13:37:27.772,1.577,1.577,1.686,1.462,1.42,1.535,1.466,1.548,1.573,1.586
2025-07-24 13:37:27.822,1.577,1.577,1.686,1.462,1.49,1.535,1.465,1.548,1.573,1.587
2025-07-24 13:37:27.872,1.578,1.578,1.688,1.462,1.532,1.535,1.466,1.548,1.573,1.586
2025-07-24 13:37:27.922,1.577,1.577,1.687,1.462,1.552,1.538,1.465,1.547,1.573,1.586
2025-07-24 13:37:27.971,1.578,1.577,1.687,1.462,1.557,1.539,1.465,1.548,1.573,1.586
2025-07-24 13:37:28.021,1.578,1.577,1.687,1.462,1.563,1.54,1.466,1.548,1.573,1.586
2025-07-24 13:37:28.072,1.577,1.577,1.687,1.462,1.56,1.542,1.465,1.548,1.574,1.586
2025-07-24 13:37:28.122,1.578,1.578,1.687,1.462,1.565,1.543,1.467,1.548,1.573,1.586
2025-07-24 13:37:28.172,1.578,1.578,1.687,1.461,1.563,1.545,1.466,1.548,1.573,1.585
2025-07-24 13:37:28.222,1.577,1.577,1.686,1.462,1.565,1.546,1.465,1.548,1.573,1.586
2025-07-24 13:37:28.272,1.577,1.577,1.687,1.462,1.568,1.547,1.465,1.548,1.573,1.585
2025-07-24 13:37:28.322,1.577,1.577,1.688,1.462,1.566,1.549,1.465,1.548,1.573,1.586
2025-07-24 13:37:28.371,1.577,1.577,1.687,1.462,1.565,1.55,1.466,1.548,1.573,1.585
2025-07-24 13:37:28.421,1.577,1.577,1.688,1.462,1.566,1.551,1.466,1.548,1.573,1.585
2025-07-24 13:37:28.472,1.577,1.578,1.688,1.462,1.569,1.553,1.466,1.548,1.574,1.586
2025-07-24 13:37:28.522,1.577,1.577,1.687,1.462,1.565,1.554,1.465,1.548,1.573,1.585
2025-07-24 13:37:28.572,1.577,1.577,1.687,1.462,1.533,1.554,1.466,1.547,1.573,1.585
2025-07-24 13:37:28.622,1.577,1.577,1.687,1.462,1.485,1.554,1.466,1.548,1.573,1.585
2025-07-24 13:37:28.672,1.577,1.579,1.687,1.461,1.424,1.555,1.466,1.548,1.573,1.585
2025-07-24 13:37:28.721,1.577,1.577,1.687,1.462,1.359,1.553,1.467,1.548,1.573,1.585
2025-07-24 13:37:28.772,1.577,1.577,1.687,1.461,1.293,1.551,1.466,1.548,1.573,1.585
2025-07-24 13:37:28.821,1.577,1.577,1.687,1.462,1.229,1.548,1.466,1.548,1.573,1.585
2025-07-24 13:37:28.872,1.577,1.577,1.687,1.463,1.202,1.545,1.466,1.548,1.573,1.584
2025-07-24 13:37:28.922,1.577,1.577,1.687,1.462,1.192,1.542,1.466,1.548,1.573,1.585
2025-07-24 13:37:28.972,1.578,1.578,1.688,1.461,1.196,1.54,1.468,1.548,1.573,1.584
2025-07-24 13:37:29.023,1.577,1.577,1.688,1.462,1.228,1.536,1.466,1.548,1.573,1.585
2025-07-24 13:37:29.072,1.578,1.577,1.688,1.462,1.284,1.535,1.466,1.548,1.573,1.584
2025-07-24 13:37:29.122,1.578,1.577,1.688,1.462,1.349,1.533,1.466,1.548,1.574,1.584
2025-07-24 13:37:29.173,1.577,1.577,1.687,1.462,1.427,1.532,1.465,1.548,1.573,1.584
2025-07-24 13:37:29.222,1.577,1.577,1.687,1.462,1.492,1.533,1.466,1.548,1.573,1.584
2025-07-24 13:37:29.272,1.578,1.577,1.688,1.462,1.532,1.534,1.466,1.548,1.573,1.585
2025-07-24 13:37:29.322,1.578,1.578,1.688,1.462,1.553,1.536,1.466,1.548,1.573,1.584
2025-07-24 13:37:29.372,1.578,1.577,1.688,1.462,1.554,1.537,1.466,1.548,1.573,1.585
2025-07-24 13:37:29.422,1.578,1.578,1.687,1.462,1.563,1.539,1.466,1.548,1.573,1.585
2025-07-24 13:37:29.473,1.578,1.577,1.687,1.461,1.561,1.54,1.466,1.548,1.573,1.585
2025-07-24 13:37:29.522,1.577,1.577,1.688,1.462,1.564,1.541,1.465,1.548,1.574,1.585
2025-07-24 13:37:29.572,1.578,1.578,1.688,1.462,1.572,1.544,1.466,1.548,1.573,1.585
2025-07-24 13:37:29.622,1.578,1.577,1.688,1.462,1.564,1.545,1.466,1.548,1.573,1.585
2025-07-24 13:37:29.673,1.579,1.577,1.688,1.461,1.568,1.547,1.467,1.548,1.574,1.584
2025-07-24 13:37:29.722,1.578,1.577,1.688,1.463,1.557,1.548,1.466,1.548,1.573,1.584
2025-07-24 13:37:29.772,1.578,1.577,1.687,1.462,1.565,1.549,1.466,1.548,1.574,1.584
2025-07-24 13:37:29.823,1.578,1.577,1.687,1.463,1.569,1.55,1.466,1.548,1.573,1.584
2025-07-24 13:37:29.872,1.579,1.577,1.686,1.462,1.565,1.552,1.466,1.548,1.573,1.584
2025-07-24 13:37:29.923,1.578,1.577,1.687,1.462,1.545,1.553,1.465,1.548,1.573,1.584
2025-07-24 13:37:29.972,1.578,1.577,1.688,1.463,1.504,1.553,1.466,1.548,1.573,1.584
2025-07-24 13:37:30.023,1.579,1.577,1.687,1.462,1.446,1.553,1.466,1.548,1.573,1.584
2025-07-24 13:37:30.072,1.579,1.577,1.687,1.463,1.39,1.552,1.466,1.548,1.573,1.584
2025-07-24 13:37:30.122,1.578,1.577,1.687,1.462,1.324,1.551,1.466,1.548,1.573,1.584
2025-07-24 13:37:30.171,1.579,1.578,1.687,1.462,1.262,1.548,1.465,1.548,1.573,1.584
2025-07-24 13:37:30.223,1.579,1.577,1.686,1.462,1.217,1.545,1.466,1.548,1.573,1.583
2025-07-24 13:37:30.273,1.577,1.577,1.687,1.462,1.203,1.543,1.467,1.548,1.573,1.583
2025-07-24 13:37:30.322,1.577,1.577,1.687,1.462,1.208,1.54,1.466,1.548,1.573,1.583
2025-07-24 13:37:30.373,1.577,1.577,1.687,1.462,1.243,1.537,1.466,1.548,1.573,1.584
2025-07-24 13:37:30.423,1.578,1.577,1.686,1.462,1.293,1.535,1.466,1.548,1.572,1.583
2025-07-24 13:37:30.473,1.578,1.577,1.688,1.462,1.358,1.533,1.466,1.548,1.573,1.583
2025-07-24 13:37:30.522,1.578,1.577,1.687,1.462,1.423,1.533,1.466,1.548,1.573,1.583
2025-07-24 13:37:30.573,1.578,1.577,1.687,1.462,1.482,1.533,1.465,1.547,1.573,1.582
2025-07-24 13:37:30.622,1.577,1.577,1.686,1.462,1.528,1.534,1.465,1.547,1.573,1.583
2025-07-24 13:37:30.672,1.577,1.577,1.687,1.462,1.552,1.536,1.466,1.548,1.573,1.582
2025-07-24 13:37:30.723,1.578,1.577,1.687,1.462,1.557,1.537,1.462,1.548,1.573,1.583
2025-07-24 13:37:30.772,1.578,1.577,1.685,1.462,1.561,1.539,1.465,1.547,1.573,1.583
2025-07-24 13:37:30.823,1.577,1.577,1.687,1.461,1.562,1.541,1.465,1.548,1.573,1.582
2025-07-24 13:37:30.872,1.577,1.577,1.687,1.462,1.566,1.543,1.465,1.548,1.572,1.583
2025-07-24 13:37:30.922,1.578,1.577,1.687,1.462,1.568,1.544,1.465,1.547,1.572,1.583
2025-07-24 13:37:30.973,1.578,1.577,1.686,1.462,1.569,1.546,1.465,1.547,1.572,1.583
2025-07-24 13:37:31.023,1.577,1.577,1.687,1.463,1.571,1.546,1.466,1.546,1.572,1.583
2025-07-24 13:37:31.073,1.577,1.577,1.687,1.461,1.565,1.548,1.466,1.548,1.572,1.584
2025-07-24 13:37:31.123,1.577,1.577,1.685,1.462,1.57,1.548,1.465,1.547,1.572,1.583
2025-07-24 13:37:31.173,1.577,1.577,1.687,1.462,1.57,1.55,1.465,1.547,1.572,1.584
2025-07-24 13:37:31.223,1.577,1.577,1.686,1.462,1.57,1.552,1.464,1.548,1.571,1.584
2025-07-24 13:37:31.272,1.578,1.577,1.686,1.462,1.554,1.553,1.464,1.546,1.572,1.585
2025-07-24 13:37:31.323,1.577,1.577,1.687,1.462,1.524,1.553,1.465,1.547,1.572,1.585
2025-07-24 13:37:31.373,1.578,1.577,1.685,1.462,1.474,1.553,1.465,1.547,1.572,1.585
2025-07-24 13:37:31.423,1.577,1.577,1.686,1.462,1.415,1.553,1.466,1.547,1.571,1.584
2025-07-24 13:37:31.473,1.577,1.577,1.686,1.462,1.348,1.551,1.465,1.547,1.572,1.585
2025-07-24 13:37:31.523,1.577,1.577,1.687,1.462,1.287,1.549,1.467,1.547,1.572,1.585
2025-07-24 13:37:31.573,1.577,1.577,1.686,1.461,1.23,1.547,1.466,1.548,1.571,1.585
2025-07-24 13:37:31.623,1.577,1.577,1.686,1.461,1.207,1.544,1.466,1.547,1.572,1.585
2025-07-24 13:37:31.673,1.577,1.577,1.687,1.462,1.207,1.541,1.466,1.547,1.573,1.586
2025-07-24 13:37:31.722,1.577,1.577,1.686,1.461,1.214,1.539,1.466,1.548,1.572,1.586
2025-07-24 13:37:31.772,1.577,1.577,1.687,1.462,1.244,1.537,1.466,1.547,1.572,1.586
2025-07-24 13:37:31.822,1.578,1.577,1.686,1.462,1.287,1.534,1.465,1.547,1.572,1.586
2025-07-24 13:37:31.873,1.577,1.577,1.686,1.461,1.343,1.533,1.466,1.547,1.572,1.586
2025-07-24 13:37:31.923,1.577,1.577,1.687,1.462,1.417,1.532,1.466,1.548,1.572,1.586
2025-07-24 13:37:31.973,1.577,1.577,1.687,1.462,1.491,1.532,1.465,1.548,1.572,1.586
2025-07-24 13:37:32.023,1.577,1.577,1.687,1.461,1.527,1.534,1.466,1.548,1.573,1.586
2025-07-24 13:37:32.074,1.577,1.577,1.687,1.462,1.548,1.536,1.464,1.548,1.572,1.586
2025-07-24 13:37:32.123,1.577,1.577,1.687,1.462,1.553,1.537,1.466,1.547,1.572,1.586
2025-07-24 13:37:32.174,1.577,1.577,1.687,1.462,1.569,1.538,1.466,1.548,1.572,1.586
2025-07-24 13:37:32.223,1.577,1.577,1.687,1.462,1.563,1.54,1.465,1.547,1.572,1.587
2025-07-24 13:37:32.272,1.577,1.577,1.686,1.462,1.569,1.542,1.466,1.548,1.572,1.587
2025-07-24 13:37:32.322,1.577,1.577,1.687,1.461,1.573,1.543,1.465,1.548,1.572,1.587
2025-07-24 13:37:32.373,1.577,1.577,1.687,1.462,1.569,1.546,1.466,1.548,1.572,1.587
2025-07-24 13:37:32.424,1.577,1.577,1.686,1.461,1.566,1.546,1.464,1.548,1.572,1.587
2025-07-24 13:37:32.474,1.577,1.577,1.688,1.462,1.565,1.548,1.465,1.547,1.571,1.586
2025-07-24 13:37:32.524,1.577,1.576,1.687,1.461,1.566,1.549,1.465,1.548,1.572,1.587
2025-07-24 13:37:32.574,1.577,1.577,1.687,1.462,1.569,1.55,1.466,1.547,1.572,1.587
2025-07-24 13:37:32.624,1.577,1.577,1.687,1.462,1.567,1.552,1.466,1.547,1.572,1.587
2025-07-24 13:37:32.674,1.577,1.577,1.687,1.462,1.54,1.553,1.466,1.547,1.572,1.587
2025-07-24 13:37:32.723,1.577,1.577,1.688,1.462,1.498,1.553,1.466,1.547,1.572,1.587
2025-07-24 13:37:32.774,1.577,1.577,1.686,1.462,1.446,1.553,1.466,1.548,1.572,1.588
2025-07-24 13:37:32.824,1.577,1.577,1.686,1.462,1.384,1.552,1.465,1.548,1.572,1.587
2025-07-24 13:37:32.874,1.577,1.577,1.686,1.461,1.321,1.549,1.466,1.547,1.571,1.587
2025-07-24 13:37:32.923,1.577,1.577,1.687,1.462,1.258,1.548,1.466,1.548,1.571,1.587
2025-07-24 13:37:32.974,1.577,1.577,1.687,1.461,1.213,1.544,1.466,1.547,1.571,1.588
2025-07-24 13:37:33.024,1.577,1.577,1.687,1.462,1.204,1.542,1.465,1.547,1.572,1.588
2025-07-24 13:37:33.074,1.577,1.576,1.687,1.462,1.212,1.54,1.468,1.547,1.572,1.588
2025-07-24 13:37:33.124,1.578,1.577,1.687,1.462,1.235,1.536,1.466,1.547,1.571,1.588
2025-07-24 13:37:33.173,1.577,1.577,1.687,1.462,1.28,1.535,1.466,1.547,1.571,1.587
2025-07-24 13:37:33.224,1.577,1.577,1.687,1.462,1.328,1.532,1.466,1.547,1.571,1.587
2025-07-24 13:37:33.274,1.577,1.576,1.687,1.461,1.39,1.532,1.465,1.547,1.571,1.588
2025-07-24 13:37:33.324,1.577,1.576,1.687,1.461,1.451,1.532,1.464,1.547,1.572,1.587
2025-07-24 13:37:33.374,1.577,1.576,1.687,1.461,1.505,1.532,1.463,1.547,1.571,1.587
2025-07-24 13:37:33.424,1.577,1.577,1.687,1.461,1.54,1.534,1.464,1.547,1.572,1.588
2025-07-24 13:37:33.474,1.578,1.577,1.686,1.462,1.549,1.536,1.465,1.547,1.572,1.588
2025-07-24 13:37:33.524,1.577,1.576,1.687,1.462,1.548,1.537,1.463,1.546,1.572,1.588
2025-07-24 13:37:33.574,1.577,1.577,1.686,1.462,1.561,1.539,1.464,1.547,1.572,1.588
2025-07-24 13:37:33.625,1.578,1.577,1.688,1.461,1.572,1.54,1.464,1.546,1.572,1.588
2025-07-24 13:37:33.674,1.577,1.576,1.686,1.461,1.565,1.542,1.466,1.546,1.572,1.588
2025-07-24 13:37:33.724,1.578,1.576,1.686,1.461,1.566,1.544,1.465,1.547,1.573,1.588
2025-07-24 13:37:33.774,1.577,1.577,1.687,1.462,1.568,1.545,1.466,1.547,1.572,1.588
2025-07-24 13:37:33.824,1.578,1.577,1.686,1.461,1.568,1.546,1.465,1.547,1.572,1.588
2025-07-24 13:37:33.874,1.577,1.577,1.687,1.461,1.567,1.548,1.466,1.546,1.572,1.588
2025-07-24 13:37:33.925,1.579,1.575,1.686,1.461,1.571,1.548,1.464,1.547,1.572,1.588
2025-07-24 13:37:33.974,1.578,1.576,1.687,1.461,1.568,1.549,1.465,1.547,1.573,1.587
2025-07-24 13:37:34.024,1.578,1.576,1.685,1.461,1.568,1.552,1.466,1.547,1.573,1.587
2025-07-24 13:37:34.074,1.578,1.577,1.686,1.462,1.569,1.552,1.464,1.547,1.573,1.587
2025-07-24 13:37:34.124,1.578,1.576,1.686,1.461,1.526,1.553,1.464,1.546,1.572,1.588
2025-07-24 13:37:34.174,1.578,1.576,1.687,1.461,1.482,1.554,1.465,1.546,1.573,1.586
2025-07-24 13:37:34.224,1.577,1.577,1.686,1.461,1.42,1.553,1.464,1.547,1.573,1.587
2025-07-24 13:37:34.274,1.578,1.577,1.687,1.461,1.359,1.552,1.465,1.547,1.573,1.587
2025-07-24 13:37:34.324,1.579,1.577,1.686,1.462,1.285,1.55,1.465,1.547,1.573,1.586
2025-07-24 13:37:34.375,1.578,1.577,1.686,1.462,1.22,1.546,1.465,1.548,1.573,1.586
2025-07-24 13:37:34.425,1.578,1.577,1.687,1.462,1.186,1.544,1.466,1.548,1.573,1.587
2025-07-24 13:37:34.474,1.578,1.577,1.687,1.461,1.188,1.54,1.466,1.548,1.573,1.587
2025-07-24 13:37:34.524,1.579,1.577,1.687,1.462,1.206,1.538,1.465,1.548,1.573,1.586
2025-07-24 13:37:34.575,1.578,1.577,1.687,1.462,1.258,1.536,1.468,1.547,1.573,1.586
2025-07-24 13:37:34.624,1.578,1.577,1.688,1.461,1.331,1.535,1.467,1.548,1.573,1.586
2025-07-24 13:37:34.674,1.578,1.577,1.687,1.462,1.405,1.533,1.466,1.547,1.573,1.586
2025-07-24 13:37:34.724,1.579,1.578,1.687,1.461,1.473,1.534,1.465,1.547,1.573,1.587
2025-07-24 13:37:34.774,1.578,1.577,1.688,1.462,1.518,1.535,1.466,1.548,1.573,1.586
2025-07-24 13:37:34.825,1.578,1.577,1.687,1.463,1.548,1.536,1.466,1.548,1.573,1.586
2025-07-24 13:37:34.875,1.578,1.577,1.687,1.462,1.557,1.539,1.466,1.548,1.574,1.586
2025-07-24 13:37:34.925,1.577,1.578,1.688,1.461,1.561,1.54,1.466,1.548,1.574,1.586
2025-07-24 13:37:34.975,1.579,1.577,1.688,1.462,1.565,1.541,1.465,1.548,1.573,1.586
2025-07-24 13:37:35.024,1.577,1.577,1.688,1.462,1.571,1.544,1.466,1.548,1.574,1.586
2025-07-24 13:37:35.074,1.578,1.577,1.687,1.462,1.562,1.544,1.466,1.548,1.573,1.586
2025-07-24 13:37:35.124,1.578,1.578,1.688,1.462,1.568,1.546,1.468,1.548,1.574,1.585
2025-07-24 13:37:35.175,1.577,1.579,1.687,1.461,1.568,1.548,1.466,1.548,1.573,1.586
2025-07-24 13:37:35.225,1.577,1.577,1.687,1.462,1.567,1.548,1.466,1.548,1.573,1.586
2025-07-24 13:37:35.275,1.577,1.579,1.688,1.462,1.569,1.55,1.465,1.548,1.573,1.586
2025-07-24 13:37:35.324,1.577,1.578,1.689,1.462,1.567,1.551,1.466,1.548,1.573,1.586
2025-07-24 13:37:35.375,1.577,1.578,1.688,1.462,1.567,1.553,1.466,1.548,1.574,1.585
2025-07-24 13:37:35.424,1.577,1.577,1.688,1.461,1.569,1.554,1.466,1.548,1.573,1.586
2025-07-24 13:37:35.475,1.577,1.579,1.689,1.462,1.547,1.557,1.466,1.548,1.574,1.586
2025-07-24 13:37:35.525,1.577,1.578,1.689,1.462,1.509,1.555,1.466,1.548,1.574,1.586
2025-07-24 13:37:35.575,1.577,1.578,1.688,1.461,1.453,1.555,1.468,1.548,1.575,1.586
2025-07-24 13:37:35.625,1.577,1.578,1.688,1.461,1.395,1.556,1.466,1.548,1.574,1.586
2025-07-24 13:37:35.675,1.577,1.578,1.688,1.461,1.328,1.553,1.467,1.548,1.574,1.586
2025-07-24 13:37:35.725,1.577,1.577,1.687,1.461,1.246,1.55,1.466,1.548,1.574,1.586
2025-07-24 13:37:35.774,1.577,1.579,1.688,1.461,1.2,1.548,1.466,1.548,1.575,1.586
2025-07-24 13:37:35.824,1.577,1.577,1.688,1.462,1.191,1.544,1.466,1.549,1.575,1.586
2025-07-24 13:37:35.875,1.577,1.578,1.688,1.461,1.199,1.541,1.467,1.548,1.574,1.587
2025-07-24 13:37:35.925,1.577,1.577,1.688,1.461,1.237,1.539,1.467,1.549,1.574,1.586
2025-07-24 13:37:35.975,1.577,1.578,1.688,1.461,1.308,1.536,1.466,1.548,1.575,1.587
2025-07-24 13:37:36.025,1.577,1.577,1.688,1.461,1.382,1.536,1.467,1.548,1.575,1.586
2025-07-24 13:37:36.075,1.577,1.577,1.688,1.461,1.446,1.536,1.466,1.548,1.575,1.586
2025-07-24 13:37:36.125,1.577,1.579,1.688,1.461,1.5,1.536,1.466,1.548,1.575,1.586
2025-07-24 13:37:36.176,1.577,1.578,1.688,1.461,1.532,1.537,1.466,1.549,1.575,1.586
2025-07-24 13:37:36.225,1.577,1.578,1.688,1.462,1.552,1.539,1.466,1.548,1.575,1.586
2025-07-24 13:37:36.274,1.577,1.577,1.688,1.461,1.557,1.54,1.465,1.548,1.576,1.586
2025-07-24 13:37:36.325,1.577,1.579,1.688,1.461,1.561,1.541,1.466,1.549,1.576,1.586
2025-07-24 13:37:36.375,1.577,1.577,1.689,1.461,1.557,1.544,1.466,1.548,1.575,1.586
2025-07-24 13:37:36.425,1.577,1.577,1.689,1.461,1.564,1.544,1.467,1.548,1.575,1.587
2025-07-24 13:37:36.475,1.577,1.577,1.688,1.461,1.561,1.546,1.466,1.549,1.575,1.587
2025-07-24 13:37:36.525,1.577,1.577,1.688,1.461,1.568,1.548,1.467,1.549,1.576,1.587
2025-07-24 13:37:36.575,1.577,1.577,1.687,1.461,1.576,1.548,1.467,1.548,1.576,1.586
2025-07-24 13:37:36.625,1.577,1.577,1.688,1.461,1.568,1.55,1.466,1.548,1.575,1.587
2025-07-24 13:37:36.675,1.577,1.577,1.688,1.461,1.576,1.551,1.466,1.549,1.576,1.586
2025-07-24 13:37:36.725,1.577,1.577,1.687,1.461,1.565,1.553,1.466,1.548,1.575,1.587
2025-07-24 13:37:36.776,1.577,1.577,1.688,1.461,1.567,1.553,1.467,1.548,1.576,1.586
2025-07-24 13:37:36.826,1.577,1.577,1.688,1.461,1.551,1.555,1.466,1.548,1.576,1.586
2025-07-24 13:37:36.875,1.576,1.577,1.688,1.461,1.507,1.555,1.466,1.549,1.575,1.587
2025-07-24 13:37:36.925,1.577,1.578,1.687,1.461,1.456,1.555,1.468,1.548,1.575,1.586
2025-07-24 13:37:36.976,1.577,1.577,1.689,1.461,1.386,1.554,1.466,1.549,1.575,1.587
2025-07-24 13:37:37.026,1.577,1.577,1.688,1.461,1.311,1.552,1.467,1.548,1.575,1.587
2025-07-24 13:37:37.075,1.577,1.578,1.687,1.461,1.235,1.55,1.466,1.548,1.575,1.586
2025-07-24 13:37:37.125,1.577,1.577,1.688,1.461,1.198,1.547,1.466,1.548,1.576,1.586
2025-07-24 13:37:37.175,1.577,1.577,1.689,1.461,1.196,1.544,1.467,1.548,1.575,1.587
2025-07-24 13:37:37.226,1.577,1.577,1.688,1.462,1.209,1.54,1.466,1.548,1.576,1.588
2025-07-24 13:37:37.275,1.577,1.577,1.689,1.462,1.25,1.538,1.466,1.548,1.575,1.588
2025-07-24 13:37:37.325,1.577,1.577,1.688,1.461,1.313,1.536,1.466,1.548,1.575,1.586
2025-07-24 13:37:37.376,1.577,1.577,1.688,1.462,1.379,1.536,1.466,1.548,1.575,1.587
2025-07-24 13:37:37.425,1.577,1.577,1.688,1.461,1.448,1.535,1.466,1.548,1.575,1.587
2025-07-24 13:37:37.475,1.577,1.577,1.688,1.462,1.507,1.536,1.466,1.549,1.575,1.587
2025-07-24 13:37:37.525,1.578,1.577,1.689,1.461,1.54,1.536,1.467,1.549,1.576,1.587
2025-07-24 13:37:37.575,1.577,1.577,1.688,1.461,1.558,1.538,1.466,1.548,1.575,1.588
2025-07-24 13:37:37.626,1.577,1.577,1.687,1.461,1.56,1.54,1.466,1.548,1.574,1.587
2025-07-24 13:37:37.675,1.577,1.577,1.688,1.461,1.562,1.542,1.466,1.549,1.576,1.587
2025-07-24 13:37:37.724,1.577,1.577,1.687,1.462,1.566,1.544,1.466,1.548,1.575,1.587
2025-07-24 13:37:37.775,1.577,1.577,1.687,1.461,1.575,1.544,1.466,1.548,1.575,1.587
2025-07-24 13:37:37.825,1.577,1.578,1.688,1.461,1.571,1.546,1.466,1.548,1.575,1.588
2025-07-24 13:37:37.876,1.578,1.577,1.687,1.462,1.569,1.548,1.465,1.548,1.575,1.587
2025-07-24 13:37:37.926,1.577,1.577,1.687,1.462,1.569,1.548,1.466,1.548,1.575,1.587
2025-07-24 13:37:37.976,1.577,1.577,1.687,1.462,1.569,1.55,1.466,1.548,1.576,1.587
2025-07-24 13:37:38.025,1.578,1.578,1.688,1.461,1.57,1.551,1.466,1.549,1.576,1.587
2025-07-24 13:37:38.076,1.577,1.577,1.688,1.461,1.566,1.552,1.466,1.548,1.576,1.588
2025-07-24 13:37:38.126,1.578,1.577,1.687,1.462,1.565,1.553,1.465,1.549,1.575,1.587
2025-07-24 13:37:38.176,1.578,1.577,1.687,1.462,1.563,1.555,1.466,1.548,1.575,1.587
2025-07-24 13:37:38.226,1.578,1.578,1.688,1.462,1.538,1.556,1.466,1.548,1.576,1.587
2025-07-24 13:37:38.276,1.577,1.577,1.686,1.462,1.499,1.555,1.467,1.548,1.575,1.587
2025-07-24 13:37:38.325,1.578,1.577,1.687,1.462,1.436,1.556,1.466,1.548,1.575,1.587
2025-07-24 13:37:38.375,1.578,1.577,1.687,1.462,1.37,1.555,1.468,1.549,1.574,1.586
2025-07-24 13:37:38.426,1.578,1.577,1.687,1.462,1.298,1.553,1.466,1.548,1.576,1.587
2025-07-24 13:37:38.476,1.577,1.577,1.687,1.462,1.228,1.549,1.466,1.548,1.574,1.586
2025-07-24 13:37:38.526,1.578,1.577,1.687,1.462,1.195,1.546,1.466,1.548,1.575,1.586
2025-07-24 13:37:38.576,1.577,1.577,1.688,1.462,1.194,1.542,1.467,1.548,1.574,1.586
2025-07-24 13:37:38.626,1.577,1.577,1.687,1.462,1.208,1.54,1.466,1.548,1.574,1.586
2025-07-24 13:37:38.676,1.577,1.577,1.687,1.462,1.251,1.537,1.466,1.548,1.575,1.586
2025-07-24 13:37:38.726,1.577,1.576,1.686,1.462,1.308,1.536,1.465,1.548,1.574,1.586
2025-07-24 13:37:38.775,1.577,1.577,1.686,1.462,1.378,1.535,1.466,1.548,1.574,1.587
2025-07-24 13:37:38.826,1.577,1.577,1.687,1.462,1.449,1.535,1.466,1.548,1.573,1.586
2025-07-24 13:37:38.875,1.577,1.577,1.686,1.462,1.514,1.535,1.466,1.548,1.574,1.587
2025-07-24 13:37:38.926,1.577,1.577,1.687,1.462,1.544,1.537,1.465,1.548,1.574,1.586
2025-07-24 13:37:38.976,1.577,1.577,1.686,1.462,1.555,1.538,1.465,1.547,1.574,1.586
2025-07-24 13:37:39.026,1.577,1.577,1.687,1.463,1.563,1.54,1.466,1.547,1.574,1.586
2025-07-24 13:37:39.076,1.576,1.577,1.686,1.461,1.569,1.541,1.465,1.548,1.573,1.586
2025-07-24 13:37:39.126,1.576,1.576,1.686,1.462,1.564,1.543,1.465,1.548,1.573,1.585
2025-07-24 13:37:39.176,1.577,1.576,1.688,1.462,1.567,1.544,1.465,1.548,1.573,1.586
2025-07-24 13:37:39.226,1.576,1.577,1.687,1.462,1.568,1.546,1.466,1.548,1.573,1.585
2025-07-24 13:37:39.276,1.577,1.576,1.686,1.461,1.569,1.547,1.465,1.548,1.573,1.585
2025-07-24 13:37:39.325,1.576,1.577,1.686,1.461,1.57,1.548,1.465,1.547,1.573,1.585
2025-07-24 13:37:39.376,1.576,1.577,1.686,1.461,1.569,1.549,1.465,1.548,1.573,1.585
2025-07-24 13:37:39.426,1.576,1.576,1.685,1.462,1.569,1.55,1.466,1.548,1.572,1.584
2025-07-24 13:37:39.477,1.577,1.576,1.688,1.462,1.568,1.552,1.466,1.548,1.573,1.585
2025-07-24 13:37:39.526,1.576,1.577,1.687,1.462,1.573,1.553,1.465,1.546,1.572,1.585
2025-07-24 13:37:39.576,1.576,1.575,1.686,1.462,1.547,1.554,1.466,1.546,1.573,1.585
2025-07-24 13:37:39.626,1.576,1.576,1.686,1.462,1.509,1.555,1.465,1.546,1.573,1.584
2025-07-24 13:37:39.676,1.577,1.576,1.686,1.462,1.456,1.554,1.466,1.547,1.573,1.585
2025-07-24 13:37:39.725,1.577,1.577,1.687,1.462,1.39,1.553,1.466,1.547,1.572,1.585
2025-07-24 13:37:39.776,1.577,1.577,1.686,1.461,1.31,1.551,1.466,1.548,1.572,1.584
2025-07-24 13:37:39.826,1.577,1.577,1.687,1.462,1.233,1.549,1.466,1.547,1.572,1.583
2025-07-24 13:37:39.876,1.577,1.576,1.687,1.462,1.188,1.546,1.465,1.548,1.573,1.585
2025-07-24 13:37:39.926,1.577,1.577,1.686,1.461,1.184,1.543,1.466,1.548,1.573,1.584
2025-07-24 13:37:39.976,1.577,1.577,1.686,1.462,1.188,1.54,1.466,1.548,1.573,1.584
2025-07-24 13:37:40.027,1.577,1.577,1.686,1.461,1.237,1.537,1.467,1.548,1.573,1.585
2025-07-24 13:37:40.076,1.577,1.577,1.687,1.461,1.284,1.536,1.465,1.548,1.572,1.585
2025-07-24 13:37:40.127,1.577,1.577,1.687,1.461,1.339,1.534,1.465,1.547,1.571,1.584
2025-07-24 13:37:40.176,1.577,1.577,1.686,1.461,1.403,1.533,1.464,1.548,1.573,1.584
2025-07-24 13:37:40.226,1.577,1.577,1.687,1.461,1.47,1.533,1.466,1.548,1.572,1.584
2025-07-24 13:37:40.276,1.577,1.576,1.686,1.462,1.536,1.534,1.464,1.548,1.572,1.585
2025-07-24 13:37:40.326,1.578,1.577,1.686,1.461,1.549,1.536,1.463,1.548,1.572,1.585
2025-07-24 13:37:40.377,1.577,1.577,1.686,1.462,1.557,1.537,1.465,1.547,1.572,1.585
2025-07-24 13:37:40.426,1.577,1.577,1.687,1.462,1.562,1.54,1.465,1.548,1.572,1.585
2025-07-24 13:37:40.476,1.578,1.576,1.686,1.462,1.565,1.54,1.465,1.547,1.572,1.586
2025-07-24 13:37:40.526,1.578,1.577,1.687,1.461,1.563,1.543,1.465,1.547,1.572,1.586
2025-07-24 13:37:40.576,1.577,1.576,1.687,1.462,1.569,1.544,1.466,1.548,1.571,1.585
2025-07-24 13:37:40.627,1.577,1.577,1.688,1.462,1.572,1.544,1.466,1.547,1.572,1.585
2025-07-24 13:37:40.676,1.577,1.577,1.686,1.461,1.569,1.547,1.466,1.548,1.572,1.586
2025-07-24 13:37:40.727,1.577,1.577,1.686,1.461,1.574,1.548,1.464,1.547,1.572,1.586
2025-07-24 13:37:40.776,1.577,1.576,1.686,1.461,1.567,1.549,1.465,1.548,1.572,1.586
2025-07-24 13:37:40.827,1.577,1.577,1.686,1.462,1.57,1.551,1.466,1.548,1.572,1.586
2025-07-24 13:37:40.876,1.577,1.577,1.686,1.462,1.569,1.552,1.465,1.548,1.572,1.586
2025-07-24 13:37:40.926,1.577,1.577,1.687,1.461,1.566,1.553,1.465,1.548,1.571,1.586
2025-07-24 13:37:40.976,1.577,1.577,1.686,1.462,1.515,1.554,1.466,1.548,1.572,1.586
2025-07-24 13:37:41.026,1.577,1.577,1.686,1.461,1.461,1.554,1.465,1.547,1.571,1.586
2025-07-24 13:37:41.076,1.577,1.577,1.686,1.461,1.391,1.553,1.465,1.547,1.572,1.586
2025-07-24 13:37:41.127,1.576,1.577,1.687,1.462,1.312,1.551,1.466,1.547,1.572,1.586
2025-07-24 13:37:41.176,1.577,1.577,1.685,1.462,1.235,1.548,1.466,1.547,1.572,1.586
2025-07-24 13:37:41.227,1.577,1.577,1.686,1.462,1.19,1.545,1.465,1.547,1.572,1.587
2025-07-24 13:37:41.276,1.575,1.577,1.687,1.462,1.191,1.542,1.466,1.548,1.572,1.586
2025-07-24 13:37:41.327,1.577,1.576,1.686,1.461,1.194,1.539,1.465,1.548,1.571,1.586
2025-07-24 13:37:41.377,1.577,1.576,1.686,1.462,1.233,1.536,1.466,1.547,1.571,1.587
2025-07-24 13:37:41.426,1.577,1.577,1.687,1.462,1.285,1.535,1.466,1.548,1.571,1.587
2025-07-24 13:37:41.477,1.577,1.577,1.688,1.461,1.354,1.533,1.466,1.548,1.572,1.587
2025-07-24 13:37:41.527,1.576,1.576,1.687,1.462,1.424,1.532,1.465,1.547,1.572,1.588
2025-07-24 13:37:41.577,1.577,1.577,1.687,1.462,1.49,1.533,1.465,1.547,1.572,1.587
2025-07-24 13:37:41.626,1.576,1.575,1.686,1.461,1.533,1.534,1.465,1.548,1.571,1.587
2025-07-24 13:37:41.677,1.577,1.576,1.686,1.461,1.548,1.536,1.465,1.547,1.571,1.588
2025-07-24 13:37:41.726,1.577,1.577,1.686,1.462,1.556,1.537,1.464,1.548,1.572,1.587
2025-07-24 13:37:41.777,1.577,1.576,1.686,1.461,1.561,1.538,1.465,1.547,1.571,1.589
2025-07-24 13:37:41.827,1.577,1.576,1.686,1.462,1.563,1.54,1.464,1.547,1.571,1.587
2025-07-24 13:37:41.876,1.577,1.577,1.687,1.461,1.573,1.541,1.463,1.547,1.571,1.587
2025-07-24 13:37:41.926,1.577,1.576,1.687,1.461,1.575,1.544,1.465,1.547,1.572,1.587
2025-07-24 13:37:41.976,1.577,1.576,1.687,1.462,1.572,1.545,1.464,1.547,1.571,1.589
2025-07-24 13:37:42.026,1.577,1.577,1.686,1.462,1.578,1.545,1.465,1.547,1.572,1.588
2025-07-24 13:37:42.076,1.577,1.575,1.686,1.461,1.578,1.547,1.465,1.547,1.572,1.588
2025-07-24 13:37:42.126,1.577,1.577,1.686,1.462,1.571,1.548,1.466,1.547,1.572,1.587
2025-07-24 13:37:42.176,1.577,1.576,1.686,1.461,1.568,1.55,1.463,1.546,1.57,1.588
2025-07-24 13:37:42.227,1.577,1.576,1.687,1.461,1.569,1.553,1.463,1.547,1.573,1.587
2025-07-24 13:37:42.276,1.576,1.577,1.686,1.462,1.571,1.553,1.464,1.548,1.571,1.588
2025-07-24 13:37:42.327,1.577,1.576,1.686,1.462,1.556,1.553,1.464,1.546,1.572,1.588
2025-07-24 13:37:42.377,1.577,1.576,1.685,1.461,1.511,1.554,1.465,1.547,1.572,1.588
2025-07-24 13:37:42.427,1.578,1.577,1.687,1.461,1.458,1.554,1.466,1.547,1.572,1.588
2025-07-24 13:37:42.477,1.577,1.577,1.685,1.461,1.391,1.553,1.465,1.546,1.573,1.588
2025-07-24 13:37:42.527,1.578,1.576,1.686,1.461,1.334,1.552,1.466,1.547,1.573,1.587
2025-07-24 13:37:42.576,1.577,1.577,1.686,1.461,1.275,1.549,1.466,1.547,1.572,1.587
2025-07-24 13:37:42.627,1.577,1.577,1.686,1.461,1.227,1.546,1.465,1.548,1.572,1.588
2025-07-24 13:37:42.676,1.577,1.576,1.686,1.462,1.216,1.544,1.464,1.547,1.573,1.588
2025-07-24 13:37:42.727,1.577,1.576,1.687,1.461,1.207,1.541,1.466,1.547,1.573,1.587
2025-07-24 13:37:42.777,1.577,1.577,1.687,1.462,1.243,1.539,1.466,1.547,1.573,1.587
2025-07-24 13:37:42.827,1.577,1.576,1.686,1.461,1.296,1.537,1.466,1.546,1.573,1.588
2025-07-24 13:37:42.877,1.577,1.577,1.686,1.462,1.359,1.535,1.465,1.548,1.572,1.586
2025-07-24 13:37:42.927,1.577,1.577,1.686,1.462,1.428,1.535,1.466,1.547,1.573,1.587
2025-07-24 13:37:42.977,1.577,1.577,1.686,1.461,1.49,1.535,1.466,1.547,1.573,1.586
2025-07-24 13:37:43.027,1.577,1.577,1.686,1.462,1.534,1.537,1.465,1.547,1.573,1.587
2025-07-24 13:37:43.077,1.577,1.577,1.687,1.461,1.548,1.538,1.465,1.547,1.573,1.587
2025-07-24 13:37:43.127,1.577,1.577,1.686,1.462,1.56,1.539,1.464,1.548,1.572,1.587
2025-07-24 13:37:43.176,1.577,1.577,1.687,1.462,1.565,1.541,1.464,1.547,1.572,1.586
2025-07-24 13:37:43.227,1.577,1.577,1.686,1.462,1.565,1.543,1.466,1.547,1.572,1.588
2025-07-24 13:37:43.277,1.578,1.577,1.686,1.461,1.565,1.544,1.465,1.546,1.572,1.587
2025-07-24 13:37:43.327,1.577,1.577,1.687,1.461,1.565,1.546,1.464,1.547,1.573,1.586
2025-07-24 13:37:43.377,1.577,1.576,1.685,1.462,1.567,1.547,1.466,1.548,1.572,1.587
2025-07-24 13:37:43.427,1.577,1.577,1.688,1.462,1.568,1.548,1.466,1.548,1.572,1.587
2025-07-24 13:37:43.478,1.577,1.577,1.686,1.461,1.566,1.549,1.465,1.548,1.571,1.587
2025-07-24 13:37:43.527,1.577,1.577,1.687,1.461,1.569,1.551,1.466,1.547,1.572,1.586
2025-07-24 13:37:43.578,1.577,1.577,1.686,1.461,1.566,1.552,1.465,1.547,1.572,1.587
2025-07-24 13:37:43.628,1.577,1.577,1.687,1.461,1.549,1.553,1.466,1.547,1.571,1.587
2025-07-24 13:37:43.677,1.577,1.577,1.686,1.462,1.51,1.553,1.466,1.547,1.572,1.587
2025-07-24 13:37:43.727,1.578,1.577,1.687,1.462,1.461,1.553,1.466,1.547,1.572,1.587
2025-07-24 13:37:43.777,1.578,1.575,1.686,1.462,1.4,1.553,1.466,1.548,1.572,1.588
2025-07-24 13:37:43.827,1.577,1.576,1.688,1.461,1.323,1.551,1.465,1.547,1.571,1.587
2025-07-24 13:37:43.877,1.577,1.576,1.686,1.462,1.239,1.548,1.465,1.546,1.572,1.587
2025-07-24 13:37:43.927,1.578,1.577,1.688,1.461,1.196,1.546,1.466,1.547,1.573,1.587
2025-07-24 13:37:43.977,1.577,1.576,1.686,1.462,1.192,1.541,1.466,1.548,1.572,1.587
2025-07-24 13:37:44.027,1.577,1.577,1.686,1.462,1.198,1.539,1.466,1.548,1.572,1.588
2025-07-24 13:37:44.077,1.577,1.577,1.686,1.461,1.238,1.536,1.466,1.547,1.571,1.587
2025-07-24 13:37:44.127,1.578,1.576,1.686,1.462,1.296,1.535,1.464,1.547,1.572,1.588
2025-07-24 13:37:44.177,1.577,1.576,1.688,1.461,1.358,1.533,1.465,1.547,1.572,1.587
2025-07-24 13:37:44.227,1.577,1.577,1.687,1.462,1.418,1.532,1.464,1.547,1.571,1.589
2025-07-24 13:37:44.277,1.577,1.577,1.686,1.461,1.48,1.532,1.464,1.547,1.572,1.587
2025-07-24 13:37:44.328,1.578,1.577,1.686,1.461,1.525,1.534,1.466,1.547,1.572,1.588
2025-07-24 13:37:44.377,1.578,1.577,1.687,1.461,1.548,1.536,1.466,1.546,1.571,1.587
2025-07-24 13:37:44.428,1.578,1.577,1.687,1.461,1.553,1.538,1.466,1.547,1.572,1.587
2025-07-24 13:37:44.477,1.578,1.577,1.687,1.462,1.559,1.539,1.464,1.547,1.572,1.588
2025-07-24 13:37:44.527,1.577,1.577,1.686,1.462,1.567,1.54,1.465,1.547,1.571,1.589
2025-07-24 13:37:44.577,1.578,1.576,1.687,1.463,1.565,1.542,1.464,1.548,1.572,1.588
2025-07-24 13:37:44.627,1.578,1.577,1.686,1.462,1.566,1.544,1.464,1.547,1.572,1.588
2025-07-24 13:37:44.678,1.577,1.577,1.687,1.462,1.571,1.544,1.465,1.548,1.572,1.588
2025-07-24 13:37:44.727,1.578,1.576,1.686,1.461,1.568,1.546,1.465,1.547,1.572,1.589
2025-07-24 13:37:44.778,1.578,1.577,1.686,1.462,1.569,1.547,1.465,1.547,1.572,1.588
2025-07-24 13:37:44.827,1.578,1.576,1.686,1.461,1.566,1.548,1.464,1.547,1.572,1.588
2025-07-24 13:37:44.878,1.579,1.577,1.688,1.462,1.569,1.55,1.464,1.547,1.572,1.588
2025-07-24 13:37:44.927,1.577,1.577,1.686,1.462,1.565,1.552,1.465,1.547,1.572,1.588
2025-07-24 13:37:44.978,1.577,1.577,1.686,1.462,1.568,1.553,1.465,1.546,1.572,1.588
2025-07-24 13:37:45.027,1.578,1.577,1.686,1.461,1.516,1.554,1.464,1.547,1.573,1.588
2025-07-24 13:37:45.078,1.578,1.576,1.686,1.461,1.466,1.553,1.465,1.546,1.573,1.587
2025-07-24 13:37:45.127,1.578,1.576,1.686,1.461,1.399,1.553,1.465,1.546,1.572,1.587
2025-07-24 13:37:45.178,1.577,1.576,1.686,1.461,1.332,1.55,1.466,1.546,1.573,1.587
2025-07-24 13:37:45.228,1.578,1.577,1.687,1.462,1.264,1.549,1.466,1.547,1.573,1.587
2025-07-24 13:37:45.278,1.578,1.577,1.686,1.461,1.218,1.546,1.465,1.546,1.573,1.587
2025-07-24 13:37:45.328,1.578,1.577,1.687,1.461,1.203,1.543,1.466,1.547,1.573,1.587
2025-07-24 13:37:45.378,1.58,1.576,1.687,1.461,1.2,1.54,1.464,1.547,1.573,1.587
2025-07-24 13:37:45.427,1.578,1.577,1.687,1.462,1.232,1.537,1.465,1.546,1.573,1.586
2025-07-24 13:37:45.478,1.579,1.577,1.686,1.461,1.29,1.536,1.466,1.547,1.573,1.587
2025-07-24 13:37:45.528,1.578,1.577,1.686,1.461,1.364,1.533,1.466,1.547,1.573,1.587
2025-07-24 13:37:45.578,1.578,1.577,1.686,1.462,1.445,1.533,1.465,1.547,1.573,1.586
2025-07-24 13:37:45.628,1.578,1.577,1.687,1.461,1.514,1.535,1.466,1.547,1.573,1.586
2025-07-24 13:37:45.677,1.578,1.577,1.686,1.461,1.548,1.536,1.464,1.548,1.573,1.586
2025-07-24 13:37:45.728,1.578,1.577,1.688,1.461,1.553,1.538,1.464,1.548,1.573,1.586
2025-07-24 13:37:45.778,1.577,1.577,1.686,1.461,1.565,1.54,1.465,1.547,1.572,1.586
2025-07-24 13:37:45.828,1.577,1.577,1.686,1.461,1.561,1.541,1.464,1.546,1.573,1.586
2025-07-24 13:37:45.878,1.578,1.577,1.686,1.461,1.565,1.542,1.465,1.546,1.573,1.585
2025-07-24 13:37:45.928,1.577,1.576,1.686,1.462,1.564,1.544,1.466,1.548,1.573,1.585
2025-07-24 13:37:45.978,1.577,1.577,1.687,1.461,1.562,1.544,1.465,1.548,1.573,1.585
2025-07-24 13:37:46.029,1.577,1.576,1.686,1.461,1.565,1.546,1.465,1.547,1.573,1.585
2025-07-24 13:37:46.078,1.577,1.577,1.687,1.462,1.569,1.548,1.465,1.547,1.572,1.585
2025-07-24 13:37:46.127,1.577,1.577,1.686,1.461,1.565,1.549,1.465,1.548,1.573,1.584
2025-07-24 13:37:46.178,1.578,1.577,1.687,1.461,1.572,1.55,1.466,1.547,1.572,1.584
2025-07-24 13:37:46.228,1.577,1.577,1.687,1.462,1.565,1.551,1.465,1.547,1.573,1.584
2025-07-24 13:37:46.277,1.578,1.577,1.686,1.462,1.562,1.552,1.465,1.547,1.572,1.585
2025-07-24 13:37:46.327,1.577,1.577,1.687,1.462,1.517,1.553,1.465,1.547,1.573,1.585
2025-07-24 13:37:46.378,1.577,1.577,1.687,1.462,1.468,1.554,1.466,1.548,1.572,1.584
2025-07-24 13:37:46.428,1.577,1.576,1.686,1.462,1.396,1.553,1.466,1.547,1.572,1.584
2025-07-24 13:37:46.478,1.577,1.577,1.687,1.462,1.32,1.552,1.465,1.546,1.573,1.585
2025-07-24 13:37:46.528,1.578,1.577,1.687,1.461,1.247,1.548,1.466,1.548,1.572,1.585
2025-07-24 13:37:46.578,1.577,1.577,1.687,1.462,1.199,1.546,1.466,1.547,1.573,1.585
2025-07-24 13:37:46.629,1.577,1.577,1.688,1.461,1.181,1.543,1.465,1.547,1.572,1.585
2025-07-24 13:37:46.678,1.577,1.577,1.687,1.461,1.188,1.54,1.466,1.547,1.573,1.585
2025-07-24 13:37:46.728,1.578,1.577,1.686,1.461,1.211,1.536,1.465,1.548,1.573,1.585
2025-07-24 13:37:46.778,1.577,1.577,1.687,1.461,1.26,1.533,1.466,1.548,1.572,1.585
2025-07-24 13:37:46.828,1.577,1.577,1.688,1.461,1.333,1.533,1.465,1.547,1.572,1.585
2025-07-24 13:37:46.879,1.578,1.577,1.686,1.461,1.413,1.532,1.466,1.547,1.573,1.585
2025-07-24 13:37:46.928,1.578,1.577,1.687,1.462,1.486,1.532,1.465,1.547,1.572,1.585
2025-07-24 13:37:46.979,1.578,1.577,1.687,1.461,1.534,1.534,1.465,1.546,1.572,1.585
2025-07-24 13:37:47.028,1.577,1.577,1.686,1.461,1.549,1.536,1.464,1.548,1.572,1.586
2025-07-24 13:37:47.079,1.577,1.577,1.686,1.462,1.556,1.537,1.465,1.547,1.572,1.586
2025-07-24 13:37:47.128,1.577,1.576,1.686,1.462,1.561,1.539,1.464,1.548,1.572,1.586
2025-07-24 13:37:47.178,1.577,1.577,1.687,1.462,1.568,1.54,1.464,1.547,1.572,1.586
2025-07-24 13:37:47.229,1.577,1.577,1.686,1.461,1.565,1.541,1.464,1.548,1.571,1.586
2025-07-24 13:37:47.278,1.578,1.576,1.686,1.461,1.564,1.544,1.465,1.547,1.572,1.586
2025-07-24 13:37:47.328,1.577,1.577,1.687,1.461,1.566,1.545,1.466,1.547,1.572,1.586
2025-07-24 13:37:47.379,1.577,1.577,1.687,1.462,1.571,1.546,1.465,1.547,1.572,1.586
2025-07-24 13:37:47.429,1.577,1.577,1.686,1.461,1.568,1.546,1.464,1.547,1.572,1.586
2025-07-24 13:37:47.478,1.577,1.576,1.687,1.461,1.569,1.548,1.464,1.546,1.572,1.586
2025-07-24 13:37:47.529,1.577,1.577,1.686,1.462,1.566,1.549,1.465,1.546,1.572,1.586
2025-07-24 13:37:47.579,1.577,1.576,1.687,1.461,1.548,1.552,1.465,1.547,1.573,1.586
2025-07-24 13:37:47.629,1.577,1.576,1.687,1.461,1.5,1.55,1.465,1.546,1.573,1.586
2025-07-24 13:37:47.679,1.576,1.577,1.686,1.462,1.436,1.552,1.466,1.547,1.572,1.586
2025-07-24 13:37:47.728,1.577,1.577,1.686,1.461,1.37,1.549,1.466,1.546,1.572,1.586
2025-07-24 13:37:47.779,1.577,1.577,1.686,1.462,1.297,1.548,1.465,1.547,1.573,1.586
2025-07-24 13:37:47.829,1.577,1.577,1.687,1.461,1.233,1.546,1.465,1.547,1.573,1.586
2025-07-24 13:37:47.878,1.576,1.577,1.687,1.462,1.208,1.543,1.466,1.547,1.572,1.586
2025-07-24 13:37:47.928,1.577,1.577,1.687,1.462,1.196,1.54,1.466,1.547,1.573,1.586
2025-07-24 13:37:47.978,1.575,1.577,1.686,1.461,1.196,1.537,1.465,1.548,1.573,1.585
2025-07-24 13:37:48.028,1.577,1.577,1.688,1.462,1.227,1.534,1.465,1.547,1.572,1.586
2025-07-24 13:37:48.078,1.577,1.577,1.686,1.462,1.265,1.532,1.465,1.547,1.572,1.585
2025-07-24 13:37:48.128,1.576,1.576,1.687,1.462,1.314,1.531,1.465,1.547,1.573,1.585
2025-07-24 13:37:48.179,1.576,1.577,1.687,1.461,1.39,1.53,1.465,1.547,1.573,1.585
2025-07-24 13:37:48.229,1.576,1.577,1.688,1.462,1.455,1.531,1.465,1.548,1.573,1.585
2025-07-24 13:37:48.279,1.577,1.577,1.686,1.462,1.507,1.532,1.465,1.548,1.572,1.585
2025-07-24 13:37:48.328,1.577,1.576,1.686,1.462,1.538,1.533,1.463,1.547,1.573,1.585
2025-07-24 13:37:48.379,1.577,1.576,1.687,1.462,1.549,1.535,1.463,1.548,1.572,1.585
2025-07-24 13:37:48.429,1.577,1.577,1.687,1.461,1.553,1.536,1.465,1.547,1.572,1.584
2025-07-24 13:37:48.479,1.577,1.577,1.687,1.461,1.563,1.538,1.463,1.547,1.573,1.585
2025-07-24 13:37:48.528,1.577,1.577,1.687,1.461,1.559,1.539,1.463,1.548,1.573,1.585
2025-07-24 13:37:48.578,1.577,1.577,1.688,1.462,1.565,1.54,1.462,1.548,1.573,1.584
2025-07-24 13:37:48.629,1.577,1.577,1.687,1.462,1.561,1.543,1.465,1.548,1.573,1.584
2025-07-24 13:37:48.679,1.577,1.576,1.687,1.461,1.568,1.544,1.465,1.548,1.573,1.585
2025-07-24 13:37:48.729,1.577,1.577,1.686,1.461,1.572,1.546,1.465,1.548,1.572,1.585
2025-07-24 13:37:48.779,1.577,1.577,1.686,1.461,1.569,1.546,1.466,1.548,1.572,1.585
2025-07-24 13:37:48.829,1.577,1.576,1.686,1.462,1.566,1.548,1.465,1.548,1.572,1.585
2025-07-24 13:37:48.878,1.577,1.577,1.687,1.462,1.566,1.549,1.464,1.547,1.572,1.585
2025-07-24 13:37:48.928,1.577,1.577,1.687,1.462,1.565,1.55,1.465,1.548,1.572,1.585
2025-07-24 13:37:48.980,1.577,1.577,1.686,1.461,1.528,1.552,1.463,1.547,1.572,1.586
2025-07-24 13:37:49.028,1.577,1.577,1.687,1.461,1.484,1.553,1.466,1.547,1.572,1.585
2025-07-24 13:37:49.079,1.577,1.577,1.687,1.461,1.419,1.552,1.466,1.548,1.573,1.586
2025-07-24 13:37:49.129,1.577,1.577,1.686,1.462,1.354,1.55,1.465,1.547,1.572,1.586
2025-07-24 13:37:49.179,1.577,1.577,1.686,1.461,1.292,1.548,1.466,1.547,1.572,1.586
2025-07-24 13:37:49.229,1.578,1.577,1.686,1.461,1.233,1.546,1.465,1.547,1.572,1.586
2025-07-24 13:37:49.279,1.577,1.577,1.688,1.462,1.214,1.543,1.466,1.548,1.571,1.586
2025-07-24 13:37:49.329,1.577,1.577,1.687,1.462,1.209,1.54,1.465,1.548,1.572,1.586
2025-07-24 13:37:49.379,1.577,1.577,1.687,1.461,1.236,1.537,1.466,1.548,1.572,1.586
2025-07-24 13:37:49.429,1.577,1.577,1.687,1.461,1.283,1.536,1.465,1.548,1.571,1.586
2025-07-24 13:37:49.479,1.577,1.577,1.687,1.461,1.34,1.534,1.467,1.547,1.572,1.586
2025-07-24 13:37:49.529,1.577,1.576,1.687,1.461,1.409,1.533,1.465,1.547,1.572,1.586
2025-07-24 13:37:49.579,1.577,1.576,1.687,1.462,1.474,1.533,1.463,1.547,1.572,1.587
2025-07-24 13:37:49.629,1.577,1.577,1.686,1.462,1.522,1.533,1.465,1.547,1.572,1.586
2025-07-24 13:37:49.678,1.577,1.577,1.687,1.462,1.551,1.536,1.465,1.547,1.572,1.586
2025-07-24 13:37:49.730,1.577,1.577,1.687,1.462,1.553,1.537,1.464,1.547,1.572,1.586
2025-07-24 13:37:49.779,1.577,1.577,1.686,1.462,1.565,1.539,1.465,1.548,1.572,1.587
2025-07-24 13:37:49.829,1.577,1.577,1.687,1.462,1.564,1.54,1.464,1.548,1.572,1.587
2025-07-24 13:37:49.879,1.577,1.577,1.687,1.462,1.564,1.543,1.465,1.546,1.571,1.587
2025-07-24 13:37:49.929,1.577,1.577,1.686,1.462,1.567,1.544,1.466,1.548,1.571,1.587
2025-07-24 13:37:49.979,1.577,1.576,1.686,1.462,1.566,1.546,1.463,1.547,1.572,1.587
2025-07-24 13:37:50.028,1.577,1.577,1.686,1.462,1.568,1.546,1.466,1.547,1.572,1.588
2025-07-24 13:37:50.079,1.577,1.577,1.687,1.462,1.565,1.548,1.463,1.547,1.571,1.587
2025-07-24 13:37:50.129,1.577,1.577,1.686,1.462,1.566,1.549,1.464,1.547,1.571,1.587
2025-07-24 13:37:50.179,1.577,1.577,1.685,1.461,1.564,1.55,1.464,1.546,1.571,1.587
2025-07-24 13:37:50.229,1.577,1.577,1.686,1.462,1.565,1.552,1.464,1.547,1.571,1.587
2025-07-24 13:37:50.280,1.577,1.577,1.686,1.461,1.543,1.553,1.465,1.546,1.572,1.587
2025-07-24 13:37:50.329,1.577,1.576,1.686,1.462,1.512,1.553,1.464,1.547,1.571,1.587
2025-07-24 13:37:50.379,1.577,1.577,1.687,1.461,1.458,1.553,1.467,1.546,1.572,1.587
2025-07-24 13:37:50.429,1.577,1.576,1.687,1.462,1.391,1.552,1.465,1.547,1.572,1.587
2025-07-24 13:37:50.480,1.577,1.577,1.687,1.462,1.319,1.55,1.465,1.546,1.572,1.587
2025-07-24 13:37:50.530,1.577,1.576,1.686,1.462,1.257,1.547,1.466,1.546,1.572,1.587
2025-07-24 13:37:50.579,1.577,1.577,1.687,1.461,1.22,1.546,1.465,1.546,1.572,1.588
2025-07-24 13:37:50.629,1.577,1.576,1.686,1.462,1.217,1.543,1.466,1.547,1.572,1.588
2025-07-24 13:37:50.680,1.577,1.577,1.686,1.462,1.224,1.54,1.466,1.547,1.572,1.587
2025-07-24 13:37:50.729,1.577,1.576,1.686,1.461,1.27,1.536,1.466,1.546,1.573,1.587
2025-07-24 13:37:50.779,1.577,1.577,1.687,1.462,1.32,1.536,1.465,1.546,1.573,1.588
2025-07-24 13:37:50.830,1.577,1.576,1.686,1.462,1.391,1.535,1.464,1.546,1.573,1.588
2025-07-24 13:37:50.880,1.577,1.576,1.686,1.462,1.456,1.535,1.464,1.546,1.572,1.588
2025-07-24 13:37:50.929,1.578,1.575,1.687,1.462,1.513,1.536,1.463,1.547,1.573,1.587
2025-07-24 13:37:50.980,1.578,1.576,1.687,1.462,1.544,1.537,1.466,1.547,1.573,1.587
2025-07-24 13:37:51.029,1.577,1.577,1.686,1.462,1.553,1.539,1.465,1.547,1.573,1.587
2025-07-24 13:37:51.079,1.578,1.575,1.686,1.462,1.561,1.54,1.463,1.548,1.572,1.587
2025-07-24 13:37:51.129,1.578,1.577,1.686,1.462,1.561,1.542,1.466,1.548,1.573,1.588
2025-07-24 13:37:51.179,1.577,1.577,1.687,1.462,1.561,1.543,1.463,1.547,1.573,1.586
2025-07-24 13:37:51.230,1.577,1.577,1.687,1.461,1.564,1.546,1.465,1.547,1.573,1.586
2025-07-24 13:37:51.280,1.578,1.577,1.687,1.462,1.567,1.546,1.466,1.548,1.573,1.587
2025-07-24 13:37:51.330,1.578,1.577,1.687,1.462,1.565,1.547,1.466,1.548,1.572,1.586
2025-07-24 13:37:51.379,1.577,1.577,1.686,1.462,1.566,1.548,1.465,1.547,1.573,1.586
2025-07-24 13:37:51.430,1.577,1.577,1.687,1.463,1.564,1.55,1.465,1.548,1.572,1.586
2025-07-24 13:37:51.479,1.577,1.577,1.687,1.462,1.57,1.55,1.464,1.548,1.572,1.586
2025-07-24 13:37:51.529,1.577,1.576,1.687,1.461,1.565,1.552,1.466,1.547,1.573,1.586
2025-07-24 13:37:51.579,1.577,1.577,1.688,1.461,1.553,1.553,1.466,1.547,1.573,1.586
2025-07-24 13:37:51.630,1.578,1.577,1.686,1.462,1.507,1.554,1.467,1.548,1.572,1.587
2025-07-24 13:37:51.680,1.577,1.577,1.687,1.462,1.466,1.554,1.465,1.548,1.572,1.586
2025-07-24 13:37:51.730,1.576,1.577,1.687,1.462,1.394,1.553,1.466,1.548,1.572,1.586
2025-07-24 13:37:51.779,1.577,1.577,1.687,1.462,1.329,1.552,1.466,1.547,1.572,1.586
2025-07-24 13:37:51.829,1.577,1.576,1.687,1.461,1.27,1.549,1.465,1.547,1.572,1.586
2025-07-24 13:37:51.879,1.577,1.576,1.688,1.462,1.221,1.546,1.466,1.548,1.573,1.586
2025-07-24 13:37:51.929,1.577,1.577,1.688,1.462,1.205,1.544,1.464,1.548,1.572,1.587
2025-07-24 13:37:51.979,1.577,1.577,1.686,1.461,1.208,1.541,1.466,1.548,1.572,1.586
2025-07-24 13:37:52.029,1.577,1.577,1.686,1.462,1.226,1.538,1.465,1.548,1.573,1.587
2025-07-24 13:37:52.080,1.576,1.576,1.688,1.461,1.269,1.535,1.464,1.547,1.572,1.587
2025-07-24 13:37:52.130,1.577,1.576,1.687,1.462,1.328,1.534,1.465,1.547,1.572,1.587
2025-07-24 13:37:52.180,1.577,1.577,1.686,1.461,1.392,1.532,1.465,1.548,1.572,1.586
2025-07-24 13:37:52.229,1.577,1.577,1.688,1.462,1.454,1.533,1.464,1.548,1.572,1.588
2025-07-24 13:37:52.280,1.577,1.577,1.686,1.462,1.506,1.534,1.465,1.548,1.572,1.587
2025-07-24 13:37:52.330,1.577,1.577,1.687,1.462,1.532,1.536,1.467,1.548,1.572,1.587
2025-07-24 13:37:52.380,1.577,1.577,1.686,1.462,1.547,1.536,1.465,1.548,1.572,1.587
2025-07-24 13:37:52.430,1.577,1.577,1.687,1.462,1.556,1.538,1.465,1.548,1.572,1.587
2025-07-24 13:37:52.480,1.577,1.577,1.686,1.462,1.559,1.539,1.464,1.548,1.572,1.587
2025-07-24 13:37:52.531,1.577,1.577,1.687,1.462,1.568,1.541,1.464,1.547,1.572,1.588
2025-07-24 13:37:52.580,1.576,1.577,1.687,1.461,1.562,1.543,1.465,1.548,1.572,1.587
2025-07-24 13:37:52.630,1.577,1.576,1.687,1.462,1.569,1.544,1.465,1.547,1.572,1.587
2025-07-24 13:37:52.680,1.577,1.577,1.687,1.462,1.565,1.546,1.466,1.548,1.572,1.587
2025-07-24 13:37:52.730,1.577,1.577,1.686,1.462,1.568,1.547,1.466,1.547,1.571,1.587
2025-07-24 13:37:52.780,1.577,1.577,1.686,1.462,1.558,1.548,1.465,1.548,1.572,1.588
2025-07-24 13:37:52.830,1.577,1.577,1.686,1.462,1.565,1.55,1.466,1.548,1.571,1.588
2025-07-24 13:37:52.880,1.577,1.576,1.686,1.462,1.565,1.551,1.465,1.547,1.572,1.588
2025-07-24 13:37:52.930,1.577,1.577,1.687,1.463,1.544,1.552,1.466,1.547,1.571,1.588
2025-07-24 13:37:52.980,1.577,1.577,1.686,1.462,1.509,1.553,1.465,1.547,1.572,1.587
2025-07-24 13:37:53.030,1.577,1.577,1.687,1.462,1.443,1.553,1.465,1.548,1.572,1.588
2025-07-24 13:37:53.080,1.577,1.577,1.686,1.462,1.387,1.551,1.466,1.547,1.572,1.588
2025-07-24 13:37:53.130,1.577,1.577,1.687,1.462,1.319,1.549,1.465,1.547,1.572,1.588
2025-07-24 13:37:53.180,1.577,1.576,1.687,1.461,1.259,1.548,1.466,1.547,1.572,1.588
2025-07-24 13:37:53.230,1.577,1.577,1.686,1.462,1.228,1.544,1.466,1.547,1.572,1.588
2025-07-24 13:37:53.280,1.577,1.577,1.687,1.462,1.216,1.542,1.465,1.547,1.572,1.589
2025-07-24 13:37:53.330,1.578,1.576,1.686,1.462,1.218,1.539,1.465,1.547,1.572,1.587
2025-07-24 13:37:53.381,1.577,1.577,1.686,1.463,1.249,1.536,1.466,1.547,1.572,1.588
2025-07-24 13:37:53.429,1.577,1.577,1.687,1.462,1.296,1.535,1.465,1.546,1.572,1.588
2025-07-24 13:37:53.480,1.577,1.576,1.686,1.461,1.356,1.533,1.465,1.547,1.572,1.587
2025-07-24 13:37:53.529,1.577,1.576,1.687,1.461,1.421,1.532,1.465,1.547,1.572,1.587
2025-07-24 13:37:53.580,1.577,1.576,1.687,1.462,1.482,1.533,1.464,1.547,1.571,1.587
2025-07-24 13:37:53.631,1.577,1.577,1.687,1.461,1.53,1.535,1.466,1.548,1.572,1.589
2025-07-24 13:37:53.679,1.578,1.577,1.687,1.462,1.548,1.536,1.465,1.548,1.571,1.588
2025-07-24 13:37:53.730,1.578,1.576,1.686,1.462,1.553,1.538,1.465,1.547,1.572,1.589
2025-07-24 13:37:53.780,1.578,1.577,1.687,1.463,1.565,1.539,1.465,1.546,1.573,1.588
2025-07-24 13:37:53.831,1.577,1.577,1.687,1.462,1.561,1.54,1.464,1.547,1.572,1.588
2025-07-24 13:37:53.880,1.578,1.577,1.687,1.462,1.558,1.542,1.465,1.547,1.572,1.589
2025-07-24 13:37:53.931,1.579,1.577,1.687,1.462,1.564,1.544,1.465,1.548,1.572,1.588
2025-07-24 13:37:53.979,1.579,1.577,1.687,1.462,1.567,1.545,1.464,1.547,1.572,1.588
2025-07-24 13:37:54.031,1.579,1.577,1.686,1.462,1.564,1.547,1.466,1.547,1.572,1.589
2025-07-24 13:37:54.080,1.578,1.577,1.687,1.463,1.57,1.548,1.465,1.547,1.572,1.589
2025-07-24 13:37:54.130,1.579,1.577,1.686,1.461,1.568,1.549,1.464,1.548,1.572,1.589
2025-07-24 13:37:54.181,1.579,1.577,1.688,1.461,1.561,1.55,1.465,1.548,1.572,1.588
2025-07-24 13:37:54.230,1.579,1.577,1.687,1.462,1.565,1.551,1.465,1.547,1.572,1.588
2025-07-24 13:37:54.281,1.58,1.577,1.687,1.462,1.552,1.553,1.465,1.547,1.572,1.588
2025-07-24 13:37:54.331,1.579,1.577,1.686,1.462,1.507,1.553,1.465,1.547,1.572,1.589
2025-07-24 13:37:54.380,1.579,1.577,1.687,1.462,1.453,1.553,1.465,1.548,1.572,1.589
2025-07-24 13:37:54.430,1.58,1.577,1.687,1.461,1.391,1.553,1.466,1.547,1.573,1.589
2025-07-24 13:37:54.481,1.58,1.577,1.687,1.462,1.318,1.55,1.466,1.548,1.572,1.588
2025-07-24 13:37:54.531,1.579,1.577,1.688,1.462,1.243,1.548,1.466,1.548,1.573,1.589
2025-07-24 13:37:54.580,1.58,1.577,1.686,1.462,1.2,1.546,1.466,1.548,1.572,1.589
2025-07-24 13:37:54.631,1.579,1.577,1.687,1.461,1.187,1.542,1.465,1.547,1.572,1.589
2025-07-24 13:37:54.681,1.58,1.577,1.687,1.461,1.193,1.539,1.466,1.548,1.572,1.589
2025-07-24 13:37:54.731,1.581,1.577,1.686,1.462,1.221,1.536,1.466,1.548,1.572,1.589
2025-07-24 13:37:54.780,1.58,1.577,1.688,1.461,1.269,1.535,1.464,1.548,1.572,1.588
2025-07-24 13:37:54.831,1.58,1.577,1.687,1.462,1.316,1.532,1.465,1.546,1.572,1.59
2025-07-24 13:37:54.881,1.58,1.577,1.687,1.462,1.374,1.532,1.465,1.548,1.572,1.589
2025-07-24 13:37:54.931,1.58,1.577,1.687,1.462,1.436,1.532,1.465,1.547,1.572,1.59
2025-07-24 13:37:54.980,1.58,1.577,1.687,1.462,1.496,1.532,1.463,1.547,1.571,1.589
2025-07-24 13:37:55.031,1.581,1.577,1.688,1.462,1.536,1.533,1.464,1.548,1.571,1.589
2025-07-24 13:37:55.080,1.58,1.577,1.687,1.462,1.551,1.533,1.465,1.548,1.572,1.588
2025-07-24 13:37:55.131,1.579,1.577,1.688,1.461,1.551,1.536,1.465,1.548,1.572,1.589
2025-07-24 13:37:55.180,1.581,1.577,1.687,1.462,1.559,1.539,1.465,1.548,1.572,1.59
2025-07-24 13:37:55.231,1.581,1.577,1.686,1.462,1.56,1.541,1.463,1.548,1.572,1.589
2025-07-24 13:37:55.281,1.58,1.577,1.687,1.462,1.562,1.542,1.464,1.548,1.571,1.589
2025-07-24 13:37:55.331,1.581,1.578,1.688,1.462,1.565,1.543,1.465,1.548,1.572,1.589
2025-07-24 13:37:55.381,1.58,1.577,1.687,1.462,1.567,1.544,1.464,1.548,1.572,1.589
2025-07-24 13:37:55.431,1.58,1.577,1.687,1.461,1.565,1.547,1.466,1.547,1.572,1.589
2025-07-24 13:37:55.481,1.581,1.577,1.688,1.463,1.567,1.547,1.466,1.548,1.571,1.589
2025-07-24 13:37:55.531,1.58,1.577,1.686,1.463,1.564,1.548,1.465,1.548,1.572,1.589
2025-07-24 13:37:55.581,1.581,1.577,1.686,1.462,1.568,1.549,1.464,1.547,1.572,1.589
2025-07-24 13:37:55.631,1.58,1.577,1.686,1.462,1.541,1.55,1.464,1.546,1.571,1.589
2025-07-24 13:37:55.681,1.58,1.577,1.687,1.461,1.495,1.551,1.464,1.547,1.571,1.588
2025-07-24 13:37:55.731,1.581,1.577,1.687,1.461,1.436,1.551,1.465,1.547,1.572,1.59
2025-07-24 13:37:55.781,1.581,1.577,1.686,1.462,1.37,1.55,1.465,1.546,1.572,1.589
2025-07-24 13:37:55.831,1.58,1.577,1.686,1.462,1.3,1.548,1.466,1.547,1.571,1.589
2025-07-24 13:37:55.881,1.58,1.577,1.686,1.461,1.246,1.544,1.464,1.548,1.572,1.588
2025-07-24 13:37:55.931,1.581,1.577,1.686,1.462,1.214,1.542,1.463,1.547,1.572,1.588
2025-07-24 13:37:55.981,1.581,1.577,1.687,1.461,1.211,1.54,1.465,1.547,1.572,1.59
2025-07-24 13:37:56.031,1.581,1.577,1.687,1.462,1.22,1.537,1.465,1.547,1.572,1.589
2025-07-24 13:37:56.081,1.58,1.577,1.688,1.462,1.258,1.535,1.463,1.547,1.571,1.589
2025-07-24 13:37:56.131,1.581,1.577,1.687,1.462,1.31,1.532,1.464,1.547,1.571,1.59
2025-07-24 13:37:56.181,1.581,1.577,1.687,1.461,1.375,1.532,1.464,1.548,1.572,1.588
2025-07-24 13:37:56.232,1.579,1.577,1.686,1.462,1.445,1.532,1.465,1.546,1.571,1.589
2025-07-24 13:37:56.281,1.58,1.577,1.687,1.463,1.504,1.532,1.464,1.547,1.572,1.59
2025-07-24 13:37:56.331,1.58,1.577,1.687,1.462,1.538,1.535,1.464,1.548,1.573,1.589
2025-07-24 13:37:56.381,1.581,1.577,1.687,1.461,1.556,1.536,1.464,1.546,1.573,1.588
2025-07-24 13:37:56.431,1.58,1.577,1.686,1.462,1.555,1.536,1.462,1.547,1.572,1.589
2025-07-24 13:37:56.480,1.58,1.577,1.687,1.462,1.564,1.539,1.462,1.548,1.572,1.588
2025-07-24 13:37:56.531,1.58,1.578,1.686,1.462,1.562,1.54,1.465,1.546,1.572,1.59
2025-07-24 13:37:56.581,1.581,1.577,1.686,1.462,1.568,1.541,1.464,1.547,1.572,1.589
2025-07-24 13:37:56.631,1.581,1.577,1.686,1.462,1.567,1.544,1.465,1.547,1.572,1.589
2025-07-24 13:37:56.681,1.581,1.577,1.688,1.462,1.565,1.544,1.465,1.548,1.573,1.589
2025-07-24 13:37:56.731,1.58,1.577,1.688,1.462,1.567,1.546,1.464,1.547,1.573,1.588
2025-07-24 13:37:56.782,1.581,1.578,1.688,1.462,1.565,1.548,1.464,1.547,1.572,1.589
2025-07-24 13:37:56.830,1.581,1.577,1.687,1.462,1.569,1.549,1.465,1.548,1.572,1.588
2025-07-24 13:37:56.881,1.581,1.577,1.686,1.462,1.564,1.549,1.465,1.547,1.572,1.588
2025-07-24 13:37:56.931,1.581,1.577,1.686,1.462,1.563,1.551,1.465,1.547,1.572,1.589
2025-07-24 13:37:56.981,1.58,1.578,1.686,1.462,1.517,1.552,1.466,1.547,1.573,1.589
2025-07-24 13:37:57.032,1.581,1.577,1.687,1.462,1.466,1.552,1.465,1.548,1.572,1.59
2025-07-24 13:37:57.082,1.581,1.578,1.687,1.462,1.399,1.552,1.465,1.548,1.572,1.59
2025-07-24 13:37:57.131,1.581,1.577,1.688,1.462,1.333,1.551,1.465,1.547,1.572,1.588
2025-07-24 13:37:57.182,1.581,1.577,1.687,1.462,1.274,1.548,1.465,1.547,1.572,1.589
2025-07-24 13:37:57.232,1.581,1.577,1.687,1.461,1.225,1.545,1.465,1.548,1.572,1.588
2025-07-24 13:37:57.280,1.582,1.577,1.687,1.462,1.209,1.542,1.466,1.547,1.572,1.589
2025-07-24 13:37:57.332,1.582,1.577,1.688,1.462,1.213,1.54,1.465,1.548,1.572,1.59
2025-07-24 13:37:57.381,1.581,1.578,1.687,1.462,1.241,1.537,1.466,1.547,1.572,1.59
2025-07-24 13:37:57.431,1.581,1.577,1.687,1.462,1.291,1.535,1.466,1.548,1.572,1.589
2025-07-24 13:37:57.482,1.581,1.577,1.687,1.462,1.355,1.534,1.465,1.547,1.572,1.589
2025-07-24 13:37:57.532,1.58,1.578,1.686,1.462,1.429,1.533,1.465,1.548,1.572,1.589
2025-07-24 13:37:57.582,1.581,1.577,1.687,1.461,1.488,1.533,1.466,1.548,1.572,1.589
2025-07-24 13:37:57.632,1.582,1.578,1.687,1.462,1.534,1.535,1.463,1.547,1.572,1.589
2025-07-24 13:37:57.681,1.581,1.577,1.687,1.462,1.555,1.536,1.465,1.548,1.572,1.59
2025-07-24 13:37:57.732,1.582,1.577,1.688,1.462,1.553,1.539,1.464,1.547,1.572,1.589
2025-07-24 13:37:57.781,1.581,1.577,1.687,1.461,1.563,1.54,1.466,1.547,1.572,1.589
2025-07-24 13:37:57.831,1.581,1.577,1.687,1.461,1.557,1.54,1.465,1.548,1.572,1.589
2025-07-24 13:37:57.881,1.58,1.577,1.687,1.462,1.561,1.542,1.466,1.548,1.572,1.589
2025-07-24 13:37:57.931,1.58,1.577,1.687,1.462,1.561,1.544,1.465,1.548,1.572,1.59
2025-07-24 13:37:57.982,1.581,1.577,1.688,1.463,1.565,1.546,1.465,1.547,1.572,1.589
2025-07-24 13:37:58.032,1.581,1.577,1.686,1.463,1.57,1.548,1.466,1.548,1.571,1.589
2025-07-24 13:37:58.082,1.581,1.577,1.687,1.462,1.562,1.549,1.464,1.547,1.572,1.59
2025-07-24 13:37:58.131,1.581,1.578,1.686,1.462,1.569,1.549,1.465,1.547,1.572,1.589
2025-07-24 13:37:58.182,1.581,1.578,1.688,1.462,1.564,1.55,1.466,1.548,1.572,1.589
2025-07-24 13:37:58.232,1.581,1.578,1.687,1.462,1.562,1.552,1.464,1.547,1.572,1.589
2025-07-24 13:37:58.281,1.581,1.578,1.687,1.462,1.524,1.553,1.464,1.548,1.572,1.589
2025-07-24 13:37:58.331,1.58,1.577,1.687,1.462,1.484,1.553,1.465,1.547,1.572,1.589
2025-07-24 13:37:58.381,1.581,1.578,1.687,1.462,1.425,1.552,1.466,1.547,1.572,1.59
2025-07-24 13:37:58.432,1.581,1.577,1.686,1.462,1.359,1.551,1.466,1.547,1.572,1.589
2025-07-24 13:37:58.482,1.581,1.577,1.686,1.462,1.291,1.549,1.466,1.548,1.572,1.59
2025-07-24 13:37:58.532,1.581,1.577,1.687,1.462,1.239,1.548,1.464,1.548,1.571,1.589
2025-07-24 13:37:58.582,1.582,1.578,1.686,1.462,1.212,1.544,1.466,1.547,1.572,1.589
2025-07-24 13:37:58.632,1.58,1.577,1.686,1.462,1.211,1.541,1.466,1.547,1.571,1.589
2025-07-24 13:37:58.682,1.58,1.577,1.687,1.461,1.232,1.538,1.466,1.547,1.571,1.589
2025-07-24 13:37:58.732,1.58,1.577,1.688,1.462,1.281,1.536,1.466,1.547,1.572,1.589
2025-07-24 13:37:58.782,1.581,1.577,1.686,1.461,1.341,1.534,1.465,1.547,1.571,1.589
2025-07-24 13:37:58.832,1.581,1.577,1.687,1.461,1.41,1.533,1.467,1.547,1.571,1.588
2025-07-24 13:37:58.882,1.581,1.577,1.687,1.463,1.469,1.533,1.465,1.547,1.571,1.589
2025-07-24 13:37:58.932,1.581,1.577,1.686,1.462,1.52,1.536,1.464,1.547,1.571,1.589
2025-07-24 13:37:58.982,1.581,1.577,1.686,1.462,1.544,1.536,1.463,1.547,1.571,1.589
2025-07-24 13:37:59.032,1.58,1.577,1.686,1.462,1.553,1.539,1.464,1.547,1.572,1.588
2025-07-24 13:37:59.083,1.58,1.577,1.686,1.462,1.556,1.539,1.466,1.546,1.571,1.588
2025-07-24 13:37:59.132,1.58,1.577,1.687,1.462,1.565,1.541,1.464,1.547,1.571,1.588
2025-07-24 13:37:59.182,1.58,1.577,1.685,1.462,1.561,1.542,1.465,1.546,1.572,1.589
2025-07-24 13:37:59.232,1.581,1.577,1.687,1.461,1.565,1.543,1.464,1.547,1.572,1.589
2025-07-24 13:37:59.282,1.58,1.578,1.686,1.462,1.56,1.545,1.464,1.547,1.572,1.588
2025-07-24 13:37:59.332,1.58,1.577,1.686,1.462,1.561,1.546,1.464,1.546,1.572,1.589
2025-07-24 13:37:59.382,1.58,1.577,1.686,1.461,1.566,1.548,1.464,1.547,1.572,1.588
2025-07-24 13:37:59.432,1.58,1.577,1.687,1.462,1.569,1.549,1.463,1.546,1.573,1.589
2025-07-24 13:37:59.482,1.58,1.577,1.686,1.462,1.564,1.551,1.464,1.546,1.572,1.589
2025-07-24 13:37:59.532,1.581,1.577,1.687,1.462,1.566,1.551,1.465,1.546,1.573,1.589
2025-07-24 13:37:59.582,1.581,1.577,1.687,1.462,1.546,1.553,1.465,1.548,1.573,1.588
2025-07-24 13:37:59.633,1.58,1.577,1.686,1.462,1.507,1.553,1.463,1.547,1.573,1.587
2025-07-24 13:37:59.683,1.58,1.577,1.687,1.461,1.456,1.554,1.464,1.547,1.573,1.587
2025-07-24 13:37:59.733,1.58,1.577,1.686,1.461,1.399,1.551,1.465,1.546,1.573,1.587
2025-07-24 13:37:59.783,1.581,1.577,1.687,1.461,1.333,1.55,1.466,1.547,1.574,1.587
2025-07-24 13:37:59.832,1.58,1.577,1.687,1.462,1.267,1.548,1.465,1.547,1.573,1.587
2025-07-24 13:37:59.882,1.579,1.577,1.687,1.462,1.217,1.545,1.464,1.547,1.573,1.586
2025-07-24 13:37:59.932,1.58,1.577,1.686,1.462,1.2,1.542,1.465,1.547,1.573,1.587
2025-07-24 13:37:59.983,1.58,1.577,1.688,1.462,1.204,1.54,1.466,1.548,1.573,1.586
2025-07-24 13:38:00.032,1.579,1.577,1.687,1.463,1.23,1.536,1.465,1.547,1.573,1.586
2025-07-24 13:38:00.082,1.579,1.577,1.687,1.462,1.271,1.536,1.466,1.547,1.573,1.586
2025-07-24 13:38:00.132,1.578,1.577,1.686,1.462,1.327,1.533,1.463,1.547,1.573,1.586
2025-07-24 13:38:00.182,1.579,1.578,1.686,1.462,1.378,1.532,1.466,1.547,1.573,1.586
2025-07-24 13:38:00.232,1.578,1.577,1.687,1.461,1.449,1.533,1.465,1.547,1.572,1.585
2025-07-24 13:38:00.282,1.578,1.577,1.687,1.461,1.508,1.535,1.464,1.547,1.573,1.585
2025-07-24 13:38:00.332,1.579,1.578,1.686,1.463,1.54,1.535,1.464,1.547,1.573,1.585
2025-07-24 13:38:00.383,1.579,1.577,1.686,1.461,1.548,1.536,1.465,1.548,1.572,1.584
2025-07-24 13:38:00.432,1.578,1.577,1.688,1.462,1.558,1.538,1.464,1.548,1.573,1.586
2025-07-24 13:38:00.483,1.579,1.577,1.688,1.461,1.564,1.54,1.465,1.547,1.573,1.585
2025-07-24 13:38:00.532,1.578,1.577,1.687,1.462,1.559,1.542,1.465,1.548,1.573,1.585
2025-07-24 13:38:00.582,1.578,1.577,1.687,1.462,1.567,1.543,1.465,1.547,1.573,1.585
2025-07-24 13:38:00.632,1.578,1.577,1.688,1.462,1.565,1.544,1.463,1.548,1.573,1.584
2025-07-24 13:38:00.683,1.578,1.578,1.686,1.461,1.559,1.546,1.465,1.548,1.572,1.584
2025-07-24 13:38:00.732,1.578,1.577,1.687,1.462,1.565,1.547,1.465,1.548,1.572,1.585
2025-07-24 13:38:00.783,1.578,1.577,1.687,1.462,1.563,1.548,1.466,1.548,1.572,1.585
2025-07-24 13:38:00.833,1.578,1.577,1.687,1.462,1.562,1.549,1.465,1.547,1.572,1.586
2025-07-24 13:38:00.883,1.578,1.577,1.686,1.463,1.536,1.55,1.464,1.547,1.573,1.585
2025-07-24 13:38:00.932,1.578,1.577,1.687,1.461,1.49,1.551,1.466,1.547,1.573,1.585
2025-07-24 13:38:00.983,1.578,1.577,1.688,1.462,1.441,1.551,1.465,1.547,1.572,1.585
2025-07-24 13:38:01.033,1.579,1.577,1.686,1.462,1.381,1.55,1.466,1.548,1.572,1.585
2025-07-24 13:38:01.083,1.579,1.577,1.686,1.461,1.318,1.548,1.465,1.547,1.572,1.585
2025-07-24 13:38:01.133,1.578,1.577,1.687,1.462,1.265,1.546,1.465,1.546,1.572,1.585
2025-07-24 13:38:01.182,1.578,1.578,1.687,1.462,1.223,1.544,1.466,1.547,1.572,1.586
2025-07-24 13:38:01.233,1.578,1.577,1.687,1.461,1.21,1.54,1.465,1.547,1.573,1.586
2025-07-24 13:38:01.283,1.579,1.577,1.688,1.462,1.212,1.538,1.465,1.548,1.572,1.586
2025-07-24 13:38:01.332,1.578,1.577,1.686,1.461,1.25,1.536,1.464,1.548,1.573,1.586
2025-07-24 13:38:01.382,1.578,1.577,1.687,1.461,1.299,1.533,1.466,1.547,1.573,1.585
2025-07-24 13:38:01.433,1.578,1.577,1.687,1.463,1.348,1.532,1.465,1.547,1.573,1.585
2025-07-24 13:38:01.483,1.577,1.577,1.686,1.462,1.411,1.532,1.464,1.547,1.572,1.585
2025-07-24 13:38:01.533,1.577,1.577,1.686,1.462,1.47,1.532,1.464,1.547,1.572,1.586
2025-07-24 13:38:01.583,1.577,1.577,1.686,1.462,1.524,1.534,1.463,1.547,1.572,1.586
2025-07-24 13:38:01.633,1.577,1.577,1.686,1.462,1.544,1.535,1.465,1.547,1.572,1.585
2025-07-24 13:38:01.683,1.577,1.577,1.686,1.462,1.562,1.536,1.465,1.548,1.572,1.586
2025-07-24 13:38:01.733,1.577,1.577,1.686,1.463,1.561,1.537,1.465,1.546,1.573,1.586
2025-07-24 13:38:01.783,1.577,1.577,1.687,1.462,1.559,1.54,1.463,1.547,1.572,1.585
2025-07-24 13:38:01.833,1.577,1.577,1.688,1.462,1.556,1.541,1.464,1.548,1.573,1.585
2025-07-24 13:38:01.883,1.577,1.577,1.687,1.462,1.564,1.541,1.464,1.547,1.572,1.585
2025-07-24 13:38:01.933,1.577,1.577,1.687,1.461,1.571,1.544,1.465,1.547,1.572,1.586
2025-07-24 13:38:01.983,1.577,1.577,1.687,1.462,1.566,1.546,1.465,1.546,1.573,1.586
2025-07-24 13:38:02.033,1.577,1.577,1.687,1.461,1.569,1.548,1.465,1.546,1.573,1.585
2025-07-24 13:38:02.083,1.577,1.577,1.687,1.461,1.565,1.548,1.465,1.547,1.573,1.584
2025-07-24 13:38:02.132,1.577,1.577,1.687,1.462,1.565,1.549,1.465,1.547,1.573,1.585
2025-07-24 13:38:02.183,1.577,1.577,1.687,1.462,1.534,1.551,1.465,1.548,1.573,1.585
2025-07-24 13:38:02.233,1.577,1.576,1.686,1.462,1.492,1.551,1.465,1.547,1.573,1.585
2025-07-24 13:38:02.283,1.577,1.577,1.687,1.462,1.433,1.551,1.465,1.547,1.573,1.585
2025-07-24 13:38:02.333,1.577,1.577,1.687,1.462,1.375,1.55,1.464,1.548,1.572,1.584
2025-07-24 13:38:02.383,1.577,1.577,1.687,1.462,1.319,1.548,1.465,1.547,1.572,1.585
2025-07-24 13:38:02.433,1.577,1.577,1.686,1.462,1.258,1.545,1.465,1.547,1.572,1.584
2025-07-24 13:38:02.485,1.577,1.578,1.687,1.462,1.223,1.544,1.466,1.548,1.573,1.585
2025-07-24 13:38:02.533,1.577,1.578,1.688,1.462,1.217,1.54,1.466,1.548,1.572,1.584
2025-07-24 13:38:02.584,1.578,1.577,1.687,1.462,1.21,1.537,1.465,1.547,1.573,1.584
2025-07-24 13:38:02.633,1.578,1.577,1.687,1.463,1.237,1.536,1.466,1.547,1.573,1.583
2025-07-24 13:38:02.683,1.577,1.577,1.688,1.462,1.283,1.533,1.465,1.547,1.573,1.584
2025-07-24 13:38:02.732,1.578,1.577,1.688,1.462,1.343,1.532,1.464,1.547,1.572,1.584
2025-07-24 13:38:02.784,1.578,1.577,1.688,1.462,1.413,1.532,1.465,1.546,1.573,1.584
2025-07-24 13:38:02.832,1.577,1.577,1.687,1.462,1.488,1.532,1.464,1.547,1.573,1.584
2025-07-24 13:38:02.883,1.578,1.577,1.688,1.462,1.535,1.533,1.465,1.548,1.572,1.583
2025-07-24 13:38:02.933,1.577,1.577,1.687,1.462,1.548,1.534,1.464,1.547,1.573,1.584
2025-07-24 13:38:02.984,1.577,1.577,1.687,1.462,1.553,1.536,1.465,1.548,1.573,1.584
2025-07-24 13:38:03.033,1.578,1.577,1.687,1.462,1.56,1.538,1.466,1.548,1.572,1.584
2025-07-24 13:38:03.084,1.578,1.577,1.688,1.462,1.559,1.54,1.465,1.548,1.573,1.584
2025-07-24 13:38:03.132,1.577,1.577,1.688,1.461,1.563,1.541,1.463,1.547,1.573,1.584
2025-07-24 13:38:03.182,1.577,1.577,1.687,1.461,1.568,1.543,1.463,1.547,1.572,1.584
2025-07-24 13:38:03.234,1.577,1.578,1.688,1.462,1.566,1.544,1.465,1.547,1.572,1.585
2025-07-24 13:38:03.283,1.577,1.577,1.688,1.463,1.57,1.545,1.466,1.548,1.572,1.584
2025-07-24 13:38:03.333,1.578,1.577,1.687,1.462,1.565,1.547,1.465,1.548,1.572,1.585
2025-07-24 13:38:03.382,1.578,1.578,1.688,1.462,1.569,1.548,1.465,1.548,1.572,1.584
2025-07-24 13:38:03.434,1.579,1.577,1.687,1.462,1.566,1.549,1.464,1.548,1.572,1.585
2025-07-24 13:38:03.484,1.578,1.577,1.688,1.462,1.562,1.551,1.465,1.548,1.573,1.585
2025-07-24 13:38:03.534,1.577,1.577,1.688,1.462,1.512,1.551,1.465,1.547,1.572,1.586
2025-07-24 13:38:03.584,1.578,1.577,1.688,1.462,1.466,1.551,1.464,1.548,1.572,1.585
2025-07-24 13:38:03.634,1.579,1.577,1.687,1.462,1.408,1.551,1.465,1.547,1.572,1.586
2025-07-24 13:38:03.683,1.578,1.577,1.687,1.462,1.359,1.549,1.465,1.547,1.572,1.586
2025-07-24 13:38:03.733,1.577,1.577,1.688,1.463,1.307,1.548,1.464,1.547,1.572,1.586
2025-07-24 13:38:03.784,1.577,1.577,1.687,1.462,1.251,1.546,1.465,1.547,1.573,1.586
2025-07-24 13:38:03.833,1.578,1.577,1.687,1.462,1.215,1.543,1.465,1.548,1.572,1.586
2025-07-24 13:38:03.884,1.577,1.577,1.688,1.462,1.217,1.54,1.465,1.548,1.572,1.586
2025-07-24 13:38:03.933,1.577,1.576,1.687,1.462,1.221,1.536,1.465,1.548,1.572,1.586
2025-07-24 13:38:03.984,1.577,1.577,1.688,1.463,1.249,1.535,1.465,1.547,1.572,1.586
2025-07-24 13:38:04.034,1.577,1.577,1.688,1.463,1.298,1.532,1.466,1.548,1.571,1.586
2025-07-24 13:38:04.083,1.578,1.577,1.687,1.462,1.349,1.532,1.465,1.547,1.572,1.586
2025-07-24 13:38:04.133,1.577,1.577,1.686,1.462,1.415,1.531,1.465,1.547,1.572,1.586
2025-07-24 13:38:04.184,1.577,1.577,1.688,1.463,1.48,1.532,1.463,1.547,1.572,1.586
2025-07-24 13:38:04.233,1.577,1.577,1.687,1.463,1.532,1.532,1.464,1.548,1.572,1.586
2025-07-24 13:38:04.283,1.577,1.577,1.688,1.462,1.545,1.535,1.463,1.547,1.572,1.586
2025-07-24 13:38:04.334,1.577,1.577,1.688,1.462,1.557,1.536,1.463,1.547,1.571,1.586
2025-07-24 13:38:04.384,1.577,1.577,1.686,1.462,1.559,1.538,1.465,1.547,1.571,1.587
2025-07-24 13:38:04.434,1.577,1.577,1.688,1.462,1.561,1.54,1.464,1.546,1.572,1.588
2025-07-24 13:38:04.484,1.577,1.577,1.687,1.462,1.561,1.541,1.463,1.547,1.572,1.587
2025-07-24 13:38:04.533,1.577,1.577,1.687,1.462,1.565,1.543,1.465,1.546,1.572,1.586
2025-07-24 13:38:04.584,1.577,1.576,1.687,1.462,1.565,1.544,1.464,1.546,1.572,1.587
2025-07-24 13:38:04.634,1.577,1.576,1.687,1.462,1.569,1.545,1.465,1.547,1.572,1.586
2025-07-24 13:38:04.684,1.577,1.575,1.687,1.462,1.565,1.547,1.466,1.547,1.572,1.587
2025-07-24 13:38:04.734,1.576,1.576,1.686,1.462,1.565,1.548,1.465,1.548,1.572,1.588
2025-07-24 13:38:04.784,1.577,1.577,1.687,1.462,1.571,1.549,1.463,1.546,1.573,1.587
2025-07-24 13:38:04.833,1.577,1.576,1.687,1.462,1.546,1.55,1.465,1.546,1.573,1.586
2025-07-24 13:38:04.884,1.576,1.577,1.686,1.462,1.504,1.551,1.462,1.546,1.573,1.587
2025-07-24 13:38:04.934,1.577,1.577,1.686,1.462,1.446,1.551,1.464,1.547,1.572,1.587
2025-07-24 13:38:04.984,1.577,1.577,1.686,1.462,1.376,1.55,1.463,1.546,1.573,1.586
2025-07-24 13:38:05.035,1.577,1.577,1.687,1.463,1.306,1.548,1.465,1.547,1.573,1.586
2025-07-24 13:38:05.084,1.577,1.576,1.687,1.462,1.249,1.545,1.465,1.547,1.573,1.586
2025-07-24 13:38:05.134,1.577,1.576,1.687,1.463,1.216,1.544,1.465,1.547,1.573,1.586
2025-07-24 13:38:05.185,1.577,1.575,1.687,1.461,1.213,1.541,1.465,1.547,1.573,1.586
2025-07-24 13:38:05.234,1.577,1.576,1.686,1.462,1.21,1.537,1.465,1.547,1.574,1.586
2025-07-24 13:38:05.284,1.577,1.577,1.686,1.462,1.232,1.535,1.466,1.547,1.572,1.586
2025-07-24 13:38:05.334,1.577,1.577,1.687,1.462,1.265,1.533,1.464,1.547,1.573,1.585
2025-07-24 13:38:05.384,1.577,1.577,1.687,1.462,1.315,1.532,1.465,1.547,1.573,1.586
2025-07-24 13:38:05.434,1.577,1.577,1.687,1.462,1.37,1.531,1.465,1.547,1.573,1.585
2025-07-24 13:38:05.484,1.577,1.577,1.686,1.462,1.443,1.529,1.465,1.547,1.573,1.585
2025-07-24 13:38:05.534,1.577,1.577,1.687,1.462,1.503,1.53,1.465,1.548,1.573,1.585
2025-07-24 13:38:05.584,1.577,1.576,1.687,1.462,1.537,1.533,1.464,1.548,1.573,1.584
2025-07-24 13:38:05.634,1.577,1.576,1.686,1.462,1.552,1.534,1.464,1.546,1.573,1.585
2025-07-24 13:38:05.685,1.577,1.577,1.686,1.463,1.563,1.536,1.464,1.547,1.573,1.584
2025-07-24 13:38:05.734,1.577,1.577,1.688,1.462,1.561,1.538,1.463,1.547,1.573,1.585
2025-07-24 13:38:05.785,1.577,1.577,1.687,1.462,1.565,1.54,1.464,1.548,1.573,1.585
2025-07-24 13:38:05.834,1.577,1.577,1.687,1.462,1.564,1.542,1.465,1.548,1.573,1.584
2025-07-24 13:38:05.884,1.577,1.577,1.687,1.462,1.574,1.542,1.465,1.546,1.572,1.585
2025-07-24 13:38:05.934,1.577,1.577,1.687,1.462,1.561,1.544,1.465,1.548,1.572,1.584
2025-07-24 13:38:05.984,1.577,1.577,1.686,1.462,1.571,1.545,1.465,1.548,1.573,1.583
2025-07-24 13:38:06.035,1.578,1.576,1.687,1.462,1.565,1.547,1.464,1.548,1.573,1.584
2025-07-24 13:38:06.084,1.577,1.577,1.688,1.462,1.568,1.548,1.466,1.546,1.572,1.583
2025-07-24 13:38:06.134,1.577,1.577,1.688,1.461,1.569,1.549,1.464,1.547,1.573,1.583
2025-07-24 13:38:06.184,1.577,1.577,1.687,1.462,1.563,1.55,1.465,1.547,1.573,1.584
2025-07-24 13:38:06.234,1.578,1.577,1.687,1.462,1.532,1.553,1.465,1.547,1.573,1.584
2025-07-24 13:38:06.284,1.578,1.577,1.688,1.463,1.497,1.552,1.465,1.548,1.573,1.583
2025-07-24 13:38:06.334,1.577,1.577,1.688,1.461,1.447,1.552,1.465,1.548,1.573,1.584
2025-07-24 13:38:06.385,1.578,1.577,1.687,1.462,1.366,1.552,1.465,1.548,1.572,1.584
2025-07-24 13:38:06.434,1.577,1.577,1.688,1.461,1.297,1.548,1.464,1.548,1.573,1.583
2025-07-24 13:38:06.484,1.578,1.577,1.688,1.462,1.229,1.546,1.465,1.548,1.573,1.584
2025-07-24 13:38:06.534,1.578,1.577,1.687,1.462,1.208,1.544,1.465,1.547,1.573,1.584
2025-07-24 13:38:06.585,1.577,1.577,1.687,1.463,1.204,1.54,1.466,1.548,1.572,1.584
2025-07-24 13:38:06.634,1.577,1.577,1.688,1.462,1.214,1.538,1.466,1.547,1.572,1.585
2025-07-24 13:38:06.685,1.577,1.577,1.686,1.462,1.247,1.534,1.463,1.548,1.572,1.585
2025-07-24 13:38:06.734,1.577,1.577,1.687,1.462,1.301,1.533,1.464,1.548,1.572,1.585
2025-07-24 13:38:06.785,1.577,1.577,1.686,1.462,1.358,1.532,1.465,1.547,1.572,1.585
2025-07-24 13:38:06.835,1.577,1.577,1.686,1.463,1.436,1.532,1.465,1.548,1.572,1.585
2025-07-24 13:38:06.885,1.577,1.577,1.686,1.462,1.496,1.532,1.464,1.548,1.573,1.585
2025-07-24 13:38:06.935,1.578,1.577,1.687,1.463,1.544,1.534,1.465,1.547,1.572,1.585
2025-07-24 13:38:06.985,1.578,1.577,1.686,1.462,1.554,1.535,1.463,1.547,1.572,1.585
2025-07-24 13:38:07.035,1.577,1.577,1.687,1.462,1.554,1.538,1.466,1.547,1.572,1.586
2025-07-24 13:38:07.085,1.578,1.577,1.686,1.462,1.569,1.539,1.464,1.547,1.572,1.585
2025-07-24 13:38:07.134,1.578,1.577,1.687,1.463,1.553,1.541,1.464,1.547,1.572,1.586
2025-07-24 13:38:07.185,1.577,1.577,1.686,1.462,1.565,1.543,1.463,1.546,1.573,1.585
2025-07-24 13:38:07.234,1.577,1.577,1.687,1.463,1.571,1.543,1.465,1.548,1.572,1.586
2025-07-24 13:38:07.285,1.577,1.577,1.687,1.461,1.569,1.545,1.465,1.546,1.572,1.586
2025-07-24 13:38:07.334,1.577,1.577,1.686,1.462,1.573,1.547,1.465,1.547,1.572,1.585
2025-07-24 13:38:07.385,1.577,1.576,1.686,1.462,1.568,1.548,1.464,1.546,1.573,1.586
2025-07-24 13:38:07.435,1.577,1.577,1.687,1.461,1.565,1.548,1.463,1.547,1.573,1.585
2025-07-24 13:38:07.485,1.577,1.577,1.687,1.462,1.568,1.55,1.465,1.547,1.573,1.586
2025-07-24 13:38:07.535,1.577,1.577,1.686,1.462,1.57,1.552,1.466,1.546,1.572,1.586
2025-07-24 13:38:07.584,1.577,1.577,1.686,1.462,1.541,1.552,1.463,1.547,1.572,1.585
2025-07-24 13:38:07.635,1.577,1.576,1.687,1.462,1.492,1.553,1.465,1.547,1.573,1.586
2025-07-24 13:38:07.685,1.577,1.577,1.686,1.462,1.435,1.553,1.464,1.547,1.573,1.585
2025-07-24 13:38:07.735,1.577,1.576,1.687,1.462,1.372,1.551,1.464,1.547,1.573,1.585
2025-07-24 13:38:07.786,1.577,1.576,1.686,1.462,1.316,1.548,1.464,1.546,1.573,1.584
2025-07-24 13:38:07.835,1.577,1.577,1.686,1.461,1.271,1.547,1.464,1.546,1.573,1.584
2025-07-24 13:38:07.885,1.576,1.576,1.686,1.461,1.236,1.544,1.466,1.546,1.574,1.584
2025-07-24 13:38:07.935,1.577,1.576,1.686,1.462,1.221,1.541,1.464,1.546,1.573,1.584
2025-07-24 13:38:07.985,1.577,1.576,1.686,1.462,1.217,1.54,1.464,1.547,1.574,1.583
2025-07-24 13:38:08.034,1.577,1.577,1.685,1.461,1.215,1.536,1.465,1.547,1.574,1.585
2025-07-24 13:38:08.084,1.577,1.577,1.687,1.462,1.244,1.534,1.465,1.548,1.575,1.584
2025-07-24 13:38:08.134,1.577,1.577,1.688,1.461,1.275,1.532,1.466,1.547,1.573,1.584
2025-07-24 13:38:08.184,1.577,1.576,1.687,1.462,1.363,1.532,1.465,1.547,1.574,1.585
2025-07-24 13:38:08.234,1.577,1.577,1.687,1.461,1.43,1.532,1.465,1.547,1.574,1.584
2025-07-24 13:38:08.285,1.577,1.577,1.687,1.462,1.507,1.532,1.465,1.548,1.574,1.584
2025-07-24 13:38:08.334,1.578,1.577,1.687,1.462,1.544,1.533,1.465,1.547,1.574,1.585
2025-07-24 13:38:08.385,1.577,1.577,1.687,1.462,1.555,1.536,1.465,1.547,1.575,1.586
2025-07-24 13:38:08.435,1.578,1.578,1.688,1.462,1.561,1.537,1.464,1.548,1.575,1.586
2025-07-24 13:38:08.485,1.578,1.577,1.688,1.461,1.559,1.54,1.464,1.548,1.574,1.586
2025-07-24 13:38:08.535,1.578,1.577,1.687,1.462,1.572,1.54,1.465,1.548,1.574,1.585
2025-07-24 13:38:08.585,1.578,1.577,1.689,1.462,1.565,1.541,1.466,1.548,1.574,1.585
2025-07-24 13:38:08.635,1.578,1.577,1.688,1.462,1.565,1.544,1.464,1.548,1.574,1.586
2025-07-24 13:38:08.686,1.578,1.578,1.689,1.462,1.567,1.544,1.466,1.548,1.575,1.586
2025-07-24 13:38:08.736,1.577,1.577,1.689,1.462,1.569,1.547,1.466,1.548,1.574,1.586
2025-07-24 13:38:08.785,1.577,1.578,1.688,1.462,1.568,1.548,1.466,1.548,1.575,1.586
2025-07-24 13:38:08.836,1.577,1.577,1.688,1.461,1.571,1.549,1.466,1.548,1.574,1.586
2025-07-24 13:38:08.885,1.577,1.577,1.687,1.461,1.566,1.551,1.467,1.548,1.574,1.586
2025-07-24 13:38:08.935,1.577,1.578,1.689,1.462,1.562,1.552,1.465,1.548,1.575,1.586
2025-07-24 13:38:08.985,1.578,1.578,1.689,1.461,1.508,1.552,1.465,1.548,1.574,1.586
2025-07-24 13:38:09.036,1.578,1.577,1.688,1.461,1.462,1.553,1.466,1.548,1.574,1.586
2025-07-24 13:38:09.086,1.577,1.578,1.688,1.461,1.395,1.551,1.466,1.548,1.574,1.586
2025-07-24 13:38:09.135,1.578,1.577,1.688,1.461,1.333,1.551,1.466,1.548,1.574,1.586
2025-07-24 13:38:09.186,1.577,1.578,1.688,1.461,1.264,1.549,1.466,1.548,1.575,1.586
2025-07-24 13:38:09.235,1.578,1.578,1.687,1.461,1.213,1.545,1.466,1.548,1.575,1.586
2025-07-24 13:38:09.286,1.577,1.578,1.688,1.461,1.207,1.543,1.466,1.548,1.575,1.587
2025-07-24 13:38:09.335,1.577,1.577,1.688,1.461,1.208,1.54,1.465,1.548,1.575,1.587
2025-07-24 13:38:09.385,1.577,1.577,1.689,1.462,1.221,1.538,1.466,1.549,1.575,1.587
2025-07-24 13:38:09.436,1.577,1.579,1.688,1.461,1.262,1.536,1.466,1.548,1.575,1.587
2025-07-24 13:38:09.485,1.577,1.579,1.689,1.461,1.319,1.533,1.466,1.548,1.575,1.586
2025-07-24 13:38:09.535,1.579,1.579,1.689,1.461,1.381,1.532,1.466,1.548,1.575,1.587
2025-07-24 13:38:09.586,1.577,1.577,1.689,1.461,1.453,1.533,1.466,1.548,1.576,1.587
2025-07-24 13:38:09.635,1.578,1.577,1.689,1.461,1.51,1.535,1.466,1.548,1.576,1.587
2025-07-24 13:38:09.685,1.578,1.579,1.689,1.461,1.54,1.536,1.467,1.548,1.576,1.587
2025-07-24 13:38:09.735,1.577,1.577,1.689,1.461,1.552,1.536,1.465,1.548,1.576,1.586
2025-07-24 13:38:09.785,1.577,1.578,1.688,1.461,1.557,1.538,1.466,1.549,1.575,1.587
2025-07-24 13:38:09.836,1.577,1.578,1.688,1.461,1.566,1.54,1.466,1.549,1.576,1.587
2025-07-24 13:38:09.886,1.578,1.577,1.688,1.461,1.562,1.542,1.466,1.548,1.576,1.587
2025-07-24 13:38:09.934,1.577,1.578,1.688,1.46,1.566,1.544,1.466,1.548,1.576,1.587
2025-07-24 13:38:09.985,1.578,1.578,1.688,1.461,1.567,1.545,1.465,1.548,1.575,1.587
2025-07-24 13:38:10.036,1.578,1.578,1.688,1.461,1.569,1.546,1.466,1.548,1.576,1.587
2025-07-24 13:38:10.085,1.578,1.578,1.688,1.461,1.567,1.548,1.468,1.548,1.575,1.588
2025-07-24 13:38:10.135,1.579,1.578,1.688,1.461,1.561,1.548,1.466,1.548,1.575,1.588
2025-07-24 13:38:10.186,1.577,1.578,1.689,1.461,1.565,1.55,1.466,1.548,1.576,1.587
2025-07-24 13:38:10.235,1.579,1.578,1.688,1.461,1.569,1.552,1.468,1.548,1.576,1.587
2025-07-24 13:38:10.285,1.579,1.578,1.689,1.46,1.545,1.553,1.465,1.548,1.576,1.588
2025-07-24 13:38:10.336,1.578,1.577,1.689,1.46,1.495,1.553,1.466,1.549,1.576,1.588
2025-07-24 13:38:10.385,1.579,1.579,1.689,1.461,1.449,1.553,1.464,1.548,1.575,1.588
2025-07-24 13:38:10.436,1.578,1.578,1.689,1.46,1.402,1.553,1.466,1.548,1.575,1.588
2025-07-24 13:38:10.486,1.578,1.578,1.689,1.461,1.33,1.551,1.466,1.548,1.576,1.588
2025-07-24 13:38:10.536,1.578,1.578,1.688,1.46,1.266,1.548,1.466,1.548,1.576,1.588
2025-07-24 13:38:10.586,1.579,1.578,1.688,1.461,1.226,1.546,1.466,1.548,1.576,1.587
2025-07-24 13:38:10.636,1.579,1.578,1.689,1.461,1.211,1.543,1.466,1.548,1.575,1.587
2025-07-24 13:38:10.686,1.579,1.579,1.689,1.461,1.21,1.54,1.466,1.549,1.575,1.588
2025-07-24 13:38:10.735,1.579,1.577,1.689,1.461,1.217,1.538,1.468,1.548,1.575,1.587
2025-07-24 13:38:10.786,1.579,1.577,1.688,1.461,1.25,1.535,1.466,1.548,1.576,1.588
2025-07-24 13:38:10.836,1.58,1.578,1.688,1.461,1.296,1.534,1.466,1.548,1.576,1.587
2025-07-24 13:38:10.886,1.579,1.577,1.688,1.461,1.364,1.532,1.466,1.548,1.575,1.588
2025-07-24 13:38:10.937,1.579,1.577,1.688,1.461,1.437,1.532,1.466,1.548,1.575,1.588
2025-07-24 13:38:10.986,1.58,1.577,1.688,1.461,1.496,1.532,1.465,1.548,1.575,1.588
2025-07-24 13:38:11.036,1.579,1.577,1.689,1.461,1.532,1.534,1.465,1.548,1.575,1.587
2025-07-24 13:38:11.086,1.578,1.577,1.688,1.46,1.548,1.536,1.466,1.548,1.576,1.587
2025-07-24 13:38:11.136,1.578,1.577,1.688,1.461,1.557,1.537,1.466,1.548,1.576,1.588
2025-07-24 13:38:11.186,1.579,1.577,1.689,1.461,1.557,1.539,1.466,1.548,1.575,1.588
2025-07-24 13:38:11.236,1.58,1.578,1.689,1.461,1.562,1.54,1.465,1.548,1.575,1.588
2025-07-24 13:38:11.285,1.579,1.577,1.687,1.461,1.565,1.542,1.466,1.548,1.575,1.588
2025-07-24 13:38:11.336,1.579,1.577,1.688,1.461,1.565,1.543,1.466,1.548,1.575,1.587
2025-07-24 13:38:11.387,1.58,1.578,1.688,1.461,1.565,1.546,1.465,1.548,1.575,1.588
2025-07-24 13:38:11.436,1.579,1.578,1.689,1.461,1.563,1.547,1.466,1.548,1.576,1.587
2025-07-24 13:38:11.486,1.579,1.578,1.689,1.461,1.566,1.548,1.466,1.549,1.575,1.587
2025-07-24 13:38:11.537,1.579,1.578,1.688,1.461,1.569,1.549,1.466,1.548,1.576,1.587
2025-07-24 13:38:11.586,1.579,1.577,1.686,1.461,1.565,1.551,1.467,1.548,1.575,1.589
2025-07-24 13:38:11.636,1.579,1.577,1.688,1.461,1.569,1.552,1.468,1.548,1.574,1.587
2025-07-24 13:38:11.687,1.578,1.577,1.688,1.461,1.532,1.553,1.466,1.548,1.574,1.587
2025-07-24 13:38:11.736,1.579,1.577,1.688,1.461,1.497,1.553,1.466,1.548,1.575,1.587
2025-07-24 13:38:11.786,1.579,1.577,1.688,1.461,1.439,1.553,1.467,1.548,1.575,1.588
2025-07-24 13:38:11.837,1.578,1.578,1.687,1.461,1.378,1.55,1.466,1.548,1.575,1.588
2025-07-24 13:38:11.886,1.578,1.578,1.688,1.461,1.312,1.55,1.466,1.548,1.575,1.587
2025-07-24 13:38:11.936,1.578,1.577,1.688,1.461,1.258,1.548,1.465,1.548,1.574,1.587
2025-07-24 13:38:11.986,1.579,1.577,1.687,1.461,1.229,1.544,1.465,1.548,1.575,1.587
2025-07-24 13:38:12.037,1.578,1.577,1.688,1.461,1.222,1.542,1.466,1.548,1.574,1.587
2025-07-24 13:38:12.087,1.579,1.578,1.687,1.461,1.217,1.539,1.466,1.548,1.575,1.588
2025-07-24 13:38:12.136,1.577,1.578,1.688,1.461,1.238,1.536,1.465,1.547,1.574,1.587
2025-07-24 13:38:12.186,1.579,1.578,1.687,1.461,1.287,1.534,1.466,1.548,1.574,1.586
2025-07-24 13:38:12.237,1.579,1.577,1.687,1.461,1.341,1.533,1.466,1.548,1.574,1.586
2025-07-24 13:38:12.286,1.579,1.577,1.687,1.461,1.409,1.532,1.466,1.548,1.574,1.586
2025-07-24 13:38:12.336,1.579,1.577,1.688,1.461,1.47,1.534,1.466,1.548,1.574,1.586
2025-07-24 13:38:12.386,1.579,1.577,1.686,1.461,1.522,1.533,1.465,1.548,1.574,1.587
2025-07-24 13:38:12.436,1.578,1.577,1.687,1.461,1.544,1.536,1.465,1.548,1.574,1.586
2025-07-24 13:38:12.487,1.578,1.577,1.688,1.461,1.557,1.536,1.462,1.548,1.573,1.586
2025-07-24 13:38:12.536,1.577,1.577,1.687,1.462,1.561,1.539,1.464,1.548,1.573,1.586
2025-07-24 13:38:12.587,1.577,1.577,1.688,1.461,1.563,1.54,1.464,1.548,1.574,1.586
2025-07-24 13:38:12.637,1.577,1.577,1.687,1.461,1.562,1.541,1.464,1.548,1.573,1.586
2025-07-24 13:38:12.687,1.577,1.577,1.686,1.462,1.573,1.542,1.465,1.548,1.573,1.586
2025-07-24 13:38:12.737,1.578,1.577,1.686,1.462,1.565,1.544,1.466,1.548,1.574,1.586
2025-07-24 13:38:12.787,1.577,1.577,1.687,1.461,1.565,1.546,1.466,1.547,1.573,1.585
2025-07-24 13:38:12.837,1.578,1.577,1.688,1.462,1.559,1.548,1.466,1.547,1.573,1.585
2025-07-24 13:38:12.887,1.577,1.577,1.687,1.462,1.566,1.548,1.463,1.548,1.574,1.586
2025-07-24 13:38:12.937,1.577,1.577,1.688,1.461,1.569,1.549,1.464,1.548,1.573,1.586
2025-07-24 13:38:12.987,1.577,1.577,1.687,1.462,1.566,1.551,1.466,1.547,1.573,1.586
2025-07-24 13:38:13.037,1.577,1.577,1.686,1.461,1.558,1.552,1.465,1.547,1.573,1.584
2025-07-24 13:38:13.087,1.577,1.577,1.687,1.461,1.514,1.553,1.466,1.548,1.573,1.585
2025-07-24 13:38:13.137,1.577,1.577,1.687,1.461,1.467,1.552,1.465,1.547,1.573,1.584
2025-07-24 13:38:13.187,1.577,1.576,1.688,1.462,1.401,1.552,1.465,1.546,1.573,1.585
2025-07-24 13:38:13.237,1.577,1.577,1.686,1.462,1.338,1.551,1.465,1.548,1.573,1.584
2025-07-24 13:38:13.287,1.578,1.577,1.688,1.462,1.278,1.548,1.465,1.547,1.573,1.584
2025-07-24 13:38:13.337,1.577,1.577,1.687,1.462,1.238,1.546,1.465,1.548,1.573,1.584
2025-07-24 13:38:13.387,1.577,1.577,1.687,1.462,1.214,1.543,1.465,1.547,1.573,1.584
2025-07-24 13:38:13.437,1.578,1.577,1.686,1.462,1.216,1.54,1.466,1.547,1.572,1.584
2025-07-24 13:38:13.487,1.577,1.577,1.687,1.462,1.213,1.538,1.466,1.548,1.573,1.584
2025-07-24 13:38:13.537,1.577,1.577,1.687,1.462,1.23,1.535,1.465,1.547,1.572,1.584
2025-07-24 13:38:13.587,1.578,1.578,1.688,1.462,1.275,1.533,1.466,1.548,1.572,1.584
2025-07-24 13:38:13.637,1.577,1.577,1.687,1.462,1.337,1.532,1.466,1.548,1.572,1.584
2025-07-24 13:38:13.688,1.578,1.577,1.687,1.461,1.413,1.532,1.464,1.547,1.573,1.584
2025-07-24 13:38:13.736,1.577,1.577,1.688,1.462,1.486,1.532,1.465,1.547,1.572,1.584
2025-07-24 13:38:13.787,1.578,1.577,1.688,1.462,1.532,1.532,1.464,1.547,1.573,1.585
2025-07-24 13:38:13.838,1.578,1.577,1.687,1.462,1.55,1.534,1.464,1.548,1.572,1.585
2025-07-24 13:38:13.886,1.579,1.577,1.687,1.461,1.553,1.536,1.464,1.547,1.572,1.585
2025-07-24 13:38:13.937,1.578,1.577,1.686,1.463,1.556,1.538,1.463,1.546,1.573,1.585
2025-07-24 13:38:13.987,1.577,1.577,1.687,1.462,1.563,1.538,1.466,1.547,1.573,1.585
2025-07-24 13:38:14.037,1.577,1.577,1.687,1.462,1.561,1.54,1.465,1.548,1.572,1.585
2025-07-24 13:38:14.087,1.579,1.577,1.688,1.461,1.562,1.542,1.465,1.548,1.573,1.585
2025-07-24 13:38:14.137,1.578,1.577,1.687,1.463,1.562,1.544,1.465,1.547,1.573,1.585
2025-07-24 13:38:14.188,1.578,1.577,1.687,1.462,1.564,1.545,1.465,1.548,1.573,1.585
2025-07-24 13:38:14.237,1.579,1.577,1.688,1.462,1.562,1.547,1.466,1.548,1.573,1.586
2025-07-24 13:38:14.287,1.578,1.577,1.687,1.462,1.561,1.548,1.465,1.548,1.572,1.585
2025-07-24 13:38:14.337,1.577,1.578,1.688,1.462,1.561,1.548,1.465,1.547,1.573,1.585
2025-07-24 13:38:14.387,1.578,1.577,1.687,1.462,1.555,1.55,1.465,1.547,1.572,1.586
2025-07-24 13:38:14.436,1.58,1.577,1.688,1.462,1.511,1.551,1.465,1.547,1.572,1.585
2025-07-24 13:38:14.487,1.578,1.577,1.687,1.462,1.465,1.551,1.465,1.547,1.573,1.585
2025-07-24 13:38:14.537,1.578,1.577,1.686,1.461,1.401,1.549,1.464,1.548,1.573,1.585
2025-07-24 13:38:14.587,1.578,1.577,1.688,1.462,1.341,1.549,1.466,1.548,1.572,1.586
2025-07-24 13:38:14.638,1.577,1.577,1.688,1.463,1.284,1.548,1.464,1.548,1.573,1.586
2025-07-24 13:38:14.688,1.577,1.577,1.689,1.461,1.239,1.545,1.464,1.547,1.572,1.586
2025-07-24 13:38:14.737,1.578,1.578,1.688,1.462,1.228,1.541,1.465,1.548,1.572,1.586
2025-07-24 13:38:14.788,1.577,1.577,1.688,1.463,1.224,1.54,1.465,1.547,1.573,1.586
2025-07-24 13:38:14.837,1.577,1.577,1.687,1.462,1.228,1.537,1.465,1.548,1.572,1.586
2025-07-24 13:38:14.887,1.578,1.577,1.688,1.462,1.26,1.535,1.466,1.548,1.572,1.586
2025-07-24 13:38:14.937,1.577,1.577,1.687,1.462,1.307,1.532,1.466,1.548,1.571,1.586
2025-07-24 13:38:14.988,1.577,1.577,1.688,1.463,1.359,1.532,1.464,1.547,1.572,1.585
2025-07-24 13:38:15.038,1.577,1.577,1.688,1.463,1.434,1.532,1.464,1.548,1.571,1.586
2025-07-24 13:38:15.088,1.577,1.577,1.687,1.462,1.491,1.532,1.464,1.548,1.572,1.586
2025-07-24 13:38:15.137,1.577,1.577,1.686,1.463,1.539,1.532,1.466,1.547,1.571,1.586
2025-07-24 13:38:15.188,1.577,1.577,1.688,1.462,1.545,1.534,1.463,1.548,1.572,1.586
2025-07-24 13:38:15.238,1.577,1.577,1.687,1.463,1.554,1.536,1.464,1.546,1.572,1.586
2025-07-24 13:38:15.288,1.577,1.577,1.688,1.462,1.56,1.538,1.464,1.548,1.572,1.586
2025-07-24 13:38:15.338,1.577,1.577,1.687,1.462,1.558,1.54,1.463,1.548,1.572,1.586
2025-07-24 13:38:15.387,1.577,1.577,1.687,1.462,1.563,1.541,1.465,1.547,1.572,1.586
2025-07-24 13:38:15.437,1.577,1.577,1.687,1.462,1.566,1.543,1.464,1.548,1.572,1.587
2025-07-24 13:38:15.488,1.577,1.577,1.688,1.462,1.564,1.544,1.465,1.547,1.572,1.586
2025-07-24 13:38:15.538,1.577,1.577,1.687,1.462,1.568,1.546,1.463,1.547,1.572,1.586
2025-07-24 13:38:15.587,1.577,1.577,1.688,1.462,1.564,1.547,1.464,1.546,1.572,1.586
2025-07-24 13:38:15.638,1.576,1.577,1.687,1.462,1.568,1.548,1.465,1.547,1.572,1.586
2025-07-24 13:38:15.687,1.576,1.577,1.687,1.462,1.563,1.548,1.465,1.547,1.571,1.586
2025-07-24 13:38:15.737,1.576,1.577,1.688,1.463,1.564,1.55,1.464,1.548,1.572,1.587
2025-07-24 13:38:15.788,1.576,1.577,1.687,1.461,1.535,1.551,1.465,1.547,1.572,1.587
2025-07-24 13:38:15.838,1.577,1.576,1.687,1.462,1.486,1.552,1.465,1.547,1.573,1.587
2025-07-24 13:38:15.888,1.576,1.577,1.687,1.462,1.432,1.552,1.465,1.546,1.572,1.586
2025-07-24 13:38:15.938,1.577,1.577,1.687,1.462,1.37,1.552,1.466,1.547,1.572,1.587
2025-07-24 13:38:15.988,1.577,1.577,1.687,1.462,1.306,1.549,1.465,1.548,1.572,1.587
2025-07-24 13:38:16.038,1.577,1.577,1.687,1.463,1.244,1.546,1.465,1.548,1.573,1.588
2025-07-24 13:38:16.088,1.577,1.577,1.688,1.462,1.215,1.544,1.465,1.548,1.572,1.588
2025-07-24 13:38:16.137,1.577,1.577,1.687,1.462,1.207,1.541,1.466,1.548,1.572,1.588
2025-07-24 13:38:16.188,1.577,1.577,1.687,1.463,1.208,1.538,1.466,1.547,1.572,1.587
2025-07-24 13:38:16.238,1.577,1.577,1.687,1.462,1.225,1.536,1.465,1.547,1.572,1.587
2025-07-24 13:38:16.288,1.577,1.577,1.688,1.462,1.267,1.533,1.465,1.548,1.572,1.588
2025-07-24 13:38:16.338,1.577,1.577,1.687,1.462,1.325,1.532,1.465,1.548,1.572,1.588
2025-07-24 13:38:16.388,1.577,1.577,1.688,1.462,1.396,1.532,1.465,1.548,1.572,1.588
2025-07-24 13:38:16.437,1.578,1.577,1.688,1.462,1.474,1.532,1.463,1.548,1.572,1.587
2025-07-24 13:38:16.488,1.577,1.577,1.688,1.462,1.524,1.533,1.466,1.547,1.573,1.587
2025-07-24 13:38:16.538,1.577,1.577,1.687,1.463,1.55,1.535,1.465,1.548,1.573,1.587
2025-07-24 13:38:16.588,1.578,1.577,1.688,1.462,1.558,1.536,1.464,1.548,1.572,1.587
2025-07-24 13:38:16.637,1.578,1.576,1.688,1.462,1.568,1.538,1.465,1.548,1.573,1.587
2025-07-24 13:38:16.687,1.578,1.577,1.687,1.462,1.567,1.539,1.463,1.548,1.572,1.586
2025-07-24 13:38:16.738,1.577,1.577,1.687,1.462,1.569,1.541,1.464,1.548,1.573,1.587
2025-07-24 13:38:16.788,1.578,1.577,1.687,1.462,1.569,1.543,1.465,1.548,1.572,1.587
2025-07-24 13:38:16.838,1.578,1.577,1.688,1.462,1.569,1.545,1.465,1.548,1.572,1.587
2025-07-24 13:38:16.888,1.578,1.577,1.688,1.462,1.569,1.545,1.466,1.548,1.572,1.587
2025-07-24 13:38:16.938,1.579,1.578,1.689,1.463,1.575,1.546,1.466,1.548,1.572,1.587
2025-07-24 13:38:16.987,1.577,1.577,1.688,1.462,1.565,1.548,1.465,1.548,1.572,1.586
2025-07-24 13:38:17.038,1.577,1.577,1.688,1.462,1.565,1.55,1.465,1.548,1.572,1.587
2025-07-24 13:38:17.087,1.577,1.577,1.688,1.461,1.564,1.551,1.465,1.548,1.572,1.586
2025-07-24 13:38:17.138,1.577,1.577,1.688,1.462,1.543,1.552,1.464,1.548,1.572,1.586
2025-07-24 13:38:17.188,1.579,1.577,1.688,1.462,1.499,1.553,1.465,1.548,1.572,1.586
2025-07-24 13:38:17.237,1.577,1.577,1.687,1.462,1.432,1.553,1.465,1.548,1.572,1.586
2025-07-24 13:38:17.288,1.578,1.577,1.688,1.462,1.374,1.551,1.465,1.547,1.573,1.587
2025-07-24 13:38:17.338,1.577,1.577,1.689,1.462,1.317,1.549,1.466,1.548,1.571,1.587
2025-07-24 13:38:17.388,1.577,1.577,1.687,1.462,1.258,1.547,1.464,1.548,1.573,1.587
2025-07-24 13:38:17.439,1.579,1.577,1.688,1.462,1.221,1.545,1.464,1.548,1.572,1.587
2025-07-24 13:38:17.488,1.577,1.577,1.688,1.462,1.217,1.541,1.468,1.548,1.572,1.587
2025-07-24 13:38:17.538,1.577,1.577,1.687,1.462,1.215,1.539,1.466,1.548,1.573,1.587
2025-07-24 13:38:17.588,1.577,1.577,1.687,1.462,1.246,1.537,1.464,1.548,1.572,1.586
2025-07-24 13:38:17.638,1.577,1.577,1.688,1.462,1.285,1.535,1.466,1.547,1.572,1.587
2025-07-24 13:38:17.688,1.577,1.577,1.687,1.462,1.34,1.532,1.465,1.548,1.572,1.586
2025-07-24 13:38:17.738,1.577,1.577,1.688,1.462,1.393,1.532,1.465,1.548,1.572,1.587
2025-07-24 13:38:17.788,1.577,1.578,1.687,1.462,1.445,1.532,1.464,1.548,1.572,1.588
2025-07-24 13:38:17.838,1.577,1.577,1.688,1.462,1.51,1.532,1.466,1.547,1.572,1.587
2025-07-24 13:38:17.888,1.578,1.576,1.688,1.462,1.542,1.533,1.463,1.547,1.572,1.587
2025-07-24 13:38:17.939,1.577,1.577,1.686,1.462,1.547,1.536,1.464,1.548,1.572,1.587
2025-07-24 13:38:17.989,1.578,1.577,1.689,1.462,1.553,1.537,1.463,1.547,1.571,1.588
2025-07-24 13:38:18.038,1.578,1.577,1.687,1.463,1.561,1.539,1.464,1.548,1.571,1.588
2025-07-24 13:38:18.089,1.577,1.577,1.687,1.462,1.56,1.54,1.464,1.547,1.572,1.588
2025-07-24 13:38:18.138,1.578,1.577,1.687,1.462,1.569,1.543,1.464,1.546,1.572,1.588
2025-07-24 13:38:18.189,1.577,1.576,1.688,1.463,1.565,1.543,1.465,1.546,1.571,1.587
2025-07-24 13:38:18.237,1.577,1.577,1.687,1.462,1.568,1.545,1.465,1.547,1.571,1.588
2025-07-24 13:38:18.288,1.578,1.577,1.688,1.462,1.563,1.547,1.464,1.548,1.572,1.587
2025-07-24 13:38:18.339,1.579,1.577,1.687,1.462,1.563,1.548,1.465,1.548,1.571,1.589
2025-07-24 13:38:18.389,1.578,1.577,1.687,1.463,1.563,1.549,1.465,1.547,1.572,1.588
2025-07-24 13:38:18.438,1.577,1.577,1.687,1.463,1.55,1.549,1.465,1.547,1.571,1.588
2025-07-24 13:38:18.489,1.579,1.576,1.687,1.463,1.506,1.55,1.464,1.547,1.572,1.588
2025-07-24 13:38:18.538,1.578,1.577,1.687,1.461,1.462,1.55,1.465,1.547,1.571,1.588
2025-07-24 13:38:18.589,1.578,1.577,1.687,1.463,1.402,1.548,1.465,1.548,1.572,1.588
2025-07-24 13:38:18.638,1.578,1.577,1.687,1.463,1.341,1.548,1.464,1.547,1.572,1.588
2025-07-24 13:38:18.688,1.579,1.577,1.687,1.462,1.285,1.547,1.466,1.548,1.572,1.587
2025-07-24 13:38:18.738,1.578,1.577,1.686,1.463,1.225,1.544,1.465,1.546,1.572,1.587
2025-07-24 13:38:18.788,1.578,1.577,1.687,1.462,1.209,1.541,1.464,1.546,1.572,1.588
2025-07-24 13:38:18.837,1.578,1.576,1.687,1.462,1.209,1.538,1.464,1.547,1.572,1.587
2025-07-24 13:38:18.888,1.579,1.577,1.687,1.463,1.213,1.535,1.465,1.547,1.572,1.588
2025-07-24 13:38:18.938,1.579,1.577,1.687,1.463,1.249,1.533,1.465,1.546,1.572,1.589
2025-07-24 13:38:18.988,1.578,1.577,1.687,1.462,1.292,1.532,1.464,1.547,1.573,1.589
2025-07-24 13:38:19.039,1.578,1.577,1.687,1.463,1.354,1.529,1.464,1.547,1.573,1.588
2025-07-24 13:38:19.089,1.579,1.577,1.687,1.462,1.423,1.529,1.463,1.547,1.573,1.587
2025-07-24 13:38:19.139,1.58,1.577,1.688,1.462,1.491,1.532,1.465,1.547,1.572,1.588
2025-07-24 13:38:19.189,1.579,1.577,1.688,1.462,1.529,1.532,1.463,1.548,1.572,1.588
2025-07-24 13:38:19.238,1.579,1.577,1.687,1.462,1.545,1.533,1.463,1.548,1.573,1.588
2025-07-24 13:38:19.289,1.58,1.577,1.687,1.463,1.553,1.536,1.463,1.547,1.573,1.588
2025-07-24 13:38:19.339,1.579,1.577,1.687,1.462,1.557,1.536,1.465,1.548,1.573,1.587
2025-07-24 13:38:19.389,1.58,1.577,1.687,1.462,1.561,1.539,1.463,1.547,1.572,1.587
2025-07-24 13:38:19.438,1.579,1.577,1.686,1.463,1.562,1.54,1.461,1.547,1.572,1.588
2025-07-24 13:38:19.488,1.579,1.577,1.687,1.463,1.565,1.541,1.464,1.547,1.573,1.588
2025-07-24 13:38:19.539,1.58,1.577,1.688,1.462,1.566,1.544,1.464,1.548,1.572,1.587
2025-07-24 13:38:19.588,1.579,1.577,1.687,1.463,1.569,1.544,1.465,1.548,1.572,1.586
2025-07-24 13:38:19.639,1.579,1.577,1.688,1.462,1.573,1.546,1.465,1.547,1.573,1.586
2025-07-24 13:38:19.689,1.579,1.577,1.686,1.462,1.563,1.547,1.465,1.548,1.572,1.587
2025-07-24 13:38:19.738,1.579,1.578,1.688,1.463,1.564,1.549,1.465,1.547,1.572,1.587
2025-07-24 13:38:19.789,1.579,1.577,1.686,1.462,1.557,1.549,1.465,1.547,1.573,1.586
2025-07-24 13:38:19.839,1.58,1.577,1.688,1.462,1.524,1.551,1.463,1.548,1.572,1.586
2025-07-24 13:38:19.889,1.578,1.577,1.687,1.463,1.486,1.552,1.464,1.548,1.573,1.587
2025-07-24 13:38:19.938,1.579,1.577,1.686,1.462,1.444,1.551,1.465,1.547,1.573,1.586
2025-07-24 13:38:19.989,1.579,1.577,1.688,1.462,1.375,1.55,1.464,1.548,1.572,1.587
2025-07-24 13:38:20.039,1.578,1.577,1.688,1.462,1.31,1.548,1.465,1.548,1.572,1.587
2025-07-24 13:38:20.089,1.579,1.577,1.687,1.462,1.256,1.546,1.465,1.547,1.572,1.587
2025-07-24 13:38:20.139,1.578,1.577,1.687,1.462,1.241,1.544,1.466,1.547,1.572,1.586
2025-07-24 13:38:20.189,1.58,1.577,1.687,1.463,1.232,1.542,1.465,1.548,1.572,1.587
2025-07-24 13:38:20.239,1.578,1.577,1.688,1.462,1.252,1.539,1.466,1.547,1.572,1.587
2025-07-24 13:38:20.289,1.578,1.577,1.687,1.463,1.296,1.536,1.465,1.547,1.572,1.588
2025-07-24 13:38:20.339,1.579,1.577,1.687,1.463,1.356,1.535,1.465,1.548,1.572,1.588
2025-07-24 13:38:20.389,1.579,1.578,1.688,1.462,1.421,1.534,1.465,1.548,1.572,1.588
2025-07-24 13:38:20.439,1.578,1.577,1.687,1.462,1.486,1.534,1.463,1.547,1.572,1.588
2025-07-24 13:38:20.489,1.578,1.577,1.688,1.462,1.529,1.536,1.465,1.548,1.573,1.588
2025-07-24 13:38:20.538,1.578,1.578,1.688,1.462,1.551,1.536,1.463,1.548,1.573,1.588
2025-07-24 13:38:20.588,1.579,1.578,1.688,1.462,1.556,1.54,1.463,1.548,1.572,1.587
2025-07-24 13:38:20.639,1.577,1.578,1.687,1.462,1.565,1.541,1.466,1.547,1.572,1.587
2025-07-24 13:38:20.689,1.579,1.577,1.687,1.462,1.564,1.543,1.464,1.547,1.572,1.587
2025-07-24 13:38:20.738,1.58,1.577,1.688,1.463,1.566,1.544,1.467,1.547,1.573,1.588
2025-07-24 13:38:20.789,1.579,1.577,1.687,1.462,1.565,1.545,1.466,1.547,1.573,1.587
2025-07-24 13:38:20.839,1.578,1.577,1.689,1.462,1.565,1.546,1.465,1.548,1.572,1.589
2025-07-24 13:38:20.889,1.579,1.577,1.687,1.462,1.57,1.548,1.466,1.548,1.572,1.589
2025-07-24 13:38:20.939,1.579,1.577,1.688,1.462,1.568,1.548,1.465,1.548,1.572,1.588
2025-07-24 13:38:20.989,1.578,1.577,1.687,1.463,1.561,1.55,1.465,1.547,1.572,1.588
2025-07-24 13:38:21.039,1.579,1.577,1.687,1.463,1.569,1.552,1.465,1.548,1.572,1.588
2025-07-24 13:38:21.089,1.578,1.577,1.687,1.463,1.559,1.553,1.465,1.547,1.572,1.588
2025-07-24 13:38:21.139,1.579,1.577,1.688,1.463,1.53,1.553,1.465,1.547,1.572,1.588
2025-07-24 13:38:21.189,1.579,1.577,1.688,1.462,1.488,1.553,1.464,1.547,1.572,1.588
2025-07-24 13:38:21.239,1.578,1.577,1.687,1.462,1.442,1.553,1.466,1.548,1.572,1.589
2025-07-24 13:38:21.289,1.578,1.577,1.687,1.462,1.388,1.552,1.464,1.546,1.571,1.589
2025-07-24 13:38:21.340,1.578,1.577,1.688,1.462,1.326,1.551,1.466,1.547,1.572,1.588
2025-07-24 13:38:21.389,1.578,1.576,1.687,1.463,1.267,1.548,1.465,1.547,1.572,1.588
2025-07-24 13:38:21.440,1.579,1.577,1.687,1.463,1.222,1.544,1.464,1.547,1.572,1.588
2025-07-24 13:38:21.490,1.579,1.577,1.687,1.462,1.221,1.543,1.463,1.546,1.572,1.588
2025-07-24 13:38:21.540,1.579,1.577,1.687,1.462,1.224,1.54,1.464,1.546,1.572,1.587
2025-07-24 13:38:21.589,1.578,1.577,1.687,1.462,1.249,1.54,1.466,1.546,1.573,1.587
2025-07-24 13:38:21.640,1.578,1.577,1.687,1.462,1.284,1.535,1.464,1.547,1.572,1.587
2025-07-24 13:38:21.689,1.579,1.577,1.687,1.462,1.333,1.534,1.464,1.548,1.572,1.587
2025-07-24 13:38:21.739,1.579,1.577,1.688,1.462,1.396,1.534,1.464,1.548,1.573,1.588
2025-07-24 13:38:21.789,1.578,1.577,1.686,1.462,1.459,1.534,1.463,1.546,1.573,1.588
2025-07-24 13:38:21.839,1.578,1.576,1.687,1.462,1.513,1.535,1.465,1.546,1.573,1.587
2025-07-24 13:38:21.889,1.578,1.577,1.687,1.462,1.532,1.536,1.463,1.547,1.572,1.587
2025-07-24 13:38:21.939,1.579,1.577,1.687,1.462,1.546,1.537,1.464,1.547,1.573,1.589
2025-07-24 13:38:21.989,1.58,1.577,1.688,1.462,1.556,1.539,1.464,1.547,1.573,1.588
2025-07-24 13:38:22.040,1.579,1.577,1.687,1.463,1.566,1.541,1.464,1.548,1.572,1.588
2025-07-24 13:38:22.090,1.58,1.577,1.687,1.462,1.56,1.541,1.465,1.547,1.572,1.587
2025-07-24 13:38:22.139,1.58,1.577,1.687,1.462,1.564,1.543,1.466,1.547,1.573,1.586
2025-07-24 13:38:22.189,1.579,1.577,1.687,1.462,1.561,1.545,1.463,1.547,1.573,1.587
2025-07-24 13:38:22.240,1.578,1.577,1.687,1.463,1.562,1.546,1.465,1.547,1.573,1.587
2025-07-24 13:38:22.289,1.58,1.577,1.688,1.462,1.563,1.548,1.466,1.547,1.573,1.586
2025-07-24 13:38:22.339,1.578,1.577,1.688,1.462,1.568,1.548,1.465,1.547,1.573,1.587
2025-07-24 13:38:22.390,1.58,1.577,1.687,1.462,1.565,1.549,1.464,1.547,1.573,1.586
2025-07-24 13:38:22.440,1.578,1.577,1.687,1.462,1.547,1.551,1.466,1.547,1.573,1.586
2025-07-24 13:38:22.490,1.578,1.577,1.687,1.462,1.51,1.551,1.465,1.547,1.573,1.586
2025-07-24 13:38:22.540,1.579,1.577,1.687,1.462,1.465,1.551,1.464,1.548,1.573,1.586
2025-07-24 13:38:22.590,1.578,1.577,1.687,1.462,1.42,1.551,1.464,1.548,1.573,1.586
2025-07-24 13:38:22.639,1.577,1.577,1.687,1.463,1.366,1.551,1.465,1.547,1.573,1.585
2025-07-24 13:38:22.690,1.577,1.577,1.687,1.463,1.304,1.549,1.466,1.547,1.572,1.585
2025-07-24 13:38:22.740,1.577,1.577,1.687,1.462,1.27,1.546,1.464,1.548,1.573,1.586
2025-07-24 13:38:22.789,1.577,1.577,1.686,1.462,1.241,1.544,1.466,1.547,1.573,1.586
2025-07-24 13:38:22.839,1.577,1.577,1.688,1.463,1.242,1.54,1.464,1.548,1.572,1.586
2025-07-24 13:38:22.889,1.577,1.577,1.687,1.463,1.246,1.538,1.465,1.546,1.572,1.586
2025-07-24 13:38:22.939,1.577,1.577,1.688,1.462,1.278,1.536,1.466,1.548,1.572,1.586
2025-07-24 13:38:22.990,1.577,1.577,1.687,1.463,1.314,1.533,1.465,1.547,1.572,1.586
2025-07-24 13:38:23.040,1.577,1.577,1.687,1.462,1.365,1.533,1.465,1.547,1.572,1.586
2025-07-24 13:38:23.090,1.577,1.577,1.688,1.462,1.423,1.533,1.464,1.547,1.573,1.586
2025-07-24 13:38:23.139,1.577,1.577,1.687,1.462,1.49,1.533,1.465,1.547,1.572,1.586
2025-07-24 13:38:23.189,1.576,1.577,1.687,1.462,1.538,1.534,1.464,1.547,1.572,1.586
2025-07-24 13:38:23.239,1.577,1.577,1.687,1.462,1.548,1.536,1.463,1.547,1.572,1.586
2025-07-24 13:38:23.289,1.577,1.577,1.687,1.462,1.552,1.537,1.463,1.548,1.572,1.586
2025-07-24 13:38:23.340,1.577,1.577,1.687,1.462,1.558,1.539,1.463,1.548,1.571,1.586
2025-07-24 13:38:23.389,1.576,1.577,1.687,1.462,1.571,1.541,1.464,1.548,1.573,1.586
2025-07-24 13:38:23.439,1.577,1.577,1.688,1.463,1.561,1.542,1.465,1.547,1.571,1.587
2025-07-24 13:38:23.490,1.577,1.577,1.687,1.463,1.568,1.544,1.464,1.547,1.572,1.586
2025-07-24 13:38:23.540,1.576,1.577,1.687,1.462,1.563,1.545,1.464,1.547,1.573,1.586
2025-07-24 13:38:23.590,1.577,1.577,1.687,1.462,1.567,1.546,1.466,1.547,1.572,1.586
2025-07-24 13:38:23.640,1.576,1.577,1.688,1.463,1.563,1.547,1.465,1.548,1.572,1.587
2025-07-24 13:38:23.690,1.577,1.576,1.687,1.463,1.565,1.548,1.464,1.546,1.572,1.587
2025-07-24 13:38:23.739,1.576,1.577,1.688,1.462,1.55,1.55,1.464,1.547,1.572,1.586
2025-07-24 13:38:23.790,1.576,1.577,1.688,1.462,1.515,1.551,1.464,1.546,1.572,1.587
2025-07-24 13:38:23.840,1.576,1.576,1.687,1.462,1.476,1.55,1.464,1.547,1.572,1.586
2025-07-24 13:38:23.890,1.577,1.576,1.687,1.462,1.428,1.55,1.465,1.547,1.572,1.586
2025-07-24 13:38:23.940,1.577,1.577,1.687,1.463,1.364,1.55,1.464,1.548,1.572,1.587
2025-07-24 13:38:23.990,1.577,1.577,1.687,1.462,1.322,1.548,1.463,1.547,1.572,1.587
2025-07-24 13:38:24.040,1.576,1.577,1.687,1.462,1.275,1.546,1.465,1.547,1.572,1.586
2025-07-24 13:38:24.090,1.577,1.577,1.687,1.462,1.251,1.544,1.465,1.546,1.572,1.587
2025-07-24 13:38:24.140,1.576,1.576,1.687,1.462,1.249,1.54,1.462,1.547,1.573,1.586
2025-07-24 13:38:24.190,1.576,1.576,1.688,1.462,1.243,1.538,1.464,1.546,1.573,1.586
2025-07-24 13:38:24.240,1.576,1.577,1.686,1.463,1.273,1.536,1.464,1.548,1.573,1.586
2025-07-24 13:38:24.290,1.576,1.576,1.687,1.461,1.313,1.534,1.464,1.546,1.573,1.586
2025-07-24 13:38:24.339,1.576,1.576,1.686,1.462,1.365,1.532,1.463,1.546,1.573,1.585
2025-07-24 13:38:24.390,1.575,1.577,1.687,1.463,1.441,1.532,1.465,1.546,1.573,1.586
2025-07-24 13:38:24.441,1.576,1.576,1.687,1.462,1.493,1.533,1.464,1.547,1.573,1.586
2025-07-24 13:38:24.490,1.576,1.576,1.687,1.462,1.538,1.534,1.464,1.547,1.573,1.586
2025-07-24 13:38:24.540,1.576,1.576,1.687,1.462,1.553,1.536,1.464,1.547,1.573,1.586
2025-07-24 13:38:24.590,1.576,1.575,1.687,1.462,1.565,1.537,1.462,1.546,1.573,1.585
2025-07-24 13:38:24.640,1.575,1.576,1.687,1.462,1.565,1.539,1.464,1.546,1.573,1.586
2025-07-24 13:38:24.690,1.576,1.576,1.686,1.462,1.568,1.54,1.463,1.546,1.574,1.585
2025-07-24 13:38:24.740,1.576,1.576,1.686,1.462,1.569,1.543,1.464,1.546,1.574,1.585
2025-07-24 13:38:24.790,1.577,1.576,1.688,1.462,1.57,1.544,1.464,1.547,1.574,1.585
2025-07-24 13:38:24.840,1.577,1.577,1.688,1.462,1.573,1.545,1.464,1.546,1.573,1.586
2025-07-24 13:38:24.890,1.577,1.576,1.687,1.462,1.571,1.547,1.465,1.547,1.574,1.585
2025-07-24 13:38:24.939,1.577,1.576,1.688,1.462,1.573,1.548,1.465,1.546,1.574,1.585
2025-07-24 13:38:24.990,1.576,1.577,1.685,1.462,1.569,1.549,1.464,1.546,1.574,1.584
2025-07-24 13:38:25.040,1.577,1.576,1.687,1.462,1.574,1.55,1.464,1.547,1.574,1.585
2025-07-24 13:38:25.090,1.577,1.577,1.688,1.462,1.557,1.552,1.465,1.547,1.575,1.586
2025-07-24 13:38:25.140,1.577,1.576,1.686,1.462,1.527,1.553,1.465,1.546,1.574,1.586
2025-07-24 13:38:25.191,1.577,1.576,1.687,1.462,1.482,1.553,1.465,1.547,1.574,1.585
2025-07-24 13:38:25.240,1.577,1.577,1.687,1.462,1.434,1.553,1.465,1.547,1.574,1.584
2025-07-24 13:38:25.290,1.577,1.576,1.687,1.462,1.39,1.552,1.465,1.547,1.574,1.586
2025-07-24 13:38:25.340,1.577,1.576,1.687,1.463,1.341,1.55,1.465,1.547,1.575,1.585
2025-07-24 13:38:25.390,1.577,1.576,1.687,1.462,1.293,1.548,1.464,1.547,1.574,1.585
2025-07-24 13:38:25.440,1.577,1.577,1.687,1.463,1.258,1.545,1.466,1.547,1.574,1.586
2025-07-24 13:38:25.490,1.577,1.577,1.687,1.462,1.244,1.544,1.464,1.548,1.574,1.586
2025-07-24 13:38:25.541,1.577,1.576,1.686,1.462,1.243,1.54,1.466,1.547,1.573,1.585
2025-07-24 13:38:25.590,1.577,1.577,1.688,1.462,1.247,1.538,1.465,1.548,1.573,1.585
2025-07-24 13:38:25.640,1.577,1.576,1.687,1.462,1.278,1.535,1.464,1.547,1.574,1.586
2025-07-24 13:38:25.691,1.577,1.577,1.687,1.462,1.322,1.534,1.464,1.547,1.574,1.585
2025-07-24 13:38:25.741,1.577,1.577,1.688,1.462,1.369,1.533,1.465,1.547,1.573,1.585
2025-07-24 13:38:25.790,1.577,1.577,1.687,1.462,1.43,1.533,1.465,1.547,1.574,1.585
2025-07-24 13:38:25.840,1.577,1.577,1.688,1.462,1.478,1.533,1.465,1.547,1.574,1.585
2025-07-24 13:38:25.890,1.576,1.577,1.688,1.463,1.519,1.535,1.464,1.547,1.574,1.585
2025-07-24 13:38:25.940,1.577,1.577,1.687,1.462,1.547,1.536,1.465,1.548,1.574,1.584
2025-07-24 13:38:25.991,1.577,1.577,1.687,1.462,1.552,1.538,1.463,1.548,1.573,1.586
2025-07-24 13:38:26.041,1.577,1.577,1.688,1.463,1.565,1.54,1.464,1.547,1.573,1.586
2025-07-24 13:38:26.090,1.577,1.577,1.687,1.462,1.569,1.541,1.464,1.547,1.573,1.585
2025-07-24 13:38:26.140,1.577,1.577,1.688,1.463,1.569,1.543,1.465,1.548,1.573,1.585
2025-07-24 13:38:26.190,1.577,1.576,1.687,1.462,1.567,1.544,1.464,1.547,1.573,1.584
2025-07-24 13:38:26.241,1.577,1.576,1.686,1.462,1.569,1.545,1.464,1.547,1.573,1.585
2025-07-24 13:38:26.290,1.577,1.577,1.687,1.462,1.569,1.546,1.465,1.548,1.573,1.585
2025-07-24 13:38:26.340,1.577,1.577,1.686,1.462,1.569,1.548,1.464,1.548,1.573,1.584
2025-07-24 13:38:26.390,1.577,1.577,1.686,1.462,1.563,1.549,1.465,1.547,1.573,1.585
2025-07-24 13:38:26.440,1.577,1.577,1.687,1.462,1.573,1.551,1.464,1.547,1.573,1.585
2025-07-24 13:38:26.489,1.577,1.577,1.687,1.462,1.576,1.553,1.465,1.547,1.573,1.584
2025-07-24 13:38:26.541,1.577,1.577,1.687,1.462,1.569,1.553,1.464,1.547,1.573,1.584
2025-07-24 13:38:26.591,1.577,1.576,1.688,1.462,1.569,1.554,1.464,1.547,1.573,1.584
2025-07-24 13:38:26.641,1.577,1.577,1.687,1.462,1.566,1.555,1.465,1.547,1.573,1.584
2025-07-24 13:38:26.691,1.577,1.577,1.687,1.463,1.569,1.556,1.465,1.547,1.573,1.584
2025-07-24 13:38:26.740,1.577,1.577,1.688,1.462,1.569,1.557,1.465,1.548,1.573,1.584
2025-07-24 13:38:26.791,1.578,1.577,1.688,1.462,1.574,1.558,1.466,1.547,1.572,1.583
2025-07-24 13:38:26.841,1.577,1.577,1.687,1.462,1.573,1.56,1.466,1.548,1.573,1.583
2025-07-24 13:38:26.891,1.577,1.576,1.687,1.463,1.57,1.56,1.466,1.547,1.573,1.583
2025-07-24 13:38:26.940,1.577,1.577,1.688,1.461,1.571,1.56,1.465,1.546,1.573,1.582
2025-07-24 13:38:26.991,1.577,1.577,1.687,1.462,1.57,1.561,1.465,1.547,1.572,1.583
2025-07-24 13:38:27.040,1.577,1.577,1.687,1.463,1.572,1.561,1.466,1.547,1.572,1.582
2025-07-24 13:38:27.091,1.577,1.576,1.686,1.462,1.569,1.563,1.466,1.548,1.572,1.583
2025-07-24 13:38:27.141,1.578,1.577,1.688,1.463,1.573,1.564,1.467,1.546,1.572,1.583
2025-07-24 13:38:27.191,1.577,1.577,1.687,1.462,1.57,1.565,1.466,1.547,1.572,1.583
2025-07-24 13:38:27.241,1.577,1.577,1.687,1.462,1.566,1.565,1.467,1.547,1.572,1.583
2025-07-24 13:38:27.290,1.577,1.576,1.687,1.462,1.569,1.565,1.466,1.546,1.573,1.583
2025-07-24 13:38:27.340,1.577,1.576,1.686,1.462,1.572,1.566,1.467,1.547,1.572,1.583
2025-07-24 13:38:27.391,1.578,1.577,1.686,1.461,1.566,1.567,1.467,1.547,1.573,1.583
2025-07-24 13:38:27.441,1.577,1.577,1.687,1.462,1.565,1.567,1.468,1.547,1.572,1.583
2025-07-24 13:38:27.491,1.577,1.577,1.686,1.462,1.565,1.567,1.466,1.547,1.573,1.583
2025-07-24 13:38:27.540,1.577,1.576,1.687,1.462,1.573,1.569,1.468,1.547,1.573,1.583
2025-07-24 13:38:27.591,1.577,1.576,1.687,1.462,1.562,1.569,1.469,1.547,1.573,1.583
2025-07-24 13:38:27.641,1.577,1.577,1.687,1.462,1.546,1.568,1.468,1.548,1.573,1.583
2025-07-24 13:38:27.692,1.577,1.577,1.688,1.462,1.518,1.569,1.468,1.548,1.573,1.584
2025-07-24 13:38:27.741,1.578,1.577,1.688,1.462,1.473,1.569,1.469,1.548,1.573,1.583
2025-07-24 13:38:27.791,1.577,1.577,1.688,1.462,1.417,1.567,1.467,1.548,1.573,1.583
2025-07-24 13:38:27.842,1.577,1.576,1.687,1.462,1.347,1.566,1.468,1.548,1.573,1.582
2025-07-24 13:38:27.891,1.577,1.577,1.687,1.462,1.276,1.564,1.47,1.548,1.572,1.584
2025-07-24 13:38:27.941,1.577,1.577,1.687,1.462,1.23,1.56,1.469,1.548,1.573,1.583
2025-07-24 13:38:27.991,1.577,1.577,1.687,1.463,1.217,1.556,1.468,1.548,1.573,1.583
2025-07-24 13:38:28.041,1.577,1.577,1.688,1.462,1.214,1.553,1.47,1.548,1.572,1.583
2025-07-24 13:38:28.091,1.577,1.577,1.687,1.463,1.244,1.55,1.469,1.548,1.572,1.584
2025-07-24 13:38:28.141,1.577,1.577,1.686,1.462,1.294,1.547,1.469,1.548,1.573,1.584
2025-07-24 13:38:28.191,1.577,1.577,1.687,1.462,1.344,1.546,1.468,1.548,1.573,1.583
2025-07-24 13:38:28.241,1.577,1.577,1.689,1.463,1.396,1.544,1.47,1.548,1.572,1.584
2025-07-24 13:38:28.291,1.577,1.577,1.688,1.461,1.444,1.544,1.468,1.548,1.572,1.583
2025-07-24 13:38:28.341,1.577,1.577,1.686,1.462,1.494,1.544,1.469,1.547,1.573,1.584
2025-07-24 13:38:28.392,1.577,1.577,1.688,1.463,1.532,1.544,1.467,1.548,1.573,1.583
2025-07-24 13:38:28.441,1.577,1.577,1.687,1.462,1.55,1.547,1.468,1.548,1.572,1.582
2025-07-24 13:38:28.492,1.577,1.577,1.688,1.463,1.553,1.547,1.467,1.548,1.572,1.583
2025-07-24 13:38:28.540,1.578,1.577,1.688,1.462,1.563,1.548,1.467,1.548,1.573,1.584
2025-07-24 13:38:28.591,1.577,1.577,1.686,1.462,1.563,1.549,1.468,1.548,1.573,1.583
2025-07-24 13:38:28.641,1.578,1.577,1.688,1.462,1.573,1.551,1.467,1.548,1.573,1.583
2025-07-24 13:38:28.691,1.577,1.577,1.687,1.462,1.569,1.553,1.467,1.548,1.573,1.584
2025-07-24 13:38:28.742,1.578,1.577,1.687,1.462,1.565,1.553,1.468,1.548,1.573,1.583
2025-07-24 13:38:28.791,1.577,1.577,1.687,1.462,1.565,1.555,1.467,1.548,1.572,1.583
2025-07-24 13:38:28.841,1.577,1.577,1.688,1.462,1.573,1.555,1.467,1.548,1.573,1.583
2025-07-24 13:38:28.891,1.577,1.577,1.688,1.462,1.565,1.556,1.466,1.548,1.573,1.582
2025-07-24 13:38:28.941,1.577,1.577,1.688,1.462,1.542,1.557,1.468,1.548,1.572,1.583
2025-07-24 13:38:28.992,1.578,1.577,1.686,1.462,1.514,1.557,1.467,1.548,1.573,1.583
2025-07-24 13:38:29.041,1.577,1.577,1.688,1.462,1.47,1.557,1.468,1.548,1.573,1.582
2025-07-24 13:38:29.092,1.577,1.577,1.687,1.463,1.416,1.558,1.468,1.548,1.573,1.582
2025-07-24 13:38:29.141,1.577,1.577,1.687,1.462,1.361,1.555,1.468,1.548,1.573,1.582
2025-07-24 13:38:29.192,1.578,1.577,1.687,1.463,1.302,1.553,1.468,1.548,1.573,1.582
2025-07-24 13:38:29.241,1.577,1.577,1.688,1.461,1.265,1.551,1.467,1.548,1.573,1.582
2025-07-24 13:38:29.291,1.577,1.576,1.686,1.462,1.245,1.547,1.467,1.548,1.573,1.582
2025-07-24 13:38:29.341,1.577,1.577,1.688,1.463,1.25,1.544,1.467,1.548,1.573,1.582
2025-07-24 13:38:29.392,1.577,1.577,1.688,1.463,1.255,1.542,1.466,1.548,1.573,1.582
2025-07-24 13:38:29.442,1.577,1.577,1.688,1.462,1.29,1.54,1.467,1.548,1.573,1.582
2025-07-24 13:38:29.491,1.577,1.577,1.687,1.462,1.334,1.539,1.466,1.548,1.573,1.582
2025-07-24 13:38:29.542,1.577,1.577,1.687,1.462,1.391,1.538,1.466,1.548,1.573,1.582
2025-07-24 13:38:29.592,1.577,1.577,1.687,1.463,1.453,1.537,1.466,1.548,1.573,1.582
2025-07-24 13:38:29.642,1.577,1.577,1.688,1.462,1.506,1.537,1.466,1.548,1.573,1.582
2025-07-24 13:38:29.691,1.577,1.577,1.687,1.463,1.534,1.539,1.466,1.548,1.573,1.582
2025-07-24 13:38:29.741,1.577,1.577,1.687,1.462,1.549,1.54,1.467,1.548,1.573,1.582
2025-07-24 13:38:29.791,1.577,1.577,1.687,1.462,1.553,1.541,1.466,1.548,1.572,1.582
2025-07-24 13:38:29.841,1.577,1.577,1.688,1.462,1.561,1.543,1.465,1.548,1.573,1.582
2025-07-24 13:38:29.892,1.577,1.576,1.686,1.462,1.562,1.544,1.466,1.548,1.573,1.582
2025-07-24 13:38:29.942,1.577,1.577,1.687,1.462,1.562,1.546,1.466,1.548,1.572,1.582
2025-07-24 13:38:29.991,1.577,1.577,1.688,1.462,1.565,1.547,1.466,1.547,1.572,1.582
2025-07-24 13:38:30.041,1.577,1.577,1.687,1.462,1.563,1.548,1.466,1.548,1.573,1.581
2025-07-24 13:38:30.092,1.577,1.576,1.688,1.462,1.566,1.549,1.466,1.548,1.573,1.582
2025-07-24 13:38:30.142,1.577,1.576,1.686,1.462,1.565,1.55,1.467,1.548,1.573,1.582
2025-07-24 13:38:30.192,1.577,1.577,1.688,1.462,1.537,1.552,1.466,1.548,1.572,1.582
2025-07-24 13:38:30.242,1.577,1.576,1.688,1.462,1.497,1.552,1.466,1.548,1.573,1.582
2025-07-24 13:38:30.292,1.577,1.577,1.686,1.462,1.452,1.553,1.466,1.548,1.573,1.582
2025-07-24 13:38:30.342,1.577,1.577,1.688,1.463,1.407,1.551,1.466,1.548,1.573,1.582
2025-07-24 13:38:30.392,1.577,1.577,1.687,1.462,1.342,1.551,1.465,1.548,1.572,1.582
2025-07-24 13:38:30.442,1.577,1.577,1.687,1.463,1.28,1.547,1.467,1.548,1.573,1.582
2025-07-24 13:38:30.491,1.577,1.577,1.688,1.462,1.254,1.546,1.466,1.548,1.572,1.582
2025-07-24 13:38:30.541,1.577,1.577,1.687,1.463,1.246,1.543,1.467,1.548,1.573,1.582
2025-07-24 13:38:30.592,1.577,1.577,1.687,1.463,1.245,1.541,1.465,1.548,1.573,1.582
2025-07-24 13:38:30.642,1.577,1.577,1.687,1.463,1.247,1.538,1.466,1.548,1.573,1.582
2025-07-24 13:38:30.692,1.577,1.577,1.688,1.462,1.287,1.536,1.468,1.548,1.573,1.582
2025-07-24 13:38:30.742,1.577,1.577,1.688,1.463,1.327,1.534,1.466,1.548,1.573,1.582
2025-07-24 13:38:30.792,1.577,1.577,1.688,1.462,1.386,1.533,1.465,1.548,1.573,1.582
2025-07-24 13:38:30.841,1.577,1.577,1.688,1.462,1.455,1.534,1.465,1.548,1.573,1.582
2025-07-24 13:38:30.891,1.577,1.577,1.687,1.463,1.515,1.534,1.466,1.548,1.573,1.582
2025-07-24 13:38:30.941,1.577,1.577,1.688,1.463,1.542,1.536,1.465,1.548,1.573,1.582
2025-07-24 13:38:30.992,1.577,1.577,1.687,1.462,1.551,1.537,1.465,1.548,1.574,1.582
2025-07-24 13:38:31.042,1.577,1.577,1.688,1.462,1.561,1.539,1.465,1.548,1.573,1.582
2025-07-24 13:38:31.092,1.577,1.577,1.688,1.462,1.562,1.54,1.466,1.548,1.573,1.582
2025-07-24 13:38:31.142,1.577,1.577,1.688,1.462,1.57,1.542,1.465,1.548,1.573,1.582
2025-07-24 13:38:31.192,1.577,1.577,1.687,1.462,1.565,1.544,1.464,1.548,1.573,1.583
2025-07-24 13:38:31.241,1.577,1.577,1.688,1.462,1.573,1.545,1.464,1.548,1.573,1.582
2025-07-24 13:38:31.292,1.578,1.577,1.687,1.463,1.566,1.546,1.466,1.548,1.573,1.582
2025-07-24 13:38:31.341,1.577,1.577,1.688,1.462,1.57,1.548,1.466,1.548,1.573,1.582
2025-07-24 13:38:31.392,1.577,1.577,1.688,1.462,1.565,1.549,1.464,1.548,1.573,1.582
2025-07-24 13:38:31.443,1.578,1.577,1.688,1.462,1.546,1.55,1.465,1.548,1.573,1.582
2025-07-24 13:38:31.492,1.577,1.577,1.687,1.462,1.509,1.551,1.466,1.548,1.573,1.582
2025-07-24 13:38:31.542,1.577,1.577,1.688,1.462,1.466,1.551,1.466,1.548,1.573,1.582
2025-07-24 13:38:31.593,1.577,1.577,1.688,1.462,1.424,1.55,1.464,1.548,1.573,1.583
2025-07-24 13:38:31.642,1.577,1.578,1.688,1.463,1.372,1.548,1.466,1.547,1.573,1.582
2025-07-24 13:38:31.693,1.578,1.577,1.688,1.462,1.329,1.548,1.465,1.548,1.573,1.583
2025-07-24 13:38:31.742,1.577,1.577,1.688,1.462,1.281,1.546,1.466,1.548,1.573,1.582
2025-07-24 13:38:31.792,1.577,1.577,1.688,1.463,1.253,1.544,1.465,1.548,1.573,1.582
2025-07-24 13:38:31.842,1.577,1.577,1.687,1.462,1.246,1.54,1.465,1.548,1.573,1.582
2025-07-24 13:38:31.892,1.577,1.577,1.688,1.463,1.248,1.537,1.464,1.548,1.573,1.582
2025-07-24 13:38:31.943,1.577,1.577,1.688,1.462,1.249,1.536,1.467,1.548,1.573,1.582
2025-07-24 13:38:31.992,1.578,1.577,1.687,1.461,1.272,1.534,1.465,1.547,1.573,1.582
2025-07-24 13:38:32.042,1.577,1.577,1.687,1.462,1.318,1.532,1.466,1.547,1.573,1.582
2025-07-24 13:38:32.092,1.577,1.577,1.688,1.462,1.382,1.532,1.465,1.548,1.573,1.582
2025-07-24 13:38:32.142,1.577,1.577,1.688,1.462,1.459,1.532,1.464,1.548,1.573,1.582
2025-07-24 13:38:32.192,1.577,1.577,1.687,1.463,1.514,1.532,1.464,1.548,1.573,1.582
2025-07-24 13:38:32.242,1.577,1.577,1.688,1.462,1.544,1.533,1.466,1.548,1.573,1.582
2025-07-24 13:38:32.293,1.577,1.577,1.688,1.463,1.552,1.535,1.464,1.548,1.572,1.582
2025-07-24 13:38:32.342,1.577,1.577,1.686,1.463,1.561,1.537,1.465,1.548,1.572,1.582
2025-07-24 13:38:32.392,1.577,1.577,1.686,1.462,1.568,1.539,1.464,1.548,1.573,1.582
2025-07-24 13:38:32.443,1.577,1.577,1.688,1.462,1.561,1.54,1.464,1.548,1.573,1.582
2025-07-24 13:38:32.493,1.577,1.577,1.688,1.462,1.563,1.541,1.464,1.548,1.572,1.582
2025-07-24 13:38:32.543,1.577,1.577,1.688,1.462,1.568,1.543,1.465,1.546,1.572,1.582
2025-07-24 13:38:32.592,1.577,1.577,1.686,1.462,1.569,1.544,1.464,1.546,1.572,1.582
2025-07-24 13:38:32.643,1.576,1.576,1.688,1.462,1.565,1.546,1.465,1.547,1.573,1.582
2025-07-24 13:38:32.692,1.577,1.577,1.687,1.462,1.569,1.548,1.465,1.547,1.572,1.582
2025-07-24 13:38:32.742,1.577,1.576,1.687,1.462,1.553,1.548,1.464,1.548,1.572,1.582
2025-07-24 13:38:32.793,1.576,1.576,1.687,1.461,1.518,1.548,1.465,1.548,1.573,1.583
2025-07-24 13:38:32.843,1.577,1.577,1.687,1.462,1.481,1.549,1.463,1.546,1.572,1.583
2025-07-24 13:38:32.892,1.577,1.577,1.688,1.463,1.427,1.549,1.463,1.547,1.572,1.584
2025-07-24 13:38:32.942,1.577,1.577,1.687,1.462,1.374,1.548,1.465,1.547,1.572,1.583
2025-07-24 13:38:32.992,1.577,1.576,1.687,1.462,1.333,1.546,1.463,1.547,1.572,1.584
2025-07-24 13:38:33.043,1.577,1.577,1.688,1.463,1.28,1.545,1.463,1.546,1.572,1.583
2025-07-24 13:38:33.093,1.576,1.575,1.688,1.462,1.25,1.542,1.464,1.547,1.572,1.584
2025-07-24 13:38:33.142,1.577,1.576,1.688,1.462,1.246,1.54,1.465,1.546,1.572,1.584
2025-07-24 13:38:33.193,1.577,1.576,1.686,1.462,1.245,1.537,1.464,1.546,1.573,1.582
2025-07-24 13:38:33.243,1.577,1.576,1.687,1.462,1.247,1.535,1.465,1.546,1.573,1.583
2025-07-24 13:38:33.293,1.577,1.577,1.686,1.463,1.267,1.533,1.464,1.547,1.573,1.583
2025-07-24 13:38:33.342,1.577,1.577,1.688,1.462,1.308,1.532,1.463,1.546,1.573,1.583
2025-07-24 13:38:33.393,1.577,1.577,1.688,1.462,1.358,1.53,1.466,1.546,1.573,1.584
2025-07-24 13:38:33.443,1.577,1.577,1.688,1.463,1.431,1.53,1.463,1.547,1.573,1.584
2025-07-24 13:38:33.493,1.577,1.577,1.688,1.462,1.487,1.53,1.462,1.546,1.573,1.584
2025-07-24 13:38:33.543,1.577,1.576,1.687,1.461,1.533,1.532,1.462,1.547,1.573,1.583
2025-07-24 13:38:33.592,1.578,1.577,1.688,1.462,1.544,1.534,1.464,1.548,1.573,1.583
2025-07-24 13:38:33.643,1.578,1.577,1.688,1.462,1.553,1.536,1.464,1.548,1.573,1.585
2025-07-24 13:38:33.692,1.578,1.577,1.688,1.463,1.562,1.538,1.462,1.548,1.573,1.583
2025-07-24 13:38:33.742,1.577,1.577,1.689,1.463,1.564,1.54,1.465,1.548,1.574,1.584
2025-07-24 13:38:33.793,1.578,1.577,1.687,1.462,1.562,1.542,1.465,1.548,1.574,1.584
2025-07-24 13:38:33.843,1.578,1.577,1.688,1.462,1.562,1.542,1.464,1.547,1.573,1.585
2025-07-24 13:38:33.893,1.578,1.577,1.688,1.462,1.565,1.544,1.465,1.548,1.573,1.585
2025-07-24 13:38:33.943,1.579,1.578,1.688,1.463,1.562,1.545,1.465,1.548,1.575,1.585
2025-07-24 13:38:33.993,1.578,1.577,1.689,1.461,1.569,1.548,1.465,1.548,1.574,1.584
2025-07-24 13:38:34.042,1.579,1.578,1.688,1.462,1.561,1.548,1.466,1.548,1.575,1.585
2025-07-24 13:38:34.093,1.578,1.577,1.688,1.461,1.544,1.549,1.465,1.548,1.573,1.584
2025-07-24 13:38:34.143,1.579,1.577,1.689,1.462,1.498,1.551,1.466,1.548,1.574,1.584
2025-07-24 13:38:34.193,1.58,1.579,1.689,1.462,1.462,1.55,1.465,1.548,1.574,1.585
2025-07-24 13:38:34.243,1.58,1.577,1.689,1.461,1.403,1.549,1.466,1.548,1.574,1.585
2025-07-24 13:38:34.293,1.58,1.577,1.688,1.461,1.359,1.548,1.466,1.548,1.573,1.584
2025-07-24 13:38:34.342,1.58,1.578,1.689,1.461,1.317,1.547,1.465,1.548,1.574,1.585
2025-07-24 13:38:34.392,1.578,1.578,1.689,1.462,1.275,1.545,1.466,1.548,1.574,1.586
2025-07-24 13:38:34.443,1.579,1.578,1.689,1.461,1.252,1.542,1.465,1.548,1.575,1.585
2025-07-24 13:38:34.493,1.579,1.577,1.688,1.461,1.254,1.54,1.465,1.548,1.574,1.585
2025-07-24 13:38:34.543,1.578,1.577,1.689,1.461,1.248,1.538,1.467,1.548,1.574,1.585
2025-07-24 13:38:34.592,1.578,1.578,1.689,1.461,1.254,1.536,1.466,1.548,1.574,1.586
2025-07-24 13:38:34.643,1.579,1.577,1.688,1.461,1.285,1.533,1.465,1.548,1.574,1.585
2025-07-24 13:38:34.692,1.58,1.578,1.688,1.461,1.328,1.532,1.466,1.548,1.574,1.585
2025-07-24 13:38:34.743,1.579,1.577,1.689,1.461,1.399,1.531,1.465,1.548,1.575,1.586
2025-07-24 13:38:34.792,1.579,1.578,1.689,1.461,1.469,1.532,1.465,1.548,1.574,1.586
2025-07-24 13:38:34.843,1.578,1.578,1.689,1.461,1.518,1.533,1.465,1.548,1.574,1.586
2025-07-24 13:38:34.893,1.578,1.578,1.688,1.461,1.54,1.534,1.465,1.548,1.574,1.586
2025-07-24 13:38:34.943,1.579,1.578,1.688,1.461,1.548,1.536,1.463,1.548,1.574,1.585
2025-07-24 13:38:34.993,1.578,1.578,1.689,1.461,1.561,1.538,1.465,1.548,1.575,1.586
2025-07-24 13:38:35.043,1.578,1.578,1.689,1.461,1.561,1.54,1.465,1.548,1.575,1.586
2025-07-24 13:38:35.093,1.578,1.578,1.689,1.461,1.561,1.54,1.466,1.548,1.575,1.586
2025-07-24 13:38:35.143,1.579,1.577,1.689,1.461,1.563,1.543,1.465,1.548,1.574,1.586
2025-07-24 13:38:35.192,1.578,1.577,1.689,1.461,1.563,1.545,1.465,1.548,1.575,1.586
2025-07-24 13:38:35.243,1.578,1.578,1.689,1.461,1.565,1.545,1.466,1.548,1.575,1.586
2025-07-24 13:38:35.294,1.577,1.579,1.689,1.461,1.565,1.547,1.464,1.549,1.575,1.587
2025-07-24 13:38:35.343,1.579,1.577,1.689,1.46,1.571,1.548,1.465,1.549,1.576,1.586
2025-07-24 13:38:35.393,1.578,1.578,1.689,1.461,1.552,1.549,1.465,1.548,1.576,1.587
2025-07-24 13:38:35.443,1.578,1.578,1.689,1.46,1.526,1.55,1.465,1.548,1.575,1.586
2025-07-24 13:38:35.493,1.577,1.578,1.689,1.46,1.495,1.551,1.466,1.548,1.575,1.587
2025-07-24 13:38:35.543,1.577,1.579,1.688,1.461,1.456,1.551,1.466,1.548,1.575,1.586
2025-07-24 13:38:35.594,1.577,1.578,1.688,1.46,1.402,1.55,1.466,1.548,1.575,1.587
2025-07-24 13:38:35.643,1.578,1.579,1.689,1.461,1.351,1.549,1.466,1.548,1.575,1.587
2025-07-24 13:38:35.694,1.577,1.579,1.689,1.459,1.303,1.547,1.465,1.548,1.575,1.586
2025-07-24 13:38:35.744,1.577,1.578,1.689,1.46,1.264,1.544,1.466,1.548,1.575,1.586
2025-07-24 13:38:35.794,1.578,1.578,1.688,1.46,1.252,1.542,1.466,1.548,1.576,1.586
2025-07-24 13:38:35.844,1.577,1.579,1.689,1.46,1.25,1.54,1.466,1.548,1.575,1.587
2025-07-24 13:38:35.894,1.577,1.578,1.689,1.46,1.251,1.538,1.466,1.548,1.575,1.587
2025-07-24 13:38:35.943,1.577,1.577,1.689,1.46,1.281,1.536,1.465,1.549,1.575,1.588
2025-07-24 13:38:35.994,1.579,1.578,1.689,1.46,1.311,1.534,1.466,1.548,1.575,1.587
2025-07-24 13:38:36.043,1.577,1.577,1.689,1.461,1.37,1.533,1.466,1.548,1.575,1.587
2025-07-24 13:38:36.094,1.578,1.578,1.689,1.46,1.435,1.532,1.465,1.548,1.575,1.587
2025-07-24 13:38:36.143,1.577,1.578,1.688,1.459,1.497,1.533,1.465,1.548,1.575,1.587
2025-07-24 13:38:36.193,1.577,1.578,1.689,1.46,1.53,1.535,1.465,1.548,1.575,1.586
2025-07-24 13:38:36.243,1.578,1.578,1.687,1.46,1.552,1.536,1.465,1.548,1.575,1.587
2025-07-24 13:38:36.294,1.578,1.578,1.689,1.46,1.553,1.538,1.462,1.548,1.576,1.587
2025-07-24 13:38:36.344,1.578,1.577,1.689,1.46,1.56,1.54,1.466,1.548,1.575,1.587
2025-07-24 13:38:36.393,1.578,1.578,1.688,1.46,1.561,1.541,1.465,1.548,1.575,1.587
2025-07-24 13:38:36.443,1.578,1.578,1.689,1.459,1.567,1.542,1.466,1.548,1.575,1.586
2025-07-24 13:38:36.494,1.577,1.577,1.689,1.46,1.564,1.544,1.465,1.548,1.575,1.587
2025-07-24 13:38:36.544,1.578,1.578,1.689,1.46,1.567,1.545,1.464,1.548,1.575,1.587
2025-07-24 13:38:36.593,1.578,1.578,1.687,1.46,1.567,1.546,1.465,1.548,1.575,1.586
2025-07-24 13:38:36.644,1.577,1.577,1.689,1.459,1.557,1.548,1.465,1.548,1.574,1.586
2025-07-24 13:38:36.693,1.577,1.577,1.688,1.46,1.563,1.549,1.466,1.548,1.575,1.587
2025-07-24 13:38:36.743,1.578,1.578,1.689,1.46,1.561,1.55,1.466,1.548,1.575,1.587
2025-07-24 13:38:36.794,1.578,1.578,1.689,1.459,1.53,1.552,1.464,1.548,1.575,1.588
2025-07-24 13:38:36.844,1.579,1.578,1.689,1.46,1.492,1.551,1.464,1.548,1.575,1.587
2025-07-24 13:38:36.894,1.578,1.577,1.689,1.46,1.45,1.552,1.465,1.548,1.576,1.587
2025-07-24 13:38:36.944,1.577,1.577,1.688,1.459,1.393,1.551,1.466,1.548,1.574,1.586
2025-07-24 13:38:36.994,1.577,1.578,1.688,1.46,1.349,1.548,1.466,1.548,1.575,1.587
2025-07-24 13:38:37.044,1.578,1.577,1.688,1.46,1.298,1.548,1.465,1.548,1.574,1.587
2025-07-24 13:38:37.094,1.578,1.577,1.688,1.46,1.263,1.546,1.466,1.547,1.574,1.586
2025-07-24 13:38:37.145,1.578,1.577,1.688,1.46,1.256,1.543,1.463,1.548,1.574,1.586
2025-07-24 13:38:37.194,1.578,1.577,1.688,1.46,1.254,1.54,1.466,1.548,1.574,1.587
2025-07-24 13:38:37.244,1.577,1.577,1.688,1.46,1.258,1.537,1.464,1.548,1.574,1.586
2025-07-24 13:38:37.294,1.577,1.577,1.687,1.461,1.296,1.536,1.465,1.548,1.574,1.586
2025-07-24 13:38:37.344,1.577,1.578,1.688,1.461,1.342,1.534,1.465,1.548,1.574,1.586
2025-07-24 13:38:37.394,1.577,1.577,1.689,1.46,1.403,1.534,1.464,1.548,1.574,1.586
2025-07-24 13:38:37.444,1.577,1.577,1.688,1.461,1.467,1.534,1.465,1.547,1.574,1.586
2025-07-24 13:38:37.494,1.577,1.577,1.688,1.46,1.52,1.535,1.464,1.547,1.574,1.586
2025-07-24 13:38:37.544,1.578,1.577,1.688,1.461,1.544,1.536,1.463,1.547,1.574,1.586
2025-07-24 13:38:37.594,1.577,1.577,1.688,1.461,1.556,1.538,1.463,1.548,1.573,1.586
2025-07-24 13:38:37.644,1.577,1.577,1.689,1.461,1.559,1.54,1.464,1.547,1.573,1.586
2025-07-24 13:38:37.694,1.577,1.577,1.688,1.461,1.561,1.541,1.464,1.548,1.573,1.586
2025-07-24 13:38:37.744,1.577,1.578,1.688,1.461,1.563,1.542,1.465,1.548,1.573,1.586
2025-07-24 13:38:37.794,1.577,1.577,1.687,1.461,1.562,1.544,1.464,1.547,1.573,1.585
2025-07-24 13:38:37.844,1.577,1.577,1.688,1.461,1.571,1.545,1.465,1.548,1.573,1.586
2025-07-24 13:38:37.894,1.577,1.577,1.688,1.461,1.565,1.546,1.463,1.547,1.573,1.585
2025-07-24 13:38:37.944,1.577,1.577,1.688,1.461,1.56,1.548,1.466,1.547,1.573,1.586
2025-07-24 13:38:37.994,1.577,1.577,1.687,1.461,1.564,1.549,1.466,1.546,1.573,1.585
2025-07-24 13:38:38.044,1.576,1.576,1.687,1.461,1.562,1.55,1.463,1.548,1.573,1.584
2025-07-24 13:38:38.094,1.577,1.577,1.687,1.461,1.534,1.551,1.465,1.547,1.573,1.584
2025-07-24 13:38:38.144,1.577,1.577,1.688,1.461,1.504,1.553,1.465,1.547,1.572,1.585
2025-07-24 13:38:38.194,1.577,1.578,1.687,1.461,1.459,1.552,1.465,1.547,1.573,1.584
2025-07-24 13:38:38.244,1.577,1.577,1.688,1.461,1.412,1.551,1.465,1.548,1.572,1.584
2025-07-24 13:38:38.294,1.577,1.576,1.687,1.461,1.36,1.55,1.464,1.547,1.572,1.584
2025-07-24 13:38:38.345,1.577,1.577,1.687,1.461,1.316,1.548,1.464,1.547,1.573,1.583
2025-07-24 13:38:38.394,1.577,1.577,1.688,1.461,1.271,1.546,1.464,1.548,1.572,1.584
2025-07-24 13:38:38.444,1.577,1.577,1.687,1.461,1.254,1.544,1.465,1.547,1.572,1.584
2025-07-24 13:38:38.494,1.577,1.577,1.688,1.461,1.249,1.541,1.465,1.546,1.573,1.584
2025-07-24 13:38:38.545,1.577,1.577,1.687,1.461,1.249,1.538,1.465,1.546,1.573,1.584
2025-07-24 13:38:38.595,1.577,1.577,1.688,1.461,1.275,1.536,1.464,1.546,1.573,1.584
2025-07-24 13:38:38.644,1.577,1.577,1.688,1.461,1.324,1.534,1.464,1.547,1.573,1.584
2025-07-24 13:38:38.694,1.577,1.577,1.688,1.461,1.375,1.533,1.465,1.548,1.573,1.583
2025-07-24 13:38:38.744,1.577,1.577,1.687,1.461,1.435,1.533,1.465,1.548,1.573,1.584
2025-07-24 13:38:38.794,1.577,1.577,1.688,1.461,1.489,1.534,1.463,1.548,1.573,1.583
2025-07-24 13:38:38.845,1.578,1.577,1.688,1.462,1.535,1.535,1.465,1.548,1.573,1.584
2025-07-24 13:38:38.894,1.578,1.577,1.688,1.461,1.543,1.537,1.463,1.547,1.573,1.584
2025-07-24 13:38:38.944,1.577,1.577,1.688,1.461,1.557,1.54,1.464,1.547,1.573,1.584
2025-07-24 13:38:38.995,1.577,1.577,1.687,1.461,1.563,1.54,1.464,1.547,1.572,1.583
2025-07-24 13:38:39.045,1.578,1.577,1.688,1.462,1.567,1.54,1.466,1.547,1.572,1.583
2025-07-24 13:38:39.094,1.578,1.577,1.686,1.462,1.564,1.543,1.465,1.547,1.572,1.584
2025-07-24 13:38:39.144,1.577,1.577,1.688,1.462,1.57,1.544,1.465,1.547,1.572,1.583
2025-07-24 13:38:39.195,1.578,1.577,1.687,1.462,1.565,1.546,1.465,1.547,1.573,1.584
2025-07-24 13:38:39.245,1.577,1.576,1.688,1.462,1.568,1.548,1.465,1.547,1.573,1.584
2025-07-24 13:38:39.295,1.578,1.577,1.688,1.462,1.565,1.548,1.465,1.548,1.572,1.584
2025-07-24 13:38:39.345,1.577,1.577,1.688,1.461,1.565,1.549,1.465,1.547,1.572,1.584
2025-07-24 13:38:39.395,1.578,1.577,1.687,1.461,1.544,1.552,1.465,1.546,1.572,1.583
2025-07-24 13:38:39.445,1.578,1.578,1.687,1.462,1.507,1.552,1.465,1.548,1.573,1.584
2025-07-24 13:38:39.494,1.577,1.577,1.688,1.461,1.47,1.551,1.466,1.547,1.573,1.584
2025-07-24 13:38:39.544,1.578,1.577,1.688,1.462,1.416,1.552,1.465,1.547,1.572,1.584
2025-07-24 13:38:39.594,1.577,1.578,1.688,1.462,1.374,1.55,1.466,1.548,1.573,1.585
2025-07-24 13:38:39.644,1.578,1.577,1.688,1.462,1.336,1.549,1.465,1.547,1.572,1.585
2025-07-24 13:38:39.694,1.577,1.577,1.689,1.461,1.304,1.547,1.465,1.548,1.573,1.584
2025-07-24 13:38:39.745,1.578,1.577,1.688,1.461,1.28,1.545,1.464,1.547,1.572,1.584
2025-07-24 13:38:39.795,1.578,1.577,1.689,1.462,1.269,1.542,1.465,1.548,1.573,1.585
2025-07-24 13:38:39.844,1.578,1.577,1.688,1.462,1.266,1.54,1.465,1.547,1.572,1.585
2025-07-24 13:38:39.894,1.578,1.577,1.688,1.462,1.267,1.538,1.466,1.547,1.572,1.586
2025-07-24 13:38:39.944,1.577,1.578,1.689,1.462,1.277,1.536,1.467,1.548,1.572,1.585
2025-07-24 13:38:39.995,1.577,1.577,1.687,1.462,1.312,1.533,1.465,1.547,1.572,1.585
2025-07-24 13:38:40.045,1.578,1.577,1.689,1.462,1.355,1.532,1.465,1.547,1.571,1.586
2025-07-24 13:38:40.095,1.578,1.577,1.688,1.462,1.418,1.532,1.464,1.547,1.573,1.586
2025-07-24 13:38:40.145,1.577,1.577,1.687,1.462,1.474,1.532,1.463,1.547,1.572,1.586
2025-07-24 13:38:40.195,1.577,1.577,1.688,1.462,1.512,1.533,1.463,1.547,1.572,1.586
2025-07-24 13:38:40.245,1.577,1.576,1.687,1.461,1.542,1.535,1.463,1.548,1.572,1.586
2025-07-24 13:38:40.295,1.577,1.577,1.688,1.461,1.555,1.537,1.465,1.547,1.571,1.586
2025-07-24 13:38:40.345,1.577,1.577,1.687,1.462,1.561,1.538,1.462,1.547,1.572,1.586
2025-07-24 13:38:40.395,1.577,1.577,1.689,1.462,1.563,1.539,1.464,1.548,1.572,1.586
2025-07-24 13:38:40.445,1.577,1.577,1.689,1.461,1.569,1.541,1.462,1.548,1.571,1.586
2025-07-24 13:38:40.495,1.577,1.577,1.688,1.461,1.567,1.543,1.462,1.547,1.573,1.586
2025-07-24 13:38:40.544,1.576,1.577,1.687,1.461,1.571,1.544,1.464,1.547,1.572,1.587
2025-07-24 13:38:40.595,1.577,1.576,1.688,1.462,1.572,1.546,1.465,1.548,1.572,1.586
2025-07-24 13:38:40.645,1.577,1.577,1.687,1.462,1.569,1.546,1.465,1.547,1.572,1.586
2025-07-24 13:38:40.695,1.577,1.577,1.688,1.462,1.568,1.548,1.464,1.546,1.572,1.586
2025-07-24 13:38:40.746,1.576,1.577,1.688,1.461,1.573,1.55,1.463,1.547,1.572,1.586
2025-07-24 13:38:40.795,1.577,1.577,1.687,1.463,1.564,1.55,1.464,1.547,1.572,1.586
2025-07-24 13:38:40.845,1.576,1.577,1.687,1.462,1.531,1.553,1.463,1.546,1.572,1.586
2025-07-24 13:38:40.895,1.577,1.577,1.687,1.461,1.5,1.551,1.463,1.546,1.572,1.587
2025-07-24 13:38:40.945,1.576,1.576,1.688,1.462,1.445,1.553,1.466,1.547,1.572,1.586
2025-07-24 13:38:40.995,1.577,1.576,1.688,1.462,1.408,1.551,1.464,1.547,1.573,1.586
2025-07-24 13:38:41.044,1.577,1.577,1.687,1.462,1.362,1.55,1.465,1.546,1.573,1.587
2025-07-24 13:38:41.095,1.577,1.577,1.687,1.462,1.335,1.548,1.466,1.546,1.573,1.586
2025-07-24 13:38:41.145,1.577,1.577,1.687,1.462,1.292,1.547,1.463,1.546,1.573,1.586
2025-07-24 13:38:41.195,1.577,1.576,1.687,1.462,1.267,1.544,1.465,1.546,1.573,1.586
2025-07-24 13:38:41.244,1.576,1.577,1.688,1.463,1.265,1.542,1.465,1.546,1.573,1.586
2025-07-24 13:38:41.295,1.576,1.576,1.687,1.462,1.264,1.54,1.465,1.546,1.573,1.586
2025-07-24 13:38:41.346,1.576,1.577,1.687,1.462,1.283,1.538,1.465,1.546,1.573,1.586
2025-07-24 13:38:41.395,1.576,1.577,1.688,1.463,1.323,1.536,1.465,1.547,1.573,1.586
2025-07-24 13:38:41.444,1.577,1.577,1.688,1.462,1.378,1.536,1.465,1.547,1.573,1.586
2025-07-24 13:38:41.496,1.576,1.577,1.688,1.462,1.441,1.534,1.466,1.547,1.574,1.586
2025-07-24 13:38:41.545,1.577,1.577,1.688,1.462,1.498,1.536,1.465,1.547,1.573,1.586
2025-07-24 13:38:41.595,1.577,1.577,1.689,1.463,1.532,1.538,1.465,1.548,1.573,1.586
2025-07-24 13:38:41.645,1.577,1.577,1.688,1.463,1.552,1.538,1.465,1.548,1.573,1.586
2025-07-24 13:38:41.695,1.576,1.577,1.688,1.462,1.564,1.54,1.465,1.547,1.573,1.586
2025-07-24 13:38:41.745,1.577,1.577,1.689,1.461,1.561,1.542,1.465,1.548,1.573,1.586
2025-07-24 13:38:41.795,1.577,1.577,1.688,1.462,1.562,1.544,1.465,1.548,1.574,1.586
2025-07-24 13:38:41.845,1.576,1.577,1.689,1.461,1.563,1.544,1.466,1.548,1.573,1.586
2025-07-24 13:38:41.895,1.577,1.577,1.688,1.461,1.567,1.547,1.466,1.548,1.573,1.586
2025-07-24 13:38:41.945,1.577,1.577,1.689,1.461,1.565,1.548,1.465,1.548,1.573,1.586
2025-07-24 13:38:41.995,1.576,1.578,1.688,1.462,1.572,1.549,1.465,1.548,1.573,1.585
2025-07-24 13:38:42.045,1.577,1.577,1.689,1.461,1.569,1.55,1.465,1.548,1.573,1.586
2025-07-24 13:38:42.096,1.577,1.578,1.689,1.461,1.565,1.552,1.465,1.548,1.574,1.586
2025-07-24 13:38:42.146,1.577,1.578,1.688,1.461,1.548,1.553,1.465,1.548,1.573,1.585
2025-07-24 13:38:42.195,1.576,1.577,1.688,1.462,1.518,1.554,1.465,1.548,1.574,1.586
2025-07-24 13:38:42.246,1.576,1.577,1.689,1.461,1.48,1.554,1.466,1.548,1.573,1.586
2025-07-24 13:38:42.295,1.576,1.577,1.689,1.461,1.446,1.553,1.466,1.548,1.575,1.587
2025-07-24 13:38:42.345,1.576,1.578,1.689,1.461,1.399,1.553,1.466,1.548,1.574,1.586
2025-07-24 13:38:42.395,1.577,1.578,1.689,1.461,1.359,1.551,1.466,1.549,1.574,1.586
2025-07-24 13:38:42.445,1.576,1.578,1.689,1.461,1.313,1.549,1.466,1.548,1.575,1.586
2025-07-24 13:38:42.495,1.577,1.578,1.689,1.461,1.282,1.547,1.466,1.548,1.575,1.586
2025-07-24 13:38:42.545,1.577,1.577,1.689,1.461,1.263,1.545,1.466,1.548,1.575,1.586
2025-07-24 13:38:42.596,1.577,1.577,1.689,1.461,1.267,1.544,1.466,1.548,1.574,1.586
2025-07-24 13:38:42.646,1.577,1.578,1.689,1.461,1.262,1.54,1.465,1.549,1.575,1.586
2025-07-24 13:38:42.696,1.577,1.578,1.689,1.461,1.273,1.538,1.466,1.548,1.574,1.586
2025-07-24 13:38:42.746,1.576,1.577,1.689,1.46,1.308,1.536,1.466,1.548,1.575,1.587
2025-07-24 13:38:42.796,1.577,1.578,1.689,1.461,1.356,1.536,1.467,1.549,1.575,1.587
2025-07-24 13:38:42.846,1.577,1.577,1.689,1.461,1.408,1.535,1.466,1.548,1.574,1.586
2025-07-24 13:38:42.895,1.577,1.577,1.689,1.46,1.467,1.535,1.466,1.549,1.576,1.587
2025-07-24 13:38:42.945,1.577,1.578,1.689,1.461,1.518,1.536,1.466,1.549,1.575,1.587
2025-07-24 13:38:42.996,1.577,1.578,1.689,1.46,1.543,1.536,1.466,1.549,1.575,1.587
2025-07-24 13:38:43.045,1.577,1.577,1.689,1.46,1.553,1.539,1.466,1.548,1.576,1.586
2025-07-24 13:38:43.095,1.577,1.578,1.689,1.46,1.564,1.541,1.466,1.549,1.576,1.587
2025-07-24 13:38:43.146,1.577,1.577,1.689,1.461,1.565,1.542,1.466,1.549,1.576,1.588
2025-07-24 13:38:43.195,1.577,1.577,1.689,1.461,1.566,1.544,1.466,1.549,1.576,1.587
2025-07-24 13:38:43.245,1.577,1.578,1.689,1.461,1.569,1.545,1.466,1.548,1.576,1.588
2025-07-24 13:38:43.295,1.577,1.579,1.689,1.46,1.567,1.546,1.466,1.548,1.575,1.587
2025-07-24 13:38:43.346,1.577,1.577,1.689,1.46,1.571,1.548,1.466,1.548,1.576,1.587
2025-07-24 13:38:43.396,1.577,1.577,1.689,1.46,1.568,1.55,1.465,1.549,1.576,1.587
2025-07-24 13:38:43.446,1.577,1.578,1.689,1.46,1.568,1.551,1.466,1.548,1.576,1.587
2025-07-24 13:38:43.496,1.577,1.578,1.69,1.46,1.566,1.553,1.467,1.549,1.575,1.588
2025-07-24 13:38:43.546,1.578,1.578,1.689,1.46,1.57,1.554,1.466,1.549,1.576,1.587
2025-07-24 13:38:43.596,1.578,1.578,1.689,1.46,1.542,1.554,1.466,1.548,1.576,1.587
2025-07-24 13:38:43.646,1.578,1.577,1.689,1.46,1.51,1.555,1.467,1.548,1.576,1.587
2025-07-24 13:38:43.696,1.577,1.578,1.689,1.46,1.47,1.555,1.465,1.548,1.576,1.588
2025-07-24 13:38:43.746,1.578,1.577,1.689,1.46,1.418,1.554,1.466,1.548,1.576,1.588
2025-07-24 13:38:43.796,1.578,1.578,1.689,1.46,1.368,1.553,1.466,1.549,1.576,1.588
2025-07-24 13:38:43.846,1.578,1.578,1.689,1.46,1.319,1.551,1.466,1.549,1.576,1.588
2025-07-24 13:38:43.896,1.579,1.577,1.689,1.46,1.283,1.55,1.466,1.548,1.576,1.588
2025-07-24 13:38:43.947,1.579,1.578,1.689,1.46,1.265,1.546,1.466,1.548,1.576,1.589
2025-07-24 13:38:43.995,1.578,1.577,1.689,1.46,1.265,1.544,1.465,1.548,1.576,1.587
2025-07-24 13:38:44.045,1.577,1.577,1.689,1.46,1.262,1.542,1.467,1.548,1.577,1.587
2025-07-24 13:38:44.097,1.578,1.577,1.689,1.46,1.284,1.539,1.466,1.548,1.575,1.588
2025-07-24 13:38:44.146,1.579,1.578,1.689,1.46,1.319,1.537,1.467,1.548,1.575,1.588
2025-07-24 13:38:44.197,1.578,1.578,1.689,1.46,1.376,1.536,1.466,1.548,1.575,1.587
2025-07-24 13:38:44.245,1.579,1.577,1.688,1.46,1.437,1.536,1.466,1.548,1.576,1.589
2025-07-24 13:38:44.296,1.578,1.577,1.689,1.46,1.5,1.536,1.465,1.548,1.576,1.588
2025-07-24 13:38:44.347,1.579,1.578,1.688,1.459,1.538,1.538,1.466,1.548,1.576,1.587
2025-07-24 13:38:44.396,1.578,1.577,1.689,1.459,1.553,1.539,1.466,1.548,1.575,1.588
2025-07-24 13:38:44.446,1.578,1.578,1.689,1.46,1.557,1.543,1.466,1.548,1.575,1.588
2025-07-24 13:38:44.496,1.579,1.578,1.689,1.459,1.555,1.543,1.466,1.548,1.575,1.589
2025-07-24 13:38:44.546,1.578,1.577,1.689,1.459,1.563,1.544,1.467,1.548,1.575,1.588
2025-07-24 13:38:44.596,1.578,1.577,1.689,1.459,1.568,1.545,1.466,1.548,1.576,1.587
2025-07-24 13:38:44.646,1.579,1.578,1.689,1.459,1.566,1.547,1.468,1.548,1.576,1.588
2025-07-24 13:38:44.696,1.579,1.577,1.689,1.46,1.568,1.548,1.466,1.548,1.576,1.588
2025-07-24 13:38:44.747,1.579,1.577,1.689,1.46,1.563,1.549,1.465,1.548,1.576,1.589
2025-07-24 13:38:44.796,1.578,1.578,1.689,1.46,1.564,1.551,1.465,1.548,1.575,1.588
2025-07-24 13:38:44.846,1.58,1.578,1.689,1.459,1.562,1.552,1.466,1.548,1.575,1.588
2025-07-24 13:38:44.896,1.579,1.577,1.689,1.46,1.543,1.553,1.465,1.549,1.576,1.588
2025-07-24 13:38:44.946,1.58,1.577,1.688,1.46,1.507,1.553,1.466,1.548,1.575,1.587
2025-07-24 13:38:44.996,1.579,1.577,1.689,1.46,1.466,1.553,1.465,1.548,1.575,1.588
2025-07-24 13:38:45.046,1.579,1.577,1.689,1.46,1.41,1.553,1.465,1.548,1.575,1.587
2025-07-24 13:38:45.096,1.58,1.577,1.689,1.46,1.366,1.552,1.468,1.549,1.575,1.588
2025-07-24 13:38:45.146,1.58,1.577,1.689,1.46,1.32,1.551,1.466,1.548,1.576,1.587
2025-07-24 13:38:45.196,1.579,1.577,1.688,1.46,1.285,1.547,1.465,1.549,1.575,1.587
2025-07-24 13:38:45.247,1.58,1.577,1.688,1.46,1.264,1.545,1.466,1.548,1.575,1.588
2025-07-24 13:38:45.297,1.579,1.578,1.688,1.46,1.262,1.543,1.466,1.548,1.575,1.587
2025-07-24 13:38:45.346,1.579,1.577,1.689,1.46,1.263,1.541,1.465,1.548,1.575,1.587
2025-07-24 13:38:45.397,1.579,1.578,1.687,1.46,1.262,1.538,1.466,1.548,1.574,1.588
2025-07-24 13:38:45.447,1.579,1.577,1.687,1.46,1.291,1.536,1.465,1.548,1.574,1.587
2025-07-24 13:38:45.496,1.578,1.577,1.688,1.46,1.329,1.535,1.464,1.548,1.574,1.587
2025-07-24 13:38:45.547,1.578,1.577,1.688,1.46,1.383,1.534,1.465,1.548,1.575,1.587
2025-07-24 13:38:45.596,1.579,1.577,1.687,1.461,1.443,1.533,1.465,1.548,1.574,1.586
2025-07-24 13:38:45.647,1.578,1.577,1.687,1.461,1.503,1.535,1.465,1.548,1.574,1.587
2025-07-24 13:38:45.697,1.578,1.577,1.687,1.461,1.536,1.536,1.465,1.548,1.574,1.587
2025-07-24 13:38:45.747,1.579,1.577,1.689,1.461,1.544,1.537,1.464,1.548,1.574,1.586
2025-07-24 13:38:45.797,1.578,1.577,1.687,1.461,1.552,1.539,1.464,1.548,1.575,1.586
2025-07-24 13:38:45.847,1.579,1.578,1.688,1.461,1.561,1.539,1.465,1.548,1.573,1.587
2025-07-24 13:38:45.897,1.579,1.577,1.688,1.461,1.565,1.541,1.466,1.548,1.573,1.586
2025-07-24 13:38:45.947,1.577,1.577,1.688,1.461,1.563,1.542,1.465,1.547,1.573,1.586
2025-07-24 13:38:45.996,1.577,1.577,1.688,1.461,1.564,1.544,1.464,1.548,1.573,1.586
2025-07-24 13:38:46.046,1.577,1.577,1.687,1.461,1.569,1.545,1.463,1.548,1.573,1.586
2025-07-24 13:38:46.097,1.577,1.577,1.688,1.461,1.573,1.547,1.466,1.547,1.573,1.586
2025-07-24 13:38:46.147,1.577,1.577,1.687,1.461,1.565,1.548,1.465,1.547,1.573,1.586
2025-07-24 13:38:46.197,1.577,1.577,1.688,1.461,1.562,1.549,1.464,1.548,1.573,1.585
2025-07-24 13:38:46.247,1.577,1.577,1.687,1.461,1.539,1.551,1.462,1.547,1.573,1.586
2025-07-24 13:38:46.296,1.577,1.577,1.687,1.461,1.505,1.551,1.465,1.547,1.573,1.585
2025-07-24 13:38:46.347,1.577,1.577,1.688,1.461,1.468,1.55,1.465,1.548,1.573,1.586
2025-07-24 13:38:46.397,1.577,1.577,1.688,1.461,1.424,1.551,1.463,1.548,1.573,1.584
2025-07-24 13:38:46.447,1.577,1.577,1.687,1.462,1.382,1.549,1.465,1.547,1.573,1.585
2025-07-24 13:38:46.497,1.577,1.577,1.688,1.461,1.332,1.548,1.465,1.546,1.573,1.585
2025-07-24 13:38:46.546,1.577,1.577,1.688,1.461,1.3,1.546,1.466,1.547,1.573,1.584
2025-07-24 13:38:46.597,1.578,1.577,1.687,1.461,1.277,1.544,1.465,1.548,1.573,1.584
2025-07-24 13:38:46.647,1.578,1.577,1.688,1.462,1.279,1.542,1.466,1.548,1.573,1.585
2025-07-24 13:38:46.697,1.577,1.578,1.688,1.461,1.272,1.54,1.465,1.547,1.573,1.585
2025-07-24 13:38:46.747,1.578,1.577,1.689,1.461,1.277,1.538,1.466,1.548,1.573,1.584
2025-07-24 13:38:46.797,1.578,1.577,1.689,1.462,1.313,1.536,1.466,1.548,1.573,1.584
2025-07-24 13:38:46.847,1.578,1.577,1.688,1.461,1.356,1.535,1.465,1.548,1.573,1.585
2025-07-24 13:38:46.897,1.578,1.577,1.689,1.461,1.42,1.535,1.466,1.548,1.573,1.585
2025-07-24 13:38:46.947,1.579,1.577,1.689,1.461,1.486,1.535,1.464,1.548,1.573,1.585
2025-07-24 13:38:46.997,1.578,1.578,1.689,1.461,1.532,1.536,1.465,1.548,1.574,1.585
2025-07-24 13:38:47.047,1.579,1.577,1.689,1.461,1.55,1.538,1.466,1.548,1.573,1.585
2025-07-24 13:38:47.096,1.58,1.578,1.689,1.461,1.564,1.54,1.466,1.548,1.574,1.585
2025-07-24 13:38:47.147,1.578,1.578,1.688,1.461,1.565,1.541,1.464,1.548,1.573,1.585
2025-07-24 13:38:47.197,1.578,1.578,1.689,1.461,1.566,1.543,1.465,1.548,1.574,1.585
2025-07-24 13:38:47.247,1.579,1.578,1.689,1.461,1.565,1.544,1.466,1.549,1.574,1.585
2025-07-24 13:38:47.297,1.579,1.577,1.688,1.461,1.568,1.546,1.464,1.548,1.574,1.585
2025-07-24 13:38:47.347,1.578,1.577,1.688,1.461,1.566,1.548,1.466,1.548,1.574,1.585
2025-07-24 13:38:47.397,1.58,1.578,1.689,1.461,1.567,1.548,1.466,1.549,1.574,1.586
2025-07-24 13:38:47.447,1.58,1.578,1.689,1.461,1.568,1.55,1.466,1.548,1.574,1.586
2025-07-24 13:38:47.497,1.578,1.579,1.688,1.461,1.567,1.553,1.465,1.548,1.574,1.586
2025-07-24 13:38:47.547,1.579,1.578,1.689,1.461,1.548,1.552,1.467,1.548,1.575,1.586
2025-07-24 13:38:47.596,1.579,1.579,1.689,1.461,1.506,1.553,1.466,1.549,1.575,1.586
2025-07-24 13:38:47.647,1.578,1.579,1.689,1.46,1.457,1.553,1.466,1.548,1.575,1.586
2025-07-24 13:38:47.697,1.579,1.579,1.689,1.461,1.398,1.553,1.466,1.548,1.574,1.586
2025-07-24 13:38:47.747,1.578,1.579,1.689,1.461,1.346,1.551,1.466,1.549,1.575,1.586
2025-07-24 13:38:47.797,1.578,1.579,1.689,1.461,1.299,1.549,1.466,1.548,1.576,1.586
2025-07-24 13:38:47.847,1.577,1.579,1.689,1.46,1.27,1.548,1.466,1.548,1.575,1.586
2025-07-24 13:38:47.898,1.577,1.578,1.689,1.46,1.262,1.544,1.466,1.548,1.577,1.586
2025-07-24 13:38:47.947,1.578,1.577,1.689,1.461,1.262,1.543,1.466,1.549,1.576,1.586
2025-07-24 13:38:47.998,1.578,1.577,1.689,1.46,1.259,1.54,1.466,1.549,1.576,1.586
2025-07-24 13:38:48.047,1.578,1.578,1.689,1.46,1.275,1.537,1.466,1.549,1.575,1.587
2025-07-24 13:38:48.098,1.578,1.579,1.689,1.46,1.321,1.536,1.466,1.549,1.575,1.587
2025-07-24 13:38:48.147,1.578,1.578,1.689,1.461,1.374,1.536,1.466,1.548,1.575,1.587
2025-07-24 13:38:48.196,1.578,1.578,1.689,1.46,1.445,1.535,1.466,1.548,1.576,1.587
2025-07-24 13:38:48.248,1.577,1.578,1.689,1.461,1.498,1.536,1.467,1.548,1.575,1.587
2025-07-24 13:38:48.298,1.578,1.578,1.689,1.46,1.536,1.538,1.466,1.55,1.575,1.586
2025-07-24 13:38:48.347,1.578,1.579,1.69,1.46,1.551,1.539,1.466,1.549,1.576,1.588
2025-07-24 13:38:48.397,1.578,1.579,1.689,1.459,1.56,1.54,1.466,1.548,1.577,1.588
2025-07-24 13:38:48.447,1.578,1.58,1.689,1.46,1.561,1.54,1.464,1.549,1.576,1.587
2025-07-24 13:38:48.498,1.578,1.578,1.689,1.46,1.562,1.544,1.466,1.548,1.576,1.587
2025-07-24 13:38:48.548,1.578,1.578,1.689,1.46,1.559,1.545,1.465,1.549,1.576,1.587
2025-07-24 13:38:48.598,1.578,1.579,1.689,1.46,1.567,1.546,1.466,1.549,1.576,1.587
2025-07-24 13:38:48.647,1.577,1.579,1.689,1.46,1.564,1.547,1.464,1.549,1.576,1.588
2025-07-24 13:38:48.698,1.578,1.578,1.689,1.459,1.567,1.548,1.466,1.548,1.577,1.588
2025-07-24 13:38:48.748,1.579,1.578,1.689,1.46,1.569,1.55,1.467,1.549,1.577,1.588
2025-07-24 13:38:48.798,1.578,1.579,1.689,1.46,1.565,1.551,1.466,1.548,1.577,1.587
2025-07-24 13:38:48.847,1.579,1.578,1.689,1.46,1.559,1.552,1.466,1.548,1.576,1.587
2025-07-24 13:38:48.897,1.579,1.579,1.689,1.46,1.529,1.554,1.466,1.549,1.577,1.587
2025-07-24 13:38:48.948,1.58,1.579,1.688,1.459,1.482,1.554,1.466,1.549,1.576,1.589
2025-07-24 13:38:48.998,1.578,1.579,1.689,1.46,1.439,1.554,1.467,1.548,1.576,1.588
2025-07-24 13:38:49.048,1.58,1.577,1.689,1.46,1.378,1.552,1.466,1.549,1.576,1.588
2025-07-24 13:38:49.097,1.579,1.578,1.689,1.46,1.326,1.552,1.466,1.548,1.576,1.587
2025-07-24 13:38:49.147,1.579,1.578,1.689,1.46,1.275,1.548,1.466,1.548,1.577,1.589
2025-07-24 13:38:49.198,1.58,1.579,1.689,1.46,1.25,1.546,1.466,1.549,1.576,1.588
2025-07-24 13:38:49.247,1.579,1.58,1.689,1.46,1.241,1.542,1.465,1.548,1.577,1.588
2025-07-24 13:38:49.297,1.578,1.578,1.689,1.459,1.234,1.541,1.466,1.548,1.577,1.588
2025-07-24 13:38:49.348,1.578,1.578,1.689,1.46,1.237,1.539,1.466,1.548,1.576,1.588
2025-07-24 13:38:49.398,1.579,1.578,1.689,1.459,1.258,1.536,1.467,1.549,1.576,1.588
2025-07-24 13:38:49.448,1.58,1.578,1.689,1.459,1.297,1.533,1.466,1.548,1.576,1.588
2025-07-24 13:38:49.498,1.579,1.579,1.689,1.459,1.352,1.532,1.466,1.548,1.576,1.588
2025-07-24 13:38:49.548,1.581,1.577,1.689,1.46,1.42,1.532,1.466,1.548,1.577,1.589
2025-07-24 13:38:49.598,1.58,1.577,1.689,1.46,1.486,1.532,1.466,1.548,1.577,1.589
2025-07-24 13:38:49.648,1.58,1.578,1.688,1.46,1.532,1.535,1.466,1.548,1.576,1.588
2025-07-24 13:38:49.698,1.579,1.578,1.689,1.459,1.553,1.536,1.465,1.548,1.576,1.589
2025-07-24 13:38:49.748,1.579,1.578,1.689,1.46,1.553,1.537,1.465,1.549,1.575,1.588
2025-07-24 13:38:49.798,1.58,1.579,1.688,1.459,1.568,1.539,1.466,1.549,1.576,1.587
2025-07-24 13:38:49.848,1.58,1.578,1.689,1.459,1.566,1.541,1.465,1.548,1.576,1.588
2025-07-24 13:38:49.897,1.579,1.577,1.688,1.46,1.562,1.542,1.465,1.548,1.576,1.589
2025-07-24 13:38:49.948,1.58,1.577,1.689,1.46,1.568,1.543,1.466,1.548,1.575,1.588
2025-07-24 13:38:49.998,1.579,1.578,1.689,1.46,1.569,1.544,1.465,1.548,1.576,1.588
2025-07-24 13:38:50.048,1.58,1.578,1.688,1.459,1.565,1.546,1.466,1.548,1.575,1.588
2025-07-24 13:38:50.098,1.58,1.578,1.689,1.46,1.568,1.548,1.466,1.548,1.575,1.588
2025-07-24 13:38:50.148,1.581,1.578,1.689,1.46,1.565,1.549,1.465,1.549,1.575,1.588
2025-07-24 13:38:50.198,1.581,1.577,1.689,1.46,1.544,1.55,1.466,1.548,1.575,1.589
2025-07-24 13:38:50.248,1.58,1.578,1.688,1.459,1.502,1.551,1.465,1.548,1.576,1.589
2025-07-24 13:38:50.298,1.581,1.579,1.689,1.459,1.449,1.55,1.463,1.548,1.575,1.588
2025-07-24 13:38:50.347,1.579,1.578,1.689,1.46,1.393,1.549,1.465,1.548,1.576,1.588
2025-07-24 13:38:50.397,1.58,1.577,1.689,1.46,1.343,1.548,1.465,1.548,1.575,1.588
2025-07-24 13:38:50.448,1.58,1.578,1.688,1.459,1.289,1.546,1.465,1.548,1.575,1.587
2025-07-24 13:38:50.498,1.581,1.577,1.689,1.459,1.259,1.544,1.465,1.548,1.575,1.587
2025-07-24 13:38:50.549,1.581,1.577,1.688,1.46,1.244,1.541,1.464,1.548,1.574,1.587
2025-07-24 13:38:50.599,1.58,1.577,1.688,1.46,1.249,1.539,1.465,1.548,1.575,1.588
2025-07-24 13:38:50.648,1.58,1.577,1.689,1.46,1.252,1.536,1.465,1.548,1.574,1.587
2025-07-24 13:38:50.698,1.58,1.577,1.689,1.46,1.281,1.536,1.466,1.548,1.576,1.588
2025-07-24 13:38:50.748,1.58,1.577,1.688,1.46,1.32,1.532,1.463,1.548,1.574,1.588
2025-07-24 13:38:50.798,1.579,1.577,1.688,1.46,1.375,1.533,1.463,1.548,1.574,1.588
2025-07-24 13:38:50.848,1.579,1.577,1.688,1.46,1.428,1.531,1.464,1.547,1.575,1.587
2025-07-24 13:38:50.898,1.58,1.577,1.687,1.46,1.491,1.532,1.466,1.547,1.574,1.588
2025-07-24 13:38:50.948,1.579,1.578,1.688,1.46,1.528,1.533,1.463,1.548,1.574,1.587
2025-07-24 13:38:50.999,1.58,1.578,1.688,1.461,1.544,1.534,1.463,1.548,1.574,1.586
2025-07-24 13:38:51.049,1.578,1.577,1.688,1.461,1.551,1.536,1.463,1.548,1.573,1.586
2025-07-24 13:38:51.098,1.58,1.577,1.688,1.461,1.564,1.54,1.464,1.547,1.574,1.587
2025-07-24 13:38:51.148,1.577,1.577,1.688,1.461,1.561,1.54,1.465,1.548,1.574,1.587
2025-07-24 13:38:51.198,1.579,1.577,1.688,1.461,1.572,1.541,1.464,1.547,1.573,1.586
2025-07-24 13:38:51.249,1.579,1.577,1.688,1.461,1.557,1.543,1.463,1.548,1.573,1.586
2025-07-24 13:38:51.299,1.579,1.577,1.687,1.461,1.569,1.544,1.465,1.547,1.573,1.586
2025-07-24 13:38:51.348,1.577,1.577,1.688,1.461,1.573,1.546,1.464,1.548,1.573,1.586
2025-07-24 13:38:51.399,1.578,1.577,1.687,1.461,1.57,1.547,1.464,1.548,1.574,1.586
2025-07-24 13:38:51.448,1.577,1.578,1.688,1.461,1.572,1.548,1.463,1.547,1.573,1.586
2025-07-24 13:38:51.498,1.577,1.577,1.687,1.461,1.561,1.548,1.464,1.548,1.573,1.586
2025-07-24 13:38:51.549,1.578,1.577,1.688,1.461,1.572,1.551,1.463,1.548,1.573,1.585
2025-07-24 13:38:51.599,1.577,1.577,1.688,1.461,1.576,1.552,1.464,1.547,1.573,1.585
2025-07-24 13:38:51.648,1.577,1.577,1.689,1.461,1.572,1.554,1.466,1.548,1.573,1.585
2025-07-24 13:38:51.698,1.577,1.577,1.687,1.461,1.569,1.554,1.466,1.548,1.573,1.585
2025-07-24 13:38:51.749,1.578,1.577,1.688,1.462,1.573,1.555,1.465,1.548,1.573,1.585
2025-07-24 13:38:51.799,1.577,1.577,1.688,1.462,1.573,1.557,1.465,1.547,1.573,1.585
2025-07-24 13:38:51.849,1.577,1.577,1.688,1.461,1.571,1.557,1.466,1.548,1.573,1.585
2025-07-24 13:38:51.899,1.577,1.577,1.688,1.461,1.573,1.558,1.466,1.547,1.573,1.584
2025-07-24 13:38:51.948,1.578,1.578,1.687,1.461,1.569,1.559,1.465,1.547,1.573,1.585
2025-07-24 13:38:51.998,1.578,1.577,1.688,1.461,1.578,1.561,1.466,1.548,1.573,1.584
2025-07-24 13:38:52.049,1.578,1.577,1.689,1.461,1.57,1.561,1.466,1.547,1.572,1.585
2025-07-24 13:38:52.099,1.577,1.578,1.688,1.461,1.573,1.562,1.466,1.547,1.572,1.585
2025-07-24 13:38:52.148,1.578,1.577,1.688,1.461,1.571,1.563,1.466,1.548,1.573,1.584
2025-07-24 13:38:52.199,1.578,1.577,1.688,1.461,1.565,1.564,1.466,1.548,1.573,1.584
2025-07-24 13:38:52.249,1.578,1.577,1.687,1.461,1.571,1.565,1.466,1.547,1.573,1.584
2025-07-24 13:38:52.299,1.578,1.578,1.689,1.461,1.573,1.566,1.466,1.548,1.573,1.584
2025-07-24 13:38:52.349,1.578,1.577,1.688,1.461,1.57,1.565,1.467,1.548,1.573,1.584
2025-07-24 13:38:52.399,1.578,1.577,1.687,1.461,1.574,1.567,1.466,1.547,1.573,1.583
2025-07-24 13:38:52.449,1.577,1.577,1.688,1.461,1.577,1.566,1.467,1.548,1.573,1.583
2025-07-24 13:38:52.499,1.578,1.577,1.688,1.461,1.572,1.568,1.468,1.548,1.573,1.583
2025-07-24 13:38:52.548,1.577,1.577,1.688,1.461,1.575,1.568,1.468,1.548,1.573,1.583
2025-07-24 13:38:52.599,1.577,1.577,1.687,1.461,1.57,1.568,1.468,1.548,1.573,1.583
2025-07-24 13:38:52.649,1.578,1.577,1.688,1.461,1.57,1.568,1.469,1.548,1.573,1.583
2025-07-24 13:38:52.699,1.578,1.577,1.689,1.462,1.567,1.569,1.47,1.548,1.573,1.582
2025-07-24 13:38:52.749,1.578,1.577,1.687,1.461,1.57,1.569,1.471,1.548,1.573,1.583
2025-07-24 13:38:52.799,1.579,1.577,1.688,1.461,1.569,1.57,1.468,1.548,1.573,1.583
2025-07-24 13:38:52.849,1.577,1.577,1.687,1.461,1.571,1.571,1.47,1.548,1.573,1.583
2025-07-24 13:38:52.899,1.578,1.578,1.689,1.461,1.569,1.57,1.47,1.548,1.573,1.583
2025-07-24 13:38:52.948,1.578,1.577,1.688,1.461,1.573,1.572,1.47,1.548,1.573,1.583
2025-07-24 13:38:52.999,1.579,1.577,1.688,1.461,1.569,1.572,1.471,1.547,1.573,1.583
2025-07-24 13:38:53.049,1.578,1.577,1.688,1.461,1.571,1.572,1.47,1.548,1.573,1.582
2025-07-24 13:38:53.099,1.577,1.577,1.689,1.461,1.573,1.572,1.47,1.548,1.573,1.583
2025-07-24 13:38:53.148,1.577,1.577,1.688,1.461,1.569,1.573,1.469,1.548,1.573,1.583
2025-07-24 13:38:53.199,1.577,1.577,1.689,1.461,1.569,1.573,1.47,1.547,1.573,1.582
2025-07-24 13:38:53.249,1.578,1.577,1.688,1.461,1.572,1.573,1.47,1.547,1.573,1.583
2025-07-24 13:38:53.299,1.577,1.577,1.688,1.461,1.571,1.573,1.471,1.547,1.573,1.582
2025-07-24 13:38:53.349,1.579,1.577,1.689,1.461,1.57,1.574,1.469,1.548,1.573,1.582
2025-07-24 13:38:53.398,1.578,1.577,1.687,1.462,1.57,1.573,1.468,1.546,1.573,1.582
2025-07-24 13:38:53.449,1.578,1.577,1.687,1.461,1.571,1.574,1.469,1.547,1.573,1.583
2025-07-24 13:38:53.499,1.578,1.577,1.688,1.461,1.565,1.574,1.47,1.546,1.573,1.582
2025-07-24 13:38:53.550,1.578,1.578,1.689,1.461,1.57,1.576,1.47,1.546,1.574,1.582
2025-07-24 13:38:53.599,1.577,1.578,1.688,1.461,1.564,1.574,1.47,1.546,1.573,1.582
2025-07-24 13:38:53.649,1.578,1.577,1.688,1.461,1.568,1.576,1.47,1.546,1.574,1.583
2025-07-24 13:38:53.699,1.578,1.577,1.687,1.461,1.569,1.575,1.47,1.546,1.575,1.582
2025-07-24 13:38:53.749,1.578,1.578,1.689,1.461,1.569,1.576,1.47,1.546,1.575,1.583
2025-07-24 13:38:53.799,1.577,1.577,1.688,1.461,1.571,1.575,1.47,1.546,1.575,1.584
2025-07-24 13:38:53.849,1.577,1.577,1.688,1.461,1.569,1.576,1.47,1.546,1.575,1.583
2025-07-24 13:38:53.900,1.578,1.577,1.688,1.461,1.571,1.577,1.471,1.545,1.576,1.583
2025-07-24 13:38:53.949,1.577,1.577,1.687,1.461,1.572,1.577,1.47,1.545,1.576,1.583
2025-07-24 13:38:53.999,1.577,1.577,1.688,1.461,1.57,1.576,1.47,1.546,1.577,1.583
2025-07-24 13:38:54.050,1.577,1.577,1.688,1.461,1.573,1.577,1.472,1.546,1.577,1.583
2025-07-24 13:38:54.099,1.577,1.577,1.688,1.461,1.569,1.577,1.471,1.545,1.576,1.584
2025-07-24 13:38:54.150,1.577,1.577,1.688,1.461,1.567,1.577,1.472,1.545,1.576,1.584
2025-07-24 13:38:54.199,1.577,1.577,1.687,1.461,1.57,1.577,1.47,1.545,1.577,1.585
2025-07-24 13:38:54.249,1.577,1.577,1.687,1.462,1.571,1.577,1.47,1.544,1.577,1.584
2025-07-24 13:38:54.299,1.577,1.577,1.688,1.461,1.57,1.577,1.471,1.544,1.577,1.585
2025-07-24 13:38:54.349,1.578,1.578,1.688,1.462,1.576,1.578,1.471,1.545,1.577,1.585
2025-07-24 13:38:54.399,1.578,1.578,1.688,1.462,1.574,1.578,1.472,1.545,1.577,1.584
2025-07-24 13:38:54.449,1.577,1.577,1.687,1.461,1.57,1.577,1.471,1.546,1.577,1.585
2025-07-24 13:38:54.500,1.578,1.577,1.689,1.462,1.574,1.578,1.472,1.545,1.577,1.585
2025-07-24 13:38:54.549,1.578,1.577,1.688,1.462,1.569,1.578,1.472,1.546,1.577,1.586
2025-07-24 13:38:54.600,1.577,1.577,1.689,1.462,1.57,1.579,1.472,1.546,1.578,1.586
2025-07-24 13:38:54.650,1.578,1.577,1.689,1.462,1.569,1.578,1.473,1.545,1.577,1.586
2025-07-24 13:38:54.699,1.577,1.577,1.688,1.461,1.566,1.579,1.474,1.546,1.578,1.586
2025-07-24 13:38:54.750,1.577,1.577,1.689,1.461,1.573,1.579,1.471,1.545,1.578,1.586
2025-07-24 13:38:54.799,1.577,1.577,1.688,1.462,1.576,1.578,1.473,1.546,1.578,1.586
2025-07-24 13:38:54.850,1.577,1.577,1.688,1.462,1.569,1.579,1.473,1.546,1.578,1.586
2025-07-24 13:38:54.900,1.578,1.577,1.689,1.461,1.57,1.579,1.472,1.546,1.578,1.586
2025-07-24 13:38:54.950,1.577,1.577,1.689,1.461,1.574,1.578,1.473,1.546,1.579,1.587
2025-07-24 13:38:55.000,1.577,1.577,1.689,1.461,1.575,1.579,1.473,1.546,1.578,1.586
2025-07-24 13:38:55.050,1.577,1.577,1.689,1.461,1.57,1.579,1.472,1.547,1.579,1.586
2025-07-24 13:38:55.100,1.577,1.578,1.688,1.461,1.573,1.579,1.473,1.546,1.578,1.587
2025-07-24 13:38:55.150,1.577,1.577,1.687,1.462,1.57,1.579,1.473,1.547,1.578,1.586
2025-07-24 13:38:55.200,1.577,1.577,1.688,1.462,1.574,1.579,1.473,1.547,1.578,1.586
2025-07-24 13:38:55.250,1.577,1.577,1.689,1.462,1.573,1.58,1.474,1.548,1.578,1.588
2025-07-24 13:38:55.299,1.577,1.577,1.688,1.461,1.569,1.58,1.474,1.548,1.578,1.587
2025-07-24 13:38:55.350,1.577,1.577,1.688,1.461,1.571,1.58,1.473,1.547,1.577,1.587
2025-07-24 13:38:55.400,1.577,1.578,1.687,1.461,1.577,1.58,1.474,1.547,1.577,1.587
2025-07-24 13:38:55.450,1.577,1.577,1.689,1.461,1.573,1.58,1.474,1.547,1.577,1.587
2025-07-24 13:38:55.500,1.577,1.577,1.689,1.461,1.573,1.58,1.473,1.547,1.577,1.587
2025-07-24 13:38:55.550,1.578,1.577,1.688,1.462,1.572,1.581,1.474,1.547,1.577,1.588
2025-07-24 13:38:55.600,1.578,1.577,1.689,1.461,1.574,1.58,1.474,1.548,1.577,1.587
2025-07-24 13:38:55.650,1.577,1.577,1.688,1.461,1.574,1.58,1.474,1.548,1.576,1.587
2025-07-24 13:38:55.700,1.577,1.577,1.689,1.461,1.574,1.58,1.475,1.548,1.576,1.587
2025-07-24 13:38:55.750,1.577,1.578,1.688,1.461,1.564,1.582,1.474,1.548,1.576,1.589
2025-07-24 13:38:55.799,1.578,1.577,1.688,1.462,1.577,1.58,1.475,1.548,1.576,1.587
2025-07-24 13:38:55.850,1.577,1.577,1.688,1.461,1.572,1.581,1.474,1.548,1.576,1.587
2025-07-24 13:38:55.900,1.578,1.577,1.688,1.461,1.57,1.58,1.474,1.548,1.575,1.587
2025-07-24 13:38:55.950,1.577,1.577,1.689,1.461,1.569,1.581,1.474,1.548,1.575,1.587
2025-07-24 13:38:55.999,1.578,1.578,1.688,1.461,1.575,1.581,1.474,1.548,1.576,1.587
2025-07-24 13:38:56.050,1.577,1.578,1.688,1.461,1.577,1.58,1.474,1.548,1.575,1.588
2025-07-24 13:38:56.100,1.578,1.577,1.688,1.462,1.572,1.579,1.473,1.548,1.575,1.587
2025-07-24 13:38:56.150,1.577,1.577,1.688,1.461,1.577,1.58,1.474,1.548,1.575,1.587
2025-07-24 13:38:56.201,1.577,1.577,1.689,1.461,1.572,1.581,1.474,1.548,1.575,1.587
2025-07-24 13:38:56.250,1.577,1.577,1.687,1.461,1.576,1.58,1.472,1.548,1.574,1.587
2025-07-24 13:38:56.300,1.578,1.577,1.688,1.461,1.573,1.58,1.474,1.548,1.575,1.587
2025-07-24 13:38:56.350,1.578,1.577,1.688,1.461,1.573,1.58,1.474,1.548,1.575,1.588
2025-07-24 13:38:56.401,1.578,1.577,1.688,1.461,1.572,1.58,1.474,1.548,1.575,1.587
2025-07-24 13:38:56.450,1.577,1.577,1.689,1.462,1.577,1.58,1.474,1.548,1.574,1.587
2025-07-24 13:38:56.499,1.577,1.577,1.688,1.461,1.567,1.581,1.474,1.548,1.574,1.587
2025-07-24 13:38:56.550,1.577,1.577,1.688,1.461,1.573,1.58,1.474,1.548,1.574,1.586
2025-07-24 13:38:56.600,1.578,1.577,1.688,1.461,1.576,1.581,1.474,1.548,1.574,1.586
2025-07-24 13:38:56.650,1.577,1.577,1.687,1.461,1.563,1.581,1.474,1.548,1.574,1.586
2025-07-24 13:38:56.700,1.577,1.577,1.688,1.461,1.571,1.581,1.474,1.548,1.574,1.586
2025-07-24 13:38:56.751,1.577,1.577,1.688,1.461,1.572,1.581,1.474,1.548,1.574,1.587
2025-07-24 13:38:56.800,1.577,1.577,1.687,1.461,1.577,1.579,1.474,1.548,1.573,1.586
2025-07-24 13:38:56.850,1.577,1.577,1.688,1.461,1.577,1.581,1.474,1.548,1.573,1.587
2025-07-24 13:38:56.900,1.577,1.578,1.688,1.462,1.571,1.58,1.474,1.548,1.575,1.586
2025-07-24 13:38:56.950,1.577,1.577,1.688,1.461,1.571,1.58,1.474,1.548,1.574,1.587
2025-07-24 13:38:57.000,1.577,1.577,1.687,1.461,1.571,1.581,1.474,1.548,1.573,1.586
2025-07-24 13:38:57.050,1.577,1.576,1.688,1.461,1.573,1.58,1.474,1.548,1.574,1.586
2025-07-24 13:38:57.100,1.577,1.576,1.687,1.462,1.571,1.581,1.474,1.548,1.573,1.586
2025-07-24 13:38:57.150,1.576,1.577,1.687,1.461,1.574,1.58,1.474,1.548,1.573,1.586
2025-07-24 13:38:57.199,1.577,1.577,1.689,1.461,1.572,1.58,1.474,1.548,1.573,1.586
2025-07-24 13:38:57.251,1.577,1.575,1.688,1.461,1.569,1.58,1.474,1.548,1.573,1.586
2025-07-24 13:38:57.299,1.577,1.577,1.687,1.461,1.571,1.581,1.474,1.548,1.574,1.585
2025-07-24 13:38:57.350,1.576,1.577,1.688,1.462,1.576,1.58,1.474,1.548,1.574,1.586
2025-07-24 13:38:57.400,1.577,1.576,1.688,1.461,1.574,1.581,1.474,1.548,1.574,1.586
2025-07-24 13:38:57.450,1.577,1.577,1.688,1.462,1.573,1.58,1.475,1.548,1.574,1.586
2025-07-24 13:38:57.500,1.576,1.577,1.688,1.461,1.563,1.58,1.474,1.548,1.574,1.585
2025-07-24 13:38:57.550,1.576,1.577,1.688,1.462,1.571,1.58,1.474,1.548,1.574,1.585
2025-07-24 13:38:57.601,1.577,1.576,1.688,1.462,1.574,1.582,1.473,1.548,1.574,1.585
2025-07-24 13:38:57.651,1.577,1.577,1.688,1.461,1.576,1.58,1.474,1.548,1.574,1.586
2025-07-24 13:38:57.700,1.576,1.577,1.689,1.462,1.572,1.581,1.474,1.549,1.573,1.585
2025-07-24 13:38:57.750,1.577,1.577,1.688,1.462,1.575,1.581,1.474,1.548,1.574,1.586
2025-07-24 13:38:57.801,1.577,1.577,1.688,1.461,1.572,1.581,1.474,1.548,1.575,1.586
2025-07-24 13:38:57.850,1.577,1.577,1.688,1.462,1.574,1.581,1.474,1.548,1.575,1.585
2025-07-24 13:38:57.900,1.577,1.577,1.688,1.461,1.568,1.582,1.475,1.548,1.573,1.585
2025-07-24 13:38:57.950,1.576,1.576,1.688,1.462,1.571,1.581,1.474,1.548,1.574,1.586
2025-07-24 13:38:58.000,1.577,1.577,1.688,1.462,1.571,1.581,1.474,1.548,1.574,1.586
2025-07-24 13:38:58.050,1.577,1.577,1.687,1.462,1.574,1.582,1.474,1.548,1.574,1.586
2025-07-24 13:38:58.101,1.576,1.576,1.687,1.462,1.573,1.581,1.476,1.548,1.575,1.585
2025-07-24 13:38:58.151,1.576,1.576,1.688,1.462,1.569,1.582,1.474,1.548,1.574,1.585
2025-07-24 13:38:58.201,1.576,1.576,1.687,1.462,1.572,1.581,1.475,1.548,1.574,1.585
2025-07-24 13:38:58.250,1.577,1.577,1.688,1.462,1.574,1.581,1.474,1.549,1.575,1.586
2025-07-24 13:38:58.301,1.576,1.577,1.688,1.462,1.574,1.581,1.474,1.549,1.574,1.585
2025-07-24 13:38:58.350,1.576,1.577,1.687,1.461,1.569,1.58,1.475,1.549,1.574,1.586
2025-07-24 13:38:58.400,1.576,1.576,1.687,1.462,1.573,1.582,1.474,1.549,1.574,1.585
2025-07-24 13:38:58.450,1.576,1.577,1.687,1.462,1.573,1.581,1.474,1.549,1.575,1.585
2025-07-24 13:38:58.501,1.576,1.577,1.687,1.463,1.57,1.581,1.476,1.548,1.575,1.585
2025-07-24 13:38:58.550,1.576,1.577,1.687,1.462,1.575,1.582,1.475,1.548,1.575,1.586
2025-07-24 13:38:58.601,1.576,1.577,1.688,1.462,1.57,1.581,1.475,1.549,1.575,1.586
2025-07-24 13:38:58.650,1.576,1.577,1.689,1.462,1.574,1.581,1.476,1.549,1.575,1.586
2025-07-24 13:38:58.700,1.576,1.577,1.687,1.463,1.572,1.581,1.474,1.548,1.574,1.586
2025-07-24 13:38:58.750,1.575,1.577,1.688,1.462,1.569,1.581,1.474,1.548,1.574,1.586
2025-07-24 13:38:58.801,1.575,1.576,1.688,1.463,1.563,1.581,1.475,1.549,1.575,1.586
2025-07-24 13:38:58.851,1.575,1.577,1.689,1.463,1.569,1.58,1.474,1.549,1.575,1.586
2025-07-24 13:38:58.900,1.576,1.576,1.689,1.461,1.571,1.582,1.474,1.548,1.575,1.586
2025-07-24 13:38:58.950,1.576,1.577,1.688,1.462,1.572,1.582,1.474,1.549,1.575,1.586
2025-07-24 13:38:59.000,1.575,1.576,1.689,1.462,1.573,1.582,1.475,1.549,1.574,1.586
2025-07-24 13:38:59.050,1.575,1.576,1.687,1.462,1.563,1.581,1.474,1.548,1.576,1.586
2025-07-24 13:38:59.100,1.576,1.576,1.689,1.462,1.568,1.581,1.475,1.549,1.575,1.586
2025-07-24 13:38:59.151,1.575,1.576,1.688,1.462,1.573,1.581,1.475,1.549,1.575,1.586
2025-07-24 13:38:59.201,1.576,1.577,1.687,1.462,1.571,1.582,1.474,1.549,1.575,1.586
2025-07-24 13:38:59.251,1.576,1.576,1.687,1.462,1.574,1.581,1.475,1.548,1.575,1.586
2025-07-24 13:38:59.301,1.575,1.576,1.688,1.463,1.574,1.582,1.474,1.549,1.575,1.586
2025-07-24 13:38:59.351,1.575,1.576,1.687,1.462,1.569,1.581,1.474,1.548,1.575,1.586
2025-07-24 13:38:59.401,1.574,1.577,1.686,1.462,1.571,1.581,1.474,1.548,1.575,1.586
2025-07-24 13:38:59.450,1.575,1.575,1.688,1.462,1.575,1.581,1.474,1.549,1.575,1.586
2025-07-24 13:38:59.500,1.575,1.575,1.686,1.462,1.571,1.581,1.475,1.548,1.575,1.586
2025-07-24 13:38:59.551,1.574,1.576,1.687,1.462,1.563,1.581,1.474,1.548,1.575,1.586
2025-07-24 13:38:59.601,1.575,1.575,1.687,1.462,1.571,1.581,1.474,1.548,1.576,1.586
2025-07-24 13:38:59.651,1.574,1.576,1.686,1.462,1.57,1.581,1.474,1.549,1.575,1.586
2025-07-24 13:38:59.701,1.575,1.575,1.685,1.462,1.574,1.58,1.475,1.548,1.575,1.586
2025-07-24 13:38:59.751,1.574,1.576,1.687,1.463,1.573,1.581,1.474,1.548,1.575,1.586
2025-07-24 13:38:59.801,1.574,1.575,1.687,1.462,1.569,1.582,1.474,1.548,1.575,1.586
2025-07-24 13:38:59.851,1.575,1.574,1.686,1.462,1.565,1.582,1.474,1.549,1.575,1.586
2025-07-24 13:38:59.901,1.574,1.574,1.687,1.461,1.577,1.581,1.474,1.548,1.574,1.586
2025-07-24 13:38:59.951,1.575,1.575,1.686,1.463,1.574,1.579,1.474,1.549,1.575,1.586
2025-07-24 13:39:00.001,1.576,1.574,1.686,1.462,1.573,1.581,1.476,1.549,1.574,1.586
2025-07-24 13:39:00.051,1.574,1.574,1.686,1.462,1.57,1.58,1.474,1.548,1.574,1.586
2025-07-24 13:39:00.101,1.574,1.574,1.686,1.461,1.573,1.582,1.474,1.548,1.574,1.586
2025-07-24 13:39:00.151,1.574,1.574,1.685,1.461,1.572,1.582,1.474,1.549,1.574,1.586
2025-07-24 13:39:00.201,1.575,1.574,1.685,1.462,1.573,1.581,1.474,1.548,1.575,1.586
2025-07-24 13:39:00.251,1.575,1.574,1.686,1.462,1.569,1.58,1.475,1.548,1.575,1.586
2025-07-24 13:39:00.301,1.573,1.575,1.686,1.462,1.569,1.58,1.477,1.548,1.575,1.586
2025-07-24 13:39:00.351,1.574,1.574,1.685,1.462,1.572,1.582,1.475,1.549,1.575,1.586
2025-07-24 13:39:00.402,1.574,1.574,1.687,1.462,1.576,1.58,1.474,1.549,1.574,1.586
2025-07-24 13:39:00.451,1.574,1.574,1.686,1.462,1.57,1.581,1.474,1.548,1.575,1.586
2025-07-24 13:39:00.501,1.575,1.575,1.686,1.462,1.573,1.582,1.474,1.549,1.575,1.586
2025-07-24 13:39:00.550,1.574,1.574,1.685,1.462,1.572,1.581,1.476,1.549,1.575,1.586
2025-07-24 13:39:00.601,1.575,1.574,1.686,1.462,1.572,1.581,1.475,1.548,1.575,1.586
2025-07-24 13:39:00.651,1.574,1.574,1.686,1.461,1.575,1.582,1.475,1.548,1.575,1.586
2025-07-24 13:39:00.701,1.575,1.574,1.687,1.461,1.575,1.581,1.474,1.549,1.576,1.587
2025-07-24 13:39:00.751,1.575,1.574,1.686,1.461,1.571,1.581,1.475,1.549,1.576,1.587
2025-07-24 13:39:00.801,1.574,1.575,1.686,1.462,1.573,1.581,1.475,1.549,1.575,1.586
2025-07-24 13:39:00.851,1.575,1.573,1.686,1.462,1.577,1.582,1.475,1.549,1.575,1.586
2025-07-24 13:39:00.901,1.575,1.575,1.685,1.462,1.572,1.582,1.474,1.55,1.576,1.587
2025-07-24 13:39:00.951,1.575,1.574,1.685,1.461,1.576,1.582,1.475,1.549,1.575,1.586
2025-07-24 13:39:01.001,1.576,1.574,1.685,1.461,1.57,1.581,1.476,1.55,1.575,1.586
2025-07-24 13:39:01.051,1.577,1.575,1.685,1.462,1.57,1.581,1.474,1.549,1.576,1.587
2025-07-24 13:39:01.102,1.576,1.576,1.686,1.462,1.575,1.581,1.475,1.55,1.576,1.586
2025-07-24 13:39:01.150,1.575,1.575,1.686,1.461,1.577,1.581,1.476,1.548,1.576,1.587
2025-07-24 13:39:01.201,1.575,1.575,1.686,1.461,1.58,1.581,1.476,1.549,1.576,1.586
2025-07-24 13:39:01.251,1.575,1.575,1.685,1.461,1.573,1.581,1.474,1.55,1.576,1.586
2025-07-24 13:39:01.301,1.576,1.575,1.685,1.461,1.573,1.581,1.474,1.549,1.576,1.586
2025-07-24 13:39:01.351,1.575,1.576,1.686,1.462,1.571,1.581,1.474,1.549,1.576,1.587
2025-07-24 13:39:01.401,1.577,1.575,1.686,1.462,1.576,1.582,1.474,1.549,1.575,1.587
2025-07-24 13:39:01.451,1.576,1.576,1.686,1.461,1.578,1.581,1.474,1.55,1.575,1.587
2025-07-24 13:39:01.501,1.575,1.575,1.687,1.461,1.576,1.581,1.474,1.548,1.577,1.586
2025-07-24 13:39:01.551,1.577,1.574,1.686,1.462,1.571,1.582,1.474,1.549,1.576,1.587
2025-07-24 13:39:01.601,1.576,1.574,1.685,1.462,1.575,1.581,1.474,1.548,1.576,1.587
2025-07-24 13:39:01.651,1.577,1.575,1.686,1.461,1.571,1.582,1.476,1.549,1.577,1.587
2025-07-24 13:39:01.701,1.576,1.575,1.685,1.462,1.574,1.58,1.474,1.549,1.575,1.587
2025-07-24 13:39:01.751,1.577,1.576,1.685,1.462,1.571,1.581,1.476,1.549,1.576,1.587
2025-07-24 13:39:01.802,1.576,1.576,1.686,1.461,1.569,1.582,1.474,1.548,1.576,1.587
2025-07-24 13:39:01.851,1.577,1.575,1.686,1.461,1.577,1.581,1.475,1.548,1.575,1.587
2025-07-24 13:39:01.901,1.577,1.575,1.686,1.461,1.571,1.581,1.474,1.549,1.575,1.587
2025-07-24 13:39:01.952,1.577,1.576,1.685,1.462,1.575,1.581,1.474,1.549,1.575,1.588
2025-07-24 13:39:02.001,1.576,1.575,1.686,1.462,1.571,1.581,1.474,1.548,1.576,1.587
2025-07-24 13:39:02.052,1.576,1.576,1.685,1.461,1.573,1.581,1.476,1.55,1.575,1.587
2025-07-24 13:39:02.102,1.577,1.576,1.686,1.461,1.576,1.581,1.474,1.549,1.576,1.586
2025-07-24 13:39:02.152,1.577,1.575,1.685,1.461,1.568,1.581,1.475,1.549,1.576,1.587
2025-07-24 13:39:02.201,1.577,1.576,1.685,1.462,1.574,1.581,1.474,1.549,1.576,1.587
2025-07-24 13:39:02.251,1.577,1.577,1.686,1.462,1.571,1.582,1.474,1.548,1.577,1.586
2025-07-24 13:39:02.301,1.576,1.576,1.686,1.461,1.575,1.581,1.475,1.549,1.575,1.587
2025-07-24 13:39:02.352,1.577,1.575,1.685,1.461,1.571,1.581,1.474,1.549,1.576,1.588
2025-07-24 13:39:02.402,1.576,1.575,1.685,1.461,1.573,1.581,1.474,1.548,1.576,1.587
2025-07-24 13:39:02.452,1.576,1.575,1.685,1.461,1.571,1.581,1.474,1.548,1.576,1.586
2025-07-24 13:39:02.502,1.576,1.576,1.685,1.461,1.567,1.581,1.474,1.549,1.576,1.586
2025-07-24 13:39:02.551,1.577,1.576,1.685,1.461,1.57,1.581,1.474,1.548,1.576,1.587
2025-07-24 13:39:02.602,1.576,1.575,1.685,1.461,1.571,1.58,1.474,1.548,1.574,1.587
2025-07-24 13:39:02.651,1.577,1.575,1.685,1.461,1.567,1.581,1.474,1.548,1.575,1.587
2025-07-24 13:39:02.702,1.577,1.574,1.685,1.461,1.572,1.581,1.473,1.549,1.576,1.587
2025-07-24 13:39:02.751,1.577,1.575,1.685,1.461,1.575,1.581,1.474,1.549,1.575,1.587
2025-07-24 13:39:02.802,1.577,1.576,1.686,1.461,1.57,1.581,1.474,1.548,1.576,1.588
2025-07-24 13:39:02.851,1.577,1.575,1.687,1.461,1.575,1.581,1.474,1.549,1.575,1.587
2025-07-24 13:39:02.902,1.577,1.577,1.686,1.461,1.571,1.581,1.474,1.549,1.576,1.587
2025-07-24 13:39:02.951,1.577,1.576,1.685,1.462,1.567,1.581,1.476,1.549,1.576,1.586
2025-07-24 13:39:03.002,1.577,1.576,1.686,1.461,1.565,1.581,1.475,1.549,1.575,1.587
2025-07-24 13:39:03.051,1.577,1.576,1.686,1.461,1.562,1.582,1.474,1.549,1.576,1.587
2025-07-24 13:39:03.102,1.577,1.577,1.686,1.461,1.57,1.581,1.475,1.549,1.575,1.588
2025-07-24 13:39:03.152,1.577,1.576,1.687,1.461,1.569,1.582,1.474,1.549,1.576,1.587
2025-07-24 13:39:03.202,1.577,1.577,1.687,1.461,1.569,1.582,1.474,1.549,1.575,1.587
2025-07-24 13:39:03.252,1.578,1.576,1.687,1.461,1.567,1.582,1.474,1.549,1.576,1.586
2025-07-24 13:39:03.302,1.577,1.577,1.686,1.461,1.574,1.581,1.476,1.549,1.576,1.587
2025-07-24 13:39:03.352,1.577,1.575,1.687,1.461,1.565,1.58,1.476,1.549,1.576,1.587
2025-07-24 13:39:03.401,1.578,1.576,1.687,1.461,1.576,1.581,1.476,1.549,1.576,1.588
2025-07-24 13:39:03.452,1.577,1.576,1.687,1.462,1.57,1.581,1.476,1.549,1.576,1.587
2025-07-24 13:39:03.502,1.577,1.576,1.687,1.461,1.575,1.582,1.476,1.548,1.576,1.588
2025-07-24 13:39:03.551,1.578,1.577,1.687,1.461,1.572,1.582,1.474,1.549,1.575,1.588
2025-07-24 13:39:03.602,1.578,1.576,1.687,1.461,1.572,1.581,1.475,1.55,1.576,1.587
2025-07-24 13:39:03.652,1.577,1.577,1.687,1.461,1.571,1.582,1.474,1.548,1.576,1.588
2025-07-24 13:39:03.702,1.577,1.577,1.686,1.462,1.571,1.581,1.474,1.549,1.577,1.588
2025-07-24 13:39:03.752,1.578,1.577,1.688,1.462,1.57,1.581,1.475,1.549,1.577,1.587
2025-07-24 13:39:03.801,1.578,1.577,1.687,1.461,1.576,1.581,1.475,1.548,1.577,1.588
2025-07-24 13:39:03.852,1.578,1.577,1.687,1.461,1.571,1.582,1.474,1.549,1.577,1.588
2025-07-24 13:39:03.901,1.578,1.577,1.686,1.461,1.578,1.582,1.475,1.549,1.577,1.587
2025-07-24 13:39:03.952,1.577,1.577,1.687,1.462,1.575,1.582,1.475,1.549,1.577,1.588
2025-07-24 13:39:04.002,1.578,1.577,1.687,1.462,1.57,1.582,1.474,1.549,1.577,1.588
2025-07-24 13:39:04.052,1.578,1.577,1.687,1.462,1.571,1.581,1.474,1.549,1.576,1.587
2025-07-24 13:39:04.102,1.578,1.577,1.687,1.461,1.576,1.582,1.474,1.55,1.576,1.589
2025-07-24 13:39:04.152,1.578,1.577,1.688,1.462,1.572,1.581,1.475,1.549,1.576,1.587
2025-07-24 13:39:04.202,1.578,1.577,1.688,1.462,1.578,1.582,1.475,1.549,1.577,1.587
2025-07-24 13:39:04.252,1.578,1.577,1.688,1.462,1.572,1.582,1.474,1.549,1.577,1.587
2025-07-24 13:39:04.302,1.578,1.577,1.686,1.462,1.571,1.582,1.474,1.549,1.577,1.588
2025-07-24 13:39:04.352,1.578,1.576,1.688,1.461,1.571,1.582,1.475,1.549,1.576,1.587
2025-07-24 13:39:04.403,1.579,1.577,1.687,1.461,1.575,1.581,1.476,1.549,1.576,1.588
2025-07-24 13:39:04.452,1.578,1.577,1.687,1.462,1.571,1.582,1.476,1.549,1.577,1.588
2025-07-24 13:39:04.502,1.578,1.577,1.688,1.463,1.571,1.581,1.474,1.549,1.577,1.588
2025-07-24 13:39:04.552,1.578,1.577,1.687,1.462,1.569,1.582,1.474,1.549,1.575,1.588
2025-07-24 13:39:04.602,1.578,1.577,1.688,1.462,1.571,1.582,1.476,1.549,1.577,1.588
2025-07-24 13:39:04.652,1.577,1.577,1.687,1.462,1.571,1.581,1.474,1.55,1.577,1.588
2025-07-24 13:39:04.702,1.578,1.577,1.686,1.462,1.573,1.582,1.475,1.548,1.577,1.588
2025-07-24 13:39:04.752,1.579,1.576,1.687,1.462,1.57,1.582,1.475,1.549,1.577,1.588
2025-07-24 13:39:04.802,1.578,1.577,1.687,1.462,1.575,1.58,1.475,1.549,1.577,1.588
2025-07-24 13:39:04.852,1.58,1.577,1.687,1.461,1.57,1.581,1.474,1.549,1.577,1.588
2025-07-24 13:39:04.902,1.579,1.577,1.687,1.462,1.574,1.58,1.473,1.549,1.577,1.588
2025-07-24 13:39:04.953,1.578,1.577,1.687,1.462,1.577,1.581,1.477,1.549,1.576,1.587
2025-07-24 13:39:05.001,1.578,1.577,1.687,1.462,1.565,1.581,1.475,1.549,1.576,1.587
2025-07-24 13:39:05.052,1.578,1.577,1.688,1.461,1.571,1.581,1.474,1.549,1.577,1.588
2025-07-24 13:39:05.101,1.579,1.577,1.686,1.462,1.573,1.581,1.475,1.549,1.576,1.589
2025-07-24 13:39:05.152,1.579,1.577,1.687,1.462,1.568,1.582,1.474,1.548,1.576,1.588
2025-07-24 13:39:05.203,1.578,1.577,1.687,1.463,1.572,1.581,1.474,1.549,1.576,1.588
2025-07-24 13:39:05.253,1.578,1.577,1.687,1.462,1.57,1.582,1.474,1.548,1.577,1.587
2025-07-24 13:39:05.303,1.579,1.577,1.687,1.462,1.572,1.581,1.474,1.549,1.577,1.588
2025-07-24 13:39:05.353,1.58,1.577,1.687,1.462,1.573,1.581,1.474,1.548,1.576,1.588
2025-07-24 13:39:05.402,1.578,1.577,1.687,1.462,1.572,1.581,1.474,1.549,1.575,1.587
2025-07-24 13:39:05.453,1.577,1.577,1.687,1.462,1.573,1.581,1.476,1.548,1.575,1.587
2025-07-24 13:39:05.502,1.579,1.577,1.687,1.463,1.583,1.581,1.474,1.549,1.575,1.587
2025-07-24 13:39:05.552,1.578,1.576,1.687,1.462,1.572,1.581,1.474,1.549,1.576,1.588
2025-07-24 13:39:05.602,1.578,1.577,1.687,1.462,1.568,1.581,1.474,1.549,1.576,1.588
2025-07-24 13:39:05.651,1.579,1.577,1.688,1.462,1.571,1.582,1.475,1.548,1.576,1.587
2025-07-24 13:39:05.702,1.579,1.577,1.687,1.462,1.571,1.582,1.474,1.549,1.575,1.588
2025-07-24 13:39:05.752,1.58,1.577,1.686,1.462,1.571,1.581,1.474,1.548,1.575,1.587
2025-07-24 13:39:05.803,1.579,1.577,1.687,1.462,1.573,1.581,1.475,1.548,1.576,1.588
2025-07-24 13:39:05.853,1.579,1.577,1.687,1.462,1.572,1.581,1.475,1.549,1.576,1.588
2025-07-24 13:39:05.902,1.579,1.577,1.688,1.462,1.573,1.582,1.475,1.549,1.577,1.588
2025-07-24 13:39:05.952,1.579,1.577,1.689,1.462,1.57,1.582,1.476,1.549,1.576,1.588
2025-07-24 13:39:06.002,1.579,1.577,1.688,1.463,1.575,1.582,1.475,1.55,1.576,1.589
2025-07-24 13:39:06.053,1.579,1.577,1.688,1.461,1.573,1.582,1.474,1.55,1.577,1.587
2025-07-24 13:39:06.102,1.58,1.578,1.688,1.463,1.565,1.582,1.477,1.549,1.576,1.589
2025-07-24 13:39:06.152,1.579,1.577,1.689,1.462,1.569,1.582,1.475,1.55,1.577,1.589
2025-07-24 13:39:06.202,1.58,1.578,1.688,1.462,1.578,1.582,1.476,1.55,1.577,1.59
2025-07-24 13:39:06.253,1.58,1.577,1.688,1.462,1.575,1.582,1.475,1.55,1.577,1.589
2025-07-24 13:39:06.302,1.581,1.578,1.689,1.462,1.572,1.582,1.478,1.55,1.577,1.589
2025-07-24 13:39:06.352,1.581,1.578,1.687,1.461,1.575,1.582,1.474,1.55,1.578,1.59
2025-07-24 13:39:06.403,1.581,1.579,1.689,1.462,1.571,1.583,1.476,1.551,1.577,1.59
2025-07-24 13:39:06.452,1.581,1.579,1.689,1.461,1.574,1.582,1.475,1.551,1.577,1.59
2025-07-24 13:39:06.503,1.581,1.578,1.689,1.462,1.572,1.582,1.475,1.551,1.578,1.59
2025-07-24 13:39:06.552,1.582,1.578,1.689,1.461,1.577,1.582,1.477,1.55,1.577,1.589
2025-07-24 13:39:06.602,1.582,1.579,1.688,1.461,1.572,1.582,1.475,1.55,1.578,1.59
2025-07-24 13:39:06.652,1.582,1.578,1.688,1.461,1.565,1.582,1.476,1.551,1.577,1.59
2025-07-24 13:39:06.703,1.581,1.577,1.689,1.461,1.571,1.582,1.475,1.551,1.577,1.589
2025-07-24 13:39:06.753,1.581,1.578,1.689,1.461,1.571,1.582,1.476,1.551,1.578,1.589
2025-07-24 13:39:06.803,1.581,1.579,1.688,1.461,1.572,1.582,1.476,1.551,1.578,1.59
2025-07-24 13:39:06.853,1.582,1.578,1.689,1.461,1.574,1.582,1.476,1.551,1.577,1.59
2025-07-24 13:39:06.902,1.581,1.578,1.688,1.461,1.572,1.582,1.476,1.552,1.578,1.59
2025-07-24 13:39:06.952,1.581,1.579,1.689,1.461,1.572,1.582,1.476,1.551,1.577,1.59
2025-07-24 13:39:07.002,1.582,1.578,1.689,1.461,1.573,1.582,1.476,1.551,1.579,1.59
2025-07-24 13:39:07.053,1.582,1.578,1.689,1.461,1.571,1.582,1.475,1.551,1.578,1.59
2025-07-24 13:39:07.103,1.582,1.579,1.689,1.461,1.575,1.582,1.476,1.551,1.578,1.59
2025-07-24 13:39:07.153,1.582,1.579,1.689,1.461,1.577,1.582,1.478,1.551,1.578,1.59
2025-07-24 13:39:07.202,1.582,1.579,1.689,1.461,1.57,1.582,1.474,1.55,1.579,1.59
2025-07-24 13:39:07.253,1.582,1.579,1.689,1.461,1.568,1.582,1.475,1.551,1.578,1.59
2025-07-24 13:39:07.303,1.582,1.579,1.689,1.461,1.572,1.582,1.476,1.551,1.579,1.59
2025-07-24 13:39:07.353,1.582,1.578,1.689,1.461,1.574,1.582,1.476,1.551,1.579,1.59
2025-07-24 13:39:07.403,1.582,1.579,1.689,1.46,1.571,1.582,1.476,1.55,1.579,1.59
2025-07-24 13:39:07.452,1.582,1.579,1.689,1.461,1.574,1.583,1.478,1.55,1.579,1.59
2025-07-24 13:39:07.503,1.582,1.578,1.689,1.46,1.571,1.582,1.475,1.552,1.579,1.59
2025-07-24 13:39:07.552,1.582,1.579,1.689,1.46,1.575,1.582,1.476,1.55,1.578,1.59
2025-07-24 13:39:07.602,1.582,1.579,1.689,1.461,1.571,1.582,1.476,1.551,1.579,1.59
2025-07-24 13:39:07.652,1.582,1.579,1.688,1.46,1.572,1.583,1.477,1.551,1.578,1.59
2025-07-24 13:39:07.703,1.582,1.579,1.688,1.46,1.572,1.582,1.477,1.551,1.579,1.59
2025-07-24 13:39:07.753,1.582,1.578,1.689,1.46,1.57,1.583,1.476,1.551,1.578,1.59
2025-07-24 13:39:07.803,1.582,1.58,1.69,1.46,1.573,1.582,1.476,1.551,1.579,1.59
2025-07-24 13:39:07.853,1.582,1.579,1.689,1.46,1.573,1.582,1.477,1.551,1.579,1.59
2025-07-24 13:39:07.903,1.582,1.579,1.689,1.461,1.57,1.582,1.478,1.55,1.579,1.59
2025-07-24 13:39:07.953,1.582,1.58,1.689,1.46,1.573,1.582,1.476,1.551,1.579,1.59
2025-07-24 13:39:08.003,1.582,1.579,1.689,1.46,1.571,1.582,1.476,1.551,1.578,1.59
2025-07-24 13:39:08.053,1.582,1.579,1.689,1.46,1.572,1.582,1.476,1.551,1.579,1.59
2025-07-24 13:39:08.103,1.582,1.579,1.689,1.46,1.57,1.583,1.475,1.551,1.578,1.59
2025-07-24 13:39:08.153,1.582,1.578,1.689,1.459,1.569,1.583,1.476,1.551,1.578,1.59
2025-07-24 13:39:08.204,1.582,1.58,1.689,1.46,1.569,1.582,1.476,1.551,1.579,1.59
2025-07-24 13:39:08.253,1.582,1.579,1.689,1.46,1.573,1.582,1.476,1.551,1.579,1.59
2025-07-24 13:39:08.303,1.583,1.58,1.689,1.46,1.571,1.582,1.478,1.551,1.58,1.59
2025-07-24 13:39:08.353,1.582,1.579,1.689,1.459,1.573,1.583,1.478,1.55,1.578,1.59
2025-07-24 13:39:08.403,1.582,1.579,1.689,1.459,1.571,1.582,1.476,1.552,1.578,1.59
2025-07-24 13:39:08.454,1.583,1.579,1.689,1.459,1.572,1.582,1.477,1.551,1.579,1.59
2025-07-24 13:39:08.504,1.582,1.579,1.689,1.46,1.571,1.582,1.477,1.551,1.578,1.59
2025-07-24 13:39:08.553,1.582,1.579,1.689,1.46,1.573,1.582,1.476,1.551,1.579,1.59
2025-07-24 13:39:08.603,1.582,1.579,1.689,1.46,1.57,1.582,1.476,1.552,1.578,1.59
2025-07-24 13:39:08.652,1.582,1.579,1.689,1.46,1.575,1.582,1.475,1.551,1.578,1.59
2025-07-24 13:39:08.703,1.582,1.58,1.688,1.46,1.574,1.582,1.477,1.55,1.578,1.59
2025-07-24 13:39:08.753,1.583,1.579,1.689,1.459,1.57,1.582,1.476,1.551,1.579,1.59
2025-07-24 13:39:08.802,1.582,1.58,1.689,1.459,1.573,1.581,1.475,1.55,1.578,1.59
2025-07-24 13:39:08.854,1.582,1.58,1.689,1.459,1.571,1.582,1.477,1.551,1.579,1.59
2025-07-24 13:39:08.904,1.582,1.579,1.689,1.46,1.569,1.582,1.476,1.551,1.579,1.59
2025-07-24 13:39:08.953,1.582,1.579,1.689,1.46,1.57,1.582,1.477,1.55,1.578,1.59
2025-07-24 13:39:09.004,1.582,1.579,1.688,1.459,1.573,1.582,1.477,1.551,1.578,1.59
2025-07-24 13:39:09.053,1.583,1.579,1.689,1.459,1.569,1.582,1.476,1.55,1.579,1.59
2025-07-24 13:39:09.102,1.582,1.579,1.688,1.459,1.574,1.582,1.476,1.55,1.579,1.59
2025-07-24 13:39:09.154,1.582,1.578,1.689,1.459,1.565,1.582,1.476,1.55,1.579,1.59
2025-07-24 13:39:09.204,1.582,1.578,1.688,1.459,1.574,1.582,1.475,1.551,1.577,1.59
2025-07-24 13:39:09.253,1.582,1.578,1.689,1.459,1.565,1.582,1.477,1.551,1.578,1.59
2025-07-24 13:39:09.304,1.582,1.579,1.688,1.46,1.572,1.582,1.478,1.551,1.578,1.59
2025-07-24 13:39:09.354,1.582,1.58,1.689,1.46,1.572,1.582,1.476,1.551,1.578,1.59
2025-07-24 13:39:09.404,1.582,1.577,1.688,1.459,1.571,1.582,1.475,1.55,1.577,1.59
2025-07-24 13:39:09.454,1.582,1.578,1.688,1.46,1.571,1.582,1.475,1.55,1.578,1.589
2025-07-24 13:39:09.504,1.582,1.578,1.688,1.46,1.57,1.581,1.477,1.549,1.578,1.59
2025-07-24 13:39:09.554,1.582,1.578,1.689,1.46,1.573,1.582,1.476,1.55,1.579,1.589
2025-07-24 13:39:09.604,1.582,1.577,1.688,1.46,1.571,1.581,1.477,1.55,1.578,1.59
2025-07-24 13:39:09.654,1.582,1.578,1.689,1.46,1.574,1.582,1.476,1.55,1.578,1.59
2025-07-24 13:39:09.704,1.582,1.579,1.689,1.459,1.569,1.582,1.475,1.55,1.578,1.59
2025-07-24 13:39:09.752,1.582,1.579,1.689,1.459,1.578,1.582,1.475,1.55,1.578,1.59
2025-07-24 13:39:09.803,1.582,1.578,1.689,1.459,1.571,1.582,1.474,1.55,1.577,1.589
2025-07-24 13:39:09.853,1.582,1.579,1.689,1.46,1.569,1.581,1.475,1.549,1.578,1.589
2025-07-24 13:39:09.903,1.582,1.579,1.689,1.46,1.575,1.581,1.476,1.55,1.578,1.589
2025-07-24 13:39:09.954,1.582,1.578,1.689,1.46,1.572,1.581,1.474,1.55,1.577,1.59
2025-07-24 13:39:10.003,1.582,1.578,1.689,1.46,1.568,1.582,1.475,1.55,1.578,1.59
2025-07-24 13:39:10.054,1.582,1.578,1.688,1.46,1.569,1.582,1.475,1.55,1.577,1.589
2025-07-24 13:39:10.104,1.582,1.578,1.688,1.46,1.571,1.582,1.474,1.55,1.578,1.589
2025-07-24 13:39:10.154,1.582,1.578,1.689,1.461,1.582,1.582,1.476,1.55,1.577,1.59
2025-07-24 13:39:10.203,1.582,1.578,1.688,1.46,1.567,1.581,1.475,1.549,1.577,1.59
2025-07-24 13:39:10.254,1.581,1.577,1.688,1.461,1.572,1.582,1.474,1.549,1.577,1.589
2025-07-24 13:39:10.304,1.581,1.578,1.688,1.46,1.572,1.581,1.474,1.55,1.577,1.59
2025-07-24 13:39:10.354,1.582,1.577,1.688,1.46,1.572,1.582,1.476,1.55,1.577,1.589
2025-07-24 13:39:10.404,1.582,1.578,1.687,1.46,1.573,1.581,1.476,1.549,1.577,1.589
2025-07-24 13:39:10.454,1.581,1.577,1.687,1.46,1.572,1.581,1.474,1.55,1.577,1.588
2025-07-24 13:39:10.504,1.582,1.578,1.688,1.461,1.569,1.58,1.475,1.549,1.578,1.589
2025-07-24 13:39:10.554,1.581,1.578,1.688,1.461,1.572,1.582,1.477,1.549,1.577,1.589
2025-07-24 13:39:10.603,1.581,1.577,1.687,1.46,1.573,1.581,1.474,1.55,1.577,1.589
2025-07-24 13:39:10.654,1.582,1.577,1.688,1.46,1.571,1.58,1.474,1.549,1.577,1.589
2025-07-24 13:39:10.704,1.582,1.578,1.689,1.46,1.572,1.581,1.475,1.549,1.577,1.589
2025-07-24 13:39:10.754,1.582,1.577,1.688,1.461,1.572,1.581,1.474,1.55,1.577,1.589
2025-07-24 13:39:10.803,1.582,1.578,1.689,1.461,1.574,1.582,1.475,1.55,1.577,1.589
2025-07-24 13:39:10.854,1.582,1.577,1.688,1.461,1.571,1.582,1.474,1.549,1.577,1.589
2025-07-24 13:39:10.904,1.582,1.578,1.688,1.46,1.574,1.581,1.474,1.549,1.577,1.589
2025-07-24 13:39:10.952,1.582,1.579,1.689,1.46,1.573,1.582,1.474,1.549,1.577,1.59
2025-07-24 13:39:11.003,1.582,1.579,1.688,1.461,1.571,1.581,1.475,1.549,1.578,1.589
2025-07-24 13:39:11.054,1.582,1.579,1.689,1.461,1.571,1.582,1.476,1.549,1.577,1.59
2025-07-24 13:39:11.104,1.582,1.577,1.688,1.461,1.57,1.582,1.475,1.549,1.578,1.589
2025-07-24 13:39:11.153,1.582,1.578,1.688,1.461,1.567,1.582,1.475,1.55,1.577,1.59
2025-07-24 13:39:11.204,1.582,1.578,1.689,1.46,1.572,1.582,1.474,1.55,1.578,1.59
2025-07-24 13:39:11.254,1.582,1.578,1.689,1.461,1.575,1.581,1.478,1.55,1.577,1.59
2025-07-24 13:39:11.378,1.582,1.578,1.689,1.461,1.578,1.581,1.476,1.551,1.579,1.59
2025-07-24 13:39:11.401,1.582,1.58,1.689,1.46,1.569,1.581,1.476,1.551,1.579,1.59
2025-07-24 13:39:11.403,1.582,1.579,1.689,1.461,1.573,1.582,1.477,1.551,1.578,1.59
2025-07-24 13:39:11.453,1.582,1.579,1.689,1.461,1.571,1.582,1.474,1.55,1.579,1.59
2025-07-24 13:39:11.504,1.583,1.579,1.69,1.461,1.567,1.582,1.475,1.551,1.579,1.59
2025-07-24 13:39:11.554,1.582,1.579,1.689,1.46,1.571,1.582,1.474,1.551,1.578,1.59
2025-07-24 13:39:11.604,1.583,1.58,1.689,1.461,1.572,1.581,1.476,1.551,1.579,1.59
2025-07-24 13:39:11.654,1.582,1.58,1.689,1.46,1.574,1.582,1.477,1.552,1.579,1.591
2025-07-24 13:39:11.704,1.583,1.58,1.689,1.46,1.572,1.582,1.476,1.551,1.579,1.59
2025-07-24 13:39:11.754,1.583,1.58,1.689,1.46,1.573,1.582,1.477,1.551,1.578,1.59
2025-07-24 13:39:11.804,1.582,1.581,1.689,1.46,1.571,1.582,1.477,1.551,1.579,1.59
2025-07-24 13:39:11.854,1.582,1.58,1.689,1.459,1.573,1.582,1.477,1.551,1.58,1.59
2025-07-24 13:39:11.904,1.582,1.58,1.689,1.46,1.572,1.582,1.476,1.551,1.578,1.59
2025-07-24 13:39:11.954,1.583,1.579,1.69,1.46,1.574,1.583,1.475,1.551,1.578,1.59
2025-07-24 13:39:12.004,1.582,1.579,1.689,1.459,1.571,1.582,1.475,1.551,1.579,1.59
2025-07-24 13:39:12.053,1.582,1.579,1.689,1.46,1.575,1.582,1.477,1.551,1.579,1.59
2025-07-24 13:39:12.104,1.582,1.58,1.689,1.46,1.566,1.582,1.476,1.551,1.579,1.59
2025-07-24 13:39:12.154,1.583,1.58,1.689,1.46,1.573,1.582,1.477,1.551,1.579,1.59
2025-07-24 13:39:12.204,1.582,1.58,1.689,1.46,1.565,1.582,1.476,1.551,1.579,1.591
2025-07-24 13:39:12.253,1.583,1.581,1.689,1.46,1.569,1.583,1.476,1.551,1.58,1.59
2025-07-24 13:39:12.304,1.583,1.58,1.689,1.46,1.571,1.582,1.478,1.551,1.579,1.59
2025-07-24 13:39:12.354,1.583,1.58,1.69,1.46,1.577,1.583,1.477,1.552,1.579,1.59
2025-07-24 13:39:12.404,1.583,1.579,1.689,1.46,1.575,1.582,1.477,1.552,1.579,1.59
2025-07-24 13:39:12.454,1.582,1.58,1.69,1.46,1.572,1.582,1.477,1.551,1.579,1.59
2025-07-24 13:39:12.504,1.582,1.581,1.689,1.459,1.576,1.582,1.476,1.551,1.579,1.591
2025-07-24 13:39:12.554,1.583,1.581,1.689,1.46,1.569,1.582,1.477,1.552,1.579,1.59
2025-07-24 13:39:12.604,1.583,1.579,1.69,1.46,1.571,1.582,1.476,1.551,1.58,1.59
2025-07-24 13:39:12.654,1.584,1.581,1.689,1.46,1.573,1.583,1.476,1.552,1.579,1.59
2025-07-24 13:39:12.704,1.583,1.58,1.689,1.46,1.569,1.582,1.478,1.552,1.58,1.59
2025-07-24 13:39:12.754,1.584,1.58,1.689,1.46,1.572,1.582,1.475,1.551,1.579,1.591
2025-07-24 13:39:12.804,1.583,1.581,1.689,1.46,1.574,1.582,1.475,1.552,1.579,1.59
2025-07-24 13:39:12.855,1.582,1.581,1.69,1.46,1.57,1.582,1.478,1.552,1.579,1.59
2025-07-24 13:39:12.904,1.583,1.58,1.689,1.46,1.569,1.583,1.477,1.552,1.579,1.59
2025-07-24 13:39:12.954,1.583,1.58,1.69,1.46,1.572,1.583,1.477,1.551,1.58,1.59
2025-07-24 13:39:13.004,1.583,1.581,1.689,1.46,1.577,1.582,1.477,1.551,1.58,1.59
2025-07-24 13:39:13.054,1.583,1.58,1.689,1.46,1.57,1.582,1.477,1.551,1.579,1.59
2025-07-24 13:39:13.104,1.583,1.58,1.689,1.461,1.57,1.582,1.477,1.551,1.58,1.59
2025-07-24 13:39:13.154,1.582,1.58,1.689,1.461,1.573,1.582,1.477,1.552,1.58,1.59
2025-07-24 13:39:13.204,1.583,1.58,1.689,1.46,1.565,1.582,1.475,1.552,1.579,1.59
2025-07-24 13:39:13.254,1.583,1.581,1.689,1.46,1.571,1.583,1.477,1.552,1.579,1.59
2025-07-24 13:39:13.304,1.583,1.58,1.689,1.461,1.572,1.583,1.477,1.551,1.579,1.59
2025-07-24 13:39:13.355,1.582,1.58,1.689,1.461,1.571,1.583,1.477,1.551,1.58,1.591
2025-07-24 13:39:13.404,1.583,1.581,1.689,1.461,1.573,1.582,1.477,1.551,1.58,1.59
2025-07-24 13:39:13.454,1.583,1.58,1.689,1.461,1.571,1.582,1.476,1.552,1.579,1.59
2025-07-24 13:39:13.504,1.582,1.581,1.689,1.46,1.577,1.582,1.476,1.551,1.578,1.59
2025-07-24 13:39:13.554,1.583,1.579,1.689,1.46,1.571,1.583,1.476,1.551,1.579,1.59
2025-07-24 13:39:13.604,1.583,1.58,1.689,1.46,1.573,1.582,1.477,1.552,1.579,1.59
2025-07-24 13:39:13.655,1.582,1.579,1.688,1.461,1.571,1.582,1.475,1.552,1.579,1.59
2025-07-24 13:39:13.704,1.582,1.581,1.689,1.46,1.577,1.583,1.477,1.551,1.579,1.59
2025-07-24 13:39:13.754,1.582,1.579,1.689,1.46,1.572,1.582,1.476,1.551,1.58,1.59
2025-07-24 13:39:13.804,1.583,1.58,1.689,1.46,1.573,1.582,1.476,1.551,1.58,1.59
2025-07-24 13:39:13.854,1.583,1.58,1.689,1.46,1.573,1.582,1.477,1.551,1.579,1.59
2025-07-24 13:39:13.905,1.582,1.58,1.689,1.46,1.569,1.582,1.476,1.551,1.579,1.59
2025-07-24 13:39:13.954,1.582,1.58,1.689,1.46,1.572,1.583,1.475,1.55,1.58,1.59
2025-07-24 13:39:14.004,1.582,1.58,1.689,1.461,1.571,1.582,1.476,1.551,1.579,1.59
2025-07-24 13:39:14.054,1.582,1.579,1.689,1.46,1.571,1.582,1.476,1.551,1.579,1.59
2025-07-24 13:39:14.104,1.582,1.58,1.689,1.46,1.571,1.582,1.476,1.551,1.578,1.59
2025-07-24 13:39:14.155,1.582,1.58,1.689,1.46,1.562,1.581,1.476,1.551,1.579,1.59
2025-07-24 13:39:14.205,1.582,1.58,1.689,1.459,1.569,1.582,1.476,1.55,1.578,1.59
2025-07-24 13:39:14.254,1.582,1.579,1.689,1.46,1.577,1.583,1.477,1.55,1.58,1.59
2025-07-24 13:39:14.305,1.582,1.581,1.689,1.46,1.571,1.582,1.475,1.552,1.578,1.59
2025-07-24 13:39:14.354,1.582,1.579,1.689,1.46,1.574,1.582,1.476,1.55,1.578,1.59
2025-07-24 13:39:14.404,1.582,1.58,1.689,1.46,1.57,1.582,1.475,1.551,1.579,1.589
2025-07-24 13:39:14.455,1.582,1.579,1.689,1.459,1.576,1.582,1.476,1.551,1.578,1.59
2025-07-24 13:39:14.505,1.583,1.579,1.689,1.46,1.571,1.582,1.475,1.551,1.578,1.59
2025-07-24 13:39:14.555,1.582,1.579,1.689,1.46,1.57,1.582,1.476,1.551,1.578,1.59
2025-07-24 13:39:14.605,1.582,1.578,1.689,1.46,1.569,1.582,1.474,1.551,1.579,1.589
2025-07-24 13:39:14.654,1.582,1.578,1.689,1.46,1.572,1.582,1.476,1.551,1.579,1.59
2025-07-24 13:39:14.705,1.582,1.58,1.688,1.46,1.572,1.582,1.477,1.55,1.579,1.59
2025-07-24 13:39:14.755,1.582,1.58,1.689,1.46,1.569,1.581,1.476,1.55,1.578,1.59
2025-07-24 13:39:14.804,1.582,1.579,1.689,1.459,1.571,1.582,1.476,1.55,1.578,1.59
2025-07-24 13:39:14.855,1.582,1.579,1.688,1.46,1.575,1.582,1.475,1.55,1.578,1.59
2025-07-24 13:39:14.905,1.582,1.578,1.689,1.459,1.571,1.582,1.475,1.55,1.578,1.59
2025-07-24 13:39:14.955,1.582,1.579,1.689,1.459,1.576,1.582,1.477,1.55,1.577,1.59
2025-07-24 13:39:15.005,1.582,1.58,1.689,1.46,1.572,1.581,1.476,1.55,1.579,1.59
2025-07-24 13:39:15.055,1.582,1.579,1.689,1.459,1.574,1.582,1.478,1.55,1.579,1.59
2025-07-24 13:39:15.104,1.582,1.58,1.688,1.459,1.574,1.582,1.475,1.55,1.578,1.589
2025-07-24 13:39:15.155,1.582,1.579,1.688,1.46,1.573,1.582,1.476,1.55,1.578,1.59
2025-07-24 13:39:15.204,1.582,1.579,1.689,1.459,1.571,1.582,1.474,1.55,1.577,1.59
2025-07-24 13:39:15.255,1.582,1.579,1.689,1.459,1.571,1.581,1.476,1.549,1.578,1.59
2025-07-24 13:39:15.305,1.582,1.578,1.689,1.459,1.571,1.582,1.476,1.549,1.578,1.59
2025-07-24 13:39:15.355,1.582,1.577,1.688,1.459,1.576,1.582,1.474,1.55,1.577,1.59
2025-07-24 13:39:15.404,1.582,1.578,1.689,1.459,1.573,1.582,1.474,1.549,1.577,1.589
2025-07-24 13:39:15.454,1.582,1.578,1.688,1.46,1.571,1.581,1.475,1.551,1.578,1.589
2025-07-24 13:39:15.505,1.582,1.578,1.688,1.46,1.57,1.582,1.474,1.55,1.578,1.59
2025-07-24 13:39:15.554,1.582,1.578,1.688,1.46,1.57,1.581,1.475,1.55,1.578,1.589
2025-07-24 13:39:15.605,1.582,1.579,1.688,1.46,1.567,1.581,1.474,1.55,1.578,1.59
2025-07-24 13:39:15.655,1.582,1.579,1.689,1.46,1.57,1.582,1.474,1.55,1.577,1.589
2025-07-24 13:39:15.705,1.581,1.579,1.688,1.46,1.573,1.581,1.475,1.55,1.577,1.589
2025-07-24 13:39:15.755,1.582,1.578,1.688,1.46,1.573,1.581,1.476,1.549,1.577,1.589
2025-07-24 13:39:15.805,1.581,1.577,1.688,1.46,1.57,1.581,1.475,1.549,1.577,1.589
2025-07-24 13:39:15.855,1.581,1.578,1.689,1.46,1.574,1.581,1.476,1.55,1.578,1.589
2025-07-24 13:39:15.904,1.58,1.578,1.689,1.46,1.576,1.582,1.476,1.55,1.578,1.589
2025-07-24 13:39:15.955,1.582,1.579,1.688,1.46,1.569,1.582,1.475,1.55,1.577,1.589
2025-07-24 13:39:16.005,1.581,1.578,1.688,1.46,1.571,1.582,1.475,1.549,1.577,1.59
2025-07-24 13:39:16.056,1.581,1.578,1.688,1.46,1.572,1.582,1.475,1.55,1.577,1.59
2025-07-24 13:39:16.105,1.582,1.579,1.689,1.461,1.573,1.582,1.475,1.549,1.578,1.589
2025-07-24 13:39:16.155,1.582,1.578,1.688,1.46,1.571,1.582,1.475,1.549,1.577,1.589
2025-07-24 13:39:16.205,1.582,1.578,1.689,1.461,1.571,1.582,1.475,1.55,1.577,1.59
2025-07-24 13:39:16.254,1.582,1.579,1.689,1.46,1.57,1.582,1.476,1.55,1.577,1.59
2025-07-24 13:39:16.305,1.582,1.579,1.688,1.46,1.57,1.582,1.475,1.55,1.578,1.59
2025-07-24 13:39:16.355,1.582,1.579,1.688,1.461,1.572,1.581,1.476,1.551,1.578,1.59
2025-07-24 13:39:16.405,1.582,1.579,1.688,1.461,1.572,1.582,1.474,1.551,1.579,1.59
2025-07-24 13:39:16.455,1.583,1.58,1.689,1.46,1.574,1.581,1.477,1.55,1.579,1.59
2025-07-24 13:39:16.505,1.582,1.579,1.689,1.46,1.576,1.582,1.475,1.551,1.578,1.59
2025-07-24 13:39:16.555,1.582,1.579,1.688,1.461,1.573,1.582,1.477,1.551,1.578,1.59
2025-07-24 13:39:16.605,1.583,1.579,1.689,1.459,1.573,1.582,1.475,1.551,1.578,1.59
2025-07-24 13:39:16.655,1.582,1.579,1.689,1.46,1.576,1.582,1.476,1.551,1.578,1.59
2025-07-24 13:39:16.705,1.582,1.58,1.689,1.46,1.575,1.582,1.476,1.551,1.579,1.59
2025-07-24 13:39:16.755,1.582,1.58,1.689,1.459,1.566,1.582,1.476,1.55,1.579,1.59
2025-07-24 13:39:16.806,1.583,1.579,1.689,1.459,1.571,1.582,1.478,1.55,1.579,1.59
2025-07-24 13:39:16.855,1.584,1.579,1.689,1.459,1.571,1.582,1.476,1.551,1.578,1.59
2025-07-24 13:39:16.905,1.582,1.579,1.688,1.459,1.577,1.582,1.476,1.551,1.578,1.59
2025-07-24 13:39:16.956,1.583,1.58,1.689,1.46,1.571,1.582,1.478,1.551,1.579,1.59
2025-07-24 13:39:17.005,1.583,1.58,1.689,1.46,1.57,1.582,1.476,1.551,1.579,1.59
2025-07-24 13:39:17.055,1.583,1.58,1.689,1.461,1.572,1.582,1.475,1.551,1.579,1.59
2025-07-24 13:39:17.105,1.583,1.58,1.689,1.46,1.573,1.582,1.477,1.551,1.578,1.59
2025-07-24 13:39:17.156,1.582,1.581,1.69,1.46,1.578,1.582,1.477,1.551,1.578,1.59
2025-07-24 13:39:17.206,1.582,1.58,1.689,1.46,1.571,1.582,1.477,1.551,1.579,1.59
2025-07-24 13:39:17.256,1.582,1.581,1.689,1.46,1.573,1.583,1.477,1.551,1.579,1.59
2025-07-24 13:39:17.306,1.583,1.58,1.689,1.46,1.569,1.582,1.476,1.551,1.579,1.591
2025-07-24 13:39:17.356,1.583,1.58,1.69,1.46,1.57,1.582,1.478,1.551,1.58,1.59
2025-07-24 13:39:17.406,1.584,1.58,1.689,1.46,1.567,1.582,1.477,1.552,1.579,1.59
2025-07-24 13:39:17.456,1.582,1.581,1.69,1.46,1.572,1.582,1.476,1.552,1.579,1.59
2025-07-24 13:39:17.506,1.582,1.581,1.689,1.461,1.57,1.582,1.476,1.551,1.579,1.59
2025-07-24 13:39:17.555,1.583,1.581,1.689,1.46,1.574,1.583,1.478,1.551,1.579,1.59
2025-07-24 13:39:17.605,1.582,1.58,1.689,1.46,1.574,1.583,1.477,1.551,1.58,1.591
2025-07-24 13:39:17.655,1.583,1.581,1.689,1.46,1.571,1.582,1.477,1.552,1.579,1.591
2025-07-24 13:39:17.705,1.582,1.58,1.689,1.461,1.573,1.584,1.475,1.551,1.578,1.59
2025-07-24 13:39:17.756,1.582,1.58,1.689,1.46,1.571,1.582,1.476,1.552,1.578,1.59
2025-07-24 13:39:17.806,1.583,1.58,1.689,1.461,1.571,1.582,1.477,1.552,1.579,1.59
2025-07-24 13:39:17.855,1.583,1.58,1.69,1.46,1.57,1.582,1.476,1.551,1.579,1.59
2025-07-24 13:39:17.905,1.583,1.581,1.69,1.46,1.584,1.582,1.477,1.552,1.579,1.59
2025-07-24 13:39:17.955,1.583,1.581,1.689,1.46,1.571,1.582,1.475,1.552,1.579,1.59
2025-07-24 13:39:18.005,1.583,1.58,1.689,1.46,1.572,1.582,1.478,1.552,1.58,1.59
2025-07-24 13:39:18.056,1.582,1.58,1.689,1.46,1.571,1.583,1.475,1.551,1.579,1.59
2025-07-24 13:39:18.106,1.583,1.581,1.689,1.46,1.571,1.582,1.477,1.552,1.579,1.59
2025-07-24 13:39:18.156,1.583,1.58,1.689,1.461,1.573,1.582,1.476,1.552,1.58,1.59
2025-07-24 13:39:18.206,1.583,1.58,1.69,1.461,1.563,1.582,1.477,1.551,1.58,1.59
2025-07-24 13:39:18.255,1.582,1.58,1.689,1.461,1.573,1.582,1.476,1.552,1.58,1.59
2025-07-24 13:39:18.306,1.583,1.581,1.689,1.46,1.569,1.582,1.477,1.55,1.579,1.59
2025-07-24 13:39:18.356,1.582,1.58,1.689,1.461,1.567,1.583,1.477,1.551,1.578,1.59
2025-07-24 13:39:18.406,1.583,1.582,1.69,1.461,1.573,1.582,1.477,1.551,1.58,1.591
2025-07-24 13:39:18.456,1.582,1.58,1.689,1.461,1.57,1.582,1.476,1.551,1.58,1.59
2025-07-24 13:39:18.505,1.582,1.58,1.689,1.46,1.572,1.582,1.477,1.552,1.58,1.59
2025-07-24 13:39:18.555,1.583,1.581,1.689,1.461,1.577,1.582,1.477,1.551,1.579,1.59
2025-07-24 13:39:18.605,1.582,1.581,1.689,1.461,1.574,1.582,1.477,1.551,1.579,1.59
2025-07-24 13:39:18.655,1.582,1.58,1.689,1.461,1.571,1.582,1.477,1.551,1.58,1.59
2025-07-24 13:39:18.705,1.583,1.58,1.689,1.46,1.573,1.582,1.476,1.552,1.578,1.59
2025-07-24 13:39:18.756,1.582,1.581,1.689,1.461,1.569,1.582,1.477,1.551,1.579,1.59
2025-07-24 13:39:18.806,1.582,1.58,1.689,1.461,1.576,1.582,1.478,1.552,1.579,1.59
2025-07-24 13:39:18.856,1.583,1.581,1.689,1.461,1.571,1.582,1.476,1.551,1.579,1.59
2025-07-24 13:39:18.906,1.583,1.58,1.689,1.46,1.571,1.582,1.476,1.552,1.579,1.59
2025-07-24 13:39:18.956,1.583,1.581,1.689,1.461,1.574,1.582,1.477,1.551,1.579,1.59
2025-07-24 13:39:19.005,1.582,1.58,1.689,1.46,1.577,1.582,1.477,1.551,1.58,1.59
2025-07-24 13:39:19.056,1.583,1.58,1.689,1.46,1.574,1.582,1.477,1.551,1.579,1.59
2025-07-24 13:39:19.105,1.582,1.581,1.689,1.461,1.573,1.582,1.476,1.551,1.579,1.59
2025-07-24 13:39:19.155,1.582,1.579,1.689,1.46,1.573,1.582,1.477,1.552,1.579,1.59
2025-07-24 13:39:19.205,1.583,1.58,1.688,1.46,1.574,1.582,1.476,1.551,1.578,1.59
2025-07-24 13:39:19.255,1.583,1.58,1.689,1.461,1.578,1.582,1.477,1.55,1.578,1.59
2025-07-24 13:39:19.305,1.582,1.58,1.689,1.46,1.566,1.582,1.475,1.55,1.579,1.59
2025-07-24 13:39:19.355,1.583,1.58,1.689,1.46,1.572,1.582,1.475,1.55,1.579,1.59
2025-07-24 13:39:19.405,1.582,1.579,1.689,1.461,1.573,1.583,1.477,1.55,1.578,1.59
2025-07-24 13:39:19.456,1.582,1.579,1.689,1.46,1.573,1.582,1.475,1.551,1.579,1.59
2025-07-24 13:39:19.505,1.582,1.58,1.69,1.46,1.577,1.582,1.477,1.551,1.579,1.59
2025-07-24 13:39:19.555,1.582,1.58,1.689,1.46,1.579,1.582,1.475,1.551,1.578,1.59
2025-07-24 13:39:19.605,1.582,1.579,1.689,1.46,1.569,1.582,1.477,1.551,1.578,1.59
2025-07-24 13:39:19.656,1.582,1.58,1.689,1.46,1.581,1.582,1.476,1.551,1.579,1.59
2025-07-24 13:39:19.706,1.582,1.579,1.689,1.46,1.574,1.582,1.478,1.55,1.578,1.59
2025-07-24 13:39:19.756,1.582,1.58,1.688,1.46,1.576,1.582,1.477,1.551,1.579,1.59
2025-07-24 13:39:19.805,1.582,1.58,1.689,1.459,1.575,1.581,1.476,1.551,1.578,1.59
2025-07-24 13:39:19.856,1.582,1.58,1.689,1.46,1.565,1.582,1.478,1.55,1.579,1.59
2025-07-24 13:39:19.905,1.582,1.58,1.689,1.46,1.573,1.582,1.477,1.551,1.58,1.59
2025-07-24 13:39:19.955,1.582,1.58,1.689,1.46,1.575,1.582,1.474,1.55,1.579,1.59
2025-07-24 13:39:20.006,1.583,1.579,1.689,1.46,1.573,1.582,1.476,1.55,1.578,1.59
2025-07-24 13:39:20.056,1.582,1.58,1.689,1.46,1.572,1.582,1.477,1.55,1.578,1.59
2025-07-24 13:39:20.105,1.582,1.58,1.689,1.459,1.573,1.582,1.475,1.55,1.578,1.59
2025-07-24 13:39:20.155,1.582,1.581,1.689,1.459,1.578,1.582,1.475,1.55,1.58,1.59
2025-07-24 13:39:20.206,1.582,1.58,1.689,1.459,1.586,1.582,1.475,1.55,1.579,1.589
2025-07-24 13:39:20.255,1.582,1.579,1.689,1.46,1.576,1.581,1.476,1.55,1.578,1.589
2025-07-24 13:39:20.305,1.582,1.578,1.688,1.459,1.573,1.581,1.475,1.55,1.578,1.59
2025-07-24 13:39:20.355,1.582,1.579,1.689,1.46,1.568,1.582,1.476,1.55,1.579,1.59
2025-07-24 13:39:20.406,1.582,1.579,1.689,1.459,1.574,1.581,1.476,1.549,1.578,1.59
2025-07-24 13:39:20.456,1.582,1.579,1.688,1.46,1.576,1.582,1.475,1.55,1.578,1.589
2025-07-24 13:39:20.505,1.581,1.578,1.689,1.46,1.579,1.582,1.475,1.55,1.578,1.589
2025-07-24 13:39:20.556,1.582,1.578,1.689,1.46,1.551,1.582,1.476,1.55,1.578,1.59
2025-07-24 13:39:20.606,1.582,1.579,1.688,1.46,1.581,1.582,1.475,1.55,1.578,1.59
2025-07-24 13:39:20.655,1.582,1.579,1.688,1.46,1.58,1.582,1.476,1.55,1.578,1.59
2025-07-24 13:39:20.706,1.582,1.58,1.689,1.46,1.575,1.582,1.477,1.549,1.578,1.59
2025-07-24 13:39:20.756,1.582,1.58,1.689,1.46,1.577,1.582,1.475,1.551,1.577,1.589
2025-07-24 13:39:20.806,1.582,1.579,1.688,1.46,1.577,1.581,1.474,1.55,1.578,1.59
2025-07-24 13:39:20.856,1.582,1.579,1.688,1.46,1.577,1.582,1.474,1.55,1.579,1.59
2025-07-24 13:39:20.906,1.582,1.579,1.689,1.46,1.574,1.581,1.476,1.549,1.577,1.589
2025-07-24 13:39:20.956,1.582,1.579,1.689,1.46,1.576,1.581,1.475,1.55,1.578,1.588
2025-07-24 13:39:21.005,1.582,1.578,1.689,1.46,1.577,1.582,1.475,1.549,1.578,1.59
2025-07-24 13:39:21.056,1.581,1.578,1.688,1.46,1.573,1.581,1.477,1.549,1.577,1.589
2025-07-24 13:39:21.106,1.582,1.579,1.688,1.46,1.577,1.582,1.475,1.549,1.577,1.59
2025-07-24 13:39:21.156,1.582,1.578,1.688,1.46,1.574,1.581,1.476,1.55,1.577,1.59
2025-07-24 13:39:21.206,1.581,1.579,1.688,1.46,1.576,1.581,1.474,1.549,1.578,1.589
2025-07-24 13:39:21.256,1.582,1.578,1.689,1.46,1.57,1.581,1.474,1.549,1.577,1.589
2025-07-24 13:39:21.306,1.582,1.577,1.689,1.461,1.571,1.582,1.474,1.549,1.577,1.59
2025-07-24 13:39:21.356,1.581,1.579,1.689,1.46,1.573,1.582,1.475,1.55,1.578,1.59
2025-07-24 13:39:21.406,1.582,1.578,1.688,1.46,1.578,1.581,1.476,1.549,1.577,1.59
2025-07-24 13:39:21.456,1.582,1.578,1.688,1.46,1.573,1.581,1.477,1.549,1.577,1.589
2025-07-24 13:39:21.506,1.582,1.578,1.689,1.461,1.577,1.582,1.475,1.55,1.578,1.59
2025-07-24 13:39:21.556,1.582,1.58,1.689,1.461,1.567,1.581,1.475,1.55,1.578,1.59
2025-07-24 13:39:21.606,1.582,1.578,1.688,1.46,1.573,1.582,1.475,1.55,1.578,1.589
2025-07-24 13:39:21.657,1.582,1.579,1.688,1.461,1.57,1.581,1.475,1.55,1.578,1.59
2025-07-24 13:39:21.706,1.582,1.578,1.688,1.461,1.578,1.582,1.475,1.549,1.577,1.589
2025-07-24 13:39:21.756,1.582,1.579,1.688,1.461,1.572,1.582,1.477,1.551,1.577,1.59
2025-07-24 13:39:21.807,1.582,1.58,1.689,1.461,1.571,1.582,1.475,1.549,1.578,1.59
2025-07-24 13:39:21.856,1.582,1.578,1.689,1.46,1.569,1.582,1.474,1.55,1.578,1.59
2025-07-24 13:39:21.906,1.582,1.578,1.689,1.461,1.573,1.582,1.475,1.549,1.578,1.59
2025-07-24 13:39:21.955,1.582,1.578,1.688,1.461,1.574,1.582,1.475,1.55,1.577,1.589
2025-07-24 13:39:22.005,1.582,1.577,1.689,1.46,1.577,1.582,1.475,1.55,1.577,1.59
2025-07-24 13:39:22.056,1.582,1.579,1.689,1.461,1.574,1.581,1.475,1.549,1.577,1.589
2025-07-24 13:39:22.106,1.582,1.578,1.689,1.46,1.573,1.581,1.475,1.549,1.577,1.59
2025-07-24 13:39:22.157,1.582,1.579,1.688,1.46,1.569,1.582,1.474,1.55,1.577,1.589
2025-07-24 13:39:22.206,1.582,1.578,1.688,1.46,1.577,1.582,1.477,1.55,1.577,1.59
2025-07-24 13:39:22.256,1.582,1.578,1.689,1.46,1.578,1.582,1.476,1.549,1.577,1.59
2025-07-24 13:39:22.305,1.582,1.578,1.689,1.46,1.577,1.581,1.475,1.55,1.578,1.59
2025-07-24 13:39:22.356,1.582,1.578,1.688,1.461,1.574,1.581,1.474,1.55,1.577,1.588
2025-07-24 13:39:22.406,1.582,1.579,1.689,1.46,1.572,1.581,1.477,1.549,1.578,1.59
2025-07-24 13:39:22.456,1.582,1.579,1.688,1.46,1.576,1.582,1.475,1.55,1.578,1.59
2025-07-24 13:39:22.506,1.582,1.579,1.688,1.461,1.571,1.581,1.474,1.55,1.577,1.589
2025-07-24 13:39:22.958,1.582,1.578,1.688,1.461,1.57,1.581,1.475,1.55,1.577,1.589
2025-07-24 13:39:23.003,1.582,1.579,1.688,1.46,1.576,1.582,1.475,1.549,1.577,1.589
2025-07-24 13:39:23.009,1.582,1.579,1.689,1.46,1.575,1.581,1.475,1.55,1.578,1.59
2025-07-24 13:39:23.053,1.582,1.578,1.689,1.461,1.571,1.581,1.475,1.55,1.578,1.589
2025-07-24 13:39:23.056,1.582,1.578,1.689,1.461,1.566,1.581,1.474,1.549,1.578,1.59
2025-07-24 13:39:23.102,1.582,1.578,1.688,1.461,1.572,1.581,1.475,1.549,1.577,1.589
2025-07-24 13:39:23.106,1.582,1.578,1.689,1.46,1.571,1.582,1.477,1.549,1.577,1.59
2025-07-24 13:39:23.153,1.582,1.578,1.689,1.461,1.571,1.581,1.475,1.55,1.577,1.589
2025-07-24 13:39:23.158,1.582,1.577,1.688,1.46,1.572,1.582,1.475,1.549,1.577,1.589
2025-07-24 13:39:23.203,1.582,1.577,1.688,1.46,1.574,1.582,1.474,1.55,1.577,1.589
2025-07-24 13:39:23.206,1.582,1.578,1.688,1.46,1.574,1.582,1.476,1.55,1.577,1.589
2025-07-24 13:39:23.252,1.582,1.578,1.689,1.46,1.574,1.582,1.474,1.549,1.577,1.59
2025-07-24 13:39:23.260,1.582,1.578,1.687,1.461,1.577,1.581,1.477,1.55,1.578,1.59
2025-07-24 13:39:23.303,1.582,1.577,1.688,1.461,1.58,1.581,1.474,1.55,1.577,1.589
2025-07-24 13:39:23.307,1.582,1.579,1.688,1.461,1.571,1.581,1.474,1.549,1.577,1.589
2025-07-24 13:39:23.353,1.582,1.578,1.689,1.461,1.574,1.582,1.474,1.55,1.578,1.589
2025-07-24 13:39:23.358,1.581,1.577,1.687,1.461,1.573,1.582,1.474,1.55,1.577,1.589
2025-07-24 13:39:23.406,1.582,1.577,1.688,1.461,1.574,1.582,1.475,1.549,1.577,1.589
2025-07-24 13:39:23.456,1.582,1.578,1.688,1.46,1.577,1.58,1.476,1.549,1.577,1.59
2025-07-24 13:39:23.506,1.582,1.578,1.689,1.461,1.574,1.582,1.475,1.549,1.577,1.589
2025-07-24 13:39:23.556,1.581,1.578,1.688,1.461,1.575,1.581,1.476,1.549,1.577,1.59
2025-07-24 13:39:23.606,1.58,1.578,1.688,1.461,1.574,1.581,1.474,1.548,1.578,1.589
2025-07-24 13:39:23.657,1.582,1.578,1.688,1.461,1.571,1.581,1.474,1.549,1.577,1.589
2025-07-24 13:39:23.707,1.582,1.577,1.688,1.461,1.572,1.582,1.474,1.548,1.577,1.589
2025-07-24 13:39:23.757,1.581,1.577,1.689,1.461,1.57,1.581,1.475,1.549,1.577,1.588
2025-07-24 13:39:23.807,1.582,1.577,1.689,1.461,1.571,1.581,1.473,1.549,1.577,1.589
2025-07-24 13:39:23.857,1.582,1.577,1.687,1.461,1.57,1.582,1.474,1.549,1.577,1.589
2025-07-24 13:39:23.907,1.581,1.577,1.689,1.461,1.565,1.581,1.476,1.549,1.577,1.589
2025-07-24 13:39:23.956,1.58,1.577,1.687,1.461,1.573,1.581,1.474,1.549,1.577,1.589
2025-07-24 13:39:24.006,1.581,1.578,1.687,1.461,1.573,1.581,1.474,1.549,1.577,1.588
2025-07-24 13:39:24.056,1.58,1.577,1.687,1.461,1.577,1.582,1.474,1.549,1.577,1.588
2025-07-24 13:39:24.107,1.581,1.578,1.687,1.461,1.573,1.581,1.474,1.549,1.577,1.588
2025-07-24 13:39:24.156,1.581,1.578,1.689,1.461,1.577,1.58,1.475,1.549,1.577,1.589
2025-07-24 13:39:24.206,1.581,1.577,1.689,1.461,1.576,1.581,1.474,1.548,1.577,1.589
2025-07-24 13:39:24.256,1.581,1.577,1.688,1.461,1.577,1.582,1.474,1.549,1.577,1.589
2025-07-24 13:39:24.305,1.58,1.578,1.688,1.461,1.575,1.582,1.474,1.549,1.577,1.589
2025-07-24 13:39:24.356,1.582,1.577,1.689,1.461,1.566,1.581,1.475,1.549,1.577,1.589
2025-07-24 13:39:24.407,1.581,1.578,1.688,1.461,1.567,1.581,1.474,1.55,1.577,1.589
2025-07-24 13:39:24.457,1.582,1.577,1.688,1.461,1.571,1.581,1.474,1.549,1.577,1.589
2025-07-24 13:39:24.507,1.581,1.578,1.688,1.461,1.573,1.582,1.474,1.549,1.577,1.589
2025-07-24 13:39:24.557,1.582,1.577,1.688,1.461,1.57,1.582,1.475,1.55,1.577,1.589
2025-07-24 13:39:24.607,1.581,1.577,1.689,1.461,1.569,1.581,1.475,1.549,1.577,1.588
2025-07-24 13:39:24.657,1.582,1.577,1.687,1.461,1.572,1.582,1.475,1.549,1.577,1.59
2025-07-24 13:39:24.706,1.582,1.577,1.689,1.462,1.574,1.582,1.474,1.549,1.577,1.589
2025-07-24 13:39:24.756,1.582,1.578,1.688,1.461,1.575,1.582,1.475,1.549,1.577,1.589
2025-07-24 13:39:24.807,1.581,1.578,1.689,1.461,1.573,1.582,1.475,1.549,1.577,1.589
2025-07-24 13:39:24.856,1.581,1.578,1.688,1.461,1.575,1.581,1.475,1.549,1.577,1.589
2025-07-24 13:39:24.907,1.582,1.579,1.688,1.461,1.576,1.582,1.477,1.549,1.577,1.588
2025-07-24 13:39:24.956,1.58,1.578,1.688,1.461,1.577,1.581,1.474,1.55,1.577,1.588
2025-07-24 13:39:25.007,1.582,1.578,1.688,1.461,1.577,1.582,1.475,1.549,1.577,1.589
2025-07-24 13:39:25.057,1.581,1.577,1.687,1.461,1.572,1.582,1.477,1.55,1.577,1.589
2025-07-24 13:39:25.107,1.578,1.576,1.687,1.461,1.571,1.582,1.475,1.55,1.577,1.59
2025-07-24 13:39:25.157,1.577,1.576,1.687,1.46,1.569,1.582,1.475,1.549,1.577,1.589
2025-07-24 13:39:25.207,1.577,1.575,1.685,1.46,1.574,1.581,1.475,1.549,1.577,1.589
2025-07-24 13:39:25.256,1.578,1.575,1.686,1.459,1.581,1.581,1.474,1.548,1.577,1.588
2025-07-24 13:39:25.306,1.578,1.576,1.685,1.459,1.575,1.58,1.474,1.548,1.577,1.588
2025-07-24 13:39:25.357,1.577,1.576,1.685,1.459,1.582,1.58,1.475,1.548,1.576,1.588
2025-07-24 13:39:25.407,1.577,1.575,1.685,1.458,1.572,1.579,1.473,1.547,1.575,1.587
2025-07-24 13:39:25.457,1.578,1.515,1.686,1.459,1.571,1.578,1.474,1.548,1.575,1.587
2025-07-24 13:39:25.507,1.578,1.505,1.685,1.458,1.577,1.58,1.474,1.546,1.574,1.586
2025-07-24 13:39:25.556,1.577,1.51,1.683,1.459,1.574,1.579,1.472,1.546,1.573,1.585
2025-07-24 13:39:25.606,1.576,1.505,1.682,1.457,1.57,1.578,1.472,1.546,1.573,1.585
2025-07-24 13:39:25.656,1.576,1.51,1.681,1.458,1.569,1.578,1.471,1.545,1.573,1.583
2025-07-24 13:39:25.707,1.576,1.512,1.679,1.457,1.57,1.577,1.472,1.544,1.573,1.583
2025-07-24 13:39:25.757,1.577,1.516,1.679,1.458,1.574,1.578,1.473,1.545,1.573,1.582
2025-07-24 13:39:25.807,1.576,1.519,1.679,1.458,1.57,1.578,1.474,1.545,1.573,1.583
2025-07-24 13:39:25.857,1.577,1.517,1.679,1.458,1.568,1.579,1.474,1.546,1.573,1.583
2025-07-24 13:39:25.907,1.575,1.512,1.677,1.458,1.569,1.578,1.471,1.544,1.574,1.582
=== 日志结束 2025/7/24 13:39:29 ===
