=== 日志开始 2025/7/22 20:57:38 ===
2025-07-22 20:57:38.376,1.582,1.578,1.693,1.467,1.586,1.585,1.47,1.544,1.579,1.59
2025-07-22 20:57:38.426,1.582,1.578,1.693,1.468,1.583,1.584,1.472,1.544,1.58,1.59
2025-07-22 20:57:38.476,1.582,1.579,1.694,1.468,1.571,1.586,1.474,1.544,1.579,1.591
2025-07-22 20:57:38.526,1.583,1.578,1.694,1.467,1.579,1.586,1.472,1.544,1.58,1.59
2025-07-22 20:57:38.576,1.583,1.579,1.693,1.467,1.582,1.586,1.472,1.545,1.579,1.59
2025-07-22 20:57:38.627,1.582,1.579,1.693,1.468,1.583,1.585,1.471,1.545,1.58,1.59
2025-07-22 20:57:38.676,1.582,1.578,1.694,1.468,1.587,1.585,1.472,1.545,1.579,1.59
2025-07-22 20:57:38.727,1.582,1.579,1.694,1.468,1.581,1.586,1.471,1.544,1.579,1.59
2025-07-22 20:57:38.776,1.582,1.579,1.693,1.468,1.587,1.586,1.471,1.545,1.58,1.59
2025-07-22 20:57:38.826,1.582,1.578,1.693,1.467,1.584,1.586,1.471,1.545,1.58,1.59
2025-07-22 20:57:38.877,1.582,1.578,1.694,1.467,1.582,1.586,1.471,1.544,1.579,1.59
2025-07-22 20:57:38.926,1.582,1.578,1.693,1.467,1.586,1.585,1.471,1.544,1.579,1.59
2025-07-22 20:57:38.976,1.582,1.578,1.693,1.468,1.58,1.584,1.472,1.544,1.58,1.591
2025-07-22 20:57:39.026,1.582,1.579,1.693,1.468,1.578,1.585,1.471,1.544,1.58,1.59
2025-07-22 20:57:39.077,1.583,1.579,1.693,1.467,1.585,1.584,1.472,1.544,1.58,1.59
2025-07-22 20:57:39.125,1.582,1.577,1.693,1.468,1.584,1.585,1.474,1.545,1.58,1.59
2025-07-22 20:57:39.177,1.582,1.579,1.693,1.468,1.586,1.585,1.472,1.545,1.579,1.59
2025-07-22 20:57:39.226,1.582,1.578,1.693,1.468,1.58,1.585,1.474,1.545,1.58,1.59
2025-07-22 20:57:39.277,1.582,1.579,1.693,1.467,1.578,1.585,1.471,1.544,1.58,1.59
2025-07-22 20:57:39.327,1.582,1.578,1.693,1.467,1.579,1.585,1.47,1.545,1.58,1.59
2025-07-22 20:57:39.377,1.582,1.577,1.692,1.468,1.582,1.585,1.474,1.545,1.58,1.59
2025-07-22 20:57:39.427,1.582,1.578,1.693,1.467,1.585,1.586,1.472,1.544,1.58,1.59
2025-07-22 20:57:39.477,1.582,1.578,1.693,1.467,1.58,1.585,1.471,1.545,1.579,1.59
2025-07-22 20:57:39.526,1.583,1.578,1.693,1.468,1.577,1.585,1.472,1.546,1.58,1.589
2025-07-22 20:57:39.576,1.582,1.578,1.692,1.467,1.579,1.585,1.472,1.545,1.579,1.59
2025-07-22 20:57:39.626,1.582,1.577,1.693,1.468,1.584,1.586,1.471,1.545,1.579,1.59
2025-07-22 20:57:39.676,1.582,1.577,1.693,1.467,1.587,1.585,1.471,1.545,1.579,1.589
2025-07-22 20:57:39.727,1.582,1.577,1.694,1.468,1.585,1.585,1.473,1.545,1.58,1.589
2025-07-22 20:57:39.777,1.582,1.579,1.692,1.467,1.586,1.586,1.472,1.544,1.579,1.59
2025-07-22 20:57:39.826,1.582,1.579,1.693,1.467,1.579,1.585,1.473,1.545,1.58,1.59
2025-07-22 20:57:39.876,1.582,1.58,1.693,1.468,1.586,1.585,1.471,1.545,1.58,1.59
2025-07-22 20:57:39.926,1.582,1.578,1.693,1.467,1.585,1.586,1.472,1.546,1.58,1.59
2025-07-22 20:57:39.977,1.582,1.578,1.692,1.467,1.577,1.585,1.473,1.546,1.58,1.59
2025-07-22 20:57:40.026,1.582,1.578,1.693,1.468,1.58,1.585,1.472,1.545,1.58,1.59
2025-07-22 20:57:40.076,1.582,1.578,1.693,1.468,1.578,1.585,1.471,1.546,1.58,1.59
2025-07-22 20:57:40.127,1.582,1.579,1.693,1.467,1.585,1.585,1.471,1.545,1.581,1.59
2025-07-22 20:57:40.177,1.582,1.577,1.693,1.468,1.588,1.586,1.472,1.545,1.58,1.59
2025-07-22 20:57:40.227,1.582,1.578,1.693,1.467,1.579,1.585,1.471,1.545,1.58,1.59
2025-07-22 20:57:40.277,1.582,1.577,1.693,1.467,1.577,1.585,1.471,1.545,1.58,1.59
2025-07-22 20:57:40.327,1.582,1.578,1.692,1.468,1.58,1.584,1.471,1.545,1.58,1.589
2025-07-22 20:57:40.377,1.582,1.578,1.693,1.468,1.576,1.584,1.472,1.545,1.58,1.59
2025-07-22 20:57:40.427,1.582,1.577,1.692,1.467,1.579,1.585,1.471,1.545,1.579,1.59
2025-07-22 20:57:40.477,1.582,1.577,1.692,1.467,1.579,1.585,1.471,1.545,1.579,1.589
2025-07-22 20:57:40.527,1.582,1.577,1.693,1.467,1.58,1.585,1.471,1.545,1.579,1.59
2025-07-22 20:57:40.577,1.582,1.577,1.692,1.467,1.58,1.585,1.473,1.544,1.58,1.59
2025-07-22 20:57:40.627,1.582,1.578,1.692,1.467,1.588,1.584,1.472,1.545,1.579,1.589
2025-07-22 20:57:40.676,1.582,1.578,1.692,1.467,1.58,1.584,1.47,1.545,1.58,1.59
2025-07-22 20:57:40.727,1.582,1.579,1.692,1.467,1.576,1.584,1.471,1.546,1.58,1.59
2025-07-22 20:57:40.777,1.582,1.577,1.693,1.467,1.58,1.584,1.471,1.545,1.579,1.59
2025-07-22 20:57:40.827,1.582,1.578,1.693,1.467,1.577,1.584,1.471,1.545,1.579,1.589
2025-07-22 20:57:40.877,1.582,1.577,1.692,1.467,1.58,1.585,1.472,1.545,1.58,1.59
2025-07-22 20:57:40.926,1.582,1.577,1.692,1.467,1.58,1.585,1.472,1.546,1.58,1.59
2025-07-22 20:57:40.977,1.582,1.577,1.693,1.467,1.579,1.584,1.474,1.546,1.581,1.59
2025-07-22 20:57:41.027,1.582,1.579,1.692,1.468,1.58,1.584,1.474,1.546,1.581,1.59
2025-07-22 20:57:41.077,1.582,1.578,1.693,1.467,1.581,1.585,1.471,1.545,1.58,1.59
2025-07-22 20:57:41.127,1.582,1.578,1.692,1.467,1.579,1.585,1.471,1.546,1.58,1.59
2025-07-22 20:57:41.177,1.582,1.577,1.694,1.467,1.585,1.586,1.472,1.546,1.58,1.59
2025-07-22 20:57:41.227,1.582,1.579,1.693,1.466,1.581,1.585,1.471,1.546,1.581,1.59
2025-07-22 20:57:41.277,1.582,1.577,1.693,1.467,1.58,1.585,1.473,1.546,1.581,1.59
2025-07-22 20:57:41.327,1.582,1.578,1.694,1.467,1.574,1.585,1.473,1.547,1.581,1.591
2025-07-22 20:57:41.377,1.582,1.577,1.694,1.466,1.57,1.586,1.474,1.547,1.582,1.59
2025-07-22 20:57:41.427,1.582,1.579,1.694,1.467,1.57,1.585,1.474,1.547,1.581,1.59
2025-07-22 20:57:41.477,1.583,1.578,1.693,1.468,1.557,1.585,1.474,1.546,1.58,1.59
2025-07-22 20:57:41.527,1.582,1.578,1.694,1.467,1.557,1.584,1.473,1.547,1.581,1.59
2025-07-22 20:57:41.576,1.582,1.58,1.694,1.467,1.557,1.584,1.472,1.547,1.58,1.591
2025-07-22 20:57:41.626,1.583,1.579,1.693,1.467,1.569,1.584,1.474,1.548,1.58,1.59
2025-07-22 20:57:41.677,1.583,1.579,1.694,1.468,1.557,1.584,1.473,1.548,1.58,1.59
2025-07-22 20:57:41.727,1.583,1.578,1.693,1.467,1.554,1.583,1.472,1.548,1.58,1.591
2025-07-22 20:57:41.776,1.583,1.579,1.693,1.468,1.564,1.583,1.473,1.548,1.579,1.59
2025-07-22 20:57:41.827,1.583,1.58,1.694,1.467,1.556,1.582,1.474,1.548,1.579,1.59
2025-07-22 20:57:41.876,1.582,1.579,1.694,1.468,1.557,1.583,1.474,1.547,1.579,1.591
2025-07-22 20:57:41.926,1.583,1.579,1.694,1.467,1.561,1.583,1.474,1.547,1.578,1.591
2025-07-22 20:57:41.977,1.583,1.579,1.694,1.467,1.558,1.583,1.473,1.547,1.577,1.59
2025-07-22 20:57:42.027,1.582,1.58,1.694,1.468,1.556,1.582,1.473,1.548,1.577,1.591
2025-07-22 20:57:42.077,1.584,1.58,1.693,1.467,1.556,1.582,1.472,1.548,1.577,1.59
2025-07-22 20:57:42.127,1.583,1.58,1.694,1.467,1.557,1.582,1.472,1.548,1.577,1.59
2025-07-22 20:57:42.177,1.582,1.578,1.694,1.467,1.557,1.582,1.472,1.548,1.577,1.59
2025-07-22 20:57:42.227,1.582,1.58,1.694,1.468,1.557,1.581,1.472,1.547,1.577,1.59
2025-07-22 20:57:42.277,1.583,1.58,1.694,1.468,1.556,1.582,1.473,1.548,1.577,1.591
2025-07-22 20:57:42.327,1.582,1.579,1.694,1.468,1.556,1.582,1.471,1.548,1.577,1.59
2025-07-22 20:57:42.377,1.584,1.58,1.694,1.468,1.557,1.582,1.472,1.548,1.577,1.591
2025-07-22 20:57:42.428,1.583,1.58,1.694,1.468,1.557,1.581,1.474,1.548,1.577,1.591
2025-07-22 20:57:42.477,1.583,1.58,1.694,1.468,1.559,1.581,1.473,1.548,1.577,1.59
2025-07-22 20:57:42.527,1.583,1.58,1.694,1.467,1.557,1.581,1.471,1.548,1.577,1.591
2025-07-22 20:57:42.577,1.584,1.58,1.694,1.468,1.554,1.581,1.473,1.548,1.577,1.59
2025-07-22 20:57:42.626,1.583,1.58,1.694,1.467,1.557,1.582,1.473,1.548,1.577,1.59
2025-07-22 20:57:42.677,1.583,1.58,1.694,1.467,1.557,1.581,1.471,1.548,1.577,1.591
2025-07-22 20:57:42.727,1.584,1.579,1.694,1.468,1.557,1.581,1.473,1.548,1.577,1.591
2025-07-22 20:57:42.778,1.583,1.58,1.693,1.467,1.558,1.58,1.472,1.548,1.576,1.59
2025-07-22 20:57:42.826,1.582,1.58,1.694,1.468,1.56,1.581,1.474,1.548,1.576,1.59
2025-07-22 20:57:42.877,1.583,1.579,1.694,1.468,1.563,1.581,1.472,1.548,1.576,1.59
2025-07-22 20:57:42.926,1.583,1.58,1.694,1.468,1.56,1.58,1.472,1.548,1.577,1.591
2025-07-22 20:57:42.977,1.583,1.579,1.694,1.467,1.557,1.58,1.472,1.548,1.575,1.59
2025-07-22 20:57:43.027,1.584,1.58,1.694,1.468,1.557,1.58,1.471,1.548,1.575,1.59
2025-07-22 20:57:43.078,1.584,1.58,1.695,1.468,1.557,1.58,1.471,1.548,1.576,1.591
2025-07-22 20:57:43.127,1.583,1.579,1.694,1.468,1.557,1.581,1.472,1.548,1.575,1.59
2025-07-22 20:57:43.177,1.583,1.579,1.694,1.468,1.557,1.579,1.472,1.548,1.576,1.59
2025-07-22 20:57:43.227,1.583,1.579,1.694,1.468,1.557,1.58,1.471,1.548,1.575,1.59
2025-07-22 20:57:43.276,1.582,1.58,1.694,1.468,1.557,1.579,1.471,1.548,1.575,1.59
2025-07-22 20:57:43.327,1.584,1.58,1.694,1.468,1.557,1.579,1.472,1.548,1.576,1.59
2025-07-22 20:57:43.377,1.583,1.58,1.694,1.467,1.557,1.579,1.472,1.548,1.575,1.59
2025-07-22 20:57:43.426,1.583,1.579,1.694,1.468,1.553,1.58,1.472,1.547,1.575,1.59
2025-07-22 20:57:43.477,1.583,1.58,1.694,1.468,1.557,1.579,1.471,1.548,1.574,1.59
2025-07-22 20:57:43.527,1.583,1.58,1.694,1.468,1.558,1.579,1.471,1.547,1.575,1.59
2025-07-22 20:57:43.577,1.583,1.581,1.694,1.468,1.557,1.58,1.471,1.547,1.575,1.59
2025-07-22 20:57:43.627,1.583,1.58,1.694,1.467,1.558,1.578,1.471,1.546,1.575,1.59
2025-07-22 20:57:43.676,1.583,1.58,1.694,1.468,1.563,1.579,1.471,1.547,1.574,1.59
2025-07-22 20:57:43.727,1.583,1.579,1.693,1.468,1.555,1.579,1.472,1.547,1.574,1.589
2025-07-22 20:57:43.776,1.583,1.579,1.694,1.468,1.558,1.579,1.471,1.547,1.574,1.589
2025-07-22 20:57:43.827,1.583,1.58,1.693,1.467,1.557,1.578,1.471,1.547,1.574,1.589
2025-07-22 20:57:43.877,1.582,1.579,1.694,1.468,1.559,1.579,1.471,1.547,1.574,1.589
2025-07-22 20:57:43.927,1.582,1.579,1.694,1.468,1.569,1.579,1.471,1.546,1.574,1.589
2025-07-22 20:57:43.977,1.582,1.578,1.694,1.467,1.559,1.578,1.469,1.547,1.575,1.588
2025-07-22 20:57:44.026,1.583,1.579,1.693,1.468,1.557,1.578,1.47,1.546,1.575,1.589
2025-07-22 20:57:44.077,1.582,1.579,1.694,1.467,1.554,1.577,1.471,1.546,1.575,1.589
2025-07-22 20:57:44.127,1.582,1.58,1.694,1.468,1.562,1.577,1.47,1.546,1.577,1.589
2025-07-22 20:57:44.177,1.582,1.58,1.694,1.468,1.559,1.578,1.471,1.546,1.575,1.589
2025-07-22 20:57:44.228,1.582,1.579,1.694,1.468,1.557,1.577,1.471,1.546,1.576,1.588
2025-07-22 20:57:44.277,1.582,1.579,1.694,1.468,1.558,1.578,1.47,1.546,1.576,1.589
2025-07-22 20:57:44.327,1.582,1.579,1.693,1.468,1.561,1.578,1.47,1.546,1.576,1.589
2025-07-22 20:57:44.377,1.582,1.58,1.694,1.468,1.561,1.577,1.47,1.545,1.577,1.589
2025-07-22 20:57:44.427,1.582,1.579,1.694,1.468,1.557,1.578,1.47,1.545,1.576,1.589
2025-07-22 20:57:44.476,1.583,1.578,1.694,1.468,1.556,1.577,1.47,1.545,1.577,1.589
2025-07-22 20:57:44.527,1.582,1.579,1.693,1.468,1.555,1.578,1.47,1.545,1.577,1.589
2025-07-22 20:57:44.577,1.582,1.578,1.693,1.468,1.557,1.577,1.47,1.545,1.577,1.589
2025-07-22 20:57:44.626,1.582,1.58,1.694,1.468,1.56,1.579,1.471,1.546,1.577,1.588
2025-07-22 20:57:44.677,1.582,1.579,1.694,1.468,1.557,1.578,1.47,1.545,1.577,1.589
2025-07-22 20:57:44.727,1.582,1.577,1.694,1.468,1.557,1.577,1.47,1.544,1.577,1.589
2025-07-22 20:57:44.777,1.582,1.579,1.694,1.467,1.557,1.577,1.47,1.545,1.577,1.589
2025-07-22 20:57:44.827,1.582,1.578,1.694,1.468,1.556,1.577,1.47,1.544,1.577,1.589
2025-07-22 20:57:44.876,1.582,1.578,1.693,1.467,1.551,1.577,1.47,1.544,1.578,1.589
2025-07-22 20:57:44.927,1.582,1.578,1.694,1.468,1.554,1.577,1.47,1.544,1.578,1.59
2025-07-22 20:57:44.977,1.582,1.578,1.693,1.467,1.56,1.577,1.47,1.544,1.578,1.589
2025-07-22 20:57:45.027,1.582,1.579,1.694,1.468,1.558,1.577,1.47,1.544,1.577,1.589
2025-07-22 20:57:45.077,1.582,1.577,1.692,1.467,1.557,1.577,1.47,1.544,1.578,1.588
2025-07-22 20:57:45.127,1.582,1.579,1.692,1.468,1.559,1.578,1.469,1.544,1.578,1.588
2025-07-22 20:57:45.176,1.582,1.577,1.694,1.468,1.553,1.577,1.469,1.544,1.577,1.589
2025-07-22 20:57:45.228,1.582,1.578,1.694,1.467,1.557,1.578,1.47,1.544,1.577,1.59
2025-07-22 20:57:45.277,1.582,1.579,1.694,1.468,1.552,1.577,1.47,1.544,1.578,1.589
2025-07-22 20:57:45.327,1.582,1.578,1.694,1.468,1.556,1.577,1.47,1.544,1.578,1.589
2025-07-22 20:57:45.377,1.582,1.578,1.693,1.467,1.558,1.577,1.471,1.544,1.577,1.589
2025-07-22 20:57:45.427,1.582,1.578,1.693,1.468,1.557,1.578,1.47,1.544,1.578,1.589
2025-07-22 20:57:45.477,1.582,1.578,1.694,1.467,1.558,1.577,1.471,1.544,1.578,1.59
2025-07-22 20:57:45.526,1.582,1.577,1.694,1.468,1.557,1.577,1.47,1.544,1.577,1.589
2025-07-22 20:57:45.577,1.582,1.578,1.694,1.468,1.559,1.577,1.469,1.544,1.577,1.589
2025-07-22 20:57:45.626,1.582,1.577,1.693,1.467,1.557,1.578,1.47,1.544,1.578,1.589
2025-07-22 20:57:45.677,1.582,1.578,1.693,1.467,1.561,1.577,1.47,1.544,1.578,1.589
2025-07-22 20:57:45.726,1.582,1.578,1.693,1.467,1.564,1.577,1.47,1.544,1.579,1.589
2025-07-22 20:57:45.777,1.582,1.578,1.693,1.467,1.565,1.577,1.47,1.544,1.579,1.59
2025-07-22 20:57:45.827,1.582,1.579,1.694,1.468,1.557,1.577,1.47,1.544,1.579,1.589
2025-07-22 20:57:45.877,1.582,1.579,1.693,1.468,1.555,1.577,1.469,1.544,1.578,1.59
2025-07-22 20:57:45.926,1.582,1.579,1.694,1.467,1.561,1.577,1.471,1.544,1.579,1.589
2025-07-22 20:57:45.977,1.582,1.579,1.694,1.467,1.558,1.578,1.47,1.544,1.578,1.59
2025-07-22 20:57:46.027,1.582,1.579,1.693,1.467,1.558,1.578,1.47,1.544,1.578,1.589
2025-07-22 20:57:46.076,1.582,1.578,1.693,1.468,1.573,1.577,1.471,1.544,1.579,1.589
2025-07-22 20:57:46.127,1.582,1.578,1.694,1.468,1.561,1.577,1.47,1.544,1.579,1.59
2025-07-22 20:57:46.176,1.582,1.578,1.693,1.467,1.556,1.577,1.47,1.544,1.579,1.59
2025-07-22 20:57:46.227,1.582,1.578,1.693,1.467,1.557,1.578,1.47,1.544,1.579,1.589
2025-07-22 20:57:46.277,1.582,1.578,1.694,1.468,1.558,1.577,1.47,1.544,1.579,1.59
2025-07-22 20:57:46.327,1.582,1.579,1.692,1.468,1.561,1.577,1.47,1.543,1.579,1.589
2025-07-22 20:57:46.377,1.582,1.577,1.694,1.467,1.558,1.577,1.471,1.544,1.579,1.589
2025-07-22 20:57:46.427,1.582,1.577,1.693,1.468,1.558,1.577,1.469,1.544,1.578,1.59
2025-07-22 20:57:46.476,1.582,1.578,1.694,1.468,1.557,1.577,1.47,1.544,1.578,1.59
2025-07-22 20:57:46.526,1.582,1.577,1.694,1.467,1.559,1.577,1.47,1.543,1.579,1.59
2025-07-22 20:57:46.577,1.582,1.577,1.693,1.467,1.557,1.577,1.469,1.543,1.579,1.59
2025-07-22 20:57:46.627,1.582,1.578,1.693,1.467,1.559,1.577,1.47,1.544,1.579,1.59
2025-07-22 20:57:46.677,1.582,1.578,1.693,1.467,1.557,1.577,1.47,1.544,1.58,1.59
2025-07-22 20:57:46.727,1.582,1.577,1.693,1.468,1.557,1.577,1.47,1.544,1.579,1.59
2025-07-22 20:57:46.777,1.582,1.578,1.693,1.467,1.566,1.577,1.47,1.544,1.579,1.59
2025-07-22 20:57:46.827,1.582,1.579,1.693,1.468,1.553,1.577,1.47,1.544,1.579,1.59
2025-07-22 20:57:46.877,1.582,1.577,1.694,1.467,1.558,1.577,1.47,1.544,1.579,1.589
2025-07-22 20:57:46.927,1.582,1.578,1.693,1.468,1.558,1.577,1.47,1.544,1.578,1.59
2025-07-22 20:57:46.977,1.582,1.578,1.693,1.468,1.557,1.577,1.47,1.543,1.579,1.59
2025-07-22 20:57:47.027,1.582,1.577,1.693,1.468,1.559,1.577,1.47,1.543,1.579,1.589
2025-07-22 20:57:47.077,1.582,1.577,1.694,1.468,1.557,1.577,1.47,1.543,1.579,1.589
2025-07-22 20:57:47.127,1.581,1.578,1.692,1.468,1.568,1.577,1.469,1.543,1.578,1.589
2025-07-22 20:57:47.176,1.582,1.578,1.694,1.468,1.563,1.577,1.471,1.543,1.578,1.59
2025-07-22 20:57:47.226,1.582,1.577,1.693,1.467,1.554,1.577,1.47,1.544,1.577,1.59
2025-07-22 20:57:47.277,1.582,1.577,1.693,1.468,1.557,1.577,1.47,1.544,1.579,1.589
2025-07-22 20:57:47.326,1.582,1.577,1.693,1.467,1.558,1.577,1.469,1.543,1.577,1.589
2025-07-22 20:57:47.376,1.582,1.577,1.692,1.467,1.562,1.577,1.47,1.544,1.579,1.589
2025-07-22 20:57:47.426,1.582,1.577,1.693,1.467,1.557,1.577,1.47,1.544,1.579,1.589
2025-07-22 20:57:47.477,1.582,1.577,1.693,1.467,1.554,1.577,1.469,1.543,1.579,1.59
2025-07-22 20:57:47.527,1.582,1.578,1.693,1.467,1.558,1.577,1.469,1.544,1.579,1.59
2025-07-22 20:57:47.576,1.582,1.578,1.694,1.468,1.557,1.577,1.469,1.543,1.579,1.59
2025-07-22 20:57:47.626,1.582,1.578,1.692,1.467,1.558,1.577,1.47,1.543,1.579,1.589
2025-07-22 20:57:47.676,1.582,1.578,1.694,1.468,1.557,1.577,1.469,1.544,1.579,1.59
2025-07-22 20:57:47.727,1.582,1.578,1.694,1.468,1.56,1.577,1.47,1.543,1.579,1.59
2025-07-22 20:57:47.777,1.581,1.578,1.693,1.468,1.557,1.577,1.47,1.544,1.58,1.59
2025-07-22 20:57:47.827,1.582,1.578,1.694,1.468,1.558,1.577,1.469,1.544,1.579,1.59
2025-07-22 20:57:47.876,1.582,1.577,1.694,1.467,1.56,1.577,1.47,1.543,1.579,1.59
2025-07-22 20:57:47.927,1.582,1.577,1.694,1.467,1.557,1.578,1.469,1.544,1.579,1.59
2025-07-22 20:57:47.977,1.582,1.578,1.693,1.468,1.557,1.577,1.469,1.544,1.579,1.59
2025-07-22 20:57:48.027,1.582,1.577,1.694,1.468,1.558,1.577,1.47,1.543,1.58,1.589
2025-07-22 20:57:48.077,1.582,1.578,1.694,1.467,1.559,1.577,1.47,1.544,1.579,1.59
2025-07-22 20:57:48.126,1.582,1.578,1.693,1.467,1.555,1.577,1.47,1.544,1.58,1.59
2025-07-22 20:57:48.176,1.582,1.578,1.694,1.468,1.557,1.577,1.47,1.544,1.58,1.59
2025-07-22 20:57:48.226,1.582,1.577,1.694,1.468,1.561,1.577,1.471,1.543,1.579,1.59
2025-07-22 20:57:48.276,1.581,1.578,1.694,1.467,1.56,1.577,1.469,1.544,1.58,1.59
2025-07-22 20:57:48.327,1.582,1.579,1.694,1.467,1.557,1.577,1.47,1.544,1.58,1.59
2025-07-22 20:57:48.376,1.583,1.578,1.694,1.467,1.559,1.577,1.47,1.544,1.58,1.59
2025-07-22 20:57:48.427,1.582,1.578,1.694,1.468,1.558,1.577,1.47,1.544,1.579,1.59
2025-07-22 20:57:48.477,1.582,1.577,1.693,1.468,1.558,1.576,1.47,1.544,1.579,1.59
2025-07-22 20:57:48.527,1.582,1.579,1.693,1.468,1.557,1.577,1.47,1.544,1.579,1.59
2025-07-22 20:57:48.576,1.582,1.579,1.694,1.467,1.555,1.577,1.47,1.544,1.58,1.59
2025-07-22 20:57:48.627,1.582,1.578,1.693,1.467,1.557,1.577,1.469,1.543,1.58,1.59
2025-07-22 20:57:48.676,1.582,1.578,1.694,1.468,1.557,1.578,1.47,1.544,1.58,1.59
2025-07-22 20:57:48.727,1.582,1.578,1.694,1.468,1.557,1.578,1.47,1.544,1.58,1.59
2025-07-22 20:57:48.777,1.583,1.578,1.694,1.468,1.557,1.577,1.47,1.544,1.58,1.59
2025-07-22 20:57:48.827,1.582,1.578,1.693,1.468,1.555,1.577,1.47,1.544,1.579,1.59
2025-07-22 20:57:48.876,1.582,1.579,1.694,1.468,1.559,1.577,1.47,1.544,1.58,1.59
2025-07-22 20:57:48.926,1.582,1.578,1.693,1.466,1.557,1.577,1.47,1.543,1.58,1.59
2025-07-22 20:57:48.977,1.582,1.578,1.694,1.467,1.56,1.577,1.469,1.544,1.579,1.59
2025-07-22 20:57:49.027,1.582,1.579,1.693,1.467,1.557,1.578,1.47,1.544,1.579,1.59
2025-07-22 20:57:49.077,1.583,1.578,1.693,1.467,1.56,1.577,1.47,1.544,1.579,1.59
2025-07-22 20:57:49.127,1.582,1.578,1.693,1.468,1.559,1.577,1.47,1.544,1.58,1.59
2025-07-22 20:57:49.177,1.583,1.578,1.693,1.467,1.557,1.577,1.47,1.544,1.579,1.59
2025-07-22 20:57:49.227,1.582,1.579,1.694,1.468,1.557,1.577,1.469,1.544,1.58,1.59
2025-07-22 20:57:49.277,1.582,1.578,1.694,1.468,1.557,1.577,1.469,1.544,1.58,1.59
2025-07-22 20:57:49.326,1.582,1.578,1.693,1.468,1.566,1.577,1.469,1.544,1.58,1.59
2025-07-22 20:57:49.377,1.582,1.578,1.693,1.468,1.548,1.577,1.47,1.543,1.579,1.59
2025-07-22 20:57:49.427,1.582,1.578,1.693,1.468,1.559,1.577,1.469,1.544,1.579,1.59
2025-07-22 20:57:49.477,1.582,1.578,1.694,1.467,1.557,1.577,1.468,1.544,1.579,1.59
2025-07-22 20:57:49.526,1.582,1.578,1.694,1.468,1.553,1.577,1.47,1.544,1.579,1.59
2025-07-22 20:57:49.577,1.582,1.577,1.694,1.468,1.556,1.577,1.47,1.543,1.578,1.59
2025-07-22 20:57:49.626,1.582,1.577,1.694,1.467,1.565,1.577,1.47,1.543,1.578,1.59
2025-07-22 20:57:49.677,1.582,1.577,1.693,1.467,1.557,1.577,1.469,1.543,1.578,1.589
2025-07-22 20:57:49.727,1.582,1.578,1.693,1.467,1.565,1.577,1.47,1.544,1.579,1.59
2025-07-22 20:57:49.776,1.582,1.577,1.693,1.468,1.564,1.577,1.47,1.543,1.578,1.59
2025-07-22 20:57:49.827,1.582,1.577,1.693,1.467,1.558,1.577,1.47,1.544,1.578,1.59
2025-07-22 20:57:49.877,1.582,1.577,1.692,1.467,1.556,1.577,1.468,1.544,1.579,1.59
2025-07-22 20:57:49.927,1.582,1.577,1.692,1.468,1.551,1.577,1.469,1.544,1.578,1.589
2025-07-22 20:57:49.977,1.581,1.578,1.693,1.468,1.557,1.577,1.469,1.544,1.579,1.59
2025-07-22 20:57:50.027,1.581,1.577,1.693,1.467,1.557,1.576,1.47,1.544,1.578,1.59
2025-07-22 20:57:50.077,1.581,1.577,1.693,1.467,1.558,1.577,1.47,1.544,1.579,1.59
2025-07-22 20:57:50.126,1.582,1.577,1.693,1.468,1.562,1.576,1.469,1.544,1.579,1.589
2025-07-22 20:57:50.176,1.581,1.577,1.692,1.467,1.557,1.577,1.469,1.544,1.579,1.59
2025-07-22 20:57:50.227,1.582,1.578,1.692,1.468,1.557,1.577,1.469,1.544,1.579,1.589
2025-07-22 20:57:50.277,1.581,1.577,1.694,1.467,1.557,1.577,1.469,1.544,1.579,1.589
2025-07-22 20:57:50.327,1.582,1.578,1.693,1.468,1.557,1.577,1.47,1.544,1.579,1.59
2025-07-22 20:57:50.377,1.582,1.577,1.693,1.467,1.56,1.577,1.47,1.545,1.579,1.59
2025-07-22 20:57:50.426,1.582,1.577,1.693,1.467,1.561,1.577,1.469,1.545,1.579,1.589
2025-07-22 20:57:50.476,1.582,1.577,1.694,1.467,1.558,1.577,1.469,1.544,1.579,1.59
2025-07-22 20:57:50.526,1.582,1.578,1.694,1.468,1.558,1.577,1.47,1.544,1.579,1.59
2025-07-22 20:57:50.577,1.582,1.578,1.694,1.468,1.557,1.577,1.47,1.544,1.58,1.59
2025-07-22 20:57:50.626,1.582,1.577,1.694,1.467,1.559,1.578,1.47,1.545,1.58,1.59
2025-07-22 20:57:50.677,1.582,1.577,1.693,1.467,1.555,1.577,1.47,1.545,1.579,1.59
2025-07-22 20:57:50.727,1.582,1.577,1.694,1.467,1.557,1.577,1.469,1.545,1.579,1.59
2025-07-22 20:57:50.777,1.582,1.578,1.694,1.467,1.556,1.577,1.47,1.545,1.579,1.589
2025-07-22 20:57:50.827,1.581,1.578,1.693,1.468,1.569,1.577,1.47,1.544,1.58,1.59
2025-07-22 20:57:50.876,1.582,1.578,1.694,1.467,1.558,1.577,1.47,1.544,1.58,1.59
2025-07-22 20:57:50.927,1.582,1.578,1.694,1.467,1.557,1.577,1.47,1.544,1.58,1.59
2025-07-22 20:57:50.977,1.582,1.578,1.694,1.468,1.556,1.577,1.47,1.544,1.58,1.59
2025-07-22 20:57:51.027,1.582,1.578,1.694,1.467,1.557,1.577,1.469,1.545,1.58,1.59
2025-07-22 20:57:51.076,1.582,1.578,1.694,1.468,1.557,1.577,1.47,1.545,1.58,1.59
2025-07-22 20:57:51.127,1.582,1.578,1.693,1.467,1.564,1.577,1.47,1.545,1.58,1.59
2025-07-22 20:57:51.176,1.582,1.578,1.694,1.467,1.557,1.577,1.469,1.544,1.58,1.59
2025-07-22 20:57:51.226,1.582,1.578,1.693,1.468,1.558,1.577,1.469,1.544,1.58,1.59
2025-07-22 20:57:51.277,1.582,1.578,1.693,1.468,1.558,1.577,1.469,1.544,1.58,1.59
2025-07-22 20:57:51.327,1.583,1.577,1.694,1.467,1.56,1.577,1.47,1.545,1.579,1.59
2025-07-22 20:57:51.377,1.582,1.577,1.694,1.466,1.558,1.577,1.469,1.544,1.579,1.59
2025-07-22 20:57:51.426,1.582,1.579,1.694,1.468,1.557,1.577,1.47,1.544,1.58,1.59
2025-07-22 20:57:51.477,1.582,1.578,1.693,1.467,1.566,1.577,1.47,1.546,1.58,1.59
2025-07-22 20:57:51.526,1.582,1.577,1.694,1.468,1.542,1.577,1.469,1.545,1.58,1.59
2025-07-22 20:57:51.577,1.582,1.577,1.693,1.467,1.556,1.577,1.47,1.545,1.581,1.59
2025-07-22 20:57:51.627,1.582,1.578,1.693,1.468,1.56,1.577,1.47,1.545,1.58,1.59
2025-07-22 20:57:51.677,1.582,1.578,1.692,1.467,1.557,1.577,1.469,1.544,1.58,1.59
2025-07-22 20:57:51.727,1.582,1.577,1.693,1.467,1.557,1.577,1.47,1.545,1.58,1.59
2025-07-22 20:57:51.777,1.582,1.579,1.694,1.468,1.557,1.577,1.47,1.544,1.58,1.59
2025-07-22 20:57:51.827,1.582,1.578,1.693,1.468,1.557,1.577,1.47,1.544,1.58,1.59
2025-07-22 20:57:51.876,1.582,1.578,1.693,1.468,1.558,1.576,1.468,1.545,1.58,1.59
2025-07-22 20:57:51.926,1.582,1.577,1.693,1.468,1.558,1.577,1.47,1.545,1.58,1.59
2025-07-22 20:57:51.977,1.582,1.577,1.693,1.467,1.558,1.577,1.469,1.545,1.579,1.59
2025-07-22 20:57:52.027,1.582,1.578,1.693,1.468,1.554,1.577,1.469,1.544,1.58,1.59
2025-07-22 20:57:52.076,1.582,1.578,1.693,1.467,1.557,1.577,1.469,1.545,1.58,1.59
2025-07-22 20:57:52.127,1.582,1.577,1.694,1.467,1.563,1.577,1.471,1.544,1.58,1.59
2025-07-22 20:57:52.177,1.582,1.577,1.694,1.467,1.557,1.577,1.468,1.545,1.579,1.59
2025-07-22 20:57:52.227,1.581,1.577,1.692,1.467,1.557,1.577,1.469,1.544,1.579,1.589
2025-07-22 20:57:52.277,1.581,1.578,1.693,1.468,1.558,1.577,1.469,1.545,1.58,1.589
2025-07-22 20:57:52.327,1.582,1.577,1.694,1.467,1.556,1.577,1.469,1.544,1.579,1.59
2025-07-22 20:57:52.377,1.582,1.577,1.693,1.468,1.561,1.577,1.469,1.545,1.58,1.59
2025-07-22 20:57:52.427,1.582,1.577,1.693,1.467,1.556,1.577,1.467,1.545,1.58,1.59
2025-07-22 20:57:52.477,1.582,1.577,1.693,1.467,1.557,1.577,1.47,1.544,1.58,1.59
2025-07-22 20:57:52.526,1.582,1.577,1.693,1.467,1.565,1.577,1.469,1.545,1.581,1.59
2025-07-22 20:57:52.576,1.582,1.578,1.694,1.467,1.559,1.577,1.469,1.545,1.58,1.59
2025-07-22 20:57:52.627,1.582,1.578,1.693,1.467,1.559,1.577,1.47,1.545,1.58,1.59
2025-07-22 20:57:52.677,1.582,1.578,1.693,1.467,1.557,1.577,1.47,1.545,1.581,1.59
2025-07-22 20:57:52.727,1.582,1.578,1.693,1.467,1.558,1.577,1.469,1.545,1.581,1.59
2025-07-22 20:57:52.777,1.582,1.578,1.694,1.468,1.557,1.577,1.469,1.545,1.58,1.59
2025-07-22 20:57:52.827,1.582,1.578,1.693,1.467,1.56,1.577,1.468,1.546,1.581,1.59
2025-07-22 20:57:52.877,1.582,1.578,1.693,1.467,1.557,1.577,1.47,1.545,1.581,1.59
2025-07-22 20:57:52.927,1.582,1.578,1.694,1.467,1.558,1.577,1.468,1.545,1.582,1.59
2025-07-22 20:57:52.976,1.582,1.578,1.694,1.467,1.558,1.577,1.469,1.545,1.582,1.59
2025-07-22 20:57:53.027,1.582,1.577,1.694,1.467,1.557,1.577,1.47,1.545,1.581,1.59
2025-07-22 20:57:53.077,1.582,1.578,1.694,1.468,1.557,1.577,1.47,1.545,1.581,1.59
2025-07-22 20:57:53.127,1.582,1.578,1.694,1.468,1.56,1.577,1.469,1.546,1.58,1.59
2025-07-22 20:57:53.177,1.582,1.579,1.693,1.468,1.557,1.577,1.47,1.546,1.581,1.591
2025-07-22 20:57:53.227,1.583,1.578,1.693,1.468,1.557,1.577,1.47,1.545,1.581,1.591
2025-07-22 20:57:53.276,1.582,1.577,1.694,1.468,1.557,1.577,1.47,1.545,1.581,1.59
2025-07-22 20:57:53.327,1.582,1.578,1.694,1.467,1.556,1.577,1.47,1.545,1.581,1.59
2025-07-22 20:57:53.376,1.582,1.579,1.694,1.468,1.556,1.577,1.47,1.546,1.581,1.59
2025-07-22 20:57:53.427,1.583,1.577,1.694,1.467,1.558,1.577,1.47,1.546,1.581,1.591
2025-07-22 20:57:53.476,1.582,1.579,1.694,1.468,1.561,1.577,1.469,1.544,1.581,1.591
2025-07-22 20:57:53.526,1.582,1.578,1.693,1.468,1.557,1.577,1.47,1.545,1.581,1.59
2025-07-22 20:57:53.577,1.582,1.579,1.694,1.468,1.554,1.577,1.469,1.545,1.581,1.59
2025-07-22 20:57:53.627,1.582,1.578,1.694,1.468,1.56,1.577,1.47,1.546,1.58,1.59
2025-07-22 20:57:53.676,1.582,1.578,1.694,1.468,1.567,1.577,1.468,1.545,1.581,1.59
2025-07-22 20:57:53.727,1.582,1.579,1.694,1.467,1.557,1.577,1.47,1.545,1.58,1.591
2025-07-22 20:57:53.777,1.582,1.578,1.694,1.468,1.556,1.577,1.469,1.545,1.581,1.591
2025-07-22 20:57:53.826,1.583,1.578,1.694,1.468,1.561,1.577,1.469,1.545,1.581,1.59
2025-07-22 20:57:53.877,1.583,1.577,1.694,1.467,1.561,1.577,1.47,1.545,1.581,1.59
2025-07-22 20:57:53.926,1.582,1.578,1.694,1.468,1.559,1.577,1.468,1.545,1.58,1.59
2025-07-22 20:57:53.977,1.582,1.579,1.694,1.468,1.558,1.577,1.47,1.546,1.581,1.59
2025-07-22 20:57:54.027,1.583,1.578,1.694,1.468,1.557,1.577,1.469,1.545,1.581,1.59
2025-07-22 20:57:54.077,1.582,1.578,1.694,1.467,1.551,1.577,1.469,1.545,1.58,1.59
2025-07-22 20:57:54.127,1.582,1.578,1.694,1.468,1.561,1.577,1.47,1.545,1.58,1.59
2025-07-22 20:57:54.176,1.582,1.577,1.694,1.467,1.557,1.577,1.47,1.545,1.58,1.59
2025-07-22 20:57:54.227,1.582,1.578,1.692,1.467,1.557,1.577,1.469,1.545,1.58,1.59
2025-07-22 20:57:54.277,1.582,1.578,1.694,1.468,1.557,1.577,1.469,1.544,1.58,1.59
2025-07-22 20:57:54.326,1.582,1.579,1.693,1.467,1.558,1.577,1.469,1.544,1.581,1.591
2025-07-22 20:57:54.376,1.582,1.577,1.694,1.468,1.559,1.576,1.47,1.545,1.58,1.59
2025-07-22 20:57:54.427,1.582,1.578,1.694,1.467,1.557,1.577,1.47,1.544,1.58,1.59
2025-07-22 20:57:54.477,1.582,1.578,1.693,1.468,1.56,1.577,1.469,1.545,1.58,1.59
2025-07-22 20:57:54.527,1.582,1.579,1.694,1.468,1.558,1.577,1.47,1.545,1.581,1.59
2025-07-22 20:57:54.577,1.582,1.578,1.693,1.467,1.557,1.577,1.469,1.544,1.58,1.59
2025-07-22 20:57:54.627,1.582,1.577,1.694,1.468,1.563,1.577,1.468,1.545,1.581,1.591
2025-07-22 20:57:54.677,1.582,1.578,1.694,1.467,1.559,1.577,1.469,1.545,1.58,1.59
2025-07-22 20:57:54.726,1.582,1.577,1.693,1.467,1.553,1.577,1.469,1.545,1.58,1.59
2025-07-22 20:57:54.777,1.582,1.578,1.693,1.468,1.557,1.577,1.469,1.546,1.581,1.59
2025-07-22 20:57:54.827,1.582,1.578,1.694,1.468,1.556,1.577,1.469,1.546,1.581,1.59
2025-07-22 20:57:54.877,1.582,1.577,1.694,1.468,1.563,1.577,1.47,1.546,1.581,1.59
2025-07-22 20:57:54.926,1.582,1.577,1.694,1.468,1.558,1.577,1.468,1.545,1.581,1.59
2025-07-22 20:57:54.977,1.583,1.578,1.694,1.468,1.561,1.577,1.469,1.545,1.58,1.59
2025-07-22 20:57:55.027,1.582,1.578,1.694,1.467,1.557,1.577,1.469,1.546,1.581,1.59
2025-07-22 20:57:55.077,1.582,1.578,1.694,1.468,1.557,1.576,1.47,1.545,1.581,1.59
2025-07-22 20:57:55.127,1.582,1.579,1.693,1.467,1.561,1.577,1.468,1.546,1.582,1.59
2025-07-22 20:57:55.176,1.582,1.579,1.694,1.468,1.56,1.577,1.47,1.546,1.582,1.591
2025-07-22 20:57:55.226,1.582,1.579,1.694,1.467,1.557,1.577,1.469,1.546,1.582,1.59
2025-07-22 20:57:55.277,1.583,1.578,1.694,1.467,1.556,1.577,1.47,1.546,1.582,1.591
2025-07-22 20:57:55.327,1.583,1.578,1.694,1.468,1.557,1.577,1.469,1.546,1.581,1.59
2025-07-22 20:57:55.376,1.583,1.579,1.694,1.468,1.564,1.577,1.47,1.547,1.582,1.59
2025-07-22 20:57:55.426,1.583,1.58,1.694,1.468,1.557,1.578,1.469,1.546,1.582,1.591
2025-07-22 20:57:55.476,1.583,1.58,1.694,1.468,1.557,1.577,1.47,1.546,1.582,1.592
2025-07-22 20:57:55.526,1.583,1.58,1.694,1.468,1.557,1.578,1.47,1.546,1.582,1.591
2025-07-22 20:57:55.577,1.583,1.579,1.694,1.468,1.56,1.577,1.47,1.546,1.582,1.591
2025-07-22 20:57:55.627,1.582,1.579,1.694,1.468,1.558,1.577,1.47,1.546,1.582,1.591
2025-07-22 20:57:55.677,1.583,1.579,1.694,1.468,1.557,1.577,1.47,1.546,1.582,1.591
2025-07-22 20:57:55.727,1.582,1.578,1.695,1.467,1.553,1.577,1.47,1.546,1.581,1.591
2025-07-22 20:57:55.777,1.583,1.58,1.694,1.468,1.556,1.578,1.472,1.546,1.582,1.591
2025-07-22 20:57:55.826,1.583,1.58,1.694,1.468,1.554,1.578,1.471,1.546,1.582,1.591
2025-07-22 20:57:55.877,1.583,1.58,1.694,1.468,1.556,1.577,1.472,1.545,1.582,1.592
2025-07-22 20:57:55.926,1.583,1.58,1.694,1.467,1.558,1.577,1.47,1.546,1.582,1.592
2025-07-22 20:57:55.977,1.583,1.579,1.695,1.468,1.553,1.577,1.469,1.546,1.582,1.592
2025-07-22 20:57:56.026,1.583,1.58,1.695,1.468,1.558,1.578,1.47,1.545,1.582,1.592
2025-07-22 20:57:56.077,1.583,1.58,1.694,1.468,1.556,1.578,1.47,1.545,1.582,1.591
2025-07-22 20:57:56.127,1.584,1.58,1.694,1.467,1.558,1.578,1.47,1.545,1.582,1.592
2025-07-22 20:57:56.176,1.584,1.58,1.694,1.468,1.557,1.578,1.47,1.545,1.582,1.592
2025-07-22 20:57:56.227,1.583,1.58,1.694,1.468,1.557,1.578,1.47,1.546,1.582,1.591
2025-07-22 20:57:56.277,1.583,1.58,1.695,1.468,1.557,1.577,1.47,1.545,1.582,1.592
2025-07-22 20:57:56.327,1.584,1.581,1.694,1.468,1.558,1.578,1.47,1.545,1.582,1.592
2025-07-22 20:57:56.376,1.583,1.581,1.695,1.468,1.561,1.578,1.472,1.545,1.582,1.591
2025-07-22 20:57:56.427,1.584,1.581,1.695,1.468,1.557,1.578,1.47,1.545,1.582,1.591
2025-07-22 20:57:56.477,1.583,1.581,1.694,1.468,1.557,1.579,1.47,1.545,1.581,1.591
2025-07-22 20:57:56.527,1.584,1.58,1.696,1.468,1.558,1.577,1.471,1.546,1.582,1.592
2025-07-22 20:57:56.577,1.583,1.579,1.695,1.468,1.558,1.578,1.469,1.545,1.582,1.592
2025-07-22 20:57:56.627,1.583,1.579,1.695,1.468,1.557,1.578,1.471,1.545,1.582,1.592
2025-07-22 20:57:56.677,1.584,1.58,1.695,1.468,1.557,1.578,1.47,1.545,1.582,1.592
2025-07-22 20:57:56.727,1.583,1.581,1.695,1.468,1.557,1.577,1.469,1.544,1.582,1.592
2025-07-22 20:57:56.777,1.585,1.581,1.694,1.468,1.557,1.577,1.47,1.545,1.582,1.592
2025-07-22 20:57:56.827,1.584,1.58,1.694,1.468,1.557,1.577,1.47,1.546,1.582,1.593
2025-07-22 20:57:56.877,1.584,1.58,1.694,1.468,1.566,1.577,1.47,1.544,1.582,1.592
2025-07-22 20:57:56.926,1.583,1.58,1.695,1.468,1.559,1.578,1.47,1.545,1.582,1.592
2025-07-22 20:57:56.976,1.584,1.58,1.695,1.468,1.556,1.577,1.47,1.544,1.582,1.592
2025-07-22 20:57:57.027,1.583,1.581,1.694,1.468,1.558,1.578,1.47,1.544,1.582,1.592
2025-07-22 20:57:57.076,1.584,1.58,1.694,1.468,1.557,1.577,1.469,1.544,1.582,1.591
2025-07-22 20:57:57.127,1.583,1.58,1.695,1.468,1.557,1.577,1.47,1.544,1.582,1.592
2025-07-22 20:57:57.177,1.583,1.58,1.695,1.468,1.558,1.578,1.47,1.545,1.582,1.591
2025-07-22 20:57:57.226,1.584,1.58,1.695,1.468,1.558,1.578,1.471,1.544,1.582,1.592
2025-07-22 20:57:57.277,1.584,1.58,1.694,1.468,1.558,1.578,1.47,1.544,1.582,1.591
2025-07-22 20:57:57.327,1.584,1.581,1.694,1.468,1.556,1.578,1.47,1.545,1.581,1.592
2025-07-22 20:57:57.377,1.584,1.58,1.694,1.468,1.551,1.578,1.47,1.544,1.582,1.592
2025-07-22 20:57:57.426,1.584,1.58,1.694,1.468,1.561,1.577,1.472,1.545,1.582,1.591
2025-07-22 20:57:57.476,1.583,1.58,1.695,1.468,1.557,1.578,1.47,1.544,1.582,1.592
2025-07-22 20:57:57.526,1.583,1.58,1.694,1.467,1.559,1.579,1.47,1.544,1.581,1.592
2025-07-22 20:57:57.577,1.584,1.581,1.694,1.468,1.557,1.578,1.47,1.544,1.581,1.592
2025-07-22 20:57:57.627,1.584,1.581,1.694,1.468,1.557,1.577,1.47,1.544,1.582,1.592
2025-07-22 20:57:57.677,1.585,1.58,1.694,1.468,1.557,1.577,1.47,1.544,1.582,1.592
2025-07-22 20:57:57.727,1.584,1.58,1.695,1.468,1.558,1.577,1.47,1.544,1.582,1.592
2025-07-22 20:57:57.776,1.584,1.581,1.696,1.468,1.557,1.578,1.47,1.544,1.582,1.592
2025-07-22 20:57:57.827,1.584,1.581,1.695,1.468,1.557,1.578,1.47,1.544,1.582,1.592
2025-07-22 20:57:57.877,1.584,1.581,1.694,1.468,1.56,1.58,1.47,1.544,1.581,1.592
2025-07-22 20:57:57.926,1.584,1.581,1.695,1.468,1.565,1.579,1.469,1.544,1.581,1.592
2025-07-22 20:57:57.976,1.583,1.581,1.695,1.468,1.558,1.578,1.47,1.544,1.582,1.592
2025-07-22 20:57:58.026,1.583,1.581,1.695,1.468,1.552,1.577,1.47,1.544,1.582,1.591
2025-07-22 20:57:58.077,1.584,1.581,1.694,1.469,1.558,1.578,1.47,1.544,1.582,1.591
2025-07-22 20:57:58.127,1.583,1.579,1.694,1.468,1.557,1.578,1.47,1.544,1.581,1.591
2025-07-22 20:57:58.177,1.582,1.581,1.694,1.468,1.557,1.577,1.469,1.544,1.58,1.591
2025-07-22 20:57:58.227,1.583,1.58,1.694,1.469,1.558,1.577,1.47,1.544,1.58,1.591
2025-07-22 20:57:58.277,1.583,1.58,1.694,1.468,1.559,1.578,1.47,1.544,1.581,1.591
2025-07-22 20:57:58.327,1.583,1.579,1.694,1.467,1.558,1.577,1.47,1.544,1.581,1.592
2025-07-22 20:57:58.376,1.583,1.58,1.695,1.468,1.572,1.577,1.47,1.544,1.581,1.59
2025-07-22 20:57:58.427,1.583,1.58,1.694,1.468,1.56,1.577,1.47,1.544,1.581,1.59
2025-07-22 20:57:58.477,1.583,1.58,1.694,1.468,1.557,1.578,1.47,1.544,1.58,1.591
2025-07-22 20:57:58.527,1.582,1.58,1.694,1.468,1.559,1.578,1.469,1.544,1.581,1.591
2025-07-22 20:57:58.577,1.583,1.58,1.694,1.468,1.558,1.578,1.468,1.544,1.58,1.59
2025-07-22 20:57:58.627,1.582,1.58,1.694,1.468,1.551,1.577,1.469,1.544,1.58,1.59
2025-07-22 20:57:58.677,1.583,1.579,1.694,1.468,1.562,1.577,1.47,1.544,1.58,1.59
2025-07-22 20:57:58.727,1.582,1.579,1.695,1.468,1.558,1.577,1.469,1.544,1.58,1.59
2025-07-22 20:57:58.777,1.582,1.58,1.694,1.468,1.557,1.577,1.468,1.544,1.58,1.59
2025-07-22 20:57:58.827,1.582,1.579,1.694,1.468,1.557,1.577,1.47,1.544,1.58,1.591
2025-07-22 20:57:58.877,1.582,1.578,1.694,1.468,1.565,1.577,1.47,1.544,1.58,1.59
2025-07-22 20:57:58.927,1.583,1.578,1.694,1.468,1.563,1.577,1.469,1.544,1.58,1.59
2025-07-22 20:57:58.977,1.582,1.579,1.694,1.467,1.558,1.577,1.468,1.544,1.58,1.59
2025-07-22 20:57:59.026,1.582,1.579,1.694,1.468,1.563,1.577,1.469,1.544,1.58,1.59
2025-07-22 20:57:59.077,1.582,1.579,1.694,1.469,1.563,1.577,1.468,1.544,1.579,1.59
2025-07-22 20:57:59.126,1.582,1.578,1.694,1.468,1.563,1.577,1.468,1.544,1.579,1.59
2025-07-22 20:57:59.177,1.582,1.578,1.694,1.467,1.558,1.578,1.469,1.545,1.58,1.59
2025-07-22 20:57:59.227,1.582,1.578,1.694,1.468,1.554,1.577,1.469,1.545,1.579,1.59
2025-07-22 20:57:59.276,1.582,1.579,1.694,1.468,1.558,1.577,1.47,1.544,1.58,1.59
2025-07-22 20:57:59.327,1.583,1.578,1.694,1.468,1.557,1.577,1.47,1.544,1.58,1.59
2025-07-22 20:57:59.376,1.582,1.579,1.694,1.468,1.558,1.577,1.47,1.544,1.58,1.59
2025-07-22 20:57:59.426,1.582,1.58,1.694,1.468,1.559,1.578,1.47,1.544,1.58,1.59
2025-07-22 20:57:59.476,1.582,1.579,1.693,1.468,1.558,1.577,1.47,1.545,1.58,1.59
2025-07-22 20:57:59.527,1.582,1.579,1.693,1.468,1.557,1.577,1.47,1.544,1.58,1.59
2025-07-22 20:57:59.577,1.582,1.579,1.694,1.468,1.553,1.577,1.469,1.544,1.58,1.59
2025-07-22 20:57:59.626,1.582,1.579,1.693,1.467,1.557,1.577,1.468,1.545,1.581,1.59
2025-07-22 20:57:59.677,1.582,1.579,1.694,1.468,1.556,1.578,1.471,1.545,1.58,1.59
2025-07-22 20:57:59.727,1.583,1.579,1.695,1.468,1.557,1.578,1.468,1.545,1.58,1.59
2025-07-22 20:57:59.777,1.582,1.579,1.695,1.468,1.558,1.577,1.47,1.545,1.581,1.59
2025-07-22 20:57:59.827,1.582,1.579,1.694,1.468,1.559,1.577,1.47,1.545,1.581,1.59
2025-07-22 20:57:59.877,1.582,1.579,1.694,1.468,1.557,1.577,1.469,1.545,1.581,1.59
2025-07-22 20:57:59.927,1.582,1.579,1.694,1.468,1.558,1.577,1.469,1.546,1.58,1.59
2025-07-22 20:57:59.977,1.583,1.579,1.694,1.468,1.556,1.577,1.47,1.546,1.581,1.59
2025-07-22 20:58:00.026,1.583,1.579,1.694,1.468,1.548,1.577,1.469,1.545,1.58,1.591
2025-07-22 20:58:00.077,1.583,1.579,1.694,1.468,1.557,1.577,1.47,1.545,1.581,1.59
2025-07-22 20:58:00.126,1.582,1.578,1.694,1.469,1.56,1.578,1.47,1.546,1.581,1.59
2025-07-22 20:58:00.176,1.583,1.578,1.694,1.469,1.559,1.577,1.47,1.545,1.582,1.59
2025-07-22 20:58:00.228,1.582,1.579,1.694,1.468,1.559,1.577,1.47,1.545,1.581,1.591
2025-07-22 20:58:00.277,1.583,1.58,1.694,1.468,1.558,1.577,1.469,1.545,1.582,1.591
2025-07-22 20:58:00.327,1.582,1.58,1.694,1.468,1.558,1.577,1.47,1.545,1.581,1.59
2025-07-22 20:58:00.377,1.582,1.579,1.694,1.468,1.565,1.577,1.469,1.545,1.58,1.59
2025-07-22 20:58:00.427,1.582,1.579,1.694,1.468,1.557,1.577,1.47,1.545,1.581,1.591
2025-07-22 20:58:00.477,1.582,1.58,1.693,1.468,1.556,1.577,1.47,1.545,1.581,1.59
2025-07-22 20:58:00.527,1.582,1.579,1.694,1.468,1.558,1.577,1.469,1.545,1.582,1.59
2025-07-22 20:58:00.577,1.582,1.579,1.694,1.468,1.555,1.577,1.47,1.545,1.582,1.591
2025-07-22 20:58:00.627,1.582,1.578,1.695,1.468,1.558,1.578,1.469,1.545,1.582,1.59
2025-07-22 20:58:00.677,1.582,1.579,1.694,1.468,1.558,1.577,1.47,1.545,1.581,1.59
2025-07-22 20:58:00.727,1.582,1.578,1.694,1.468,1.557,1.577,1.468,1.545,1.581,1.59
2025-07-22 20:58:00.777,1.583,1.579,1.694,1.468,1.557,1.577,1.469,1.545,1.58,1.59
2025-07-22 20:58:00.827,1.582,1.58,1.694,1.468,1.558,1.577,1.468,1.546,1.581,1.59
2025-07-22 20:58:00.876,1.582,1.579,1.694,1.468,1.561,1.577,1.469,1.545,1.58,1.59
2025-07-22 20:58:00.926,1.582,1.577,1.694,1.468,1.557,1.577,1.469,1.545,1.581,1.59
2025-07-22 20:58:00.976,1.582,1.578,1.694,1.469,1.557,1.577,1.468,1.546,1.581,1.59
2025-07-22 20:58:01.027,1.582,1.579,1.694,1.468,1.558,1.577,1.469,1.545,1.581,1.59
2025-07-22 20:58:01.077,1.582,1.579,1.693,1.468,1.562,1.577,1.468,1.545,1.58,1.59
2025-07-22 20:58:01.127,1.582,1.579,1.693,1.468,1.558,1.577,1.469,1.546,1.581,1.591
2025-07-22 20:58:01.176,1.582,1.579,1.694,1.468,1.557,1.577,1.47,1.546,1.581,1.59
2025-07-22 20:58:01.227,1.582,1.579,1.694,1.467,1.57,1.577,1.468,1.545,1.581,1.59
2025-07-22 20:58:01.277,1.582,1.578,1.695,1.468,1.559,1.578,1.469,1.545,1.58,1.59
2025-07-22 20:58:01.327,1.582,1.578,1.694,1.467,1.558,1.577,1.469,1.546,1.581,1.59
2025-07-22 20:58:01.377,1.582,1.578,1.694,1.468,1.561,1.577,1.469,1.546,1.581,1.59
2025-07-22 20:58:01.427,1.582,1.577,1.694,1.468,1.557,1.577,1.47,1.545,1.582,1.59
2025-07-22 20:58:01.477,1.582,1.578,1.694,1.468,1.555,1.577,1.47,1.546,1.58,1.59
2025-07-22 20:58:01.527,1.582,1.579,1.693,1.468,1.558,1.578,1.469,1.546,1.581,1.59
2025-07-22 20:58:01.576,1.582,1.578,1.693,1.468,1.557,1.577,1.47,1.546,1.581,1.59
2025-07-22 20:58:01.627,1.582,1.579,1.694,1.468,1.56,1.577,1.469,1.546,1.581,1.59
2025-07-22 20:58:01.676,1.582,1.579,1.694,1.467,1.557,1.577,1.468,1.546,1.581,1.59
2025-07-22 20:58:01.727,1.582,1.577,1.694,1.468,1.559,1.577,1.469,1.545,1.581,1.59
2025-07-22 20:58:01.777,1.582,1.579,1.694,1.468,1.556,1.577,1.468,1.546,1.581,1.59
2025-07-22 20:58:01.827,1.582,1.577,1.694,1.468,1.559,1.577,1.47,1.546,1.581,1.59
2025-07-22 20:58:01.877,1.582,1.578,1.693,1.468,1.559,1.577,1.467,1.545,1.58,1.59
2025-07-22 20:58:01.926,1.582,1.578,1.694,1.468,1.56,1.576,1.469,1.546,1.582,1.59
2025-07-22 20:58:01.977,1.582,1.578,1.694,1.468,1.559,1.576,1.469,1.546,1.58,1.59
2025-07-22 20:58:02.026,1.582,1.578,1.694,1.468,1.555,1.577,1.468,1.546,1.582,1.59
2025-07-22 20:58:02.076,1.582,1.578,1.694,1.468,1.561,1.577,1.469,1.546,1.581,1.59
2025-07-22 20:58:02.127,1.582,1.578,1.694,1.468,1.561,1.577,1.47,1.546,1.581,1.59
2025-07-22 20:58:02.177,1.582,1.579,1.694,1.468,1.557,1.577,1.469,1.547,1.581,1.59
2025-07-22 20:58:02.227,1.582,1.579,1.694,1.468,1.557,1.577,1.47,1.547,1.582,1.591
2025-07-22 20:58:02.277,1.582,1.578,1.694,1.468,1.561,1.577,1.47,1.546,1.582,1.59
2025-07-22 20:58:02.326,1.582,1.578,1.694,1.468,1.563,1.577,1.469,1.546,1.582,1.591
2025-07-22 20:58:02.377,1.582,1.578,1.694,1.468,1.557,1.577,1.469,1.546,1.581,1.59
2025-07-22 20:58:02.427,1.582,1.578,1.694,1.469,1.558,1.577,1.469,1.546,1.581,1.59
2025-07-22 20:58:02.477,1.582,1.579,1.694,1.469,1.558,1.577,1.47,1.546,1.581,1.59
2025-07-22 20:58:02.527,1.583,1.578,1.694,1.468,1.558,1.578,1.469,1.548,1.581,1.592
2025-07-22 20:58:02.576,1.582,1.579,1.694,1.468,1.557,1.577,1.47,1.546,1.581,1.59
2025-07-22 20:58:02.627,1.582,1.579,1.694,1.468,1.565,1.577,1.469,1.547,1.581,1.59
2025-07-22 20:58:02.676,1.582,1.579,1.694,1.468,1.558,1.577,1.469,1.547,1.581,1.59
2025-07-22 20:58:02.727,1.582,1.578,1.694,1.468,1.557,1.577,1.469,1.547,1.58,1.59
2025-07-22 20:58:02.777,1.582,1.578,1.694,1.468,1.557,1.577,1.469,1.547,1.58,1.59
2025-07-22 20:58:02.826,1.582,1.58,1.694,1.468,1.559,1.576,1.468,1.546,1.58,1.59
2025-07-22 20:58:02.877,1.582,1.58,1.694,1.468,1.561,1.577,1.47,1.547,1.58,1.59
2025-07-22 20:58:02.926,1.582,1.578,1.694,1.468,1.557,1.577,1.47,1.547,1.58,1.59
2025-07-22 20:58:02.977,1.582,1.578,1.694,1.468,1.556,1.577,1.469,1.546,1.579,1.59
2025-07-22 20:58:03.026,1.582,1.579,1.694,1.468,1.557,1.577,1.469,1.547,1.579,1.59
2025-07-22 20:58:03.076,1.583,1.579,1.694,1.468,1.553,1.577,1.469,1.546,1.58,1.591
2025-07-22 20:58:03.127,1.582,1.579,1.694,1.468,1.559,1.577,1.468,1.546,1.579,1.59
2025-07-22 20:58:03.177,1.582,1.579,1.693,1.468,1.558,1.577,1.469,1.546,1.579,1.59
2025-07-22 20:58:03.227,1.582,1.579,1.694,1.468,1.56,1.577,1.468,1.546,1.579,1.59
2025-07-22 20:58:03.277,1.582,1.578,1.695,1.468,1.557,1.577,1.47,1.547,1.579,1.59
2025-07-22 20:58:03.327,1.583,1.579,1.695,1.468,1.558,1.577,1.469,1.546,1.578,1.59
2025-07-22 20:58:03.377,1.582,1.578,1.694,1.468,1.571,1.577,1.468,1.546,1.578,1.59
2025-07-22 20:58:03.427,1.582,1.577,1.693,1.467,1.56,1.577,1.469,1.546,1.577,1.59
2025-07-22 20:58:03.477,1.582,1.578,1.694,1.468,1.558,1.578,1.469,1.547,1.578,1.59
2025-07-22 20:58:03.527,1.582,1.578,1.694,1.468,1.56,1.577,1.469,1.548,1.579,1.59
2025-07-22 20:58:03.576,1.582,1.578,1.694,1.468,1.555,1.577,1.469,1.547,1.578,1.59
2025-07-22 20:58:03.627,1.582,1.578,1.694,1.468,1.561,1.577,1.468,1.547,1.577,1.59
2025-07-22 20:58:03.676,1.582,1.578,1.694,1.468,1.558,1.577,1.469,1.547,1.578,1.59
2025-07-22 20:58:03.727,1.582,1.578,1.694,1.469,1.556,1.577,1.47,1.547,1.577,1.59
2025-07-22 20:58:03.777,1.582,1.577,1.694,1.468,1.558,1.577,1.467,1.547,1.577,1.59
2025-07-22 20:58:03.827,1.583,1.579,1.694,1.468,1.558,1.577,1.468,1.546,1.577,1.59
2025-07-22 20:58:03.877,1.582,1.579,1.693,1.468,1.557,1.577,1.468,1.547,1.577,1.59
2025-07-22 20:58:03.927,1.582,1.579,1.694,1.469,1.557,1.577,1.468,1.547,1.577,1.59
2025-07-22 20:58:03.977,1.582,1.578,1.694,1.468,1.56,1.577,1.469,1.547,1.577,1.59
2025-07-22 20:58:04.026,1.582,1.578,1.693,1.468,1.557,1.577,1.467,1.548,1.577,1.59
2025-07-22 20:58:04.077,1.582,1.579,1.694,1.469,1.558,1.577,1.47,1.547,1.576,1.59
2025-07-22 20:58:04.126,1.582,1.578,1.694,1.468,1.569,1.577,1.469,1.547,1.577,1.59
2025-07-22 20:58:04.177,1.582,1.578,1.694,1.468,1.569,1.577,1.469,1.548,1.577,1.59
2025-07-22 20:58:04.227,1.583,1.578,1.694,1.468,1.566,1.577,1.469,1.548,1.576,1.59
2025-07-22 20:58:04.276,1.582,1.578,1.694,1.468,1.568,1.577,1.47,1.547,1.576,1.59
2025-07-22 20:58:04.327,1.582,1.579,1.695,1.468,1.566,1.578,1.47,1.547,1.576,1.59
2025-07-22 20:58:04.377,1.582,1.579,1.694,1.468,1.569,1.578,1.469,1.547,1.575,1.59
2025-07-22 20:58:04.427,1.583,1.579,1.694,1.469,1.566,1.578,1.47,1.548,1.575,1.59
2025-07-22 20:58:04.477,1.583,1.578,1.694,1.468,1.562,1.577,1.469,1.547,1.576,1.59
2025-07-22 20:58:04.526,1.582,1.578,1.694,1.468,1.553,1.578,1.47,1.548,1.575,1.59
2025-07-22 20:58:04.577,1.582,1.579,1.694,1.468,1.525,1.579,1.469,1.548,1.576,1.59
2025-07-22 20:58:04.626,1.582,1.58,1.694,1.468,1.474,1.577,1.47,1.547,1.575,1.59
2025-07-22 20:58:04.677,1.583,1.578,1.695,1.468,1.387,1.576,1.47,1.546,1.575,1.59
2025-07-22 20:58:04.726,1.583,1.579,1.694,1.468,1.28,1.573,1.469,1.548,1.575,1.589
2025-07-22 20:58:04.777,1.583,1.579,1.694,1.467,1.204,1.569,1.468,1.547,1.575,1.59
2025-07-22 20:58:04.827,1.582,1.579,1.694,1.468,1.196,1.565,1.468,1.547,1.575,1.59
2025-07-22 20:58:04.877,1.582,1.58,1.695,1.468,1.237,1.561,1.47,1.548,1.574,1.59
2025-07-22 20:58:04.927,1.582,1.58,1.694,1.468,1.324,1.559,1.468,1.548,1.574,1.589
2025-07-22 20:58:04.976,1.582,1.581,1.694,1.468,1.45,1.557,1.467,1.548,1.574,1.59
2025-07-22 20:58:05.026,1.582,1.579,1.694,1.468,1.517,1.558,1.469,1.548,1.573,1.59
2025-07-22 20:58:05.077,1.583,1.579,1.695,1.468,1.552,1.558,1.468,1.548,1.574,1.589
2025-07-22 20:58:05.126,1.582,1.579,1.694,1.468,1.56,1.559,1.469,1.547,1.574,1.589
2025-07-22 20:58:05.177,1.582,1.579,1.694,1.468,1.561,1.56,1.468,1.548,1.574,1.589
2025-07-22 20:58:05.227,1.582,1.579,1.694,1.468,1.556,1.561,1.466,1.548,1.573,1.589
2025-07-22 20:58:05.277,1.582,1.578,1.694,1.469,1.565,1.561,1.466,1.547,1.574,1.589
2025-07-22 20:58:05.326,1.582,1.579,1.694,1.468,1.568,1.561,1.466,1.548,1.573,1.588
2025-07-22 20:58:05.377,1.582,1.58,1.694,1.468,1.572,1.563,1.468,1.548,1.574,1.588
2025-07-22 20:58:05.427,1.582,1.579,1.694,1.468,1.568,1.564,1.466,1.548,1.574,1.588
2025-07-22 20:58:05.477,1.582,1.579,1.694,1.468,1.568,1.565,1.466,1.548,1.573,1.588
2025-07-22 20:58:05.526,1.582,1.578,1.693,1.468,1.568,1.565,1.467,1.548,1.573,1.588
2025-07-22 20:58:05.576,1.582,1.579,1.694,1.468,1.543,1.566,1.467,1.548,1.574,1.587
2025-07-22 20:58:05.627,1.582,1.579,1.694,1.468,1.514,1.567,1.468,1.548,1.573,1.587
2025-07-22 20:58:05.676,1.582,1.578,1.694,1.468,1.475,1.565,1.466,1.548,1.573,1.587
2025-07-22 20:58:05.727,1.582,1.578,1.694,1.468,1.395,1.565,1.466,1.548,1.573,1.587
2025-07-22 20:58:05.777,1.582,1.579,1.695,1.469,1.291,1.562,1.466,1.547,1.574,1.586
2025-07-22 20:58:05.827,1.581,1.578,1.694,1.468,1.213,1.558,1.466,1.548,1.573,1.587
2025-07-22 20:58:05.877,1.582,1.578,1.694,1.468,1.215,1.556,1.466,1.548,1.573,1.586
2025-07-22 20:58:05.926,1.581,1.578,1.694,1.468,1.277,1.553,1.465,1.548,1.573,1.586
2025-07-22 20:58:05.977,1.582,1.577,1.694,1.468,1.398,1.553,1.466,1.548,1.573,1.587
2025-07-22 20:58:06.027,1.58,1.578,1.694,1.468,1.504,1.551,1.467,1.548,1.573,1.586
2025-07-22 20:58:06.077,1.58,1.578,1.694,1.468,1.549,1.552,1.466,1.548,1.573,1.586
2025-07-22 20:58:06.127,1.581,1.579,1.694,1.468,1.565,1.553,1.464,1.547,1.573,1.585
2025-07-22 20:58:06.176,1.58,1.578,1.694,1.468,1.569,1.553,1.464,1.548,1.573,1.586
2025-07-22 20:58:06.227,1.58,1.578,1.694,1.468,1.564,1.555,1.465,1.547,1.573,1.586
2025-07-22 20:58:06.277,1.58,1.579,1.694,1.468,1.573,1.556,1.465,1.548,1.573,1.586
2025-07-22 20:58:06.326,1.578,1.579,1.694,1.468,1.569,1.557,1.465,1.547,1.572,1.585
2025-07-22 20:58:06.377,1.578,1.577,1.693,1.468,1.572,1.558,1.464,1.548,1.573,1.585
2025-07-22 20:58:06.426,1.579,1.577,1.695,1.468,1.569,1.559,1.464,1.547,1.573,1.584
2025-07-22 20:58:06.477,1.579,1.578,1.694,1.467,1.564,1.56,1.464,1.547,1.572,1.586
2025-07-22 20:58:06.527,1.579,1.577,1.694,1.467,1.541,1.561,1.464,1.547,1.572,1.585
2025-07-22 20:58:06.577,1.579,1.577,1.694,1.468,1.51,1.561,1.463,1.547,1.572,1.585
2025-07-22 20:58:06.626,1.579,1.578,1.694,1.468,1.452,1.561,1.464,1.548,1.573,1.585
2025-07-22 20:58:06.676,1.579,1.577,1.693,1.468,1.358,1.558,1.465,1.546,1.573,1.584
2025-07-22 20:58:06.727,1.58,1.578,1.694,1.468,1.246,1.557,1.463,1.547,1.572,1.585
2025-07-22 20:58:06.777,1.579,1.577,1.694,1.468,1.182,1.553,1.462,1.548,1.572,1.585
2025-07-22 20:58:06.827,1.58,1.577,1.694,1.469,1.184,1.551,1.463,1.547,1.573,1.585
2025-07-22 20:58:06.876,1.58,1.577,1.694,1.468,1.232,1.547,1.463,1.547,1.573,1.585
2025-07-22 20:58:06.927,1.579,1.578,1.694,1.468,1.305,1.545,1.463,1.547,1.573,1.586
2025-07-22 20:58:06.976,1.58,1.578,1.694,1.468,1.395,1.544,1.462,1.547,1.573,1.584
2025-07-22 20:58:07.027,1.58,1.578,1.695,1.468,1.482,1.544,1.464,1.548,1.573,1.585
2025-07-22 20:58:07.077,1.58,1.578,1.695,1.468,1.533,1.544,1.464,1.548,1.573,1.585
2025-07-22 20:58:07.127,1.58,1.578,1.695,1.468,1.557,1.545,1.464,1.548,1.573,1.586
2025-07-22 20:58:07.177,1.58,1.579,1.694,1.468,1.557,1.547,1.465,1.548,1.573,1.585
2025-07-22 20:58:07.227,1.58,1.578,1.694,1.468,1.553,1.548,1.462,1.548,1.573,1.585
2025-07-22 20:58:07.277,1.58,1.579,1.694,1.468,1.555,1.548,1.461,1.548,1.573,1.584
2025-07-22 20:58:07.327,1.58,1.579,1.694,1.469,1.551,1.55,1.464,1.548,1.573,1.586
2025-07-22 20:58:07.377,1.581,1.579,1.694,1.468,1.54,1.551,1.463,1.548,1.572,1.585
2025-07-22 20:58:07.427,1.58,1.578,1.695,1.468,1.524,1.553,1.462,1.548,1.573,1.585
2025-07-22 20:58:07.476,1.58,1.578,1.694,1.468,1.484,1.553,1.461,1.548,1.573,1.585
2025-07-22 20:58:07.526,1.58,1.579,1.694,1.468,1.428,1.553,1.462,1.548,1.573,1.585
2025-07-22 20:58:07.576,1.581,1.579,1.695,1.468,1.34,1.552,1.462,1.548,1.573,1.586
2025-07-22 20:58:07.627,1.58,1.578,1.696,1.468,1.244,1.549,1.463,1.548,1.574,1.586
2025-07-22 20:58:07.676,1.58,1.579,1.694,1.468,1.206,1.546,1.462,1.548,1.574,1.586
2025-07-22 20:58:07.726,1.58,1.578,1.695,1.467,1.209,1.544,1.462,1.548,1.574,1.585
2025-07-22 20:58:07.777,1.58,1.579,1.695,1.468,1.269,1.542,1.462,1.548,1.574,1.586
2025-07-22 20:58:07.827,1.58,1.578,1.695,1.469,1.363,1.541,1.461,1.548,1.574,1.585
2025-07-22 20:58:07.877,1.58,1.579,1.695,1.468,1.451,1.539,1.462,1.548,1.574,1.585
2025-07-22 20:58:07.926,1.58,1.58,1.696,1.468,1.527,1.54,1.462,1.548,1.573,1.586
2025-07-22 20:58:07.976,1.579,1.579,1.694,1.468,1.553,1.542,1.462,1.548,1.574,1.586
2025-07-22 20:58:08.026,1.579,1.58,1.695,1.469,1.558,1.543,1.463,1.548,1.574,1.586
2025-07-22 20:58:08.077,1.58,1.579,1.694,1.468,1.556,1.544,1.462,1.548,1.574,1.585
2025-07-22 20:58:08.127,1.579,1.58,1.695,1.469,1.56,1.546,1.462,1.548,1.574,1.586
2025-07-22 20:58:08.177,1.579,1.58,1.694,1.469,1.557,1.548,1.462,1.548,1.574,1.586
2025-07-22 20:58:08.227,1.579,1.578,1.695,1.469,1.558,1.548,1.46,1.548,1.575,1.586
2025-07-22 20:58:08.277,1.579,1.58,1.696,1.469,1.556,1.549,1.461,1.548,1.574,1.586
2025-07-22 20:58:08.327,1.578,1.58,1.694,1.468,1.558,1.551,1.464,1.548,1.574,1.586
2025-07-22 20:58:08.377,1.578,1.578,1.695,1.468,1.552,1.552,1.461,1.548,1.574,1.586
2025-07-22 20:58:08.426,1.578,1.579,1.694,1.469,1.536,1.553,1.462,1.548,1.574,1.586
2025-07-22 20:58:08.477,1.578,1.579,1.695,1.468,1.5,1.553,1.462,1.548,1.574,1.586
2025-07-22 20:58:08.526,1.579,1.579,1.695,1.468,1.439,1.553,1.461,1.548,1.574,1.586
2025-07-22 20:58:08.577,1.578,1.578,1.695,1.468,1.349,1.553,1.461,1.548,1.574,1.586
2025-07-22 20:58:08.627,1.578,1.579,1.695,1.468,1.256,1.551,1.462,1.548,1.574,1.586
2025-07-22 20:58:08.676,1.578,1.578,1.695,1.468,1.235,1.548,1.461,1.548,1.574,1.586
2025-07-22 20:58:08.726,1.578,1.58,1.695,1.469,1.283,1.544,1.461,1.548,1.574,1.586
2025-07-22 20:58:08.775,1.579,1.578,1.695,1.469,1.38,1.543,1.461,1.548,1.574,1.586
2025-07-22 20:58:08.827,1.578,1.579,1.695,1.469,1.477,1.544,1.462,1.548,1.574,1.587
2025-07-22 20:58:08.877,1.578,1.579,1.694,1.469,1.535,1.544,1.461,1.548,1.573,1.586
2025-07-22 20:58:08.926,1.578,1.579,1.694,1.468,1.549,1.546,1.461,1.548,1.574,1.586
2025-07-22 20:58:08.977,1.577,1.579,1.695,1.468,1.557,1.547,1.462,1.548,1.574,1.586
2025-07-22 20:58:09.026,1.577,1.579,1.695,1.468,1.557,1.548,1.463,1.548,1.574,1.586
2025-07-22 20:58:09.077,1.579,1.579,1.695,1.468,1.553,1.549,1.461,1.547,1.574,1.586
2025-07-22 20:58:09.127,1.579,1.578,1.695,1.468,1.562,1.55,1.461,1.547,1.575,1.586
2025-07-22 20:58:09.176,1.578,1.579,1.695,1.468,1.557,1.551,1.461,1.548,1.574,1.586
2025-07-22 20:58:09.227,1.577,1.577,1.694,1.468,1.556,1.551,1.461,1.548,1.574,1.586
2025-07-22 20:58:09.277,1.578,1.578,1.696,1.469,1.557,1.553,1.461,1.548,1.573,1.586
2025-07-22 20:58:09.327,1.578,1.579,1.696,1.468,1.557,1.553,1.461,1.548,1.573,1.586
2025-07-22 20:58:09.377,1.577,1.579,1.695,1.469,1.544,1.555,1.461,1.547,1.573,1.586
2025-07-22 20:58:09.427,1.577,1.578,1.695,1.468,1.525,1.556,1.46,1.548,1.573,1.586
2025-07-22 20:58:09.477,1.577,1.578,1.694,1.468,1.482,1.556,1.46,1.548,1.573,1.586
2025-07-22 20:58:09.527,1.577,1.579,1.694,1.468,1.408,1.555,1.461,1.547,1.573,1.586
2025-07-22 20:58:09.576,1.578,1.578,1.694,1.469,1.306,1.553,1.461,1.546,1.573,1.586
2025-07-22 20:58:09.626,1.577,1.58,1.695,1.469,1.234,1.551,1.462,1.547,1.573,1.586
2025-07-22 20:58:09.676,1.577,1.578,1.694,1.468,1.236,1.548,1.461,1.547,1.573,1.586
2025-07-22 20:58:09.727,1.577,1.577,1.694,1.468,1.283,1.545,1.461,1.547,1.573,1.586
2025-07-22 20:58:09.777,1.577,1.578,1.694,1.468,1.37,1.543,1.46,1.547,1.573,1.586
2025-07-22 20:58:09.827,1.577,1.579,1.695,1.469,1.472,1.544,1.461,1.547,1.573,1.585
2025-07-22 20:58:09.877,1.577,1.578,1.694,1.468,1.538,1.545,1.462,1.547,1.573,1.586
2025-07-22 20:58:09.926,1.577,1.577,1.695,1.468,1.553,1.546,1.461,1.547,1.573,1.586
2025-07-22 20:58:09.977,1.577,1.577,1.694,1.468,1.561,1.548,1.461,1.547,1.573,1.586
2025-07-22 20:58:10.027,1.577,1.577,1.694,1.468,1.561,1.548,1.461,1.547,1.573,1.585
2025-07-22 20:58:10.077,1.577,1.577,1.694,1.469,1.566,1.549,1.462,1.547,1.573,1.585
2025-07-22 20:58:10.127,1.577,1.578,1.695,1.469,1.565,1.55,1.461,1.547,1.573,1.585
2025-07-22 20:58:10.177,1.577,1.577,1.695,1.468,1.559,1.552,1.461,1.548,1.573,1.585
2025-07-22 20:58:10.227,1.577,1.577,1.694,1.469,1.562,1.553,1.461,1.547,1.573,1.585
2025-07-22 20:58:10.276,1.577,1.577,1.694,1.467,1.562,1.554,1.461,1.546,1.573,1.584
2025-07-22 20:58:10.326,1.578,1.577,1.695,1.468,1.548,1.555,1.46,1.547,1.574,1.585
2025-07-22 20:58:10.376,1.577,1.577,1.694,1.469,1.538,1.555,1.461,1.546,1.573,1.585
2025-07-22 20:58:10.426,1.577,1.577,1.694,1.468,1.492,1.556,1.461,1.546,1.575,1.585
2025-07-22 20:58:10.477,1.577,1.578,1.694,1.468,1.425,1.555,1.461,1.546,1.573,1.585
2025-07-22 20:58:10.526,1.577,1.578,1.694,1.469,1.329,1.554,1.461,1.546,1.575,1.585
2025-07-22 20:58:10.577,1.577,1.577,1.694,1.468,1.242,1.551,1.46,1.546,1.575,1.585
2025-07-22 20:58:10.627,1.577,1.577,1.694,1.468,1.223,1.548,1.461,1.546,1.576,1.585
2025-07-22 20:58:10.677,1.577,1.577,1.695,1.468,1.257,1.546,1.458,1.547,1.575,1.584
2025-07-22 20:58:10.727,1.578,1.577,1.695,1.469,1.348,1.543,1.46,1.546,1.576,1.586
2025-07-22 20:58:10.777,1.577,1.577,1.695,1.468,1.456,1.543,1.46,1.546,1.576,1.586
2025-07-22 20:58:10.827,1.577,1.577,1.695,1.468,1.519,1.544,1.461,1.546,1.576,1.585
2025-07-22 20:58:10.877,1.577,1.577,1.694,1.468,1.543,1.544,1.46,1.546,1.576,1.585
2025-07-22 20:58:10.926,1.577,1.577,1.694,1.468,1.553,1.546,1.461,1.546,1.576,1.586
2025-07-22 20:58:10.977,1.577,1.577,1.694,1.468,1.545,1.547,1.459,1.546,1.577,1.586
2025-07-22 20:58:11.027,1.577,1.577,1.694,1.468,1.553,1.548,1.46,1.546,1.577,1.586
2025-07-22 20:58:11.077,1.577,1.577,1.694,1.468,1.551,1.549,1.46,1.546,1.577,1.586
2025-07-22 20:58:11.127,1.577,1.577,1.695,1.468,1.55,1.551,1.46,1.546,1.577,1.586
2025-07-22 20:58:11.177,1.577,1.577,1.694,1.468,1.546,1.552,1.459,1.546,1.577,1.586
2025-07-22 20:58:11.227,1.577,1.577,1.694,1.468,1.539,1.552,1.46,1.546,1.577,1.586
2025-07-22 20:58:11.276,1.577,1.577,1.694,1.468,1.519,1.553,1.46,1.546,1.577,1.586
2025-07-22 20:58:11.327,1.577,1.579,1.695,1.468,1.486,1.553,1.461,1.546,1.578,1.587
2025-07-22 20:58:11.377,1.577,1.577,1.695,1.468,1.436,1.553,1.461,1.546,1.578,1.587
2025-07-22 20:58:11.426,1.577,1.577,1.694,1.468,1.354,1.553,1.461,1.546,1.578,1.587
2025-07-22 20:58:11.477,1.577,1.577,1.694,1.468,1.254,1.55,1.461,1.547,1.578,1.587
2025-07-22 20:58:11.526,1.577,1.577,1.694,1.468,1.209,1.548,1.459,1.547,1.579,1.587
2025-07-22 20:58:11.577,1.577,1.577,1.694,1.468,1.227,1.544,1.46,1.546,1.579,1.588
2025-07-22 20:58:11.626,1.577,1.577,1.695,1.468,1.315,1.542,1.461,1.546,1.578,1.588
2025-07-22 20:58:11.676,1.578,1.577,1.694,1.468,1.412,1.541,1.461,1.546,1.579,1.588
2025-07-22 20:58:11.726,1.578,1.578,1.694,1.468,1.502,1.541,1.461,1.546,1.578,1.589
2025-07-22 20:58:11.776,1.578,1.578,1.694,1.468,1.545,1.542,1.461,1.547,1.579,1.587
2025-07-22 20:58:11.826,1.577,1.578,1.695,1.468,1.557,1.544,1.461,1.546,1.579,1.589
2025-07-22 20:58:11.876,1.578,1.577,1.694,1.468,1.557,1.546,1.461,1.546,1.578,1.589
2025-07-22 20:58:11.926,1.578,1.577,1.694,1.469,1.557,1.546,1.462,1.546,1.579,1.589
2025-07-22 20:58:11.977,1.578,1.577,1.695,1.467,1.557,1.548,1.46,1.546,1.579,1.589
2025-07-22 20:58:12.027,1.579,1.577,1.694,1.468,1.561,1.549,1.46,1.546,1.58,1.588
2025-07-22 20:58:12.077,1.577,1.577,1.694,1.468,1.557,1.55,1.46,1.546,1.58,1.588
2025-07-22 20:58:12.127,1.579,1.577,1.695,1.468,1.556,1.551,1.46,1.546,1.58,1.588
2025-07-22 20:58:12.177,1.579,1.577,1.694,1.469,1.557,1.553,1.46,1.546,1.58,1.588
2025-07-22 20:58:12.227,1.579,1.577,1.695,1.469,1.556,1.553,1.459,1.546,1.58,1.588
2025-07-22 20:58:12.277,1.579,1.577,1.694,1.468,1.548,1.553,1.46,1.546,1.58,1.589
2025-07-22 20:58:12.326,1.58,1.577,1.694,1.468,1.519,1.555,1.461,1.546,1.58,1.589
2025-07-22 20:58:12.376,1.579,1.577,1.694,1.469,1.466,1.555,1.461,1.547,1.58,1.589
2025-07-22 20:58:12.427,1.58,1.577,1.694,1.468,1.374,1.554,1.461,1.546,1.58,1.589
2025-07-22 20:58:12.476,1.578,1.577,1.694,1.468,1.269,1.553,1.461,1.546,1.58,1.59
2025-07-22 20:58:12.527,1.58,1.577,1.695,1.468,1.207,1.549,1.46,1.546,1.582,1.59
2025-07-22 20:58:12.576,1.581,1.577,1.695,1.468,1.22,1.546,1.461,1.546,1.581,1.59
2025-07-22 20:58:12.627,1.58,1.577,1.694,1.468,1.296,1.544,1.459,1.545,1.581,1.589
2025-07-22 20:58:12.676,1.581,1.577,1.694,1.468,1.399,1.542,1.461,1.546,1.581,1.589
2025-07-22 20:58:12.727,1.58,1.577,1.695,1.468,1.494,1.541,1.461,1.546,1.581,1.59
2025-07-22 20:58:12.776,1.58,1.577,1.693,1.467,1.54,1.543,1.46,1.546,1.581,1.589
2025-07-22 20:58:12.827,1.579,1.578,1.694,1.468,1.549,1.544,1.461,1.546,1.581,1.59
2025-07-22 20:58:12.877,1.58,1.577,1.694,1.468,1.562,1.545,1.461,1.546,1.58,1.59
2025-07-22 20:58:12.927,1.58,1.577,1.694,1.469,1.557,1.546,1.461,1.546,1.58,1.589
2025-07-22 20:58:12.977,1.58,1.577,1.694,1.468,1.559,1.548,1.46,1.546,1.58,1.59
2025-07-22 20:58:13.026,1.58,1.578,1.695,1.469,1.557,1.548,1.461,1.545,1.58,1.59
2025-07-22 20:58:13.076,1.581,1.577,1.694,1.469,1.56,1.55,1.461,1.546,1.58,1.589
2025-07-22 20:58:13.126,1.58,1.577,1.694,1.468,1.562,1.55,1.459,1.545,1.58,1.59
2025-07-22 20:58:13.176,1.581,1.577,1.693,1.468,1.558,1.553,1.461,1.545,1.58,1.589
2025-07-22 20:58:13.226,1.58,1.577,1.695,1.468,1.553,1.553,1.461,1.545,1.581,1.589
2025-07-22 20:58:13.277,1.58,1.577,1.694,1.468,1.536,1.554,1.46,1.545,1.581,1.59
2025-07-22 20:58:13.326,1.581,1.577,1.694,1.468,1.494,1.554,1.46,1.546,1.58,1.59
2025-07-22 20:58:13.377,1.581,1.577,1.694,1.468,1.428,1.554,1.46,1.544,1.581,1.59
2025-07-22 20:58:13.427,1.581,1.577,1.694,1.468,1.337,1.553,1.461,1.546,1.581,1.589
2025-07-22 20:58:13.477,1.58,1.577,1.693,1.468,1.238,1.549,1.458,1.545,1.58,1.589
2025-07-22 20:58:13.527,1.581,1.577,1.694,1.468,1.207,1.547,1.459,1.546,1.581,1.59
2025-07-22 20:58:13.577,1.581,1.577,1.694,1.468,1.238,1.545,1.46,1.546,1.581,1.59
2025-07-22 20:58:13.625,1.582,1.577,1.694,1.469,1.339,1.543,1.46,1.546,1.581,1.59
2025-07-22 20:58:13.677,1.581,1.577,1.694,1.467,1.456,1.543,1.459,1.546,1.581,1.59
2025-07-22 20:58:13.727,1.582,1.577,1.694,1.469,1.524,1.543,1.458,1.546,1.582,1.59
2025-07-22 20:58:13.777,1.58,1.578,1.694,1.468,1.549,1.544,1.46,1.545,1.582,1.59
2025-07-22 20:58:13.827,1.581,1.578,1.694,1.468,1.551,1.545,1.461,1.545,1.582,1.59
2025-07-22 20:58:13.877,1.581,1.578,1.694,1.468,1.561,1.546,1.461,1.545,1.581,1.59
2025-07-22 20:58:13.926,1.581,1.577,1.694,1.468,1.556,1.547,1.461,1.546,1.581,1.59
2025-07-22 20:58:13.977,1.581,1.577,1.694,1.467,1.557,1.548,1.461,1.545,1.581,1.59
2025-07-22 20:58:14.027,1.582,1.577,1.694,1.468,1.557,1.551,1.459,1.545,1.58,1.59
2025-07-22 20:58:14.077,1.581,1.579,1.694,1.468,1.557,1.551,1.46,1.546,1.581,1.59
2025-07-22 20:58:14.127,1.581,1.577,1.694,1.468,1.557,1.553,1.46,1.545,1.582,1.59
2025-07-22 20:58:14.176,1.582,1.577,1.694,1.468,1.559,1.553,1.46,1.545,1.581,1.59
2025-07-22 20:58:14.227,1.582,1.577,1.694,1.468,1.539,1.553,1.46,1.545,1.581,1.59
2025-07-22 20:58:14.277,1.582,1.577,1.694,1.468,1.511,1.555,1.459,1.545,1.581,1.59
2025-07-22 20:58:14.327,1.581,1.577,1.694,1.468,1.462,1.555,1.46,1.545,1.581,1.59
2025-07-22 20:58:14.376,1.582,1.578,1.694,1.468,1.374,1.553,1.461,1.545,1.582,1.59
2025-07-22 20:58:14.426,1.581,1.577,1.694,1.468,1.264,1.552,1.459,1.546,1.582,1.59
2025-07-22 20:58:14.477,1.582,1.578,1.694,1.468,1.192,1.549,1.46,1.546,1.581,1.591
2025-07-22 20:58:14.527,1.582,1.577,1.694,1.468,1.195,1.545,1.46,1.545,1.581,1.59
2025-07-22 20:58:14.577,1.582,1.578,1.694,1.468,1.238,1.542,1.461,1.546,1.582,1.59
2025-07-22 20:58:14.627,1.581,1.578,1.694,1.468,1.329,1.54,1.46,1.546,1.581,1.59
2025-07-22 20:58:14.677,1.582,1.578,1.693,1.468,1.43,1.539,1.46,1.545,1.582,1.59
2025-07-22 20:58:14.726,1.582,1.578,1.694,1.468,1.515,1.54,1.461,1.546,1.582,1.59
2025-07-22 20:58:14.777,1.582,1.578,1.694,1.468,1.553,1.542,1.461,1.546,1.582,1.59
2025-07-22 20:58:14.827,1.582,1.577,1.694,1.468,1.561,1.544,1.46,1.546,1.582,1.59
2025-07-22 20:58:14.877,1.582,1.578,1.694,1.468,1.562,1.544,1.461,1.546,1.581,1.59
2025-07-22 20:58:14.926,1.582,1.579,1.695,1.468,1.556,1.544,1.461,1.546,1.581,1.59
2025-07-22 20:58:14.977,1.582,1.579,1.695,1.468,1.557,1.546,1.46,1.546,1.582,1.59
2025-07-22 20:58:15.027,1.582,1.578,1.694,1.468,1.558,1.548,1.458,1.545,1.581,1.59
2025-07-22 20:58:15.077,1.582,1.578,1.694,1.468,1.559,1.549,1.46,1.545,1.582,1.59
2025-07-22 20:58:15.127,1.582,1.577,1.694,1.468,1.56,1.55,1.461,1.546,1.581,1.59
2025-07-22 20:58:15.177,1.582,1.578,1.694,1.468,1.56,1.551,1.46,1.545,1.581,1.59
2025-07-22 20:58:15.227,1.582,1.578,1.694,1.468,1.56,1.553,1.461,1.546,1.582,1.59
2025-07-22 20:58:15.276,1.582,1.579,1.694,1.468,1.54,1.553,1.46,1.546,1.581,1.59
2025-07-22 20:58:15.326,1.582,1.577,1.694,1.468,1.495,1.554,1.46,1.545,1.581,1.59
2025-07-22 20:58:15.376,1.582,1.577,1.694,1.468,1.424,1.553,1.46,1.546,1.581,1.59
2025-07-22 20:58:15.426,1.582,1.578,1.694,1.468,1.317,1.553,1.458,1.545,1.581,1.59
2025-07-22 20:58:15.476,1.582,1.577,1.694,1.468,1.225,1.548,1.46,1.546,1.581,1.59
2025-07-22 20:58:15.527,1.582,1.577,1.694,1.469,1.192,1.545,1.46,1.545,1.58,1.59
2025-07-22 20:58:15.577,1.582,1.577,1.694,1.468,1.213,1.542,1.46,1.545,1.582,1.59
2025-07-22 20:58:15.627,1.582,1.577,1.694,1.468,1.304,1.54,1.461,1.544,1.581,1.59
2025-07-22 20:58:15.677,1.582,1.578,1.693,1.468,1.434,1.539,1.458,1.545,1.581,1.59
2025-07-22 20:58:15.727,1.582,1.577,1.694,1.468,1.524,1.54,1.459,1.545,1.58,1.59
2025-07-22 20:58:15.777,1.582,1.578,1.694,1.468,1.555,1.542,1.46,1.545,1.581,1.59
2025-07-22 20:58:15.827,1.582,1.578,1.694,1.468,1.558,1.544,1.459,1.545,1.581,1.59
2025-07-22 20:58:15.877,1.582,1.577,1.693,1.469,1.558,1.545,1.46,1.545,1.581,1.59
2025-07-22 20:58:15.926,1.582,1.577,1.694,1.468,1.557,1.546,1.46,1.545,1.581,1.59
2025-07-22 20:58:15.976,1.582,1.577,1.694,1.468,1.559,1.547,1.461,1.545,1.581,1.59
2025-07-22 20:58:16.027,1.582,1.577,1.694,1.468,1.557,1.548,1.46,1.545,1.581,1.59
2025-07-22 20:58:16.076,1.582,1.578,1.694,1.468,1.554,1.548,1.459,1.545,1.582,1.59
2025-07-22 20:58:16.126,1.582,1.579,1.694,1.468,1.557,1.551,1.46,1.545,1.581,1.591
2025-07-22 20:58:16.176,1.582,1.578,1.694,1.468,1.548,1.553,1.459,1.545,1.581,1.59
2025-07-22 20:58:16.226,1.582,1.578,1.694,1.468,1.531,1.553,1.459,1.545,1.581,1.59
2025-07-22 20:58:16.277,1.582,1.578,1.694,1.468,1.49,1.555,1.46,1.546,1.581,1.591
2025-07-22 20:58:16.326,1.582,1.578,1.694,1.468,1.413,1.553,1.46,1.545,1.581,1.59
2025-07-22 20:58:16.377,1.582,1.577,1.694,1.468,1.322,1.552,1.46,1.546,1.582,1.59
2025-07-22 20:58:16.427,1.582,1.578,1.695,1.468,1.23,1.548,1.461,1.545,1.582,1.59
2025-07-22 20:58:16.477,1.582,1.578,1.694,1.468,1.207,1.545,1.46,1.545,1.582,1.59
2025-07-22 20:58:16.526,1.582,1.578,1.694,1.468,1.254,1.544,1.461,1.546,1.581,1.59
2025-07-22 20:58:16.577,1.582,1.578,1.694,1.468,1.361,1.542,1.461,1.546,1.581,1.59
2025-07-22 20:58:16.627,1.582,1.579,1.694,1.468,1.484,1.541,1.46,1.546,1.581,1.59
2025-07-22 20:58:16.677,1.582,1.578,1.694,1.468,1.539,1.541,1.46,1.545,1.581,1.59
2025-07-22 20:58:16.726,1.582,1.578,1.694,1.468,1.554,1.543,1.46,1.545,1.581,1.591
2025-07-22 20:58:16.777,1.582,1.577,1.694,1.468,1.551,1.544,1.461,1.545,1.582,1.59
2025-07-22 20:58:16.827,1.582,1.577,1.694,1.468,1.552,1.546,1.461,1.545,1.582,1.59
2025-07-22 20:58:16.876,1.582,1.578,1.694,1.468,1.552,1.547,1.461,1.545,1.581,1.59
2025-07-22 20:58:16.926,1.582,1.578,1.694,1.468,1.552,1.548,1.459,1.546,1.581,1.59
2025-07-22 20:58:16.976,1.582,1.579,1.694,1.468,1.551,1.549,1.461,1.546,1.582,1.591
2025-07-22 20:58:17.027,1.582,1.578,1.694,1.469,1.552,1.55,1.46,1.545,1.581,1.591
2025-07-22 20:58:17.076,1.582,1.578,1.695,1.468,1.534,1.551,1.46,1.546,1.582,1.59
2025-07-22 20:58:17.127,1.582,1.578,1.694,1.468,1.505,1.553,1.46,1.545,1.582,1.59
2025-07-22 20:58:17.176,1.582,1.578,1.694,1.468,1.455,1.552,1.46,1.546,1.582,1.59
2025-07-22 20:58:17.226,1.582,1.578,1.694,1.469,1.387,1.551,1.461,1.545,1.581,1.591
2025-07-22 20:58:17.277,1.582,1.578,1.694,1.468,1.285,1.55,1.46,1.546,1.581,1.591
2025-07-22 20:58:17.327,1.582,1.578,1.694,1.468,1.206,1.546,1.46,1.546,1.582,1.59
2025-07-22 20:58:17.376,1.582,1.578,1.694,1.468,1.197,1.543,1.46,1.546,1.582,1.59
2025-07-22 20:58:17.427,1.582,1.578,1.694,1.468,1.228,1.541,1.458,1.545,1.581,1.59
2025-07-22 20:58:17.477,1.582,1.577,1.694,1.468,1.32,1.539,1.46,1.545,1.581,1.59
2025-07-22 20:58:17.527,1.582,1.578,1.694,1.467,1.425,1.538,1.46,1.544,1.581,1.591
2025-07-22 20:58:17.577,1.582,1.578,1.694,1.468,1.509,1.539,1.459,1.545,1.581,1.59
2025-07-22 20:58:17.627,1.582,1.577,1.694,1.468,1.546,1.54,1.459,1.545,1.582,1.591
2025-07-22 20:58:17.676,1.582,1.578,1.694,1.468,1.552,1.543,1.459,1.545,1.581,1.59
2025-07-22 20:58:17.727,1.582,1.577,1.694,1.468,1.549,1.542,1.459,1.545,1.581,1.591
2025-07-22 20:58:17.777,1.582,1.577,1.695,1.468,1.545,1.542,1.461,1.546,1.582,1.59
2025-07-22 20:58:17.827,1.582,1.578,1.694,1.468,1.551,1.544,1.458,1.546,1.581,1.591
2025-07-22 20:58:17.877,1.582,1.578,1.694,1.469,1.551,1.546,1.46,1.544,1.58,1.59
2025-07-22 20:58:17.927,1.582,1.578,1.694,1.468,1.551,1.548,1.459,1.545,1.581,1.59
2025-07-22 20:58:17.977,1.582,1.578,1.694,1.469,1.549,1.548,1.46,1.546,1.582,1.59
2025-07-22 20:58:18.026,1.582,1.578,1.694,1.468,1.542,1.549,1.46,1.544,1.582,1.59
2025-07-22 20:58:18.077,1.582,1.578,1.695,1.469,1.524,1.55,1.459,1.545,1.581,1.59
2025-07-22 20:58:18.126,1.582,1.58,1.695,1.468,1.496,1.55,1.46,1.545,1.581,1.591
2025-07-22 20:58:18.176,1.582,1.579,1.695,1.469,1.409,1.55,1.46,1.545,1.581,1.59
2025-07-22 20:58:18.227,1.583,1.578,1.694,1.469,1.296,1.548,1.46,1.544,1.58,1.59
2025-07-22 20:58:18.277,1.582,1.578,1.694,1.468,1.208,1.547,1.459,1.545,1.58,1.591
2025-07-22 20:58:18.327,1.582,1.579,1.694,1.469,1.207,1.544,1.459,1.545,1.581,1.59
2025-07-22 20:58:18.376,1.582,1.579,1.694,1.469,1.25,1.54,1.46,1.545,1.582,1.59
2025-07-22 20:58:18.426,1.582,1.579,1.694,1.468,1.358,1.539,1.46,1.544,1.581,1.59
2025-07-22 20:58:18.475,1.582,1.577,1.694,1.468,1.482,1.539,1.46,1.545,1.581,1.59
2025-07-22 20:58:18.527,1.582,1.578,1.694,1.468,1.536,1.54,1.458,1.545,1.581,1.591
2025-07-22 20:58:18.577,1.582,1.578,1.694,1.468,1.548,1.541,1.459,1.545,1.581,1.59
2025-07-22 20:58:18.627,1.582,1.578,1.694,1.468,1.551,1.542,1.461,1.544,1.581,1.59
2025-07-22 20:58:18.677,1.583,1.579,1.694,1.468,1.55,1.544,1.459,1.545,1.581,1.591
2025-07-22 20:58:18.727,1.582,1.578,1.695,1.469,1.549,1.546,1.459,1.545,1.581,1.59
2025-07-22 20:58:18.777,1.582,1.578,1.694,1.468,1.551,1.547,1.458,1.545,1.581,1.59
2025-07-22 20:58:18.827,1.583,1.578,1.694,1.468,1.549,1.547,1.461,1.545,1.581,1.59
2025-07-22 20:58:18.877,1.583,1.579,1.694,1.468,1.548,1.548,1.459,1.545,1.581,1.59
2025-07-22 20:58:18.927,1.582,1.579,1.695,1.468,1.541,1.55,1.459,1.545,1.581,1.591
2025-07-22 20:58:18.977,1.582,1.58,1.694,1.469,1.524,1.55,1.458,1.545,1.582,1.59
2025-07-22 20:58:19.027,1.582,1.578,1.694,1.468,1.49,1.551,1.461,1.545,1.582,1.59
2025-07-22 20:58:19.077,1.582,1.578,1.695,1.468,1.417,1.551,1.46,1.545,1.581,1.59
2025-07-22 20:58:19.127,1.582,1.579,1.695,1.468,1.318,1.549,1.46,1.545,1.58,1.59
2025-07-22 20:58:19.177,1.582,1.578,1.694,1.468,1.227,1.546,1.461,1.546,1.581,1.59
2025-07-22 20:58:19.227,1.582,1.579,1.695,1.468,1.2,1.544,1.459,1.545,1.581,1.59
2025-07-22 20:58:19.277,1.582,1.578,1.694,1.468,1.214,1.541,1.46,1.544,1.582,1.59
2025-07-22 20:58:19.327,1.582,1.577,1.694,1.468,1.27,1.538,1.46,1.545,1.582,1.59
2025-07-22 20:58:19.376,1.582,1.577,1.695,1.468,1.352,1.536,1.459,1.545,1.581,1.59
2025-07-22 20:58:19.427,1.582,1.577,1.694,1.469,1.434,1.537,1.459,1.545,1.581,1.59
2025-07-22 20:58:19.476,1.582,1.578,1.694,1.468,1.503,1.536,1.459,1.545,1.581,1.59
2025-07-22 20:58:19.527,1.582,1.579,1.694,1.468,1.544,1.538,1.461,1.544,1.581,1.59
2025-07-22 20:58:19.577,1.582,1.577,1.695,1.469,1.54,1.541,1.458,1.544,1.58,1.59
2025-07-22 20:58:19.627,1.582,1.578,1.695,1.468,1.556,1.541,1.457,1.545,1.581,1.59
2025-07-22 20:58:19.676,1.582,1.579,1.694,1.468,1.543,1.543,1.46,1.544,1.581,1.59
2025-07-22 20:58:19.727,1.582,1.579,1.694,1.469,1.538,1.544,1.459,1.544,1.582,1.59
2025-07-22 20:58:19.777,1.582,1.578,1.694,1.468,1.522,1.545,1.46,1.545,1.581,1.591
2025-07-22 20:58:19.826,1.582,1.579,1.694,1.468,1.503,1.545,1.459,1.545,1.581,1.591
2025-07-22 20:58:19.876,1.582,1.579,1.694,1.468,1.482,1.546,1.461,1.544,1.58,1.59
2025-07-22 20:58:19.927,1.582,1.579,1.694,1.468,1.461,1.545,1.459,1.545,1.581,1.59
2025-07-22 20:58:19.977,1.582,1.579,1.694,1.468,1.387,1.546,1.461,1.545,1.581,1.59
2025-07-22 20:58:20.027,1.582,1.579,1.694,1.468,1.291,1.544,1.459,1.545,1.581,1.59
2025-07-22 20:58:20.076,1.582,1.579,1.694,1.468,1.217,1.542,1.46,1.545,1.58,1.591
2025-07-22 20:58:20.127,1.582,1.577,1.694,1.468,1.21,1.54,1.46,1.545,1.58,1.59
2025-07-22 20:58:20.177,1.582,1.578,1.694,1.468,1.238,1.536,1.459,1.545,1.58,1.59
2025-07-22 20:58:20.227,1.582,1.578,1.694,1.469,1.321,1.535,1.459,1.545,1.58,1.59
2025-07-22 20:58:20.277,1.582,1.577,1.694,1.468,1.42,1.533,1.459,1.545,1.581,1.59
2025-07-22 20:58:20.326,1.582,1.579,1.694,1.468,1.51,1.536,1.459,1.545,1.58,1.59
2025-07-22 20:58:20.376,1.582,1.578,1.694,1.468,1.541,1.536,1.458,1.545,1.581,1.59
2025-07-22 20:58:20.427,1.582,1.577,1.694,1.469,1.546,1.538,1.458,1.545,1.58,1.59
2025-07-22 20:58:20.476,1.582,1.578,1.694,1.468,1.545,1.54,1.459,1.544,1.58,1.59
2025-07-22 20:58:20.526,1.582,1.578,1.694,1.468,1.548,1.54,1.458,1.544,1.581,1.59
2025-07-22 20:58:20.577,1.582,1.577,1.695,1.467,1.55,1.541,1.458,1.545,1.58,1.59
2025-07-22 20:58:20.626,1.582,1.578,1.694,1.468,1.551,1.542,1.458,1.544,1.58,1.59
2025-07-22 20:58:20.677,1.582,1.578,1.694,1.468,1.535,1.544,1.459,1.544,1.58,1.59
2025-07-22 20:58:20.727,1.582,1.579,1.694,1.468,1.516,1.545,1.46,1.544,1.581,1.59
2025-07-22 20:58:20.776,1.582,1.577,1.694,1.468,1.489,1.545,1.458,1.544,1.58,1.59
2025-07-22 20:58:20.826,1.582,1.579,1.694,1.468,1.443,1.545,1.459,1.545,1.58,1.59
2025-07-22 20:58:20.877,1.582,1.578,1.694,1.468,1.362,1.544,1.459,1.544,1.581,1.59
2025-07-22 20:58:20.926,1.582,1.578,1.694,1.468,1.257,1.544,1.46,1.544,1.58,1.59
2025-07-22 20:58:20.977,1.582,1.577,1.694,1.468,1.202,1.54,1.46,1.545,1.582,1.59
2025-07-22 20:58:21.026,1.583,1.578,1.694,1.469,1.219,1.538,1.46,1.545,1.582,1.59
2025-07-22 20:58:21.077,1.582,1.577,1.694,1.467,1.294,1.536,1.46,1.545,1.58,1.59
2025-07-22 20:58:21.126,1.582,1.578,1.694,1.469,1.396,1.534,1.459,1.545,1.58,1.59
2025-07-22 20:58:21.176,1.582,1.578,1.694,1.468,1.481,1.535,1.459,1.545,1.581,1.59
2025-07-22 20:58:21.227,1.582,1.578,1.694,1.468,1.531,1.536,1.459,1.544,1.579,1.59
2025-07-22 20:58:21.277,1.582,1.578,1.694,1.468,1.537,1.538,1.458,1.544,1.581,1.59
2025-07-22 20:58:21.326,1.582,1.578,1.694,1.467,1.541,1.54,1.459,1.544,1.581,1.59
2025-07-22 20:58:21.377,1.582,1.578,1.694,1.468,1.536,1.542,1.458,1.544,1.58,1.59
2025-07-22 20:58:21.427,1.582,1.577,1.694,1.468,1.54,1.542,1.461,1.544,1.58,1.589
2025-07-22 20:58:21.477,1.583,1.579,1.694,1.468,1.536,1.544,1.459,1.544,1.58,1.59
2025-07-22 20:58:21.527,1.582,1.579,1.694,1.468,1.541,1.544,1.46,1.544,1.581,1.59
2025-07-22 20:58:21.576,1.582,1.578,1.694,1.468,1.539,1.545,1.461,1.544,1.581,1.59
2025-07-22 20:58:21.627,1.582,1.578,1.694,1.468,1.532,1.546,1.46,1.545,1.58,1.59
2025-07-22 20:58:21.677,1.582,1.578,1.694,1.468,1.496,1.548,1.459,1.544,1.581,1.59
2025-07-22 20:58:21.727,1.582,1.577,1.694,1.468,1.449,1.548,1.458,1.544,1.58,1.59
2025-07-22 20:58:21.777,1.582,1.578,1.694,1.469,1.35,1.546,1.459,1.544,1.582,1.591
2025-07-22 20:58:21.826,1.582,1.579,1.694,1.468,1.237,1.544,1.458,1.544,1.58,1.59
2025-07-22 20:58:21.877,1.582,1.578,1.694,1.468,1.184,1.542,1.458,1.544,1.581,1.59
2025-07-22 20:58:21.927,1.582,1.577,1.694,1.468,1.205,1.539,1.458,1.544,1.581,1.59
2025-07-22 20:58:21.977,1.582,1.578,1.694,1.468,1.283,1.536,1.459,1.545,1.58,1.59
2025-07-22 20:58:22.027,1.582,1.579,1.694,1.468,1.394,1.535,1.458,1.544,1.581,1.59
2025-07-22 20:58:22.077,1.582,1.578,1.695,1.468,1.482,1.536,1.458,1.546,1.581,1.59
2025-07-22 20:58:22.127,1.582,1.577,1.694,1.469,1.532,1.536,1.458,1.544,1.581,1.59
2025-07-22 20:58:22.177,1.582,1.578,1.694,1.468,1.542,1.539,1.459,1.545,1.58,1.591
2025-07-22 20:58:22.227,1.582,1.578,1.695,1.468,1.548,1.54,1.459,1.545,1.58,1.59
2025-07-22 20:58:22.277,1.582,1.578,1.694,1.469,1.548,1.541,1.46,1.544,1.581,1.59
2025-07-22 20:58:22.326,1.582,1.579,1.694,1.469,1.544,1.542,1.46,1.544,1.58,1.59
2025-07-22 20:58:22.377,1.582,1.58,1.694,1.468,1.558,1.543,1.459,1.544,1.582,1.591
2025-07-22 20:58:22.427,1.582,1.578,1.695,1.469,1.549,1.544,1.459,1.544,1.58,1.59
2025-07-22 20:58:22.477,1.582,1.577,1.695,1.468,1.548,1.545,1.458,1.544,1.58,1.59
2025-07-22 20:58:22.526,1.582,1.577,1.695,1.468,1.561,1.548,1.459,1.544,1.58,1.59
2025-07-22 20:58:22.576,1.582,1.577,1.694,1.469,1.544,1.548,1.461,1.544,1.581,1.59
2025-07-22 20:58:22.627,1.582,1.579,1.694,1.469,1.497,1.548,1.459,1.544,1.58,1.59
2025-07-22 20:58:22.676,1.582,1.578,1.694,1.468,1.415,1.549,1.458,1.544,1.581,1.59
2025-07-22 20:58:22.727,1.582,1.578,1.695,1.468,1.311,1.547,1.459,1.544,1.581,1.59
2025-07-22 20:58:22.776,1.582,1.577,1.694,1.468,1.219,1.544,1.458,1.544,1.58,1.59
2025-07-22 20:58:22.826,1.581,1.577,1.694,1.468,1.196,1.541,1.458,1.544,1.58,1.59
2025-07-22 20:58:22.876,1.582,1.578,1.694,1.468,1.228,1.539,1.458,1.543,1.58,1.59
2025-07-22 20:58:22.926,1.582,1.578,1.694,1.468,1.323,1.536,1.459,1.544,1.58,1.59
2025-07-22 20:58:22.977,1.582,1.578,1.694,1.469,1.433,1.536,1.46,1.544,1.58,1.59
2025-07-22 20:58:23.026,1.582,1.579,1.694,1.469,1.496,1.536,1.46,1.544,1.58,1.59
2025-07-22 20:58:23.075,1.582,1.578,1.694,1.468,1.543,1.538,1.46,1.544,1.581,1.59
2025-07-22 20:58:23.126,1.582,1.579,1.694,1.468,1.544,1.539,1.459,1.544,1.58,1.59
2025-07-22 20:58:23.176,1.582,1.579,1.694,1.468,1.545,1.54,1.46,1.544,1.58,1.59
2025-07-22 20:58:23.226,1.581,1.578,1.694,1.468,1.544,1.541,1.457,1.544,1.58,1.59
2025-07-22 20:58:23.276,1.582,1.578,1.694,1.468,1.548,1.543,1.458,1.544,1.58,1.59
2025-07-22 20:58:23.326,1.582,1.578,1.694,1.468,1.544,1.546,1.458,1.544,1.58,1.59
2025-07-22 20:58:23.376,1.582,1.577,1.695,1.468,1.545,1.545,1.46,1.544,1.58,1.59
2025-07-22 20:58:23.426,1.581,1.579,1.694,1.468,1.538,1.548,1.459,1.544,1.58,1.59
2025-07-22 20:58:23.476,1.582,1.578,1.694,1.468,1.523,1.548,1.457,1.544,1.58,1.59
2025-07-22 20:58:23.527,1.581,1.577,1.694,1.468,1.499,1.548,1.458,1.544,1.579,1.59
2025-07-22 20:58:23.577,1.582,1.577,1.694,1.468,1.452,1.549,1.458,1.544,1.58,1.59
2025-07-22 20:58:23.626,1.582,1.577,1.694,1.469,1.361,1.548,1.459,1.544,1.58,1.59
2025-07-22 20:58:23.677,1.582,1.578,1.694,1.468,1.239,1.545,1.457,1.544,1.58,1.59
2025-07-22 20:58:23.726,1.582,1.579,1.694,1.468,1.195,1.543,1.457,1.544,1.58,1.59
2025-07-22 20:58:23.776,1.582,1.578,1.695,1.468,1.205,1.54,1.458,1.544,1.58,1.59
2025-07-22 20:58:23.827,1.582,1.578,1.694,1.468,1.273,1.538,1.459,1.544,1.58,1.59
2025-07-22 20:58:23.876,1.582,1.579,1.695,1.468,1.396,1.536,1.458,1.544,1.581,1.59
2025-07-22 20:58:23.926,1.583,1.578,1.694,1.468,1.49,1.536,1.458,1.544,1.58,1.591
2025-07-22 20:58:23.977,1.582,1.578,1.694,1.469,1.54,1.538,1.459,1.544,1.58,1.59
2025-07-22 20:58:24.027,1.583,1.579,1.694,1.468,1.551,1.539,1.458,1.544,1.58,1.59
2025-07-22 20:58:24.077,1.582,1.58,1.695,1.468,1.548,1.54,1.459,1.544,1.58,1.59
2025-07-22 20:58:24.126,1.582,1.578,1.694,1.468,1.559,1.542,1.461,1.544,1.58,1.591
2025-07-22 20:58:24.176,1.582,1.578,1.694,1.469,1.549,1.544,1.457,1.544,1.581,1.59
2025-07-22 20:58:24.226,1.582,1.578,1.694,1.468,1.551,1.544,1.458,1.544,1.581,1.591
2025-07-22 20:58:24.277,1.582,1.579,1.695,1.469,1.546,1.546,1.459,1.544,1.58,1.59
2025-07-22 20:58:24.327,1.582,1.579,1.694,1.469,1.546,1.547,1.459,1.544,1.581,1.59
2025-07-22 20:58:24.377,1.582,1.579,1.694,1.468,1.54,1.548,1.46,1.544,1.58,1.59
2025-07-22 20:58:24.426,1.582,1.578,1.694,1.469,1.51,1.549,1.459,1.544,1.581,1.59
2025-07-22 20:58:24.476,1.582,1.578,1.694,1.468,1.466,1.548,1.458,1.544,1.579,1.59
2025-07-22 20:58:24.527,1.582,1.579,1.694,1.468,1.391,1.548,1.459,1.544,1.581,1.59
2025-07-22 20:58:24.577,1.583,1.579,1.695,1.468,1.3,1.547,1.457,1.544,1.58,1.59
2025-07-22 20:58:24.627,1.583,1.578,1.694,1.468,1.229,1.544,1.458,1.544,1.58,1.59
2025-07-22 20:58:24.676,1.582,1.578,1.694,1.468,1.217,1.542,1.458,1.544,1.579,1.59
2025-07-22 20:58:24.727,1.582,1.578,1.695,1.468,1.257,1.54,1.457,1.544,1.579,1.59
2025-07-22 20:58:24.777,1.582,1.578,1.694,1.468,1.337,1.537,1.459,1.543,1.579,1.59
2025-07-22 20:58:24.826,1.582,1.579,1.694,1.468,1.443,1.536,1.459,1.544,1.58,1.59
2025-07-22 20:58:24.877,1.582,1.577,1.694,1.468,1.515,1.537,1.458,1.544,1.58,1.59
2025-07-22 20:58:24.926,1.582,1.578,1.694,1.469,1.543,1.539,1.457,1.544,1.579,1.59
2025-07-22 20:58:24.976,1.582,1.578,1.694,1.468,1.549,1.54,1.458,1.544,1.58,1.59
2025-07-22 20:58:25.026,1.582,1.579,1.694,1.468,1.544,1.541,1.457,1.544,1.58,1.59
2025-07-22 20:58:25.077,1.582,1.578,1.694,1.468,1.542,1.544,1.458,1.544,1.579,1.59
2025-07-22 20:58:25.125,1.582,1.578,1.694,1.469,1.549,1.544,1.458,1.543,1.58,1.59
2025-07-22 20:58:25.175,1.582,1.578,1.694,1.468,1.543,1.544,1.459,1.543,1.58,1.59
2025-07-22 20:58:25.227,1.582,1.577,1.694,1.468,1.542,1.547,1.46,1.544,1.58,1.59
2025-07-22 20:58:25.276,1.583,1.578,1.694,1.469,1.539,1.548,1.459,1.543,1.58,1.59
2025-07-22 20:58:25.326,1.582,1.578,1.694,1.468,1.519,1.549,1.458,1.543,1.581,1.59
2025-07-22 20:58:25.376,1.582,1.577,1.694,1.468,1.489,1.548,1.457,1.544,1.58,1.59
2025-07-22 20:58:25.426,1.582,1.579,1.695,1.468,1.424,1.548,1.458,1.544,1.58,1.59
2025-07-22 20:58:25.476,1.582,1.578,1.695,1.468,1.326,1.548,1.457,1.543,1.579,1.59
2025-07-22 20:58:25.527,1.582,1.578,1.694,1.468,1.232,1.546,1.458,1.543,1.579,1.59
2025-07-22 20:58:25.577,1.582,1.578,1.694,1.468,1.216,1.543,1.459,1.544,1.579,1.59
2025-07-22 20:58:25.626,1.582,1.578,1.694,1.468,1.259,1.54,1.459,1.544,1.579,1.59
2025-07-22 20:58:25.676,1.582,1.578,1.695,1.468,1.348,1.539,1.458,1.544,1.58,1.59
2025-07-22 20:58:25.727,1.582,1.578,1.695,1.468,1.443,1.537,1.459,1.544,1.58,1.59
2025-07-22 20:58:25.777,1.582,1.579,1.694,1.468,1.518,1.539,1.458,1.544,1.58,1.59
2025-07-22 20:58:25.826,1.582,1.579,1.694,1.468,1.542,1.539,1.458,1.543,1.58,1.591
2025-07-22 20:58:25.876,1.582,1.578,1.694,1.468,1.549,1.542,1.458,1.544,1.58,1.59
2025-07-22 20:58:25.926,1.582,1.578,1.695,1.468,1.548,1.543,1.459,1.544,1.579,1.59
2025-07-22 20:58:25.976,1.582,1.578,1.695,1.469,1.548,1.544,1.459,1.543,1.58,1.59
2025-07-22 20:58:26.026,1.583,1.579,1.694,1.469,1.553,1.544,1.458,1.544,1.58,1.59
2025-07-22 20:58:26.077,1.582,1.578,1.695,1.468,1.549,1.546,1.46,1.544,1.58,1.59
2025-07-22 20:58:26.126,1.582,1.579,1.694,1.468,1.548,1.548,1.458,1.544,1.58,1.59
2025-07-22 20:58:26.176,1.582,1.578,1.694,1.469,1.548,1.548,1.459,1.544,1.579,1.59
2025-07-22 20:58:26.227,1.581,1.578,1.694,1.468,1.545,1.549,1.46,1.544,1.579,1.59
2025-07-22 20:58:26.276,1.582,1.578,1.694,1.468,1.527,1.549,1.461,1.544,1.58,1.59
2025-07-22 20:58:26.326,1.582,1.578,1.694,1.468,1.49,1.551,1.458,1.544,1.579,1.59
2025-07-22 20:58:26.377,1.582,1.577,1.694,1.467,1.438,1.552,1.46,1.544,1.579,1.59
2025-07-22 20:58:26.427,1.582,1.577,1.694,1.467,1.351,1.549,1.459,1.545,1.578,1.59
2025-07-22 20:58:26.477,1.582,1.577,1.694,1.468,1.254,1.547,1.46,1.544,1.58,1.59
2025-07-22 20:58:26.526,1.582,1.578,1.695,1.468,1.214,1.544,1.46,1.544,1.579,1.59
2025-07-22 20:58:26.576,1.582,1.577,1.694,1.468,1.237,1.542,1.457,1.544,1.58,1.59
2025-07-22 20:58:26.626,1.582,1.578,1.694,1.468,1.319,1.54,1.461,1.543,1.579,1.59
2025-07-22 20:58:26.676,1.582,1.577,1.694,1.468,1.413,1.539,1.457,1.544,1.579,1.589
2025-07-22 20:58:26.727,1.582,1.577,1.695,1.469,1.489,1.54,1.459,1.544,1.579,1.589
2025-07-22 20:58:26.777,1.582,1.578,1.694,1.468,1.531,1.54,1.458,1.544,1.579,1.59
2025-07-22 20:58:26.827,1.582,1.579,1.694,1.468,1.551,1.543,1.459,1.543,1.579,1.59
2025-07-22 20:58:26.877,1.582,1.577,1.694,1.469,1.544,1.544,1.461,1.544,1.579,1.59
2025-07-22 20:58:26.927,1.581,1.578,1.694,1.469,1.545,1.544,1.459,1.544,1.58,1.59
2025-07-22 20:58:26.976,1.582,1.578,1.694,1.468,1.548,1.545,1.458,1.544,1.579,1.59
2025-07-22 20:58:27.027,1.582,1.578,1.694,1.468,1.548,1.546,1.46,1.544,1.579,1.59
2025-07-22 20:58:27.077,1.582,1.578,1.694,1.468,1.545,1.548,1.458,1.544,1.579,1.59
2025-07-22 20:58:27.126,1.582,1.578,1.695,1.468,1.555,1.548,1.459,1.544,1.579,1.59
2025-07-22 20:58:27.177,1.582,1.578,1.694,1.468,1.541,1.549,1.458,1.544,1.58,1.59
2025-07-22 20:58:27.226,1.582,1.578,1.694,1.469,1.528,1.552,1.459,1.544,1.579,1.59
2025-07-22 20:58:27.276,1.581,1.577,1.694,1.468,1.487,1.551,1.458,1.544,1.579,1.59
2025-07-22 20:58:27.326,1.582,1.577,1.694,1.468,1.411,1.552,1.458,1.544,1.579,1.589
2025-07-22 20:58:27.377,1.582,1.578,1.694,1.468,1.304,1.548,1.459,1.544,1.579,1.59
2025-07-22 20:58:27.425,1.582,1.578,1.695,1.468,1.211,1.547,1.46,1.544,1.579,1.59
2025-07-22 20:58:27.477,1.582,1.58,1.694,1.469,1.2,1.544,1.46,1.544,1.579,1.59
2025-07-22 20:58:27.526,1.582,1.578,1.694,1.469,1.242,1.541,1.461,1.544,1.58,1.59
2025-07-22 20:58:27.577,1.582,1.578,1.694,1.468,1.33,1.54,1.461,1.544,1.58,1.59
2025-07-22 20:58:27.626,1.582,1.578,1.694,1.468,1.439,1.539,1.459,1.544,1.579,1.59
2025-07-22 20:58:27.676,1.582,1.579,1.695,1.469,1.511,1.54,1.459,1.544,1.581,1.59
2025-07-22 20:58:27.726,1.582,1.579,1.694,1.468,1.543,1.54,1.458,1.544,1.58,1.59
2025-07-22 20:58:27.777,1.582,1.578,1.695,1.468,1.542,1.543,1.46,1.545,1.58,1.59
2025-07-22 20:58:27.826,1.582,1.578,1.694,1.468,1.547,1.544,1.459,1.545,1.58,1.59
2025-07-22 20:58:27.876,1.583,1.578,1.694,1.468,1.539,1.545,1.459,1.545,1.581,1.59
2025-07-22 20:58:27.925,1.582,1.578,1.695,1.468,1.539,1.546,1.461,1.545,1.581,1.591
2025-07-22 20:58:27.977,1.582,1.579,1.695,1.468,1.543,1.548,1.461,1.546,1.581,1.591
2025-07-22 20:58:28.027,1.583,1.579,1.695,1.468,1.542,1.549,1.459,1.544,1.58,1.591
2025-07-22 20:58:28.077,1.583,1.579,1.695,1.469,1.542,1.551,1.46,1.545,1.58,1.59
2025-07-22 20:58:28.127,1.582,1.578,1.696,1.468,1.534,1.551,1.461,1.545,1.581,1.591
2025-07-22 20:58:28.176,1.582,1.579,1.695,1.469,1.498,1.552,1.458,1.546,1.582,1.59
2025-07-22 20:58:28.226,1.583,1.579,1.696,1.468,1.445,1.552,1.46,1.546,1.581,1.591
2025-07-22 20:58:28.277,1.583,1.581,1.695,1.469,1.354,1.55,1.462,1.546,1.582,1.591
2025-07-22 20:58:28.326,1.583,1.58,1.696,1.468,1.246,1.548,1.461,1.545,1.581,1.591
2025-07-22 20:58:28.377,1.583,1.58,1.696,1.468,1.198,1.546,1.461,1.545,1.582,1.59
2025-07-22 20:58:28.427,1.584,1.579,1.696,1.469,1.242,1.544,1.461,1.546,1.581,1.59
2025-07-22 20:58:28.477,1.583,1.58,1.695,1.468,1.347,1.541,1.461,1.546,1.582,1.591
2025-07-22 20:58:28.526,1.583,1.58,1.696,1.468,1.466,1.541,1.461,1.546,1.582,1.591
2025-07-22 20:58:28.576,1.583,1.58,1.696,1.469,1.525,1.541,1.46,1.546,1.582,1.592
2025-07-22 20:58:28.627,1.584,1.58,1.696,1.468,1.538,1.543,1.46,1.546,1.582,1.591
2025-07-22 20:58:28.676,1.583,1.58,1.697,1.469,1.539,1.544,1.461,1.546,1.582,1.592
2025-07-22 20:58:28.727,1.584,1.58,1.696,1.468,1.544,1.546,1.461,1.546,1.582,1.591
2025-07-22 20:58:28.776,1.583,1.581,1.696,1.468,1.538,1.547,1.461,1.546,1.582,1.592
2025-07-22 20:58:28.826,1.584,1.58,1.696,1.468,1.548,1.548,1.461,1.547,1.583,1.592
2025-07-22 20:58:28.876,1.583,1.58,1.696,1.469,1.541,1.548,1.461,1.546,1.582,1.593
2025-07-22 20:58:28.927,1.583,1.581,1.697,1.468,1.54,1.55,1.459,1.546,1.582,1.592
2025-07-22 20:58:28.976,1.584,1.581,1.695,1.469,1.54,1.551,1.461,1.546,1.582,1.592
2025-07-22 20:58:29.026,1.583,1.581,1.697,1.469,1.54,1.553,1.461,1.546,1.582,1.592
2025-07-22 20:58:29.076,1.584,1.581,1.697,1.468,1.533,1.553,1.461,1.546,1.582,1.592
2025-07-22 20:58:29.126,1.584,1.58,1.696,1.469,1.501,1.553,1.46,1.546,1.582,1.593
2025-07-22 20:58:29.176,1.584,1.58,1.698,1.469,1.429,1.554,1.461,1.547,1.582,1.593
2025-07-22 20:58:29.226,1.583,1.582,1.697,1.468,1.316,1.552,1.461,1.547,1.582,1.591
2025-07-22 20:58:29.276,1.584,1.582,1.696,1.469,1.228,1.55,1.461,1.547,1.582,1.592
2025-07-22 20:58:29.326,1.584,1.582,1.696,1.468,1.227,1.546,1.461,1.547,1.581,1.592
2025-07-22 20:58:29.376,1.584,1.581,1.696,1.468,1.278,1.544,1.461,1.547,1.581,1.591
2025-07-22 20:58:29.427,1.583,1.582,1.696,1.469,1.358,1.543,1.463,1.547,1.582,1.593
2025-07-22 20:58:29.477,1.585,1.581,1.697,1.468,1.447,1.543,1.461,1.547,1.581,1.593
2025-07-22 20:58:29.527,1.584,1.581,1.697,1.468,1.516,1.543,1.46,1.546,1.581,1.592
2025-07-22 20:58:29.576,1.584,1.582,1.697,1.468,1.536,1.543,1.46,1.546,1.581,1.592
2025-07-22 20:58:29.626,1.583,1.581,1.696,1.468,1.548,1.544,1.46,1.547,1.579,1.592
2025-07-22 20:58:29.676,1.584,1.582,1.696,1.469,1.545,1.545,1.46,1.547,1.58,1.592
2025-07-22 20:58:29.727,1.584,1.58,1.697,1.468,1.546,1.547,1.461,1.548,1.58,1.591
2025-07-22 20:58:29.776,1.583,1.581,1.696,1.469,1.547,1.548,1.462,1.547,1.579,1.591
2025-07-22 20:58:29.826,1.584,1.581,1.697,1.469,1.54,1.55,1.462,1.546,1.58,1.592
2025-07-22 20:58:29.876,1.584,1.581,1.697,1.469,1.549,1.55,1.461,1.547,1.579,1.591
2025-07-22 20:58:29.926,1.584,1.581,1.696,1.469,1.532,1.55,1.461,1.547,1.579,1.592
2025-07-22 20:58:29.976,1.583,1.58,1.696,1.469,1.509,1.553,1.46,1.546,1.58,1.593
2025-07-22 20:58:30.026,1.583,1.58,1.697,1.468,1.463,1.552,1.461,1.547,1.579,1.591
2025-07-22 20:58:30.077,1.584,1.581,1.697,1.469,1.37,1.552,1.459,1.547,1.578,1.591
2025-07-22 20:58:30.127,1.583,1.581,1.696,1.469,1.273,1.55,1.46,1.547,1.579,1.591
2025-07-22 20:58:30.175,1.584,1.581,1.696,1.469,1.215,1.546,1.46,1.546,1.579,1.592
2025-07-22 20:58:30.226,1.584,1.581,1.696,1.468,1.216,1.544,1.459,1.547,1.579,1.591
2025-07-22 20:58:30.277,1.584,1.582,1.696,1.469,1.269,1.541,1.461,1.546,1.579,1.591
2025-07-22 20:58:30.326,1.583,1.581,1.696,1.469,1.374,1.54,1.46,1.547,1.578,1.591
2025-07-22 20:58:30.376,1.583,1.58,1.696,1.468,1.478,1.54,1.461,1.546,1.578,1.591
2025-07-22 20:58:30.426,1.583,1.58,1.697,1.469,1.526,1.541,1.459,1.546,1.578,1.591
2025-07-22 20:58:30.476,1.584,1.581,1.696,1.468,1.536,1.542,1.461,1.546,1.578,1.59
2025-07-22 20:58:30.526,1.583,1.58,1.696,1.469,1.54,1.543,1.46,1.546,1.58,1.591
2025-07-22 20:58:30.576,1.583,1.581,1.696,1.469,1.537,1.544,1.459,1.546,1.579,1.591
2025-07-22 20:58:30.626,1.583,1.58,1.696,1.469,1.539,1.546,1.461,1.547,1.578,1.591
2025-07-22 20:58:30.676,1.583,1.581,1.696,1.468,1.536,1.546,1.46,1.546,1.578,1.59
2025-07-22 20:58:30.726,1.583,1.581,1.697,1.468,1.543,1.548,1.461,1.546,1.578,1.591
2025-07-22 20:58:30.775,1.583,1.581,1.696,1.469,1.533,1.548,1.46,1.547,1.579,1.59
2025-07-22 20:58:30.826,1.584,1.58,1.696,1.469,1.522,1.55,1.461,1.546,1.578,1.591
2025-07-22 20:58:30.876,1.583,1.582,1.696,1.468,1.486,1.548,1.459,1.546,1.579,1.591
2025-07-22 20:58:30.926,1.583,1.58,1.696,1.469,1.402,1.548,1.46,1.546,1.58,1.591
2025-07-22 20:58:30.976,1.583,1.581,1.696,1.469,1.287,1.548,1.46,1.546,1.579,1.59
2025-07-22 20:58:31.026,1.583,1.581,1.696,1.469,1.209,1.545,1.458,1.546,1.578,1.591
2025-07-22 20:58:31.076,1.583,1.581,1.695,1.468,1.21,1.542,1.458,1.546,1.579,1.59
2025-07-22 20:58:31.126,1.583,1.58,1.696,1.469,1.277,1.54,1.458,1.546,1.58,1.591
2025-07-22 20:58:31.176,1.582,1.581,1.696,1.469,1.374,1.538,1.46,1.546,1.58,1.59
2025-07-22 20:58:31.226,1.583,1.581,1.696,1.469,1.473,1.538,1.461,1.546,1.58,1.591
2025-07-22 20:58:31.276,1.583,1.58,1.697,1.468,1.527,1.54,1.459,1.546,1.579,1.59
2025-07-22 20:58:31.326,1.582,1.579,1.695,1.468,1.543,1.54,1.459,1.546,1.58,1.59
2025-07-22 20:58:31.376,1.583,1.58,1.696,1.469,1.542,1.542,1.459,1.546,1.58,1.59
2025-07-22 20:58:31.425,1.583,1.58,1.696,1.469,1.537,1.543,1.459,1.546,1.58,1.59
2025-07-22 20:58:31.476,1.582,1.579,1.695,1.468,1.539,1.546,1.458,1.545,1.579,1.59
2025-07-22 20:58:31.526,1.582,1.581,1.696,1.468,1.544,1.546,1.46,1.546,1.58,1.59
2025-07-22 20:58:31.576,1.583,1.579,1.695,1.469,1.546,1.546,1.46,1.546,1.58,1.59
2025-07-22 20:58:31.626,1.583,1.58,1.695,1.469,1.545,1.548,1.46,1.546,1.58,1.59
2025-07-22 20:58:31.676,1.582,1.579,1.695,1.469,1.546,1.548,1.461,1.545,1.58,1.59
2025-07-22 20:58:31.727,1.582,1.58,1.696,1.469,1.53,1.55,1.46,1.545,1.58,1.591
2025-07-22 20:58:31.776,1.582,1.58,1.696,1.468,1.501,1.55,1.459,1.546,1.58,1.59
2025-07-22 20:58:31.826,1.583,1.58,1.695,1.469,1.427,1.55,1.458,1.546,1.58,1.59
2025-07-22 20:58:31.876,1.583,1.579,1.695,1.468,1.312,1.549,1.459,1.546,1.58,1.591
2025-07-22 20:58:31.925,1.583,1.579,1.695,1.469,1.233,1.546,1.459,1.546,1.581,1.59
2025-07-22 20:58:31.976,1.582,1.58,1.696,1.469,1.237,1.544,1.46,1.546,1.582,1.59
2025-07-22 20:58:32.026,1.582,1.58,1.696,1.468,1.293,1.542,1.458,1.546,1.582,1.59
2025-07-22 20:58:32.077,1.583,1.58,1.696,1.469,1.365,1.541,1.46,1.545,1.582,1.591
2025-07-22 20:58:32.126,1.583,1.58,1.697,1.469,1.429,1.541,1.458,1.546,1.581,1.59
2025-07-22 20:58:32.176,1.583,1.58,1.696,1.468,1.468,1.541,1.46,1.546,1.581,1.591
2025-07-22 20:58:32.226,1.583,1.58,1.696,1.469,1.514,1.541,1.461,1.546,1.582,1.591
2025-07-22 20:58:32.276,1.583,1.581,1.697,1.468,1.535,1.542,1.46,1.546,1.582,1.591
2025-07-22 20:58:32.326,1.584,1.58,1.696,1.469,1.548,1.544,1.46,1.546,1.582,1.592
2025-07-22 20:58:32.376,1.584,1.581,1.697,1.468,1.556,1.546,1.461,1.546,1.582,1.592
2025-07-22 20:58:32.426,1.584,1.581,1.697,1.468,1.548,1.546,1.461,1.546,1.582,1.591
2025-07-22 20:58:32.475,1.584,1.581,1.696,1.469,1.541,1.546,1.461,1.546,1.582,1.592
2025-07-22 20:58:32.526,1.585,1.581,1.697,1.469,1.546,1.548,1.46,1.546,1.582,1.592
2025-07-22 20:58:32.576,1.583,1.582,1.697,1.469,1.534,1.548,1.461,1.546,1.582,1.593
2025-07-22 20:58:32.626,1.583,1.581,1.696,1.469,1.528,1.551,1.461,1.546,1.582,1.592
2025-07-22 20:58:32.676,1.583,1.581,1.697,1.468,1.495,1.551,1.46,1.546,1.582,1.591
2025-07-22 20:58:32.726,1.585,1.58,1.697,1.469,1.432,1.552,1.46,1.546,1.582,1.593
2025-07-22 20:58:32.776,1.583,1.581,1.697,1.469,1.323,1.55,1.461,1.548,1.581,1.592
2025-07-22 20:58:32.827,1.584,1.582,1.697,1.468,1.246,1.548,1.461,1.546,1.582,1.593
2025-07-22 20:58:32.875,1.584,1.581,1.697,1.468,1.238,1.544,1.461,1.546,1.581,1.593
2025-07-22 20:58:32.926,1.585,1.581,1.696,1.469,1.294,1.543,1.46,1.546,1.582,1.592
2025-07-22 20:58:32.976,1.584,1.582,1.697,1.469,1.397,1.542,1.461,1.546,1.581,1.592
2025-07-22 20:58:33.026,1.584,1.581,1.698,1.468,1.492,1.542,1.461,1.547,1.58,1.593
2025-07-22 20:58:33.075,1.585,1.582,1.698,1.469,1.53,1.542,1.461,1.547,1.58,1.592
2025-07-22 20:58:33.126,1.584,1.581,1.697,1.468,1.544,1.544,1.459,1.546,1.58,1.591
2025-07-22 20:58:33.176,1.584,1.582,1.698,1.469,1.547,1.545,1.461,1.547,1.581,1.592
2025-07-22 20:58:33.226,1.584,1.581,1.698,1.469,1.546,1.547,1.461,1.547,1.58,1.592
2025-07-22 20:58:33.275,1.584,1.582,1.697,1.469,1.543,1.548,1.461,1.548,1.579,1.593
2025-07-22 20:58:33.326,1.584,1.582,1.697,1.469,1.548,1.548,1.461,1.547,1.579,1.592
2025-07-22 20:58:33.376,1.585,1.582,1.698,1.469,1.553,1.549,1.461,1.548,1.579,1.592
2025-07-22 20:58:33.426,1.584,1.582,1.697,1.469,1.548,1.55,1.46,1.547,1.579,1.592
2025-07-22 20:58:33.476,1.585,1.582,1.697,1.469,1.544,1.552,1.462,1.548,1.579,1.593
2025-07-22 20:58:33.526,1.584,1.582,1.697,1.469,1.529,1.552,1.46,1.547,1.578,1.592
2025-07-22 20:58:33.576,1.585,1.582,1.697,1.468,1.504,1.553,1.46,1.547,1.578,1.592
2025-07-22 20:58:33.625,1.585,1.582,1.698,1.469,1.451,1.553,1.461,1.548,1.578,1.591
2025-07-22 20:58:33.676,1.584,1.582,1.698,1.469,1.364,1.553,1.461,1.547,1.578,1.593
2025-07-22 20:58:33.726,1.584,1.582,1.698,1.469,1.279,1.55,1.461,1.547,1.578,1.592
2025-07-22 20:58:33.776,1.585,1.582,1.697,1.469,1.241,1.548,1.461,1.547,1.577,1.591
2025-07-22 20:58:33.826,1.584,1.582,1.697,1.469,1.246,1.546,1.46,1.547,1.577,1.591
2025-07-22 20:58:33.876,1.584,1.582,1.697,1.469,1.312,1.543,1.462,1.547,1.577,1.592
2025-07-22 20:58:33.925,1.585,1.582,1.698,1.469,1.411,1.541,1.46,1.548,1.577,1.591
2025-07-22 20:58:33.976,1.584,1.581,1.697,1.468,1.488,1.542,1.46,1.548,1.577,1.591
2025-07-22 20:58:34.025,1.584,1.582,1.697,1.469,1.529,1.543,1.46,1.547,1.576,1.591
2025-07-22 20:58:34.076,1.584,1.581,1.697,1.468,1.541,1.544,1.46,1.547,1.576,1.592
2025-07-22 20:58:34.126,1.584,1.582,1.697,1.469,1.544,1.545,1.46,1.547,1.577,1.591
2025-07-22 20:58:34.175,1.583,1.582,1.697,1.469,1.548,1.546,1.461,1.547,1.576,1.59
2025-07-22 20:58:34.225,1.584,1.581,1.697,1.469,1.545,1.548,1.461,1.547,1.576,1.591
2025-07-22 20:58:34.276,1.583,1.582,1.697,1.469,1.544,1.548,1.461,1.547,1.576,1.592
2025-07-22 20:58:34.326,1.583,1.582,1.698,1.469,1.547,1.549,1.46,1.546,1.576,1.59
2025-07-22 20:58:34.376,1.583,1.582,1.697,1.469,1.546,1.551,1.461,1.546,1.577,1.591
2025-07-22 20:58:34.426,1.583,1.582,1.698,1.469,1.541,1.552,1.46,1.546,1.575,1.591
2025-07-22 20:58:34.476,1.584,1.581,1.697,1.469,1.522,1.553,1.46,1.547,1.576,1.59
2025-07-22 20:58:34.525,1.583,1.582,1.697,1.469,1.481,1.553,1.46,1.547,1.577,1.591
2025-07-22 20:58:34.576,1.583,1.581,1.697,1.469,1.4,1.553,1.46,1.546,1.576,1.591
2025-07-22 20:58:34.626,1.584,1.582,1.697,1.469,1.307,1.55,1.461,1.546,1.576,1.59
2025-07-22 20:58:34.675,1.584,1.581,1.698,1.468,1.236,1.548,1.459,1.546,1.576,1.591
2025-07-22 20:58:34.725,1.584,1.581,1.697,1.469,1.222,1.546,1.46,1.547,1.576,1.59
2025-07-22 20:58:34.775,1.584,1.582,1.698,1.469,1.266,1.542,1.459,1.547,1.575,1.591
2025-07-22 20:58:34.826,1.584,1.582,1.697,1.469,1.329,1.542,1.46,1.546,1.576,1.59
2025-07-22 20:58:34.875,1.584,1.582,1.697,1.468,1.417,1.54,1.461,1.546,1.576,1.59
2025-07-22 20:58:34.925,1.584,1.581,1.698,1.469,1.487,1.541,1.459,1.547,1.576,1.59
2025-07-22 20:58:34.976,1.584,1.581,1.697,1.469,1.543,1.541,1.46,1.547,1.576,1.59
2025-07-22 20:58:35.026,1.584,1.581,1.697,1.469,1.546,1.544,1.46,1.546,1.577,1.59
2025-07-22 20:58:35.076,1.583,1.581,1.697,1.469,1.554,1.544,1.46,1.546,1.577,1.59
2025-07-22 20:58:35.126,1.583,1.582,1.698,1.469,1.555,1.545,1.46,1.546,1.577,1.591
2025-07-22 20:58:35.175,1.584,1.582,1.697,1.469,1.551,1.547,1.462,1.546,1.577,1.59
2025-07-22 20:58:35.226,1.584,1.581,1.696,1.469,1.553,1.546,1.46,1.546,1.577,1.59
2025-07-22 20:58:35.276,1.583,1.581,1.697,1.469,1.555,1.549,1.461,1.547,1.576,1.59
2025-07-22 20:58:35.326,1.583,1.582,1.696,1.469,1.549,1.55,1.46,1.547,1.576,1.59
2025-07-22 20:58:35.376,1.583,1.58,1.697,1.469,1.553,1.551,1.46,1.546,1.577,1.59
2025-07-22 20:58:35.426,1.583,1.58,1.697,1.469,1.535,1.552,1.459,1.546,1.577,1.59
2025-07-22 20:58:35.475,1.583,1.581,1.697,1.469,1.508,1.553,1.459,1.546,1.577,1.59
2025-07-22 20:58:35.525,1.584,1.581,1.696,1.469,1.437,1.553,1.458,1.546,1.577,1.59
2025-07-22 20:58:35.575,1.583,1.581,1.696,1.47,1.349,1.551,1.459,1.546,1.577,1.59
2025-07-22 20:58:35.626,1.583,1.581,1.697,1.469,1.278,1.549,1.459,1.546,1.577,1.59
2025-07-22 20:58:35.676,1.583,1.581,1.696,1.469,1.249,1.546,1.459,1.546,1.577,1.59
2025-07-22 20:58:35.726,1.583,1.58,1.697,1.469,1.271,1.544,1.458,1.545,1.577,1.59
2025-07-22 20:58:35.775,1.583,1.581,1.696,1.469,1.342,1.542,1.459,1.546,1.577,1.59
2025-07-22 20:58:35.826,1.583,1.58,1.697,1.468,1.43,1.542,1.459,1.545,1.578,1.59
2025-07-22 20:58:35.875,1.583,1.581,1.695,1.47,1.499,1.542,1.458,1.545,1.579,1.59
2025-07-22 20:58:35.925,1.583,1.58,1.695,1.469,1.532,1.542,1.46,1.546,1.579,1.59
2025-07-22 20:58:35.976,1.583,1.58,1.696,1.468,1.543,1.544,1.461,1.545,1.578,1.59
2025-07-22 20:58:36.025,1.583,1.58,1.696,1.469,1.542,1.544,1.46,1.545,1.578,1.59
2025-07-22 20:58:36.076,1.582,1.581,1.695,1.469,1.54,1.546,1.46,1.545,1.578,1.589
2025-07-22 20:58:36.126,1.582,1.579,1.695,1.469,1.546,1.548,1.461,1.545,1.578,1.59
2025-07-22 20:58:36.176,1.583,1.58,1.696,1.469,1.546,1.548,1.459,1.545,1.579,1.59
2025-07-22 20:58:36.226,1.583,1.58,1.696,1.469,1.553,1.55,1.459,1.545,1.579,1.59
2025-07-22 20:58:36.276,1.583,1.58,1.696,1.469,1.546,1.549,1.46,1.545,1.579,1.59
2025-07-22 20:58:36.326,1.583,1.581,1.695,1.469,1.532,1.552,1.459,1.545,1.579,1.59
2025-07-22 20:58:36.376,1.582,1.58,1.695,1.469,1.502,1.553,1.46,1.546,1.579,1.59
2025-07-22 20:58:36.426,1.583,1.58,1.695,1.47,1.443,1.553,1.46,1.545,1.579,1.59
2025-07-22 20:58:36.476,1.582,1.58,1.697,1.469,1.373,1.552,1.459,1.545,1.58,1.59
2025-07-22 20:58:36.525,1.582,1.58,1.696,1.468,1.3,1.548,1.459,1.546,1.579,1.59
2025-07-22 20:58:36.575,1.582,1.581,1.697,1.469,1.249,1.547,1.459,1.545,1.579,1.59
2025-07-22 20:58:36.626,1.583,1.579,1.696,1.469,1.246,1.545,1.459,1.545,1.579,1.59
2025-07-22 20:58:36.675,1.583,1.581,1.696,1.469,1.276,1.542,1.46,1.545,1.58,1.59
2025-07-22 20:58:36.725,1.582,1.579,1.695,1.469,1.338,1.539,1.459,1.545,1.58,1.59
2025-07-22 20:58:36.776,1.583,1.58,1.696,1.468,1.424,1.54,1.46,1.545,1.58,1.59
2025-07-22 20:58:36.825,1.583,1.58,1.697,1.469,1.496,1.54,1.46,1.545,1.581,1.59
2025-07-22 20:58:36.876,1.582,1.58,1.696,1.469,1.526,1.542,1.459,1.545,1.581,1.59
2025-07-22 20:58:36.925,1.583,1.579,1.695,1.469,1.544,1.542,1.46,1.545,1.58,1.59
2025-07-22 20:58:36.975,1.583,1.58,1.696,1.469,1.542,1.543,1.46,1.545,1.581,1.59
2025-07-22 20:58:37.026,1.583,1.581,1.696,1.469,1.55,1.544,1.46,1.545,1.58,1.59
2025-07-22 20:58:37.075,1.583,1.58,1.696,1.469,1.547,1.546,1.459,1.545,1.581,1.591
2025-07-22 20:58:37.126,1.582,1.58,1.697,1.469,1.548,1.547,1.458,1.545,1.58,1.59
2025-07-22 20:58:37.175,1.583,1.58,1.697,1.469,1.551,1.548,1.458,1.545,1.582,1.59
2025-07-22 20:58:37.225,1.583,1.58,1.696,1.468,1.547,1.549,1.459,1.545,1.581,1.59
2025-07-22 20:58:37.276,1.583,1.58,1.697,1.47,1.544,1.551,1.46,1.546,1.581,1.59
2025-07-22 20:58:37.325,1.583,1.58,1.697,1.469,1.524,1.551,1.459,1.546,1.581,1.591
2025-07-22 20:58:37.375,1.582,1.58,1.696,1.469,1.483,1.551,1.461,1.545,1.581,1.59
2025-07-22 20:58:37.425,1.583,1.58,1.696,1.468,1.42,1.552,1.458,1.545,1.581,1.59
2025-07-22 20:58:37.475,1.582,1.579,1.696,1.468,1.354,1.549,1.458,1.546,1.581,1.59
2025-07-22 20:58:37.525,1.583,1.581,1.695,1.469,1.288,1.548,1.459,1.546,1.581,1.59
2025-07-22 20:58:37.575,1.582,1.579,1.696,1.469,1.267,1.545,1.459,1.545,1.581,1.59
2025-07-22 20:58:37.625,1.583,1.581,1.696,1.469,1.292,1.544,1.46,1.545,1.581,1.591
2025-07-22 20:58:37.676,1.582,1.58,1.696,1.469,1.37,1.541,1.459,1.544,1.58,1.59
2025-07-22 20:58:37.725,1.582,1.58,1.696,1.469,1.464,1.542,1.46,1.545,1.582,1.59
2025-07-22 20:58:37.775,1.582,1.579,1.695,1.469,1.518,1.542,1.461,1.545,1.581,1.59
2025-07-22 20:58:37.825,1.583,1.58,1.696,1.469,1.542,1.544,1.459,1.545,1.58,1.59
2025-07-22 20:58:37.875,1.583,1.579,1.696,1.469,1.547,1.544,1.458,1.545,1.581,1.59
2025-07-22 20:58:37.925,1.583,1.58,1.696,1.469,1.548,1.545,1.458,1.545,1.582,1.59
2025-07-22 20:58:37.975,1.582,1.579,1.696,1.469,1.544,1.546,1.46,1.545,1.581,1.591
2025-07-22 20:58:38.026,1.583,1.578,1.695,1.469,1.544,1.548,1.457,1.545,1.582,1.591
2025-07-22 20:58:38.075,1.582,1.579,1.696,1.469,1.547,1.549,1.458,1.545,1.581,1.59
2025-07-22 20:58:38.125,1.582,1.579,1.695,1.468,1.552,1.549,1.458,1.544,1.581,1.59
2025-07-22 20:58:38.175,1.582,1.58,1.696,1.469,1.547,1.551,1.461,1.545,1.58,1.59
2025-07-22 20:58:38.225,1.582,1.58,1.695,1.469,1.55,1.552,1.458,1.544,1.581,1.59
2025-07-22 20:58:38.275,1.582,1.578,1.695,1.469,1.531,1.553,1.459,1.545,1.58,1.59
2025-07-22 20:58:38.324,1.582,1.579,1.696,1.469,1.497,1.553,1.458,1.544,1.58,1.59
2025-07-22 20:58:38.375,1.582,1.578,1.696,1.469,1.443,1.553,1.46,1.544,1.58,1.59
2025-07-22 20:58:38.426,1.582,1.578,1.695,1.469,1.36,1.552,1.46,1.544,1.58,1.59
2025-07-22 20:58:38.476,1.582,1.579,1.695,1.469,1.283,1.549,1.46,1.544,1.58,1.59
2025-07-22 20:58:38.526,1.582,1.579,1.695,1.468,1.235,1.546,1.459,1.544,1.58,1.59
2025-07-22 20:58:38.575,1.582,1.578,1.695,1.468,1.229,1.545,1.459,1.544,1.581,1.59
2025-07-22 20:58:38.625,1.582,1.577,1.694,1.469,1.282,1.542,1.46,1.544,1.581,1.59
2025-07-22 20:58:38.675,1.582,1.579,1.695,1.469,1.355,1.541,1.46,1.544,1.58,1.59
2025-07-22 20:58:38.725,1.582,1.579,1.695,1.468,1.437,1.54,1.459,1.544,1.58,1.59
2025-07-22 20:58:38.775,1.582,1.58,1.696,1.468,1.493,1.541,1.459,1.544,1.58,1.59
2025-07-22 20:58:38.825,1.582,1.579,1.696,1.468,1.528,1.543,1.459,1.545,1.58,1.59
2025-07-22 20:58:38.874,1.583,1.58,1.696,1.469,1.546,1.543,1.458,1.544,1.58,1.59
2025-07-22 20:58:38.925,1.582,1.579,1.694,1.468,1.545,1.544,1.458,1.545,1.58,1.59
2025-07-22 20:58:38.975,1.582,1.579,1.695,1.468,1.546,1.545,1.459,1.544,1.58,1.59
2025-07-22 20:58:39.025,1.582,1.58,1.695,1.469,1.541,1.546,1.459,1.544,1.581,1.59
2025-07-22 20:58:39.074,1.582,1.579,1.695,1.469,1.544,1.548,1.459,1.545,1.58,1.592
2025-07-22 20:58:39.124,1.583,1.578,1.696,1.468,1.545,1.548,1.459,1.544,1.581,1.59
2025-07-22 20:58:39.176,1.583,1.579,1.695,1.468,1.544,1.549,1.458,1.544,1.581,1.59
2025-07-22 20:58:39.225,1.582,1.578,1.694,1.468,1.527,1.551,1.458,1.544,1.581,1.59
2025-07-22 20:58:39.275,1.582,1.578,1.695,1.469,1.497,1.552,1.458,1.544,1.582,1.59
2025-07-22 20:58:39.325,1.582,1.579,1.696,1.469,1.436,1.551,1.459,1.544,1.581,1.59
2025-07-22 20:58:39.375,1.582,1.58,1.696,1.468,1.349,1.55,1.46,1.544,1.581,1.59
2025-07-22 20:58:39.425,1.582,1.58,1.696,1.469,1.277,1.548,1.46,1.544,1.581,1.59
2025-07-22 20:58:39.474,1.582,1.579,1.695,1.469,1.237,1.545,1.458,1.544,1.58,1.59
2025-07-22 20:58:39.525,1.582,1.578,1.696,1.469,1.252,1.543,1.458,1.544,1.581,1.59
2025-07-22 20:58:39.576,1.582,1.579,1.696,1.469,1.31,1.54,1.459,1.544,1.581,1.59
2025-07-22 20:58:39.625,1.582,1.579,1.696,1.469,1.379,1.54,1.458,1.544,1.58,1.59
2025-07-22 20:58:39.675,1.582,1.579,1.695,1.468,1.445,1.539,1.46,1.544,1.58,1.59
2025-07-22 20:58:39.725,1.582,1.578,1.695,1.469,1.504,1.54,1.459,1.544,1.581,1.59
2025-07-22 20:58:39.775,1.582,1.579,1.694,1.468,1.537,1.541,1.458,1.544,1.581,1.59
2025-07-22 20:58:39.825,1.582,1.578,1.694,1.468,1.552,1.542,1.458,1.544,1.581,1.59
2025-07-22 20:58:39.875,1.582,1.579,1.694,1.468,1.553,1.544,1.459,1.544,1.581,1.59
2025-07-22 20:58:39.924,1.582,1.578,1.695,1.468,1.553,1.544,1.458,1.543,1.58,1.59
2025-07-22 20:58:39.975,1.582,1.578,1.695,1.469,1.547,1.546,1.458,1.544,1.58,1.59
2025-07-22 20:58:40.025,1.582,1.578,1.696,1.468,1.556,1.548,1.458,1.545,1.58,1.59
2025-07-22 20:58:40.074,1.582,1.578,1.696,1.469,1.552,1.548,1.459,1.544,1.581,1.59
2025-07-22 20:58:40.125,1.582,1.578,1.695,1.469,1.551,1.55,1.46,1.544,1.58,1.59
2025-07-22 20:58:40.175,1.582,1.579,1.696,1.469,1.532,1.55,1.458,1.544,1.58,1.59
2025-07-22 20:58:40.225,1.582,1.579,1.695,1.469,1.498,1.551,1.457,1.544,1.58,1.59
2025-07-22 20:58:40.275,1.582,1.578,1.696,1.469,1.441,1.551,1.457,1.544,1.581,1.59
2025-07-22 20:58:40.324,1.582,1.578,1.695,1.468,1.354,1.55,1.458,1.544,1.58,1.59
2025-07-22 20:58:40.375,1.582,1.578,1.694,1.468,1.273,1.548,1.458,1.544,1.58,1.59
2025-07-22 20:58:40.424,1.581,1.579,1.695,1.469,1.242,1.545,1.457,1.544,1.581,1.59
2025-07-22 20:58:40.474,1.582,1.579,1.694,1.469,1.246,1.543,1.459,1.544,1.58,1.59
2025-07-22 20:58:40.525,1.582,1.578,1.695,1.469,1.295,1.54,1.46,1.544,1.58,1.59
2025-07-22 20:58:40.575,1.582,1.578,1.695,1.469,1.374,1.539,1.459,1.544,1.58,1.59
2025-07-22 20:58:40.624,1.581,1.578,1.694,1.469,1.443,1.538,1.458,1.544,1.58,1.59
2025-07-22 20:58:40.675,1.582,1.578,1.695,1.468,1.498,1.539,1.458,1.544,1.58,1.59
2025-07-22 20:58:40.725,1.582,1.578,1.696,1.469,1.529,1.54,1.458,1.543,1.58,1.59
2025-07-22 20:58:40.775,1.582,1.578,1.694,1.469,1.54,1.541,1.46,1.544,1.579,1.59
2025-07-22 20:58:40.825,1.582,1.577,1.695,1.469,1.54,1.542,1.458,1.544,1.58,1.59
2025-07-22 20:58:40.874,1.582,1.578,1.695,1.468,1.548,1.544,1.458,1.544,1.579,1.59
2025-07-22 20:58:40.925,1.582,1.578,1.694,1.468,1.543,1.546,1.458,1.544,1.58,1.59
2025-07-22 20:58:40.975,1.582,1.577,1.694,1.469,1.548,1.546,1.458,1.544,1.58,1.59
2025-07-22 20:58:41.025,1.582,1.578,1.695,1.469,1.545,1.547,1.459,1.544,1.58,1.591
2025-07-22 20:58:41.075,1.582,1.578,1.695,1.468,1.548,1.548,1.458,1.544,1.58,1.59
2025-07-22 20:58:41.124,1.582,1.578,1.696,1.468,1.536,1.549,1.458,1.544,1.58,1.59
2025-07-22 20:58:41.174,1.582,1.579,1.695,1.468,1.504,1.551,1.46,1.544,1.581,1.59
2025-07-22 20:58:41.225,1.582,1.578,1.696,1.468,1.449,1.55,1.459,1.544,1.58,1.59
2025-07-22 20:58:41.275,1.582,1.579,1.696,1.468,1.374,1.549,1.459,1.543,1.58,1.59
2025-07-22 20:58:41.325,1.582,1.58,1.696,1.469,1.284,1.547,1.458,1.544,1.58,1.59
2025-07-22 20:58:41.375,1.582,1.579,1.696,1.468,1.223,1.546,1.46,1.544,1.58,1.59
2025-07-22 20:58:41.424,1.582,1.579,1.696,1.469,1.217,1.542,1.458,1.544,1.58,1.59
2025-07-22 20:58:41.475,1.582,1.578,1.695,1.468,1.25,1.54,1.46,1.544,1.58,1.59
2025-07-22 20:58:41.525,1.582,1.578,1.695,1.469,1.322,1.538,1.459,1.544,1.58,1.59
2025-07-22 20:58:41.574,1.582,1.578,1.696,1.469,1.407,1.537,1.461,1.544,1.58,1.59
2025-07-22 20:58:41.625,1.582,1.579,1.696,1.468,1.495,1.537,1.458,1.544,1.58,1.59
2025-07-22 20:58:41.674,1.582,1.578,1.694,1.469,1.539,1.54,1.458,1.543,1.58,1.59
2025-07-22 20:58:41.724,1.582,1.579,1.695,1.467,1.551,1.54,1.458,1.544,1.579,1.59
2025-07-22 20:58:41.775,1.582,1.579,1.694,1.468,1.553,1.541,1.458,1.544,1.58,1.59
2025-07-22 20:58:41.825,1.582,1.578,1.695,1.468,1.555,1.544,1.457,1.544,1.58,1.59
2025-07-22 20:58:41.875,1.582,1.579,1.696,1.469,1.564,1.544,1.458,1.544,1.581,1.59
2025-07-22 20:58:41.925,1.582,1.58,1.695,1.468,1.555,1.545,1.461,1.544,1.58,1.59
2025-07-22 20:58:41.975,1.582,1.579,1.694,1.469,1.554,1.545,1.46,1.544,1.58,1.59
2025-07-22 20:58:42.025,1.582,1.578,1.695,1.468,1.554,1.548,1.458,1.544,1.58,1.59
2025-07-22 20:58:42.075,1.582,1.579,1.696,1.468,1.561,1.549,1.459,1.544,1.58,1.59
2025-07-22 20:58:42.124,1.582,1.579,1.695,1.469,1.554,1.55,1.458,1.544,1.58,1.59
2025-07-22 20:58:42.175,1.582,1.579,1.695,1.469,1.543,1.552,1.46,1.544,1.58,1.591
2025-07-22 20:58:42.224,1.582,1.578,1.694,1.468,1.523,1.552,1.46,1.544,1.58,1.59
2025-07-22 20:58:42.275,1.583,1.579,1.694,1.469,1.486,1.553,1.459,1.544,1.58,1.59
2025-07-22 20:58:42.324,1.582,1.577,1.696,1.469,1.412,1.553,1.458,1.544,1.579,1.59
2025-07-22 20:58:42.375,1.582,1.579,1.695,1.468,1.321,1.551,1.458,1.544,1.58,1.59
2025-07-22 20:58:42.424,1.582,1.579,1.696,1.468,1.247,1.549,1.459,1.544,1.58,1.59
2025-07-22 20:58:42.475,1.582,1.578,1.694,1.468,1.241,1.545,1.459,1.544,1.58,1.59
2025-07-22 20:58:42.525,1.582,1.578,1.695,1.469,1.267,1.544,1.457,1.544,1.58,1.59
2025-07-22 20:58:42.575,1.582,1.58,1.695,1.468,1.335,1.54,1.458,1.544,1.58,1.59
2025-07-22 20:58:42.624,1.582,1.578,1.694,1.468,1.407,1.54,1.459,1.544,1.579,1.59
2025-07-22 20:58:42.674,1.582,1.578,1.695,1.468,1.462,1.54,1.458,1.544,1.58,1.591
2025-07-22 20:58:42.725,1.582,1.579,1.696,1.468,1.515,1.541,1.46,1.544,1.58,1.59
2025-07-22 20:58:42.774,1.582,1.578,1.694,1.468,1.54,1.541,1.458,1.544,1.58,1.59
2025-07-22 20:58:42.824,1.582,1.579,1.695,1.469,1.557,1.543,1.461,1.544,1.58,1.59
2025-07-22 20:58:42.874,1.582,1.579,1.694,1.469,1.562,1.544,1.46,1.544,1.58,1.59
2025-07-22 20:58:42.924,1.582,1.578,1.694,1.468,1.568,1.547,1.458,1.544,1.58,1.59
2025-07-22 20:58:42.974,1.582,1.578,1.696,1.469,1.578,1.547,1.458,1.544,1.58,1.59
2025-07-22 20:58:43.025,1.582,1.578,1.694,1.469,1.57,1.548,1.459,1.544,1.58,1.59
2025-07-22 20:58:43.074,1.582,1.579,1.695,1.469,1.572,1.551,1.458,1.544,1.58,1.59
2025-07-22 20:58:43.124,1.582,1.578,1.694,1.469,1.57,1.551,1.459,1.544,1.58,1.591
2025-07-22 20:58:43.175,1.582,1.578,1.694,1.468,1.573,1.552,1.458,1.544,1.58,1.59
2025-07-22 20:58:43.224,1.582,1.578,1.694,1.469,1.572,1.553,1.458,1.544,1.58,1.59
2025-07-22 20:58:43.274,1.582,1.579,1.695,1.469,1.567,1.554,1.459,1.543,1.58,1.59
2025-07-22 20:58:43.324,1.582,1.578,1.696,1.468,1.566,1.556,1.459,1.544,1.58,1.59
2025-07-22 20:58:43.375,1.582,1.578,1.694,1.469,1.573,1.557,1.459,1.544,1.58,1.59
2025-07-22 20:58:43.424,1.582,1.578,1.696,1.468,1.573,1.559,1.461,1.544,1.58,1.59
2025-07-22 20:58:43.474,1.582,1.578,1.695,1.468,1.573,1.559,1.46,1.544,1.58,1.59
2025-07-22 20:58:43.524,1.582,1.579,1.694,1.468,1.582,1.56,1.46,1.544,1.58,1.59
2025-07-22 20:58:43.574,1.582,1.578,1.695,1.468,1.569,1.561,1.458,1.544,1.58,1.59
2025-07-22 20:58:43.625,1.582,1.579,1.696,1.469,1.573,1.561,1.46,1.544,1.581,1.59
2025-07-22 20:58:43.674,1.582,1.579,1.696,1.469,1.571,1.562,1.459,1.544,1.58,1.59
2025-07-22 20:58:43.725,1.582,1.578,1.694,1.469,1.573,1.563,1.46,1.544,1.581,1.59
2025-07-22 20:58:43.775,1.583,1.578,1.695,1.469,1.57,1.564,1.461,1.544,1.58,1.59
2025-07-22 20:58:43.825,1.582,1.579,1.696,1.469,1.573,1.565,1.461,1.544,1.58,1.59
2025-07-22 20:58:43.875,1.582,1.579,1.695,1.468,1.569,1.565,1.461,1.544,1.58,1.59
2025-07-22 20:58:43.925,1.582,1.578,1.694,1.469,1.569,1.566,1.463,1.545,1.581,1.59
2025-07-22 20:58:43.974,1.582,1.579,1.695,1.469,1.577,1.567,1.461,1.545,1.58,1.59
2025-07-22 20:58:44.025,1.582,1.579,1.696,1.469,1.575,1.568,1.462,1.545,1.579,1.59
2025-07-22 20:58:44.075,1.582,1.58,1.695,1.468,1.575,1.568,1.461,1.545,1.58,1.59
2025-07-22 20:58:44.125,1.582,1.579,1.696,1.469,1.573,1.568,1.462,1.545,1.581,1.59
2025-07-22 20:58:44.174,1.582,1.579,1.695,1.468,1.577,1.569,1.461,1.544,1.581,1.59
2025-07-22 20:58:44.225,1.582,1.578,1.696,1.469,1.573,1.569,1.461,1.545,1.581,1.59
2025-07-22 20:58:44.274,1.582,1.578,1.695,1.468,1.573,1.57,1.462,1.545,1.581,1.59
2025-07-22 20:58:44.324,1.582,1.579,1.696,1.469,1.573,1.57,1.462,1.545,1.581,1.59
2025-07-22 20:58:44.374,1.582,1.578,1.695,1.469,1.576,1.571,1.465,1.545,1.582,1.59
2025-07-22 20:58:44.425,1.582,1.578,1.695,1.469,1.572,1.571,1.463,1.545,1.58,1.591
2025-07-22 20:58:44.474,1.582,1.58,1.695,1.469,1.572,1.571,1.462,1.545,1.58,1.59
2025-07-22 20:58:44.525,1.582,1.579,1.696,1.468,1.572,1.573,1.464,1.546,1.58,1.59
2025-07-22 20:58:44.574,1.582,1.579,1.695,1.469,1.566,1.573,1.464,1.545,1.581,1.59
2025-07-22 20:58:44.624,1.582,1.579,1.695,1.468,1.573,1.572,1.463,1.546,1.58,1.59
2025-07-22 20:58:44.675,1.582,1.579,1.695,1.469,1.571,1.573,1.464,1.546,1.582,1.59
2025-07-22 20:58:44.724,1.582,1.578,1.696,1.469,1.572,1.573,1.463,1.546,1.581,1.59
2025-07-22 20:58:44.775,1.581,1.579,1.695,1.468,1.569,1.573,1.461,1.546,1.581,1.591
2025-07-22 20:58:44.824,1.582,1.578,1.695,1.468,1.568,1.573,1.464,1.545,1.58,1.59
2025-07-22 20:58:44.873,1.582,1.579,1.694,1.469,1.573,1.573,1.462,1.546,1.581,1.59
2025-07-22 20:58:44.924,1.582,1.578,1.694,1.468,1.571,1.574,1.464,1.546,1.58,1.59
2025-07-22 20:58:44.975,1.582,1.579,1.696,1.469,1.576,1.574,1.464,1.546,1.581,1.59
2025-07-22 20:58:45.025,1.582,1.578,1.695,1.468,1.572,1.575,1.462,1.546,1.58,1.59
2025-07-22 20:58:45.074,1.582,1.578,1.695,1.469,1.573,1.575,1.463,1.545,1.581,1.59
2025-07-22 20:58:45.124,1.582,1.578,1.696,1.469,1.573,1.575,1.464,1.546,1.581,1.59
2025-07-22 20:58:45.174,1.582,1.578,1.695,1.468,1.572,1.575,1.463,1.546,1.581,1.59
2025-07-22 20:58:45.224,1.583,1.577,1.695,1.469,1.572,1.576,1.464,1.546,1.581,1.59
2025-07-22 20:58:45.274,1.582,1.579,1.695,1.469,1.572,1.577,1.463,1.546,1.581,1.591
2025-07-22 20:58:45.324,1.583,1.58,1.696,1.469,1.572,1.576,1.466,1.546,1.582,1.591
2025-07-22 20:58:45.374,1.582,1.58,1.696,1.469,1.572,1.577,1.465,1.546,1.582,1.59
2025-07-22 20:58:45.424,1.583,1.578,1.695,1.469,1.57,1.577,1.465,1.546,1.582,1.591
2025-07-22 20:58:45.474,1.583,1.579,1.696,1.468,1.569,1.577,1.466,1.546,1.582,1.591
2025-07-22 20:58:45.524,1.582,1.58,1.695,1.469,1.564,1.578,1.465,1.547,1.581,1.59
2025-07-22 20:58:45.574,1.583,1.58,1.697,1.469,1.57,1.578,1.465,1.547,1.581,1.591
2025-07-22 20:58:45.624,1.583,1.58,1.697,1.468,1.57,1.578,1.466,1.547,1.581,1.591
2025-07-22 20:58:45.673,1.583,1.581,1.696,1.469,1.569,1.578,1.465,1.547,1.581,1.591
2025-07-22 20:58:45.724,1.583,1.579,1.697,1.469,1.573,1.58,1.466,1.548,1.579,1.591
2025-07-22 20:58:45.774,1.583,1.581,1.696,1.469,1.569,1.579,1.466,1.548,1.58,1.592
2025-07-22 20:58:45.824,1.583,1.58,1.696,1.469,1.565,1.58,1.466,1.548,1.58,1.591
2025-07-22 20:58:45.873,1.583,1.58,1.696,1.468,1.564,1.579,1.466,1.548,1.579,1.592
2025-07-22 20:58:45.924,1.583,1.581,1.696,1.469,1.573,1.58,1.467,1.548,1.579,1.592
2025-07-22 20:58:45.974,1.582,1.581,1.697,1.469,1.574,1.58,1.467,1.548,1.579,1.591
2025-07-22 20:58:46.025,1.583,1.581,1.697,1.468,1.569,1.581,1.466,1.548,1.58,1.592
2025-07-22 20:58:46.074,1.583,1.581,1.697,1.469,1.582,1.58,1.467,1.548,1.579,1.591
2025-07-22 20:58:46.124,1.583,1.581,1.696,1.469,1.575,1.58,1.466,1.548,1.579,1.591
2025-07-22 20:58:46.173,1.583,1.58,1.697,1.469,1.572,1.581,1.467,1.548,1.579,1.591
2025-07-22 20:58:46.224,1.583,1.58,1.697,1.469,1.571,1.581,1.466,1.548,1.578,1.591
2025-07-22 20:58:46.274,1.584,1.581,1.697,1.469,1.57,1.581,1.467,1.548,1.579,1.592
2025-07-22 20:58:46.324,1.583,1.581,1.697,1.469,1.576,1.582,1.468,1.548,1.579,1.592
2025-07-22 20:58:46.374,1.583,1.581,1.697,1.469,1.578,1.58,1.468,1.548,1.579,1.591
2025-07-22 20:58:46.424,1.583,1.581,1.696,1.469,1.572,1.58,1.468,1.548,1.579,1.591
2025-07-22 20:58:46.474,1.583,1.581,1.696,1.468,1.575,1.582,1.467,1.548,1.578,1.592
2025-07-22 20:58:46.524,1.584,1.582,1.697,1.469,1.572,1.581,1.468,1.548,1.578,1.591
2025-07-22 20:58:46.574,1.584,1.581,1.698,1.469,1.566,1.582,1.468,1.548,1.578,1.591
2025-07-22 20:58:46.624,1.584,1.581,1.697,1.469,1.581,1.581,1.468,1.548,1.577,1.591
2025-07-22 20:58:46.674,1.583,1.581,1.697,1.469,1.573,1.581,1.468,1.549,1.578,1.591
2025-07-22 20:58:46.724,1.584,1.581,1.697,1.468,1.577,1.581,1.469,1.549,1.578,1.592
2025-07-22 20:58:46.774,1.585,1.581,1.697,1.468,1.573,1.582,1.469,1.548,1.578,1.591
2025-07-22 20:58:46.824,1.584,1.581,1.697,1.469,1.565,1.581,1.468,1.549,1.577,1.591
2025-07-22 20:58:46.874,1.584,1.581,1.697,1.469,1.581,1.583,1.469,1.549,1.578,1.591
2025-07-22 20:58:46.924,1.584,1.581,1.698,1.469,1.571,1.581,1.469,1.549,1.579,1.592
2025-07-22 20:58:46.974,1.583,1.581,1.697,1.469,1.571,1.582,1.469,1.549,1.578,1.591
2025-07-22 20:58:47.023,1.584,1.582,1.697,1.469,1.569,1.582,1.468,1.548,1.578,1.591
2025-07-22 20:58:47.074,1.584,1.58,1.698,1.469,1.577,1.582,1.468,1.549,1.578,1.591
2025-07-22 20:58:47.124,1.584,1.581,1.697,1.469,1.573,1.583,1.469,1.548,1.578,1.592
2025-07-22 20:58:47.174,1.585,1.581,1.697,1.469,1.564,1.582,1.469,1.548,1.579,1.592
2025-07-22 20:58:47.224,1.584,1.581,1.697,1.469,1.572,1.582,1.469,1.549,1.578,1.591
2025-07-22 20:58:47.274,1.584,1.582,1.698,1.468,1.571,1.582,1.47,1.549,1.578,1.591
2025-07-22 20:58:47.324,1.584,1.581,1.698,1.468,1.571,1.583,1.47,1.55,1.578,1.591
2025-07-22 20:58:47.374,1.584,1.581,1.697,1.469,1.568,1.583,1.469,1.549,1.578,1.591
2025-07-22 20:58:47.424,1.584,1.582,1.698,1.469,1.569,1.582,1.468,1.548,1.578,1.592
2025-07-22 20:58:47.474,1.584,1.581,1.697,1.469,1.572,1.582,1.469,1.549,1.579,1.591
2025-07-22 20:58:47.524,1.584,1.582,1.698,1.469,1.569,1.582,1.47,1.549,1.578,1.591
2025-07-22 20:58:47.573,1.584,1.582,1.698,1.468,1.577,1.583,1.469,1.549,1.577,1.592
2025-07-22 20:58:47.623,1.584,1.581,1.698,1.468,1.576,1.582,1.47,1.548,1.577,1.591
2025-07-22 20:58:47.674,1.584,1.582,1.697,1.469,1.573,1.582,1.47,1.548,1.577,1.592
2025-07-22 20:58:47.723,1.583,1.581,1.697,1.469,1.572,1.582,1.469,1.548,1.577,1.591
2025-07-22 20:58:47.773,1.583,1.582,1.697,1.469,1.575,1.582,1.47,1.548,1.578,1.591
2025-07-22 20:58:47.823,1.584,1.582,1.696,1.469,1.572,1.582,1.47,1.548,1.577,1.591
2025-07-22 20:58:47.874,1.584,1.582,1.698,1.469,1.583,1.582,1.47,1.548,1.577,1.591
2025-07-22 20:58:47.924,1.584,1.582,1.697,1.469,1.577,1.582,1.469,1.548,1.578,1.591
2025-07-22 20:58:47.974,1.584,1.582,1.697,1.47,1.574,1.582,1.47,1.548,1.577,1.591
2025-07-22 20:58:48.023,1.584,1.581,1.697,1.469,1.574,1.583,1.468,1.548,1.577,1.591
2025-07-22 20:58:48.074,1.584,1.58,1.697,1.469,1.568,1.582,1.469,1.548,1.577,1.59
2025-07-22 20:58:48.124,1.583,1.582,1.698,1.469,1.568,1.582,1.47,1.548,1.577,1.591
2025-07-22 20:58:48.174,1.584,1.58,1.697,1.469,1.571,1.582,1.469,1.548,1.577,1.592
2025-07-22 20:58:48.223,1.583,1.58,1.697,1.469,1.573,1.583,1.47,1.547,1.577,1.591
2025-07-22 20:58:48.274,1.584,1.581,1.697,1.469,1.578,1.583,1.47,1.548,1.577,1.591
2025-07-22 20:58:48.324,1.584,1.582,1.697,1.47,1.568,1.582,1.469,1.548,1.577,1.591
2025-07-22 20:58:48.373,1.584,1.582,1.696,1.469,1.575,1.582,1.469,1.548,1.577,1.591
2025-07-22 20:58:48.424,1.584,1.58,1.696,1.468,1.565,1.583,1.469,1.548,1.576,1.59
2025-07-22 20:58:48.474,1.583,1.581,1.697,1.469,1.573,1.582,1.469,1.547,1.576,1.591
2025-07-22 20:58:48.524,1.582,1.581,1.697,1.469,1.575,1.583,1.47,1.548,1.576,1.59
2025-07-22 20:58:48.574,1.583,1.581,1.697,1.469,1.574,1.582,1.468,1.548,1.576,1.59
2025-07-22 20:58:48.624,1.583,1.581,1.697,1.469,1.562,1.582,1.469,1.548,1.575,1.59
2025-07-22 20:58:48.673,1.582,1.581,1.697,1.47,1.575,1.582,1.47,1.547,1.576,1.59
2025-07-22 20:58:48.724,1.584,1.58,1.696,1.47,1.572,1.583,1.47,1.547,1.575,1.59
2025-07-22 20:58:48.774,1.583,1.58,1.697,1.469,1.569,1.582,1.469,1.548,1.576,1.59
2025-07-22 20:58:48.823,1.583,1.58,1.696,1.47,1.574,1.582,1.47,1.547,1.575,1.59
2025-07-22 20:58:48.874,1.583,1.58,1.697,1.469,1.577,1.582,1.468,1.547,1.576,1.59
2025-07-22 20:58:48.924,1.583,1.58,1.696,1.469,1.572,1.583,1.469,1.547,1.575,1.59
2025-07-22 20:58:48.974,1.583,1.581,1.697,1.468,1.576,1.582,1.469,1.548,1.575,1.59
2025-07-22 20:58:49.024,1.583,1.58,1.697,1.469,1.573,1.582,1.468,1.546,1.575,1.59
2025-07-22 20:58:49.074,1.583,1.58,1.696,1.469,1.569,1.582,1.469,1.547,1.575,1.59
2025-07-22 20:58:49.124,1.583,1.58,1.697,1.469,1.571,1.582,1.47,1.547,1.574,1.59
2025-07-22 20:58:49.174,1.583,1.58,1.697,1.469,1.573,1.582,1.47,1.546,1.574,1.59
2025-07-22 20:58:49.223,1.583,1.58,1.697,1.469,1.571,1.582,1.468,1.548,1.573,1.59
2025-07-22 20:58:49.273,1.582,1.58,1.697,1.469,1.581,1.582,1.47,1.548,1.574,1.589
2025-07-22 20:58:49.324,1.582,1.579,1.695,1.469,1.569,1.584,1.469,1.547,1.574,1.59
2025-07-22 20:58:49.374,1.582,1.58,1.696,1.469,1.573,1.582,1.47,1.546,1.574,1.589
2025-07-22 20:58:49.424,1.582,1.581,1.696,1.468,1.57,1.583,1.469,1.547,1.575,1.589
2025-07-22 20:58:49.473,1.583,1.581,1.696,1.468,1.572,1.582,1.47,1.548,1.574,1.588
2025-07-22 20:58:49.524,1.582,1.58,1.696,1.469,1.579,1.582,1.468,1.548,1.574,1.59
2025-07-22 20:58:49.574,1.583,1.58,1.697,1.469,1.567,1.582,1.469,1.547,1.575,1.588
2025-07-22 20:58:49.624,1.582,1.58,1.697,1.469,1.572,1.582,1.47,1.548,1.575,1.589
2025-07-22 20:58:49.674,1.582,1.581,1.697,1.469,1.578,1.582,1.469,1.548,1.575,1.59
2025-07-22 20:58:49.723,1.584,1.581,1.698,1.469,1.574,1.583,1.47,1.548,1.574,1.589
2025-07-22 20:58:49.774,1.583,1.581,1.698,1.469,1.573,1.583,1.47,1.548,1.575,1.589
2025-07-22 20:58:49.824,1.583,1.581,1.698,1.469,1.567,1.582,1.47,1.547,1.574,1.589
2025-07-22 20:58:49.874,1.583,1.581,1.697,1.469,1.573,1.583,1.47,1.547,1.575,1.59
2025-07-22 20:58:49.924,1.583,1.581,1.698,1.469,1.572,1.583,1.47,1.547,1.575,1.59
2025-07-22 20:58:49.973,1.583,1.582,1.698,1.469,1.571,1.583,1.47,1.547,1.574,1.59
2025-07-22 20:58:50.024,1.584,1.581,1.697,1.468,1.571,1.582,1.47,1.548,1.574,1.59
2025-07-22 20:58:50.074,1.582,1.582,1.698,1.469,1.561,1.583,1.47,1.548,1.574,1.59
2025-07-22 20:58:50.124,1.583,1.581,1.697,1.469,1.572,1.584,1.47,1.548,1.575,1.59
2025-07-22 20:58:50.172,1.583,1.581,1.697,1.469,1.563,1.583,1.469,1.547,1.574,1.59
2025-07-22 20:58:50.224,1.583,1.581,1.698,1.469,1.571,1.583,1.47,1.547,1.574,1.59
2025-07-22 20:58:50.274,1.583,1.581,1.697,1.47,1.569,1.582,1.47,1.547,1.575,1.59
2025-07-22 20:58:50.323,1.584,1.582,1.697,1.47,1.577,1.583,1.47,1.548,1.574,1.59
2025-07-22 20:58:50.373,1.583,1.581,1.698,1.469,1.573,1.583,1.47,1.547,1.574,1.59
2025-07-22 20:58:50.424,1.583,1.582,1.697,1.469,1.57,1.584,1.471,1.547,1.574,1.59
2025-07-22 20:58:50.474,1.584,1.582,1.698,1.469,1.575,1.583,1.471,1.547,1.575,1.59
2025-07-22 20:58:50.524,1.583,1.582,1.698,1.469,1.579,1.583,1.471,1.547,1.575,1.59
2025-07-22 20:58:50.573,1.583,1.582,1.698,1.469,1.574,1.583,1.47,1.546,1.575,1.59
2025-07-22 20:58:50.623,1.583,1.582,1.697,1.469,1.575,1.583,1.472,1.547,1.574,1.59
2025-07-22 20:58:50.674,1.583,1.582,1.698,1.469,1.575,1.584,1.471,1.547,1.575,1.589
2025-07-22 20:58:50.723,1.583,1.582,1.698,1.469,1.572,1.583,1.47,1.546,1.575,1.59
2025-07-22 20:58:50.774,1.583,1.582,1.698,1.469,1.569,1.584,1.471,1.546,1.575,1.589
2025-07-22 20:58:50.823,1.583,1.582,1.698,1.469,1.578,1.585,1.469,1.547,1.575,1.59
2025-07-22 20:58:50.874,1.583,1.581,1.697,1.469,1.573,1.583,1.47,1.546,1.575,1.59
2025-07-22 20:58:50.922,1.583,1.581,1.698,1.469,1.571,1.585,1.471,1.547,1.575,1.59
2025-07-22 20:58:50.974,1.583,1.582,1.698,1.469,1.573,1.583,1.471,1.547,1.576,1.59
2025-07-22 20:58:51.024,1.584,1.581,1.698,1.469,1.569,1.584,1.47,1.546,1.575,1.589
2025-07-22 20:58:51.073,1.584,1.581,1.698,1.468,1.572,1.583,1.47,1.546,1.575,1.589
2025-07-22 20:58:51.124,1.583,1.582,1.698,1.47,1.579,1.584,1.47,1.547,1.576,1.59
2025-07-22 20:58:51.174,1.584,1.581,1.698,1.469,1.572,1.583,1.471,1.546,1.577,1.59
2025-07-22 20:58:51.224,1.584,1.582,1.698,1.47,1.575,1.583,1.47,1.546,1.577,1.59
2025-07-22 20:58:51.273,1.583,1.582,1.698,1.47,1.564,1.582,1.47,1.547,1.577,1.59
2025-07-22 20:58:51.324,1.583,1.582,1.698,1.47,1.571,1.584,1.47,1.546,1.577,1.59
2025-07-22 20:58:51.373,1.583,1.581,1.698,1.469,1.577,1.584,1.47,1.546,1.577,1.59
2025-07-22 20:58:51.423,1.584,1.581,1.697,1.469,1.572,1.585,1.471,1.547,1.577,1.59
2025-07-22 20:58:51.474,1.584,1.582,1.698,1.47,1.572,1.583,1.471,1.547,1.577,1.59
2025-07-22 20:58:51.523,1.583,1.582,1.698,1.469,1.577,1.583,1.471,1.546,1.577,1.59
2025-07-22 20:58:51.573,1.583,1.582,1.698,1.47,1.569,1.584,1.47,1.546,1.577,1.59
2025-07-22 20:58:51.624,1.584,1.581,1.697,1.469,1.575,1.583,1.47,1.546,1.578,1.59
2025-07-22 20:58:51.674,1.584,1.581,1.697,1.469,1.571,1.583,1.47,1.546,1.577,1.59
2025-07-22 20:58:51.724,1.583,1.582,1.698,1.469,1.57,1.584,1.47,1.546,1.577,1.59
2025-07-22 20:58:51.774,1.584,1.582,1.698,1.469,1.576,1.583,1.47,1.546,1.579,1.59
2025-07-22 20:58:51.824,1.583,1.581,1.698,1.47,1.573,1.582,1.47,1.546,1.577,1.59
2025-07-22 20:58:51.874,1.583,1.582,1.697,1.469,1.569,1.583,1.47,1.546,1.577,1.59
2025-07-22 20:58:51.923,1.583,1.581,1.698,1.469,1.565,1.583,1.472,1.546,1.578,1.59
2025-07-22 20:58:51.974,1.583,1.581,1.698,1.469,1.562,1.582,1.47,1.546,1.579,1.59
2025-07-22 20:58:52.024,1.584,1.581,1.697,1.47,1.573,1.583,1.47,1.546,1.579,1.59
2025-07-22 20:58:52.074,1.583,1.581,1.697,1.47,1.57,1.584,1.47,1.546,1.579,1.59
2025-07-22 20:58:52.124,1.583,1.581,1.698,1.469,1.577,1.583,1.47,1.545,1.58,1.59
2025-07-22 20:58:52.174,1.583,1.582,1.698,1.469,1.567,1.584,1.472,1.546,1.58,1.59
2025-07-22 20:58:52.223,1.584,1.582,1.697,1.469,1.567,1.584,1.47,1.546,1.58,1.59
2025-07-22 20:58:52.274,1.583,1.581,1.697,1.469,1.571,1.585,1.47,1.545,1.579,1.59
2025-07-22 20:58:52.324,1.583,1.582,1.698,1.469,1.574,1.583,1.47,1.546,1.58,1.59
2025-07-22 20:58:52.374,1.583,1.581,1.698,1.469,1.574,1.583,1.47,1.546,1.58,1.59
2025-07-22 20:58:52.423,1.584,1.58,1.697,1.47,1.569,1.583,1.47,1.545,1.58,1.59
2025-07-22 20:58:52.474,1.583,1.58,1.697,1.469,1.577,1.582,1.471,1.545,1.58,1.59
2025-07-22 20:58:52.524,1.582,1.582,1.698,1.469,1.573,1.584,1.47,1.545,1.579,1.59
2025-07-22 20:58:52.573,1.583,1.581,1.697,1.47,1.57,1.583,1.469,1.545,1.58,1.59
2025-07-22 20:58:52.624,1.582,1.581,1.698,1.469,1.574,1.583,1.47,1.545,1.58,1.59
2025-07-22 20:58:52.674,1.583,1.581,1.696,1.469,1.576,1.583,1.47,1.544,1.58,1.59
2025-07-22 20:58:52.724,1.583,1.581,1.697,1.469,1.574,1.582,1.47,1.545,1.58,1.59
2025-07-22 20:58:52.774,1.582,1.581,1.697,1.468,1.574,1.582,1.47,1.545,1.58,1.59
2025-07-22 20:58:52.824,1.582,1.581,1.697,1.469,1.571,1.582,1.47,1.544,1.58,1.59
2025-07-22 20:58:52.873,1.583,1.581,1.697,1.469,1.575,1.582,1.47,1.544,1.58,1.59
2025-07-22 20:58:52.923,1.583,1.581,1.696,1.47,1.564,1.582,1.47,1.545,1.58,1.59
2025-07-22 20:58:52.973,1.583,1.58,1.697,1.469,1.572,1.582,1.47,1.544,1.58,1.591
2025-07-22 20:58:53.023,1.582,1.581,1.696,1.469,1.573,1.583,1.47,1.544,1.58,1.59
2025-07-22 20:58:53.073,1.582,1.58,1.696,1.469,1.577,1.582,1.469,1.544,1.58,1.59
2025-07-22 20:58:53.124,1.582,1.58,1.697,1.469,1.574,1.583,1.47,1.545,1.579,1.59
2025-07-22 20:58:53.174,1.582,1.581,1.696,1.469,1.582,1.584,1.469,1.545,1.58,1.59
2025-07-22 20:58:53.224,1.583,1.58,1.696,1.469,1.572,1.582,1.47,1.544,1.58,1.59
2025-07-22 20:58:53.273,1.582,1.581,1.696,1.469,1.577,1.582,1.47,1.545,1.58,1.59
2025-07-22 20:58:53.323,1.582,1.58,1.697,1.469,1.577,1.582,1.47,1.545,1.58,1.591
2025-07-22 20:58:53.373,1.582,1.579,1.697,1.469,1.574,1.583,1.47,1.545,1.579,1.59
2025-07-22 20:58:53.423,1.583,1.58,1.696,1.469,1.573,1.582,1.47,1.544,1.58,1.59
2025-07-22 20:58:53.473,1.582,1.58,1.696,1.469,1.572,1.582,1.47,1.544,1.58,1.59
2025-07-22 20:58:53.524,1.582,1.58,1.696,1.47,1.572,1.582,1.47,1.546,1.58,1.59
2025-07-22 20:58:53.573,1.582,1.581,1.696,1.469,1.569,1.582,1.471,1.545,1.58,1.591
2025-07-22 20:58:53.624,1.582,1.578,1.696,1.469,1.571,1.582,1.469,1.545,1.581,1.59
2025-07-22 20:58:53.674,1.582,1.58,1.697,1.468,1.578,1.582,1.47,1.545,1.58,1.59
2025-07-22 20:58:53.724,1.582,1.579,1.696,1.469,1.573,1.582,1.47,1.545,1.58,1.59
2025-07-22 20:58:53.773,1.582,1.579,1.696,1.469,1.575,1.582,1.469,1.544,1.581,1.59
2025-07-22 20:58:53.824,1.582,1.58,1.696,1.469,1.572,1.582,1.468,1.544,1.58,1.59
2025-07-22 20:58:53.873,1.582,1.58,1.696,1.469,1.583,1.582,1.469,1.544,1.581,1.59
2025-07-22 20:58:53.924,1.582,1.578,1.695,1.469,1.572,1.582,1.47,1.546,1.58,1.59
2025-07-22 20:58:53.974,1.583,1.58,1.696,1.469,1.575,1.583,1.469,1.545,1.581,1.591
2025-07-22 20:58:54.023,1.582,1.581,1.697,1.468,1.572,1.583,1.47,1.545,1.581,1.59
2025-07-22 20:58:54.073,1.582,1.58,1.696,1.47,1.573,1.583,1.47,1.545,1.582,1.59
2025-07-22 20:58:54.124,1.582,1.58,1.697,1.469,1.571,1.583,1.47,1.545,1.582,1.591
2025-07-22 20:58:54.173,1.583,1.578,1.696,1.469,1.568,1.584,1.469,1.545,1.582,1.59
2025-07-22 20:58:54.224,1.584,1.58,1.697,1.47,1.572,1.583,1.47,1.546,1.582,1.591
2025-07-22 20:58:54.274,1.582,1.581,1.697,1.469,1.575,1.583,1.47,1.546,1.582,1.591
2025-07-22 20:58:54.323,1.583,1.58,1.698,1.469,1.575,1.583,1.47,1.546,1.582,1.591
2025-07-22 20:58:54.374,1.583,1.581,1.697,1.469,1.577,1.583,1.47,1.546,1.582,1.591
2025-07-22 20:58:54.424,1.584,1.581,1.697,1.469,1.571,1.583,1.47,1.546,1.582,1.591
2025-07-22 20:58:54.474,1.583,1.581,1.697,1.469,1.579,1.583,1.47,1.546,1.582,1.592
2025-07-22 20:58:54.524,1.584,1.581,1.697,1.469,1.572,1.583,1.47,1.546,1.582,1.592
2025-07-22 20:58:54.574,1.584,1.581,1.697,1.469,1.574,1.583,1.47,1.546,1.582,1.591
2025-07-22 20:58:54.623,1.583,1.581,1.697,1.469,1.577,1.583,1.47,1.546,1.582,1.592
2025-07-22 20:58:54.673,1.584,1.58,1.698,1.469,1.574,1.583,1.47,1.546,1.582,1.592
2025-07-22 20:58:54.724,1.584,1.582,1.698,1.469,1.572,1.583,1.47,1.546,1.582,1.592
2025-07-22 20:58:54.773,1.583,1.581,1.697,1.469,1.574,1.584,1.47,1.546,1.582,1.591
2025-07-22 20:58:54.823,1.584,1.582,1.698,1.469,1.575,1.583,1.471,1.545,1.582,1.592
2025-07-22 20:58:54.874,1.583,1.581,1.698,1.469,1.573,1.583,1.47,1.546,1.582,1.591
2025-07-22 20:58:54.924,1.584,1.581,1.698,1.469,1.579,1.583,1.47,1.545,1.582,1.592
2025-07-22 20:58:54.974,1.583,1.581,1.698,1.469,1.57,1.583,1.469,1.545,1.582,1.592
2025-07-22 20:58:55.023,1.583,1.581,1.698,1.469,1.573,1.583,1.47,1.546,1.583,1.592
=== 日志结束 2025/7/22 20:58:55 ===
